"command","provincia","comune","foglio","particella","subalterno","tipo_catasto","codice_fiscale","vista","sezione","source_files","scope_note"
"visura-storica","AL","ACQUI TERME","12","44","4","F","","analitica","","","PVP sales 1 (452288); Storica Analitica visura per immobile - Catasto Fabbricati."
"visura-storica","AL","ACQUI TERME","12","44","5","F","","analitica","","","PVP sales 1 (452288); Storica Analitica visura per immobile - Catasto Fabbricati."
"visura-storica","AL","ACQUI TERME","16","1165","2","F","","analitica","","","PVP sales 2 (295531,454610); Storica Analitica visura per immobile - Catasto Fabbricati."
"visura-storica","AL","ACQUI TERME","16","1165","7","F","","analitica","","","PVP sales 2 (295531,454610); Storica Analitica visura per immobile - Catasto Fabbricati."
"visura-storica","AL","ACQUI TERME","16","164","7","F","","analitica","","","PVP sales 1 (4409647); Storica Analitica visura per immobile - Catasto Fabbricati."
"visura-storica","AL","ACQUI TERME","16","164","9","F","","analitica","","","PVP sales 1 (4409647); Storica Analitica visura per immobile - Catasto Fabbricati."
"visura-storica","AL","ACQUI TERME","18","451","1","F","","analitica","","","PVP sales 1 (366424); Storica Analitica visura per immobile - Catasto Fabbricati."
"visura-storica","AL","ACQUI TERME","18","451","2","F","","analitica","","","PVP sales 1 (366424); Storica Analitica visura per immobile - Catasto Fabbricati."
"visura-storica","AL","ACQUI TERME","22","480","","F","","analitica","","","PVP sales 2 (347079,477017); Storica Analitica visura per immobile - Catasto Fabbricati."
"visura-storica","AL","ACQUI TERME","22","480","","T","","analitica","","","PVP sales 2 (347079,477017); Storica Analitica visura per immobile - Catasto Terreni."
"visura-storica","AL","ACQUI TERME","22","481","10","F","","analitica","","","PVP sales 2 (344996,473619); Storica Analitica visura per immobile - Catasto Fabbricati."
"visura-storica","AL","ACQUI TERME","22","481","25","F","","analitica","","","PVP sales 2 (345040,477006); Storica Analitica visura per immobile - Catasto Fabbricati."
"visura-storica","AL","ACQUI TERME","22","483","","F","","analitica","","","PVP sales 2 (347079,477017); Storica Analitica visura per immobile - Catasto Fabbricati."
"visura-storica","AL","ACQUI TERME","22","483","","T","","analitica","","","PVP sales 2 (347079,477017); Storica Analitica visura per immobile - Catasto Terreni."
"visura-storica","AL","ACQUI TERME","23","1744","3","F","","analitica","","","PVP sales 1 (1173538); Storica Analitica visura per immobile - Catasto Fabbricati."
"visura-storica","AL","ACQUI TERME","23","1823","","F","","analitica","","","PVP sales 1 (1173538); Storica Analitica visura per immobile - Catasto Fabbricati."
"visura-storica","AL","ACQUI TERME","23","1823","","T","","analitica","","","PVP sales 1 (1173538); Storica Analitica visura per immobile - Catasto Terreni."
"visura-storica","AL","ACQUI TERME","23","1840","12","F","","analitica","","","PVP sales 1 (503659); Storica Analitica visura per immobile - Catasto Fabbricati."
"visura-storica","AL","ACQUI TERME","23","1840","16","F","","analitica","","","PVP sales 1 (600123); Storica Analitica visura per immobile - Catasto Fabbricati."
"visura-storica","AL","ACQUI TERME","23","1840","19","F","","analitica","","","PVP sales 1 (503713); Storica Analitica visura per immobile - Catasto Fabbricati."
"visura-storica","AL","ACQUI TERME","23","1840","21","F","","analitica","","","PVP sales 1 (600928); Storica Analitica visura per immobile - Catasto Fabbricati."
"visura-storica","AL","ACQUI TERME","23","1875","44","F","","analitica","","","PVP sales 3 (4353821,4437837,4503440); Storica Analitica visura per immobile - Catasto Fabbricati."
"visura-storica","AL","ACQUI TERME","23","1875","45","F","","analitica","","","PVP sales 3 (4353858,4437849,4503410); Storica Analitica visura per immobile - Catasto Fabbricati."
"visura-storica","AL","ACQUI TERME","23","1875","46","F","","analitica","","","PVP sales 3 (4353903,4437842,4503445); Storica Analitica visura per immobile - Catasto Fabbricati."
"visura-storica","AL","ACQUI TERME","23","1875","47","F","","analitica","","","PVP sales 3 (4353931,4437869,4503447); Storica Analitica visura per immobile - Catasto Fabbricati."
"visura-storica","AL","ACQUI TERME","23","1875","49","F","","analitica","","","PVP sales 3 (4353936,4437862,4503464); Storica Analitica visura per immobile - Catasto Fabbricati."
"visura-storica","AL","ACQUI TERME","23","1875","56","F","","analitica","","","PVP sales 3 (4356353,4437783,4502579); Storica Analitica visura per immobile - Catasto Fabbricati."
"visura-storica","AL","ACQUI TERME","23","1875","57","F","","analitica","","","PVP sales 3 (4353771,4437789,4502605); Storica Analitica visura per immobile - Catasto Fabbricati."
"visura-storica","AL","ACQUI TERME","23","1875","61","F","","analitica","","","PVP sales 2 (4353773,4437813); Storica Analitica visura per immobile - Catasto Fabbricati."
"visura-storica","AL","ACQUI TERME","23","1875","62","F","","analitica","","","PVP sales 2 (4353808,4437817); Storica Analitica visura per immobile - Catasto Fabbricati."
"visura-storica","AL","ACQUI TERME","23","1875","63","F","","analitica","","","PVP sales 3 (4353814,4437827,4502620); Storica Analitica visura per immobile - Catasto Fabbricati."
"visura-storica","AL","ACQUI TERME","23","199","3","F","","analitica","","","PVP sales 1 (1700961); Storica Analitica visura per immobile - Catasto Fabbricati."
"visura-storica","AL","ACQUI TERME","23","199","7","F","","analitica","","","PVP sales 1 (1701028); Storica Analitica visura per immobile - Catasto Fabbricati."
"visura-storica","AL","ACQUI TERME","23","2006","10","F","","analitica","","","PVP sales 1 (2109072); Storica Analitica visura per immobile - Catasto Fabbricati."
"visura-storica","AL","ACQUI TERME","23","2006","11","F","","analitica","","","PVP sales 1 (2109072); Storica Analitica visura per immobile - Catasto Fabbricati."
"visura-storica","AL","ACQUI TERME","23","2006","12","F","","analitica","","","PVP sales 1 (2109072); Storica Analitica visura per immobile - Catasto Fabbricati."
"visura-storica","AL","ACQUI TERME","23","2006","13","F","","analitica","","","PVP sales 1 (2109072); Storica Analitica visura per immobile - Catasto Fabbricati."
"visura-storica","AL","ACQUI TERME","23","2006","14","F","","analitica","","","PVP sales 1 (2109072); Storica Analitica visura per immobile - Catasto Fabbricati."
"visura-storica","AL","ACQUI TERME","23","2006","17","F","","analitica","","","PVP sales 1 (2109072); Storica Analitica visura per immobile - Catasto Fabbricati."
"visura-storica","AL","ACQUI TERME","23","2006","18","F","","analitica","","","PVP sales 1 (2109072); Storica Analitica visura per immobile - Catasto Fabbricati."
"visura-storica","AL","ACQUI TERME","23","2006","4","F","","analitica","","","PVP sales 1 (2109072); Storica Analitica visura per immobile - Catasto Fabbricati."
"visura-storica","AL","ACQUI TERME","23","2006","5","F","","analitica","","","PVP sales 1 (2109072); Storica Analitica visura per immobile - Catasto Fabbricati."
"visura-storica","AL","ACQUI TERME","23","2006","6","F","","analitica","","","PVP sales 1 (2109072); Storica Analitica visura per immobile - Catasto Fabbricati."
"visura-storica","AL","ACQUI TERME","23","2006","7","F","","analitica","","","PVP sales 1 (2109072); Storica Analitica visura per immobile - Catasto Fabbricati."
"visura-storica","AL","ACQUI TERME","23","2006","8","F","","analitica","","","PVP sales 1 (2109072); Storica Analitica visura per immobile - Catasto Fabbricati."
"visura-storica","AL","ACQUI TERME","23","2006","9","F","","analitica","","","PVP sales 1 (2109072); Storica Analitica visura per immobile - Catasto Fabbricati."
"visura-storica","AL","ACQUI TERME","23","2007","","F","","analitica","","","PVP sales 1 (2109072); Storica Analitica visura per immobile - Catasto Fabbricati."
"visura-storica","AL","ACQUI TERME","23","2007","","T","","analitica","","","PVP sales 1 (2109072); Storica Analitica visura per immobile - Catasto Terreni."
"visura-storica","AL","ACQUI TERME","23","2008","","F","","analitica","","","PVP sales 1 (2109072); Storica Analitica visura per immobile - Catasto Fabbricati."
"visura-storica","AL","ACQUI TERME","23","2008","","T","","analitica","","","PVP sales 1 (2109072); Storica Analitica visura per immobile - Catasto Terreni."
"visura-storica","AL","ACQUI TERME","23","742","24","F","","analitica","","","PVP sales 1 (2176910); Storica Analitica visura per immobile - Catasto Fabbricati."
"visura-storica","AL","ACQUI TERME","23","742","9","F","","analitica","","","PVP sales 1 (2176910); Storica Analitica visura per immobile - Catasto Fabbricati."
"visura-storica","AL","ACQUI TERME","23","970","37","F","","analitica","","","PVP sales 1 (4255332); Storica Analitica visura per immobile - Catasto Fabbricati."
"visura-storica","AL","ACQUI TERME","26","1616","","F","","analitica","","","PVP sales 2 (334682,598032); Storica Analitica visura per immobile - Catasto Fabbricati."
"visura-storica","AL","ACQUI TERME","26","1616","","T","","analitica","","","PVP sales 2 (334682,598032); Storica Analitica visura per immobile - Catasto Terreni."
"visura-storica","AL","ACQUI TERME","26","164","7","F","","analitica","","","PVP sales 1 (4267847); Storica Analitica visura per immobile - Catasto Fabbricati."
"visura-storica","AL","ACQUI TERME","26","1701","","F","","analitica","","","PVP sales 1 (946920); Storica Analitica visura per immobile - Catasto Fabbricati."
"visura-storica","AL","ACQUI TERME","26","1701","","T","","analitica","","","PVP sales 1 (946920); Storica Analitica visura per immobile - Catasto Terreni."
"visura-storica","AL","ACQUI TERME","26","1701","17","F","","analitica","","","PVP sales 2 (334682,598032); Storica Analitica visura per immobile - Catasto Fabbricati."
"visura-storica","AL","ACQUI TERME","26","1701","38","F","","analitica","","","PVP sales 2 (906588,984057); Storica Analitica visura per immobile - Catasto Fabbricati."
"visura-storica","AL","ACQUI TERME","26","173","4","F","","analitica","","","PVP sales 3 (4420358,4485677,4541564); Storica Analitica visura per immobile - Catasto Fabbricati."
"visura-storica","AL","ACQUI TERME","26","173","5","F","","analitica","","","PVP sales 3 (4420358,4485677,4541564); Storica Analitica visura per immobile - Catasto Fabbricati."
"visura-storica","AL","ACQUI TERME","26","173","6","F","","analitica","","","PVP sales 3 (4420358,4485677,4541564); Storica Analitica visura per immobile - Catasto Fabbricati."
"visura-storica","AL","ACQUI TERME","26","175","","F","","analitica","","","PVP sales 2 (4420693,4485695); Storica Analitica visura per immobile - Catasto Fabbricati."
"visura-storica","AL","ACQUI TERME","26","175","","T","","analitica","","","PVP sales 2 (4420693,4485695); Storica Analitica visura per immobile - Catasto Terreni."
"visura-storica","AL","ACQUI TERME","26","453","","F","","analitica","","","PVP sales 2 (4420693,4485695); Storica Analitica visura per immobile - Catasto Fabbricati."
"visura-storica","AL","ACQUI TERME","26","453","","T","","analitica","","","PVP sales 2 (4420693,4485695); Storica Analitica visura per immobile - Catasto Terreni."
"visura-storica","AL","ACQUI TERME","26","454","","F","","analitica","","","PVP sales 2 (4420693,4485695); Storica Analitica visura per immobile - Catasto Fabbricati."
"visura-storica","AL","ACQUI TERME","26","454","","T","","analitica","","","PVP sales 2 (4420693,4485695); Storica Analitica visura per immobile - Catasto Terreni."
"visura-storica","AL","ACQUI TERME","26","458","","F","","analitica","","","PVP sales 2 (4420693,4485695); Storica Analitica visura per immobile - Catasto Fabbricati."
"visura-storica","AL","ACQUI TERME","26","458","","T","","analitica","","","PVP sales 2 (4420693,4485695); Storica Analitica visura per immobile - Catasto Terreni."
"visura-storica","AL","ACQUI TERME","26","459","","F","","analitica","","","PVP sales 2 (4420693,4485695); Storica Analitica visura per immobile - Catasto Fabbricati."
"visura-storica","AL","ACQUI TERME","26","459","","T","","analitica","","","PVP sales 2 (4420693,4485695); Storica Analitica visura per immobile - Catasto Terreni."
"visura-storica","AL","ACQUI TERME","26","461","","F","","analitica","","","PVP sales 2 (4420693,4485695); Storica Analitica visura per immobile - Catasto Fabbricati."
"visura-storica","AL","ACQUI TERME","26","461","","T","","analitica","","","PVP sales 2 (4420693,4485695); Storica Analitica visura per immobile - Catasto Terreni."
"visura-storica","AL","ACQUI TERME","26","462","","F","","analitica","","","PVP sales 2 (4420693,4485695); Storica Analitica visura per immobile - Catasto Fabbricati."
"visura-storica","AL","ACQUI TERME","26","462","","T","","analitica","","","PVP sales 2 (4420693,4485695); Storica Analitica visura per immobile - Catasto Terreni."
"visura-storica","AL","ACQUI TERME","26","463","","F","","analitica","","","PVP sales 2 (4420693,4485695); Storica Analitica visura per immobile - Catasto Fabbricati."
"visura-storica","AL","ACQUI TERME","26","463","","T","","analitica","","","PVP sales 2 (4420693,4485695); Storica Analitica visura per immobile - Catasto Terreni."
"visura-storica","AL","ACQUI TERME","26","464","","F","","analitica","","","PVP sales 2 (4420693,4485695); Storica Analitica visura per immobile - Catasto Fabbricati."
"visura-storica","AL","ACQUI TERME","26","464","","T","","analitica","","","PVP sales 2 (4420693,4485695); Storica Analitica visura per immobile - Catasto Terreni."
"visura-storica","AL","ACQUI TERME","26","466","","F","","analitica","","","PVP sales 2 (4420693,4485695); Storica Analitica visura per immobile - Catasto Fabbricati."
"visura-storica","AL","ACQUI TERME","26","466","","T","","analitica","","","PVP sales 2 (4420693,4485695); Storica Analitica visura per immobile - Catasto Terreni."
"visura-storica","AL","ACQUI TERME","26","467","","F","","analitica","","","PVP sales 2 (4420693,4485695); Storica Analitica visura per immobile - Catasto Fabbricati."
"visura-storica","AL","ACQUI TERME","26","467","","T","","analitica","","","PVP sales 2 (4420693,4485695); Storica Analitica visura per immobile - Catasto Terreni."
"visura-storica","AL","ACQUI TERME","26","468","","F","","analitica","","","PVP sales 2 (4420693,4485695); Storica Analitica visura per immobile - Catasto Fabbricati."
"visura-storica","AL","ACQUI TERME","26","468","","T","","analitica","","","PVP sales 2 (4420693,4485695); Storica Analitica visura per immobile - Catasto Terreni."
"visura-storica","AL","ACQUI TERME","26","469","","F","","analitica","","","PVP sales 2 (4420693,4485695); Storica Analitica visura per immobile - Catasto Fabbricati."
"visura-storica","AL","ACQUI TERME","26","469","","T","","analitica","","","PVP sales 2 (4420693,4485695); Storica Analitica visura per immobile - Catasto Terreni."
"visura-storica","AL","ACQUI TERME","26","574","11","F","","analitica","","","PVP sales 1 (4533512); Storica Analitica visura per immobile - Catasto Fabbricati."
"visura-storica","AL","ACQUI TERME","26","620","18","F","","analitica","","","PVP sales 1 (1553518); Storica Analitica visura per immobile - Catasto Fabbricati."
"visura-storica","AL","ACQUI TERME","26","623","","F","","analitica","","","PVP sales 2 (4420693,4485695); Storica Analitica visura per immobile - Catasto Fabbricati."
"visura-storica","AL","ACQUI TERME","26","623","","T","","analitica","","","PVP sales 2 (4420693,4485695); Storica Analitica visura per immobile - Catasto Terreni."
"visura-storica","AL","ACQUI TERME","26","624","","F","","analitica","","","PVP sales 2 (4420693,4485695); Storica Analitica visura per immobile - Catasto Fabbricati."
"visura-storica","AL","ACQUI TERME","26","624","","T","","analitica","","","PVP sales 2 (4420693,4485695); Storica Analitica visura per immobile - Catasto Terreni."
"visura-storica","AL","ACQUI TERME","26","625","","F","","analitica","","","PVP sales 2 (4420693,4485695); Storica Analitica visura per immobile - Catasto Fabbricati."
"visura-storica","AL","ACQUI TERME","26","625","","T","","analitica","","","PVP sales 2 (4420693,4485695); Storica Analitica visura per immobile - Catasto Terreni."
"visura-storica","AL","ACQUI TERME","26","977","","F","","analitica","","","PVP sales 2 (4420693,4485695); Storica Analitica visura per immobile - Catasto Fabbricati."
"visura-storica","AL","ACQUI TERME","26","977","","T","","analitica","","","PVP sales 2 (4420693,4485695); Storica Analitica visura per immobile - Catasto Terreni."
"visura-storica","AL","ACQUI TERME","26","978","","F","","analitica","","","PVP sales 2 (4420693,4485695); Storica Analitica visura per immobile - Catasto Fabbricati."
"visura-storica","AL","ACQUI TERME","26","978","","T","","analitica","","","PVP sales 2 (4420693,4485695); Storica Analitica visura per immobile - Catasto Terreni."
"visura-storica","AL","ACQUI TERME","28","107","","F","","analitica","","","PVP sales 1 (807335); Storica Analitica visura per immobile - Catasto Fabbricati."
"visura-storica","AL","ACQUI TERME","28","107","","T","","analitica","","","PVP sales 1 (807335); Storica Analitica visura per immobile - Catasto Terreni."
"visura-storica","AL","ACQUI TERME","28","234","54","F","","analitica","","","PVP sales 1 (2216650); Storica Analitica visura per immobile - Catasto Fabbricati."
"visura-storica","AL","ACQUI TERME","28","243","46","F","","analitica","","","PVP sales 1 (966439); Storica Analitica visura per immobile - Catasto Fabbricati."
"visura-storica","AL","ACQUI TERME","28","455","13","F","","analitica","","","PVP sales 1 (2143503); Storica Analitica visura per immobile - Catasto Fabbricati."
"visura-storica","AL","ACQUI TERME","28","455","37","F","","analitica","","","PVP sales 1 (2143503); Storica Analitica visura per immobile - Catasto Fabbricati."
"visura-storica","AL","ACQUI TERME","28","455","38","F","","analitica","","","PVP sales 1 (1991399); Storica Analitica visura per immobile - Catasto Fabbricati."
"visura-storica","AL","ACQUI TERME","29","430","17","F","","analitica","","","PVP sales 2 (473671,686453); Storica Analitica visura per immobile - Catasto Fabbricati."
"visura-storica","AL","ACQUI TERME","29","474","2","F","","analitica","","","PVP sales 1 (1647559); Storica Analitica visura per immobile - Catasto Fabbricati."
"visura-storica","AL","ACQUI TERME","29","618","","F","","analitica","","","PVP sales 1 (2061630); Storica Analitica visura per immobile - Catasto Fabbricati."
"visura-storica","AL","ACQUI TERME","29","618","","T","","analitica","","","PVP sales 1 (2061630); Storica Analitica visura per immobile - Catasto Terreni."
"visura-storica","AL","ACQUI TERME","29","618","14","F","","analitica","","","PVP sales 2 (2102550,2131607); Storica Analitica visura per immobile - Catasto Fabbricati."
"visura-storica","AL","ACQUI TERME","29","618","18","F","","analitica","","","PVP sales 2 (2102558,2131684); Storica Analitica visura per immobile - Catasto Fabbricati."
"visura-storica","AL","ACQUI TERME","29","618","24","F","","analitica","","","PVP sales 2 (2102580,2131697); Storica Analitica visura per immobile - Catasto Fabbricati."
"visura-storica","AL","ACQUI TERME","29","618","25","F","","analitica","","","PVP sales 3 (2102589,2131721,2181833); Storica Analitica visura per immobile - Catasto Fabbricati."
"visura-storica","AL","ACQUI TERME","29","618","55","F","","analitica","","","PVP sales 3 (2102589,2131721,2181833); Storica Analitica visura per immobile - Catasto Fabbricati."
"visura-storica","AL","ACQUI TERME","29","618","7","F","","analitica","","","PVP sales 3 (2070066,2131544,2181828); Storica Analitica visura per immobile - Catasto Fabbricati."
"visura-storica","AL","ACQUI TERME","29","618","77","F","","analitica","","","PVP sales 3 (2070066,2131544,2181828); Storica Analitica visura per immobile - Catasto Fabbricati."
"visura-storica","AL","ACQUI TERME","29","618","78","F","","analitica","","","PVP sales 2 (2102580,2131697); Storica Analitica visura per immobile - Catasto Fabbricati."
"visura-storica","AL","ACQUI TERME","29","618","79","F","","analitica","","","PVP sales 2 (2102550,2131607); Storica Analitica visura per immobile - Catasto Fabbricati."
"visura-storica","AL","ACQUI TERME","29","618","80","F","","analitica","","","PVP sales 2 (2102558,2131684); Storica Analitica visura per immobile - Catasto Fabbricati."
"visura-storica","AL","ACQUI TERME","29","666","19","F","","analitica","","","PVP sales 1 (1647559); Storica Analitica visura per immobile - Catasto Fabbricati."
"visura-storica","AL","ACQUI TERME","29","699","104","F","","analitica","","","PVP sales 1 (291942); Storica Analitica visura per immobile - Catasto Fabbricati."
"visura-storica","AL","ACQUI TERME","29","699","59","F","","analitica","","","PVP sales 1 (291942); Storica Analitica visura per immobile - Catasto Fabbricati."
"visura-storica","AL","ACQUI TERME","29","699","71","F","","analitica","","","PVP sales 1 (291942); Storica Analitica visura per immobile - Catasto Fabbricati."
"visura-storica","AL","ACQUI TERME","3","59","","F","","analitica","","","PVP sales 1 (4225733); Storica Analitica visura per immobile - Catasto Fabbricati."
"visura-storica","AL","ACQUI TERME","3","59","","T","","analitica","","","PVP sales 1 (4225733); Storica Analitica visura per immobile - Catasto Terreni."
"visura-storica","AL","ACQUI TERME","30","167","1","F","","analitica","","","PVP sales 1 (2216602); Storica Analitica visura per immobile - Catasto Fabbricati."
"visura-storica","AL","ACQUI TERME","30","167","2","F","","analitica","","","PVP sales 1 (2216602); Storica Analitica visura per immobile - Catasto Fabbricati."
"visura-storica","AL","ACQUI TERME","30","241","71","F","","analitica","","","PVP sales 1 (1468501); Storica Analitica visura per immobile - Catasto Fabbricati."
"visura-storica","AL","ACQUI TERME","30","241","72","F","","analitica","","","PVP sales 1 (1468430); Storica Analitica visura per immobile - Catasto Fabbricati."
"visura-storica","AL","ACQUI TERME","31","624","1","F","","analitica","","","PVP sales 1 (769899); Storica Analitica visura per immobile - Catasto Fabbricati."
"visura-storica","AL","ACQUI TERME","31","624","2","F","","analitica","","","PVP sales 1 (769899); Storica Analitica visura per immobile - Catasto Fabbricati."
"visura-storica","AL","ACQUI TERME","31","625","","F","","analitica","","","PVP sales 1 (769899); Storica Analitica visura per immobile - Catasto Fabbricati."
"visura-storica","AL","ACQUI TERME","31","625","","T","","analitica","","","PVP sales 1 (769899); Storica Analitica visura per immobile - Catasto Terreni."
"visura-storica","AL","ACQUI TERME","32","254","","F","","analitica","","","PVP sales 1 (632087); Storica Analitica visura per immobile - Catasto Fabbricati."
"visura-storica","AL","ACQUI TERME","32","254","","T","","analitica","","","PVP sales 1 (632087); Storica Analitica visura per immobile - Catasto Terreni."
"visura-storica","AL","ACQUI TERME","32","307","","F","","analitica","","","PVP sales 1 (632087); Storica Analitica visura per immobile - Catasto Fabbricati."
"visura-storica","AL","ACQUI TERME","32","307","","T","","analitica","","","PVP sales 1 (632087); Storica Analitica visura per immobile - Catasto Terreni."
"visura-storica","AL","ACQUI TERME","32","308","","F","","analitica","","","PVP sales 1 (632087); Storica Analitica visura per immobile - Catasto Fabbricati."
"visura-storica","AL","ACQUI TERME","32","308","","T","","analitica","","","PVP sales 1 (632087); Storica Analitica visura per immobile - Catasto Terreni."
"visura-storica","AL","ACQUI TERME","32","326","","F","","analitica","","","PVP sales 1 (632087); Storica Analitica visura per immobile - Catasto Fabbricati."
"visura-storica","AL","ACQUI TERME","32","326","","T","","analitica","","","PVP sales 1 (632087); Storica Analitica visura per immobile - Catasto Terreni."
"visura-storica","AL","ACQUI TERME","32","328","","F","","analitica","","","PVP sales 1 (632087); Storica Analitica visura per immobile - Catasto Fabbricati."
"visura-storica","AL","ACQUI TERME","32","328","","T","","analitica","","","PVP sales 1 (632087); Storica Analitica visura per immobile - Catasto Terreni."
"visura-storica","AL","ACQUI TERME","32","331","","F","","analitica","","","PVP sales 1 (632087); Storica Analitica visura per immobile - Catasto Fabbricati."
"visura-storica","AL","ACQUI TERME","32","331","","T","","analitica","","","PVP sales 1 (632087); Storica Analitica visura per immobile - Catasto Terreni."
"visura-storica","AL","ACQUI TERME","32","90","","F","","analitica","","","PVP sales 1 (632087); Storica Analitica visura per immobile - Catasto Fabbricati."
"visura-storica","AL","ACQUI TERME","32","90","","T","","analitica","","","PVP sales 1 (632087); Storica Analitica visura per immobile - Catasto Terreni."
"visura-storica","AL","ACQUI TERME","4","391","","F","","analitica","","","PVP sales 3 (264868,361883,440866); Storica Analitica visura per immobile - Catasto Fabbricati."
"visura-storica","AL","ACQUI TERME","4","391","","T","","analitica","","","PVP sales 3 (264868,361883,440866); Storica Analitica visura per immobile - Catasto Terreni."
"visura-storica","AL","ACQUI TERME","4","391","12","F","","analitica","","","PVP sales 3 (264868,361883,440866); Storica Analitica visura per immobile - Catasto Fabbricati."
"visura-storica","AL","ACQUI TERME","4","391","27","F","","analitica","","","PVP sales 3 (264868,361883,440866); Storica Analitica visura per immobile - Catasto Fabbricati."
"visura-storica","AL","ACQUI TERME","4","391","29","F","","analitica","","","PVP sales 3 (264868,361883,440866); Storica Analitica visura per immobile - Catasto Fabbricati."
"visura-storica","AL","ACQUI TERME","4","391","45","F","","analitica","","","PVP sales 3 (264868,361883,440866); Storica Analitica visura per immobile - Catasto Fabbricati."
"visura-storica","AL","ACQUI TERME","4","391","46","F","","analitica","","","PVP sales 3 (264868,361883,440866); Storica Analitica visura per immobile - Catasto Fabbricati."
"visura-storica","AL","ACQUI TERME","41","98","6","F","","analitica","","","PVP sales 1 (2038897); Storica Analitica visura per immobile - Catasto Fabbricati."
"visura-storica","AL","ACQUI TERME","7","514","","F","","analitica","","","PVP sales 1 (2260987); Storica Analitica visura per immobile - Catasto Fabbricati."
"visura-storica","AL","ACQUI TERME","7","514","","T","","analitica","","","PVP sales 1 (2260987); Storica Analitica visura per immobile - Catasto Terreni."
"visura-storica","AL","ACQUI TERME","9","76","5","F","","analitica","","","PVP sales 1 (290061); Storica Analitica visura per immobile - Catasto Fabbricati."
"visura-storica","AL","ACQUI TERME","9","76","6","F","","analitica","","","PVP sales 1 (290061); Storica Analitica visura per immobile - Catasto Fabbricati."
"visura-storica","AL","ACQUI TERME","9","76","7","F","","analitica","","","PVP sales 1 (290061); Storica Analitica visura per immobile - Catasto Fabbricati."
"visura-storica","AL","ALBERA LIGURE","16","264","","F","","analitica","","","PVP sales 1 (2060386); Storica Analitica visura per immobile - Catasto Fabbricati."
"visura-storica","AL","ALBERA LIGURE","16","264","","T","","analitica","","","PVP sales 1 (2060386); Storica Analitica visura per immobile - Catasto Terreni."
"visura-storica","AL","ALBERA LIGURE","16","337","7","F","","analitica","","","PVP sales 2 (1894118,2060386); Storica Analitica visura per immobile - Catasto Fabbricati."
"visura-storica","AL","ALBERA LIGURE","16","343","","F","","analitica","","","PVP sales 2 (1894118,2060386); Storica Analitica visura per immobile - Catasto Fabbricati."
"visura-storica","AL","ALBERA LIGURE","16","343","","T","","analitica","","","PVP sales 2 (1894118,2060386); Storica Analitica visura per immobile - Catasto Terreni."
"visura-storica","AL","ALBERA LIGURE","16","344","","F","","analitica","","","PVP sales 2 (1894118,2060386); Storica Analitica visura per immobile - Catasto Fabbricati."
"visura-storica","AL","ALBERA LIGURE","16","344","","T","","analitica","","","PVP sales 2 (1894118,2060386); Storica Analitica visura per immobile - Catasto Terreni."
"visura-storica","AL","ALBERA LIGURE","16","346","","F","","analitica","","","PVP sales 2 (1894118,2060386); Storica Analitica visura per immobile - Catasto Fabbricati."
"visura-storica","AL","ALBERA LIGURE","16","346","","T","","analitica","","","PVP sales 2 (1894118,2060386); Storica Analitica visura per immobile - Catasto Terreni."
"visura-storica","AL","ALBERA LIGURE","16","364","","F","","analitica","","","PVP sales 1 (1894118); Storica Analitica visura per immobile - Catasto Fabbricati."
"visura-storica","AL","ALBERA LIGURE","16","364","","T","","analitica","","","PVP sales 1 (1894118); Storica Analitica visura per immobile - Catasto Terreni."
"visura-storica","AL","ALBERA LIGURE","16","558","","F","","analitica","","","PVP sales 2 (1894118,2060386); Storica Analitica visura per immobile - Catasto Fabbricati."
"visura-storica","AL","ALBERA LIGURE","16","558","","T","","analitica","","","PVP sales 2 (1894118,2060386); Storica Analitica visura per immobile - Catasto Terreni."
"visura-storica","AL","ALBERA LIGURE","16","683","","F","","analitica","","","PVP sales 1 (2060386); Storica Analitica visura per immobile - Catasto Fabbricati."
"visura-storica","AL","ALBERA LIGURE","16","683","","T","","analitica","","","PVP sales 1 (2060386); Storica Analitica visura per immobile - Catasto Terreni."
"visura-storica","AL","ALBERA LIGURE","16","683","7","F","","analitica","","","PVP sales 1 (1894118); Storica Analitica visura per immobile - Catasto Fabbricati."
"visura-storica","AL","ALESSANDRIA","1","314","17","F","","analitica","","","PVP sales 3 (2089524,2174896,4213110); Storica Analitica visura per immobile - Catasto Fabbricati."
"visura-storica","AL","ALESSANDRIA","10","100","","F","","analitica","","","PVP sales 1 (1999841); Storica Analitica visura per immobile - Catasto Fabbricati."
"visura-storica","AL","ALESSANDRIA","10","100","","T","","analitica","","","PVP sales 1 (1999841); Storica Analitica visura per immobile - Catasto Terreni."
"visura-storica","AL","ALESSANDRIA","10","242","","F","","analitica","","","PVP sales 1 (1999841); Storica Analitica visura per immobile - Catasto Fabbricati."
"visura-storica","AL","ALESSANDRIA","10","242","","T","","analitica","","","PVP sales 1 (1999841); Storica Analitica visura per immobile - Catasto Terreni."
"visura-storica","AL","ALESSANDRIA","10","72","","F","","analitica","","","PVP sales 3 (427869,601052,748601); Storica Analitica visura per immobile - Catasto Fabbricati."
"visura-storica","AL","ALESSANDRIA","10","72","","T","","analitica","","","PVP sales 3 (427869,601052,748601); Storica Analitica visura per immobile - Catasto Terreni."
"visura-storica","AL","ALESSANDRIA","10","810","","F","","analitica","","","PVP sales 2 (601052,748601); Storica Analitica visura per immobile - Catasto Fabbricati."
"visura-storica","AL","ALESSANDRIA","10","810","","T","","analitica","","","PVP sales 2 (601052,748601); Storica Analitica visura per immobile - Catasto Terreni."
"visura-storica","AL","ALESSANDRIA","10","971","","F","","analitica","","","PVP sales 1 (351243); Storica Analitica visura per immobile - Catasto Fabbricati."
"visura-storica","AL","ALESSANDRIA","10","971","","T","","analitica","","","PVP sales 1 (351243); Storica Analitica visura per immobile - Catasto Terreni."
"visura-storica","AL","ALESSANDRIA","10","971","1","F","","analitica","","","PVP sales 1 (351243); Storica Analitica visura per immobile - Catasto Fabbricati."
"visura-storica","AL","ALESSANDRIA","10","971","6","F","","analitica","","","PVP sales 1 (351243); Storica Analitica visura per immobile - Catasto Fabbricati."
"visura-storica","AL","ALESSANDRIA","100","352","","F","","analitica","","","PVP sales 1 (4514112); Storica Analitica visura per immobile - Catasto Fabbricati."
"visura-storica","AL","ALESSANDRIA","100","352","","T","","analitica","","","PVP sales 1 (4514112); Storica Analitica visura per immobile - Catasto Terreni."
"visura-storica","AL","ALESSANDRIA","100","352","13","F","","analitica","","","PVP sales 3 (4392313,4463577,4514202); Storica Analitica visura per immobile - Catasto Fabbricati."
"visura-storica","AL","ALESSANDRIA","100","352","23","F","","analitica","","","PVP sales 3 (4392313,4463577,4514202); Storica Analitica visura per immobile - Catasto Fabbricati."
"visura-storica","AL","ALESSANDRIA","100","352","24","F","","analitica","","","PVP sales 3 (4392313,4463577,4514202); Storica Analitica visura per immobile - Catasto Fabbricati."
"visura-storica","AL","ALESSANDRIA","100","352","25","F","","analitica","","","PVP sales 3 (4392313,4463577,4514202); Storica Analitica visura per immobile - Catasto Fabbricati."
"visura-storica","AL","ALESSANDRIA","100","352","29","F","","analitica","","","PVP sales 3 (4392313,4463577,4514202); Storica Analitica visura per immobile - Catasto Fabbricati."
"visura-storica","AL","ALESSANDRIA","100","352","31","F","","analitica","","","PVP sales 3 (4392313,4463577,4514202); Storica Analitica visura per immobile - Catasto Fabbricati."
"visura-storica","AL","ALESSANDRIA","100","352","42","F","","analitica","","","PVP sales 3 (4392313,4463577,4514202); Storica Analitica visura per immobile - Catasto Fabbricati."
"visura-storica","AL","ALESSANDRIA","100","352","43","F","","analitica","","","PVP sales 3 (4392313,4463577,4514202); Storica Analitica visura per immobile - Catasto Fabbricati."
"visura-storica","AL","ALESSANDRIA","100","352","60","F","","analitica","","","PVP sales 2 (4392359,4463602); Storica Analitica visura per immobile - Catasto Fabbricati."
"visura-storica","AL","ALESSANDRIA","100","352","612","F","","analitica","","","PVP sales 2 (4392359,4463602); Storica Analitica visura per immobile - Catasto Fabbricati."
"visura-storica","AL","ALESSANDRIA","100","352","62","F","","analitica","","","PVP sales 3 (4392313,4463577,4514202); Storica Analitica visura per immobile - Catasto Fabbricati."
"visura-storica","AL","ALESSANDRIA","100","352","63","F","","analitica","","","PVP sales 3 (4392313,4463577,4514202); Storica Analitica visura per immobile - Catasto Fabbricati."
"visura-storica","AL","ALESSANDRIA","100","352","64","F","","analitica","","","PVP sales 3 (4392313,4463577,4514202); Storica Analitica visura per immobile - Catasto Fabbricati."
"visura-storica","AL","ALESSANDRIA","100","540","","F","","analitica","","","PVP sales 1 (2259399); Storica Analitica visura per immobile - Catasto Fabbricati."
"visura-storica","AL","ALESSANDRIA","100","540","","T","","analitica","","","PVP sales 1 (2259399); Storica Analitica visura per immobile - Catasto Terreni."
"visura-storica","AL","ALESSANDRIA","100","543","","F","","analitica","","","PVP sales 1 (2259399); Storica Analitica visura per immobile - Catasto Fabbricati."
"visura-storica","AL","ALESSANDRIA","100","543","","T","","analitica","","","PVP sales 1 (2259399); Storica Analitica visura per immobile - Catasto Terreni."
"visura-storica","AL","ALESSANDRIA","107","711","48","F","","analitica","","","PVP sales 1 (969996); Storica Analitica visura per immobile - Catasto Fabbricati."
"visura-storica","AL","ALESSANDRIA","109","1094","17","F","","analitica","","","PVP sales 1 (1143968); Storica Analitica visura per immobile - Catasto Fabbricati."
"visura-storica","AL","ALESSANDRIA","109","1094","18","F","","analitica","","","PVP sales 1 (1143968); Storica Analitica visura per immobile - Catasto Fabbricati."
"visura-storica","AL","ALESSANDRIA","109","145","5","F","","analitica","","","PVP sales 1 (4499610); Storica Analitica visura per immobile - Catasto Fabbricati."
"visura-storica","AL","ALESSANDRIA","109","320","28","F","","analitica","","","PVP sales 1 (965881); Storica Analitica visura per immobile - Catasto Fabbricati."
"visura-storica","AL","ALESSANDRIA","109","320","40","F","","analitica","","","PVP sales 1 (473449); Storica Analitica visura per immobile - Catasto Fabbricati."
"visura-storica","AL","ALESSANDRIA","109","485","5","F","","analitica","","","PVP sales 1 (2185464); Storica Analitica visura per immobile - Catasto Fabbricati."
"visura-storica","AL","ALESSANDRIA","109","485","6","F","","analitica","","","PVP sales 2 (2185464,2185477); Storica Analitica visura per immobile - Catasto Fabbricati."
"visura-storica","AL","ALESSANDRIA","109","652","20","F","","analitica","","","PVP sales 4 (2120853,2209637,4254937,4396654); Storica Analitica visura per immobile - Catasto Fabbricati."
"visura-storica","AL","ALESSANDRIA","109","656","14","F","","analitica","","","PVP sales 1 (961844); Storica Analitica visura per immobile - Catasto Fabbricati."
"visura-storica","AL","ALESSANDRIA","109","679","5","F","","analitica","","","PVP sales 1 (2185477); Storica Analitica visura per immobile - Catasto Fabbricati."
"visura-storica","AL","ALESSANDRIA","109","711","","F","","analitica","","","PVP sales 1 (1477543); Storica Analitica visura per immobile - Catasto Fabbricati."
"visura-storica","AL","ALESSANDRIA","109","711","36","F","","analitica","","","PVP sales 4 (472234,911675,972811,1478340); Storica Analitica visura per immobile - Catasto Fabbricati."
"visura-storica","AL","ALESSANDRIA","109","711","37","F","","analitica","","","PVP sales 5 (473417,772667,908406,1475841,1600120); Storica Analitica visura per immobile - Catasto Fabbricati."
"visura-storica","AL","ALESSANDRIA","109","711","38","F","","analitica","","","PVP sales 6 (473702,908415,1136664,1136684,1475864 +1 more); Storica Analitica visura per immobile - Catasto Fabbricati."
"visura-storica","AL","ALESSANDRIA","109","711","39","F","","analitica","","","PVP sales 9 (473743,908420,969919,1136764,1136791 +4 more); Storica Analitica visura per immobile - Catasto Fabbricati."
"visura-storica","AL","ALESSANDRIA","109","711","40","F","","analitica","","","PVP sales 6 (474409,908424,969563,1476017,1600274 +1 more); Storica Analitica visura per immobile - Catasto Fabbricati."
"visura-storica","AL","ALESSANDRIA","109","711","41","F","","analitica","","","PVP sales 4 (474102,909718,969564,1136874); Storica Analitica visura per immobile - Catasto Fabbricati."
"visura-storica","AL","ALESSANDRIA","109","711","42","F","","analitica","","","PVP sales 4 (474132,909829,969565,1136891); Storica Analitica visura per immobile - Catasto Fabbricati."
"visura-storica","AL","ALESSANDRIA","109","711","43","F","","analitica","","","PVP sales 8 (481835,909843,969566,1136957,1476086 +3 more); Storica Analitica visura per immobile - Catasto Fabbricati."
"visura-storica","AL","ALESSANDRIA","109","711","44","F","","analitica","","","PVP sales 6 (482322,909902,969951,1137007,1476135 +1 more); Storica Analitica visura per immobile - Catasto Fabbricati."
"visura-storica","AL","ALESSANDRIA","109","711","45","F","","analitica","","","PVP sales 8 (482049,909950,969991,1137285,1476206 +3 more); Storica Analitica visura per immobile - Catasto Fabbricati."
"visura-storica","AL","ALESSANDRIA","109","711","46","F","","analitica","","","PVP sales 8 (482089,910497,969993,1137391,1476219 +3 more); Storica Analitica visura per immobile - Catasto Fabbricati."
"visura-storica","AL","ALESSANDRIA","109","711","47","F","","analitica","","","PVP sales 7 (482090,910654,969995,1137461,1476266 +2 more); Storica Analitica visura per immobile - Catasto Fabbricati."
"visura-storica","AL","ALESSANDRIA","109","711","48","F","","analitica","","","PVP sales 6 (482860,910682,1137486,1476295,1601242 +1 more); Storica Analitica visura per immobile - Catasto Fabbricati."
"visura-storica","AL","ALESSANDRIA","109","711","49","F","","analitica","","","PVP sales 8 (482884,911005,969997,1137564,1477213 +3 more); Storica Analitica visura per immobile - Catasto Fabbricati."
"visura-storica","AL","ALESSANDRIA","109","711","50","F","","analitica","","","PVP sales 6 (483065,911031,971207,1137585,1477286 +1 more); Storica Analitica visura per immobile - Catasto Fabbricati."
"visura-storica","AL","ALESSANDRIA","109","711","51","F","","analitica","","","PVP sales 7 (483398,911150,971274,1138177,1477359 +2 more); Storica Analitica visura per immobile - Catasto Fabbricati."
"visura-storica","AL","ALESSANDRIA","109","711","52","F","","analitica","","","PVP sales 6 (484251,971290,1138258,1477426,1601483 +1 more); Storica Analitica visura per immobile - Catasto Fabbricati."
"visura-storica","AL","ALESSANDRIA","109","711","53","F","","analitica","","","PVP sales 7 (483814,911256,971314,1138371,1477501 +2 more); Storica Analitica visura per immobile - Catasto Fabbricati."
"visura-storica","AL","ALESSANDRIA","109","711","54","F","","analitica","","","PVP sales 7 (483839,911291,971317,1138381,1477529 +2 more); Storica Analitica visura per immobile - Catasto Fabbricati."
"visura-storica","AL","ALESSANDRIA","109","711","56","F","","analitica","","","PVP sales 6 (484488,911355,970539,1138742,1601589 +1 more); Storica Analitica visura per immobile - Catasto Fabbricati."
"visura-storica","AL","ALESSANDRIA","109","711","57","F","","analitica","","","PVP sales 7 (484066,911389,971615,1138816,1477620 +2 more); Storica Analitica visura per immobile - Catasto Fabbricati."
"visura-storica","AL","ALESSANDRIA","109","711","58","F","","analitica","","","PVP sales 5 (484082,911454,970709,1138894,1478064); Storica Analitica visura per immobile - Catasto Fabbricati."
"visura-storica","AL","ALESSANDRIA","109","711","59","F","","analitica","","","PVP sales 7 (484502,911467,971775,1138966,1478136 +2 more); Storica Analitica visura per immobile - Catasto Fabbricati."
"visura-storica","AL","ALESSANDRIA","109","711","60","F","","analitica","","","PVP sales 6 (484114,911440,970755,1138982,1602807 +1 more); Storica Analitica visura per immobile - Catasto Fabbricati."
"visura-storica","AL","ALESSANDRIA","109","711","61","F","","analitica","","","PVP sales 7 (484177,911664,970771,1139760,1478246 +2 more); Storica Analitica visura per immobile - Catasto Fabbricati."
"visura-storica","AL","ALESSANDRIA","109","711","62","F","","analitica","","","PVP sales 6 (484182,911666,970794,1139770,1478326 +1 more); Storica Analitica visura per immobile - Catasto Fabbricati."
"visura-storica","AL","ALESSANDRIA","109","906","","F","","analitica","","","PVP sales 1 (2259399); Storica Analitica visura per immobile - Catasto Fabbricati."
"visura-storica","AL","ALESSANDRIA","109","906","","T","","analitica","","","PVP sales 1 (2259399); Storica Analitica visura per immobile - Catasto Terreni."
"visura-storica","AL","ALESSANDRIA","109","908","","F","","analitica","","","PVP sales 1 (2259399); Storica Analitica visura per immobile - Catasto Fabbricati."
"visura-storica","AL","ALESSANDRIA","109","908","","T","","analitica","","","PVP sales 1 (2259399); Storica Analitica visura per immobile - Catasto Terreni."
"visura-storica","AL","ALESSANDRIA","109","910","","F","","analitica","","","PVP sales 1 (2259399); Storica Analitica visura per immobile - Catasto Fabbricati."
"visura-storica","AL","ALESSANDRIA","109","910","","T","","analitica","","","PVP sales 1 (2259399); Storica Analitica visura per immobile - Catasto Terreni."
"visura-storica","AL","ALESSANDRIA","109","928","5","F","","analitica","","","PVP sales 1 (4414255); Storica Analitica visura per immobile - Catasto Fabbricati."
"visura-storica","AL","ALESSANDRIA","11","186","1","F","","analitica","","","PVP sales 2 (517911,923340); Storica Analitica visura per immobile - Catasto Fabbricati."
"visura-storica","AL","ALESSANDRIA","11","186","2","F","","analitica","","","PVP sales 2 (517911,923340); Storica Analitica visura per immobile - Catasto Fabbricati."
"visura-storica","AL","ALESSANDRIA","11","34","2","F","","analitica","","","PVP sales 2 (517911,923340); Storica Analitica visura per immobile - Catasto Fabbricati."
"visura-storica","AL","ALESSANDRIA","11","34","3","F","","analitica","","","PVP sales 2 (517911,923340); Storica Analitica visura per immobile - Catasto Fabbricati."
"visura-storica","AL","ALESSANDRIA","11","355","","F","","analitica","","","PVP sales 2 (517911,923340); Storica Analitica visura per immobile - Catasto Fabbricati."
"visura-storica","AL","ALESSANDRIA","11","355","","T","","analitica","","","PVP sales 2 (517911,923340); Storica Analitica visura per immobile - Catasto Terreni."
"visura-storica","AL","ALESSANDRIA","11","357","","F","","analitica","","","PVP sales 2 (517911,923340); Storica Analitica visura per immobile - Catasto Fabbricati."
"visura-storica","AL","ALESSANDRIA","11","357","","T","","analitica","","","PVP sales 2 (517911,923340); Storica Analitica visura per immobile - Catasto Terreni."
"visura-storica","AL","ALESSANDRIA","110","345","1","F","","analitica","","","PVP sales 1 (4242003); Storica Analitica visura per immobile - Catasto Fabbricati."
"visura-storica","AL","ALESSANDRIA","110","403","10","F","","analitica","","","PVP sales 1 (2012658); Storica Analitica visura per immobile - Catasto Fabbricati."
"visura-storica","AL","ALESSANDRIA","110","403","30","F","","analitica","","","PVP sales 1 (2012658); Storica Analitica visura per immobile - Catasto Fabbricati."
"visura-storica","AL","ALESSANDRIA","111","398","14","F","","analitica","","","PVP sales 1 (2110483); Storica Analitica visura per immobile - Catasto Fabbricati."
"visura-storica","AL","ALESSANDRIA","111","398","15","F","","analitica","","","PVP sales 1 (2110483); Storica Analitica visura per immobile - Catasto Fabbricati."
"visura-storica","AL","ALESSANDRIA","111","398","16","F","","analitica","","","PVP sales 1 (2110483); Storica Analitica visura per immobile - Catasto Fabbricati."
"visura-storica","AL","ALESSANDRIA","111","398","398","F","","analitica","","","PVP sales 1 (2110483); Storica Analitica visura per immobile - Catasto Fabbricati."
"visura-storica","AL","ALESSANDRIA","115","1058","","F","","analitica","","","PVP sales 1 (4549439); Storica Analitica visura per immobile - Catasto Fabbricati."
"visura-storica","AL","ALESSANDRIA","115","1058","","T","","analitica","","","PVP sales 1 (4549439); Storica Analitica visura per immobile - Catasto Terreni."
"visura-storica","AL","ALESSANDRIA","115","1529","23","F","","analitica","","","PVP sales 1 (341182); Storica Analitica visura per immobile - Catasto Fabbricati."
"visura-storica","AL","ALESSANDRIA","115","1529","24","F","","analitica","","","PVP sales 3 (584636,584637,843692); Storica Analitica visura per immobile - Catasto Fabbricati."
"visura-storica","AL","ALESSANDRIA","115","1668","37","F","","analitica","","","PVP sales 2 (154285,376390); Storica Analitica visura per immobile - Catasto Fabbricati."
"visura-storica","AL","ALESSANDRIA","115","1668","55","F","","analitica","","","PVP sales 2 (154285,376390); Storica Analitica visura per immobile - Catasto Fabbricati."
"visura-storica","AL","ALESSANDRIA","115","1761","","F","","analitica","","","PVP sales 2 (4422330,4489538); Storica Analitica visura per immobile - Catasto Fabbricati."
"visura-storica","AL","ALESSANDRIA","115","1761","","T","","analitica","","","PVP sales 2 (4422330,4489538); Storica Analitica visura per immobile - Catasto Terreni."
"visura-storica","AL","ALESSANDRIA","115","1761","1","F","","analitica","","","PVP sales 2 (4422330,4489538); Storica Analitica visura per immobile - Catasto Fabbricati."
"visura-storica","AL","ALESSANDRIA","115","1761","2","F","","analitica","","","PVP sales 2 (4422330,4489538); Storica Analitica visura per immobile - Catasto Fabbricati."
"visura-storica","AL","ALESSANDRIA","115","1849","","F","","analitica","","","PVP sales 1 (4463799); Storica Analitica visura per immobile - Catasto Fabbricati."
"visura-storica","AL","ALESSANDRIA","115","1849","","T","","analitica","","","PVP sales 1 (4463799); Storica Analitica visura per immobile - Catasto Terreni."
"visura-storica","AL","ALESSANDRIA","115","1850","","F","","analitica","","","PVP sales 1 (4463799); Storica Analitica visura per immobile - Catasto Fabbricati."
"visura-storica","AL","ALESSANDRIA","115","1850","","T","","analitica","","","PVP sales 1 (4463799); Storica Analitica visura per immobile - Catasto Terreni."
"visura-storica","AL","ALESSANDRIA","115","1852","","F","","analitica","","","PVP sales 1 (4463799); Storica Analitica visura per immobile - Catasto Fabbricati."
"visura-storica","AL","ALESSANDRIA","115","1852","","T","","analitica","","","PVP sales 1 (4463799); Storica Analitica visura per immobile - Catasto Terreni."
"visura-storica","AL","ALESSANDRIA","115","1906","","F","","analitica","","","PVP sales 1 (4463830); Storica Analitica visura per immobile - Catasto Fabbricati."
"visura-storica","AL","ALESSANDRIA","115","1906","","T","","analitica","","","PVP sales 1 (4463830); Storica Analitica visura per immobile - Catasto Terreni."
"visura-storica","AL","ALESSANDRIA","115","1907","","F","","analitica","","","PVP sales 1 (4463830); Storica Analitica visura per immobile - Catasto Fabbricati."
"visura-storica","AL","ALESSANDRIA","115","1907","","T","","analitica","","","PVP sales 1 (4463830); Storica Analitica visura per immobile - Catasto Terreni."
"visura-storica","AL","ALESSANDRIA","115","1908","","F","","analitica","","","PVP sales 1 (4463830); Storica Analitica visura per immobile - Catasto Fabbricati."
"visura-storica","AL","ALESSANDRIA","115","1908","","T","","analitica","","","PVP sales 1 (4463830); Storica Analitica visura per immobile - Catasto Terreni."
"visura-storica","AL","ALESSANDRIA","115","234","75","F","","analitica","","","PVP sales 2 (2108604,4256874); Storica Analitica visura per immobile - Catasto Fabbricati."
"visura-storica","AL","ALESSANDRIA","115","357","19","F","","analitica","","","PVP sales 3 (4458549,4488743,4519573); Storica Analitica visura per immobile - Catasto Fabbricati."
"visura-storica","AL","ALESSANDRIA","115","357","23","F","","analitica","","","PVP sales 3 (4458549,4488743,4519573); Storica Analitica visura per immobile - Catasto Fabbricati."
"visura-storica","AL","ALESSANDRIA","115","358","29","F","","analitica","","","PVP sales 1 (609251); Storica Analitica visura per immobile - Catasto Fabbricati."
"visura-storica","AL","ALESSANDRIA","115","569","8","F","","analitica","","","PVP sales 1 (4470966); Storica Analitica visura per immobile - Catasto Fabbricati."
"visura-storica","AL","ALESSANDRIA","115","6","7","F","","analitica","","","PVP sales 3 (456112,598430,774077); Storica Analitica visura per immobile - Catasto Fabbricati."
"visura-storica","AL","ALESSANDRIA","115","6","8","F","","analitica","","","PVP sales 3 (456112,598430,774077); Storica Analitica visura per immobile - Catasto Fabbricati."
"visura-storica","AL","ALESSANDRIA","115","6","9","F","","analitica","","","PVP sales 3 (456112,598430,774077); Storica Analitica visura per immobile - Catasto Fabbricati."
"visura-storica","AL","ALESSANDRIA","116","181","27","F","","analitica","","","PVP sales 1 (317405); Storica Analitica visura per immobile - Catasto Fabbricati."
"visura-storica","AL","ALESSANDRIA","116","181","52","F","","analitica","","","PVP sales 1 (2080952); Storica Analitica visura per immobile - Catasto Fabbricati."
"visura-storica","AL","ALESSANDRIA","116","186","116","F","","analitica","","","PVP sales 1 (343700); Storica Analitica visura per immobile - Catasto Fabbricati."
"visura-storica","AL","ALESSANDRIA","116","186","42","F","","analitica","","","PVP sales 1 (4260907); Storica Analitica visura per immobile - Catasto Fabbricati."
"visura-storica","AL","ALESSANDRIA","116","186","49","F","","analitica","","","PVP sales 4 (444142,444265,609873,1418648); Storica Analitica visura per immobile - Catasto Fabbricati."
"visura-storica","AL","ALESSANDRIA","116","317","29","F","","analitica","","","PVP sales 2 (4415507,4482033); Storica Analitica visura per immobile - Catasto Fabbricati."
"visura-storica","AL","ALESSANDRIA","116","317","8","F","","analitica","","","PVP sales 2 (289036,509426); Storica Analitica visura per immobile - Catasto Fabbricati."
"visura-storica","AL","ALESSANDRIA","117","120","12","F","","analitica","","","PVP sales 1 (334957); Storica Analitica visura per immobile - Catasto Fabbricati."
"visura-storica","AL","ALESSANDRIA","117","138","59","F","","analitica","","","PVP sales 1 (359085); Storica Analitica visura per immobile - Catasto Fabbricati."
"visura-storica","AL","ALESSANDRIA","117","162","57","F","","analitica","","","PVP sales 1 (306368); Storica Analitica visura per immobile - Catasto Fabbricati."
"visura-storica","AL","ALESSANDRIA","117","162","59","F","","analitica","","","PVP sales 1 (2103915); Storica Analitica visura per immobile - Catasto Fabbricati."
"visura-storica","AL","ALESSANDRIA","117","52","13","F","","analitica","","","PVP sales 2 (395958,982662); Storica Analitica visura per immobile - Catasto Fabbricati."
"visura-storica","AL","ALESSANDRIA","118","1069","3","F","","analitica","","","PVP sales 1 (2159095); Storica Analitica visura per immobile - Catasto Fabbricati."
"visura-storica","AL","ALESSANDRIA","118","1111","","F","","analitica","","","PVP sales 1 (4493571); Storica Analitica visura per immobile - Catasto Fabbricati."
"visura-storica","AL","ALESSANDRIA","118","1111","","T","","analitica","","","PVP sales 1 (4493571); Storica Analitica visura per immobile - Catasto Terreni."
"visura-storica","AL","ALESSANDRIA","118","1146","180","F","","analitica","","","PVP sales 1 (4370966); Storica Analitica visura per immobile - Catasto Fabbricati."
"visura-storica","AL","ALESSANDRIA","118","1146","181","F","","analitica","","","PVP sales 1 (4370966); Storica Analitica visura per immobile - Catasto Fabbricati."
"visura-storica","AL","ALESSANDRIA","118","1488","120","F","","analitica","","","PVP sales 1 (389482); Storica Analitica visura per immobile - Catasto Fabbricati."
"visura-storica","AL","ALESSANDRIA","118","1488","151","F","","analitica","","","PVP sales 1 (2113237); Storica Analitica visura per immobile - Catasto Fabbricati."
"visura-storica","AL","ALESSANDRIA","118","1488","165","F","","analitica","","","PVP sales 1 (389591); Storica Analitica visura per immobile - Catasto Fabbricati."
"visura-storica","AL","ALESSANDRIA","118","1488","166","F","","analitica","","","PVP sales 1 (389642); Storica Analitica visura per immobile - Catasto Fabbricati."
"visura-storica","AL","ALESSANDRIA","118","1488","195","F","","analitica","","","PVP sales 1 (389326); Storica Analitica visura per immobile - Catasto Fabbricati."
"visura-storica","AL","ALESSANDRIA","118","1488","197","F","","analitica","","","PVP sales 1 (389203); Storica Analitica visura per immobile - Catasto Fabbricati."
"visura-storica","AL","ALESSANDRIA","118","1488","214","F","","analitica","","","PVP sales 1 (389326); Storica Analitica visura per immobile - Catasto Fabbricati."
"visura-storica","AL","ALESSANDRIA","118","1488","28","F","","analitica","","","PVP sales 1 (2113237); Storica Analitica visura per immobile - Catasto Fabbricati."
"visura-storica","AL","ALESSANDRIA","118","1488","48","F","","analitica","","","PVP sales 1 (2089708); Storica Analitica visura per immobile - Catasto Fabbricati."
"visura-storica","AL","ALESSANDRIA","118","1504","","F","","analitica","","","PVP sales 1 (1901352); Storica Analitica visura per immobile - Catasto Fabbricati."
"visura-storica","AL","ALESSANDRIA","118","1504","","T","","analitica","","","PVP sales 1 (1901352); Storica Analitica visura per immobile - Catasto Terreni."
"visura-storica","AL","ALESSANDRIA","118","1514","3","F","","analitica","","","PVP sales 4 (266426,266455,440038,575301); Storica Analitica visura per immobile - Catasto Fabbricati."
"visura-storica","AL","ALESSANDRIA","118","152","15","F","","analitica","","","PVP sales 1 (1499621); Storica Analitica visura per immobile - Catasto Fabbricati."
"visura-storica","AL","ALESSANDRIA","118","1559","16","F","","analitica","","","PVP sales 1 (1582932); Storica Analitica visura per immobile - Catasto Fabbricati."
"visura-storica","AL","ALESSANDRIA","118","1559","34","F","","analitica","","","PVP sales 1 (1582932); Storica Analitica visura per immobile - Catasto Fabbricati."
"visura-storica","AL","ALESSANDRIA","118","1569","2","F","","analitica","","","PVP sales 1 (1851631); Storica Analitica visura per immobile - Catasto Fabbricati."
"visura-storica","AL","ALESSANDRIA","118","202","9","F","","analitica","","","PVP sales 1 (368503); Storica Analitica visura per immobile - Catasto Fabbricati."
"visura-storica","AL","ALESSANDRIA","118","230","12","F","","analitica","","","PVP sales 1 (572199); Storica Analitica visura per immobile - Catasto Fabbricati."
"visura-storica","AL","ALESSANDRIA","118","230","17","F","","analitica","","","PVP sales 1 (572206); Storica Analitica visura per immobile - Catasto Fabbricati."
"visura-storica","AL","ALESSANDRIA","118","230","18","F","","analitica","","","PVP sales 1 (572200); Storica Analitica visura per immobile - Catasto Fabbricati."
"visura-storica","AL","ALESSANDRIA","118","230","21","F","","analitica","","","PVP sales 1 (573162); Storica Analitica visura per immobile - Catasto Fabbricati."
"visura-storica","AL","ALESSANDRIA","118","230","22","F","","analitica","","","PVP sales 1 (573165); Storica Analitica visura per immobile - Catasto Fabbricati."
"visura-storica","AL","ALESSANDRIA","118","289","24","F","","analitica","","","PVP sales 2 (2104828,4238683); Storica Analitica visura per immobile - Catasto Fabbricati."
"visura-storica","AL","ALESSANDRIA","118","370","4","F","","analitica","","","PVP sales 1 (4444089); Storica Analitica visura per immobile - Catasto Fabbricati."
"visura-storica","AL","ALESSANDRIA","118","476","7","F","","analitica","","","PVP sales 2 (4283701,4426005); Storica Analitica visura per immobile - Catasto Fabbricati."
"visura-storica","AL","ALESSANDRIA","118","52","27","F","","analitica","","","PVP sales 2 (4393628,4430791); Storica Analitica visura per immobile - Catasto Fabbricati."
"visura-storica","AL","ALESSANDRIA","118","840","5","F","","analitica","","","PVP sales 1 (1901352); Storica Analitica visura per immobile - Catasto Fabbricati."
"visura-storica","AL","ALESSANDRIA","118","886","66","F","","analitica","","","PVP sales 2 (4404251,4469128); Storica Analitica visura per immobile - Catasto Fabbricati."
"visura-storica","AL","ALESSANDRIA","118","886","67","F","","analitica","","","PVP sales 2 (4404251,4469128); Storica Analitica visura per immobile - Catasto Fabbricati."
"visura-storica","AL","ALESSANDRIA","118","902","16","F","","analitica","","","PVP sales 1 (1872671); Storica Analitica visura per immobile - Catasto Fabbricati."
"visura-storica","AL","ALESSANDRIA","118","902","19","F","","analitica","","","PVP sales 1 (1872671); Storica Analitica visura per immobile - Catasto Fabbricati."
"visura-storica","AL","ALESSANDRIA","118","902","20","F","","analitica","","","PVP sales 1 (1872671); Storica Analitica visura per immobile - Catasto Fabbricati."
"visura-storica","AL","ALESSANDRIA","118","956","1","F","","analitica","","","PVP sales 1 (848241); Storica Analitica visura per immobile - Catasto Fabbricati."
"visura-storica","AL","ALESSANDRIA","118","956","2","F","","analitica","","","PVP sales 1 (851985); Storica Analitica visura per immobile - Catasto Fabbricati."
"visura-storica","AL","ALESSANDRIA","118","981","8","F","","analitica","","","PVP sales 1 (1540654); Storica Analitica visura per immobile - Catasto Fabbricati."
"visura-storica","AL","ALESSANDRIA","119","162","10","F","","analitica","","","PVP sales 2 (527705,749975); Storica Analitica visura per immobile - Catasto Fabbricati."
"visura-storica","AL","ALESSANDRIA","119","291","","F","","analitica","","","PVP sales 2 (4422969,4468325); Storica Analitica visura per immobile - Catasto Fabbricati."
"visura-storica","AL","ALESSANDRIA","119","291","","T","","analitica","","","PVP sales 2 (4422969,4468325); Storica Analitica visura per immobile - Catasto Terreni."
"visura-storica","AL","ALESSANDRIA","119","291","26","F","","analitica","","","PVP sales 2 (4422969,4468325); Storica Analitica visura per immobile - Catasto Fabbricati."
"visura-storica","AL","ALESSANDRIA","119","449","3","F","","analitica","","","PVP sales 1 (4400368); Storica Analitica visura per immobile - Catasto Fabbricati."
"visura-storica","AL","ALESSANDRIA","119","449","61","F","","analitica","","","PVP sales 1 (4400368); Storica Analitica visura per immobile - Catasto Fabbricati."
"visura-storica","AL","ALESSANDRIA","119","7","1","F","","analitica","","","PVP sales 1 (867517); Storica Analitica visura per immobile - Catasto Fabbricati."
"visura-storica","AL","ALESSANDRIA","119","7","18","F","","analitica","","","PVP sales 1 (867517); Storica Analitica visura per immobile - Catasto Fabbricati."
"visura-storica","AL","ALESSANDRIA","119","7","19","F","","analitica","","","PVP sales 1 (867872); Storica Analitica visura per immobile - Catasto Fabbricati."
"visura-storica","AL","ALESSANDRIA","119","709","1","F","","analitica","","","PVP sales 2 (405768,492537); Storica Analitica visura per immobile - Catasto Fabbricati."
"visura-storica","AL","ALESSANDRIA","12","24","","F","","analitica","","","PVP sales 1 (4432545); Storica Analitica visura per immobile - Catasto Fabbricati."
"visura-storica","AL","ALESSANDRIA","12","24","","T","","analitica","","","PVP sales 1 (4432545); Storica Analitica visura per immobile - Catasto Terreni."
"visura-storica","AL","ALESSANDRIA","12","3","23","F","","analitica","","","PVP sales 1 (968017); Storica Analitica visura per immobile - Catasto Fabbricati."
"visura-storica","AL","ALESSANDRIA","12","3","24","F","","analitica","","","PVP sales 1 (968014); Storica Analitica visura per immobile - Catasto Fabbricati."
"visura-storica","AL","ALESSANDRIA","12","3","26","F","","analitica","","","PVP sales 1 (968017); Storica Analitica visura per immobile - Catasto Fabbricati."
"visura-storica","AL","ALESSANDRIA","12","3","27","F","","analitica","","","PVP sales 1 (968014); Storica Analitica visura per immobile - Catasto Fabbricati."
"visura-storica","AL","ALESSANDRIA","120","1055","18","F","","analitica","","","PVP sales 1 (2148949); Storica Analitica visura per immobile - Catasto Fabbricati."
"visura-storica","AL","ALESSANDRIA","120","1055","19","F","","analitica","","","PVP sales 1 (2148949); Storica Analitica visura per immobile - Catasto Fabbricati."
"visura-storica","AL","ALESSANDRIA","120","1060","","F","","analitica","","","PVP sales 1 (4549485); Storica Analitica visura per immobile - Catasto Fabbricati."
"visura-storica","AL","ALESSANDRIA","120","1060","","T","","analitica","","","PVP sales 1 (4549485); Storica Analitica visura per immobile - Catasto Terreni."
"visura-storica","AL","ALESSANDRIA","120","1060","28","F","","analitica","","","PVP sales 2 (852024,971973); Storica Analitica visura per immobile - Catasto Fabbricati."
"visura-storica","AL","ALESSANDRIA","120","1060","51","F","","analitica","","","PVP sales 2 (852024,971973); Storica Analitica visura per immobile - Catasto Fabbricati."
"visura-storica","AL","ALESSANDRIA","120","1060","52","F","","analitica","","","PVP sales 2 (852024,971973); Storica Analitica visura per immobile - Catasto Fabbricati."
"visura-storica","AL","ALESSANDRIA","120","1060","53","F","","analitica","","","PVP sales 2 (852024,971973); Storica Analitica visura per immobile - Catasto Fabbricati."
"visura-storica","AL","ALESSANDRIA","120","1060","63","F","","analitica","","","PVP sales 2 (852024,971973); Storica Analitica visura per immobile - Catasto Fabbricati."
"visura-storica","AL","ALESSANDRIA","120","1070","48","F","","analitica","","","PVP sales 1 (612048); Storica Analitica visura per immobile - Catasto Fabbricati."
"visura-storica","AL","ALESSANDRIA","120","1070","7","F","","analitica","","","PVP sales 2 (414810,528424); Storica Analitica visura per immobile - Catasto Fabbricati."
"visura-storica","AL","ALESSANDRIA","120","1070","8","F","","analitica","","","PVP sales 2 (1436547,1579816); Storica Analitica visura per immobile - Catasto Fabbricati."
"visura-storica","AL","ALESSANDRIA","120","11","7","F","","analitica","","","PVP sales 1 (992424); Storica Analitica visura per immobile - Catasto Fabbricati."
"visura-storica","AL","ALESSANDRIA","120","216","16","F","","analitica","","","PVP sales 1 (136792); Storica Analitica visura per immobile - Catasto Fabbricati."
"visura-storica","AL","ALESSANDRIA","120","445","12","F","","analitica","","","PVP sales 1 (641255); Storica Analitica visura per immobile - Catasto Fabbricati."
"visura-storica","AL","ALESSANDRIA","120","586","12","F","","analitica","","","PVP sales 2 (353915,469398); Storica Analitica visura per immobile - Catasto Fabbricati."
"visura-storica","AL","ALESSANDRIA","120","586","13","F","","analitica","","","PVP sales 2 (353942,469461); Storica Analitica visura per immobile - Catasto Fabbricati."
"visura-storica","AL","ALESSANDRIA","120","586","14","F","","analitica","","","PVP sales 2 (354009,469467); Storica Analitica visura per immobile - Catasto Fabbricati."
"visura-storica","AL","ALESSANDRIA","120","586","3","F","","analitica","","","PVP sales 1 (1144498); Storica Analitica visura per immobile - Catasto Fabbricati."
"visura-storica","AL","ALESSANDRIA","120","586","4","F","","analitica","","","PVP sales 1 (1144659); Storica Analitica visura per immobile - Catasto Fabbricati."
"visura-storica","AL","ALESSANDRIA","120","766","15","F","","analitica","","","PVP sales 2 (395880,540814); Storica Analitica visura per immobile - Catasto Fabbricati."
"visura-storica","AL","ALESSANDRIA","120","822","23","F","","analitica","","","PVP sales 1 (946988); Storica Analitica visura per immobile - Catasto Fabbricati."
"visura-storica","AL","ALESSANDRIA","120","822","6","F","","analitica","","","PVP sales 1 (946988); Storica Analitica visura per immobile - Catasto Fabbricati."
"visura-storica","AL","ALESSANDRIA","121","1004","14","F","","analitica","","","PVP sales 1 (4481985); Storica Analitica visura per immobile - Catasto Fabbricati."
"visura-storica","AL","ALESSANDRIA","121","1127","23","F","","analitica","","","PVP sales 1 (4421007); Storica Analitica visura per immobile - Catasto Fabbricati."
"visura-storica","AL","ALESSANDRIA","121","118","13","F","","analitica","","","PVP sales 1 (639700); Storica Analitica visura per immobile - Catasto Fabbricati."
"visura-storica","AL","ALESSANDRIA","121","118","14","F","","analitica","","","PVP sales 1 (639700); Storica Analitica visura per immobile - Catasto Fabbricati."
"visura-storica","AL","ALESSANDRIA","121","118","15","F","","analitica","","","PVP sales 1 (639700); Storica Analitica visura per immobile - Catasto Fabbricati."
"visura-storica","AL","ALESSANDRIA","121","118","17","F","","analitica","","","PVP sales 1 (639700); Storica Analitica visura per immobile - Catasto Fabbricati."
"visura-storica","AL","ALESSANDRIA","121","118","20","F","","analitica","","","PVP sales 1 (639700); Storica Analitica visura per immobile - Catasto Fabbricati."
"visura-storica","AL","ALESSANDRIA","121","118","21","F","","analitica","","","PVP sales 1 (639700); Storica Analitica visura per immobile - Catasto Fabbricati."
"visura-storica","AL","ALESSANDRIA","121","118","23","F","","analitica","","","PVP sales 1 (639700); Storica Analitica visura per immobile - Catasto Fabbricati."
"visura-storica","AL","ALESSANDRIA","121","118","24","F","","analitica","","","PVP sales 1 (639700); Storica Analitica visura per immobile - Catasto Fabbricati."
"visura-storica","AL","ALESSANDRIA","121","118","26","F","","analitica","","","PVP sales 1 (639700); Storica Analitica visura per immobile - Catasto Fabbricati."
"visura-storica","AL","ALESSANDRIA","121","118","27","F","","analitica","","","PVP sales 1 (639700); Storica Analitica visura per immobile - Catasto Fabbricati."
"visura-storica","AL","ALESSANDRIA","121","118","28","F","","analitica","","","PVP sales 1 (639700); Storica Analitica visura per immobile - Catasto Fabbricati."
"visura-storica","AL","ALESSANDRIA","121","118","29","F","","analitica","","","PVP sales 1 (639700); Storica Analitica visura per immobile - Catasto Fabbricati."
"visura-storica","AL","ALESSANDRIA","121","118","30","F","","analitica","","","PVP sales 1 (639700); Storica Analitica visura per immobile - Catasto Fabbricati."
"visura-storica","AL","ALESSANDRIA","121","118","33","F","","analitica","","","PVP sales 1 (639700); Storica Analitica visura per immobile - Catasto Fabbricati."
"visura-storica","AL","ALESSANDRIA","121","118","34","F","","analitica","","","PVP sales 1 (639700); Storica Analitica visura per immobile - Catasto Fabbricati."
"visura-storica","AL","ALESSANDRIA","121","118","35","F","","analitica","","","PVP sales 1 (639700); Storica Analitica visura per immobile - Catasto Fabbricati."
"visura-storica","AL","ALESSANDRIA","121","118","36","F","","analitica","","","PVP sales 1 (639700); Storica Analitica visura per immobile - Catasto Fabbricati."
"visura-storica","AL","ALESSANDRIA","121","118","37","F","","analitica","","","PVP sales 1 (639700); Storica Analitica visura per immobile - Catasto Fabbricati."
"visura-storica","AL","ALESSANDRIA","121","118","40","F","","analitica","","","PVP sales 1 (638701); Storica Analitica visura per immobile - Catasto Fabbricati."
"visura-storica","AL","ALESSANDRIA","121","118","41","F","","analitica","","","PVP sales 1 (638701); Storica Analitica visura per immobile - Catasto Fabbricati."
"visura-storica","AL","ALESSANDRIA","121","118","42","F","","analitica","","","PVP sales 1 (638701); Storica Analitica visura per immobile - Catasto Fabbricati."
"visura-storica","AL","ALESSANDRIA","121","118","43","F","","analitica","","","PVP sales 1 (638701); Storica Analitica visura per immobile - Catasto Fabbricati."
"visura-storica","AL","ALESSANDRIA","121","118","48","F","","analitica","","","PVP sales 1 (639700); Storica Analitica visura per immobile - Catasto Fabbricati."
"visura-storica","AL","ALESSANDRIA","121","118","54","F","","analitica","","","PVP sales 1 (639700); Storica Analitica visura per immobile - Catasto Fabbricati."
"visura-storica","AL","ALESSANDRIA","121","118","55","F","","analitica","","","PVP sales 1 (639700); Storica Analitica visura per immobile - Catasto Fabbricati."
"visura-storica","AL","ALESSANDRIA","121","118","56","F","","analitica","","","PVP sales 1 (639700); Storica Analitica visura per immobile - Catasto Fabbricati."
"visura-storica","AL","ALESSANDRIA","121","118","60","F","","analitica","","","PVP sales 1 (638701); Storica Analitica visura per immobile - Catasto Fabbricati."
"visura-storica","AL","ALESSANDRIA","121","118","8","F","","analitica","","","PVP sales 1 (639700); Storica Analitica visura per immobile - Catasto Fabbricati."
"visura-storica","AL","ALESSANDRIA","121","118","9","F","","analitica","","","PVP sales 1 (639700); Storica Analitica visura per immobile - Catasto Fabbricati."
"visura-storica","AL","ALESSANDRIA","121","136","20","F","","analitica","","","PVP sales 1 (351076); Storica Analitica visura per immobile - Catasto Fabbricati."
"visura-storica","AL","ALESSANDRIA","121","136","44","F","","analitica","","","PVP sales 1 (4406072); Storica Analitica visura per immobile - Catasto Fabbricati."
"visura-storica","AL","ALESSANDRIA","121","255","29","F","","analitica","","","PVP sales 2 (361887,440753); Storica Analitica visura per immobile - Catasto Fabbricati."
"visura-storica","AL","ALESSANDRIA","121","29","28","F","","analitica","","","PVP sales 1 (993500); Storica Analitica visura per immobile - Catasto Fabbricati."
"visura-storica","AL","ALESSANDRIA","121","615","29","F","","analitica","","","PVP sales 1 (1794352); Storica Analitica visura per immobile - Catasto Fabbricati."
"visura-storica","AL","ALESSANDRIA","121","618","56","F","","analitica","","","PVP sales 1 (470152); Storica Analitica visura per immobile - Catasto Fabbricati."
"visura-storica","AL","ALESSANDRIA","121","709","15","F","","analitica","","","PVP sales 1 (4512380); Storica Analitica visura per immobile - Catasto Fabbricati."
"visura-storica","AL","ALESSANDRIA","121","764","20","F","","analitica","","","PVP sales 1 (1421000); Storica Analitica visura per immobile - Catasto Fabbricati."
"visura-storica","AL","ALESSANDRIA","122","139","","F","","analitica","","","PVP sales 1 (405695); Storica Analitica visura per immobile - Catasto Fabbricati."
"visura-storica","AL","ALESSANDRIA","122","139","","T","","analitica","","","PVP sales 1 (405695); Storica Analitica visura per immobile - Catasto Terreni."
"visura-storica","AL","ALESSANDRIA","122","77","2","F","","analitica","","","PVP sales 2 (154505,405695); Storica Analitica visura per immobile - Catasto Fabbricati."
"visura-storica","AL","ALESSANDRIA","127","285","35","F","","analitica","","","PVP sales 1 (1225002); Storica Analitica visura per immobile - Catasto Fabbricati."
"visura-storica","AL","ALESSANDRIA","127","285","44","F","","analitica","","","PVP sales 1 (1225032); Storica Analitica visura per immobile - Catasto Fabbricati."
"visura-storica","AL","ALESSANDRIA","127","285","53","F","","analitica","","","PVP sales 1 (1225110); Storica Analitica visura per immobile - Catasto Fabbricati."
"visura-storica","AL","ALESSANDRIA","127","285","56","F","","analitica","","","PVP sales 1 (1225002); Storica Analitica visura per immobile - Catasto Fabbricati."
"visura-storica","AL","ALESSANDRIA","127","285","57","F","","analitica","","","PVP sales 1 (1225032); Storica Analitica visura per immobile - Catasto Fabbricati."
"visura-storica","AL","ALESSANDRIA","127","285","58","F","","analitica","","","PVP sales 1 (1225110); Storica Analitica visura per immobile - Catasto Fabbricati."
"visura-storica","AL","ALESSANDRIA","127","285","59","F","","analitica","","","PVP sales 1 (1225121); Storica Analitica visura per immobile - Catasto Fabbricati."
"visura-storica","AL","ALESSANDRIA","127","286","115","F","","analitica","","","PVP sales 1 (1225985); Storica Analitica visura per immobile - Catasto Fabbricati."
"visura-storica","AL","ALESSANDRIA","127","286","127","F","","analitica","","","PVP sales 1 (1224706); Storica Analitica visura per immobile - Catasto Fabbricati."
"visura-storica","AL","ALESSANDRIA","127","286","134","F","","analitica","","","PVP sales 1 (1224714); Storica Analitica visura per immobile - Catasto Fabbricati."
"visura-storica","AL","ALESSANDRIA","127","286","136","F","","analitica","","","PVP sales 1 (1224719); Storica Analitica visura per immobile - Catasto Fabbricati."
"visura-storica","AL","ALESSANDRIA","127","286","142","F","","analitica","","","PVP sales 1 (1224706); Storica Analitica visura per immobile - Catasto Fabbricati."
"visura-storica","AL","ALESSANDRIA","127","286","144","F","","analitica","","","PVP sales 1 (1224714); Storica Analitica visura per immobile - Catasto Fabbricati."
"visura-storica","AL","ALESSANDRIA","127","286","149","F","","analitica","","","PVP sales 1 (1224719); Storica Analitica visura per immobile - Catasto Fabbricati."
"visura-storica","AL","ALESSANDRIA","127","286","159","F","","analitica","","","PVP sales 1 (1224706); Storica Analitica visura per immobile - Catasto Fabbricati."
"visura-storica","AL","ALESSANDRIA","127","286","161","F","","analitica","","","PVP sales 1 (1224714); Storica Analitica visura per immobile - Catasto Fabbricati."
"visura-storica","AL","ALESSANDRIA","127","286","169","F","","analitica","","","PVP sales 1 (1224719); Storica Analitica visura per immobile - Catasto Fabbricati."
"visura-storica","AL","ALESSANDRIA","127","286","174","F","","analitica","","","PVP sales 1 (1225233); Storica Analitica visura per immobile - Catasto Fabbricati."
"visura-storica","AL","ALESSANDRIA","127","286","176","F","","analitica","","","PVP sales 1 (1225244); Storica Analitica visura per immobile - Catasto Fabbricati."
"visura-storica","AL","ALESSANDRIA","127","286","177","F","","analitica","","","PVP sales 2 (1225312,1636692); Storica Analitica visura per immobile - Catasto Fabbricati."
"visura-storica","AL","ALESSANDRIA","127","286","187","F","","analitica","","","PVP sales 1 (1225431); Storica Analitica visura per immobile - Catasto Fabbricati."
"visura-storica","AL","ALESSANDRIA","127","286","188","F","","analitica","","","PVP sales 1 (1225438); Storica Analitica visura per immobile - Catasto Fabbricati."
"visura-storica","AL","ALESSANDRIA","127","286","196","F","","analitica","","","PVP sales 1 (1225446); Storica Analitica visura per immobile - Catasto Fabbricati."
"visura-storica","AL","ALESSANDRIA","127","286","200","F","","analitica","","","PVP sales 1 (2137648); Storica Analitica visura per immobile - Catasto Fabbricati."
"visura-storica","AL","ALESSANDRIA","127","286","203","F","","analitica","","","PVP sales 1 (1225962); Storica Analitica visura per immobile - Catasto Fabbricati."
"visura-storica","AL","ALESSANDRIA","127","286","205","F","","analitica","","","PVP sales 2 (1225966,1636758); Storica Analitica visura per immobile - Catasto Fabbricati."
"visura-storica","AL","ALESSANDRIA","127","286","248","F","","analitica","","","PVP sales 1 (1226118); Storica Analitica visura per immobile - Catasto Fabbricati."
"visura-storica","AL","ALESSANDRIA","127","286","250","F","","analitica","","","PVP sales 2 (1226179,1636692); Storica Analitica visura per immobile - Catasto Fabbricati."
"visura-storica","AL","ALESSANDRIA","127","286","255","F","","analitica","","","PVP sales 1 (1226195); Storica Analitica visura per immobile - Catasto Fabbricati."
"visura-storica","AL","ALESSANDRIA","127","286","256","F","","analitica","","","PVP sales 1 (1226222); Storica Analitica visura per immobile - Catasto Fabbricati."
"visura-storica","AL","ALESSANDRIA","127","286","264","F","","analitica","","","PVP sales 1 (2137648); Storica Analitica visura per immobile - Catasto Fabbricati."
"visura-storica","AL","ALESSANDRIA","127","286","267","F","","analitica","","","PVP sales 1 (1226959); Storica Analitica visura per immobile - Catasto Fabbricati."
"visura-storica","AL","ALESSANDRIA","127","286","269","F","","analitica","","","PVP sales 1 (1226966); Storica Analitica visura per immobile - Catasto Fabbricati."
"visura-storica","AL","ALESSANDRIA","127","286","276","F","","analitica","","","PVP sales 2 (1226971,1636758); Storica Analitica visura per immobile - Catasto Fabbricati."
"visura-storica","AL","ALESSANDRIA","127","286","29","F","","analitica","","","PVP sales 1 (1223900); Storica Analitica visura per immobile - Catasto Fabbricati."
"visura-storica","AL","ALESSANDRIA","127","286","290","F","","analitica","","","PVP sales 1 (2137648); Storica Analitica visura per immobile - Catasto Fabbricati."
"visura-storica","AL","ALESSANDRIA","127","286","30","F","","analitica","","","PVP sales 1 (1223923); Storica Analitica visura per immobile - Catasto Fabbricati."
"visura-storica","AL","ALESSANDRIA","127","286","41","F","","analitica","","","PVP sales 1 (1223900); Storica Analitica visura per immobile - Catasto Fabbricati."
"visura-storica","AL","ALESSANDRIA","127","286","45","F","","analitica","","","PVP sales 1 (1223923); Storica Analitica visura per immobile - Catasto Fabbricati."
"visura-storica","AL","ALESSANDRIA","127","286","53","F","","analitica","","","PVP sales 1 (1223900); Storica Analitica visura per immobile - Catasto Fabbricati."
"visura-storica","AL","ALESSANDRIA","127","286","54","F","","analitica","","","PVP sales 1 (1223923); Storica Analitica visura per immobile - Catasto Fabbricati."
"visura-storica","AL","ALESSANDRIA","127","286","55","F","","analitica","","","PVP sales 1 (1224052); Storica Analitica visura per immobile - Catasto Fabbricati."
"visura-storica","AL","ALESSANDRIA","127","286","63","F","","analitica","","","PVP sales 1 (1224052); Storica Analitica visura per immobile - Catasto Fabbricati."
"visura-storica","AL","ALESSANDRIA","127","286","73","F","","analitica","","","PVP sales 1 (1224703); Storica Analitica visura per immobile - Catasto Fabbricati."
"visura-storica","AL","ALESSANDRIA","127","286","77","F","","analitica","","","PVP sales 1 (1224052); Storica Analitica visura per immobile - Catasto Fabbricati."
"visura-storica","AL","ALESSANDRIA","127","286","78","F","","analitica","","","PVP sales 1 (1224052); Storica Analitica visura per immobile - Catasto Fabbricati."
"visura-storica","AL","ALESSANDRIA","127","286","86","F","","analitica","","","PVP sales 1 (1224703); Storica Analitica visura per immobile - Catasto Fabbricati."
"visura-storica","AL","ALESSANDRIA","127","286","88","F","","analitica","","","PVP sales 1 (1224703); Storica Analitica visura per immobile - Catasto Fabbricati."
"visura-storica","AL","ALESSANDRIA","127","286","90","F","","analitica","","","PVP sales 1 (1224703); Storica Analitica visura per immobile - Catasto Fabbricati."
"visura-storica","AL","ALESSANDRIA","127","286","97","F","","analitica","","","PVP sales 1 (1225146); Storica Analitica visura per immobile - Catasto Fabbricati."
"visura-storica","AL","ALESSANDRIA","127","286","98","F","","analitica","","","PVP sales 1 (1225211); Storica Analitica visura per immobile - Catasto Fabbricati."
"visura-storica","AL","ALESSANDRIA","129","191","21","F","","analitica","","","PVP sales 1 (432834); Storica Analitica visura per immobile - Catasto Fabbricati."
"visura-storica","AL","ALESSANDRIA","129","191","45","F","","analitica","","","PVP sales 1 (432834); Storica Analitica visura per immobile - Catasto Fabbricati."
"visura-storica","AL","ALESSANDRIA","129","230","26","F","","analitica","","","PVP sales 1 (1583019); Storica Analitica visura per immobile - Catasto Fabbricati."
"visura-storica","AL","ALESSANDRIA","129","419","1","F","","analitica","","","PVP sales 2 (919810,966723); Storica Analitica visura per immobile - Catasto Fabbricati."
"visura-storica","AL","ALESSANDRIA","129","419","2","F","","analitica","","","PVP sales 2 (919810,966723); Storica Analitica visura per immobile - Catasto Fabbricati."
"visura-storica","AL","ALESSANDRIA","129","419","3","F","","analitica","","","PVP sales 2 (919810,966723); Storica Analitica visura per immobile - Catasto Fabbricati."
"visura-storica","AL","ALESSANDRIA","129","419","4","F","","analitica","","","PVP sales 2 (919810,966723); Storica Analitica visura per immobile - Catasto Fabbricati."
"visura-storica","AL","ALESSANDRIA","129","437","11","F","","analitica","","","PVP sales 1 (527738); Storica Analitica visura per immobile - Catasto Fabbricati."
"visura-storica","AL","ALESSANDRIA","129","437","3","F","","analitica","","","PVP sales 1 (527738); Storica Analitica visura per immobile - Catasto Fabbricati."
"visura-storica","AL","ALESSANDRIA","129","443","","F","","analitica","","","PVP sales 2 (919810,966723); Storica Analitica visura per immobile - Catasto Fabbricati."
"visura-storica","AL","ALESSANDRIA","129","443","","T","","analitica","","","PVP sales 2 (919810,966723); Storica Analitica visura per immobile - Catasto Terreni."
"visura-storica","AL","ALESSANDRIA","129","445","","F","","analitica","","","PVP sales 2 (919810,966723); Storica Analitica visura per immobile - Catasto Fabbricati."
"visura-storica","AL","ALESSANDRIA","129","445","","T","","analitica","","","PVP sales 2 (919810,966723); Storica Analitica visura per immobile - Catasto Terreni."
"visura-storica","AL","ALESSANDRIA","13","18","","F","","analitica","","","PVP sales 2 (4211080,4264313); Storica Analitica visura per immobile - Catasto Fabbricati."
"visura-storica","AL","ALESSANDRIA","13","18","","T","","analitica","","","PVP sales 2 (4211080,4264313); Storica Analitica visura per immobile - Catasto Terreni."
"visura-storica","AL","ALESSANDRIA","13","192","","F","","analitica","","","PVP sales 1 (1560482); Storica Analitica visura per immobile - Catasto Fabbricati."
"visura-storica","AL","ALESSANDRIA","13","192","","T","","analitica","","","PVP sales 1 (1560482); Storica Analitica visura per immobile - Catasto Terreni."
"visura-storica","AL","ALESSANDRIA","130","167","1","F","","analitica","","","PVP sales 2 (910783,935266); Storica Analitica visura per immobile - Catasto Fabbricati."
"visura-storica","AL","ALESSANDRIA","130","171","","F","","analitica","","","PVP sales 1 (2085940); Storica Analitica visura per immobile - Catasto Fabbricati."
"visura-storica","AL","ALESSANDRIA","130","171","","T","","analitica","","","PVP sales 1 (2085940); Storica Analitica visura per immobile - Catasto Terreni."
"visura-storica","AL","ALESSANDRIA","130","171","4","F","","analitica","","","PVP sales 1 (2085940); Storica Analitica visura per immobile - Catasto Fabbricati."
"visura-storica","AL","ALESSANDRIA","130","172","","F","","analitica","","","PVP sales 1 (2085940); Storica Analitica visura per immobile - Catasto Fabbricati."
"visura-storica","AL","ALESSANDRIA","130","172","","T","","analitica","","","PVP sales 1 (2085940); Storica Analitica visura per immobile - Catasto Terreni."
"visura-storica","AL","ALESSANDRIA","130","172","11","F","","analitica","","","PVP sales 1 (2085940); Storica Analitica visura per immobile - Catasto Fabbricati."
"visura-storica","AL","ALESSANDRIA","130","208","1","F","","analitica","","","PVP sales 2 (910783,935266); Storica Analitica visura per immobile - Catasto Fabbricati."
"visura-storica","AL","ALESSANDRIA","130","208","2","F","","analitica","","","PVP sales 2 (910783,935266); Storica Analitica visura per immobile - Catasto Fabbricati."
"visura-storica","AL","ALESSANDRIA","130","85","11","F","","analitica","","","PVP sales 2 (385954,507288); Storica Analitica visura per immobile - Catasto Fabbricati."
"visura-storica","AL","ALESSANDRIA","130","90","8","F","","analitica","","","PVP sales 1 (1441254); Storica Analitica visura per immobile - Catasto Fabbricati."
"visura-storica","AL","ALESSANDRIA","131","124","10","F","","analitica","","","PVP sales 1 (1705320); Storica Analitica visura per immobile - Catasto Fabbricati."
"visura-storica","AL","ALESSANDRIA","131","124","22","F","","analitica","","","PVP sales 1 (1705320); Storica Analitica visura per immobile - Catasto Fabbricati."
"visura-storica","AL","ALESSANDRIA","131","170","17","F","","analitica","","","PVP sales 1 (490806); Storica Analitica visura per immobile - Catasto Fabbricati."
"visura-storica","AL","ALESSANDRIA","131","170","6","F","","analitica","","","PVP sales 2 (297873,490806); Storica Analitica visura per immobile - Catasto Fabbricati."
"visura-storica","AL","ALESSANDRIA","131","194","222","F","","analitica","","","PVP sales 1 (1876865); Storica Analitica visura per immobile - Catasto Fabbricati."
"visura-storica","AL","ALESSANDRIA","131","324","10","F","","analitica","","","PVP sales 1 (592155); Storica Analitica visura per immobile - Catasto Fabbricati."
"visura-storica","AL","ALESSANDRIA","131","394","218","F","","analitica","","","PVP sales 4 (1559809,1687424,1876832,2186056); Storica Analitica visura per immobile - Catasto Fabbricati."
"visura-storica","AL","ALESSANDRIA","131","394","219","F","","analitica","","","PVP sales 4 (1559809,1687424,1876832,2186056); Storica Analitica visura per immobile - Catasto Fabbricati."
"visura-storica","AL","ALESSANDRIA","131","394","220","F","","analitica","","","PVP sales 3 (1559822,1687432,1876856); Storica Analitica visura per immobile - Catasto Fabbricati."
"visura-storica","AL","ALESSANDRIA","131","394","221","F","","analitica","","","PVP sales 3 (1559822,1687432,1876856); Storica Analitica visura per immobile - Catasto Fabbricati."
"visura-storica","AL","ALESSANDRIA","131","394","222","F","","analitica","","","PVP sales 4 (1559833,1687435,1990853,2186075); Storica Analitica visura per immobile - Catasto Fabbricati."
"visura-storica","AL","ALESSANDRIA","131","394","223","F","","analitica","","","PVP sales 5 (1559833,1687435,1876865,1990853,2186075); Storica Analitica visura per immobile - Catasto Fabbricati."
"visura-storica","AL","ALESSANDRIA","131","394","224","F","","analitica","","","PVP sales 4 (1559865,1687441,1876868,1990909); Storica Analitica visura per immobile - Catasto Fabbricati."
"visura-storica","AL","ALESSANDRIA","132","375","6","F","","analitica","","","PVP sales 1 (590348); Storica Analitica visura per immobile - Catasto Fabbricati."
"visura-storica","AL","ALESSANDRIA","132","406","1","F","","analitica","","","PVP sales 1 (324589); Storica Analitica visura per immobile - Catasto Fabbricati."
"visura-storica","AL","ALESSANDRIA","132","414","1","F","","analitica","","","PVP sales 1 (334760); Storica Analitica visura per immobile - Catasto Fabbricati."
"visura-storica","AL","ALESSANDRIA","132","415","2","F","","analitica","","","PVP sales 3 (4473923,4503153,4542099); Storica Analitica visura per immobile - Catasto Fabbricati."
"visura-storica","AL","ALESSANDRIA","132","415","5","F","","analitica","","","PVP sales 3 (4473923,4503153,4542099); Storica Analitica visura per immobile - Catasto Fabbricati."
"visura-storica","AL","ALESSANDRIA","132","444","","F","","analitica","","","PVP sales 2 (4430248,4508197); Storica Analitica visura per immobile - Catasto Fabbricati."
"visura-storica","AL","ALESSANDRIA","132","444","","T","","analitica","","","PVP sales 2 (4430248,4508197); Storica Analitica visura per immobile - Catasto Terreni."
"visura-storica","AL","ALESSANDRIA","132","74","18","F","","analitica","","","PVP sales 1 (2080896); Storica Analitica visura per immobile - Catasto Fabbricati."
"visura-storica","AL","ALESSANDRIA","132","84","4","F","","analitica","","","PVP sales 2 (4430248,4508197); Storica Analitica visura per immobile - Catasto Fabbricati."
"visura-storica","AL","ALESSANDRIA","132","90","2","F","","analitica","","","PVP sales 1 (324589); Storica Analitica visura per immobile - Catasto Fabbricati."
"visura-storica","AL","ALESSANDRIA","133","1140","10","F","","analitica","","","PVP sales 1 (502040); Storica Analitica visura per immobile - Catasto Fabbricati."
"visura-storica","AL","ALESSANDRIA","133","2034","10","F","","analitica","","","PVP sales 1 (2078323); Storica Analitica visura per immobile - Catasto Fabbricati."
"visura-storica","AL","ALESSANDRIA","133","2034","26","F","","analitica","","","PVP sales 1 (2078323); Storica Analitica visura per immobile - Catasto Fabbricati."
"visura-storica","AL","ALESSANDRIA","133","2212","21","F","","analitica","","","PVP sales 1 (4524173); Storica Analitica visura per immobile - Catasto Fabbricati."
"visura-storica","AL","ALESSANDRIA","133","2212","22","F","","analitica","","","PVP sales 1 (4524173); Storica Analitica visura per immobile - Catasto Fabbricati."
"visura-storica","AL","ALESSANDRIA","133","535","","F","","analitica","","","PVP sales 2 (2148746,2245537); Storica Analitica visura per immobile - Catasto Fabbricati."
"visura-storica","AL","ALESSANDRIA","133","535","","T","","analitica","","","PVP sales 2 (2148746,2245537); Storica Analitica visura per immobile - Catasto Terreni."
"visura-storica","AL","ALESSANDRIA","134","220","2","F","","analitica","","","PVP sales 2 (2068899,2069031); Storica Analitica visura per immobile - Catasto Fabbricati."
"visura-storica","AL","ALESSANDRIA","134","220","3","F","","analitica","","","PVP sales 2 (2068899,2069031); Storica Analitica visura per immobile - Catasto Fabbricati."
"visura-storica","AL","ALESSANDRIA","134","220","4","F","","analitica","","","PVP sales 2 (2068899,2069031); Storica Analitica visura per immobile - Catasto Fabbricati."
"visura-storica","AL","ALESSANDRIA","135","2","","F","","analitica","","","PVP sales 1 (2069031); Storica Analitica visura per immobile - Catasto Fabbricati."
"visura-storica","AL","ALESSANDRIA","135","2","","T","","analitica","","","PVP sales 2 (2068899,2069031); Storica Analitica visura per immobile - Catasto Terreni."
"visura-storica","AL","ALESSANDRIA","135","38","1","F","","analitica","","","PVP sales 2 (2068899,2069031); Storica Analitica visura per immobile - Catasto Fabbricati."
"visura-storica","AL","ALESSANDRIA","135","39","1","F","","analitica","","","PVP sales 2 (2068899,2069031); Storica Analitica visura per immobile - Catasto Fabbricati."
"visura-storica","AL","ALESSANDRIA","144","229","","F","","analitica","","","PVP sales 1 (272023); Storica Analitica visura per immobile - Catasto Fabbricati."
"visura-storica","AL","ALESSANDRIA","144","229","","T","","analitica","","","PVP sales 1 (272023); Storica Analitica visura per immobile - Catasto Terreni."
"visura-storica","AL","ALESSANDRIA","144","75","5","F","","analitica","","","PVP sales 1 (272023); Storica Analitica visura per immobile - Catasto Fabbricati."
"visura-storica","AL","ALESSANDRIA","148","383","1","F","","analitica","","","PVP sales 1 (4563697); Storica Analitica visura per immobile - Catasto Fabbricati."
"visura-storica","AL","ALESSANDRIA","148","383","3","F","","analitica","","","PVP sales 1 (4563697); Storica Analitica visura per immobile - Catasto Fabbricati."
"visura-storica","AL","ALESSANDRIA","152","829","","F","","analitica","","","PVP sales 3 (469298,599132,783086); Storica Analitica visura per immobile - Catasto Fabbricati."
"visura-storica","AL","ALESSANDRIA","152","829","","T","","analitica","","","PVP sales 3 (469298,599132,783086); Storica Analitica visura per immobile - Catasto Terreni."
"visura-storica","AL","ALESSANDRIA","152","855","","F","","analitica","","","PVP sales 1 (344302); Storica Analitica visura per immobile - Catasto Fabbricati."
"visura-storica","AL","ALESSANDRIA","152","855","","T","","analitica","","","PVP sales 1 (344302); Storica Analitica visura per immobile - Catasto Terreni."
"visura-storica","AL","ALESSANDRIA","152","89","1","F","","analitica","","","PVP sales 1 (344302); Storica Analitica visura per immobile - Catasto Fabbricati."
"visura-storica","AL","ALESSANDRIA","152","998","","F","","analitica","","","PVP sales 1 (1423496); Storica Analitica visura per immobile - Catasto Fabbricati."
"visura-storica","AL","ALESSANDRIA","152","998","","T","","analitica","","","PVP sales 1 (1423496); Storica Analitica visura per immobile - Catasto Terreni."
"visura-storica","AL","ALESSANDRIA","158","2","","F","","analitica","","","PVP sales 1 (1758181); Storica Analitica visura per immobile - Catasto Fabbricati."
"visura-storica","AL","ALESSANDRIA","158","2","","T","","analitica","","","PVP sales 1 (1758181); Storica Analitica visura per immobile - Catasto Terreni."
"visura-storica","AL","ALESSANDRIA","158","2","3","F","","analitica","","","PVP sales 1 (1758181); Storica Analitica visura per immobile - Catasto Fabbricati."
"visura-storica","AL","ALESSANDRIA","158","2","4","F","","analitica","","","PVP sales 1 (1758181); Storica Analitica visura per immobile - Catasto Fabbricati."
"visura-storica","AL","ALESSANDRIA","158","2","6","F","","analitica","","","PVP sales 1 (1758181); Storica Analitica visura per immobile - Catasto Fabbricati."
"visura-storica","AL","ALESSANDRIA","158","223","3","F","","analitica","","","PVP sales 1 (4222151); Storica Analitica visura per immobile - Catasto Fabbricati."
"visura-storica","AL","ALESSANDRIA","158","223","4","F","","analitica","","","PVP sales 1 (4222151); Storica Analitica visura per immobile - Catasto Fabbricati."
"visura-storica","AL","ALESSANDRIA","158","625","","F","","analitica","","","PVP sales 1 (1758176); Storica Analitica visura per immobile - Catasto Fabbricati."
"visura-storica","AL","ALESSANDRIA","158","625","","T","","analitica","","","PVP sales 1 (1758176); Storica Analitica visura per immobile - Catasto Terreni."
"visura-storica","AL","ALESSANDRIA","158","626","","F","","analitica","","","PVP sales 1 (1758176); Storica Analitica visura per immobile - Catasto Fabbricati."
"visura-storica","AL","ALESSANDRIA","158","626","","T","","analitica","","","PVP sales 1 (1758176); Storica Analitica visura per immobile - Catasto Terreni."
"visura-storica","AL","ALESSANDRIA","158","626","2","F","","analitica","","","PVP sales 1 (1758176); Storica Analitica visura per immobile - Catasto Fabbricati."
"visura-storica","AL","ALESSANDRIA","158","626","4","F","","analitica","","","PVP sales 1 (1758176); Storica Analitica visura per immobile - Catasto Fabbricati."
"visura-storica","AL","ALESSANDRIA","158","626","6","F","","analitica","","","PVP sales 1 (1758176); Storica Analitica visura per immobile - Catasto Fabbricati."
"visura-storica","AL","ALESSANDRIA","158","626","7","F","","analitica","","","PVP sales 1 (1758176); Storica Analitica visura per immobile - Catasto Fabbricati."
"visura-storica","AL","ALESSANDRIA","16","244","1","F","","analitica","","","PVP sales 1 (287619); Storica Analitica visura per immobile - Catasto Fabbricati."
"visura-storica","AL","ALESSANDRIA","163","396","1","F","","analitica","","","PVP sales 1 (1565056); Storica Analitica visura per immobile - Catasto Fabbricati."
"visura-storica","AL","ALESSANDRIA","163","396","6","F","","analitica","","","PVP sales 1 (1565056); Storica Analitica visura per immobile - Catasto Fabbricati."
"visura-storica","AL","ALESSANDRIA","163","502","","F","","analitica","","","PVP sales 1 (616262); Storica Analitica visura per immobile - Catasto Fabbricati."
"visura-storica","AL","ALESSANDRIA","163","502","","T","","analitica","","","PVP sales 1 (616262); Storica Analitica visura per immobile - Catasto Terreni."
"visura-storica","AL","ALESSANDRIA","164","204","","F","","analitica","","","PVP sales 3 (281071,600649,744668); Storica Analitica visura per immobile - Catasto Fabbricati."
"visura-storica","AL","ALESSANDRIA","164","204","","T","","analitica","","","PVP sales 3 (281071,600649,744668); Storica Analitica visura per immobile - Catasto Terreni."
"visura-storica","AL","ALESSANDRIA","164","212","2","F","","analitica","","","PVP sales 3 (281071,600649,744668); Storica Analitica visura per immobile - Catasto Fabbricati."
"visura-storica","AL","ALESSANDRIA","164","212","3","F","","analitica","","","PVP sales 2 (281071,600649); Storica Analitica visura per immobile - Catasto Fabbricati."
"visura-storica","AL","ALESSANDRIA","164","214","","F","","analitica","","","PVP sales 3 (281071,600649,744668); Storica Analitica visura per immobile - Catasto Fabbricati."
"visura-storica","AL","ALESSANDRIA","164","214","","T","","analitica","","","PVP sales 3 (281071,600649,744668); Storica Analitica visura per immobile - Catasto Terreni."
"visura-storica","AL","ALESSANDRIA","169","116","","F","","analitica","","","PVP sales 2 (4387087,4455383); Storica Analitica visura per immobile - Catasto Fabbricati."
"visura-storica","AL","ALESSANDRIA","169","116","","T","","analitica","","","PVP sales 2 (4387087,4455383); Storica Analitica visura per immobile - Catasto Terreni."
"visura-storica","AL","ALESSANDRIA","173","246","1","F","","analitica","","","PVP sales 2 (4395571,4461521); Storica Analitica visura per immobile - Catasto Fabbricati."
"visura-storica","AL","ALESSANDRIA","173","602","","F","","analitica","","","PVP sales 1 (4480994); Storica Analitica visura per immobile - Catasto Fabbricati."
"visura-storica","AL","ALESSANDRIA","173","602","","T","","analitica","","","PVP sales 1 (4480994); Storica Analitica visura per immobile - Catasto Terreni."
"visura-storica","AL","ALESSANDRIA","173","844","2","F","","analitica","","","PVP sales 1 (4480994); Storica Analitica visura per immobile - Catasto Fabbricati."
"visura-storica","AL","ALESSANDRIA","176","152","","F","","analitica","","","PVP sales 2 (4450438,4513925); Storica Analitica visura per immobile - Catasto Fabbricati."
"visura-storica","AL","ALESSANDRIA","176","152","","T","","analitica","","","PVP sales 2 (4450438,4513925); Storica Analitica visura per immobile - Catasto Terreni."
"visura-storica","AL","ALESSANDRIA","176","152","7","F","","analitica","","","PVP sales 2 (4450438,4513925); Storica Analitica visura per immobile - Catasto Fabbricati."
"visura-storica","AL","ALESSANDRIA","176","152","8","F","","analitica","","","PVP sales 2 (4450438,4513925); Storica Analitica visura per immobile - Catasto Fabbricati."
"visura-storica","AL","ALESSANDRIA","181","186","","F","","analitica","","","PVP sales 1 (468442); Storica Analitica visura per immobile - Catasto Fabbricati."
"visura-storica","AL","ALESSANDRIA","181","186","","T","","analitica","","","PVP sales 1 (468442); Storica Analitica visura per immobile - Catasto Terreni."
"visura-storica","AL","ALESSANDRIA","181","187","","F","","analitica","","","PVP sales 1 (468442); Storica Analitica visura per immobile - Catasto Fabbricati."
"visura-storica","AL","ALESSANDRIA","181","187","","T","","analitica","","","PVP sales 1 (468442); Storica Analitica visura per immobile - Catasto Terreni."
"visura-storica","AL","ALESSANDRIA","181","79","","F","","analitica","","","PVP sales 1 (468442); Storica Analitica visura per immobile - Catasto Fabbricati."
"visura-storica","AL","ALESSANDRIA","181","79","","T","","analitica","","","PVP sales 1 (468442); Storica Analitica visura per immobile - Catasto Terreni."
"visura-storica","AL","ALESSANDRIA","181","80","3","F","","analitica","","","PVP sales 1 (468442); Storica Analitica visura per immobile - Catasto Fabbricati."
"visura-storica","AL","ALESSANDRIA","183","39","3","F","","analitica","","","PVP sales 2 (4438917,4506161); Storica Analitica visura per immobile - Catasto Fabbricati."
"visura-storica","AL","ALESSANDRIA","183","39","6","F","","analitica","","","PVP sales 2 (4438917,4506161); Storica Analitica visura per immobile - Catasto Fabbricati."
"visura-storica","AL","ALESSANDRIA","183","471","","F","","analitica","","","PVP sales 1 (217437); Storica Analitica visura per immobile - Catasto Fabbricati."
"visura-storica","AL","ALESSANDRIA","183","471","","T","","analitica","","","PVP sales 1 (217437); Storica Analitica visura per immobile - Catasto Terreni."
"visura-storica","AL","ALESSANDRIA","183","471","2","F","","analitica","","","PVP sales 1 (954031); Storica Analitica visura per immobile - Catasto Fabbricati."
"visura-storica","AL","ALESSANDRIA","183","471","3","F","","analitica","","","PVP sales 1 (1634116); Storica Analitica visura per immobile - Catasto Fabbricati."
"visura-storica","AL","ALESSANDRIA","188","344","2","F","","analitica","","","PVP sales 2 (2078318,2078327); Storica Analitica visura per immobile - Catasto Fabbricati."
"visura-storica","AL","ALESSANDRIA","188","344","3","F","","analitica","","","PVP sales 2 (2078318,2078327); Storica Analitica visura per immobile - Catasto Fabbricati."
"visura-storica","AL","ALESSANDRIA","19","234","","F","","analitica","","","PVP sales 1 (790749); Storica Analitica visura per immobile - Catasto Fabbricati."
"visura-storica","AL","ALESSANDRIA","19","234","","T","","analitica","","","PVP sales 1 (790749); Storica Analitica visura per immobile - Catasto Terreni."
"visura-storica","AL","ALESSANDRIA","19","234","2","F","","analitica","","","PVP sales 4 (347895,470165,610303,1499276); Storica Analitica visura per immobile - Catasto Fabbricati."
"visura-storica","AL","ALESSANDRIA","19","234","3","F","","analitica","","","PVP sales 3 (470165,610303,1499276); Storica Analitica visura per immobile - Catasto Fabbricati."
"visura-storica","AL","ALESSANDRIA","19","234","4","F","","analitica","","","PVP sales 4 (347895,470165,610303,1499276); Storica Analitica visura per immobile - Catasto Fabbricati."
"visura-storica","AL","ALESSANDRIA","19","234","5","F","","analitica","","","PVP sales 3 (470165,610303,1499276); Storica Analitica visura per immobile - Catasto Fabbricati."
"visura-storica","AL","ALESSANDRIA","19","991","13","F","","analitica","","","PVP sales 1 (4483812); Storica Analitica visura per immobile - Catasto Fabbricati."
"visura-storica","AL","ALESSANDRIA","19","991","6","F","","analitica","","","PVP sales 1 (4483812); Storica Analitica visura per immobile - Catasto Fabbricati."
"visura-storica","AL","ALESSANDRIA","2","124","","F","","analitica","","","PVP sales 1 (594767); Storica Analitica visura per immobile - Catasto Fabbricati."
"visura-storica","AL","ALESSANDRIA","2","124","","T","","analitica","","","PVP sales 1 (594767); Storica Analitica visura per immobile - Catasto Terreni."
"visura-storica","AL","ALESSANDRIA","2","138","","F","","analitica","","","PVP sales 2 (2035600,2241313); Storica Analitica visura per immobile - Catasto Fabbricati."
"visura-storica","AL","ALESSANDRIA","2","138","","T","","analitica","","","PVP sales 2 (2035600,2241313); Storica Analitica visura per immobile - Catasto Terreni."
"visura-storica","AL","ALESSANDRIA","2","317","","F","","analitica","","","PVP sales 1 (211277); Storica Analitica visura per immobile - Catasto Fabbricati."
"visura-storica","AL","ALESSANDRIA","2","317","","T","","analitica","","","PVP sales 1 (211277); Storica Analitica visura per immobile - Catasto Terreni."
"visura-storica","AL","ALESSANDRIA","2","320","","F","","analitica","","","PVP sales 1 (211277); Storica Analitica visura per immobile - Catasto Fabbricati."
"visura-storica","AL","ALESSANDRIA","2","320","","T","","analitica","","","PVP sales 1 (211277); Storica Analitica visura per immobile - Catasto Terreni."
"visura-storica","AL","ALESSANDRIA","2","323","","T","","analitica","","","PVP sales 1 (1727568); Storica Analitica visura per immobile - Catasto Terreni."
"visura-storica","AL","ALESSANDRIA","2","501","1","F","","analitica","","","PVP sales 2 (195337,207919); Storica Analitica visura per immobile - Catasto Fabbricati."
"visura-storica","AL","ALESSANDRIA","2","502","","F","","analitica","","","PVP sales 1 (211277); Storica Analitica visura per immobile - Catasto Fabbricati."
"visura-storica","AL","ALESSANDRIA","2","502","","T","","analitica","","","PVP sales 1 (211277); Storica Analitica visura per immobile - Catasto Terreni."
"visura-storica","AL","ALESSANDRIA","2","504","","F","","analitica","","","PVP sales 1 (211277); Storica Analitica visura per immobile - Catasto Fabbricati."
"visura-storica","AL","ALESSANDRIA","2","504","","T","","analitica","","","PVP sales 1 (211277); Storica Analitica visura per immobile - Catasto Terreni."
"visura-storica","AL","ALESSANDRIA","2","8","10","F","","analitica","","","PVP sales 1 (2040916); Storica Analitica visura per immobile - Catasto Fabbricati."
"visura-storica","AL","ALESSANDRIA","2","819","","T","","analitica","","","PVP sales 1 (1727568); Storica Analitica visura per immobile - Catasto Terreni."
"visura-storica","AL","ALESSANDRIA","2","906","","F","","analitica","","","PVP sales 1 (1727568); Storica Analitica visura per immobile - Catasto Fabbricati."
"visura-storica","AL","ALESSANDRIA","2","907","2","F","","analitica","","","PVP sales 1 (1727568); Storica Analitica visura per immobile - Catasto Fabbricati."
"visura-storica","AL","ALESSANDRIA","20","620","16","F","","analitica","","","PVP sales 1 (1696358); Storica Analitica visura per immobile - Catasto Fabbricati."
"visura-storica","AL","ALESSANDRIA","20","620","20","F","","analitica","","","PVP sales 1 (1696358); Storica Analitica visura per immobile - Catasto Fabbricati."
"visura-storica","AL","ALESSANDRIA","20","620","23","F","","analitica","","","PVP sales 1 (1696384); Storica Analitica visura per immobile - Catasto Fabbricati."
"visura-storica","AL","ALESSANDRIA","20","620","6","F","","analitica","","","PVP sales 1 (1696272); Storica Analitica visura per immobile - Catasto Fabbricati."
"visura-storica","AL","ALESSANDRIA","20","620","9","F","","analitica","","","PVP sales 1 (1696272); Storica Analitica visura per immobile - Catasto Fabbricati."
"visura-storica","AL","ALESSANDRIA","20","966","1","F","","analitica","","","PVP sales 1 (1524188); Storica Analitica visura per immobile - Catasto Fabbricati."
"visura-storica","AL","ALESSANDRIA","20","966","2","F","","analitica","","","PVP sales 1 (1524188); Storica Analitica visura per immobile - Catasto Fabbricati."
"visura-storica","AL","ALESSANDRIA","202","1121","1","F","","analitica","","","PVP sales 3 (2109348,2109402,2222420); Storica Analitica visura per immobile - Catasto Fabbricati."
"visura-storica","AL","ALESSANDRIA","202","1121","7","F","","analitica","","","PVP sales 3 (2109348,2109402,2222420); Storica Analitica visura per immobile - Catasto Fabbricati."
"visura-storica","AL","ALESSANDRIA","202","1121","8","F","","analitica","","","PVP sales 3 (2109348,2109402,2222420); Storica Analitica visura per immobile - Catasto Fabbricati."
"visura-storica","AL","ALESSANDRIA","202","155","4","F","","analitica","","","PVP sales 1 (1190390); Storica Analitica visura per immobile - Catasto Fabbricati."
"visura-storica","AL","ALESSANDRIA","202","155","5","F","","analitica","","","PVP sales 1 (1190390); Storica Analitica visura per immobile - Catasto Fabbricati."
"visura-storica","AL","ALESSANDRIA","202","1870","","F","","analitica","","","PVP sales 1 (378723); Storica Analitica visura per immobile - Catasto Fabbricati."
"visura-storica","AL","ALESSANDRIA","202","1870","","T","","analitica","","","PVP sales 1 (378723); Storica Analitica visura per immobile - Catasto Terreni."
"visura-storica","AL","ALESSANDRIA","202","1958","","F","","analitica","","","PVP sales 1 (334917); Storica Analitica visura per immobile - Catasto Fabbricati."
"visura-storica","AL","ALESSANDRIA","202","1958","","T","","analitica","","","PVP sales 1 (334917); Storica Analitica visura per immobile - Catasto Terreni."
"visura-storica","AL","ALESSANDRIA","202","2009","1","F","","analitica","","","PVP sales 1 (1157863); Storica Analitica visura per immobile - Catasto Fabbricati."
"visura-storica","AL","ALESSANDRIA","202","2009","27","F","","analitica","","","PVP sales 1 (1157863); Storica Analitica visura per immobile - Catasto Fabbricati."
"visura-storica","AL","ALESSANDRIA","202","2024","","F","","analitica","","","PVP sales 1 (378723); Storica Analitica visura per immobile - Catasto Fabbricati."
"visura-storica","AL","ALESSANDRIA","202","2024","","T","","analitica","","","PVP sales 1 (378723); Storica Analitica visura per immobile - Catasto Terreni."
"visura-storica","AL","ALESSANDRIA","202","2027","","F","","analitica","","","PVP sales 1 (378723); Storica Analitica visura per immobile - Catasto Fabbricati."
"visura-storica","AL","ALESSANDRIA","202","2027","","T","","analitica","","","PVP sales 1 (378723); Storica Analitica visura per immobile - Catasto Terreni."
"visura-storica","AL","ALESSANDRIA","202","2028","","F","","analitica","","","PVP sales 1 (378723); Storica Analitica visura per immobile - Catasto Fabbricati."
"visura-storica","AL","ALESSANDRIA","202","2028","","T","","analitica","","","PVP sales 1 (378723); Storica Analitica visura per immobile - Catasto Terreni."
"visura-storica","AL","ALESSANDRIA","202","2029","","F","","analitica","","","PVP sales 1 (378723); Storica Analitica visura per immobile - Catasto Fabbricati."
"visura-storica","AL","ALESSANDRIA","202","2029","","T","","analitica","","","PVP sales 1 (378723); Storica Analitica visura per immobile - Catasto Terreni."
"visura-storica","AL","ALESSANDRIA","202","2030","","F","","analitica","","","PVP sales 1 (378723); Storica Analitica visura per immobile - Catasto Fabbricati."
"visura-storica","AL","ALESSANDRIA","202","2030","","T","","analitica","","","PVP sales 1 (378723); Storica Analitica visura per immobile - Catasto Terreni."
"visura-storica","AL","ALESSANDRIA","202","2031","","F","","analitica","","","PVP sales 1 (378723); Storica Analitica visura per immobile - Catasto Fabbricati."
"visura-storica","AL","ALESSANDRIA","202","2031","","T","","analitica","","","PVP sales 1 (378723); Storica Analitica visura per immobile - Catasto Terreni."
"visura-storica","AL","ALESSANDRIA","202","2127","","F","","analitica","","","PVP sales 1 (334917); Storica Analitica visura per immobile - Catasto Fabbricati."
"visura-storica","AL","ALESSANDRIA","202","2127","","T","","analitica","","","PVP sales 1 (334917); Storica Analitica visura per immobile - Catasto Terreni."
"visura-storica","AL","ALESSANDRIA","202","2157","11","F","","analitica","","","PVP sales 1 (4277831); Storica Analitica visura per immobile - Catasto Fabbricati."
"visura-storica","AL","ALESSANDRIA","202","2157","12","F","","analitica","","","PVP sales 1 (4277831); Storica Analitica visura per immobile - Catasto Fabbricati."
"visura-storica","AL","ALESSANDRIA","202","2157","13","F","","analitica","","","PVP sales 1 (4277831); Storica Analitica visura per immobile - Catasto Fabbricati."
"visura-storica","AL","ALESSANDRIA","202","2157","15","F","","analitica","","","PVP sales 1 (4277831); Storica Analitica visura per immobile - Catasto Fabbricati."
"visura-storica","AL","ALESSANDRIA","202","219","17","F","","analitica","","","PVP sales 1 (2122055); Storica Analitica visura per immobile - Catasto Fabbricati."
"visura-storica","AL","ALESSANDRIA","202","219","18","F","","analitica","","","PVP sales 1 (2122055); Storica Analitica visura per immobile - Catasto Fabbricati."
"visura-storica","AL","ALESSANDRIA","202","5","4","F","","analitica","","","PVP sales 1 (1697805); Storica Analitica visura per immobile - Catasto Fabbricati."
"visura-storica","AL","ALESSANDRIA","202","989","2","F","","analitica","","","PVP sales 1 (334917); Storica Analitica visura per immobile - Catasto Fabbricati."
"visura-storica","AL","ALESSANDRIA","203","1246","","F","","analitica","","","PVP sales 1 (4523674); Storica Analitica visura per immobile - Catasto Fabbricati."
"visura-storica","AL","ALESSANDRIA","203","1246","","T","","analitica","","","PVP sales 1 (4523674); Storica Analitica visura per immobile - Catasto Terreni."
"visura-storica","AL","ALESSANDRIA","203","1318","19","F","","analitica","","","PVP sales 2 (920027,1499370); Storica Analitica visura per immobile - Catasto Fabbricati."
"visura-storica","AL","ALESSANDRIA","203","1410","16","F","","analitica","","","PVP sales 1 (2249315); Storica Analitica visura per immobile - Catasto Fabbricati."
"visura-storica","AL","ALESSANDRIA","203","1410","40","F","","analitica","","","PVP sales 1 (2249315); Storica Analitica visura per immobile - Catasto Fabbricati."
"visura-storica","AL","ALESSANDRIA","203","1410","44","F","","analitica","","","PVP sales 1 (2249315); Storica Analitica visura per immobile - Catasto Fabbricati."
"visura-storica","AL","ALESSANDRIA","203","1410","52","F","","analitica","","","PVP sales 1 (2249315); Storica Analitica visura per immobile - Catasto Fabbricati."
"visura-storica","AL","ALESSANDRIA","203","506","","F","","analitica","","","PVP sales 1 (4523674); Storica Analitica visura per immobile - Catasto Fabbricati."
"visura-storica","AL","ALESSANDRIA","203","506","","T","","analitica","","","PVP sales 1 (4523674); Storica Analitica visura per immobile - Catasto Terreni."
"visura-storica","AL","ALESSANDRIA","203","533","13","F","","analitica","","","PVP sales 1 (1519090); Storica Analitica visura per immobile - Catasto Fabbricati."
"visura-storica","AL","ALESSANDRIA","203","533","2","F","","analitica","","","PVP sales 1 (1519156); Storica Analitica visura per immobile - Catasto Fabbricati."
"visura-storica","AL","ALESSANDRIA","203","948","31","F","","analitica","","","PVP sales 1 (2144812); Storica Analitica visura per immobile - Catasto Fabbricati."
"visura-storica","AL","ALESSANDRIA","203","948","6","F","","analitica","","","PVP sales 1 (2144812); Storica Analitica visura per immobile - Catasto Fabbricati."
"visura-storica","AL","ALESSANDRIA","219","595","","F","","analitica","","","PVP sales 1 (1704703); Storica Analitica visura per immobile - Catasto Fabbricati."
"visura-storica","AL","ALESSANDRIA","219","595","","T","","analitica","","","PVP sales 1 (1704703); Storica Analitica visura per immobile - Catasto Terreni."
"visura-storica","AL","ALESSANDRIA","219","596","","F","","analitica","","","PVP sales 1 (1704703); Storica Analitica visura per immobile - Catasto Fabbricati."
"visura-storica","AL","ALESSANDRIA","219","596","","T","","analitica","","","PVP sales 1 (1704703); Storica Analitica visura per immobile - Catasto Terreni."
"visura-storica","AL","ALESSANDRIA","219","610","18","F","","analitica","","","PVP sales 1 (4396722); Storica Analitica visura per immobile - Catasto Fabbricati."
"visura-storica","AL","ALESSANDRIA","219","610","26","F","","analitica","","","PVP sales 1 (4396722); Storica Analitica visura per immobile - Catasto Fabbricati."
"visura-storica","AL","ALESSANDRIA","219","610","5","F","","analitica","","","PVP sales 1 (4396722); Storica Analitica visura per immobile - Catasto Fabbricati."
"visura-storica","AL","ALESSANDRIA","219","690","","F","","analitica","","","PVP sales 1 (390037); Storica Analitica visura per immobile - Catasto Fabbricati."
"visura-storica","AL","ALESSANDRIA","219","690","","T","","analitica","","","PVP sales 1 (390037); Storica Analitica visura per immobile - Catasto Terreni."
"visura-storica","AL","ALESSANDRIA","219","694","","F","","analitica","","","PVP sales 3 (4217118,4425817,4553586); Storica Analitica visura per immobile - Catasto Fabbricati."
"visura-storica","AL","ALESSANDRIA","219","694","","T","","analitica","","","PVP sales 3 (4217118,4425817,4553586); Storica Analitica visura per immobile - Catasto Terreni."
"visura-storica","AL","ALESSANDRIA","219","702","","F","","analitica","","","PVP sales 4 (389940,390019,498250,641331); Storica Analitica visura per immobile - Catasto Fabbricati."
"visura-storica","AL","ALESSANDRIA","219","702","","T","","analitica","","","PVP sales 4 (389940,390019,498250,641331); Storica Analitica visura per immobile - Catasto Terreni."
"visura-storica","AL","ALESSANDRIA","221","1034","1","F","","analitica","","","PVP sales 1 (528411); Storica Analitica visura per immobile - Catasto Fabbricati."
"visura-storica","AL","ALESSANDRIA","221","1034","6","F","","analitica","","","PVP sales 1 (528411); Storica Analitica visura per immobile - Catasto Fabbricati."
"visura-storica","AL","ALESSANDRIA","221","1037","1","F","","analitica","","","PVP sales 1 (527974); Storica Analitica visura per immobile - Catasto Fabbricati."
"visura-storica","AL","ALESSANDRIA","221","1037","6","F","","analitica","","","PVP sales 1 (527974); Storica Analitica visura per immobile - Catasto Fabbricati."
"visura-storica","AL","ALESSANDRIA","221","1048","14","F","","analitica","","","PVP sales 2 (398143,602299); Storica Analitica visura per immobile - Catasto Fabbricati."
"visura-storica","AL","ALESSANDRIA","221","1048","7","F","","analitica","","","PVP sales 2 (398143,602299); Storica Analitica visura per immobile - Catasto Fabbricati."
"visura-storica","AL","ALESSANDRIA","222","32","4","F","","analitica","","","PVP sales 1 (4519686); Storica Analitica visura per immobile - Catasto Fabbricati."
"visura-storica","AL","ALESSANDRIA","222","342","","F","","analitica","","","PVP sales 2 (330487,431931); Storica Analitica visura per immobile - Catasto Fabbricati."
"visura-storica","AL","ALESSANDRIA","222","342","","T","","analitica","","","PVP sales 2 (330487,431931); Storica Analitica visura per immobile - Catasto Terreni."
"visura-storica","AL","ALESSANDRIA","222","641","23","F","","analitica","","","PVP sales 1 (4253135); Storica Analitica visura per immobile - Catasto Fabbricati."
"visura-storica","AL","ALESSANDRIA","222","641","7","F","","analitica","","","PVP sales 1 (4253135); Storica Analitica visura per immobile - Catasto Fabbricati."
"visura-storica","AL","ALESSANDRIA","222","732","1","F","","analitica","","","PVP sales 1 (496372); Storica Analitica visura per immobile - Catasto Fabbricati."
"visura-storica","AL","ALESSANDRIA","222","765","","F","","analitica","","","PVP sales 1 (330487); Storica Analitica visura per immobile - Catasto Fabbricati."
"visura-storica","AL","ALESSANDRIA","222","765","","T","","analitica","","","PVP sales 1 (330487); Storica Analitica visura per immobile - Catasto Terreni."
"visura-storica","AL","ALESSANDRIA","222","842","1","F","","analitica","","","PVP sales 1 (4487467); Storica Analitica visura per immobile - Catasto Fabbricati."
"visura-storica","AL","ALESSANDRIA","222","842","2","F","","analitica","","","PVP sales 1 (4487467); Storica Analitica visura per immobile - Catasto Fabbricati."
"visura-storica","AL","ALESSANDRIA","224","79","1","F","","analitica","","","PVP sales 3 (4483976,4504108,4539889); Storica Analitica visura per immobile - Catasto Fabbricati."
"visura-storica","AL","ALESSANDRIA","224","826","4","F","","analitica","","","PVP sales 3 (4483976,4504108,4539889); Storica Analitica visura per immobile - Catasto Fabbricati."
"visura-storica","AL","ALESSANDRIA","224","856","2","F","","analitica","","","PVP sales 1 (4537624); Storica Analitica visura per immobile - Catasto Fabbricati."
"visura-storica","AL","ALESSANDRIA","224","856","3","F","","analitica","","","PVP sales 1 (4537624); Storica Analitica visura per immobile - Catasto Fabbricati."
"visura-storica","AL","ALESSANDRIA","224","865","6","F","","analitica","","","PVP sales 1 (4537894); Storica Analitica visura per immobile - Catasto Fabbricati."
"visura-storica","AL","ALESSANDRIA","226","684","1","F","","analitica","","","PVP sales 1 (346877); Storica Analitica visura per immobile - Catasto Fabbricati."
"visura-storica","AL","ALESSANDRIA","226","684","2","F","","analitica","","","PVP sales 1 (346877); Storica Analitica visura per immobile - Catasto Fabbricati."
"visura-storica","AL","ALESSANDRIA","226","684","3","F","","analitica","","","PVP sales 1 (346877); Storica Analitica visura per immobile - Catasto Fabbricati."
"visura-storica","AL","ALESSANDRIA","228","157","","F","","analitica","","","PVP sales 1 (901344); Storica Analitica visura per immobile - Catasto Fabbricati."
"visura-storica","AL","ALESSANDRIA","228","157","","T","","analitica","","","PVP sales 1 (901344); Storica Analitica visura per immobile - Catasto Terreni."
"visura-storica","AL","ALESSANDRIA","228","1802","1","F","","analitica","","","PVP sales 1 (2097311); Storica Analitica visura per immobile - Catasto Fabbricati."
"visura-storica","AL","ALESSANDRIA","228","1802","2","F","","analitica","","","PVP sales 1 (2097311); Storica Analitica visura per immobile - Catasto Fabbricati."
"visura-storica","AL","ALESSANDRIA","228","1802","3","F","","analitica","","","PVP sales 1 (2097311); Storica Analitica visura per immobile - Catasto Fabbricati."
"visura-storica","AL","ALESSANDRIA","228","197","3","F","","analitica","","","PVP sales 1 (763267); Storica Analitica visura per immobile - Catasto Fabbricati."
"visura-storica","AL","ALESSANDRIA","228","228","1","F","","analitica","","","PVP sales 1 (598504); Storica Analitica visura per immobile - Catasto Fabbricati."
"visura-storica","AL","ALESSANDRIA","228","281","6","F","","analitica","","","PVP sales 1 (1798782); Storica Analitica visura per immobile - Catasto Fabbricati."
"visura-storica","AL","ALESSANDRIA","228","657","1","F","","analitica","","","PVP sales 1 (645089); Storica Analitica visura per immobile - Catasto Fabbricati."
"visura-storica","AL","ALESSANDRIA","228","657","2","F","","analitica","","","PVP sales 1 (645089); Storica Analitica visura per immobile - Catasto Fabbricati."
"visura-storica","AL","ALESSANDRIA","228","87","","F","","analitica","","","PVP sales 1 (2033678); Storica Analitica visura per immobile - Catasto Fabbricati."
"visura-storica","AL","ALESSANDRIA","228","87","","T","","analitica","","","PVP sales 1 (2033678); Storica Analitica visura per immobile - Catasto Terreni."
"visura-storica","AL","ALESSANDRIA","228","894","1","F","","analitica","","","PVP sales 3 (456213,598504,763267); Storica Analitica visura per immobile - Catasto Fabbricati."
"visura-storica","AL","ALESSANDRIA","230","122","","F","","analitica","","","PVP sales 1 (4555152); Storica Analitica visura per immobile - Catasto Fabbricati."
"visura-storica","AL","ALESSANDRIA","230","122","","T","","analitica","","","PVP sales 1 (4555152); Storica Analitica visura per immobile - Catasto Terreni."
"visura-storica","AL","ALESSANDRIA","230","362","","F","","analitica","","","PVP sales 1 (4555208); Storica Analitica visura per immobile - Catasto Fabbricati."
"visura-storica","AL","ALESSANDRIA","230","362","","T","","analitica","","","PVP sales 1 (4555208); Storica Analitica visura per immobile - Catasto Terreni."
"visura-storica","AL","ALESSANDRIA","230","459","","F","","analitica","","","PVP sales 3 (4554969,4555107,4555187); Storica Analitica visura per immobile - Catasto Fabbricati."
"visura-storica","AL","ALESSANDRIA","230","459","","T","","analitica","","","PVP sales 3 (4554969,4555107,4555187); Storica Analitica visura per immobile - Catasto Terreni."
"visura-storica","AL","ALESSANDRIA","233","865","17","F","","analitica","","","PVP sales 1 (373526); Storica Analitica visura per immobile - Catasto Fabbricati."
"visura-storica","AL","ALESSANDRIA","233","865","8","F","","analitica","","","PVP sales 1 (373526); Storica Analitica visura per immobile - Catasto Fabbricati."
"visura-storica","AL","ALESSANDRIA","233","874","3","F","","analitica","","","PVP sales 1 (373526); Storica Analitica visura per immobile - Catasto Fabbricati."
"visura-storica","AL","ALESSANDRIA","234","45","","F","","analitica","","","PVP sales 2 (151050,338513); Storica Analitica visura per immobile - Catasto Fabbricati."
"visura-storica","AL","ALESSANDRIA","234","45","","T","","analitica","","","PVP sales 2 (151050,338513); Storica Analitica visura per immobile - Catasto Terreni."
"visura-storica","AL","ALESSANDRIA","234","521","","F","","analitica","","","PVP sales 2 (151050,338513); Storica Analitica visura per immobile - Catasto Fabbricati."
"visura-storica","AL","ALESSANDRIA","234","521","","T","","analitica","","","PVP sales 2 (151050,338513); Storica Analitica visura per immobile - Catasto Terreni."
"visura-storica","AL","ALESSANDRIA","234","521","2","F","","analitica","","","PVP sales 2 (151050,338513); Storica Analitica visura per immobile - Catasto Fabbricati."
"visura-storica","AL","ALESSANDRIA","234","521","6","F","","analitica","","","PVP sales 2 (151050,338513); Storica Analitica visura per immobile - Catasto Fabbricati."
"visura-storica","AL","ALESSANDRIA","234","522","","F","","analitica","","","PVP sales 2 (151050,338513); Storica Analitica visura per immobile - Catasto Fabbricati."
"visura-storica","AL","ALESSANDRIA","234","522","","T","","analitica","","","PVP sales 2 (151050,338513); Storica Analitica visura per immobile - Catasto Terreni."
"visura-storica","AL","ALESSANDRIA","234","523","","F","","analitica","","","PVP sales 2 (151050,338513); Storica Analitica visura per immobile - Catasto Fabbricati."
"visura-storica","AL","ALESSANDRIA","234","523","","T","","analitica","","","PVP sales 2 (151050,338513); Storica Analitica visura per immobile - Catasto Terreni."
"visura-storica","AL","ALESSANDRIA","234","524","","F","","analitica","","","PVP sales 2 (151050,338513); Storica Analitica visura per immobile - Catasto Fabbricati."
"visura-storica","AL","ALESSANDRIA","234","524","","T","","analitica","","","PVP sales 2 (151050,338513); Storica Analitica visura per immobile - Catasto Terreni."
"visura-storica","AL","ALESSANDRIA","234","525","","F","","analitica","","","PVP sales 2 (151050,338513); Storica Analitica visura per immobile - Catasto Fabbricati."
"visura-storica","AL","ALESSANDRIA","234","525","","T","","analitica","","","PVP sales 2 (151050,338513); Storica Analitica visura per immobile - Catasto Terreni."
"visura-storica","AL","ALESSANDRIA","235","305","1","F","","analitica","","","PVP sales 1 (1849458); Storica Analitica visura per immobile - Catasto Fabbricati."
"visura-storica","AL","ALESSANDRIA","235","305","2","F","","analitica","","","PVP sales 1 (1849458); Storica Analitica visura per immobile - Catasto Fabbricati."
"visura-storica","AL","ALESSANDRIA","235","305","3","F","","analitica","","","PVP sales 1 (1849458); Storica Analitica visura per immobile - Catasto Fabbricati."
"visura-storica","AL","ALESSANDRIA","24","558","2","F","","analitica","","","PVP sales 1 (295546); Storica Analitica visura per immobile - Catasto Fabbricati."
"visura-storica","AL","ALESSANDRIA","25","215","","F","","analitica","","","PVP sales 3 (4473909,4503152,4542103); Storica Analitica visura per immobile - Catasto Fabbricati."
"visura-storica","AL","ALESSANDRIA","25","215","","T","","analitica","","","PVP sales 3 (4473909,4503152,4542103); Storica Analitica visura per immobile - Catasto Terreni."
"visura-storica","AL","ALESSANDRIA","25","225","","F","","analitica","","","PVP sales 3 (4473909,4503152,4542103); Storica Analitica visura per immobile - Catasto Fabbricati."
"visura-storica","AL","ALESSANDRIA","25","225","","T","","analitica","","","PVP sales 3 (4473909,4503152,4542103); Storica Analitica visura per immobile - Catasto Terreni."
"visura-storica","AL","ALESSANDRIA","25","429","","F","","analitica","","","PVP sales 3 (4473909,4503152,4542103); Storica Analitica visura per immobile - Catasto Fabbricati."
"visura-storica","AL","ALESSANDRIA","25","429","","T","","analitica","","","PVP sales 3 (4473909,4503152,4542103); Storica Analitica visura per immobile - Catasto Terreni."
"visura-storica","AL","ALESSANDRIA","25","518","","F","","analitica","","","PVP sales 3 (4473909,4503152,4542103); Storica Analitica visura per immobile - Catasto Fabbricati."
"visura-storica","AL","ALESSANDRIA","25","518","","T","","analitica","","","PVP sales 3 (4473909,4503152,4542103); Storica Analitica visura per immobile - Catasto Terreni."
"visura-storica","AL","ALESSANDRIA","25","59","","F","","analitica","","","PVP sales 3 (4473909,4503152,4542103); Storica Analitica visura per immobile - Catasto Fabbricati."
"visura-storica","AL","ALESSANDRIA","25","59","","T","","analitica","","","PVP sales 3 (4473909,4503152,4542103); Storica Analitica visura per immobile - Catasto Terreni."
"visura-storica","AL","ALESSANDRIA","25","60","","F","","analitica","","","PVP sales 3 (4473909,4503152,4542103); Storica Analitica visura per immobile - Catasto Fabbricati."
"visura-storica","AL","ALESSANDRIA","25","60","","T","","analitica","","","PVP sales 3 (4473909,4503152,4542103); Storica Analitica visura per immobile - Catasto Terreni."
"visura-storica","AL","ALESSANDRIA","25","61","","F","","analitica","","","PVP sales 3 (4473909,4503152,4542103); Storica Analitica visura per immobile - Catasto Fabbricati."
"visura-storica","AL","ALESSANDRIA","25","61","","T","","analitica","","","PVP sales 3 (4473909,4503152,4542103); Storica Analitica visura per immobile - Catasto Terreni."
"visura-storica","AL","ALESSANDRIA","25","62","","F","","analitica","","","PVP sales 3 (4473909,4503152,4542103); Storica Analitica visura per immobile - Catasto Fabbricati."
"visura-storica","AL","ALESSANDRIA","25","62","","T","","analitica","","","PVP sales 3 (4473909,4503152,4542103); Storica Analitica visura per immobile - Catasto Terreni."
"visura-storica","AL","ALESSANDRIA","25","63","","F","","analitica","","","PVP sales 3 (4473909,4503152,4542103); Storica Analitica visura per immobile - Catasto Fabbricati."
"visura-storica","AL","ALESSANDRIA","25","63","","T","","analitica","","","PVP sales 3 (4473909,4503152,4542103); Storica Analitica visura per immobile - Catasto Terreni."
"visura-storica","AL","ALESSANDRIA","25","64","","F","","analitica","","","PVP sales 3 (4473909,4503152,4542103); Storica Analitica visura per immobile - Catasto Fabbricati."
"visura-storica","AL","ALESSANDRIA","25","64","","T","","analitica","","","PVP sales 3 (4473909,4503152,4542103); Storica Analitica visura per immobile - Catasto Terreni."
"visura-storica","AL","ALESSANDRIA","25","65","","F","","analitica","","","PVP sales 3 (4473909,4503152,4542103); Storica Analitica visura per immobile - Catasto Fabbricati."
"visura-storica","AL","ALESSANDRIA","25","65","","T","","analitica","","","PVP sales 3 (4473909,4503152,4542103); Storica Analitica visura per immobile - Catasto Terreni."
"visura-storica","AL","ALESSANDRIA","268","136","19","F","","analitica","","","PVP sales 1 (2159097); Storica Analitica visura per immobile - Catasto Fabbricati."
"visura-storica","AL","ALESSANDRIA","268","138","1","F","","analitica","","","PVP sales 1 (1892368); Storica Analitica visura per immobile - Catasto Fabbricati."
"visura-storica","AL","ALESSANDRIA","268","1473","12","F","","analitica","","","PVP sales 1 (161253); Storica Analitica visura per immobile - Catasto Fabbricati."
"visura-storica","AL","ALESSANDRIA","268","2107","76","F","","analitica","","","PVP sales 1 (349172); Storica Analitica visura per immobile - Catasto Fabbricati."
"visura-storica","AL","ALESSANDRIA","268","2371","18","F","","analitica","","","PVP sales 3 (2168022,2245971,4239227); Storica Analitica visura per immobile - Catasto Fabbricati."
"visura-storica","AL","ALESSANDRIA","268","2371","19","F","","analitica","","","PVP sales 2 (2168010,2245958); Storica Analitica visura per immobile - Catasto Fabbricati."
"visura-storica","AL","ALESSANDRIA","268","2678","27","F","","analitica","","","PVP sales 1 (4422582); Storica Analitica visura per immobile - Catasto Fabbricati."
"visura-storica","AL","ALESSANDRIA","268","2991","25","F","","analitica","","","PVP sales 1 (475050); Storica Analitica visura per immobile - Catasto Fabbricati."
"visura-storica","AL","ALESSANDRIA","268","3146","80","F","","analitica","","","PVP sales 1 (1423151); Storica Analitica visura per immobile - Catasto Fabbricati."
"visura-storica","AL","ALESSANDRIA","268","3199","1","F","","analitica","","","PVP sales 1 (1568508); Storica Analitica visura per immobile - Catasto Fabbricati."
"visura-storica","AL","ALESSANDRIA","268","3209","1","F","","analitica","","","PVP sales 1 (4481777); Storica Analitica visura per immobile - Catasto Fabbricati."
"visura-storica","AL","ALESSANDRIA","268","3209","21","F","","analitica","","","PVP sales 1 (4481777); Storica Analitica visura per immobile - Catasto Fabbricati."
"visura-storica","AL","ALESSANDRIA","268","3209","37","F","","analitica","","","PVP sales 1 (4481777); Storica Analitica visura per immobile - Catasto Fabbricati."
"visura-storica","AL","ALESSANDRIA","268","3209","38","F","","analitica","","","PVP sales 1 (4481777); Storica Analitica visura per immobile - Catasto Fabbricati."
"visura-storica","AL","ALESSANDRIA","268","3296","23","F","","analitica","","","PVP sales 1 (2055202); Storica Analitica visura per immobile - Catasto Fabbricati."
"visura-storica","AL","ALESSANDRIA","268","3347","45","F","","analitica","","","PVP sales 1 (2172520); Storica Analitica visura per immobile - Catasto Fabbricati."
"visura-storica","AL","ALESSANDRIA","268","3823","4","F","","analitica","","","PVP sales 1 (288235); Storica Analitica visura per immobile - Catasto Fabbricati."
"visura-storica","AL","ALESSANDRIA","268","3924","8","F","","analitica","","","PVP sales 3 (374593,517303,772301); Storica Analitica visura per immobile - Catasto Fabbricati."
"visura-storica","AL","ALESSANDRIA","268","3930","1","F","","analitica","","","PVP sales 1 (531793); Storica Analitica visura per immobile - Catasto Fabbricati."
"visura-storica","AL","ALESSANDRIA","268","3999","20","F","","analitica","","","PVP sales 1 (938964); Storica Analitica visura per immobile - Catasto Fabbricati."
"visura-storica","AL","ALESSANDRIA","268","3999","3","F","","analitica","","","PVP sales 1 (4513007); Storica Analitica visura per immobile - Catasto Fabbricati."
"visura-storica","AL","ALESSANDRIA","268","3999","49","F","","analitica","","","PVP sales 1 (938970); Storica Analitica visura per immobile - Catasto Fabbricati."
"visura-storica","AL","ALESSANDRIA","268","4050","20","F","","analitica","","","PVP sales 1 (1966195); Storica Analitica visura per immobile - Catasto Fabbricati."
"visura-storica","AL","ALESSANDRIA","268","4060","31","F","","analitica","","","PVP sales 1 (677564); Storica Analitica visura per immobile - Catasto Fabbricati."
"visura-storica","AL","ALESSANDRIA","268","4060","9","F","","analitica","","","PVP sales 1 (677564); Storica Analitica visura per immobile - Catasto Fabbricati."
"visura-storica","AL","ALESSANDRIA","268","4158","36","F","","analitica","","","PVP sales 1 (4216995); Storica Analitica visura per immobile - Catasto Fabbricati."
"visura-storica","AL","ALESSANDRIA","268","4158","37","F","","analitica","","","PVP sales 1 (4216995); Storica Analitica visura per immobile - Catasto Fabbricati."
"visura-storica","AL","ALESSANDRIA","268","4163","24","F","","analitica","","","PVP sales 4 (1817106,1817139,1891042,1986270); Storica Analitica visura per immobile - Catasto Fabbricati."
"visura-storica","AL","ALESSANDRIA","268","4173","3","F","","analitica","","","PVP sales 1 (1406376); Storica Analitica visura per immobile - Catasto Fabbricati."
"visura-storica","AL","ALESSANDRIA","268","4173","5","F","","analitica","","","PVP sales 1 (1458964); Storica Analitica visura per immobile - Catasto Fabbricati."
"visura-storica","AL","ALESSANDRIA","268","4174","41","F","","analitica","","","PVP sales 2 (2101457,2189879); Storica Analitica visura per immobile - Catasto Fabbricati."
"visura-storica","AL","ALESSANDRIA","268","4174","49","F","","analitica","","","PVP sales 2 (2101457,2189879); Storica Analitica visura per immobile - Catasto Fabbricati."
"visura-storica","AL","ALESSANDRIA","268","4174","50","F","","analitica","","","PVP sales 2 (2101457,2189879); Storica Analitica visura per immobile - Catasto Fabbricati."
"visura-storica","AL","ALESSANDRIA","268","4175","19","F","","analitica","","","PVP sales 2 (2101457,2189879); Storica Analitica visura per immobile - Catasto Fabbricati."
"visura-storica","AL","ALESSANDRIA","268","4175","22","F","","analitica","","","PVP sales 2 (2101457,2189879); Storica Analitica visura per immobile - Catasto Fabbricati."
"visura-storica","AL","ALESSANDRIA","268","4175","23","F","","analitica","","","PVP sales 2 (2101457,2189879); Storica Analitica visura per immobile - Catasto Fabbricati."
"visura-storica","AL","ALESSANDRIA","268","4176","101","F","","analitica","","","PVP sales 1 (1459016); Storica Analitica visura per immobile - Catasto Fabbricati."
"visura-storica","AL","ALESSANDRIA","268","4176","102","F","","analitica","","","PVP sales 1 (1406505); Storica Analitica visura per immobile - Catasto Fabbricati."
"visura-storica","AL","ALESSANDRIA","268","4176","104","F","","analitica","","","PVP sales 1 (2072309); Storica Analitica visura per immobile - Catasto Fabbricati."
"visura-storica","AL","ALESSANDRIA","268","4176","126","F","","analitica","","","PVP sales 1 (2072245); Storica Analitica visura per immobile - Catasto Fabbricati."
"visura-storica","AL","ALESSANDRIA","268","4176","127","F","","analitica","","","PVP sales 1 (1406517); Storica Analitica visura per immobile - Catasto Fabbricati."
"visura-storica","AL","ALESSANDRIA","268","4176","131","F","","analitica","","","PVP sales 1 (1459206); Storica Analitica visura per immobile - Catasto Fabbricati."
"visura-storica","AL","ALESSANDRIA","268","4176","146","F","","analitica","","","PVP sales 1 (1459181); Storica Analitica visura per immobile - Catasto Fabbricati."
"visura-storica","AL","ALESSANDRIA","268","4176","171","F","","analitica","","","PVP sales 1 (1459188); Storica Analitica visura per immobile - Catasto Fabbricati."
"visura-storica","AL","ALESSANDRIA","268","4176","257","F","","analitica","","","PVP sales 2 (2101457,2189879); Storica Analitica visura per immobile - Catasto Fabbricati."
"visura-storica","AL","ALESSANDRIA","268","4176","259","F","","analitica","","","PVP sales 2 (2101457,2189879); Storica Analitica visura per immobile - Catasto Fabbricati."
"visura-storica","AL","ALESSANDRIA","268","4176","263","F","","analitica","","","PVP sales 2 (2101457,2189879); Storica Analitica visura per immobile - Catasto Fabbricati."
"visura-storica","AL","ALESSANDRIA","268","4176","264","F","","analitica","","","PVP sales 2 (2101457,2189879); Storica Analitica visura per immobile - Catasto Fabbricati."
"visura-storica","AL","ALESSANDRIA","268","4176","269","F","","analitica","","","PVP sales 1 (1406358); Storica Analitica visura per immobile - Catasto Fabbricati."
"visura-storica","AL","ALESSANDRIA","268","4176","33","F","","analitica","","","PVP sales 1 (2072228); Storica Analitica visura per immobile - Catasto Fabbricati."
"visura-storica","AL","ALESSANDRIA","268","4176","34","F","","analitica","","","PVP sales 1 (1406342); Storica Analitica visura per immobile - Catasto Fabbricati."
"visura-storica","AL","ALESSANDRIA","268","4176","43","F","","analitica","","","PVP sales 1 (1459004); Storica Analitica visura per immobile - Catasto Fabbricati."
"visura-storica","AL","ALESSANDRIA","268","4176","67","F","","analitica","","","PVP sales 1 (758407); Storica Analitica visura per immobile - Catasto Fabbricati."
"visura-storica","AL","ALESSANDRIA","268","4207","10","F","","analitica","","","PVP sales 1 (4567237); Storica Analitica visura per immobile - Catasto Fabbricati."
"visura-storica","AL","ALESSANDRIA","268","4216","1","F","","analitica","","","PVP sales 1 (631906); Storica Analitica visura per immobile - Catasto Fabbricati."
"visura-storica","AL","ALESSANDRIA","268","4264","35","F","","analitica","","","PVP sales 2 (597592,598514); Storica Analitica visura per immobile - Catasto Fabbricati."
"visura-storica","AL","ALESSANDRIA","268","4380","24","F","","analitica","","","PVP sales 1 (482148); Storica Analitica visura per immobile - Catasto Fabbricati."
"visura-storica","AL","ALESSANDRIA","268","4389","112","F","","analitica","","","PVP sales 1 (4530099); Storica Analitica visura per immobile - Catasto Fabbricati."
"visura-storica","AL","ALESSANDRIA","268","4389","132","F","","analitica","","","PVP sales 1 (4530077); Storica Analitica visura per immobile - Catasto Fabbricati."
"visura-storica","AL","ALESSANDRIA","268","4389","136","F","","analitica","","","PVP sales 1 (4530097); Storica Analitica visura per immobile - Catasto Fabbricati."
"visura-storica","AL","ALESSANDRIA","268","4389","160","F","","analitica","","","PVP sales 2 (739736,864410); Storica Analitica visura per immobile - Catasto Fabbricati."
"visura-storica","AL","ALESSANDRIA","268","4389","97","F","","analitica","","","PVP sales 2 (739736,864410); Storica Analitica visura per immobile - Catasto Fabbricati."
"visura-storica","AL","ALESSANDRIA","268","4410","20","F","","analitica","","","PVP sales 1 (1509960); Storica Analitica visura per immobile - Catasto Fabbricati."
"visura-storica","AL","ALESSANDRIA","268","4413","29","F","","analitica","","","PVP sales 3 (4435090,4494205,4538384); Storica Analitica visura per immobile - Catasto Fabbricati."
"visura-storica","AL","ALESSANDRIA","268","4601","15","F","","analitica","","","PVP sales 2 (376810,517323); Storica Analitica visura per immobile - Catasto Fabbricati."
"visura-storica","AL","ALESSANDRIA","268","4637","19","F","","analitica","","","PVP sales 1 (738823); Storica Analitica visura per immobile - Catasto Fabbricati."
"visura-storica","AL","ALESSANDRIA","268","4677","71","F","","analitica","","","PVP sales 2 (2043347,2128244); Storica Analitica visura per immobile - Catasto Fabbricati."
"visura-storica","AL","ALESSANDRIA","268","4695","64","F","","analitica","","","PVP sales 3 (4357833,4423271,4489717); Storica Analitica visura per immobile - Catasto Fabbricati."
"visura-storica","AL","ALESSANDRIA","268","4704","205","F","","analitica","","","PVP sales 5 (2091848,4260663,4432614,4463512,4506055); Storica Analitica visura per immobile - Catasto Fabbricati."
"visura-storica","AL","ALESSANDRIA","268","4860","13","F","","analitica","","","PVP sales 1 (1502097); Storica Analitica visura per immobile - Catasto Fabbricati."
"visura-storica","AL","ALESSANDRIA","268","4944","70","F","","analitica","","","PVP sales 1 (154235); Storica Analitica visura per immobile - Catasto Fabbricati."
"visura-storica","AL","ALESSANDRIA","268","4944","91","F","","analitica","","","PVP sales 1 (154235); Storica Analitica visura per immobile - Catasto Fabbricati."
"visura-storica","AL","ALESSANDRIA","268","4966","19","F","","analitica","","","PVP sales 1 (2111026); Storica Analitica visura per immobile - Catasto Fabbricati."
"visura-storica","AL","ALESSANDRIA","268","4966","26","F","","analitica","","","PVP sales 1 (2111026); Storica Analitica visura per immobile - Catasto Fabbricati."
"visura-storica","AL","ALESSANDRIA","268","4966","5","F","","analitica","","","PVP sales 3 (473371,772549,969129); Storica Analitica visura per immobile - Catasto Fabbricati."
"visura-storica","AL","ALESSANDRIA","268","4969","67","F","","analitica","","","PVP sales 1 (2035477); Storica Analitica visura per immobile - Catasto Fabbricati."
"visura-storica","AL","ALESSANDRIA","268","4969","68","F","","analitica","","","PVP sales 1 (2035488); Storica Analitica visura per immobile - Catasto Fabbricati."
"visura-storica","AL","ALESSANDRIA","268","4970","21","F","","analitica","","","PVP sales 1 (179758); Storica Analitica visura per immobile - Catasto Fabbricati."
"visura-storica","AL","ALESSANDRIA","268","4970","4","F","","analitica","","","PVP sales 1 (179758); Storica Analitica visura per immobile - Catasto Fabbricati."
"visura-storica","AL","ALESSANDRIA","268","4970","8","F","","analitica","","","PVP sales 1 (179758); Storica Analitica visura per immobile - Catasto Fabbricati."
"visura-storica","AL","ALESSANDRIA","268","5007","1","F","","analitica","","","PVP sales 1 (1569190); Storica Analitica visura per immobile - Catasto Fabbricati."
"visura-storica","AL","ALESSANDRIA","268","5095","7","F","","analitica","","","PVP sales 1 (941087); Storica Analitica visura per immobile - Catasto Fabbricati."
"visura-storica","AL","ALESSANDRIA","268","511","40","F","","analitica","","","PVP sales 2 (347222,473537); Storica Analitica visura per immobile - Catasto Fabbricati."
"visura-storica","AL","ALESSANDRIA","268","5114","2","F","","analitica","","","PVP sales 2 (4458570,4488715); Storica Analitica visura per immobile - Catasto Fabbricati."
"visura-storica","AL","ALESSANDRIA","268","5114","42","F","","analitica","","","PVP sales 2 (4458570,4488715); Storica Analitica visura per immobile - Catasto Fabbricati."
"visura-storica","AL","ALESSANDRIA","268","5130","48","F","","analitica","","","PVP sales 1 (4212444); Storica Analitica visura per immobile - Catasto Fabbricati."
"visura-storica","AL","ALESSANDRIA","268","5156","1","F","","analitica","","","PVP sales 1 (1892368); Storica Analitica visura per immobile - Catasto Fabbricati."
"visura-storica","AL","ALESSANDRIA","268","5156","20","F","","analitica","","","PVP sales 1 (2085784); Storica Analitica visura per immobile - Catasto Fabbricati."
"visura-storica","AL","ALESSANDRIA","268","5156","25","F","","analitica","","","PVP sales 1 (2085784); Storica Analitica visura per immobile - Catasto Fabbricati."
"visura-storica","AL","ALESSANDRIA","268","5156","6","F","","analitica","","","PVP sales 1 (1892368); Storica Analitica visura per immobile - Catasto Fabbricati."
"visura-storica","AL","ALESSANDRIA","268","5166","28","F","","analitica","","","PVP sales 2 (1633440,1789613); Storica Analitica visura per immobile - Catasto Fabbricati."
"visura-storica","AL","ALESSANDRIA","268","5172","8","F","","analitica","","","PVP sales 1 (789666); Storica Analitica visura per immobile - Catasto Fabbricati."
"visura-storica","AL","ALESSANDRIA","268","5176","107","F","","analitica","","","PVP sales 4 (4419733,4452065,4507113,4538096); Storica Analitica visura per immobile - Catasto Fabbricati."
"visura-storica","AL","ALESSANDRIA","268","5176","108","F","","analitica","","","PVP sales 4 (4419733,4452065,4507113,4538096); Storica Analitica visura per immobile - Catasto Fabbricati."
"visura-storica","AL","ALESSANDRIA","268","5176","113","F","","analitica","","","PVP sales 4 (4419703,4452081,4507084,4538082); Storica Analitica visura per immobile - Catasto Fabbricati."
"visura-storica","AL","ALESSANDRIA","268","5176","122","F","","analitica","","","PVP sales 4 (4419733,4452065,4507113,4538096); Storica Analitica visura per immobile - Catasto Fabbricati."
"visura-storica","AL","ALESSANDRIA","268","5176","123","F","","analitica","","","PVP sales 4 (4419706,4452083,4507096,4538086); Storica Analitica visura per immobile - Catasto Fabbricati."
"visura-storica","AL","ALESSANDRIA","268","5176","128","F","","analitica","","","PVP sales 4 (4419735,4452067,4507121,4538111); Storica Analitica visura per immobile - Catasto Fabbricati."
"visura-storica","AL","ALESSANDRIA","268","5176","129","F","","analitica","","","PVP sales 4 (4419741,4452085,4507126,4538172); Storica Analitica visura per immobile - Catasto Fabbricati."
"visura-storica","AL","ALESSANDRIA","268","5176","137","F","","analitica","","","PVP sales 4 (4419767,4452086,4507153,4538180); Storica Analitica visura per immobile - Catasto Fabbricati."
"visura-storica","AL","ALESSANDRIA","268","5176","144","F","","analitica","","","PVP sales 2 (4419773,4452068); Storica Analitica visura per immobile - Catasto Fabbricati."
"visura-storica","AL","ALESSANDRIA","268","5176","145","F","","analitica","","","PVP sales 4 (4419788,4452088,4507141,4538184); Storica Analitica visura per immobile - Catasto Fabbricati."
"visura-storica","AL","ALESSANDRIA","268","5176","160","F","","analitica","","","PVP sales 1 (2251598); Storica Analitica visura per immobile - Catasto Fabbricati."
"visura-storica","AL","ALESSANDRIA","268","5199","1","F","","analitica","","","PVP sales 1 (599931); Storica Analitica visura per immobile - Catasto Fabbricati."
"visura-storica","AL","ALESSANDRIA","268","5199","2","F","","analitica","","","PVP sales 2 (600808,818725); Storica Analitica visura per immobile - Catasto Fabbricati."
"visura-storica","AL","ALESSANDRIA","268","5199","3","F","","analitica","","","PVP sales 2 (600808,818725); Storica Analitica visura per immobile - Catasto Fabbricati."
"visura-storica","AL","ALESSANDRIA","268","5199","4","F","","analitica","","","PVP sales 2 (599983,818741); Storica Analitica visura per immobile - Catasto Fabbricati."
"visura-storica","AL","ALESSANDRIA","268","5199","5","F","","analitica","","","PVP sales 2 (599983,818741); Storica Analitica visura per immobile - Catasto Fabbricati."
"visura-storica","AL","ALESSANDRIA","268","5203","1","F","","analitica","","","PVP sales 1 (789666); Storica Analitica visura per immobile - Catasto Fabbricati."
"visura-storica","AL","ALESSANDRIA","268","5203","2","F","","analitica","","","PVP sales 1 (789666); Storica Analitica visura per immobile - Catasto Fabbricati."
"visura-storica","AL","ALESSANDRIA","268","5203","5","F","","analitica","","","PVP sales 1 (789666); Storica Analitica visura per immobile - Catasto Fabbricati."
"visura-storica","AL","ALESSANDRIA","268","5203","6","F","","analitica","","","PVP sales 1 (789666); Storica Analitica visura per immobile - Catasto Fabbricati."
"visura-storica","AL","ALESSANDRIA","268","5203","7","F","","analitica","","","PVP sales 1 (789666); Storica Analitica visura per immobile - Catasto Fabbricati."
"visura-storica","AL","ALESSANDRIA","268","5203","8","F","","analitica","","","PVP sales 1 (789666); Storica Analitica visura per immobile - Catasto Fabbricati."
"visura-storica","AL","ALESSANDRIA","268","5203","9","F","","analitica","","","PVP sales 1 (789666); Storica Analitica visura per immobile - Catasto Fabbricati."
"visura-storica","AL","ALESSANDRIA","268","5206","33","F","","analitica","","","PVP sales 1 (2039887); Storica Analitica visura per immobile - Catasto Fabbricati."
"visura-storica","AL","ALESSANDRIA","268","5220","44","F","","analitica","","","PVP sales 1 (393850); Storica Analitica visura per immobile - Catasto Fabbricati."
"visura-storica","AL","ALESSANDRIA","268","5220","45","F","","analitica","","","PVP sales 1 (393850); Storica Analitica visura per immobile - Catasto Fabbricati."
"visura-storica","AL","ALESSANDRIA","268","5245","26","F","","analitica","","","PVP sales 1 (4563664); Storica Analitica visura per immobile - Catasto Fabbricati."
"visura-storica","AL","ALESSANDRIA","268","5246","7","F","","analitica","","","PVP sales 1 (387695); Storica Analitica visura per immobile - Catasto Fabbricati."
"visura-storica","AL","ALESSANDRIA","268","5357","33","F","","analitica","","","PVP sales 2 (652386,923217); Storica Analitica visura per immobile - Catasto Fabbricati."
"visura-storica","AL","ALESSANDRIA","268","5365","2","F","","analitica","","","PVP sales 2 (247092,433130); Storica Analitica visura per immobile - Catasto Fabbricati."
"visura-storica","AL","ALESSANDRIA","268","5365","203","F","","analitica","","","PVP sales 2 (247092,433130); Storica Analitica visura per immobile - Catasto Fabbricati."
"visura-storica","AL","ALESSANDRIA","268","5365","55","F","","analitica","","","PVP sales 1 (1649715); Storica Analitica visura per immobile - Catasto Fabbricati."
"visura-storica","AL","ALESSANDRIA","268","5398","36","F","","analitica","","","PVP sales 1 (930765); Storica Analitica visura per immobile - Catasto Fabbricati."
"visura-storica","AL","ALESSANDRIA","268","5398","46","F","","analitica","","","PVP sales 1 (930762); Storica Analitica visura per immobile - Catasto Fabbricati."
"visura-storica","AL","ALESSANDRIA","268","5398","47","F","","analitica","","","PVP sales 1 (930763); Storica Analitica visura per immobile - Catasto Fabbricati."
"visura-storica","AL","ALESSANDRIA","268","5398","53","F","","analitica","","","PVP sales 1 (930699); Storica Analitica visura per immobile - Catasto Fabbricati."
"visura-storica","AL","ALESSANDRIA","268","5398","56","F","","analitica","","","PVP sales 1 (930764); Storica Analitica visura per immobile - Catasto Fabbricati."
"visura-storica","AL","ALESSANDRIA","268","5405","25","F","","analitica","","","PVP sales 1 (347933); Storica Analitica visura per immobile - Catasto Fabbricati."
"visura-storica","AL","ALESSANDRIA","268","5497","2","F","","analitica","","","PVP sales 4 (260626,262232,493480,970879); Storica Analitica visura per immobile - Catasto Fabbricati."
"visura-storica","AL","ALESSANDRIA","268","5497","28","F","","analitica","","","PVP sales 3 (260626,262232,970879); Storica Analitica visura per immobile - Catasto Fabbricati."
"visura-storica","AL","ALESSANDRIA","268","5497","32","F","","analitica","","","PVP sales 1 (1161378); Storica Analitica visura per immobile - Catasto Fabbricati."
"visura-storica","AL","ALESSANDRIA","268","5500","6","F","","analitica","","","PVP sales 2 (597592,598514); Storica Analitica visura per immobile - Catasto Fabbricati."
"visura-storica","AL","ALESSANDRIA","268","5521","31","F","","analitica","","","PVP sales 1 (2112684); Storica Analitica visura per immobile - Catasto Fabbricati."
"visura-storica","AL","ALESSANDRIA","268","5521","32","F","","analitica","","","PVP sales 1 (2112684); Storica Analitica visura per immobile - Catasto Fabbricati."
"visura-storica","AL","ALESSANDRIA","268","5554","44","F","","analitica","","","PVP sales 1 (4450699); Storica Analitica visura per immobile - Catasto Fabbricati."
"visura-storica","AL","ALESSANDRIA","268","5554","45","F","","analitica","","","PVP sales 1 (4450717); Storica Analitica visura per immobile - Catasto Fabbricati."
"visura-storica","AL","ALESSANDRIA","268","5554","54","F","","analitica","","","PVP sales 2 (4413813,4413822); Storica Analitica visura per immobile - Catasto Fabbricati."
"visura-storica","AL","ALESSANDRIA","268","5554","57","F","","analitica","","","PVP sales 2 (4413813,4413822); Storica Analitica visura per immobile - Catasto Fabbricati."
"visura-storica","AL","ALESSANDRIA","268","5556","3","F","","analitica","","","PVP sales 2 (4413835,4450651); Storica Analitica visura per immobile - Catasto Fabbricati."
"visura-storica","AL","ALESSANDRIA","268","5556","4","F","","analitica","","","PVP sales 2 (4413835,4450651); Storica Analitica visura per immobile - Catasto Fabbricati."
"visura-storica","AL","ALESSANDRIA","268","5577","49","F","","analitica","","","PVP sales 1 (869052); Storica Analitica visura per immobile - Catasto Fabbricati."
"visura-storica","AL","ALESSANDRIA","268","5577","50","F","","analitica","","","PVP sales 1 (868967); Storica Analitica visura per immobile - Catasto Fabbricati."
"visura-storica","AL","ALESSANDRIA","268","5659","","F","","analitica","","","PVP sales 1 (993306); Storica Analitica visura per immobile - Catasto Fabbricati."
"visura-storica","AL","ALESSANDRIA","268","5659","","T","","analitica","","","PVP sales 1 (993306); Storica Analitica visura per immobile - Catasto Terreni."
"visura-storica","AL","ALESSANDRIA","268","5668","5","F","","analitica","","","PVP sales 1 (645061); Storica Analitica visura per immobile - Catasto Fabbricati."
"visura-storica","AL","ALESSANDRIA","268","5682","10","F","","analitica","","","PVP sales 1 (126821); Storica Analitica visura per immobile - Catasto Fabbricati."
"visura-storica","AL","ALESSANDRIA","268","5682","11","F","","analitica","","","PVP sales 1 (126821); Storica Analitica visura per immobile - Catasto Fabbricati."
"visura-storica","AL","ALESSANDRIA","268","5682","9","F","","analitica","","","PVP sales 1 (126821); Storica Analitica visura per immobile - Catasto Fabbricati."
"visura-storica","AL","ALESSANDRIA","268","5685","12","F","","analitica","","","PVP sales 1 (993502); Storica Analitica visura per immobile - Catasto Fabbricati."
"visura-storica","AL","ALESSANDRIA","268","5685","54","F","","analitica","","","PVP sales 1 (2019079); Storica Analitica visura per immobile - Catasto Fabbricati."
"visura-storica","AL","ALESSANDRIA","268","722","9","F","","analitica","","","PVP sales 1 (345230); Storica Analitica visura per immobile - Catasto Fabbricati."
"visura-storica","AL","ALESSANDRIA","268","781","43","F","","analitica","","","PVP sales 2 (465624,736266); Storica Analitica visura per immobile - Catasto Fabbricati."
"visura-storica","AL","ALESSANDRIA","268","781","44","F","","analitica","","","PVP sales 2 (465624,736266); Storica Analitica visura per immobile - Catasto Fabbricati."
"visura-storica","AL","ALESSANDRIA","268","781","45","F","","analitica","","","PVP sales 2 (464665,735342); Storica Analitica visura per immobile - Catasto Fabbricati."
"visura-storica","AL","ALESSANDRIA","268","781","46","F","","analitica","","","PVP sales 2 (464665,735342); Storica Analitica visura per immobile - Catasto Fabbricati."
"visura-storica","AL","ALESSANDRIA","27","274","","F","","analitica","","","PVP sales 1 (4212400); Storica Analitica visura per immobile - Catasto Fabbricati."
"visura-storica","AL","ALESSANDRIA","27","274","","T","","analitica","","","PVP sales 1 (4212400); Storica Analitica visura per immobile - Catasto Terreni."
"visura-storica","AL","ALESSANDRIA","27","275","","F","","analitica","","","PVP sales 1 (4212400); Storica Analitica visura per immobile - Catasto Fabbricati."
"visura-storica","AL","ALESSANDRIA","27","275","","T","","analitica","","","PVP sales 1 (4212400); Storica Analitica visura per immobile - Catasto Terreni."
"visura-storica","AL","ALESSANDRIA","274","230","","F","","analitica","","","PVP sales 1 (4414723); Storica Analitica visura per immobile - Catasto Fabbricati."
"visura-storica","AL","ALESSANDRIA","274","230","","T","","analitica","","","PVP sales 1 (4414723); Storica Analitica visura per immobile - Catasto Terreni."
"visura-storica","AL","ALESSANDRIA","283","159","4","F","","analitica","","","PVP sales 3 (609293,812908,1521613); Storica Analitica visura per immobile - Catasto Fabbricati."
"visura-storica","AL","ALESSANDRIA","283","159","7","F","","analitica","","","PVP sales 3 (609293,812908,1521613); Storica Analitica visura per immobile - Catasto Fabbricati."
"visura-storica","AL","ALESSANDRIA","29","158","6","F","","analitica","","","PVP sales 1 (1528205); Storica Analitica visura per immobile - Catasto Fabbricati."
"visura-storica","AL","ALESSANDRIA","29","331","","F","","analitica","","","PVP sales 1 (1528205); Storica Analitica visura per immobile - Catasto Fabbricati."
"visura-storica","AL","ALESSANDRIA","29","331","","T","","analitica","","","PVP sales 1 (1528205); Storica Analitica visura per immobile - Catasto Terreni."
"visura-storica","AL","ALESSANDRIA","3","50","1","F","","analitica","","","PVP sales 1 (178957); Storica Analitica visura per immobile - Catasto Fabbricati."
"visura-storica","AL","ALESSANDRIA","31","111","","F","","analitica","","","PVP sales 2 (253832,1528205); Storica Analitica visura per immobile - Catasto Fabbricati."
"visura-storica","AL","ALESSANDRIA","31","111","","T","","analitica","","","PVP sales 2 (253832,1528205); Storica Analitica visura per immobile - Catasto Terreni."
"visura-storica","AL","ALESSANDRIA","31","3","","F","","analitica","","","PVP sales 2 (253832,1528205); Storica Analitica visura per immobile - Catasto Fabbricati."
"visura-storica","AL","ALESSANDRIA","31","3","","T","","analitica","","","PVP sales 2 (253832,1528205); Storica Analitica visura per immobile - Catasto Terreni."
"visura-storica","AL","ALESSANDRIA","31","93","","F","","analitica","","","PVP sales 2 (253832,1528205); Storica Analitica visura per immobile - Catasto Fabbricati."
"visura-storica","AL","ALESSANDRIA","31","93","","T","","analitica","","","PVP sales 2 (253832,1528205); Storica Analitica visura per immobile - Catasto Terreni."
"visura-storica","AL","ALESSANDRIA","32","1162","83","F","","analitica","","","PVP sales 1 (305717); Storica Analitica visura per immobile - Catasto Fabbricati."
"visura-storica","AL","ALESSANDRIA","34","347","","F","","analitica","","","PVP sales 1 (372151); Storica Analitica visura per immobile - Catasto Fabbricati."
"visura-storica","AL","ALESSANDRIA","34","347","","T","","analitica","","","PVP sales 1 (372151); Storica Analitica visura per immobile - Catasto Terreni."
"visura-storica","AL","ALESSANDRIA","35","103","29","F","","analitica","","","PVP sales 2 (4494636,4556189); Storica Analitica visura per immobile - Catasto Fabbricati."
"visura-storica","AL","ALESSANDRIA","35","103","32","F","","analitica","","","PVP sales 2 (4494636,4556189); Storica Analitica visura per immobile - Catasto Fabbricati."
"visura-storica","AL","ALESSANDRIA","35","103","33","F","","analitica","","","PVP sales 2 (4494636,4556189); Storica Analitica visura per immobile - Catasto Fabbricati."
"visura-storica","AL","ALESSANDRIA","35","256","10","F","","analitica","","","PVP sales 1 (444306); Storica Analitica visura per immobile - Catasto Fabbricati."
"visura-storica","AL","ALESSANDRIA","35","256","2","F","","analitica","","","PVP sales 2 (444112,747748); Storica Analitica visura per immobile - Catasto Fabbricati."
"visura-storica","AL","ALESSANDRIA","35","256","6","F","","analitica","","","PVP sales 1 (444306); Storica Analitica visura per immobile - Catasto Fabbricati."
"visura-storica","AL","ALESSANDRIA","35","28","15","F","","analitica","","","PVP sales 1 (326372); Storica Analitica visura per immobile - Catasto Fabbricati."
"visura-storica","AL","ALESSANDRIA","35","28","26","F","","analitica","","","PVP sales 1 (326372); Storica Analitica visura per immobile - Catasto Fabbricati."
"visura-storica","AL","ALESSANDRIA","35","498","10","F","","analitica","","","PVP sales 2 (4388258,4464416); Storica Analitica visura per immobile - Catasto Fabbricati."
"visura-storica","AL","ALESSANDRIA","35","498","11","F","","analitica","","","PVP sales 2 (4388258,4464416); Storica Analitica visura per immobile - Catasto Fabbricati."
"visura-storica","AL","ALESSANDRIA","35","498","12","F","","analitica","","","PVP sales 2 (4388258,4464416); Storica Analitica visura per immobile - Catasto Fabbricati."
"visura-storica","AL","ALESSANDRIA","35","498","13","F","","analitica","","","PVP sales 2 (4388258,4464416); Storica Analitica visura per immobile - Catasto Fabbricati."
"visura-storica","AL","ALESSANDRIA","35","498","7","F","","analitica","","","PVP sales 2 (4388258,4464416); Storica Analitica visura per immobile - Catasto Fabbricati."
"visura-storica","AL","ALESSANDRIA","35","498","8","F","","analitica","","","PVP sales 2 (4388258,4464416); Storica Analitica visura per immobile - Catasto Fabbricati."
"visura-storica","AL","ALESSANDRIA","35","498","9","F","","analitica","","","PVP sales 2 (4388258,4464416); Storica Analitica visura per immobile - Catasto Fabbricati."
"visura-storica","AL","ALESSANDRIA","35","77","2","F","","analitica","","","PVP sales 1 (774073); Storica Analitica visura per immobile - Catasto Fabbricati."
"visura-storica","AL","ALESSANDRIA","4","349","15","F","","analitica","","","PVP sales 3 (2122439,2215900,4242757); Storica Analitica visura per immobile - Catasto Fabbricati."
"visura-storica","AL","ALESSANDRIA","4","815","","F","","analitica","","","PVP sales 1 (4549612); Storica Analitica visura per immobile - Catasto Fabbricati."
"visura-storica","AL","ALESSANDRIA","4","815","","T","","analitica","","","PVP sales 1 (4549612); Storica Analitica visura per immobile - Catasto Terreni."
"visura-storica","AL","ALESSANDRIA","43","274","","F","","analitica","","","PVP sales 1 (955136); Storica Analitica visura per immobile - Catasto Fabbricati."
"visura-storica","AL","ALESSANDRIA","43","274","","T","","analitica","","","PVP sales 1 (955136); Storica Analitica visura per immobile - Catasto Terreni."
"visura-storica","AL","ALESSANDRIA","43","40","1","F","","analitica","","","PVP sales 1 (955136); Storica Analitica visura per immobile - Catasto Fabbricati."
"visura-storica","AL","ALESSANDRIA","48","183","7","F","","analitica","","","PVP sales 1 (1648131); Storica Analitica visura per immobile - Catasto Fabbricati."
"visura-storica","AL","ALESSANDRIA","48","280","","F","","analitica","","","PVP sales 1 (1648131); Storica Analitica visura per immobile - Catasto Fabbricati."
"visura-storica","AL","ALESSANDRIA","48","280","","T","","analitica","","","PVP sales 1 (1648131); Storica Analitica visura per immobile - Catasto Terreni."
"visura-storica","AL","ALESSANDRIA","5","362","705","F","","analitica","","","PVP sales 1 (2149032); Storica Analitica visura per immobile - Catasto Fabbricati."
"visura-storica","AL","ALESSANDRIA","5","362","706","F","","analitica","","","PVP sales 1 (2149032); Storica Analitica visura per immobile - Catasto Fabbricati."
"visura-storica","AL","ALESSANDRIA","55","64","8","F","","analitica","","","PVP sales 2 (4358621,4456531); Storica Analitica visura per immobile - Catasto Fabbricati."
"visura-storica","AL","ALESSANDRIA","55","64","9","F","","analitica","","","PVP sales 2 (4358621,4456531); Storica Analitica visura per immobile - Catasto Fabbricati."
"visura-storica","AL","ALESSANDRIA","58","102","","F","","analitica","","","PVP sales 1 (526306); Storica Analitica visura per immobile - Catasto Fabbricati."
"visura-storica","AL","ALESSANDRIA","58","462","7","F","","analitica","","","PVP sales 1 (794494); Storica Analitica visura per immobile - Catasto Fabbricati."
"visura-storica","AL","ALESSANDRIA","6","235","2","F","","analitica","","","PVP sales 1 (4530435); Storica Analitica visura per immobile - Catasto Fabbricati."
"visura-storica","AL","ALESSANDRIA","6","235","4","F","","analitica","","","PVP sales 1 (4530435); Storica Analitica visura per immobile - Catasto Fabbricati."
"visura-storica","AL","ALESSANDRIA","6","335","9","F","","analitica","","","PVP sales 3 (2251458,4402000,4484725); Storica Analitica visura per immobile - Catasto Fabbricati."
"visura-storica","AL","ALESSANDRIA","6","364","1","F","","analitica","","","PVP sales 1 (4264668); Storica Analitica visura per immobile - Catasto Fabbricati."
"visura-storica","AL","ALESSANDRIA","6","400","","T","","analitica","","","PVP sales 3 (4406839,4495393,4551799); Storica Analitica visura per immobile - Catasto Terreni."
"visura-storica","AL","ALESSANDRIA","6","542","1","F","","analitica","","","PVP sales 1 (4403958); Storica Analitica visura per immobile - Catasto Fabbricati."
"visura-storica","AL","ALESSANDRIA","6","544","","T","","analitica","","","PVP sales 1 (4403958); Storica Analitica visura per immobile - Catasto Terreni."
"visura-storica","AL","ALESSANDRIA","6","558","","T","","analitica","","","PVP sales 1 (4403958); Storica Analitica visura per immobile - Catasto Terreni."
"visura-storica","AL","ALESSANDRIA","6","702","7","F","","analitica","","","PVP sales 2 (531693,741381); Storica Analitica visura per immobile - Catasto Fabbricati."
"visura-storica","AL","ALESSANDRIA","6","780","","T","","analitica","","","PVP sales 3 (4406839,4495393,4551799); Storica Analitica visura per immobile - Catasto Terreni."
"visura-storica","AL","ALESSANDRIA","6","781","","F","","analitica","","","PVP sales 3 (4406839,4495393,4551799); Storica Analitica visura per immobile - Catasto Fabbricati."
"visura-storica","AL","ALESSANDRIA","60","887","","F","","analitica","","","PVP sales 2 (444338,747782); Storica Analitica visura per immobile - Catasto Fabbricati."
"visura-storica","AL","ALESSANDRIA","60","887","","T","","analitica","","","PVP sales 2 (444338,747782); Storica Analitica visura per immobile - Catasto Terreni."
"visura-storica","AL","ALESSANDRIA","60","888","","F","","analitica","","","PVP sales 2 (444338,747782); Storica Analitica visura per immobile - Catasto Fabbricati."
"visura-storica","AL","ALESSANDRIA","60","888","","T","","analitica","","","PVP sales 2 (444338,747782); Storica Analitica visura per immobile - Catasto Terreni."
"visura-storica","AL","ALESSANDRIA","60","890","","F","","analitica","","","PVP sales 2 (444338,747782); Storica Analitica visura per immobile - Catasto Fabbricati."
"visura-storica","AL","ALESSANDRIA","60","890","","T","","analitica","","","PVP sales 2 (444338,747782); Storica Analitica visura per immobile - Catasto Terreni."
"visura-storica","AL","ALESSANDRIA","60","955","1","F","","analitica","","","PVP sales 2 (444338,747782); Storica Analitica visura per immobile - Catasto Fabbricati."
"visura-storica","AL","ALESSANDRIA","60","955","2","F","","analitica","","","PVP sales 2 (444338,747782); Storica Analitica visura per immobile - Catasto Fabbricati."
"visura-storica","AL","ALESSANDRIA","61","259","","F","","analitica","","","PVP sales 1 (631947); Storica Analitica visura per immobile - Catasto Fabbricati."
"visura-storica","AL","ALESSANDRIA","61","259","","T","","analitica","","","PVP sales 1 (631947); Storica Analitica visura per immobile - Catasto Terreni."
"visura-storica","AL","ALESSANDRIA","7","1","","F","","analitica","","","PVP sales 3 (4391825,4475772,4541206); Storica Analitica visura per immobile - Catasto Fabbricati."
"visura-storica","AL","ALESSANDRIA","7","1","","T","","analitica","","","PVP sales 3 (4391825,4475772,4541206); Storica Analitica visura per immobile - Catasto Terreni."
"visura-storica","AL","ALESSANDRIA","7","2","","F","","analitica","","","PVP sales 3 (4391825,4475772,4541206); Storica Analitica visura per immobile - Catasto Fabbricati."
"visura-storica","AL","ALESSANDRIA","7","2","","T","","analitica","","","PVP sales 3 (4391825,4475772,4541206); Storica Analitica visura per immobile - Catasto Terreni."
"visura-storica","AL","ALESSANDRIA","7","262","","F","","analitica","","","PVP sales 3 (4391825,4475772,4541206); Storica Analitica visura per immobile - Catasto Fabbricati."
"visura-storica","AL","ALESSANDRIA","7","262","","T","","analitica","","","PVP sales 3 (4391825,4475772,4541206); Storica Analitica visura per immobile - Catasto Terreni."
"visura-storica","AL","ALESSANDRIA","7","263","","F","","analitica","","","PVP sales 3 (4391825,4475772,4541206); Storica Analitica visura per immobile - Catasto Fabbricati."
"visura-storica","AL","ALESSANDRIA","7","263","","T","","analitica","","","PVP sales 3 (4391825,4475772,4541206); Storica Analitica visura per immobile - Catasto Terreni."
"visura-storica","AL","ALESSANDRIA","7","264","","F","","analitica","","","PVP sales 3 (4391825,4475772,4541206); Storica Analitica visura per immobile - Catasto Fabbricati."
"visura-storica","AL","ALESSANDRIA","7","264","","T","","analitica","","","PVP sales 3 (4391825,4475772,4541206); Storica Analitica visura per immobile - Catasto Terreni."
"visura-storica","AL","ALESSANDRIA","7","4","","F","","analitica","","","PVP sales 3 (4391825,4475772,4541206); Storica Analitica visura per immobile - Catasto Fabbricati."
"visura-storica","AL","ALESSANDRIA","7","4","","T","","analitica","","","PVP sales 3 (4391825,4475772,4541206); Storica Analitica visura per immobile - Catasto Terreni."
"visura-storica","AL","ALESSANDRIA","7","444","","F","","analitica","","","PVP sales 3 (4391825,4475772,4541206); Storica Analitica visura per immobile - Catasto Fabbricati."
"visura-storica","AL","ALESSANDRIA","7","444","","T","","analitica","","","PVP sales 3 (4391825,4475772,4541206); Storica Analitica visura per immobile - Catasto Terreni."
"visura-storica","AL","ALESSANDRIA","7","593","6","F","","analitica","","","PVP sales 1 (1630471); Storica Analitica visura per immobile - Catasto Fabbricati."
"visura-storica","AL","ALESSANDRIA","7","593","7","F","","analitica","","","PVP sales 1 (1630471); Storica Analitica visura per immobile - Catasto Fabbricati."
"visura-storica","AL","ALESSANDRIA","7","595","5","F","","analitica","","","PVP sales 1 (1630574); Storica Analitica visura per immobile - Catasto Fabbricati."
"visura-storica","AL","ALESSANDRIA","7","595","6","F","","analitica","","","PVP sales 1 (1630574); Storica Analitica visura per immobile - Catasto Fabbricati."
"visura-storica","AL","ALESSANDRIA","7","62","","F","","analitica","","","PVP sales 3 (4391825,4475772,4541206); Storica Analitica visura per immobile - Catasto Fabbricati."
"visura-storica","AL","ALESSANDRIA","7","62","","T","","analitica","","","PVP sales 3 (4391825,4475772,4541206); Storica Analitica visura per immobile - Catasto Terreni."
"visura-storica","AL","ALESSANDRIA","73","141","1","F","","analitica","","","PVP sales 3 (333277,492611,2011819); Storica Analitica visura per immobile - Catasto Fabbricati."
"visura-storica","AL","ALESSANDRIA","73","141","2","F","","analitica","","","PVP sales 2 (333277,492611); Storica Analitica visura per immobile - Catasto Fabbricati."
"visura-storica","AL","ALESSANDRIA","73","142","3","F","","analitica","","","PVP sales 2 (333277,492611); Storica Analitica visura per immobile - Catasto Fabbricati."
"visura-storica","AL","ALESSANDRIA","73","356","","F","","analitica","","","PVP sales 1 (236706); Storica Analitica visura per immobile - Catasto Fabbricati."
"visura-storica","AL","ALESSANDRIA","73","356","","T","","analitica","","","PVP sales 1 (236706); Storica Analitica visura per immobile - Catasto Terreni."
"visura-storica","AL","ALESSANDRIA","73","359","","F","","analitica","","","PVP sales 1 (236706); Storica Analitica visura per immobile - Catasto Fabbricati."
"visura-storica","AL","ALESSANDRIA","73","359","","T","","analitica","","","PVP sales 1 (236706); Storica Analitica visura per immobile - Catasto Terreni."
"visura-storica","AL","ALESSANDRIA","73","63","","F","","analitica","","","PVP sales 1 (236706); Storica Analitica visura per immobile - Catasto Fabbricati."
"visura-storica","AL","ALESSANDRIA","73","63","","T","","analitica","","","PVP sales 1 (236706); Storica Analitica visura per immobile - Catasto Terreni."
"visura-storica","AL","ALESSANDRIA","74","93","","F","","analitica","","","PVP sales 1 (1519230); Storica Analitica visura per immobile - Catasto Fabbricati."
"visura-storica","AL","ALESSANDRIA","74","93","","T","","analitica","","","PVP sales 1 (1519230); Storica Analitica visura per immobile - Catasto Terreni."
"visura-storica","AL","ALESSANDRIA","75","145","","F","","analitica","","","PVP sales 1 (236706); Storica Analitica visura per immobile - Catasto Fabbricati."
"visura-storica","AL","ALESSANDRIA","75","145","","T","","analitica","","","PVP sales 1 (236706); Storica Analitica visura per immobile - Catasto Terreni."
"visura-storica","AL","ALESSANDRIA","8","210","","F","","analitica","","","PVP sales 3 (4392059,4475825,4541619); Storica Analitica visura per immobile - Catasto Fabbricati."
"visura-storica","AL","ALESSANDRIA","8","210","","T","","analitica","","","PVP sales 3 (4392059,4475825,4541619); Storica Analitica visura per immobile - Catasto Terreni."
"visura-storica","AL","ALESSANDRIA","8","211","","F","","analitica","","","PVP sales 3 (4392059,4475825,4541619); Storica Analitica visura per immobile - Catasto Fabbricati."
"visura-storica","AL","ALESSANDRIA","8","211","","T","","analitica","","","PVP sales 3 (4392059,4475825,4541619); Storica Analitica visura per immobile - Catasto Terreni."
"visura-storica","AL","ALESSANDRIA","8","212","","F","","analitica","","","PVP sales 3 (4392059,4475825,4541619); Storica Analitica visura per immobile - Catasto Fabbricati."
"visura-storica","AL","ALESSANDRIA","8","212","","T","","analitica","","","PVP sales 3 (4392059,4475825,4541619); Storica Analitica visura per immobile - Catasto Terreni."
"visura-storica","AL","ALESSANDRIA","8","213","","F","","analitica","","","PVP sales 3 (4392059,4475825,4541619); Storica Analitica visura per immobile - Catasto Fabbricati."
"visura-storica","AL","ALESSANDRIA","8","213","","T","","analitica","","","PVP sales 3 (4392059,4475825,4541619); Storica Analitica visura per immobile - Catasto Terreni."
"visura-storica","AL","ALESSANDRIA","8","231","","F","","analitica","","","PVP sales 3 (4392059,4475825,4541619); Storica Analitica visura per immobile - Catasto Fabbricati."
"visura-storica","AL","ALESSANDRIA","8","231","","T","","analitica","","","PVP sales 3 (4392059,4475825,4541619); Storica Analitica visura per immobile - Catasto Terreni."
"visura-storica","AL","ALESSANDRIA","8","277","6","F","","analitica","","","PVP sales 1 (2101607); Storica Analitica visura per immobile - Catasto Fabbricati."
"visura-storica","AL","ALESSANDRIA","8","556","","F","","analitica","","","PVP sales 3 (4392059,4475825,4541619); Storica Analitica visura per immobile - Catasto Fabbricati."
"visura-storica","AL","ALESSANDRIA","8","556","","T","","analitica","","","PVP sales 3 (4392059,4475825,4541619); Storica Analitica visura per immobile - Catasto Terreni."
"visura-storica","AL","ALESSANDRIA","8","558","","F","","analitica","","","PVP sales 3 (4392059,4475825,4541619); Storica Analitica visura per immobile - Catasto Fabbricati."
"visura-storica","AL","ALESSANDRIA","8","558","","T","","analitica","","","PVP sales 3 (4392059,4475825,4541619); Storica Analitica visura per immobile - Catasto Terreni."
"visura-storica","AL","ALESSANDRIA","8","559","","F","","analitica","","","PVP sales 3 (4392059,4475825,4541619); Storica Analitica visura per immobile - Catasto Fabbricati."
"visura-storica","AL","ALESSANDRIA","8","559","","T","","analitica","","","PVP sales 3 (4392059,4475825,4541619); Storica Analitica visura per immobile - Catasto Terreni."
"visura-storica","AL","ALESSANDRIA","81","147","","F","","analitica","","","PVP sales 1 (4508662); Storica Analitica visura per immobile - Catasto Fabbricati."
"visura-storica","AL","ALESSANDRIA","81","147","","T","","analitica","","","PVP sales 1 (4508662); Storica Analitica visura per immobile - Catasto Terreni."
"visura-storica","AL","ALESSANDRIA","81","377","","F","","analitica","","","PVP sales 1 (4508662); Storica Analitica visura per immobile - Catasto Fabbricati."
"visura-storica","AL","ALESSANDRIA","81","377","","T","","analitica","","","PVP sales 1 (4508662); Storica Analitica visura per immobile - Catasto Terreni."
"visura-storica","AL","ALESSANDRIA","81","378","","F","","analitica","","","PVP sales 1 (4508664); Storica Analitica visura per immobile - Catasto Fabbricati."
"visura-storica","AL","ALESSANDRIA","81","378","","T","","analitica","","","PVP sales 1 (4508664); Storica Analitica visura per immobile - Catasto Terreni."
"visura-storica","AL","ALESSANDRIA","81","465","","F","","analitica","","","PVP sales 1 (4508662); Storica Analitica visura per immobile - Catasto Fabbricati."
"visura-storica","AL","ALESSANDRIA","81","465","","T","","analitica","","","PVP sales 1 (4508662); Storica Analitica visura per immobile - Catasto Terreni."
"visura-storica","AL","ALESSANDRIA","81","95","10","F","","analitica","","","PVP sales 1 (4508662); Storica Analitica visura per immobile - Catasto Fabbricati."
"visura-storica","AL","ALESSANDRIA","81","95","9","F","","analitica","","","PVP sales 1 (4508662); Storica Analitica visura per immobile - Catasto Fabbricati."
"visura-storica","AL","ALESSANDRIA","81","96","","F","","analitica","","","PVP sales 1 (4508662); Storica Analitica visura per immobile - Catasto Fabbricati."
"visura-storica","AL","ALESSANDRIA","81","96","","T","","analitica","","","PVP sales 1 (4508662); Storica Analitica visura per immobile - Catasto Terreni."
"visura-storica","AL","ALESSANDRIA","86","174","1","F","","analitica","","","PVP sales 1 (794137); Storica Analitica visura per immobile - Catasto Fabbricati."
"visura-storica","AL","ALESSANDRIA","86","174","3","F","","analitica","","","PVP sales 2 (599987,794137); Storica Analitica visura per immobile - Catasto Fabbricati."
"visura-storica","AL","ALESSANDRIA","86","175","5","F","","analitica","","","PVP sales 2 (599987,794137); Storica Analitica visura per immobile - Catasto Fabbricati."
"visura-storica","AL","ALESSANDRIA","87","112","","F","","analitica","","","PVP sales 1 (779491); Storica Analitica visura per immobile - Catasto Fabbricati."
"visura-storica","AL","ALESSANDRIA","87","112","","T","","analitica","","","PVP sales 1 (779491); Storica Analitica visura per immobile - Catasto Terreni."
"visura-storica","AL","ALESSANDRIA","87","421","","F","","analitica","","","PVP sales 1 (779491); Storica Analitica visura per immobile - Catasto Fabbricati."
"visura-storica","AL","ALESSANDRIA","87","421","","T","","analitica","","","PVP sales 1 (779491); Storica Analitica visura per immobile - Catasto Terreni."
"visura-storica","AL","ALESSANDRIA","87","941","","F","","analitica","","","PVP sales 3 (4458447,4488721,4519559); Storica Analitica visura per immobile - Catasto Fabbricati."
"visura-storica","AL","ALESSANDRIA","87","941","","T","","analitica","","","PVP sales 3 (4458447,4488721,4519559); Storica Analitica visura per immobile - Catasto Terreni."
"visura-storica","AL","ALESSANDRIA","88","28","","F","","analitica","","","PVP sales 1 (792604); Storica Analitica visura per immobile - Catasto Fabbricati."
"visura-storica","AL","ALESSANDRIA","88","28","","T","","analitica","","","PVP sales 1 (792604); Storica Analitica visura per immobile - Catasto Terreni."
"visura-storica","AL","ALESSANDRIA","88","28","7","F","","analitica","","","PVP sales 1 (792604); Storica Analitica visura per immobile - Catasto Fabbricati."
"visura-storica","AL","ALESSANDRIA","88","873","1","F","","analitica","","","PVP sales 1 (468297); Storica Analitica visura per immobile - Catasto Fabbricati."
"visura-storica","AL","ALESSANDRIA","9","9","","F","","analitica","","","PVP sales 2 (2044484,2129046); Storica Analitica visura per immobile - Catasto Fabbricati."
"visura-storica","AL","ALESSANDRIA","9","9","","T","","analitica","","","PVP sales 2 (2044484,2129046); Storica Analitica visura per immobile - Catasto Terreni."
"visura-storica","AL","ALESSANDRIA","91","290","","F","","analitica","","","PVP sales 1 (2190521); Storica Analitica visura per immobile - Catasto Fabbricati."
"visura-storica","AL","ALESSANDRIA","91","290","","T","","analitica","","","PVP sales 1 (2190521); Storica Analitica visura per immobile - Catasto Terreni."
"visura-storica","AL","ALESSANDRIA","91","308","","F","","analitica","","","PVP sales 1 (2190521); Storica Analitica visura per immobile - Catasto Fabbricati."
"visura-storica","AL","ALESSANDRIA","91","308","","T","","analitica","","","PVP sales 1 (2190521); Storica Analitica visura per immobile - Catasto Terreni."
"visura-storica","AL","ALESSANDRIA","91","312","","F","","analitica","","","PVP sales 1 (2190521); Storica Analitica visura per immobile - Catasto Fabbricati."
"visura-storica","AL","ALESSANDRIA","91","312","","T","","analitica","","","PVP sales 1 (2190521); Storica Analitica visura per immobile - Catasto Terreni."
"visura-storica","AL","ALESSANDRIA","91","355","1","F","","analitica","","","PVP sales 2 (2190521,4210879); Storica Analitica visura per immobile - Catasto Fabbricati."
"visura-storica","AL","ALESSANDRIA","91","355","2","F","","analitica","","","PVP sales 1 (2190521); Storica Analitica visura per immobile - Catasto Fabbricati."
"visura-storica","AL","ALESSANDRIA","92","509","3","F","","analitica","","","PVP sales 2 (596222,969792); Storica Analitica visura per immobile - Catasto Fabbricati."
"visura-storica","AL","ALESSANDRIA","92","686","1","F","","analitica","","","PVP sales 1 (1532019); Storica Analitica visura per immobile - Catasto Fabbricati."
"visura-storica","AL","ALESSANDRIA","92","686","3","F","","analitica","","","PVP sales 1 (1532019); Storica Analitica visura per immobile - Catasto Fabbricati."
"visura-storica","AL","ALESSANDRIA","92","686","4","F","","analitica","","","PVP sales 1 (1532019); Storica Analitica visura per immobile - Catasto Fabbricati."
"visura-storica","AL","ALESSANDRIA","92","686","5","F","","analitica","","","PVP sales 1 (1532019); Storica Analitica visura per immobile - Catasto Fabbricati."
"visura-storica","AL","ALESSANDRIA","95","350","14","F","","analitica","","","PVP sales 1 (2240532); Storica Analitica visura per immobile - Catasto Fabbricati."
"visura-storica","AL","ALESSANDRIA","95","350","45","F","","analitica","","","PVP sales 1 (2240532); Storica Analitica visura per immobile - Catasto Fabbricati."
"visura-storica","AL","ALESSANDRIA","98","141","","F","","analitica","","","PVP sales 2 (253799,586118); Storica Analitica visura per immobile - Catasto Fabbricati."
"visura-storica","AL","ALESSANDRIA","98","141","","T","","analitica","","","PVP sales 2 (253799,586118); Storica Analitica visura per immobile - Catasto Terreni."
"visura-storica","AL","ALESSANDRIA","98","370","1","F","","analitica","","","PVP sales 1 (391885); Storica Analitica visura per immobile - Catasto Fabbricati."
"visura-storica","AL","ALESSANDRIA","98","438","1","F","","analitica","","","PVP sales 2 (253799,586118); Storica Analitica visura per immobile - Catasto Fabbricati."
"visura-storica","AL","ALESSANDRIA","98","438","2","F","","analitica","","","PVP sales 2 (253799,586118); Storica Analitica visura per immobile - Catasto Fabbricati."
"visura-storica","AL","ALESSANDRIA","118","1488","120","F","","analitica","C43","","PVP sales 1 (389531); Storica Analitica visura per immobile - Catasto Fabbricati."
"visura-storica","AL","ALESSANDRIA","233","211","1","F","","analitica","CU","","PVP sales 1 (575612); Storica Analitica visura per immobile - Catasto Fabbricati."
"visura-storica","AL","ALFIANO NATTA","14","414","2","F","","analitica","","","PVP sales 3 (4412930,4466996,4528771); Storica Analitica visura per immobile - Catasto Fabbricati."
"visura-storica","AL","ALFIANO NATTA","14","414","3","F","","analitica","","","PVP sales 3 (4412930,4466996,4528771); Storica Analitica visura per immobile - Catasto Fabbricati."
"visura-storica","AL","ALFIANO NATTA","14","414","4","F","","analitica","","","PVP sales 3 (4412930,4466996,4528771); Storica Analitica visura per immobile - Catasto Fabbricati."
"visura-storica","AL","ALFIANO NATTA","14","414","5","F","","analitica","","","PVP sales 3 (4412930,4466996,4528771); Storica Analitica visura per immobile - Catasto Fabbricati."
"visura-storica","AL","ALFIANO NATTA","3","191","1","F","","analitica","","","PVP sales 3 (4399693,4466973,4529063); Storica Analitica visura per immobile - Catasto Fabbricati."
"visura-storica","AL","ALFIANO NATTA","7","249","","F","","analitica","","","PVP sales 1 (2065933); Storica Analitica visura per immobile - Catasto Fabbricati."
"visura-storica","AL","ALFIANO NATTA","7","249","","T","","analitica","","","PVP sales 1 (2065933); Storica Analitica visura per immobile - Catasto Terreni."
"visura-storica","AL","ALICE BEL COLLE","5","104","","F","","analitica","","","PVP sales 3 (4422690,4492931,4551429); Storica Analitica visura per immobile - Catasto Fabbricati."
"visura-storica","AL","ALICE BEL COLLE","5","104","","T","","analitica","","","PVP sales 3 (4422690,4492931,4551429); Storica Analitica visura per immobile - Catasto Terreni."
"visura-storica","AL","ALICE BEL COLLE","5","226","","F","","analitica","","","PVP sales 2 (4499862,4555462); Storica Analitica visura per immobile - Catasto Fabbricati."
"visura-storica","AL","ALICE BEL COLLE","5","226","","T","","analitica","","","PVP sales 2 (4499862,4555462); Storica Analitica visura per immobile - Catasto Terreni."
"visura-storica","AL","ALICE BEL COLLE","8","195","","F","","analitica","","","PVP sales 2 (324710,584536); Storica Analitica visura per immobile - Catasto Fabbricati."
"visura-storica","AL","ALICE BEL COLLE","8","195","","T","","analitica","","","PVP sales 2 (324710,584536); Storica Analitica visura per immobile - Catasto Terreni."
"visura-storica","AL","ALICE BEL COLLE","8","550","","F","","analitica","","","PVP sales 2 (324710,584536); Storica Analitica visura per immobile - Catasto Fabbricati."
"visura-storica","AL","ALICE BEL COLLE","8","550","","T","","analitica","","","PVP sales 2 (324710,584536); Storica Analitica visura per immobile - Catasto Terreni."
"visura-storica","AL","ALICE BEL COLLE","8","580","","F","","analitica","","","PVP sales 2 (324710,584536); Storica Analitica visura per immobile - Catasto Fabbricati."
"visura-storica","AL","ALICE BEL COLLE","8","580","","T","","analitica","","","PVP sales 2 (324710,584536); Storica Analitica visura per immobile - Catasto Terreni."
"visura-storica","AL","ALICE BEL COLLE","8","585","","F","","analitica","","","PVP sales 2 (324710,584536); Storica Analitica visura per immobile - Catasto Fabbricati."
"visura-storica","AL","ALICE BEL COLLE","8","585","","T","","analitica","","","PVP sales 2 (324710,584536); Storica Analitica visura per immobile - Catasto Terreni."
"visura-storica","AL","ALLUVIONI CAMBIÒ","5","100","1","F","","analitica","","","PVP sales 3 (469473,612859,816702); Storica Analitica visura per immobile - Catasto Fabbricati."
"visura-storica","AL","ALLUVIONI CAMBIÒ","5","100","2","F","","analitica","","","PVP sales 3 (469473,612859,816702); Storica Analitica visura per immobile - Catasto Fabbricati."
"visura-storica","AL","ALLUVIONI CAMBIÒ","5","134","3","F","","analitica","","","PVP sales 3 (124969,296567,296581); Storica Analitica visura per immobile - Catasto Fabbricati."
"visura-storica","AL","ALLUVIONI PIOVERA","5","134","3","F","","analitica","","","PVP sales 1 (426065); Storica Analitica visura per immobile - Catasto Fabbricati."
"visura-storica","AL","ALLUVIONI PIOVERA","7","500","","F","","analitica","","","PVP sales 2 (4465937,4522247); Storica Analitica visura per immobile - Catasto Fabbricati."
"visura-storica","AL","ALLUVIONI PIOVERA","7","500","","T","","analitica","","","PVP sales 2 (4465937,4522247); Storica Analitica visura per immobile - Catasto Terreni."
"visura-storica","AL","ALLUVIONI PIOVERA","7","502","","F","","analitica","","","PVP sales 2 (4465937,4522247); Storica Analitica visura per immobile - Catasto Fabbricati."
"visura-storica","AL","ALLUVIONI PIOVERA","7","502","","T","","analitica","","","PVP sales 2 (4465937,4522247); Storica Analitica visura per immobile - Catasto Terreni."
"visura-storica","AL","ALLUVIONI PIOVERA","9","67","1","F","","analitica","","","PVP sales 1 (609039); Storica Analitica visura per immobile - Catasto Fabbricati."
"visura-storica","AL","ALLUVIONI PIOVERA","9","67","2","F","","analitica","","","PVP sales 1 (609039); Storica Analitica visura per immobile - Catasto Fabbricati."
"visura-storica","AL","ALZANO SCRIVIA","2","889","","F","","analitica","","","PVP sales 2 (551084,829114); Storica Analitica visura per immobile - Catasto Fabbricati."
"visura-storica","AL","ALZANO SCRIVIA","2","889","","T","","analitica","","","PVP sales 2 (551084,829114); Storica Analitica visura per immobile - Catasto Terreni."
"visura-storica","AL","ARQUATA SCRIVIA","11","252","40","F","","analitica","","","PVP sales 2 (4471456,4535160); Storica Analitica visura per immobile - Catasto Fabbricati."
"visura-storica","AL","ARQUATA SCRIVIA","11","252","9","F","","analitica","","","PVP sales 2 (4471456,4535160); Storica Analitica visura per immobile - Catasto Fabbricati."
"visura-storica","AL","ARQUATA SCRIVIA","11","275","","F","","analitica","","","PVP sales 1 (1807477); Storica Analitica visura per immobile - Catasto Fabbricati."
"visura-storica","AL","ARQUATA SCRIVIA","11","275","","T","","analitica","","","PVP sales 1 (1807477); Storica Analitica visura per immobile - Catasto Terreni."
"visura-storica","AL","ARQUATA SCRIVIA","11","275","5","F","","analitica","","","PVP sales 1 (1807477); Storica Analitica visura per immobile - Catasto Fabbricati."
"visura-storica","AL","ARQUATA SCRIVIA","14","501","11","F","","analitica","","","PVP sales 2 (1684907,1787621); Storica Analitica visura per immobile - Catasto Fabbricati."
"visura-storica","AL","ARQUATA SCRIVIA","14","582","","F","","analitica","","","PVP sales 2 (1684907,1787621); Storica Analitica visura per immobile - Catasto Fabbricati."
"visura-storica","AL","ARQUATA SCRIVIA","14","582","","T","","analitica","","","PVP sales 2 (1684907,1787621); Storica Analitica visura per immobile - Catasto Terreni."
"visura-storica","AL","ARQUATA SCRIVIA","20","349","1","F","","analitica","","","PVP sales 1 (4514480); Storica Analitica visura per immobile - Catasto Fabbricati."
"visura-storica","AL","ARQUATA SCRIVIA","20","350","","F","","analitica","","","PVP sales 1 (4514480); Storica Analitica visura per immobile - Catasto Fabbricati."
"visura-storica","AL","ARQUATA SCRIVIA","20","350","","T","","analitica","","","PVP sales 1 (4514480); Storica Analitica visura per immobile - Catasto Terreni."
"visura-storica","AL","ARQUATA SCRIVIA","5","1255","1","F","","analitica","","","PVP sales 1 (4507243); Storica Analitica visura per immobile - Catasto Fabbricati."
"visura-storica","AL","ARQUATA SCRIVIA","5","1255","2","F","","analitica","","","PVP sales 1 (4507243); Storica Analitica visura per immobile - Catasto Fabbricati."
"visura-storica","AL","ARQUATA SCRIVIA","5","127","3","F","","analitica","","","PVP sales 1 (1493136); Storica Analitica visura per immobile - Catasto Fabbricati."
"visura-storica","AL","ARQUATA SCRIVIA","5","290","","F","","analitica","","","PVP sales 1 (1595783); Storica Analitica visura per immobile - Catasto Fabbricati."
"visura-storica","AL","ARQUATA SCRIVIA","5","290","","T","","analitica","","","PVP sales 1 (1595783); Storica Analitica visura per immobile - Catasto Terreni."
"visura-storica","AL","ARQUATA SCRIVIA","5","428/430","12","F","","analitica","","","PVP sales 1 (1200755); Storica Analitica visura per immobile - Catasto Fabbricati."
"visura-storica","AL","ARQUATA SCRIVIA","5","428/430","3","F","","analitica","","","PVP sales 1 (1200755); Storica Analitica visura per immobile - Catasto Fabbricati."
"visura-storica","AL","ARQUATA SCRIVIA","5","430","2","F","","analitica","","","PVP sales 1 (1200755); Storica Analitica visura per immobile - Catasto Fabbricati."
"visura-storica","AL","ARQUATA SCRIVIA","5","430","7","F","","analitica","","","PVP sales 1 (1200690); Storica Analitica visura per immobile - Catasto Fabbricati."
"visura-storica","AL","ARQUATA SCRIVIA","5","430/437","1","F","","analitica","","","PVP sales 1 (1200690); Storica Analitica visura per immobile - Catasto Fabbricati."
"visura-storica","AL","ARQUATA SCRIVIA","5","430/437","11","F","","analitica","","","PVP sales 1 (1200690); Storica Analitica visura per immobile - Catasto Fabbricati."
"visura-storica","AL","ARQUATA SCRIVIA","5","533","1","F","","analitica","","","PVP sales 1 (2125607); Storica Analitica visura per immobile - Catasto Fabbricati."
"visura-storica","AL","ARQUATA SCRIVIA","5","557","9","F","","analitica","","","PVP sales 1 (2125607); Storica Analitica visura per immobile - Catasto Fabbricati."
"visura-storica","AL","ARQUATA SCRIVIA","5","721","39","F","","analitica","","","PVP sales 1 (4267371); Storica Analitica visura per immobile - Catasto Fabbricati."
"visura-storica","AL","ARQUATA SCRIVIA","5","876","15","F","","analitica","","","PVP sales 2 (347292,478911); Storica Analitica visura per immobile - Catasto Fabbricati."
"visura-storica","AL","ARQUATA SCRIVIA","5","876","21","F","","analitica","","","PVP sales 1 (345216); Storica Analitica visura per immobile - Catasto Fabbricati."
"visura-storica","AL","ARQUATA SCRIVIA","5","903","3","F","","analitica","","","PVP sales 1 (1748267); Storica Analitica visura per immobile - Catasto Fabbricati."
"visura-storica","AL","ARQUATA SCRIVIA","8","477","6","F","","analitica","","","PVP sales 3 (4405799,4465901,4527557); Storica Analitica visura per immobile - Catasto Fabbricati."
"visura-storica","AL","AVOLASCA","12","253","246","F","","analitica","","","PVP sales 2 (4423434,4490724); Storica Analitica visura per immobile - Catasto Fabbricati."
"visura-storica","AL","AVOLASCA","12","253","247","F","","analitica","","","PVP sales 2 (4423434,4490724); Storica Analitica visura per immobile - Catasto Fabbricati."
"visura-storica","AL","AVOLASCA","12","253","254","F","","analitica","","","PVP sales 2 (4423434,4490724); Storica Analitica visura per immobile - Catasto Fabbricati."
"visura-storica","AL","AVOLASCA","12","253","280","F","","analitica","","","PVP sales 2 (4423434,4490724); Storica Analitica visura per immobile - Catasto Fabbricati."
"visura-storica","AL","AVOLASCA","12","253","281","F","","analitica","","","PVP sales 2 (4423434,4490724); Storica Analitica visura per immobile - Catasto Fabbricati."
"visura-storica","AL","AVOLASCA","12","253","282","F","","analitica","","","PVP sales 2 (4423434,4490724); Storica Analitica visura per immobile - Catasto Fabbricati."
"visura-storica","AL","AVOLASCA","12","253","283","F","","analitica","","","PVP sales 2 (4423434,4490724); Storica Analitica visura per immobile - Catasto Fabbricati."
"visura-storica","AL","AVOLASCA","12","253","285","F","","analitica","","","PVP sales 2 (4423434,4490724); Storica Analitica visura per immobile - Catasto Fabbricati."
"visura-storica","AL","AVOLASCA","12","253","3","F","","analitica","","","PVP sales 2 (4423434,4490724); Storica Analitica visura per immobile - Catasto Fabbricati."
"visura-storica","AL","AVOLASCA","12","253","5","F","","analitica","","","PVP sales 2 (4423434,4490724); Storica Analitica visura per immobile - Catasto Fabbricati."
"visura-storica","AL","BALZOLA","11","646","5","F","","analitica","","","PVP sales 3 (1718963,1970331,4426347); Storica Analitica visura per immobile - Catasto Fabbricati."
"visura-storica","AL","BALZOLA","11","649","1","F","","analitica","","","PVP sales 3 (1718963,1970331,4426347); Storica Analitica visura per immobile - Catasto Fabbricati."
"visura-storica","AL","BALZOLA","11","731","","F","","analitica","","","PVP sales 1 (4519797); Storica Analitica visura per immobile - Catasto Fabbricati."
"visura-storica","AL","BALZOLA","11","731","","T","","analitica","","","PVP sales 1 (4519797); Storica Analitica visura per immobile - Catasto Terreni."
"visura-storica","AL","BASALUZZO","11","185","","F","","analitica","","","PVP sales 1 (2097963); Storica Analitica visura per immobile - Catasto Fabbricati."
"visura-storica","AL","BASALUZZO","11","185","","T","","analitica","","","PVP sales 1 (2097963); Storica Analitica visura per immobile - Catasto Terreni."
"visura-storica","AL","BASALUZZO","11","191","5","F","","analitica","","","PVP sales 1 (2097963); Storica Analitica visura per immobile - Catasto Fabbricati."
"visura-storica","AL","BASALUZZO","11","922","1","F","","analitica","","","PVP sales 1 (1558270); Storica Analitica visura per immobile - Catasto Fabbricati."
"visura-storica","AL","BASALUZZO","4","149","","F","","analitica","","","PVP sales 1 (480042); Storica Analitica visura per immobile - Catasto Fabbricati."
"visura-storica","AL","BASALUZZO","4","149","","T","","analitica","","","PVP sales 1 (480042); Storica Analitica visura per immobile - Catasto Terreni."
"visura-storica","AL","BASALUZZO","7","389","2","F","","analitica","","","PVP sales 1 (2105279); Storica Analitica visura per immobile - Catasto Fabbricati."
"visura-storica","AL","BASALUZZO","7","389","3","F","","analitica","","","PVP sales 1 (2105279); Storica Analitica visura per immobile - Catasto Fabbricati."
"visura-storica","AL","BASALUZZO","7","389","4","F","","analitica","","","PVP sales 1 (2105279); Storica Analitica visura per immobile - Catasto Fabbricati."
"visura-storica","AL","BASSIGNANA","14","174","1","F","","analitica","","","PVP sales 1 (2016274); Storica Analitica visura per immobile - Catasto Fabbricati."
"visura-storica","AL","BASSIGNANA","14","175","1","F","","analitica","","","PVP sales 1 (2016274); Storica Analitica visura per immobile - Catasto Fabbricati."
"visura-storica","AL","BASSIGNANA","14","175","2","F","","analitica","","","PVP sales 1 (2016274); Storica Analitica visura per immobile - Catasto Fabbricati."
"visura-storica","AL","BASSIGNANA","18","1279","1","F","","analitica","","","PVP sales 1 (1598494); Storica Analitica visura per immobile - Catasto Fabbricati."
"visura-storica","AL","BASSIGNANA","18","1376","","F","","analitica","","","PVP sales 1 (1498185); Storica Analitica visura per immobile - Catasto Fabbricati."
"visura-storica","AL","BASSIGNANA","18","1376","","T","","analitica","","","PVP sales 1 (1498185); Storica Analitica visura per immobile - Catasto Terreni."
"visura-storica","AL","BASSIGNANA","18","1377","1","F","","analitica","","","PVP sales 1 (1498185); Storica Analitica visura per immobile - Catasto Fabbricati."
"visura-storica","AL","BASSIGNANA","18","1377","2","F","","analitica","","","PVP sales 1 (1498185); Storica Analitica visura per immobile - Catasto Fabbricati."
"visura-storica","AL","BASSIGNANA","18","1378","","F","","analitica","","","PVP sales 1 (1498185); Storica Analitica visura per immobile - Catasto Fabbricati."
"visura-storica","AL","BASSIGNANA","18","1378","","T","","analitica","","","PVP sales 1 (1498185); Storica Analitica visura per immobile - Catasto Terreni."
"visura-storica","AL","BASSIGNANA","18","1408","11","F","","analitica","","","PVP sales 1 (1519637); Storica Analitica visura per immobile - Catasto Fabbricati."
"visura-storica","AL","BASSIGNANA","18","1408","20","F","","analitica","","","PVP sales 1 (1681089); Storica Analitica visura per immobile - Catasto Fabbricati."
"visura-storica","AL","BASSIGNANA","18","141","2","F","","analitica","","","PVP sales 1 (1638906); Storica Analitica visura per immobile - Catasto Fabbricati."
"visura-storica","AL","BASSIGNANA","18","1430","","F","","analitica","","","PVP sales 1 (2045966); Storica Analitica visura per immobile - Catasto Fabbricati."
"visura-storica","AL","BASSIGNANA","18","1430","","T","","analitica","","","PVP sales 1 (2045966); Storica Analitica visura per immobile - Catasto Terreni."
"visura-storica","AL","BASSIGNANA","18","224","1","F","","analitica","","","PVP sales 2 (294536,649251); Storica Analitica visura per immobile - Catasto Fabbricati."
"visura-storica","AL","BASSIGNANA","18","359","1257","F","","analitica","","","PVP sales 1 (920150); Storica Analitica visura per immobile - Catasto Fabbricati."
"visura-storica","AL","BASSIGNANA","18","359","2","F","","analitica","","","PVP sales 1 (1788507); Storica Analitica visura per immobile - Catasto Fabbricati."
"visura-storica","AL","BASSIGNANA","18","435","1","F","","analitica","","","PVP sales 5 (549966,550147,681693,856718,954517); Storica Analitica visura per immobile - Catasto Fabbricati."
"visura-storica","AL","BASSIGNANA","18","435","2","F","","analitica","","","PVP sales 5 (549966,550147,681693,856718,954517); Storica Analitica visura per immobile - Catasto Fabbricati."
"visura-storica","AL","BASSIGNANA","18","9","1","F","","analitica","","","PVP sales 3 (374377,4399409,4470857); Storica Analitica visura per immobile - Catasto Fabbricati."
"visura-storica","AL","BASSIGNANA","18","9","4","F","","analitica","","","PVP sales 3 (374377,4399409,4470857); Storica Analitica visura per immobile - Catasto Fabbricati."
"visura-storica","AL","BASSIGNANA","18","9","5","F","","analitica","","","PVP sales 3 (375075,4399409,4470857); Storica Analitica visura per immobile - Catasto Fabbricati."
"visura-storica","AL","BASSIGNANA","19","369","13","F","","analitica","","","PVP sales 5 (641391,970088,1138351,1558156,1711800); Storica Analitica visura per immobile - Catasto Fabbricati."
"visura-storica","AL","BASSIGNANA","19","369","14","F","","analitica","","","PVP sales 5 (641391,970088,1138351,1558156,1711800); Storica Analitica visura per immobile - Catasto Fabbricati."
"visura-storica","AL","BASSIGNANA","19","369","17","F","","analitica","","","PVP sales 5 (641391,970088,1138351,1558156,1711800); Storica Analitica visura per immobile - Catasto Fabbricati."
"visura-storica","AL","BASSIGNANA","19","369","21","F","","analitica","","","PVP sales 5 (641391,970088,1138351,1558156,1711800); Storica Analitica visura per immobile - Catasto Fabbricati."
"visura-storica","AL","BASSIGNANA","19","369","23","F","","analitica","","","PVP sales 5 (641391,970088,1138351,1558156,1711800); Storica Analitica visura per immobile - Catasto Fabbricati."
"visura-storica","AL","BASSIGNANA","19","369","24","F","","analitica","","","PVP sales 1 (409784); Storica Analitica visura per immobile - Catasto Fabbricati."
"visura-storica","AL","BASSIGNANA","19","369","25","F","","analitica","","","PVP sales 5 (641391,970088,1138351,1558156,1711800); Storica Analitica visura per immobile - Catasto Fabbricati."
"visura-storica","AL","BASSIGNANA","19","369","27","F","","analitica","","","PVP sales 5 (641391,970088,1138351,1558156,1711800); Storica Analitica visura per immobile - Catasto Fabbricati."
"visura-storica","AL","BASSIGNANA","19","369","28","F","","analitica","","","PVP sales 5 (641391,970088,1138351,1558156,1711800); Storica Analitica visura per immobile - Catasto Fabbricati."
"visura-storica","AL","BASSIGNANA","19","369","30","F","","analitica","","","PVP sales 5 (641391,970088,1138351,1558156,1711800); Storica Analitica visura per immobile - Catasto Fabbricati."
"visura-storica","AL","BASSIGNANA","19","369","32","F","","analitica","","","PVP sales 5 (641391,970088,1138351,1558156,1711800); Storica Analitica visura per immobile - Catasto Fabbricati."
"visura-storica","AL","BASSIGNANA","19","369","33","F","","analitica","","","PVP sales 5 (641391,970088,1138351,1558156,1711800); Storica Analitica visura per immobile - Catasto Fabbricati."
"visura-storica","AL","BASSIGNANA","19","369","34","F","","analitica","","","PVP sales 5 (641391,970088,1138351,1558156,1711800); Storica Analitica visura per immobile - Catasto Fabbricati."
"visura-storica","AL","BASSIGNANA","19","369","35","F","","analitica","","","PVP sales 5 (641391,970088,1138351,1558156,1711800); Storica Analitica visura per immobile - Catasto Fabbricati."
"visura-storica","AL","BASSIGNANA","19","569","13","F","","analitica","","","PVP sales 2 (4446673,4510351); Storica Analitica visura per immobile - Catasto Fabbricati."
"visura-storica","AL","BASSIGNANA","19","569","14","F","","analitica","","","PVP sales 2 (4446722,4510374); Storica Analitica visura per immobile - Catasto Fabbricati."
"visura-storica","AL","BASSIGNANA","19","569","3","F","","analitica","","","PVP sales 2 (4446673,4510351); Storica Analitica visura per immobile - Catasto Fabbricati."
"visura-storica","AL","BASSIGNANA","19","569","8","F","","analitica","","","PVP sales 2 (4446673,4510351); Storica Analitica visura per immobile - Catasto Fabbricati."
"visura-storica","AL","BASSIGNANA","33","67","5","F","","analitica","","","PVP sales 2 (217309,613815); Storica Analitica visura per immobile - Catasto Fabbricati."
"visura-storica","AL","BASSIGNANA","9","299","","F","","analitica","","","PVP sales 1 (2095511); Storica Analitica visura per immobile - Catasto Fabbricati."
"visura-storica","AL","BASSIGNANA","9","299","","T","","analitica","","","PVP sales 1 (2095511); Storica Analitica visura per immobile - Catasto Terreni."
"visura-storica","AL","BASSIGNANA","9","499","","F","","analitica","","","PVP sales 1 (2095511); Storica Analitica visura per immobile - Catasto Fabbricati."
"visura-storica","AL","BASSIGNANA","9","499","","T","","analitica","","","PVP sales 1 (2095511); Storica Analitica visura per immobile - Catasto Terreni."
"visura-storica","AL","BELFORTE MONFERRATO","1","139","3","F","","analitica","","","PVP sales 4 (784117,784227,784278,784595); Storica Analitica visura per immobile - Catasto Fabbricati."
"visura-storica","AL","BELFORTE MONFERRATO","1","139","4","F","","analitica","","","PVP sales 1 (784584); Storica Analitica visura per immobile - Catasto Fabbricati."
"visura-storica","AL","BELFORTE MONFERRATO","1","139","5","F","","analitica","","","PVP sales 1 (784584); Storica Analitica visura per immobile - Catasto Fabbricati."
"visura-storica","AL","BELFORTE MONFERRATO","1","139","6","F","","analitica","","","PVP sales 1 (784649); Storica Analitica visura per immobile - Catasto Fabbricati."
"visura-storica","AL","BELFORTE MONFERRATO","1","147","","F","","analitica","","","PVP sales 1 (465811); Storica Analitica visura per immobile - Catasto Fabbricati."
"visura-storica","AL","BELFORTE MONFERRATO","1","147","","T","","analitica","","","PVP sales 1 (465811); Storica Analitica visura per immobile - Catasto Terreni."
"visura-storica","AL","BELFORTE MONFERRATO","1","265","5","F","","analitica","","","PVP sales 1 (1591382); Storica Analitica visura per immobile - Catasto Fabbricati."
"visura-storica","AL","BELFORTE MONFERRATO","1","265","6","F","","analitica","","","PVP sales 1 (1591382); Storica Analitica visura per immobile - Catasto Fabbricati."
"visura-storica","AL","BELFORTE MONFERRATO","1","265","7","F","","analitica","","","PVP sales 1 (1591382); Storica Analitica visura per immobile - Catasto Fabbricati."
"visura-storica","AL","BELFORTE MONFERRATO","1","438","5","F","","analitica","","","PVP sales 3 (4419971,4484082,4543733); Storica Analitica visura per immobile - Catasto Fabbricati."
"visura-storica","AL","BELFORTE MONFERRATO","1","501","2","F","","analitica","","","PVP sales 2 (1700519,1810628); Storica Analitica visura per immobile - Catasto Fabbricati."
"visura-storica","AL","BELFORTE MONFERRATO","1","501","3","F","","analitica","","","PVP sales 2 (1700519,1810628); Storica Analitica visura per immobile - Catasto Fabbricati."
"visura-storica","AL","BELFORTE MONFERRATO","1","501","4","F","","analitica","","","PVP sales 2 (1700519,1810628); Storica Analitica visura per immobile - Catasto Fabbricati."
"visura-storica","AL","BELFORTE MONFERRATO","1","501","5","F","","analitica","","","PVP sales 2 (1700519,1810628); Storica Analitica visura per immobile - Catasto Fabbricati."
"visura-storica","AL","BELFORTE MONFERRATO","1","501","6","F","","analitica","","","PVP sales 1 (1700519); Storica Analitica visura per immobile - Catasto Fabbricati."
"visura-storica","AL","BELFORTE MONFERRATO","3","510","1","F","","analitica","","","PVP sales 1 (361644); Storica Analitica visura per immobile - Catasto Fabbricati."
"visura-storica","AL","BELFORTE MONFERRATO","3","510","2","F","","analitica","","","PVP sales 1 (361644); Storica Analitica visura per immobile - Catasto Fabbricati."
"visura-storica","AL","BERGAMASCO","11","274","1","F","","analitica","","","PVP sales 1 (346724); Storica Analitica visura per immobile - Catasto Fabbricati."
"visura-storica","AL","BERGAMASCO","11","281","1","F","","analitica","","","PVP sales 1 (346724); Storica Analitica visura per immobile - Catasto Fabbricati."
"visura-storica","AL","BERGAMASCO","11","282","2","F","","analitica","","","PVP sales 1 (346724); Storica Analitica visura per immobile - Catasto Fabbricati."
"visura-storica","AL","BERGAMASCO","11","946","","F","","analitica","","","PVP sales 1 (2246451); Storica Analitica visura per immobile - Catasto Fabbricati."
"visura-storica","AL","BERGAMASCO","11","946","","T","","analitica","","","PVP sales 1 (2246451); Storica Analitica visura per immobile - Catasto Terreni."
"visura-storica","AL","BERZANO DI TORTONA","2","483","16","F","","analitica","","","PVP sales 1 (2235546); Storica Analitica visura per immobile - Catasto Fabbricati."
"visura-storica","AL","BISTAGNO","1","291","","F","","analitica","","","PVP sales 1 (1970887); Storica Analitica visura per immobile - Catasto Fabbricati."
"visura-storica","AL","BISTAGNO","1","291","","T","","analitica","","","PVP sales 1 (1970887); Storica Analitica visura per immobile - Catasto Terreni."
"visura-storica","AL","BISTAGNO","1","294","","F","","analitica","","","PVP sales 1 (1970887); Storica Analitica visura per immobile - Catasto Fabbricati."
"visura-storica","AL","BISTAGNO","1","294","","T","","analitica","","","PVP sales 1 (1970887); Storica Analitica visura per immobile - Catasto Terreni."
"visura-storica","AL","BISTAGNO","1","522","2","F","","analitica","","","PVP sales 1 (1970887); Storica Analitica visura per immobile - Catasto Fabbricati."
"visura-storica","AL","BISTAGNO","13","223","","F","","analitica","","","PVP sales 1 (2129192); Storica Analitica visura per immobile - Catasto Fabbricati."
"visura-storica","AL","BISTAGNO","13","223","","T","","analitica","","","PVP sales 1 (2129192); Storica Analitica visura per immobile - Catasto Terreni."
"visura-storica","AL","BISTAGNO","13","500","14","F","","analitica","","","PVP sales 1 (2222876); Storica Analitica visura per immobile - Catasto Fabbricati."
"visura-storica","AL","BISTAGNO","13","500","15","F","","analitica","","","PVP sales 2 (4399389,4468295); Storica Analitica visura per immobile - Catasto Fabbricati."
"visura-storica","AL","BISTAGNO","13","500","5","F","","analitica","","","PVP sales 1 (2222876); Storica Analitica visura per immobile - Catasto Fabbricati."
"visura-storica","AL","BISTAGNO","13","500","6","F","","analitica","","","PVP sales 2 (4399389,4468295); Storica Analitica visura per immobile - Catasto Fabbricati."
"visura-storica","AL","BISTAGNO","14","431","27","F","","analitica","","","PVP sales 4 (2110317,4245603,4405191,4479578); Storica Analitica visura per immobile - Catasto Fabbricati."
"visura-storica","AL","BISTAGNO","14","431","34","F","","analitica","","","PVP sales 4 (2110317,4245603,4405191,4479578); Storica Analitica visura per immobile - Catasto Fabbricati."
"visura-storica","AL","BISTAGNO","14","431","40","F","","analitica","","","PVP sales 4 (2110317,4245603,4405191,4479578); Storica Analitica visura per immobile - Catasto Fabbricati."
"visura-storica","AL","BISTAGNO","14","431","41","F","","analitica","","","PVP sales 4 (2110317,4245603,4405191,4479578); Storica Analitica visura per immobile - Catasto Fabbricati."
"visura-storica","AL","BISTAGNO","14","431","7","F","","analitica","","","PVP sales 1 (375249); Storica Analitica visura per immobile - Catasto Fabbricati."
"visura-storica","AL","BISTAGNO","2","390","","F","","analitica","","","PVP sales 1 (2129250); Storica Analitica visura per immobile - Catasto Fabbricati."
"visura-storica","AL","BISTAGNO","2","390","","T","","analitica","","","PVP sales 1 (2129250); Storica Analitica visura per immobile - Catasto Terreni."
"visura-storica","AL","BISTAGNO","3","433","","F","","analitica","","","PVP sales 1 (2129250); Storica Analitica visura per immobile - Catasto Fabbricati."
"visura-storica","AL","BISTAGNO","3","433","","T","","analitica","","","PVP sales 1 (2129250); Storica Analitica visura per immobile - Catasto Terreni."
"visura-storica","AL","BISTAGNO","7","100","","F","","analitica","","","PVP sales 1 (2129250); Storica Analitica visura per immobile - Catasto Fabbricati."
"visura-storica","AL","BISTAGNO","7","100","","T","","analitica","","","PVP sales 1 (2129250); Storica Analitica visura per immobile - Catasto Terreni."
"visura-storica","AL","BISTAGNO","7","107","","F","","analitica","","","PVP sales 1 (2129250); Storica Analitica visura per immobile - Catasto Fabbricati."
"visura-storica","AL","BISTAGNO","7","107","","T","","analitica","","","PVP sales 1 (2129250); Storica Analitica visura per immobile - Catasto Terreni."
"visura-storica","AL","BISTAGNO","7","113","","F","","analitica","","","PVP sales 1 (2129250); Storica Analitica visura per immobile - Catasto Fabbricati."
"visura-storica","AL","BISTAGNO","7","113","","T","","analitica","","","PVP sales 1 (2129250); Storica Analitica visura per immobile - Catasto Terreni."
"visura-storica","AL","BISTAGNO","7","118","","F","","analitica","","","PVP sales 1 (2129250); Storica Analitica visura per immobile - Catasto Fabbricati."
"visura-storica","AL","BISTAGNO","7","118","","T","","analitica","","","PVP sales 1 (2129250); Storica Analitica visura per immobile - Catasto Terreni."
"visura-storica","AL","BISTAGNO","7","119","","F","","analitica","","","PVP sales 1 (2129250); Storica Analitica visura per immobile - Catasto Fabbricati."
"visura-storica","AL","BISTAGNO","7","119","","T","","analitica","","","PVP sales 1 (2129250); Storica Analitica visura per immobile - Catasto Terreni."
"visura-storica","AL","BISTAGNO","7","120","","F","","analitica","","","PVP sales 1 (2129250); Storica Analitica visura per immobile - Catasto Fabbricati."
"visura-storica","AL","BISTAGNO","7","120","","T","","analitica","","","PVP sales 1 (2129250); Storica Analitica visura per immobile - Catasto Terreni."
"visura-storica","AL","BISTAGNO","7","127","","F","","analitica","","","PVP sales 1 (2129250); Storica Analitica visura per immobile - Catasto Fabbricati."
"visura-storica","AL","BISTAGNO","7","127","","T","","analitica","","","PVP sales 1 (2129250); Storica Analitica visura per immobile - Catasto Terreni."
"visura-storica","AL","BISTAGNO","7","493","","F","","analitica","","","PVP sales 1 (2129250); Storica Analitica visura per immobile - Catasto Fabbricati."
"visura-storica","AL","BISTAGNO","7","493","","T","","analitica","","","PVP sales 1 (2129250); Storica Analitica visura per immobile - Catasto Terreni."
"visura-storica","AL","BISTAGNO","7","54","","F","","analitica","","","PVP sales 1 (2129250); Storica Analitica visura per immobile - Catasto Fabbricati."
"visura-storica","AL","BISTAGNO","7","54","","T","","analitica","","","PVP sales 1 (2129250); Storica Analitica visura per immobile - Catasto Terreni."
"visura-storica","AL","BISTAGNO","7","79","","F","","analitica","","","PVP sales 1 (2129250); Storica Analitica visura per immobile - Catasto Fabbricati."
"visura-storica","AL","BISTAGNO","7","79","","T","","analitica","","","PVP sales 1 (2129250); Storica Analitica visura per immobile - Catasto Terreni."
"visura-storica","AL","BISTAGNO","7","80","","F","","analitica","","","PVP sales 1 (2129250); Storica Analitica visura per immobile - Catasto Fabbricati."
"visura-storica","AL","BISTAGNO","7","80","","T","","analitica","","","PVP sales 1 (2129250); Storica Analitica visura per immobile - Catasto Terreni."
"visura-storica","AL","BISTAGNO","7","85","","F","","analitica","","","PVP sales 1 (2129250); Storica Analitica visura per immobile - Catasto Fabbricati."
"visura-storica","AL","BISTAGNO","7","85","","T","","analitica","","","PVP sales 1 (2129250); Storica Analitica visura per immobile - Catasto Terreni."
"visura-storica","AL","BISTAGNO","7","86","","F","","analitica","","","PVP sales 1 (2129250); Storica Analitica visura per immobile - Catasto Fabbricati."
"visura-storica","AL","BISTAGNO","7","86","","T","","analitica","","","PVP sales 1 (2129250); Storica Analitica visura per immobile - Catasto Terreni."
"visura-storica","AL","BISTAGNO","7","91","3","F","","analitica","","","PVP sales 1 (2129250); Storica Analitica visura per immobile - Catasto Fabbricati."
"visura-storica","AL","BORGHETTO DI BORBERA","17","379","","F","","analitica","","","PVP sales 1 (1662912); Storica Analitica visura per immobile - Catasto Fabbricati."
"visura-storica","AL","BORGHETTO DI BORBERA","17","379","","T","","analitica","","","PVP sales 1 (1662912); Storica Analitica visura per immobile - Catasto Terreni."
"visura-storica","AL","BORGHETTO DI BORBERA","17","731","","F","","analitica","","","PVP sales 1 (1662912); Storica Analitica visura per immobile - Catasto Fabbricati."
"visura-storica","AL","BORGHETTO DI BORBERA","17","731","","T","","analitica","","","PVP sales 1 (1662912); Storica Analitica visura per immobile - Catasto Terreni."
"visura-storica","AL","BORGHETTO DI BORBERA","20","359","","F","","analitica","","","PVP sales 1 (1662912); Storica Analitica visura per immobile - Catasto Fabbricati."
"visura-storica","AL","BORGHETTO DI BORBERA","20","359","","T","","analitica","","","PVP sales 1 (1662912); Storica Analitica visura per immobile - Catasto Terreni."
"visura-storica","AL","BORGHETTO DI BORBERA","20","371","","F","","analitica","","","PVP sales 1 (1662912); Storica Analitica visura per immobile - Catasto Fabbricati."
"visura-storica","AL","BORGHETTO DI BORBERA","20","371","","T","","analitica","","","PVP sales 1 (1662912); Storica Analitica visura per immobile - Catasto Terreni."
"visura-storica","AL","BORGHETTO DI BORBERA","20","372","","F","","analitica","","","PVP sales 1 (1662912); Storica Analitica visura per immobile - Catasto Fabbricati."
"visura-storica","AL","BORGHETTO DI BORBERA","20","372","","T","","analitica","","","PVP sales 1 (1662912); Storica Analitica visura per immobile - Catasto Terreni."
"visura-storica","AL","BORGHETTO DI BORBERA","20","373","","F","","analitica","","","PVP sales 1 (1662912); Storica Analitica visura per immobile - Catasto Fabbricati."
"visura-storica","AL","BORGHETTO DI BORBERA","20","373","","T","","analitica","","","PVP sales 1 (1662912); Storica Analitica visura per immobile - Catasto Terreni."
"visura-storica","AL","BORGHETTO DI BORBERA","20","374","","F","","analitica","","","PVP sales 1 (1662912); Storica Analitica visura per immobile - Catasto Fabbricati."
"visura-storica","AL","BORGHETTO DI BORBERA","20","374","","T","","analitica","","","PVP sales 1 (1662912); Storica Analitica visura per immobile - Catasto Terreni."
"visura-storica","AL","BORGHETTO DI BORBERA","22","21","","F","","analitica","","","PVP sales 1 (2100204); Storica Analitica visura per immobile - Catasto Fabbricati."
"visura-storica","AL","BORGHETTO DI BORBERA","26","470","3","F","","analitica","","","PVP sales 1 (4252777); Storica Analitica visura per immobile - Catasto Fabbricati."
"visura-storica","AL","BORGHETTO DI BORBERA","26","472","1","F","","analitica","","","PVP sales 1 (4252777); Storica Analitica visura per immobile - Catasto Fabbricati."
"visura-storica","AL","BORGHETTO DI BORBERA","26","654","","F","","analitica","","","PVP sales 1 (4252777); Storica Analitica visura per immobile - Catasto Fabbricati."
"visura-storica","AL","BORGHETTO DI BORBERA","26","654","","T","","analitica","","","PVP sales 1 (4252777); Storica Analitica visura per immobile - Catasto Terreni."
"visura-storica","AL","BORGHETTO DI BORBERA","29","452","3","F","","analitica","","","PVP sales 1 (1662912); Storica Analitica visura per immobile - Catasto Fabbricati."
"visura-storica","AL","BORGHETTO DI BORBERA","29","452","4","F","","analitica","","","PVP sales 1 (1662912); Storica Analitica visura per immobile - Catasto Fabbricati."
"visura-storica","AL","BORGHETTO DI BORBERA","29","453","1","F","","analitica","","","PVP sales 1 (1662912); Storica Analitica visura per immobile - Catasto Fabbricati."
"visura-storica","AL","BORGHETTO DI BORBERA","29","453","2","F","","analitica","","","PVP sales 1 (1662912); Storica Analitica visura per immobile - Catasto Fabbricati."
"visura-storica","AL","BORGHETTO DI BORBERA","36","185","1","F","","analitica","","","PVP sales 2 (4383561,4500783); Storica Analitica visura per immobile - Catasto Fabbricati."
"visura-storica","AL","BORGHETTO DI BORBERA","9","173","","F","","analitica","","","PVP sales 1 (1662912); Storica Analitica visura per immobile - Catasto Fabbricati."
"visura-storica","AL","BORGHETTO DI BORBERA","9","173","","T","","analitica","","","PVP sales 1 (1662912); Storica Analitica visura per immobile - Catasto Terreni."
"visura-storica","AL","BORGHETTO DI BORBERA","9","174","","F","","analitica","","","PVP sales 1 (1662912); Storica Analitica visura per immobile - Catasto Fabbricati."
"visura-storica","AL","BORGHETTO DI BORBERA","9","174","","T","","analitica","","","PVP sales 1 (1662912); Storica Analitica visura per immobile - Catasto Terreni."
"visura-storica","AL","BORGO SAN MARTINO","8","341","","F","","analitica","","","PVP sales 4 (4240750,4395947,4442876,4518950); Storica Analitica visura per immobile - Catasto Fabbricati."
"visura-storica","AL","BORGO SAN MARTINO","8","341","","T","","analitica","","","PVP sales 4 (4240750,4395947,4442876,4518950); Storica Analitica visura per immobile - Catasto Terreni."
"visura-storica","AL","BORGO SAN MARTINO","8","348","","F","","analitica","","","PVP sales 4 (4240750,4395947,4442876,4518950); Storica Analitica visura per immobile - Catasto Fabbricati."
"visura-storica","AL","BORGO SAN MARTINO","8","348","","T","","analitica","","","PVP sales 4 (4240750,4395947,4442876,4518950); Storica Analitica visura per immobile - Catasto Terreni."
"visura-storica","AL","BORGORATTO ALESSANDRINO","3","1032","","F","","analitica","","","PVP sales 2 (4396787,4461214); Storica Analitica visura per immobile - Catasto Fabbricati."
"visura-storica","AL","BORGORATTO ALESSANDRINO","3","1032","","T","","analitica","","","PVP sales 2 (4396787,4461214); Storica Analitica visura per immobile - Catasto Terreni."
"visura-storica","AL","BORGORATTO ALESSANDRINO","3","159","","F","","analitica","","","PVP sales 1 (653429); Storica Analitica visura per immobile - Catasto Fabbricati."
"visura-storica","AL","BORGORATTO ALESSANDRINO","3","159","","T","","analitica","","","PVP sales 1 (653429); Storica Analitica visura per immobile - Catasto Terreni."
"visura-storica","AL","BORGORATTO ALESSANDRINO","3","315","3","F","","analitica","","","PVP sales 2 (339627,449119); Storica Analitica visura per immobile - Catasto Fabbricati."
"visura-storica","AL","BORGORATTO ALESSANDRINO","3","66","","F","","analitica","","","PVP sales 1 (313797); Storica Analitica visura per immobile - Catasto Fabbricati."
"visura-storica","AL","BORGORATTO ALESSANDRINO","3","66","","T","","analitica","","","PVP sales 1 (313797); Storica Analitica visura per immobile - Catasto Terreni."
"visura-storica","AL","BORGORATTO ALESSANDRINO","5","187","","F","","analitica","","","PVP sales 1 (2154557); Storica Analitica visura per immobile - Catasto Fabbricati."
"visura-storica","AL","BORGORATTO ALESSANDRINO","5","187","","T","","analitica","","","PVP sales 1 (2154557); Storica Analitica visura per immobile - Catasto Terreni."
"visura-storica","AL","BORGORATTO ALESSANDRINO","5","187","1","F","","analitica","","","PVP sales 2 (2213416,4211136); Storica Analitica visura per immobile - Catasto Fabbricati."
"visura-storica","AL","BORGORATTO ALESSANDRINO","5","187","2","F","","analitica","","","PVP sales 2 (2213416,4211136); Storica Analitica visura per immobile - Catasto Fabbricati."
"visura-storica","AL","BORGORATTO ALESSANDRINO","5","187","3","F","","analitica","","","PVP sales 2 (2213416,4211136); Storica Analitica visura per immobile - Catasto Fabbricati."
"visura-storica","AL","BORGORATTO ALESSANDRINO","5","187","5","F","","analitica","","","PVP sales 2 (2213416,4211136); Storica Analitica visura per immobile - Catasto Fabbricati."
"visura-storica","AL","BORGORATTO ALESSANDRINO","5","222","","F","","analitica","","","PVP sales 3 (2154557,2213416,4211136); Storica Analitica visura per immobile - Catasto Fabbricati."
"visura-storica","AL","BORGORATTO ALESSANDRINO","5","222","","T","","analitica","","","PVP sales 3 (2154557,2213416,4211136); Storica Analitica visura per immobile - Catasto Terreni."
"visura-storica","AL","BORGORATTO ALESSANDRINO","5","230","","F","","analitica","","","PVP sales 2 (2213416,4211136); Storica Analitica visura per immobile - Catasto Fabbricati."
"visura-storica","AL","BORGORATTO ALESSANDRINO","5","230","","T","","analitica","","","PVP sales 2 (2213416,4211136); Storica Analitica visura per immobile - Catasto Terreni."
"visura-storica","AL","BOSCO MARENGO","17","114","","F","","analitica","","","PVP sales 1 (606219); Storica Analitica visura per immobile - Catasto Fabbricati."
"visura-storica","AL","BOSCO MARENGO","17","114","","T","","analitica","","","PVP sales 1 (606219); Storica Analitica visura per immobile - Catasto Terreni."
"visura-storica","AL","BOSCO MARENGO","21","121","3","F","","analitica","","","PVP sales 1 (1924766); Storica Analitica visura per immobile - Catasto Fabbricati."
"visura-storica","AL","BOSCO MARENGO","21","121","4","F","","analitica","","","PVP sales 1 (2132191); Storica Analitica visura per immobile - Catasto Fabbricati."
"visura-storica","AL","BOSCO MARENGO","21","152","","F","","analitica","","","PVP sales 1 (2132191); Storica Analitica visura per immobile - Catasto Fabbricati."
"visura-storica","AL","BOSCO MARENGO","21","152","","T","","analitica","","","PVP sales 1 (2132191); Storica Analitica visura per immobile - Catasto Terreni."
"visura-storica","AL","BOSCO MARENGO","21","154","","F","","analitica","","","PVP sales 1 (2132191); Storica Analitica visura per immobile - Catasto Fabbricati."
"visura-storica","AL","BOSCO MARENGO","21","154","","T","","analitica","","","PVP sales 1 (2132191); Storica Analitica visura per immobile - Catasto Terreni."
"visura-storica","AL","BOSCO MARENGO","21","93","","F","","analitica","","","PVP sales 1 (2132191); Storica Analitica visura per immobile - Catasto Fabbricati."
"visura-storica","AL","BOSCO MARENGO","21","93","","T","","analitica","","","PVP sales 1 (2132191); Storica Analitica visura per immobile - Catasto Terreni."
"visura-storica","AL","BOSCO MARENGO","24","399","1","F","","analitica","","","PVP sales 5 (360374,401828,516103,742011,847678); Storica Analitica visura per immobile - Catasto Fabbricati."
"visura-storica","AL","BOSCO MARENGO","27","23","","F","","analitica","","","PVP sales 1 (4421740); Storica Analitica visura per immobile - Catasto Fabbricati."
"visura-storica","AL","BOSCO MARENGO","27","23","","T","","analitica","","","PVP sales 1 (4421740); Storica Analitica visura per immobile - Catasto Terreni."
"visura-storica","AL","BOSCO MARENGO","31","233","1","F","","analitica","","","PVP sales 1 (2085481); Storica Analitica visura per immobile - Catasto Fabbricati."
"visura-storica","AL","BOSCO MARENGO","38","255","18","F","","analitica","","","PVP sales 1 (2057960); Storica Analitica visura per immobile - Catasto Fabbricati."
"visura-storica","AL","BOSCO MARENGO","38","255","41","F","","analitica","","","PVP sales 1 (2057960); Storica Analitica visura per immobile - Catasto Fabbricati."
"visura-storica","AL","BOSCO MARENGO","41","1","17","F","","analitica","","","PVP sales 1 (302917); Storica Analitica visura per immobile - Catasto Fabbricati."
"visura-storica","AL","BOSCO MARENGO","41","1","5","F","","analitica","","","PVP sales 1 (302917); Storica Analitica visura per immobile - Catasto Fabbricati."
"visura-storica","AL","BOSCO MARENGO","8","112","1","F","","analitica","","","PVP sales 2 (382435,1404764); Storica Analitica visura per immobile - Catasto Fabbricati."
"visura-storica","AL","BOSCO MARENGO","8","204","","F","","analitica","","","PVP sales 1 (433043); Storica Analitica visura per immobile - Catasto Fabbricati."
"visura-storica","AL","BOSCO MARENGO","8","204","","T","","analitica","","","PVP sales 1 (433043); Storica Analitica visura per immobile - Catasto Terreni."
"visura-storica","AL","BOSCO MARENGO","8","204","1","F","","analitica","","","PVP sales 3 (595102,947826,1828754); Storica Analitica visura per immobile - Catasto Fabbricati."
"visura-storica","AL","BOSCO MARENGO","8","204","4","F","","analitica","","","PVP sales 3 (595102,947826,1828754); Storica Analitica visura per immobile - Catasto Fabbricati."
"visura-storica","AL","BOSCO MARENGO","8","204","5","F","","analitica","","","PVP sales 3 (595102,947826,1828754); Storica Analitica visura per immobile - Catasto Fabbricati."
"visura-storica","AL","BOSCO MARENGO","8","204","6","F","","analitica","","","PVP sales 3 (595102,947826,1828754); Storica Analitica visura per immobile - Catasto Fabbricati."
"visura-storica","AL","BOSCO MARENGO","8","204","7","F","","analitica","","","PVP sales 3 (595102,947826,1828754); Storica Analitica visura per immobile - Catasto Fabbricati."
"visura-storica","AL","BOSCO MARENGO","8","217","2","F","","analitica","","","PVP sales 3 (242390,357371,471052); Storica Analitica visura per immobile - Catasto Fabbricati."
"visura-storica","AL","BOSCO MARENGO","8","217","3","F","","analitica","","","PVP sales 3 (242390,357371,471052); Storica Analitica visura per immobile - Catasto Fabbricati."
"visura-storica","AL","BOSCO MARENGO","8","343","2","F","","analitica","","","PVP sales 1 (361862); Storica Analitica visura per immobile - Catasto Fabbricati."
"visura-storica","AL","BOSCO MARENGO","8","475","2","F","","analitica","","","PVP sales 1 (616598); Storica Analitica visura per immobile - Catasto Fabbricati."
"visura-storica","AL","BOSCO MARENGO","8","566","","F","","analitica","","","PVP sales 1 (433043); Storica Analitica visura per immobile - Catasto Fabbricati."
"visura-storica","AL","BOSCO MARENGO","8","566","","T","","analitica","","","PVP sales 1 (433043); Storica Analitica visura per immobile - Catasto Terreni."
"visura-storica","AL","BOSCO MARENGO","8","566","3","F","","analitica","","","PVP sales 4 (433043,595102,947826,1828754); Storica Analitica visura per immobile - Catasto Fabbricati."
"visura-storica","AL","BOSCO MARENGO","8","566","4","F","","analitica","","","PVP sales 3 (595102,947826,1828754); Storica Analitica visura per immobile - Catasto Fabbricati."
"visura-storica","AL","BOSIO","10","361","","F","","analitica","","","PVP sales 1 (792755); Storica Analitica visura per immobile - Catasto Fabbricati."
"visura-storica","AL","BOSIO","10","361","","T","","analitica","","","PVP sales 1 (792755); Storica Analitica visura per immobile - Catasto Terreni."
"visura-storica","AL","BOSIO","10","363","","F","","analitica","","","PVP sales 1 (792755); Storica Analitica visura per immobile - Catasto Fabbricati."
"visura-storica","AL","BOSIO","10","363","","T","","analitica","","","PVP sales 1 (792755); Storica Analitica visura per immobile - Catasto Terreni."
"visura-storica","AL","BOSIO","10","761","12","F","","analitica","","","PVP sales 1 (1490078); Storica Analitica visura per immobile - Catasto Fabbricati."
"visura-storica","AL","BOSIO","11","477","2","F","","analitica","","","PVP sales 2 (4408930,4479424); Storica Analitica visura per immobile - Catasto Fabbricati."
"visura-storica","AL","BOSIO","11","477","3","F","","analitica","","","PVP sales 2 (4408930,4479424); Storica Analitica visura per immobile - Catasto Fabbricati."
"visura-storica","AL","BOSIO","11","477","4","F","","analitica","","","PVP sales 1 (316874); Storica Analitica visura per immobile - Catasto Fabbricati."
"visura-storica","AL","BOSIO","12","268","","F","","analitica","","","PVP sales 1 (1668389); Storica Analitica visura per immobile - Catasto Fabbricati."
"visura-storica","AL","BOSIO","12","268","","T","","analitica","","","PVP sales 1 (1668389); Storica Analitica visura per immobile - Catasto Terreni."
"visura-storica","AL","BOSIO","12","481","1","F","","analitica","","","PVP sales 1 (1668389); Storica Analitica visura per immobile - Catasto Fabbricati."
"visura-storica","AL","BOSIO","12","481","2","F","","analitica","","","PVP sales 1 (1668389); Storica Analitica visura per immobile - Catasto Fabbricati."
"visura-storica","AL","BOSIO","12","482","","F","","analitica","","","PVP sales 1 (1668389); Storica Analitica visura per immobile - Catasto Fabbricati."
"visura-storica","AL","BOSIO","12","482","","T","","analitica","","","PVP sales 1 (1668389); Storica Analitica visura per immobile - Catasto Terreni."
"visura-storica","AL","BOZZOLE","4","358","1","F","","analitica","","","PVP sales 1 (456039); Storica Analitica visura per immobile - Catasto Fabbricati."
"visura-storica","AL","CAMINO","1","118","","F","","analitica","","","PVP sales 2 (4477988,4519790); Storica Analitica visura per immobile - Catasto Fabbricati."
"visura-storica","AL","CAMINO","1","118","","T","","analitica","","","PVP sales 2 (4477988,4519790); Storica Analitica visura per immobile - Catasto Terreni."
"visura-storica","AL","CAMINO","1","123","","F","","analitica","","","PVP sales 2 (4477988,4519790); Storica Analitica visura per immobile - Catasto Fabbricati."
"visura-storica","AL","CAMINO","1","123","","T","","analitica","","","PVP sales 2 (4477988,4519790); Storica Analitica visura per immobile - Catasto Terreni."
"visura-storica","AL","CAMINO","1","125","","F","","analitica","","","PVP sales 2 (4477988,4519790); Storica Analitica visura per immobile - Catasto Fabbricati."
"visura-storica","AL","CAMINO","1","125","","T","","analitica","","","PVP sales 2 (4477988,4519790); Storica Analitica visura per immobile - Catasto Terreni."
"visura-storica","AL","CAMINO","3","13","","F","","analitica","","","PVP sales 2 (4477988,4519790); Storica Analitica visura per immobile - Catasto Fabbricati."
"visura-storica","AL","CAMINO","3","13","","T","","analitica","","","PVP sales 2 (4477988,4519790); Storica Analitica visura per immobile - Catasto Terreni."
"visura-storica","AL","CAMINO","3","201","","F","","analitica","","","PVP sales 3 (4425641,4477988,4519790); Storica Analitica visura per immobile - Catasto Fabbricati."
"visura-storica","AL","CAMINO","3","201","","T","","analitica","","","PVP sales 3 (4425641,4477988,4519790); Storica Analitica visura per immobile - Catasto Terreni."
"visura-storica","AL","CAMINO","3","202","","F","","analitica","","","PVP sales 2 (4477988,4519790); Storica Analitica visura per immobile - Catasto Fabbricati."
"visura-storica","AL","CAMINO","3","202","","T","","analitica","","","PVP sales 2 (4477988,4519790); Storica Analitica visura per immobile - Catasto Terreni."
"visura-storica","AL","CAMINO","3","203","","F","","analitica","","","PVP sales 2 (4477988,4519790); Storica Analitica visura per immobile - Catasto Fabbricati."
"visura-storica","AL","CAMINO","3","203","","T","","analitica","","","PVP sales 2 (4477988,4519790); Storica Analitica visura per immobile - Catasto Terreni."
"visura-storica","AL","CAMINO","3","204","","F","","analitica","","","PVP sales 2 (4477988,4519790); Storica Analitica visura per immobile - Catasto Fabbricati."
"visura-storica","AL","CAMINO","3","204","","T","","analitica","","","PVP sales 2 (4477988,4519790); Storica Analitica visura per immobile - Catasto Terreni."
"visura-storica","AL","CAMINO","3","224","","F","","analitica","","","PVP sales 2 (4477988,4519790); Storica Analitica visura per immobile - Catasto Fabbricati."
"visura-storica","AL","CAMINO","3","224","","T","","analitica","","","PVP sales 2 (4477988,4519790); Storica Analitica visura per immobile - Catasto Terreni."
"visura-storica","AL","CAMINO","3","229","","F","","analitica","","","PVP sales 2 (4477988,4519790); Storica Analitica visura per immobile - Catasto Fabbricati."
"visura-storica","AL","CAMINO","3","229","","T","","analitica","","","PVP sales 2 (4477988,4519790); Storica Analitica visura per immobile - Catasto Terreni."
"visura-storica","AL","CAMINO","3","230","","F","","analitica","","","PVP sales 2 (4477988,4519790); Storica Analitica visura per immobile - Catasto Fabbricati."
"visura-storica","AL","CAMINO","3","230","","T","","analitica","","","PVP sales 2 (4477988,4519790); Storica Analitica visura per immobile - Catasto Terreni."
"visura-storica","AL","CAMINO","3","257","","F","","analitica","","","PVP sales 2 (4397777,4510033); Storica Analitica visura per immobile - Catasto Fabbricati."
"visura-storica","AL","CAMINO","3","257","","T","","analitica","","","PVP sales 2 (4397777,4510033); Storica Analitica visura per immobile - Catasto Terreni."
"visura-storica","AL","CAMINO","3","271","","F","","analitica","","","PVP sales 2 (4397777,4510033); Storica Analitica visura per immobile - Catasto Fabbricati."
"visura-storica","AL","CAMINO","3","271","","T","","analitica","","","PVP sales 2 (4397777,4510033); Storica Analitica visura per immobile - Catasto Terreni."
"visura-storica","AL","CAMINO","3","28","","F","","analitica","","","PVP sales 2 (4477988,4519790); Storica Analitica visura per immobile - Catasto Fabbricati."
"visura-storica","AL","CAMINO","3","28","","T","","analitica","","","PVP sales 2 (4477988,4519790); Storica Analitica visura per immobile - Catasto Terreni."
"visura-storica","AL","CAMINO","3","29","","F","","analitica","","","PVP sales 2 (4477988,4519790); Storica Analitica visura per immobile - Catasto Fabbricati."
"visura-storica","AL","CAMINO","3","29","","T","","analitica","","","PVP sales 2 (4477988,4519790); Storica Analitica visura per immobile - Catasto Terreni."
"visura-storica","AL","CAMINO","3","294","","F","","analitica","","","PVP sales 2 (4397777,4510033); Storica Analitica visura per immobile - Catasto Fabbricati."
"visura-storica","AL","CAMINO","3","294","","T","","analitica","","","PVP sales 2 (4397777,4510033); Storica Analitica visura per immobile - Catasto Terreni."
"visura-storica","AL","CAMINO","3","3","","F","","analitica","","","PVP sales 2 (4477988,4519790); Storica Analitica visura per immobile - Catasto Fabbricati."
"visura-storica","AL","CAMINO","3","3","","T","","analitica","","","PVP sales 2 (4477988,4519790); Storica Analitica visura per immobile - Catasto Terreni."
"visura-storica","AL","CAMINO","3","32","","F","","analitica","","","PVP sales 2 (4477988,4519790); Storica Analitica visura per immobile - Catasto Fabbricati."
"visura-storica","AL","CAMINO","3","32","","T","","analitica","","","PVP sales 2 (4477988,4519790); Storica Analitica visura per immobile - Catasto Terreni."
"visura-storica","AL","CAMINO","3","335","","F","","analitica","","","PVP sales 2 (4477988,4519790); Storica Analitica visura per immobile - Catasto Fabbricati."
"visura-storica","AL","CAMINO","3","335","","T","","analitica","","","PVP sales 2 (4477988,4519790); Storica Analitica visura per immobile - Catasto Terreni."
"visura-storica","AL","CAMINO","3","336","","F","","analitica","","","PVP sales 2 (4477988,4519790); Storica Analitica visura per immobile - Catasto Fabbricati."
"visura-storica","AL","CAMINO","3","336","","T","","analitica","","","PVP sales 2 (4477988,4519790); Storica Analitica visura per immobile - Catasto Terreni."
"visura-storica","AL","CAMINO","3","34","","F","","analitica","","","PVP sales 2 (4477988,4519790); Storica Analitica visura per immobile - Catasto Fabbricati."
"visura-storica","AL","CAMINO","3","34","","T","","analitica","","","PVP sales 2 (4477988,4519790); Storica Analitica visura per immobile - Catasto Terreni."
"visura-storica","AL","CAMINO","3","344","","F","","analitica","","","PVP sales 2 (4477988,4519790); Storica Analitica visura per immobile - Catasto Fabbricati."
"visura-storica","AL","CAMINO","3","344","","T","","analitica","","","PVP sales 2 (4477988,4519790); Storica Analitica visura per immobile - Catasto Terreni."
"visura-storica","AL","CAMINO","3","345","","F","","analitica","","","PVP sales 2 (4477988,4519790); Storica Analitica visura per immobile - Catasto Fabbricati."
"visura-storica","AL","CAMINO","3","345","","T","","analitica","","","PVP sales 2 (4477988,4519790); Storica Analitica visura per immobile - Catasto Terreni."
"visura-storica","AL","CAMINO","3","346","","F","","analitica","","","PVP sales 2 (4477988,4519790); Storica Analitica visura per immobile - Catasto Fabbricati."
"visura-storica","AL","CAMINO","3","346","","T","","analitica","","","PVP sales 2 (4477988,4519790); Storica Analitica visura per immobile - Catasto Terreni."
"visura-storica","AL","CAMINO","3","347","","F","","analitica","","","PVP sales 2 (4477988,4519790); Storica Analitica visura per immobile - Catasto Fabbricati."
"visura-storica","AL","CAMINO","3","347","","T","","analitica","","","PVP sales 2 (4477988,4519790); Storica Analitica visura per immobile - Catasto Terreni."
"visura-storica","AL","CAMINO","3","348","","F","","analitica","","","PVP sales 2 (4477988,4519790); Storica Analitica visura per immobile - Catasto Fabbricati."
"visura-storica","AL","CAMINO","3","348","","T","","analitica","","","PVP sales 2 (4477988,4519790); Storica Analitica visura per immobile - Catasto Terreni."
"visura-storica","AL","CAMINO","3","349","","F","","analitica","","","PVP sales 2 (4477988,4519790); Storica Analitica visura per immobile - Catasto Fabbricati."
"visura-storica","AL","CAMINO","3","349","","T","","analitica","","","PVP sales 2 (4477988,4519790); Storica Analitica visura per immobile - Catasto Terreni."
"visura-storica","AL","CAMINO","3","4","","F","","analitica","","","PVP sales 2 (4477988,4519790); Storica Analitica visura per immobile - Catasto Fabbricati."
"visura-storica","AL","CAMINO","3","4","","T","","analitica","","","PVP sales 2 (4477988,4519790); Storica Analitica visura per immobile - Catasto Terreni."
"visura-storica","AL","CAMINO","3","445","","F","","analitica","","","PVP sales 2 (4477988,4519790); Storica Analitica visura per immobile - Catasto Fabbricati."
"visura-storica","AL","CAMINO","3","445","","T","","analitica","","","PVP sales 2 (4477988,4519790); Storica Analitica visura per immobile - Catasto Terreni."
"visura-storica","AL","CAMINO","3","446","","F","","analitica","","","PVP sales 2 (4477988,4519790); Storica Analitica visura per immobile - Catasto Fabbricati."
"visura-storica","AL","CAMINO","3","446","","T","","analitica","","","PVP sales 2 (4477988,4519790); Storica Analitica visura per immobile - Catasto Terreni."
"visura-storica","AL","CAMINO","3","448","","F","","analitica","","","PVP sales 2 (4477988,4519790); Storica Analitica visura per immobile - Catasto Fabbricati."
"visura-storica","AL","CAMINO","3","448","","T","","analitica","","","PVP sales 2 (4477988,4519790); Storica Analitica visura per immobile - Catasto Terreni."
"visura-storica","AL","CAMINO","3","449","","F","","analitica","","","PVP sales 2 (4477988,4519790); Storica Analitica visura per immobile - Catasto Fabbricati."
"visura-storica","AL","CAMINO","3","449","","T","","analitica","","","PVP sales 2 (4477988,4519790); Storica Analitica visura per immobile - Catasto Terreni."
"visura-storica","AL","CAMINO","3","458","","F","","analitica","","","PVP sales 2 (4477988,4519790); Storica Analitica visura per immobile - Catasto Fabbricati."
"visura-storica","AL","CAMINO","3","458","","T","","analitica","","","PVP sales 2 (4477988,4519790); Storica Analitica visura per immobile - Catasto Terreni."
"visura-storica","AL","CAMINO","3","70","","F","","analitica","","","PVP sales 2 (4397777,4510033); Storica Analitica visura per immobile - Catasto Fabbricati."
"visura-storica","AL","CAMINO","3","70","","T","","analitica","","","PVP sales 2 (4397777,4510033); Storica Analitica visura per immobile - Catasto Terreni."
"visura-storica","AL","CAMINO","4","338","","F","","analitica","","","PVP sales 1 (4539011); Storica Analitica visura per immobile - Catasto Fabbricati."
"visura-storica","AL","CAMINO","4","338","","T","","analitica","","","PVP sales 1 (4539011); Storica Analitica visura per immobile - Catasto Terreni."
"visura-storica","AL","CAMINO","4","565","","F","","analitica","","","PVP sales 1 (4539011); Storica Analitica visura per immobile - Catasto Fabbricati."
"visura-storica","AL","CAMINO","4","565","","T","","analitica","","","PVP sales 1 (4539011); Storica Analitica visura per immobile - Catasto Terreni."
"visura-storica","AL","CAMINO","8","260","","F","","analitica","","","PVP sales 1 (4539011); Storica Analitica visura per immobile - Catasto Fabbricati."
"visura-storica","AL","CAMINO","8","260","","T","","analitica","","","PVP sales 1 (4539011); Storica Analitica visura per immobile - Catasto Terreni."
"visura-storica","AL","CAMINO","3","286","","F","","analitica","BRU","","PVP sales 1 (4549115); Storica Analitica visura per immobile - Catasto Fabbricati."
"visura-storica","AL","CAMINO","3","286","","T","","analitica","BRU","","PVP sales 1 (4549115); Storica Analitica visura per immobile - Catasto Terreni."
"visura-storica","AL","CAMINO","4","597","","F","","analitica","CAM","","PVP sales 1 (4539011); Storica Analitica visura per immobile - Catasto Fabbricati."
"visura-storica","AL","CAMINO","4","597","","T","","analitica","CAM","","PVP sales 1 (4539011); Storica Analitica visura per immobile - Catasto Terreni."
"visura-storica","AL","CANTALUPO LIGURE","28","507","5","F","","analitica","","","PVP sales 2 (4364082,4440941); Storica Analitica visura per immobile - Catasto Fabbricati."
"visura-storica","AL","CANTALUPO LIGURE","28","507","6","F","","analitica","","","PVP sales 2 (4364082,4440941); Storica Analitica visura per immobile - Catasto Fabbricati."
"visura-storica","AL","CAPRIATA D'ORBA","12","36","","F","","analitica","","","PVP sales 1 (4244813); Storica Analitica visura per immobile - Catasto Fabbricati."
"visura-storica","AL","CAPRIATA D'ORBA","12","36","","T","","analitica","","","PVP sales 1 (4244813); Storica Analitica visura per immobile - Catasto Terreni."
"visura-storica","AL","CAPRIATA D'ORBA","13","1151","1","F","","analitica","","","PVP sales 3 (2160547,2244258,4265140); Storica Analitica visura per immobile - Catasto Fabbricati."
"visura-storica","AL","CAPRIATA D'ORBA","13","1151","2","F","","analitica","","","PVP sales 3 (2160547,2244258,4265140); Storica Analitica visura per immobile - Catasto Fabbricati."
"visura-storica","AL","CAPRIATA D'ORBA","13","264","","F","","analitica","","","PVP sales 3 (2160547,2244258,4265140); Storica Analitica visura per immobile - Catasto Fabbricati."
"visura-storica","AL","CAPRIATA D'ORBA","13","264","","T","","analitica","","","PVP sales 3 (2160547,2244258,4265140); Storica Analitica visura per immobile - Catasto Terreni."
"visura-storica","AL","CAPRIATA D'ORBA","13","466","1","F","","analitica","","","PVP sales 1 (4529009); Storica Analitica visura per immobile - Catasto Fabbricati."
"visura-storica","AL","CAPRIATA D'ORBA","14","1013","","F","","analitica","","","PVP sales 2 (4408647,4452624); Storica Analitica visura per immobile - Catasto Fabbricati."
"visura-storica","AL","CAPRIATA D'ORBA","14","1013","","T","","analitica","","","PVP sales 2 (4408647,4452624); Storica Analitica visura per immobile - Catasto Terreni."
"visura-storica","AL","CAPRIATA D'ORBA","16","58","4","F","","analitica","","","PVP sales 1 (792262); Storica Analitica visura per immobile - Catasto Fabbricati."
"visura-storica","AL","CAPRIATA D'ORBA","20","690","","F","","analitica","","","PVP sales 1 (484975); Storica Analitica visura per immobile - Catasto Fabbricati."
"visura-storica","AL","CAPRIATA D'ORBA","20","690","","T","","analitica","","","PVP sales 1 (484975); Storica Analitica visura per immobile - Catasto Terreni."
"visura-storica","AL","CAPRIATA D'ORBA","20","691","","F","","analitica","","","PVP sales 1 (484975); Storica Analitica visura per immobile - Catasto Fabbricati."
"visura-storica","AL","CAPRIATA D'ORBA","20","691","","T","","analitica","","","PVP sales 1 (484975); Storica Analitica visura per immobile - Catasto Terreni."
"visura-storica","AL","CAPRIATA D'ORBA","20","692","","F","","analitica","","","PVP sales 1 (484975); Storica Analitica visura per immobile - Catasto Fabbricati."
"visura-storica","AL","CAPRIATA D'ORBA","20","692","","T","","analitica","","","PVP sales 1 (484975); Storica Analitica visura per immobile - Catasto Terreni."
"visura-storica","AL","CAPRIATA D'ORBA","20","693","1","F","","analitica","","","PVP sales 1 (484915); Storica Analitica visura per immobile - Catasto Fabbricati."
"visura-storica","AL","CAPRIATA D'ORBA","20","693","2","F","","analitica","","","PVP sales 1 (484915); Storica Analitica visura per immobile - Catasto Fabbricati."
"visura-storica","AL","CAPRIATA D'ORBA","20","694","1","F","","analitica","","","PVP sales 1 (485475); Storica Analitica visura per immobile - Catasto Fabbricati."
"visura-storica","AL","CAPRIATA D'ORBA","20","694","2","F","","analitica","","","PVP sales 1 (485475); Storica Analitica visura per immobile - Catasto Fabbricati."
"visura-storica","AL","CAPRIATA D'ORBA","20","695","","F","","analitica","","","PVP sales 1 (485475); Storica Analitica visura per immobile - Catasto Fabbricati."
"visura-storica","AL","CAPRIATA D'ORBA","20","695","","T","","analitica","","","PVP sales 1 (485475); Storica Analitica visura per immobile - Catasto Terreni."
"visura-storica","AL","CAPRIATA D'ORBA","23","18","","F","","analitica","","","PVP sales 2 (4430270,4502906); Storica Analitica visura per immobile - Catasto Fabbricati."
"visura-storica","AL","CAPRIATA D'ORBA","23","18","","T","","analitica","","","PVP sales 2 (4430270,4502906); Storica Analitica visura per immobile - Catasto Terreni."
"visura-storica","AL","CAPRIATA D'ORBA","23","183","","T","","analitica","","","PVP sales 2 (4430270,4502906); Storica Analitica visura per immobile - Catasto Terreni."
"visura-storica","AL","CAPRIATA D'ORBA","23","92","","T","","analitica","","","PVP sales 2 (4430270,4502906); Storica Analitica visura per immobile - Catasto Terreni."
"visura-storica","AL","CAPRIATA D'ORBA","23","93","","T","","analitica","","","PVP sales 2 (4430270,4502906); Storica Analitica visura per immobile - Catasto Terreni."
"visura-storica","AL","CARBONARA SCRIVIA","2","186","10","F","","analitica","","","PVP sales 1 (330412); Storica Analitica visura per immobile - Catasto Fabbricati."
"visura-storica","AL","CARBONARA SCRIVIA","2","186","23","F","","analitica","","","PVP sales 1 (4519738); Storica Analitica visura per immobile - Catasto Fabbricati."
"visura-storica","AL","CARBONARA SCRIVIA","2","186","9","F","","analitica","","","PVP sales 1 (4523388); Storica Analitica visura per immobile - Catasto Fabbricati."
"visura-storica","AL","CARBONARA SCRIVIA","2","193","1","F","","analitica","","","PVP sales 1 (4519738); Storica Analitica visura per immobile - Catasto Fabbricati."
"visura-storica","AL","CARBONARA SCRIVIA","2","193","2","F","","analitica","","","PVP sales 1 (4519738); Storica Analitica visura per immobile - Catasto Fabbricati."
"visura-storica","AL","CARBONARA SCRIVIA","2","315","10","F","","analitica","","","PVP sales 2 (845777,953350); Storica Analitica visura per immobile - Catasto Fabbricati."
"visura-storica","AL","CARENTINO","1","438","","F","","analitica","","","PVP sales 2 (129786,446002); Storica Analitica visura per immobile - Catasto Fabbricati."
"visura-storica","AL","CARENTINO","1","438","","T","","analitica","","","PVP sales 2 (129786,446002); Storica Analitica visura per immobile - Catasto Terreni."
"visura-storica","AL","CAREZZANO","10","297","","F","","analitica","","","PVP sales 1 (4231189); Storica Analitica visura per immobile - Catasto Fabbricati."
"visura-storica","AL","CAREZZANO","10","297","","T","","analitica","","","PVP sales 1 (4231189); Storica Analitica visura per immobile - Catasto Terreni."
"visura-storica","AL","CAREZZANO","10","297","1","F","","analitica","","","PVP sales 1 (4231189); Storica Analitica visura per immobile - Catasto Fabbricati."
"visura-storica","AL","CAREZZANO","3","297","","T","","analitica","","","PVP sales 1 (186159); Storica Analitica visura per immobile - Catasto Terreni."
"visura-storica","AL","CAREZZANO","4","145","2","F","","analitica","","","PVP sales 1 (186159); Storica Analitica visura per immobile - Catasto Fabbricati."
"visura-storica","AL","CARPENETO","10","263","","F","","analitica","","","PVP sales 6 (2157999,2259426,4272734,4401032,4465870 +1 more); Storica Analitica visura per immobile - Catasto Fabbricati."
"visura-storica","AL","CARPENETO","10","263","","T","","analitica","","","PVP sales 6 (2157999,2259426,4272734,4401032,4465870 +1 more); Storica Analitica visura per immobile - Catasto Terreni."
"visura-storica","AL","CARPENETO","10","370","","F","","analitica","","","PVP sales 6 (2157999,2259426,4272734,4401032,4465870 +1 more); Storica Analitica visura per immobile - Catasto Fabbricati."
"visura-storica","AL","CARPENETO","10","370","","T","","analitica","","","PVP sales 6 (2157999,2259426,4272734,4401032,4465870 +1 more); Storica Analitica visura per immobile - Catasto Terreni."
"visura-storica","AL","CARPENETO","10","370","1","F","","analitica","","","PVP sales 6 (2157999,2259426,4272734,4401032,4465870 +1 more); Storica Analitica visura per immobile - Catasto Fabbricati."
"visura-storica","AL","CARPENETO","10","370","2","F","","analitica","","","PVP sales 6 (2157999,2259426,4272734,4401032,4465870 +1 more); Storica Analitica visura per immobile - Catasto Fabbricati."
"visura-storica","AL","CARPENETO","10","370","3","F","","analitica","","","PVP sales 6 (2157999,2259426,4272734,4401032,4465870 +1 more); Storica Analitica visura per immobile - Catasto Fabbricati."
"visura-storica","AL","CARPENETO","10","370","4","F","","analitica","","","PVP sales 6 (2157999,2259426,4272734,4401032,4465870 +1 more); Storica Analitica visura per immobile - Catasto Fabbricati."
"visura-storica","AL","CARPENETO","10","386","","F","","analitica","","","PVP sales 5 (2157999,2259426,4401032,4465870,4551607); Storica Analitica visura per immobile - Catasto Fabbricati."
"visura-storica","AL","CARPENETO","10","386","","T","","analitica","","","PVP sales 5 (2157999,2259426,4401032,4465870,4551607); Storica Analitica visura per immobile - Catasto Terreni."
"visura-storica","AL","CARPENETO","9","327","","F","","analitica","","","PVP sales 6 (2157999,2259426,4272734,4401032,4465870 +1 more); Storica Analitica visura per immobile - Catasto Fabbricati."
"visura-storica","AL","CARPENETO","9","327","","T","","analitica","","","PVP sales 6 (2157999,2259426,4272734,4401032,4465870 +1 more); Storica Analitica visura per immobile - Catasto Terreni."
"visura-storica","AL","CARPENETO","9","386","","F","","analitica","","","PVP sales 1 (4272734); Storica Analitica visura per immobile - Catasto Fabbricati."
"visura-storica","AL","CARPENETO","9","386","","T","","analitica","","","PVP sales 1 (4272734); Storica Analitica visura per immobile - Catasto Terreni."
"visura-storica","AL","CARROSIO","4","172","","F","","analitica","","","PVP sales 1 (466775); Storica Analitica visura per immobile - Catasto Fabbricati."
"visura-storica","AL","CARROSIO","4","172","","T","","analitica","","","PVP sales 1 (466775); Storica Analitica visura per immobile - Catasto Terreni."
"visura-storica","AL","CARTOSIO","10","248","","F","","analitica","","","PVP sales 1 (4391226); Storica Analitica visura per immobile - Catasto Fabbricati."
"visura-storica","AL","CARTOSIO","10","248","","T","","analitica","","","PVP sales 1 (4391226); Storica Analitica visura per immobile - Catasto Terreni."
"visura-storica","AL","CARTOSIO","17","181","","F","","analitica","","","PVP sales 1 (2126364); Storica Analitica visura per immobile - Catasto Fabbricati."
"visura-storica","AL","CARTOSIO","17","181","","T","","analitica","","","PVP sales 1 (2126364); Storica Analitica visura per immobile - Catasto Terreni."
"visura-storica","AL","CARTOSIO","17","184","","F","","analitica","","","PVP sales 1 (2126364); Storica Analitica visura per immobile - Catasto Fabbricati."
"visura-storica","AL","CARTOSIO","17","184","","T","","analitica","","","PVP sales 1 (2126364); Storica Analitica visura per immobile - Catasto Terreni."
"visura-storica","AL","CARTOSIO","17","288","","F","","analitica","","","PVP sales 1 (2126364); Storica Analitica visura per immobile - Catasto Fabbricati."
"visura-storica","AL","CARTOSIO","17","288","","T","","analitica","","","PVP sales 1 (2126364); Storica Analitica visura per immobile - Catasto Terreni."
"visura-storica","AL","CARTOSIO","17","289","","F","","analitica","","","PVP sales 1 (2126364); Storica Analitica visura per immobile - Catasto Fabbricati."
"visura-storica","AL","CARTOSIO","17","289","","T","","analitica","","","PVP sales 1 (2126364); Storica Analitica visura per immobile - Catasto Terreni."
"visura-storica","AL","CARTOSIO","17","32","","F","","analitica","","","PVP sales 1 (2126364); Storica Analitica visura per immobile - Catasto Fabbricati."
"visura-storica","AL","CARTOSIO","17","32","","T","","analitica","","","PVP sales 1 (2126364); Storica Analitica visura per immobile - Catasto Terreni."
"visura-storica","AL","CARTOSIO","17","33","","F","","analitica","","","PVP sales 1 (2126364); Storica Analitica visura per immobile - Catasto Fabbricati."
"visura-storica","AL","CARTOSIO","17","33","","T","","analitica","","","PVP sales 1 (2126364); Storica Analitica visura per immobile - Catasto Terreni."
"visura-storica","AL","CARTOSIO","17","34","","F","","analitica","","","PVP sales 1 (2126364); Storica Analitica visura per immobile - Catasto Fabbricati."
"visura-storica","AL","CARTOSIO","17","34","","T","","analitica","","","PVP sales 1 (2126364); Storica Analitica visura per immobile - Catasto Terreni."
"visura-storica","AL","CARTOSIO","17","49","","F","","analitica","","","PVP sales 1 (2126364); Storica Analitica visura per immobile - Catasto Fabbricati."
"visura-storica","AL","CARTOSIO","17","49","","T","","analitica","","","PVP sales 1 (2126364); Storica Analitica visura per immobile - Catasto Terreni."
"visura-storica","AL","CARTOSIO","17","50","","F","","analitica","","","PVP sales 1 (2126364); Storica Analitica visura per immobile - Catasto Fabbricati."
"visura-storica","AL","CARTOSIO","17","50","","T","","analitica","","","PVP sales 1 (2126364); Storica Analitica visura per immobile - Catasto Terreni."
"visura-storica","AL","CARTOSIO","17","51","","F","","analitica","","","PVP sales 1 (2126364); Storica Analitica visura per immobile - Catasto Fabbricati."
"visura-storica","AL","CARTOSIO","17","51","","T","","analitica","","","PVP sales 1 (2126364); Storica Analitica visura per immobile - Catasto Terreni."
"visura-storica","AL","CARTOSIO","2","114","","F","","analitica","","","PVP sales 2 (4397677,4483906); Storica Analitica visura per immobile - Catasto Fabbricati."
"visura-storica","AL","CARTOSIO","2","114","","T","","analitica","","","PVP sales 2 (4397677,4483906); Storica Analitica visura per immobile - Catasto Terreni."
"visura-storica","AL","CARTOSIO","2","117","","F","","analitica","","","PVP sales 2 (4397677,4483906); Storica Analitica visura per immobile - Catasto Fabbricati."
"visura-storica","AL","CARTOSIO","2","117","","T","","analitica","","","PVP sales 2 (4397677,4483906); Storica Analitica visura per immobile - Catasto Terreni."
"visura-storica","AL","CARTOSIO","2","369","","F","","analitica","","","PVP sales 2 (4397677,4483906); Storica Analitica visura per immobile - Catasto Fabbricati."
"visura-storica","AL","CARTOSIO","2","369","","T","","analitica","","","PVP sales 2 (4397677,4483906); Storica Analitica visura per immobile - Catasto Terreni."
"visura-storica","AL","CARTOSIO","2","6","","F","","analitica","","","PVP sales 2 (4397677,4483906); Storica Analitica visura per immobile - Catasto Fabbricati."
"visura-storica","AL","CARTOSIO","2","6","","T","","analitica","","","PVP sales 2 (4397677,4483906); Storica Analitica visura per immobile - Catasto Terreni."
"visura-storica","AL","CARTOSIO","5","96","1","F","","analitica","","","PVP sales 1 (1797230); Storica Analitica visura per immobile - Catasto Fabbricati."
"visura-storica","AL","CARTOSIO","5","96","2","F","","analitica","","","PVP sales 1 (1797230); Storica Analitica visura per immobile - Catasto Fabbricati."
"visura-storica","AL","CARTOSIO","5","96","3","F","","analitica","","","PVP sales 1 (1797230); Storica Analitica visura per immobile - Catasto Fabbricati."
"visura-storica","AL","CARTOSIO","5","96","4","F","","analitica","","","PVP sales 1 (1797230); Storica Analitica visura per immobile - Catasto Fabbricati."
"visura-storica","AL","CARTOSIO","8","121","","F","","analitica","","","PVP sales 1 (1797230); Storica Analitica visura per immobile - Catasto Fabbricati."
"visura-storica","AL","CARTOSIO","8","121","","T","","analitica","","","PVP sales 1 (1797230); Storica Analitica visura per immobile - Catasto Terreni."
"visura-storica","AL","CARTOSIO","8","415","","F","","analitica","","","PVP sales 1 (1797230); Storica Analitica visura per immobile - Catasto Fabbricati."
"visura-storica","AL","CARTOSIO","8","415","","T","","analitica","","","PVP sales 1 (1797230); Storica Analitica visura per immobile - Catasto Terreni."
"visura-storica","AL","CASAL CERMELLI","1","141","18","F","","analitica","","","PVP sales 4 (303016,425797,567962,759687); Storica Analitica visura per immobile - Catasto Fabbricati."
"visura-storica","AL","CASAL CERMELLI","2","35","4","F","","analitica","","","PVP sales 2 (1985694,2118054); Storica Analitica visura per immobile - Catasto Fabbricati."
"visura-storica","AL","CASAL CERMELLI","2","35","5","F","","analitica","","","PVP sales 2 (1985694,2118054); Storica Analitica visura per immobile - Catasto Fabbricati."
"visura-storica","AL","CASAL CERMELLI","3","395","","F","","analitica","","","PVP sales 1 (308846); Storica Analitica visura per immobile - Catasto Fabbricati."
"visura-storica","AL","CASAL CERMELLI","3","395","","T","","analitica","","","PVP sales 1 (308846); Storica Analitica visura per immobile - Catasto Terreni."
"visura-storica","AL","CASAL CERMELLI","5","175","","F","","analitica","","","PVP sales 1 (97495); Storica Analitica visura per immobile - Catasto Fabbricati."
"visura-storica","AL","CASAL CERMELLI","5","175","","T","","analitica","","","PVP sales 1 (97495); Storica Analitica visura per immobile - Catasto Terreni."
"visura-storica","AL","CASAL CERMELLI","5","175","10","F","","analitica","","","PVP sales 1 (97495); Storica Analitica visura per immobile - Catasto Fabbricati."
"visura-storica","AL","CASAL CERMELLI","5","175","11","F","","analitica","","","PVP sales 1 (97495); Storica Analitica visura per immobile - Catasto Fabbricati."
"visura-storica","AL","CASAL CERMELLI","5","175","12","F","","analitica","","","PVP sales 1 (97495); Storica Analitica visura per immobile - Catasto Fabbricati."
"visura-storica","AL","CASAL CERMELLI","5","175","13","F","","analitica","","","PVP sales 1 (97495); Storica Analitica visura per immobile - Catasto Fabbricati."
"visura-storica","AL","CASAL CERMELLI","5","175","14","F","","analitica","","","PVP sales 1 (97495); Storica Analitica visura per immobile - Catasto Fabbricati."
"visura-storica","AL","CASAL CERMELLI","5","175","15","F","","analitica","","","PVP sales 1 (97495); Storica Analitica visura per immobile - Catasto Fabbricati."
"visura-storica","AL","CASAL CERMELLI","5","175","16","F","","analitica","","","PVP sales 1 (97495); Storica Analitica visura per immobile - Catasto Fabbricati."
"visura-storica","AL","CASAL CERMELLI","5","175","2","F","","analitica","","","PVP sales 1 (97495); Storica Analitica visura per immobile - Catasto Fabbricati."
"visura-storica","AL","CASAL CERMELLI","5","175","20","F","","analitica","","","PVP sales 1 (97495); Storica Analitica visura per immobile - Catasto Fabbricati."
"visura-storica","AL","CASAL CERMELLI","5","175","21","F","","analitica","","","PVP sales 1 (97495); Storica Analitica visura per immobile - Catasto Fabbricati."
"visura-storica","AL","CASAL CERMELLI","5","175","22","F","","analitica","","","PVP sales 1 (97495); Storica Analitica visura per immobile - Catasto Fabbricati."
"visura-storica","AL","CASAL CERMELLI","5","175","23","F","","analitica","","","PVP sales 1 (97495); Storica Analitica visura per immobile - Catasto Fabbricati."
"visura-storica","AL","CASAL CERMELLI","5","175","24","F","","analitica","","","PVP sales 1 (97495); Storica Analitica visura per immobile - Catasto Fabbricati."
"visura-storica","AL","CASAL CERMELLI","5","175","25","F","","analitica","","","PVP sales 1 (97495); Storica Analitica visura per immobile - Catasto Fabbricati."
"visura-storica","AL","CASAL CERMELLI","5","175","26","F","","analitica","","","PVP sales 1 (97495); Storica Analitica visura per immobile - Catasto Fabbricati."
"visura-storica","AL","CASAL CERMELLI","5","175","5","F","","analitica","","","PVP sales 1 (97495); Storica Analitica visura per immobile - Catasto Fabbricati."
"visura-storica","AL","CASAL CERMELLI","5","175","6","F","","analitica","","","PVP sales 1 (97495); Storica Analitica visura per immobile - Catasto Fabbricati."
"visura-storica","AL","CASAL CERMELLI","5","175","7","F","","analitica","","","PVP sales 1 (97495); Storica Analitica visura per immobile - Catasto Fabbricati."
"visura-storica","AL","CASAL CERMELLI","5","318","1","F","","analitica","","","PVP sales 3 (369422,516477,1418617); Storica Analitica visura per immobile - Catasto Fabbricati."
"visura-storica","AL","CASAL CERMELLI","5","325","1","F","","analitica","","","PVP sales 3 (369422,516477,1418617); Storica Analitica visura per immobile - Catasto Fabbricati."
"visura-storica","AL","CASAL CERMELLI","8","444","","F","","analitica","","","PVP sales 2 (2046506,2128384); Storica Analitica visura per immobile - Catasto Fabbricati."
"visura-storica","AL","CASAL CERMELLI","8","444","","T","","analitica","","","PVP sales 2 (2046506,2128384); Storica Analitica visura per immobile - Catasto Terreni."
"visura-storica","AL","CASAL CERMELLI","8","447","","F","","analitica","","","PVP sales 2 (2046506,2128384); Storica Analitica visura per immobile - Catasto Fabbricati."
"visura-storica","AL","CASAL CERMELLI","8","447","","T","","analitica","","","PVP sales 2 (2046506,2128384); Storica Analitica visura per immobile - Catasto Terreni."
"visura-storica","AL","CASAL CERMELLI","8","448","","F","","analitica","","","PVP sales 2 (2046506,2128384); Storica Analitica visura per immobile - Catasto Fabbricati."
"visura-storica","AL","CASAL CERMELLI","8","448","","T","","analitica","","","PVP sales 2 (2046506,2128384); Storica Analitica visura per immobile - Catasto Terreni."
"visura-storica","AL","CASAL CERMELLI","9","170","","F","","analitica","","","PVP sales 1 (371934); Storica Analitica visura per immobile - Catasto Fabbricati."
"visura-storica","AL","CASAL CERMELLI","9","170","","T","","analitica","","","PVP sales 1 (371934); Storica Analitica visura per immobile - Catasto Terreni."
"visura-storica","AL","CASAL CERMELLI","9","249","","F","","analitica","","","PVP sales 1 (371934); Storica Analitica visura per immobile - Catasto Fabbricati."
"visura-storica","AL","CASAL CERMELLI","9","249","","T","","analitica","","","PVP sales 1 (371934); Storica Analitica visura per immobile - Catasto Terreni."
"visura-storica","AL","CASAL CERMELLI","9","365","1","F","","analitica","","","PVP sales 1 (966762); Storica Analitica visura per immobile - Catasto Fabbricati."
"visura-storica","AL","CASAL CERMELLI","9","365","2","F","","analitica","","","PVP sales 1 (966762); Storica Analitica visura per immobile - Catasto Fabbricati."
"visura-storica","AL","CASAL CERMELLI","9","366","","F","","analitica","","","PVP sales 1 (966762); Storica Analitica visura per immobile - Catasto Fabbricati."
"visura-storica","AL","CASAL CERMELLI","9","366","","T","","analitica","","","PVP sales 1 (966762); Storica Analitica visura per immobile - Catasto Terreni."
"visura-storica","AL","CASAL CERMELLI","9","370","","F","","analitica","","","PVP sales 1 (1575255); Storica Analitica visura per immobile - Catasto Fabbricati."
"visura-storica","AL","CASAL CERMELLI","9","370","","T","","analitica","","","PVP sales 1 (1575255); Storica Analitica visura per immobile - Catasto Terreni."
"visura-storica","AL","CASALE MONFERRATO","1","342","2","F","","analitica","","","PVP sales 1 (470430); Storica Analitica visura per immobile - Catasto Fabbricati."
"visura-storica","AL","CASALE MONFERRATO","12","459","","F","","analitica","","","PVP sales 1 (1743725); Storica Analitica visura per immobile - Catasto Fabbricati."
"visura-storica","AL","CASALE MONFERRATO","12","459","","T","","analitica","","","PVP sales 1 (1743725); Storica Analitica visura per immobile - Catasto Terreni."
"visura-storica","AL","CASALE MONFERRATO","12","459","16","F","","analitica","","","PVP sales 1 (419370); Storica Analitica visura per immobile - Catasto Fabbricati."
"visura-storica","AL","CASALE MONFERRATO","12","459","3","F","","analitica","","","PVP sales 1 (419370); Storica Analitica visura per immobile - Catasto Fabbricati."
"visura-storica","AL","CASALE MONFERRATO","12","459","7","F","","analitica","","","PVP sales 1 (419370); Storica Analitica visura per immobile - Catasto Fabbricati."
"visura-storica","AL","CASALE MONFERRATO","13","243","","T","","analitica","","","PVP sales 1 (4480125); Storica Analitica visura per immobile - Catasto Terreni."
"visura-storica","AL","CASALE MONFERRATO","13","893","","F","","analitica","","","PVP sales 1 (4480125); Storica Analitica visura per immobile - Catasto Fabbricati."
"visura-storica","AL","CASALE MONFERRATO","2","20","4","F","","analitica","","","PVP sales 2 (4421671,4515162); Storica Analitica visura per immobile - Catasto Fabbricati."
"visura-storica","AL","CASALE MONFERRATO","23","306","14","F","","analitica","","","PVP sales 1 (308526); Storica Analitica visura per immobile - Catasto Fabbricati."
"visura-storica","AL","CASALE MONFERRATO","23","37","","F","","analitica","","","PVP sales 1 (815072); Storica Analitica visura per immobile - Catasto Fabbricati."
"visura-storica","AL","CASALE MONFERRATO","23","37","","T","","analitica","","","PVP sales 1 (815072); Storica Analitica visura per immobile - Catasto Terreni."
"visura-storica","AL","CASALE MONFERRATO","23","38","","F","","analitica","","","PVP sales 1 (815072); Storica Analitica visura per immobile - Catasto Fabbricati."
"visura-storica","AL","CASALE MONFERRATO","23","38","","T","","analitica","","","PVP sales 1 (815072); Storica Analitica visura per immobile - Catasto Terreni."
"visura-storica","AL","CASALE MONFERRATO","23","40","10","F","","analitica","","","PVP sales 1 (815072); Storica Analitica visura per immobile - Catasto Fabbricati."
"visura-storica","AL","CASALE MONFERRATO","23","40","8","F","","analitica","","","PVP sales 1 (815072); Storica Analitica visura per immobile - Catasto Fabbricati."
"visura-storica","AL","CASALE MONFERRATO","23","40","9","F","","analitica","","","PVP sales 1 (815072); Storica Analitica visura per immobile - Catasto Fabbricati."
"visura-storica","AL","CASALE MONFERRATO","23","729","","F","","analitica","","","PVP sales 2 (4431662,4484089); Storica Analitica visura per immobile - Catasto Fabbricati."
"visura-storica","AL","CASALE MONFERRATO","23","729","","T","","analitica","","","PVP sales 2 (4431662,4484089); Storica Analitica visura per immobile - Catasto Terreni."
"visura-storica","AL","CASALE MONFERRATO","3","52","","F","","analitica","","","PVP sales 1 (1744261); Storica Analitica visura per immobile - Catasto Fabbricati."
"visura-storica","AL","CASALE MONFERRATO","3","52","","T","","analitica","","","PVP sales 1 (1744261); Storica Analitica visura per immobile - Catasto Terreni."
"visura-storica","AL","CASALE MONFERRATO","32","3442","5","F","","analitica","","","PVP sales 1 (4220669); Storica Analitica visura per immobile - Catasto Fabbricati."
"visura-storica","AL","CASALE MONFERRATO","32","3443","11","F","","analitica","","","PVP sales 1 (4220669); Storica Analitica visura per immobile - Catasto Fabbricati."
"visura-storica","AL","CASALE MONFERRATO","33","12","11","F","","analitica","","","PVP sales 3 (4459440,4504591,4564397); Storica Analitica visura per immobile - Catasto Fabbricati."
"visura-storica","AL","CASALE MONFERRATO","33","199","","F","","analitica","","","PVP sales 3 (4459440,4504591,4564397); Storica Analitica visura per immobile - Catasto Fabbricati."
"visura-storica","AL","CASALE MONFERRATO","33","199","","T","","analitica","","","PVP sales 3 (4459440,4504591,4564397); Storica Analitica visura per immobile - Catasto Terreni."
"visura-storica","AL","CASALE MONFERRATO","33","200","","F","","analitica","","","PVP sales 3 (4459440,4504591,4564397); Storica Analitica visura per immobile - Catasto Fabbricati."
"visura-storica","AL","CASALE MONFERRATO","33","200","","T","","analitica","","","PVP sales 3 (4459440,4504591,4564397); Storica Analitica visura per immobile - Catasto Terreni."
"visura-storica","AL","CASALE MONFERRATO","34","165","20","F","","analitica","","","PVP sales 1 (444807); Storica Analitica visura per immobile - Catasto Fabbricati."
"visura-storica","AL","CASALE MONFERRATO","34","229","","F","","analitica","","","PVP sales 1 (4246872); Storica Analitica visura per immobile - Catasto Fabbricati."
"visura-storica","AL","CASALE MONFERRATO","34","229","","T","","analitica","","","PVP sales 1 (4246872); Storica Analitica visura per immobile - Catasto Terreni."
"visura-storica","AL","CASALE MONFERRATO","34","65","29","F","","analitica","","","PVP sales 1 (1744202); Storica Analitica visura per immobile - Catasto Fabbricati."
"visura-storica","AL","CASALE MONFERRATO","34","65","7","F","","analitica","","","PVP sales 1 (1744202); Storica Analitica visura per immobile - Catasto Fabbricati."
"visura-storica","AL","CASALE MONFERRATO","34","70","23","F","","analitica","","","PVP sales 1 (1744241); Storica Analitica visura per immobile - Catasto Fabbricati."
"visura-storica","AL","CASALE MONFERRATO","34","837","23","F","","analitica","","","PVP sales 1 (1744252); Storica Analitica visura per immobile - Catasto Fabbricati."
"visura-storica","AL","CASALE MONFERRATO","36","1105","13","F","","analitica","","","PVP sales 1 (4247598); Storica Analitica visura per immobile - Catasto Fabbricati."
"visura-storica","AL","CASALE MONFERRATO","36","1105","15","F","","analitica","","","PVP sales 1 (4247598); Storica Analitica visura per immobile - Catasto Fabbricati."
"visura-storica","AL","CASALE MONFERRATO","36","1105","19","F","","analitica","","","PVP sales 1 (4247598); Storica Analitica visura per immobile - Catasto Fabbricati."
"visura-storica","AL","CASALE MONFERRATO","36","1105","20","F","","analitica","","","PVP sales 1 (4247598); Storica Analitica visura per immobile - Catasto Fabbricati."
"visura-storica","AL","CASALE MONFERRATO","36","1106","1","F","","analitica","","","PVP sales 1 (4247598); Storica Analitica visura per immobile - Catasto Fabbricati."
"visura-storica","AL","CASALE MONFERRATO","36","1106","3","F","","analitica","","","PVP sales 1 (4247598); Storica Analitica visura per immobile - Catasto Fabbricati."
"visura-storica","AL","CASALE MONFERRATO","36","1106","4","F","","analitica","","","PVP sales 1 (4247598); Storica Analitica visura per immobile - Catasto Fabbricati."
"visura-storica","AL","CASALE MONFERRATO","36","3429","21","F","","analitica","","","PVP sales 1 (4529005); Storica Analitica visura per immobile - Catasto Fabbricati."
"visura-storica","AL","CASALE MONFERRATO","36","3429","5","F","","analitica","","","PVP sales 1 (4255166); Storica Analitica visura per immobile - Catasto Fabbricati."
"visura-storica","AL","CASALE MONFERRATO","36","4120","10","F","","analitica","","","PVP sales 5 (4226204,4226211,4367166,4413568,4478878); Storica Analitica visura per immobile - Catasto Fabbricati."
"visura-storica","AL","CASALE MONFERRATO","36","4120","11","F","","analitica","","","PVP sales 5 (4226204,4226211,4367166,4413568,4478878); Storica Analitica visura per immobile - Catasto Fabbricati."
"visura-storica","AL","CASALE MONFERRATO","36","4120","12","F","","analitica","","","PVP sales 5 (4226204,4226211,4367166,4413568,4478878); Storica Analitica visura per immobile - Catasto Fabbricati."
"visura-storica","AL","CASALE MONFERRATO","36","4120","7","F","","analitica","","","PVP sales 5 (4226204,4226211,4367166,4413568,4478878); Storica Analitica visura per immobile - Catasto Fabbricati."
"visura-storica","AL","CASALE MONFERRATO","36","4120","9","F","","analitica","","","PVP sales 5 (4226204,4226211,4367166,4413568,4478878); Storica Analitica visura per immobile - Catasto Fabbricati."
"visura-storica","AL","CASALE MONFERRATO","36","4319","10","F","","analitica","","","PVP sales 2 (2140965,2214622); Storica Analitica visura per immobile - Catasto Fabbricati."
"visura-storica","AL","CASALE MONFERRATO","36","4363","","F","","analitica","","","PVP sales 1 (2127859); Storica Analitica visura per immobile - Catasto Fabbricati."
"visura-storica","AL","CASALE MONFERRATO","36","4363","","T","","analitica","","","PVP sales 1 (2127859); Storica Analitica visura per immobile - Catasto Terreni."
"visura-storica","AL","CASALE MONFERRATO","36","4853","21","F","","analitica","","","PVP sales 1 (4418743); Storica Analitica visura per immobile - Catasto Fabbricati."
"visura-storica","AL","CASALE MONFERRATO","36","4940","10","F","","analitica","","","PVP sales 1 (743846); Storica Analitica visura per immobile - Catasto Fabbricati."
"visura-storica","AL","CASALE MONFERRATO","36","4940","11","F","","analitica","","","PVP sales 1 (743846); Storica Analitica visura per immobile - Catasto Fabbricati."
"visura-storica","AL","CASALE MONFERRATO","36","4940","12","F","","analitica","","","PVP sales 1 (743846); Storica Analitica visura per immobile - Catasto Fabbricati."
"visura-storica","AL","CASALE MONFERRATO","36","4940","4","F","","analitica","","","PVP sales 1 (743846); Storica Analitica visura per immobile - Catasto Fabbricati."
"visura-storica","AL","CASALE MONFERRATO","36","4940","5","F","","analitica","","","PVP sales 1 (743846); Storica Analitica visura per immobile - Catasto Fabbricati."
"visura-storica","AL","CASALE MONFERRATO","36","4940","7","F","","analitica","","","PVP sales 1 (743846); Storica Analitica visura per immobile - Catasto Fabbricati."
"visura-storica","AL","CASALE MONFERRATO","36","4940","8","F","","analitica","","","PVP sales 1 (743846); Storica Analitica visura per immobile - Catasto Fabbricati."
"visura-storica","AL","CASALE MONFERRATO","36","5104","","F","","analitica","","","PVP sales 3 (4438000,4487183,4487192); Storica Analitica visura per immobile - Catasto Fabbricati."
"visura-storica","AL","CASALE MONFERRATO","36","5104","","T","","analitica","","","PVP sales 3 (4438000,4487183,4487192); Storica Analitica visura per immobile - Catasto Terreni."
"visura-storica","AL","CASALE MONFERRATO","36","568","1","F","","analitica","","","PVP sales 2 (4422996,4482187); Storica Analitica visura per immobile - Catasto Fabbricati."
"visura-storica","AL","CASALE MONFERRATO","38","173","1","F","","analitica","","","PVP sales 3 (481770,850012,1462844); Storica Analitica visura per immobile - Catasto Fabbricati."
"visura-storica","AL","CASALE MONFERRATO","42","340","1","F","","analitica","","","PVP sales 1 (4548441); Storica Analitica visura per immobile - Catasto Fabbricati."
"visura-storica","AL","CASALE MONFERRATO","42","340","11","F","","analitica","","","PVP sales 1 (4548502); Storica Analitica visura per immobile - Catasto Fabbricati."
"visura-storica","AL","CASALE MONFERRATO","42","340","12","F","","analitica","","","PVP sales 1 (4548518); Storica Analitica visura per immobile - Catasto Fabbricati."
"visura-storica","AL","CASALE MONFERRATO","42","340","13","F","","analitica","","","PVP sales 1 (4548519); Storica Analitica visura per immobile - Catasto Fabbricati."
"visura-storica","AL","CASALE MONFERRATO","42","340","14","F","","analitica","","","PVP sales 1 (4548502); Storica Analitica visura per immobile - Catasto Fabbricati."
"visura-storica","AL","CASALE MONFERRATO","42","340","16","F","","analitica","","","PVP sales 1 (4548447); Storica Analitica visura per immobile - Catasto Fabbricati."
"visura-storica","AL","CASALE MONFERRATO","42","340","17","F","","analitica","","","PVP sales 1 (4548637); Storica Analitica visura per immobile - Catasto Fabbricati."
"visura-storica","AL","CASALE MONFERRATO","42","340","18","F","","analitica","","","PVP sales 1 (4548441); Storica Analitica visura per immobile - Catasto Fabbricati."
"visura-storica","AL","CASALE MONFERRATO","42","340","19","F","","analitica","","","PVP sales 1 (4548490); Storica Analitica visura per immobile - Catasto Fabbricati."
"visura-storica","AL","CASALE MONFERRATO","42","340","2","F","","analitica","","","PVP sales 1 (4548490); Storica Analitica visura per immobile - Catasto Fabbricati."
"visura-storica","AL","CASALE MONFERRATO","42","340","20","F","","analitica","","","PVP sales 1 (4548398); Storica Analitica visura per immobile - Catasto Fabbricati."
"visura-storica","AL","CASALE MONFERRATO","42","340","21","F","","analitica","","","PVP sales 1 (4548640); Storica Analitica visura per immobile - Catasto Fabbricati."
"visura-storica","AL","CASALE MONFERRATO","42","340","22","F","","analitica","","","PVP sales 1 (4548608); Storica Analitica visura per immobile - Catasto Fabbricati."
"visura-storica","AL","CASALE MONFERRATO","42","340","23","F","","analitica","","","PVP sales 1 (4548441); Storica Analitica visura per immobile - Catasto Fabbricati."
"visura-storica","AL","CASALE MONFERRATO","42","340","24","F","","analitica","","","PVP sales 1 (4548490); Storica Analitica visura per immobile - Catasto Fabbricati."
"visura-storica","AL","CASALE MONFERRATO","42","340","25","F","","analitica","","","PVP sales 1 (4548608); Storica Analitica visura per immobile - Catasto Fabbricati."
"visura-storica","AL","CASALE MONFERRATO","42","340","26","F","","analitica","","","PVP sales 1 (4548518); Storica Analitica visura per immobile - Catasto Fabbricati."
"visura-storica","AL","CASALE MONFERRATO","42","340","27","F","","analitica","","","PVP sales 1 (4548519); Storica Analitica visura per immobile - Catasto Fabbricati."
"visura-storica","AL","CASALE MONFERRATO","42","340","28","F","","analitica","","","PVP sales 1 (4548502); Storica Analitica visura per immobile - Catasto Fabbricati."
"visura-storica","AL","CASALE MONFERRATO","42","340","3","F","","analitica","","","PVP sales 1 (4548398); Storica Analitica visura per immobile - Catasto Fabbricati."
"visura-storica","AL","CASALE MONFERRATO","42","340","30","F","","analitica","","","PVP sales 1 (4548447); Storica Analitica visura per immobile - Catasto Fabbricati."
"visura-storica","AL","CASALE MONFERRATO","42","340","31","F","","analitica","","","PVP sales 1 (4548637); Storica Analitica visura per immobile - Catasto Fabbricati."
"visura-storica","AL","CASALE MONFERRATO","42","340","32","F","","analitica","","","PVP sales 1 (4548398); Storica Analitica visura per immobile - Catasto Fabbricati."
"visura-storica","AL","CASALE MONFERRATO","42","340","33","F","","analitica","","","PVP sales 1 (4548640); Storica Analitica visura per immobile - Catasto Fabbricati."
"visura-storica","AL","CASALE MONFERRATO","42","340","37","F","","analitica","","","PVP sales 1 (4548441); Storica Analitica visura per immobile - Catasto Fabbricati."
"visura-storica","AL","CASALE MONFERRATO","42","340","38","F","","analitica","","","PVP sales 1 (4548608); Storica Analitica visura per immobile - Catasto Fabbricati."
"visura-storica","AL","CASALE MONFERRATO","42","340","39","F","","analitica","","","PVP sales 1 (4548519); Storica Analitica visura per immobile - Catasto Fabbricati."
"visura-storica","AL","CASALE MONFERRATO","42","340","4","F","","analitica","","","PVP sales 1 (4548640); Storica Analitica visura per immobile - Catasto Fabbricati."
"visura-storica","AL","CASALE MONFERRATO","42","340","40","F","","analitica","","","PVP sales 1 (4548518); Storica Analitica visura per immobile - Catasto Fabbricati."
"visura-storica","AL","CASALE MONFERRATO","42","340","41","F","","analitica","","","PVP sales 1 (4548490); Storica Analitica visura per immobile - Catasto Fabbricati."
"visura-storica","AL","CASALE MONFERRATO","42","340","43","F","","analitica","","","PVP sales 1 (4548502); Storica Analitica visura per immobile - Catasto Fabbricati."
"visura-storica","AL","CASALE MONFERRATO","42","340","44","F","","analitica","","","PVP sales 1 (4548637); Storica Analitica visura per immobile - Catasto Fabbricati."
"visura-storica","AL","CASALE MONFERRATO","42","340","45","F","","analitica","","","PVP sales 1 (4548447); Storica Analitica visura per immobile - Catasto Fabbricati."
"visura-storica","AL","CASALE MONFERRATO","42","340","46","F","","analitica","","","PVP sales 1 (4548398); Storica Analitica visura per immobile - Catasto Fabbricati."
"visura-storica","AL","CASALE MONFERRATO","42","340","47","F","","analitica","","","PVP sales 1 (4548640); Storica Analitica visura per immobile - Catasto Fabbricati."
"visura-storica","AL","CASALE MONFERRATO","42","340","5","F","","analitica","","","PVP sales 1 (4548518); Storica Analitica visura per immobile - Catasto Fabbricati."
"visura-storica","AL","CASALE MONFERRATO","42","340","6","F","","analitica","","","PVP sales 1 (4548519); Storica Analitica visura per immobile - Catasto Fabbricati."
"visura-storica","AL","CASALE MONFERRATO","42","340","7","F","","analitica","","","PVP sales 1 (4548637); Storica Analitica visura per immobile - Catasto Fabbricati."
"visura-storica","AL","CASALE MONFERRATO","42","340","8","F","","analitica","","","PVP sales 1 (4548447); Storica Analitica visura per immobile - Catasto Fabbricati."
"visura-storica","AL","CASALE MONFERRATO","42","340","9","F","","analitica","","","PVP sales 1 (4548608); Storica Analitica visura per immobile - Catasto Fabbricati."
"visura-storica","AL","CASALE MONFERRATO","50","393","","F","","analitica","","","PVP sales 1 (2132041); Storica Analitica visura per immobile - Catasto Fabbricati."
"visura-storica","AL","CASALE MONFERRATO","50","393","","T","","analitica","","","PVP sales 1 (2132041); Storica Analitica visura per immobile - Catasto Terreni."
"visura-storica","AL","CASALE MONFERRATO","50","96","","F","","analitica","","","PVP sales 1 (2132041); Storica Analitica visura per immobile - Catasto Fabbricati."
"visura-storica","AL","CASALE MONFERRATO","50","96","","T","","analitica","","","PVP sales 1 (2132041); Storica Analitica visura per immobile - Catasto Terreni."
"visura-storica","AL","CASALE MONFERRATO","53","327","32","F","","analitica","","","PVP sales 1 (1429618); Storica Analitica visura per immobile - Catasto Fabbricati."
"visura-storica","AL","CASALE MONFERRATO","53","327","33","F","","analitica","","","PVP sales 1 (1429688); Storica Analitica visura per immobile - Catasto Fabbricati."
"visura-storica","AL","CASALE MONFERRATO","53","327","34","F","","analitica","","","PVP sales 1 (1429693); Storica Analitica visura per immobile - Catasto Fabbricati."
"visura-storica","AL","CASALE MONFERRATO","53","327","35","F","","analitica","","","PVP sales 1 (1429643); Storica Analitica visura per immobile - Catasto Fabbricati."
"visura-storica","AL","CASALE MONFERRATO","53","327","36","F","","analitica","","","PVP sales 1 (1429753); Storica Analitica visura per immobile - Catasto Fabbricati."
"visura-storica","AL","CASALE MONFERRATO","53","327","37","F","","analitica","","","PVP sales 1 (1429762); Storica Analitica visura per immobile - Catasto Fabbricati."
"visura-storica","AL","CASALE MONFERRATO","53","327","38","F","","analitica","","","PVP sales 1 (1429767); Storica Analitica visura per immobile - Catasto Fabbricati."
"visura-storica","AL","CASALE MONFERRATO","53","327","39","F","","analitica","","","PVP sales 1 (1429784); Storica Analitica visura per immobile - Catasto Fabbricati."
"visura-storica","AL","CASALE MONFERRATO","53","327","40","F","","analitica","","","PVP sales 1 (1429789); Storica Analitica visura per immobile - Catasto Fabbricati."
"visura-storica","AL","CASALE MONFERRATO","53","327","41","F","","analitica","","","PVP sales 1 (1429740); Storica Analitica visura per immobile - Catasto Fabbricati."
"visura-storica","AL","CASALE MONFERRATO","54","363","","F","","analitica","","","PVP sales 1 (4242563); Storica Analitica visura per immobile - Catasto Fabbricati."
"visura-storica","AL","CASALE MONFERRATO","54","363","","T","","analitica","","","PVP sales 1 (4242563); Storica Analitica visura per immobile - Catasto Terreni."
"visura-storica","AL","CASALE MONFERRATO","55","1171","2","F","","analitica","","","PVP sales 2 (1668270,1668286); Storica Analitica visura per immobile - Catasto Fabbricati."
"visura-storica","AL","CASALE MONFERRATO","55","1363","12","F","","analitica","","","PVP sales 2 (4402811,4453372); Storica Analitica visura per immobile - Catasto Fabbricati."
"visura-storica","AL","CASALE MONFERRATO","55","1364","6","F","","analitica","","","PVP sales 2 (4402811,4453372); Storica Analitica visura per immobile - Catasto Fabbricati."
"visura-storica","AL","CASALE MONFERRATO","57","299","","F","","analitica","","","PVP sales 2 (1954508,2179751); Storica Analitica visura per immobile - Catasto Fabbricati."
"visura-storica","AL","CASALE MONFERRATO","57","299","","T","","analitica","","","PVP sales 2 (1954508,2179751); Storica Analitica visura per immobile - Catasto Terreni."
"visura-storica","AL","CASALE MONFERRATO","58","2319","1","F","","analitica","","","PVP sales 3 (4454767,4479929,4503125); Storica Analitica visura per immobile - Catasto Fabbricati."
"visura-storica","AL","CASALE MONFERRATO","58","357","","F","","analitica","","","PVP sales 1 (784187); Storica Analitica visura per immobile - Catasto Fabbricati."
"visura-storica","AL","CASALE MONFERRATO","58","357","","T","","analitica","","","PVP sales 1 (784187); Storica Analitica visura per immobile - Catasto Terreni."
"visura-storica","AL","CASALE MONFERRATO","58","680","24","F","","analitica","","","PVP sales 1 (4426553); Storica Analitica visura per immobile - Catasto Fabbricati."
"visura-storica","AL","CASALE MONFERRATO","58","680","60","F","","analitica","","","PVP sales 1 (4426553); Storica Analitica visura per immobile - Catasto Fabbricati."
"visura-storica","AL","CASALE MONFERRATO","58","81","19","F","","analitica","","","PVP sales 1 (1685872); Storica Analitica visura per immobile - Catasto Fabbricati."
"visura-storica","AL","CASALE MONFERRATO","59","35","2","F","","analitica","","","PVP sales 2 (4494268,4560864); Storica Analitica visura per immobile - Catasto Fabbricati."
"visura-storica","AL","CASALE MONFERRATO","59","60","15","F","","analitica","","","PVP sales 1 (580075); Storica Analitica visura per immobile - Catasto Fabbricati."
"visura-storica","AL","CASALE MONFERRATO","62","191","3","F","","analitica","","","PVP sales 1 (4559702); Storica Analitica visura per immobile - Catasto Fabbricati."
"visura-storica","AL","CASALE MONFERRATO","62","191","4","F","","analitica","","","PVP sales 1 (4559702); Storica Analitica visura per immobile - Catasto Fabbricati."
"visura-storica","AL","CASALE MONFERRATO","62","191","5","F","","analitica","","","PVP sales 1 (4559702); Storica Analitica visura per immobile - Catasto Fabbricati."
"visura-storica","AL","CASALE MONFERRATO","73","4","11","F","","analitica","","","PVP sales 1 (2203432); Storica Analitica visura per immobile - Catasto Fabbricati."
"visura-storica","AL","CASALE MONFERRATO","73","4","12","F","","analitica","","","PVP sales 1 (2203435); Storica Analitica visura per immobile - Catasto Fabbricati."
"visura-storica","AL","CASALE MONFERRATO","73","4","13","F","","analitica","","","PVP sales 1 (2203438); Storica Analitica visura per immobile - Catasto Fabbricati."
"visura-storica","AL","CASALE MONFERRATO","73","4","15","F","","analitica","","","PVP sales 1 (2203457); Storica Analitica visura per immobile - Catasto Fabbricati."
"visura-storica","AL","CASALE MONFERRATO","73","4","16","F","","analitica","","","PVP sales 1 (2203459); Storica Analitica visura per immobile - Catasto Fabbricati."
"visura-storica","AL","CASALE MONFERRATO","86","26","","F","","analitica","","","PVP sales 1 (1534379); Storica Analitica visura per immobile - Catasto Fabbricati."
"visura-storica","AL","CASALE MONFERRATO","86","26","","T","","analitica","","","PVP sales 1 (1534379); Storica Analitica visura per immobile - Catasto Terreni."
"visura-storica","AL","CASALE MONFERRATO","87","32","1","F","","analitica","","","PVP sales 1 (677614); Storica Analitica visura per immobile - Catasto Fabbricati."
"visura-storica","AL","CASALE MONFERRATO","87","32","2","F","","analitica","","","PVP sales 1 (677614); Storica Analitica visura per immobile - Catasto Fabbricati."
"visura-storica","AL","CASALE MONFERRATO","9","83","","F","","analitica","","","PVP sales 2 (1681256,2077584); Storica Analitica visura per immobile - Catasto Fabbricati."
"visura-storica","AL","CASALE MONFERRATO","9","83","","T","","analitica","","","PVP sales 2 (1681256,2077584); Storica Analitica visura per immobile - Catasto Terreni."
"visura-storica","AL","CASALE MONFERRATO","9","83","1","F","","analitica","","","PVP sales 1 (1681256); Storica Analitica visura per immobile - Catasto Fabbricati."
"visura-storica","AL","CASALE MONFERRATO","9","85","","F","","analitica","","","PVP sales 1 (2077584); Storica Analitica visura per immobile - Catasto Fabbricati."
"visura-storica","AL","CASALE MONFERRATO","9","85","","T","","analitica","","","PVP sales 1 (2077584); Storica Analitica visura per immobile - Catasto Terreni."
"visura-storica","AL","CASALE MONFERRATO","9","85","1","F","","analitica","","","PVP sales 1 (1681256); Storica Analitica visura per immobile - Catasto Fabbricati."
"visura-storica","AL","CASALE MONFERRATO","93","84","1","F","","analitica","","","PVP sales 1 (2077584); Storica Analitica visura per immobile - Catasto Fabbricati."
"visura-storica","AL","CASALEGGIO BOIRO","1","221","11","F","","analitica","","","PVP sales 2 (753650,970758); Storica Analitica visura per immobile - Catasto Fabbricati."
"visura-storica","AL","CASALEGGIO BOIRO","1","222","11","F","","analitica","","","PVP sales 1 (753658); Storica Analitica visura per immobile - Catasto Fabbricati."
"visura-storica","AL","CASALNOCETO","11","202","6","F","","analitica","","","PVP sales 1 (993506); Storica Analitica visura per immobile - Catasto Fabbricati."
"visura-storica","AL","CASALNOCETO","11","202","7","F","","analitica","","","PVP sales 1 (1161550); Storica Analitica visura per immobile - Catasto Fabbricati."
"visura-storica","AL","CASALNOCETO","11","202","8","F","","analitica","","","PVP sales 1 (1161547); Storica Analitica visura per immobile - Catasto Fabbricati."
"visura-storica","AL","CASALNOCETO","11","302","4","F","","analitica","","","PVP sales 1 (602542); Storica Analitica visura per immobile - Catasto Fabbricati."
"visura-storica","AL","CASALNOCETO","11","302","5","F","","analitica","","","PVP sales 1 (602542); Storica Analitica visura per immobile - Catasto Fabbricati."
"visura-storica","AL","CASALNOCETO","11","302","6","F","","analitica","","","PVP sales 1 (600015); Storica Analitica visura per immobile - Catasto Fabbricati."
"visura-storica","AL","CASALNOCETO","11","636","2","F","","analitica","","","PVP sales 1 (602542); Storica Analitica visura per immobile - Catasto Fabbricati."
"visura-storica","AL","CASALNOCETO","11","636","3","F","","analitica","","","PVP sales 1 (602542); Storica Analitica visura per immobile - Catasto Fabbricati."
"visura-storica","AL","CASALNOCETO","11","636","4","F","","analitica","","","PVP sales 1 (602542); Storica Analitica visura per immobile - Catasto Fabbricati."
"visura-storica","AL","CASALNOCETO","8","293","20","F","","analitica","","","PVP sales 1 (1070179); Storica Analitica visura per immobile - Catasto Fabbricati."
"visura-storica","AL","CASALNOCETO","8","293","25","F","","analitica","","","PVP sales 1 (1070164); Storica Analitica visura per immobile - Catasto Fabbricati."
"visura-storica","AL","CASALNOCETO","9","169","15","F","","analitica","","","PVP sales 1 (1067869); Storica Analitica visura per immobile - Catasto Fabbricati."
"visura-storica","AL","CASALNOCETO","9","169","16","F","","analitica","","","PVP sales 1 (1069034); Storica Analitica visura per immobile - Catasto Fabbricati."
"visura-storica","AL","CASALNOCETO","9","169","17","F","","analitica","","","PVP sales 1 (1067908); Storica Analitica visura per immobile - Catasto Fabbricati."
"visura-storica","AL","CASALNOCETO","9","169","18","F","","analitica","","","PVP sales 1 (1071145); Storica Analitica visura per immobile - Catasto Fabbricati."
"visura-storica","AL","CASASCO","2","160","","F","","analitica","","","PVP sales 2 (4426546,4501798); Storica Analitica visura per immobile - Catasto Fabbricati."
"visura-storica","AL","CASASCO","2","160","","T","","analitica","","","PVP sales 2 (4426546,4501798); Storica Analitica visura per immobile - Catasto Terreni."
"visura-storica","AL","CASASCO","2","48","","F","","analitica","","","PVP sales 2 (4426546,4501798); Storica Analitica visura per immobile - Catasto Fabbricati."
"visura-storica","AL","CASASCO","2","48","","T","","analitica","","","PVP sales 2 (4426546,4501798); Storica Analitica visura per immobile - Catasto Terreni."
"visura-storica","AL","CASASCO","2","53","","F","","analitica","","","PVP sales 2 (4426546,4501798); Storica Analitica visura per immobile - Catasto Fabbricati."
"visura-storica","AL","CASASCO","2","53","","T","","analitica","","","PVP sales 2 (4426546,4501798); Storica Analitica visura per immobile - Catasto Terreni."
"visura-storica","AL","CASASCO","2","54","","F","","analitica","","","PVP sales 2 (4426546,4501798); Storica Analitica visura per immobile - Catasto Fabbricati."
"visura-storica","AL","CASASCO","2","54","","T","","analitica","","","PVP sales 2 (4426546,4501798); Storica Analitica visura per immobile - Catasto Terreni."
"visura-storica","AL","CASASCO","3","12","","F","","analitica","","","PVP sales 2 (134700,287894); Storica Analitica visura per immobile - Catasto Fabbricati."
"visura-storica","AL","CASASCO","3","12","","T","","analitica","","","PVP sales 2 (134700,287894); Storica Analitica visura per immobile - Catasto Terreni."
"visura-storica","AL","CASASCO","3","13","","F","","analitica","","","PVP sales 2 (134700,287894); Storica Analitica visura per immobile - Catasto Fabbricati."
"visura-storica","AL","CASASCO","3","13","","T","","analitica","","","PVP sales 2 (134700,287894); Storica Analitica visura per immobile - Catasto Terreni."
"visura-storica","AL","CASASCO","3","141","","F","","analitica","","","PVP sales 2 (134700,287894); Storica Analitica visura per immobile - Catasto Fabbricati."
"visura-storica","AL","CASASCO","3","141","","T","","analitica","","","PVP sales 2 (134700,287894); Storica Analitica visura per immobile - Catasto Terreni."
"visura-storica","AL","CASASCO","3","153","","F","","analitica","","","PVP sales 2 (134700,287894); Storica Analitica visura per immobile - Catasto Fabbricati."
"visura-storica","AL","CASASCO","3","153","","T","","analitica","","","PVP sales 2 (134700,287894); Storica Analitica visura per immobile - Catasto Terreni."
"visura-storica","AL","CASASCO","3","207","","F","","analitica","","","PVP sales 2 (134700,287894); Storica Analitica visura per immobile - Catasto Fabbricati."
"visura-storica","AL","CASASCO","3","207","","T","","analitica","","","PVP sales 2 (134700,287894); Storica Analitica visura per immobile - Catasto Terreni."
"visura-storica","AL","CASASCO","3","217","","F","","analitica","","","PVP sales 1 (287894); Storica Analitica visura per immobile - Catasto Fabbricati."
"visura-storica","AL","CASASCO","3","217","","T","","analitica","","","PVP sales 1 (287894); Storica Analitica visura per immobile - Catasto Terreni."
"visura-storica","AL","CASASCO","3","335","","F","","analitica","","","PVP sales 2 (134700,287894); Storica Analitica visura per immobile - Catasto Fabbricati."
"visura-storica","AL","CASASCO","3","335","","T","","analitica","","","PVP sales 2 (134700,287894); Storica Analitica visura per immobile - Catasto Terreni."
"visura-storica","AL","CASASCO","3","336","","F","","analitica","","","PVP sales 2 (134700,287894); Storica Analitica visura per immobile - Catasto Fabbricati."
"visura-storica","AL","CASASCO","3","336","","T","","analitica","","","PVP sales 2 (134700,287894); Storica Analitica visura per immobile - Catasto Terreni."
"visura-storica","AL","CASASCO","3","49","","F","","analitica","","","PVP sales 2 (134700,287894); Storica Analitica visura per immobile - Catasto Fabbricati."
"visura-storica","AL","CASASCO","3","49","","T","","analitica","","","PVP sales 2 (134700,287894); Storica Analitica visura per immobile - Catasto Terreni."
"visura-storica","AL","CASASCO","4","131","","F","","analitica","","","PVP sales 2 (4431947,4501853); Storica Analitica visura per immobile - Catasto Fabbricati."
"visura-storica","AL","CASASCO","4","131","","T","","analitica","","","PVP sales 2 (4431947,4501853); Storica Analitica visura per immobile - Catasto Terreni."
"visura-storica","AL","CASASCO","4","132","","F","","analitica","","","PVP sales 2 (4431947,4501853); Storica Analitica visura per immobile - Catasto Fabbricati."
"visura-storica","AL","CASASCO","4","132","","T","","analitica","","","PVP sales 2 (4431947,4501853); Storica Analitica visura per immobile - Catasto Terreni."
"visura-storica","AL","CASASCO","7","129","","F","","analitica","","","PVP sales 1 (134700); Storica Analitica visura per immobile - Catasto Fabbricati."
"visura-storica","AL","CASASCO","7","129","","T","","analitica","","","PVP sales 1 (134700); Storica Analitica visura per immobile - Catasto Terreni."
"visura-storica","AL","CASASCO","7","143","","F","","analitica","","","PVP sales 2 (134700,287894); Storica Analitica visura per immobile - Catasto Fabbricati."
"visura-storica","AL","CASASCO","7","143","","T","","analitica","","","PVP sales 2 (134700,287894); Storica Analitica visura per immobile - Catasto Terreni."
"visura-storica","AL","CASASCO","7","15","","F","","analitica","","","PVP sales 1 (134700); Storica Analitica visura per immobile - Catasto Fabbricati."
"visura-storica","AL","CASASCO","7","15","","T","","analitica","","","PVP sales 1 (134700); Storica Analitica visura per immobile - Catasto Terreni."
"visura-storica","AL","CASASCO","7","17","","F","","analitica","","","PVP sales 2 (134700,287894); Storica Analitica visura per immobile - Catasto Fabbricati."
"visura-storica","AL","CASASCO","7","17","","T","","analitica","","","PVP sales 2 (134700,287894); Storica Analitica visura per immobile - Catasto Terreni."
"visura-storica","AL","CASASCO","7","18","","F","","analitica","","","PVP sales 1 (287894); Storica Analitica visura per immobile - Catasto Fabbricati."
"visura-storica","AL","CASASCO","7","18","","T","","analitica","","","PVP sales 1 (287894); Storica Analitica visura per immobile - Catasto Terreni."
"visura-storica","AL","CASASCO","7","22","","F","","analitica","","","PVP sales 2 (134700,287894); Storica Analitica visura per immobile - Catasto Fabbricati."
"visura-storica","AL","CASASCO","7","22","","T","","analitica","","","PVP sales 2 (134700,287894); Storica Analitica visura per immobile - Catasto Terreni."
"visura-storica","AL","CASASCO","7","235","","F","","analitica","","","PVP sales 1 (134700); Storica Analitica visura per immobile - Catasto Fabbricati."
"visura-storica","AL","CASASCO","7","235","","T","","analitica","","","PVP sales 1 (134700); Storica Analitica visura per immobile - Catasto Terreni."
"visura-storica","AL","CASASCO","7","236","","F","","analitica","","","PVP sales 1 (134700); Storica Analitica visura per immobile - Catasto Fabbricati."
"visura-storica","AL","CASASCO","7","236","","T","","analitica","","","PVP sales 1 (134700); Storica Analitica visura per immobile - Catasto Terreni."
"visura-storica","AL","CASASCO","7","241","","F","","analitica","","","PVP sales 1 (134700); Storica Analitica visura per immobile - Catasto Fabbricati."
"visura-storica","AL","CASASCO","7","241","","T","","analitica","","","PVP sales 1 (134700); Storica Analitica visura per immobile - Catasto Terreni."
"visura-storica","AL","CASASCO","7","250","","F","","analitica","","","PVP sales 1 (134700); Storica Analitica visura per immobile - Catasto Fabbricati."
"visura-storica","AL","CASASCO","7","250","","T","","analitica","","","PVP sales 1 (134700); Storica Analitica visura per immobile - Catasto Terreni."
"visura-storica","AL","CASASCO","7","252","","F","","analitica","","","PVP sales 1 (134700); Storica Analitica visura per immobile - Catasto Fabbricati."
"visura-storica","AL","CASASCO","7","252","","T","","analitica","","","PVP sales 1 (134700); Storica Analitica visura per immobile - Catasto Terreni."
"visura-storica","AL","CASASCO","7","317","","F","","analitica","","","PVP sales 1 (134700); Storica Analitica visura per immobile - Catasto Fabbricati."
"visura-storica","AL","CASASCO","7","317","","T","","analitica","","","PVP sales 1 (134700); Storica Analitica visura per immobile - Catasto Terreni."
"visura-storica","AL","CASASCO","7","50","7","F","","analitica","","","PVP sales 2 (134700,287894); Storica Analitica visura per immobile - Catasto Fabbricati."
"visura-storica","AL","CASASCO","7","55","3","F","","analitica","","","PVP sales 2 (134700,287894); Storica Analitica visura per immobile - Catasto Fabbricati."
"visura-storica","AL","CASASCO","7","55","4","F","","analitica","","","PVP sales 2 (134700,287894); Storica Analitica visura per immobile - Catasto Fabbricati."
"visura-storica","AL","CASASCO","7","62","","F","","analitica","","","PVP sales 1 (134700); Storica Analitica visura per immobile - Catasto Fabbricati."
"visura-storica","AL","CASASCO","7","62","","T","","analitica","","","PVP sales 1 (134700); Storica Analitica visura per immobile - Catasto Terreni."
"visura-storica","AL","CASASCO","7","67","","F","","analitica","","","PVP sales 1 (134700); Storica Analitica visura per immobile - Catasto Fabbricati."
"visura-storica","AL","CASASCO","7","67","","T","","analitica","","","PVP sales 1 (134700); Storica Analitica visura per immobile - Catasto Terreni."
"visura-storica","AL","CASASCO","7","69","","F","","analitica","","","PVP sales 1 (134700); Storica Analitica visura per immobile - Catasto Fabbricati."
"visura-storica","AL","CASASCO","7","69","","T","","analitica","","","PVP sales 1 (134700); Storica Analitica visura per immobile - Catasto Terreni."
"visura-storica","AL","CASASCO","7","85","","F","","analitica","","","PVP sales 2 (134700,287894); Storica Analitica visura per immobile - Catasto Fabbricati."
"visura-storica","AL","CASASCO","7","85","","T","","analitica","","","PVP sales 2 (134700,287894); Storica Analitica visura per immobile - Catasto Terreni."
"visura-storica","AL","CASASCO","7","97","","F","","analitica","","","PVP sales 1 (134700); Storica Analitica visura per immobile - Catasto Fabbricati."
"visura-storica","AL","CASASCO","7","97","","T","","analitica","","","PVP sales 1 (134700); Storica Analitica visura per immobile - Catasto Terreni."
"visura-storica","AL","CASASCO","7","98","","F","","analitica","","","PVP sales 1 (134700); Storica Analitica visura per immobile - Catasto Fabbricati."
"visura-storica","AL","CASASCO","7","98","","T","","analitica","","","PVP sales 1 (134700); Storica Analitica visura per immobile - Catasto Terreni."
"visura-storica","AL","CASSANO SPINOLA","1","401","10","F","","analitica","","","PVP sales 1 (4460667); Storica Analitica visura per immobile - Catasto Fabbricati."
"visura-storica","AL","CASSANO SPINOLA","1","401","11","F","","analitica","","","PVP sales 1 (4460675); Storica Analitica visura per immobile - Catasto Fabbricati."
"visura-storica","AL","CASSANO SPINOLA","1","401","7","F","","analitica","","","PVP sales 1 (4460678); Storica Analitica visura per immobile - Catasto Fabbricati."
"visura-storica","AL","CASSANO SPINOLA","1","401","9","F","","analitica","","","PVP sales 1 (4460694); Storica Analitica visura per immobile - Catasto Fabbricati."
"visura-storica","AL","CASSANO SPINOLA","11","328","","F","","analitica","","","PVP sales 1 (4271123); Storica Analitica visura per immobile - Catasto Fabbricati."
"visura-storica","AL","CASSANO SPINOLA","11","328","","T","","analitica","","","PVP sales 1 (4271123); Storica Analitica visura per immobile - Catasto Terreni."
"visura-storica","AL","CASSANO SPINOLA","15","183","","F","","analitica","","","PVP sales 1 (4411433); Storica Analitica visura per immobile - Catasto Fabbricati."
"visura-storica","AL","CASSANO SPINOLA","15","183","","T","","analitica","","","PVP sales 1 (4411433); Storica Analitica visura per immobile - Catasto Terreni."
"visura-storica","AL","CASSANO SPINOLA","15","212","10","F","","analitica","","","PVP sales 4 (357896,475795,475914,920472); Storica Analitica visura per immobile - Catasto Fabbricati."
"visura-storica","AL","CASSANO SPINOLA","15","248","","F","","analitica","","","PVP sales 1 (4411433); Storica Analitica visura per immobile - Catasto Fabbricati."
"visura-storica","AL","CASSANO SPINOLA","15","248","","T","","analitica","","","PVP sales 1 (4411433); Storica Analitica visura per immobile - Catasto Terreni."
"visura-storica","AL","CASSANO SPINOLA","3","193","","F","","analitica","","","PVP sales 1 (4271123); Storica Analitica visura per immobile - Catasto Fabbricati."
"visura-storica","AL","CASSANO SPINOLA","3","193","","T","","analitica","","","PVP sales 1 (4271123); Storica Analitica visura per immobile - Catasto Terreni."
"visura-storica","AL","CASSANO SPINOLA","3","194","","F","","analitica","","","PVP sales 1 (4271123); Storica Analitica visura per immobile - Catasto Fabbricati."
"visura-storica","AL","CASSANO SPINOLA","3","194","","T","","analitica","","","PVP sales 1 (4271123); Storica Analitica visura per immobile - Catasto Terreni."
"visura-storica","AL","CASSANO SPINOLA","7","189","6","F","","analitica","","","PVP sales 2 (2202171,4243958); Storica Analitica visura per immobile - Catasto Fabbricati."
"visura-storica","AL","CASSANO SPINOLA","7","675","16","F","","analitica","","","PVP sales 2 (2202171,4243958); Storica Analitica visura per immobile - Catasto Fabbricati."
"visura-storica","AL","CASSANO SPINOLA","7","675","17","F","","analitica","","","PVP sales 2 (2202171,4243958); Storica Analitica visura per immobile - Catasto Fabbricati."
"visura-storica","AL","CASSANO SPINOLA","7","675","4","F","","analitica","","","PVP sales 2 (2202171,4243958); Storica Analitica visura per immobile - Catasto Fabbricati."
"visura-storica","AL","CASSANO SPINOLA","8","488","1","F","","analitica","","","PVP sales 3 (247439,592709,796944); Storica Analitica visura per immobile - Catasto Fabbricati."
"visura-storica","AL","CASSANO SPINOLA","8","488","2","F","","analitica","","","PVP sales 3 (247439,592709,796944); Storica Analitica visura per immobile - Catasto Fabbricati."
"visura-storica","AL","CASSANO SPINOLA","8","488","3","F","","analitica","","","PVP sales 3 (247439,592709,796944); Storica Analitica visura per immobile - Catasto Fabbricati."
"visura-storica","AL","CASSANO SPINOLA","8","488","4","F","","analitica","","","PVP sales 3 (247439,592709,796944); Storica Analitica visura per immobile - Catasto Fabbricati."
"visura-storica","AL","CASSANO SPINOLA","8","623","1","F","","analitica","","","PVP sales 1 (346227); Storica Analitica visura per immobile - Catasto Fabbricati."
"visura-storica","AL","CASSANO SPINOLA","8","623","10","F","","analitica","","","PVP sales 1 (346227); Storica Analitica visura per immobile - Catasto Fabbricati."
"visura-storica","AL","CASSANO SPINOLA","8","623","11","F","","analitica","","","PVP sales 1 (346227); Storica Analitica visura per immobile - Catasto Fabbricati."
"visura-storica","AL","CASSANO SPINOLA","8","623","12","F","","analitica","","","PVP sales 1 (346227); Storica Analitica visura per immobile - Catasto Fabbricati."
"visura-storica","AL","CASSANO SPINOLA","8","623","13","F","","analitica","","","PVP sales 1 (346227); Storica Analitica visura per immobile - Catasto Fabbricati."
"visura-storica","AL","CASSANO SPINOLA","8","623","15","F","","analitica","","","PVP sales 1 (346227); Storica Analitica visura per immobile - Catasto Fabbricati."
"visura-storica","AL","CASSANO SPINOLA","8","623","16","F","","analitica","","","PVP sales 1 (346227); Storica Analitica visura per immobile - Catasto Fabbricati."
"visura-storica","AL","CASSANO SPINOLA","8","623","17","F","","analitica","","","PVP sales 1 (346227); Storica Analitica visura per immobile - Catasto Fabbricati."
"visura-storica","AL","CASSANO SPINOLA","8","623","18","F","","analitica","","","PVP sales 1 (346227); Storica Analitica visura per immobile - Catasto Fabbricati."
"visura-storica","AL","CASSANO SPINOLA","8","623","2","F","","analitica","","","PVP sales 1 (346227); Storica Analitica visura per immobile - Catasto Fabbricati."
"visura-storica","AL","CASSANO SPINOLA","8","623","3","F","","analitica","","","PVP sales 1 (346227); Storica Analitica visura per immobile - Catasto Fabbricati."
"visura-storica","AL","CASSANO SPINOLA","8","623","4","F","","analitica","","","PVP sales 1 (346227); Storica Analitica visura per immobile - Catasto Fabbricati."
"visura-storica","AL","CASSANO SPINOLA","8","623","5","F","","analitica","","","PVP sales 1 (346227); Storica Analitica visura per immobile - Catasto Fabbricati."
"visura-storica","AL","CASSANO SPINOLA","8","623","6","F","","analitica","","","PVP sales 1 (346227); Storica Analitica visura per immobile - Catasto Fabbricati."
"visura-storica","AL","CASSANO SPINOLA","8","623","8","F","","analitica","","","PVP sales 1 (346227); Storica Analitica visura per immobile - Catasto Fabbricati."
"visura-storica","AL","CASSANO SPINOLA","8","623","9","F","","analitica","","","PVP sales 1 (346227); Storica Analitica visura per immobile - Catasto Fabbricati."
"visura-storica","AL","CASSINE","18","628","1","F","","analitica","","","PVP sales 1 (1778496); Storica Analitica visura per immobile - Catasto Fabbricati."
"visura-storica","AL","CASSINE","18","628","22","F","","analitica","","","PVP sales 1 (1778496); Storica Analitica visura per immobile - Catasto Fabbricati."
"visura-storica","AL","CASSINE","26","197","24","F","","analitica","","","PVP sales 1 (645074); Storica Analitica visura per immobile - Catasto Fabbricati."
"visura-storica","AL","CASSINE","26","2372","","F","","analitica","","","PVP sales 2 (444346,1565230); Storica Analitica visura per immobile - Catasto Fabbricati."
"visura-storica","AL","CASSINE","26","2372","1","F","","analitica","","","PVP sales 3 (443824,651829,899987); Storica Analitica visura per immobile - Catasto Fabbricati."
"visura-storica","AL","CASSINE","26","2372","2","F","","analitica","","","PVP sales 3 (443824,651829,899987); Storica Analitica visura per immobile - Catasto Fabbricati."
"visura-storica","AL","CASSINE","26","2372","3","F","","analitica","","","PVP sales 3 (443824,651829,899987); Storica Analitica visura per immobile - Catasto Fabbricati."
"visura-storica","AL","CASSINE","26","2389","2","F","","analitica","","","PVP sales 1 (4509387); Storica Analitica visura per immobile - Catasto Fabbricati."
"visura-storica","AL","CASSINE","27","337","21","F","","analitica","","","PVP sales 1 (469266); Storica Analitica visura per immobile - Catasto Fabbricati."
"visura-storica","AL","CASSINE","34","393","4","F","","analitica","","","PVP sales 1 (4471772); Storica Analitica visura per immobile - Catasto Fabbricati."
"visura-storica","AL","CASSINE","34","395","","T","","analitica","","","PVP sales 1 (4471772); Storica Analitica visura per immobile - Catasto Terreni."
"visura-storica","AL","CASSINE","34","400","","F","","analitica","","","PVP sales 2 (278429,497473); Storica Analitica visura per immobile - Catasto Fabbricati."
"visura-storica","AL","CASSINE","34","400","","T","","analitica","","","PVP sales 2 (278429,497473); Storica Analitica visura per immobile - Catasto Terreni."
"visura-storica","AL","CASSINE","34","402","2","F","","analitica","","","PVP sales 2 (278429,497473); Storica Analitica visura per immobile - Catasto Fabbricati."
"visura-storica","AL","CASSINE","34","402","3","F","","analitica","","","PVP sales 2 (278429,497473); Storica Analitica visura per immobile - Catasto Fabbricati."
"visura-storica","AL","CASSINE","34","607","","F","","analitica","","","PVP sales 2 (278429,497473); Storica Analitica visura per immobile - Catasto Fabbricati."
"visura-storica","AL","CASSINE","34","607","","T","","analitica","","","PVP sales 2 (278429,497473); Storica Analitica visura per immobile - Catasto Terreni."
"visura-storica","AL","CASSINE","34","622","","T","","analitica","","","PVP sales 1 (4471772); Storica Analitica visura per immobile - Catasto Terreni."
"visura-storica","AL","CASSINE","35","154","","F","","analitica","","","PVP sales 1 (2094540); Storica Analitica visura per immobile - Catasto Fabbricati."
"visura-storica","AL","CASSINE","35","154","","T","","analitica","","","PVP sales 1 (2094540); Storica Analitica visura per immobile - Catasto Terreni."
"visura-storica","AL","CASSINE","35","155","","F","","analitica","","","PVP sales 1 (2094540); Storica Analitica visura per immobile - Catasto Fabbricati."
"visura-storica","AL","CASSINE","35","155","","T","","analitica","","","PVP sales 1 (2094540); Storica Analitica visura per immobile - Catasto Terreni."
"visura-storica","AL","CASSINE","35","156","","F","","analitica","","","PVP sales 1 (2094712); Storica Analitica visura per immobile - Catasto Fabbricati."
"visura-storica","AL","CASSINE","35","156","","T","","analitica","","","PVP sales 1 (2094712); Storica Analitica visura per immobile - Catasto Terreni."
"visura-storica","AL","CASSINE","35","157","","F","","analitica","","","PVP sales 1 (2094712); Storica Analitica visura per immobile - Catasto Fabbricati."
"visura-storica","AL","CASSINE","35","157","","T","","analitica","","","PVP sales 1 (2094712); Storica Analitica visura per immobile - Catasto Terreni."
"visura-storica","AL","CASSINE","35","159","","F","","analitica","","","PVP sales 1 (2094540); Storica Analitica visura per immobile - Catasto Fabbricati."
"visura-storica","AL","CASSINE","35","159","","T","","analitica","","","PVP sales 1 (2094540); Storica Analitica visura per immobile - Catasto Terreni."
"visura-storica","AL","CASSINE","35","160","","F","","analitica","","","PVP sales 1 (2094540); Storica Analitica visura per immobile - Catasto Fabbricati."
"visura-storica","AL","CASSINE","35","160","","T","","analitica","","","PVP sales 1 (2094540); Storica Analitica visura per immobile - Catasto Terreni."
"visura-storica","AL","CASSINE","35","161","","F","","analitica","","","PVP sales 1 (2094540); Storica Analitica visura per immobile - Catasto Fabbricati."
"visura-storica","AL","CASSINE","35","161","","T","","analitica","","","PVP sales 1 (2094540); Storica Analitica visura per immobile - Catasto Terreni."
"visura-storica","AL","CASSINE","35","162","","F","","analitica","","","PVP sales 1 (2094540); Storica Analitica visura per immobile - Catasto Fabbricati."
"visura-storica","AL","CASSINE","35","162","","T","","analitica","","","PVP sales 1 (2094540); Storica Analitica visura per immobile - Catasto Terreni."
"visura-storica","AL","CASSINE","35","215","","F","","analitica","","","PVP sales 1 (2094540); Storica Analitica visura per immobile - Catasto Fabbricati."
"visura-storica","AL","CASSINE","35","215","","T","","analitica","","","PVP sales 1 (2094540); Storica Analitica visura per immobile - Catasto Terreni."
"visura-storica","AL","CASSINE","35","447","","F","","analitica","","","PVP sales 1 (2094540); Storica Analitica visura per immobile - Catasto Fabbricati."
"visura-storica","AL","CASSINE","35","447","","T","","analitica","","","PVP sales 1 (2094540); Storica Analitica visura per immobile - Catasto Terreni."
"visura-storica","AL","CASSINE","35","518","","F","","analitica","","","PVP sales 1 (2094540); Storica Analitica visura per immobile - Catasto Fabbricati."
"visura-storica","AL","CASSINE","35","518","","T","","analitica","","","PVP sales 1 (2094540); Storica Analitica visura per immobile - Catasto Terreni."
"visura-storica","AL","CASSINE","35","521","","F","","analitica","","","PVP sales 1 (2094540); Storica Analitica visura per immobile - Catasto Fabbricati."
"visura-storica","AL","CASSINE","35","521","","T","","analitica","","","PVP sales 1 (2094540); Storica Analitica visura per immobile - Catasto Terreni."
"visura-storica","AL","CASSINE","35","522","","F","","analitica","","","PVP sales 1 (2094540); Storica Analitica visura per immobile - Catasto Fabbricati."
"visura-storica","AL","CASSINE","35","522","","T","","analitica","","","PVP sales 1 (2094540); Storica Analitica visura per immobile - Catasto Terreni."
"visura-storica","AL","CASSINE","35","523","","F","","analitica","","","PVP sales 1 (2094712); Storica Analitica visura per immobile - Catasto Fabbricati."
"visura-storica","AL","CASSINE","35","523","","T","","analitica","","","PVP sales 1 (2094712); Storica Analitica visura per immobile - Catasto Terreni."
"visura-storica","AL","CASSINE","35","524","","F","","analitica","","","PVP sales 1 (2094712); Storica Analitica visura per immobile - Catasto Fabbricati."
"visura-storica","AL","CASSINE","35","524","","T","","analitica","","","PVP sales 1 (2094712); Storica Analitica visura per immobile - Catasto Terreni."
"visura-storica","AL","CASSINE","35","613","","F","","analitica","","","PVP sales 1 (2094540); Storica Analitica visura per immobile - Catasto Fabbricati."
"visura-storica","AL","CASSINE","35","613","","T","","analitica","","","PVP sales 1 (2094540); Storica Analitica visura per immobile - Catasto Terreni."
"visura-storica","AL","CASSINE","35","615","","F","","analitica","","","PVP sales 1 (2094540); Storica Analitica visura per immobile - Catasto Fabbricati."
"visura-storica","AL","CASSINE","35","615","","T","","analitica","","","PVP sales 1 (2094540); Storica Analitica visura per immobile - Catasto Terreni."
"visura-storica","AL","CASSINE","35","617","","F","","analitica","","","PVP sales 1 (2094540); Storica Analitica visura per immobile - Catasto Fabbricati."
"visura-storica","AL","CASSINE","35","617","","T","","analitica","","","PVP sales 1 (2094540); Storica Analitica visura per immobile - Catasto Terreni."
"visura-storica","AL","CASSINE","35","619","","F","","analitica","","","PVP sales 1 (2094540); Storica Analitica visura per immobile - Catasto Fabbricati."
"visura-storica","AL","CASSINE","35","619","","T","","analitica","","","PVP sales 1 (2094540); Storica Analitica visura per immobile - Catasto Terreni."
"visura-storica","AL","CASSINE","35","621","","F","","analitica","","","PVP sales 1 (2094540); Storica Analitica visura per immobile - Catasto Fabbricati."
"visura-storica","AL","CASSINE","35","621","","T","","analitica","","","PVP sales 1 (2094540); Storica Analitica visura per immobile - Catasto Terreni."
"visura-storica","AL","CASSINE","35","723","1","F","","analitica","","","PVP sales 1 (2094540); Storica Analitica visura per immobile - Catasto Fabbricati."
"visura-storica","AL","CASSINE","35","723","2","F","","analitica","","","PVP sales 1 (2094540); Storica Analitica visura per immobile - Catasto Fabbricati."
"visura-storica","AL","CASSINE","35","73","","F","","analitica","","","PVP sales 1 (2094540); Storica Analitica visura per immobile - Catasto Fabbricati."
"visura-storica","AL","CASSINE","35","73","","T","","analitica","","","PVP sales 1 (2094540); Storica Analitica visura per immobile - Catasto Terreni."
"visura-storica","AL","CASSINE","35","74","","F","","analitica","","","PVP sales 1 (2094540); Storica Analitica visura per immobile - Catasto Fabbricati."
"visura-storica","AL","CASSINE","35","74","","T","","analitica","","","PVP sales 1 (2094540); Storica Analitica visura per immobile - Catasto Terreni."
"visura-storica","AL","CASSINE","35","75","","F","","analitica","","","PVP sales 1 (2094540); Storica Analitica visura per immobile - Catasto Fabbricati."
"visura-storica","AL","CASSINE","35","75","","T","","analitica","","","PVP sales 1 (2094540); Storica Analitica visura per immobile - Catasto Terreni."
"visura-storica","AL","CASSINE","35","86","","F","","analitica","","","PVP sales 1 (2094540); Storica Analitica visura per immobile - Catasto Fabbricati."
"visura-storica","AL","CASSINE","35","86","","T","","analitica","","","PVP sales 1 (2094540); Storica Analitica visura per immobile - Catasto Terreni."
"visura-storica","AL","CASSINE","35","87","","F","","analitica","","","PVP sales 1 (2094540); Storica Analitica visura per immobile - Catasto Fabbricati."
"visura-storica","AL","CASSINE","35","87","","T","","analitica","","","PVP sales 1 (2094540); Storica Analitica visura per immobile - Catasto Terreni."
"visura-storica","AL","CASSINELLE","17","358","","F","","analitica","","","PVP sales 1 (275065); Storica Analitica visura per immobile - Catasto Fabbricati."
"visura-storica","AL","CASSINELLE","17","358","","T","","analitica","","","PVP sales 1 (275065); Storica Analitica visura per immobile - Catasto Terreni."
"visura-storica","AL","CASSINELLE","17","358","3","F","","analitica","","","PVP sales 1 (275065); Storica Analitica visura per immobile - Catasto Fabbricati."
"visura-storica","AL","CASSINELLE","17","358","6","F","","analitica","","","PVP sales 1 (275065); Storica Analitica visura per immobile - Catasto Fabbricati."
"visura-storica","AL","CASSINELLE","17","360","","F","","analitica","","","PVP sales 1 (275065); Storica Analitica visura per immobile - Catasto Fabbricati."
"visura-storica","AL","CASSINELLE","17","360","","T","","analitica","","","PVP sales 1 (275065); Storica Analitica visura per immobile - Catasto Terreni."
"visura-storica","AL","CASTELLAR GUIDOBONO","1","346","4","F","","analitica","","","PVP sales 2 (385838,574701); Storica Analitica visura per immobile - Catasto Fabbricati."
"visura-storica","AL","CASTELLAZZO BORMIDA","22","1094","2","F","","analitica","","","PVP sales 3 (4235616,4387719,4455154); Storica Analitica visura per immobile - Catasto Fabbricati."
"visura-storica","AL","CASTELLAZZO BORMIDA","22","1094","3","F","","analitica","","","PVP sales 3 (4235616,4387719,4455154); Storica Analitica visura per immobile - Catasto Fabbricati."
"visura-storica","AL","CASTELLAZZO BORMIDA","22","110","1","F","","analitica","","","PVP sales 1 (1468362); Storica Analitica visura per immobile - Catasto Fabbricati."
"visura-storica","AL","CASTELLAZZO BORMIDA","22","110","2","F","","analitica","","","PVP sales 1 (1468362); Storica Analitica visura per immobile - Catasto Fabbricati."
"visura-storica","AL","CASTELLAZZO BORMIDA","22","1801","4","F","","analitica","","","PVP sales 1 (4548313); Storica Analitica visura per immobile - Catasto Fabbricati."
"visura-storica","AL","CASTELLAZZO BORMIDA","22","2982","1","F","","analitica","","","PVP sales 1 (4235616); Storica Analitica visura per immobile - Catasto Fabbricati."
"visura-storica","AL","CASTELLAZZO BORMIDA","22","3163","8","F","","analitica","","","PVP sales 1 (983503); Storica Analitica visura per immobile - Catasto Fabbricati."
"visura-storica","AL","CASTELLAZZO BORMIDA","22","3164","10","F","","analitica","","","PVP sales 1 (983503); Storica Analitica visura per immobile - Catasto Fabbricati."
"visura-storica","AL","CASTELLAZZO BORMIDA","22","3467","12","F","","analitica","","","PVP sales 3 (392402,497664,615305); Storica Analitica visura per immobile - Catasto Fabbricati."
"visura-storica","AL","CASTELLAZZO BORMIDA","22","3467","13","F","","analitica","","","PVP sales 2 (497696,952711); Storica Analitica visura per immobile - Catasto Fabbricati."
"visura-storica","AL","CASTELLAZZO BORMIDA","22","3467","14","F","","analitica","","","PVP sales 2 (392960,952712); Storica Analitica visura per immobile - Catasto Fabbricati."
"visura-storica","AL","CASTELLAZZO BORMIDA","22","3467","29","F","","analitica","","","PVP sales 2 (497783,952712); Storica Analitica visura per immobile - Catasto Fabbricati."
"visura-storica","AL","CASTELLAZZO BORMIDA","22","3528","12","F","","analitica","","","PVP sales 1 (741163); Storica Analitica visura per immobile - Catasto Fabbricati."
"visura-storica","AL","CASTELLAZZO BORMIDA","22","3584","13","F","","analitica","","","PVP sales 3 (293927,294856,424733); Storica Analitica visura per immobile - Catasto Fabbricati."
"visura-storica","AL","CASTELLAZZO BORMIDA","22","3584","25","F","","analitica","","","PVP sales 3 (293927,294856,424733); Storica Analitica visura per immobile - Catasto Fabbricati."
"visura-storica","AL","CASTELLAZZO BORMIDA","22","3586","1","F","","analitica","","","PVP sales 2 (289422,417468); Storica Analitica visura per immobile - Catasto Fabbricati."
"visura-storica","AL","CASTELLAZZO BORMIDA","22","3587","1","F","","analitica","","","PVP sales 2 (289422,417468); Storica Analitica visura per immobile - Catasto Fabbricati."
"visura-storica","AL","CASTELLAZZO BORMIDA","22","51","10","F","","analitica","","","PVP sales 3 (326769,531633,689991); Storica Analitica visura per immobile - Catasto Fabbricati."
"visura-storica","AL","CASTELLAZZO BORMIDA","22","51","11","F","","analitica","","","PVP sales 3 (326854,532790,706575); Storica Analitica visura per immobile - Catasto Fabbricati."
"visura-storica","AL","CASTELLAZZO BORMIDA","22","51","13","F","","analitica","","","PVP sales 2 (327042,535387); Storica Analitica visura per immobile - Catasto Fabbricati."
"visura-storica","AL","CASTELLAZZO BORMIDA","22","51","14","F","","analitica","","","PVP sales 3 (327883,534651,708511); Storica Analitica visura per immobile - Catasto Fabbricati."
"visura-storica","AL","CASTELLAZZO BORMIDA","22","51","15","F","","analitica","","","PVP sales 3 (327951,534698,707595); Storica Analitica visura per immobile - Catasto Fabbricati."
"visura-storica","AL","CASTELLAZZO BORMIDA","22","51","16","F","","analitica","","","PVP sales 2 (328002,535574); Storica Analitica visura per immobile - Catasto Fabbricati."
"visura-storica","AL","CASTELLAZZO BORMIDA","22","51","17","F","","analitica","","","PVP sales 2 (328389,535595); Storica Analitica visura per immobile - Catasto Fabbricati."
"visura-storica","AL","CASTELLAZZO BORMIDA","22","51","18","F","","analitica","","","PVP sales 3 (328449,534816,704716); Storica Analitica visura per immobile - Catasto Fabbricati."
"visura-storica","AL","CASTELLAZZO BORMIDA","22","51","19","F","","analitica","","","PVP sales 2 (328560,535694); Storica Analitica visura per immobile - Catasto Fabbricati."
"visura-storica","AL","CASTELLAZZO BORMIDA","22","51","21","F","","analitica","","","PVP sales 1 (328571); Storica Analitica visura per immobile - Catasto Fabbricati."
"visura-storica","AL","CASTELLAZZO BORMIDA","22","51","22","F","","analitica","","","PVP sales 1 (325812); Storica Analitica visura per immobile - Catasto Fabbricati."
"visura-storica","AL","CASTELLAZZO BORMIDA","22","51","26","F","","analitica","","","PVP sales 1 (330153); Storica Analitica visura per immobile - Catasto Fabbricati."
"visura-storica","AL","CASTELLAZZO BORMIDA","22","51","34","F","","analitica","","","PVP sales 1 (539673); Storica Analitica visura per immobile - Catasto Fabbricati."
"visura-storica","AL","CASTELLAZZO BORMIDA","22","51","35","F","","analitica","","","PVP sales 2 (539683,704748); Storica Analitica visura per immobile - Catasto Fabbricati."
"visura-storica","AL","CASTELLAZZO BORMIDA","22","51","36","F","","analitica","","","PVP sales 2 (539699,704812); Storica Analitica visura per immobile - Catasto Fabbricati."
"visura-storica","AL","CASTELLAZZO BORMIDA","22","51","37","F","","analitica","","","PVP sales 2 (539763,704840); Storica Analitica visura per immobile - Catasto Fabbricati."
"visura-storica","AL","CASTELLAZZO BORMIDA","22","51","38","F","","analitica","","","PVP sales 2 (539773,704951); Storica Analitica visura per immobile - Catasto Fabbricati."
"visura-storica","AL","CASTELLAZZO BORMIDA","22","51","39","F","","analitica","","","PVP sales 1 (540356); Storica Analitica visura per immobile - Catasto Fabbricati."
"visura-storica","AL","CASTELLAZZO BORMIDA","22","51","8","F","","analitica","","","PVP sales 2 (324610,514513); Storica Analitica visura per immobile - Catasto Fabbricati."
"visura-storica","AL","CASTELLAZZO BORMIDA","22","51","9","F","","analitica","","","PVP sales 3 (326688,530335,690701); Storica Analitica visura per immobile - Catasto Fabbricati."
"visura-storica","AL","CASTELLAZZO BORMIDA","22","558","1","F","","analitica","","","PVP sales 1 (1782163); Storica Analitica visura per immobile - Catasto Fabbricati."
"visura-storica","AL","CASTELLAZZO BORMIDA","22","806","3","F","","analitica","","","PVP sales 3 (180258,250018,361871); Storica Analitica visura per immobile - Catasto Fabbricati."
"visura-storica","AL","CASTELLAZZO BORMIDA","22","806","7","F","","analitica","","","PVP sales 3 (180258,250018,361871); Storica Analitica visura per immobile - Catasto Fabbricati."
"visura-storica","AL","CASTELLAZZO BORMIDA","22","807","1","F","","analitica","","","PVP sales 3 (180258,250018,361871); Storica Analitica visura per immobile - Catasto Fabbricati."
"visura-storica","AL","CASTELLAZZO BORMIDA","22","807","2","F","","analitica","","","PVP sales 3 (180258,250018,361871); Storica Analitica visura per immobile - Catasto Fabbricati."
"visura-storica","AL","CASTELLAZZO BORMIDA","24","213","","F","","analitica","","","PVP sales 1 (303806); Storica Analitica visura per immobile - Catasto Fabbricati."
"visura-storica","AL","CASTELLAZZO BORMIDA","24","213","","T","","analitica","","","PVP sales 1 (303806); Storica Analitica visura per immobile - Catasto Terreni."
"visura-storica","AL","CASTELLAZZO BORMIDA","24","94","","F","","analitica","","","PVP sales 1 (303806); Storica Analitica visura per immobile - Catasto Fabbricati."
"visura-storica","AL","CASTELLAZZO BORMIDA","24","94","","T","","analitica","","","PVP sales 1 (303806); Storica Analitica visura per immobile - Catasto Terreni."
"visura-storica","AL","CASTELLAZZO BORMIDA","27","327","","F","","analitica","","","PVP sales 1 (765225); Storica Analitica visura per immobile - Catasto Fabbricati."
"visura-storica","AL","CASTELLAZZO BORMIDA","27","327","","T","","analitica","","","PVP sales 1 (765225); Storica Analitica visura per immobile - Catasto Terreni."
"visura-storica","AL","CASTELLAZZO BORMIDA","27","683","7","F","","analitica","","","PVP sales 1 (408365); Storica Analitica visura per immobile - Catasto Fabbricati."
"visura-storica","AL","CASTELLAZZO BORMIDA","27","775","","F","","analitica","","","PVP sales 1 (765225); Storica Analitica visura per immobile - Catasto Fabbricati."
"visura-storica","AL","CASTELLAZZO BORMIDA","27","775","","T","","analitica","","","PVP sales 1 (765225); Storica Analitica visura per immobile - Catasto Terreni."
"visura-storica","AL","CASTELLAZZO BORMIDA","27","775","1","F","","analitica","","","PVP sales 2 (765225,1901925); Storica Analitica visura per immobile - Catasto Fabbricati."
"visura-storica","AL","CASTELLAZZO BORMIDA","27","788","","F","","analitica","","","PVP sales 1 (765225); Storica Analitica visura per immobile - Catasto Fabbricati."
"visura-storica","AL","CASTELLAZZO BORMIDA","27","788","","T","","analitica","","","PVP sales 1 (765225); Storica Analitica visura per immobile - Catasto Terreni."
"visura-storica","AL","CASTELLAZZO BORMIDA","27","788","2","F","","analitica","","","PVP sales 1 (765225); Storica Analitica visura per immobile - Catasto Fabbricati."
"visura-storica","AL","CASTELLAZZO BORMIDA","27","788","3","F","","analitica","","","PVP sales 1 (765225); Storica Analitica visura per immobile - Catasto Fabbricati."
"visura-storica","AL","CASTELLAZZO BORMIDA","27","788","4","F","","analitica","","","PVP sales 1 (765225); Storica Analitica visura per immobile - Catasto Fabbricati."
"visura-storica","AL","CASTELLAZZO BORMIDA","29","418","14","F","","analitica","","","PVP sales 1 (2081531); Storica Analitica visura per immobile - Catasto Fabbricati."
"visura-storica","AL","CASTELLAZZO BORMIDA","29","418","34","F","","analitica","","","PVP sales 1 (2081531); Storica Analitica visura per immobile - Catasto Fabbricati."
"visura-storica","AL","CASTELLAZZO BORMIDA","31","174","1","F","","analitica","","","PVP sales 3 (4252570,4386574,4457987); Storica Analitica visura per immobile - Catasto Fabbricati."
"visura-storica","AL","CASTELLAZZO BORMIDA","31","174","3","F","","analitica","","","PVP sales 3 (4252570,4386574,4457987); Storica Analitica visura per immobile - Catasto Fabbricati."
"visura-storica","AL","CASTELLAZZO BORMIDA","31","201","","F","","analitica","","","PVP sales 3 (4252570,4386574,4457987); Storica Analitica visura per immobile - Catasto Fabbricati."
"visura-storica","AL","CASTELLAZZO BORMIDA","31","201","","T","","analitica","","","PVP sales 3 (4252570,4386574,4457987); Storica Analitica visura per immobile - Catasto Terreni."
"visura-storica","AL","CASTELLAZZO BORMIDA","31","203","","F","","analitica","","","PVP sales 3 (4252570,4386574,4457987); Storica Analitica visura per immobile - Catasto Fabbricati."
"visura-storica","AL","CASTELLAZZO BORMIDA","31","203","","T","","analitica","","","PVP sales 3 (4252570,4386574,4457987); Storica Analitica visura per immobile - Catasto Terreni."
"visura-storica","AL","CASTELLAZZO BORMIDA","31","205","","F","","analitica","","","PVP sales 3 (4252570,4386574,4457987); Storica Analitica visura per immobile - Catasto Fabbricati."
"visura-storica","AL","CASTELLAZZO BORMIDA","31","205","","T","","analitica","","","PVP sales 3 (4252570,4386574,4457987); Storica Analitica visura per immobile - Catasto Terreni."
"visura-storica","AL","CASTELLETTO D'ORBA","1","19","2","F","","analitica","","","PVP sales 2 (511497,1452825); Storica Analitica visura per immobile - Catasto Fabbricati."
"visura-storica","AL","CASTELLETTO D'ORBA","1","4","","F","","analitica","","","PVP sales 2 (511497,1452825); Storica Analitica visura per immobile - Catasto Fabbricati."
"visura-storica","AL","CASTELLETTO D'ORBA","1","4","","T","","analitica","","","PVP sales 2 (511497,1452825); Storica Analitica visura per immobile - Catasto Terreni."
"visura-storica","AL","CASTELLETTO D'ORBA","12","413","1","F","","analitica","","","PVP sales 3 (4406682,4470004,4530235); Storica Analitica visura per immobile - Catasto Fabbricati."
"visura-storica","AL","CASTELLETTO D'ORBA","12","513","","F","","analitica","","","PVP sales 1 (2146341); Storica Analitica visura per immobile - Catasto Fabbricati."
"visura-storica","AL","CASTELLETTO D'ORBA","12","513","","T","","analitica","","","PVP sales 1 (2146341); Storica Analitica visura per immobile - Catasto Terreni."
"visura-storica","AL","CASTELLETTO D'ORBA","12","522","3","F","","analitica","","","PVP sales 1 (2146341); Storica Analitica visura per immobile - Catasto Fabbricati."
"visura-storica","AL","CASTELLETTO D'ORBA","12","522","4","F","","analitica","","","PVP sales 1 (2146341); Storica Analitica visura per immobile - Catasto Fabbricati."
"visura-storica","AL","CASTELLETTO D'ORBA","12","585","","F","","analitica","","","PVP sales 1 (590799); Storica Analitica visura per immobile - Catasto Fabbricati."
"visura-storica","AL","CASTELLETTO D'ORBA","12","585","","T","","analitica","","","PVP sales 1 (590799); Storica Analitica visura per immobile - Catasto Terreni."
"visura-storica","AL","CASTELLETTO D'ORBA","12","949","","F","","analitica","","","PVP sales 3 (362295,531973,599403); Storica Analitica visura per immobile - Catasto Fabbricati."
"visura-storica","AL","CASTELLETTO D'ORBA","12","949","","T","","analitica","","","PVP sales 2 (531973,599403); Storica Analitica visura per immobile - Catasto Terreni."
"visura-storica","AL","CASTELLETTO D'ORBA","12","962","10","F","","analitica","","","PVP sales 1 (590497); Storica Analitica visura per immobile - Catasto Fabbricati."
"visura-storica","AL","CASTELLETTO D'ORBA","12","962","15","F","","analitica","","","PVP sales 1 (590587); Storica Analitica visura per immobile - Catasto Fabbricati."
"visura-storica","AL","CASTELLETTO D'ORBA","12","962","21","F","","analitica","","","PVP sales 1 (590650); Storica Analitica visura per immobile - Catasto Fabbricati."
"visura-storica","AL","CASTELLETTO D'ORBA","12","962","25","F","","analitica","","","PVP sales 2 (590758,979134); Storica Analitica visura per immobile - Catasto Fabbricati."
"visura-storica","AL","CASTELLETTO D'ORBA","12","962","5","F","","analitica","","","PVP sales 1 (590463); Storica Analitica visura per immobile - Catasto Fabbricati."
"visura-storica","AL","CASTELLETTO D'ORBA","12","962","56","F","","analitica","","","PVP sales 1 (590783); Storica Analitica visura per immobile - Catasto Fabbricati."
"visura-storica","AL","CASTELLETTO D'ORBA","12","962","57","F","","analitica","","","PVP sales 1 (590767); Storica Analitica visura per immobile - Catasto Fabbricati."
"visura-storica","AL","CASTELLETTO D'ORBA","24","338","","F","","analitica","","","PVP sales 2 (511497,1452825); Storica Analitica visura per immobile - Catasto Fabbricati."
"visura-storica","AL","CASTELLETTO D'ORBA","24","338","","T","","analitica","","","PVP sales 2 (511497,1452825); Storica Analitica visura per immobile - Catasto Terreni."
"visura-storica","AL","CASTELLETTO D'ORBA","3","225","2","F","","analitica","","","PVP sales 1 (364943); Storica Analitica visura per immobile - Catasto Fabbricati."
"visura-storica","AL","CASTELLETTO D'ORBA","5","32","","F","","analitica","","","PVP sales 1 (364943); Storica Analitica visura per immobile - Catasto Fabbricati."
"visura-storica","AL","CASTELLETTO D'ORBA","5","32","","T","","analitica","","","PVP sales 1 (364943); Storica Analitica visura per immobile - Catasto Terreni."
"visura-storica","AL","CASTELLETTO D'ORBA","7","369","","F","","analitica","","","PVP sales 1 (96042); Storica Analitica visura per immobile - Catasto Fabbricati."
"visura-storica","AL","CASTELLETTO D'ORBA","7","369","","T","","analitica","","","PVP sales 1 (96042); Storica Analitica visura per immobile - Catasto Terreni."
"visura-storica","AL","CASTELLETTO D'ORBA","7","369","1","F","","analitica","","","PVP sales 2 (953746,1119164); Storica Analitica visura per immobile - Catasto Fabbricati."
"visura-storica","AL","CASTELLETTO D'ORBA","7","369","2","F","","analitica","","","PVP sales 2 (953746,1119164); Storica Analitica visura per immobile - Catasto Fabbricati."
"visura-storica","AL","CASTELLETTO D'ORBA","7","369","3","F","","analitica","","","PVP sales 2 (953746,1119164); Storica Analitica visura per immobile - Catasto Fabbricati."
"visura-storica","AL","CASTELLETTO D'ORBA","7","369","4","F","","analitica","","","PVP sales 2 (953746,1119164); Storica Analitica visura per immobile - Catasto Fabbricati."
"visura-storica","AL","CASTELLETTO D'ORBA","7","795","","F","","analitica","","","PVP sales 1 (96042); Storica Analitica visura per immobile - Catasto Fabbricati."
"visura-storica","AL","CASTELLETTO D'ORBA","7","795","","T","","analitica","","","PVP sales 1 (96042); Storica Analitica visura per immobile - Catasto Terreni."
"visura-storica","AL","CASTELLETTO D'ORBA","7","834","3","F","","analitica","","","PVP sales 3 (96042,953746,1119164); Storica Analitica visura per immobile - Catasto Fabbricati."
"visura-storica","AL","CASTELLETTO D'ORBA","7","834","4","F","","analitica","","","PVP sales 3 (96042,953746,1119164); Storica Analitica visura per immobile - Catasto Fabbricati."
"visura-storica","AL","CASTELLETTO D'ORBA","8","847","3","F","","analitica","","","PVP sales 1 (2179883); Storica Analitica visura per immobile - Catasto Fabbricati."
"visura-storica","AL","CASTELLETTO D'ORBA","8","847","4","F","","analitica","","","PVP sales 1 (2179883); Storica Analitica visura per immobile - Catasto Fabbricati."
"visura-storica","AL","CASTELLETTO D'ORBA","8","847","5","F","","analitica","","","PVP sales 1 (2179883); Storica Analitica visura per immobile - Catasto Fabbricati."
"visura-storica","AL","CASTELLETTO MERLI","11","197","","F","","analitica","","","PVP sales 1 (1725841); Storica Analitica visura per immobile - Catasto Fabbricati."
"visura-storica","AL","CASTELLETTO MERLI","11","197","","T","","analitica","","","PVP sales 1 (1725841); Storica Analitica visura per immobile - Catasto Terreni."
"visura-storica","AL","CASTELLETTO MERLI","11","301","2","F","","analitica","","","PVP sales 1 (1725841); Storica Analitica visura per immobile - Catasto Fabbricati."
"visura-storica","AL","CASTELLETTO MERLI","11","301","4","F","","analitica","","","PVP sales 1 (1725841); Storica Analitica visura per immobile - Catasto Fabbricati."
"visura-storica","AL","CASTELLETTO MERLI","7","206","","F","","analitica","","","PVP sales 1 (4246171); Storica Analitica visura per immobile - Catasto Fabbricati."
"visura-storica","AL","CASTELLETTO MERLI","7","206","","T","","analitica","","","PVP sales 1 (4246171); Storica Analitica visura per immobile - Catasto Terreni."
"visura-storica","AL","CASTELLETTO MERLI","7","207","","F","","analitica","","","PVP sales 1 (4246171); Storica Analitica visura per immobile - Catasto Fabbricati."
"visura-storica","AL","CASTELLETTO MERLI","7","207","","T","","analitica","","","PVP sales 1 (4246171); Storica Analitica visura per immobile - Catasto Terreni."
"visura-storica","AL","CASTELLETTO MERLI","7","208","","F","","analitica","","","PVP sales 1 (4246171); Storica Analitica visura per immobile - Catasto Fabbricati."
"visura-storica","AL","CASTELLETTO MERLI","7","208","","T","","analitica","","","PVP sales 1 (4246171); Storica Analitica visura per immobile - Catasto Terreni."
"visura-storica","AL","CASTELLETTO MERLI","7","328","","F","","analitica","","","PVP sales 1 (4246171); Storica Analitica visura per immobile - Catasto Fabbricati."
"visura-storica","AL","CASTELLETTO MERLI","7","328","","T","","analitica","","","PVP sales 1 (4246171); Storica Analitica visura per immobile - Catasto Terreni."
"visura-storica","AL","CASTELLETTO MERLI","7","332","1","F","","analitica","","","PVP sales 1 (4246171); Storica Analitica visura per immobile - Catasto Fabbricati."
"visura-storica","AL","CASTELLETTO MERLI","7","334","","F","","analitica","","","PVP sales 1 (4246171); Storica Analitica visura per immobile - Catasto Fabbricati."
"visura-storica","AL","CASTELLETTO MERLI","7","334","","T","","analitica","","","PVP sales 1 (4246171); Storica Analitica visura per immobile - Catasto Terreni."
"visura-storica","AL","CASTELLETTO MERLI","7","350","","F","","analitica","","","PVP sales 1 (4246171); Storica Analitica visura per immobile - Catasto Fabbricati."
"visura-storica","AL","CASTELLETTO MERLI","7","350","","T","","analitica","","","PVP sales 1 (4246171); Storica Analitica visura per immobile - Catasto Terreni."
"visura-storica","AL","CASTELLETTO MERLI","7","355","","F","","analitica","","","PVP sales 1 (4246171); Storica Analitica visura per immobile - Catasto Fabbricati."
"visura-storica","AL","CASTELLETTO MERLI","7","355","","T","","analitica","","","PVP sales 1 (4246171); Storica Analitica visura per immobile - Catasto Terreni."
"visura-storica","AL","CASTELLETTO MERLI","9","219","1","F","","analitica","","","PVP sales 1 (4430817); Storica Analitica visura per immobile - Catasto Fabbricati."
"visura-storica","AL","CASTELLETTO MERLI","9","220","","F","","analitica","","","PVP sales 1 (4430817); Storica Analitica visura per immobile - Catasto Fabbricati."
"visura-storica","AL","CASTELLETTO MERLI","9","220","","T","","analitica","","","PVP sales 1 (4430817); Storica Analitica visura per immobile - Catasto Terreni."
"visura-storica","AL","CASTELLETTO MERLI","9","222","","F","","analitica","","","PVP sales 1 (4430817); Storica Analitica visura per immobile - Catasto Fabbricati."
"visura-storica","AL","CASTELLETTO MERLI","9","222","","T","","analitica","","","PVP sales 1 (4430817); Storica Analitica visura per immobile - Catasto Terreni."
"visura-storica","AL","CASTELLETTO MERLI","9","444","","F","","analitica","","","PVP sales 1 (4430817); Storica Analitica visura per immobile - Catasto Fabbricati."
"visura-storica","AL","CASTELLETTO MERLI","9","444","","T","","analitica","","","PVP sales 1 (4430817); Storica Analitica visura per immobile - Catasto Terreni."
"visura-storica","AL","CASTELLETTO MONFERRATO","19","95","","F","","analitica","","","PVP sales 1 (1519976); Storica Analitica visura per immobile - Catasto Fabbricati."
"visura-storica","AL","CASTELLETTO MONFERRATO","19","95","","T","","analitica","","","PVP sales 1 (1519976); Storica Analitica visura per immobile - Catasto Terreni."
"visura-storica","AL","CASTELLETTO MONFERRATO","19","96","","F","","analitica","","","PVP sales 1 (1519976); Storica Analitica visura per immobile - Catasto Fabbricati."
"visura-storica","AL","CASTELLETTO MONFERRATO","19","96","","T","","analitica","","","PVP sales 1 (1519976); Storica Analitica visura per immobile - Catasto Terreni."
"visura-storica","AL","CASTELLETTO MONFERRATO","19","97","5","F","","analitica","","","PVP sales 1 (1519976); Storica Analitica visura per immobile - Catasto Fabbricati."
"visura-storica","AL","CASTELLETTO MONFERRATO","22","163","3","F","","analitica","","","PVP sales 2 (1712531,2062285); Storica Analitica visura per immobile - Catasto Fabbricati."
"visura-storica","AL","CASTELLETTO MONFERRATO","22","163","4","F","","analitica","","","PVP sales 2 (1712531,2062285); Storica Analitica visura per immobile - Catasto Fabbricati."
"visura-storica","AL","CASTELLETTO MONFERRATO","22","163","5","F","","analitica","","","PVP sales 2 (1712531,2062285); Storica Analitica visura per immobile - Catasto Fabbricati."
"visura-storica","AL","CASTELLETTO MONFERRATO","22","163","6","F","","analitica","","","PVP sales 2 (1712531,2062285); Storica Analitica visura per immobile - Catasto Fabbricati."
"visura-storica","AL","CASTELLETTO MONFERRATO","22","163","7","F","","analitica","","","PVP sales 2 (1712531,2062285); Storica Analitica visura per immobile - Catasto Fabbricati."
"visura-storica","AL","CASTELLETTO MONFERRATO","23","195","1","F","","analitica","","","PVP sales 1 (372154); Storica Analitica visura per immobile - Catasto Fabbricati."
"visura-storica","AL","CASTELLETTO MONFERRATO","23","511","2","F","","analitica","","","PVP sales 1 (372154); Storica Analitica visura per immobile - Catasto Fabbricati."
"visura-storica","AL","CASTELLETTO MONFERRATO","23","583","","F","","analitica","","","PVP sales 1 (349434); Storica Analitica visura per immobile - Catasto Fabbricati."
"visura-storica","AL","CASTELLETTO MONFERRATO","23","583","","T","","analitica","","","PVP sales 1 (349434); Storica Analitica visura per immobile - Catasto Terreni."
"visura-storica","AL","CASTELLETTO MONFERRATO","23","681","1","F","","analitica","","","PVP sales 1 (357796); Storica Analitica visura per immobile - Catasto Fabbricati."
"visura-storica","AL","CASTELLETTO MONFERRATO","23","681","2","F","","analitica","","","PVP sales 1 (357796); Storica Analitica visura per immobile - Catasto Fabbricati."
"visura-storica","AL","CASTELLETTO MONFERRATO","23","681","3","F","","analitica","","","PVP sales 1 (357796); Storica Analitica visura per immobile - Catasto Fabbricati."
"visura-storica","AL","CASTELLETTO MONFERRATO","28","330","1","F","","analitica","","","PVP sales 1 (1900474); Storica Analitica visura per immobile - Catasto Fabbricati."
"visura-storica","AL","CASTELLETTO MONFERRATO","28","330","2","F","","analitica","","","PVP sales 1 (1900474); Storica Analitica visura per immobile - Catasto Fabbricati."
"visura-storica","AL","CASTELNUOVO BORMIDA","10","183","","F","","analitica","","","PVP sales 3 (596200,791791,1493037); Storica Analitica visura per immobile - Catasto Fabbricati."
"visura-storica","AL","CASTELNUOVO BORMIDA","10","183","","T","","analitica","","","PVP sales 3 (596200,791791,1493037); Storica Analitica visura per immobile - Catasto Terreni."
"visura-storica","AL","CASTELNUOVO BORMIDA","10","366","1","F","","analitica","","","PVP sales 3 (596200,791791,1493037); Storica Analitica visura per immobile - Catasto Fabbricati."
"visura-storica","AL","CASTELNUOVO BORMIDA","10","366","2","F","","analitica","","","PVP sales 2 (791791,1493037); Storica Analitica visura per immobile - Catasto Fabbricati."
"visura-storica","AL","CASTELNUOVO BORMIDA","3","496","","F","","analitica","","","PVP sales 1 (607928); Storica Analitica visura per immobile - Catasto Fabbricati."
"visura-storica","AL","CASTELNUOVO BORMIDA","3","496","","T","","analitica","","","PVP sales 1 (607928); Storica Analitica visura per immobile - Catasto Terreni."
"visura-storica","AL","CASTELNUOVO BORMIDA","3","497","","F","","analitica","","","PVP sales 1 (607928); Storica Analitica visura per immobile - Catasto Fabbricati."
"visura-storica","AL","CASTELNUOVO BORMIDA","3","497","","T","","analitica","","","PVP sales 1 (607928); Storica Analitica visura per immobile - Catasto Terreni."
"visura-storica","AL","CASTELNUOVO BORMIDA","3","499","","F","","analitica","","","PVP sales 1 (607928); Storica Analitica visura per immobile - Catasto Fabbricati."
"visura-storica","AL","CASTELNUOVO BORMIDA","3","499","","T","","analitica","","","PVP sales 1 (607928); Storica Analitica visura per immobile - Catasto Terreni."
"visura-storica","AL","CASTELNUOVO BORMIDA","3","500","","F","","analitica","","","PVP sales 1 (607928); Storica Analitica visura per immobile - Catasto Fabbricati."
"visura-storica","AL","CASTELNUOVO BORMIDA","3","500","","T","","analitica","","","PVP sales 1 (607928); Storica Analitica visura per immobile - Catasto Terreni."
"visura-storica","AL","CASTELNUOVO BORMIDA","3","621","","F","","analitica","","","PVP sales 1 (431842); Storica Analitica visura per immobile - Catasto Fabbricati."
"visura-storica","AL","CASTELNUOVO BORMIDA","3","621","","T","","analitica","","","PVP sales 1 (431842); Storica Analitica visura per immobile - Catasto Terreni."
"visura-storica","AL","CASTELNUOVO BORMIDA","3","622","","F","","analitica","","","PVP sales 1 (431842); Storica Analitica visura per immobile - Catasto Fabbricati."
"visura-storica","AL","CASTELNUOVO BORMIDA","3","622","","T","","analitica","","","PVP sales 1 (431842); Storica Analitica visura per immobile - Catasto Terreni."
"visura-storica","AL","CASTELNUOVO BORMIDA","3","624","2","F","","analitica","","","PVP sales 1 (607928); Storica Analitica visura per immobile - Catasto Fabbricati."
"visura-storica","AL","CASTELNUOVO BORMIDA","3","624","4","F","","analitica","","","PVP sales 1 (607928); Storica Analitica visura per immobile - Catasto Fabbricati."
"visura-storica","AL","CASTELNUOVO BORMIDA","3","624","6","F","","analitica","","","PVP sales 1 (607928); Storica Analitica visura per immobile - Catasto Fabbricati."
"visura-storica","AL","CASTELNUOVO BORMIDA","3","643","","F","","analitica","","","PVP sales 5 (1750050,2071749,2139366,2241460,4268316); Storica Analitica visura per immobile - Catasto Fabbricati."
"visura-storica","AL","CASTELNUOVO BORMIDA","3","643","","T","","analitica","","","PVP sales 5 (1750050,2071749,2139366,2241460,4268316); Storica Analitica visura per immobile - Catasto Terreni."
"visura-storica","AL","CASTELNUOVO BORMIDA","3","644","","F","","analitica","","","PVP sales 5 (1750050,2071749,2139366,2241460,4268316); Storica Analitica visura per immobile - Catasto Fabbricati."
"visura-storica","AL","CASTELNUOVO BORMIDA","3","644","","T","","analitica","","","PVP sales 5 (1750050,2071749,2139366,2241460,4268316); Storica Analitica visura per immobile - Catasto Terreni."
"visura-storica","AL","CASTELNUOVO BORMIDA","3","645","","F","","analitica","","","PVP sales 5 (1750050,2071749,2139366,2241460,4268316); Storica Analitica visura per immobile - Catasto Fabbricati."
"visura-storica","AL","CASTELNUOVO BORMIDA","3","645","","T","","analitica","","","PVP sales 5 (1750050,2071749,2139366,2241460,4268316); Storica Analitica visura per immobile - Catasto Terreni."
"visura-storica","AL","CASTELNUOVO BORMIDA","3","646","","F","","analitica","","","PVP sales 5 (1750050,2071749,2139366,2241460,4268316); Storica Analitica visura per immobile - Catasto Fabbricati."
"visura-storica","AL","CASTELNUOVO BORMIDA","3","646","","T","","analitica","","","PVP sales 5 (1750050,2071749,2139366,2241460,4268316); Storica Analitica visura per immobile - Catasto Terreni."
"visura-storica","AL","CASTELNUOVO BORMIDA","3","647","","F","","analitica","","","PVP sales 5 (1750050,2071749,2139366,2241460,4268316); Storica Analitica visura per immobile - Catasto Fabbricati."
"visura-storica","AL","CASTELNUOVO BORMIDA","3","647","","T","","analitica","","","PVP sales 5 (1750050,2071749,2139366,2241460,4268316); Storica Analitica visura per immobile - Catasto Terreni."
"visura-storica","AL","CASTELNUOVO BORMIDA","3","648","","F","","analitica","","","PVP sales 5 (1750050,2071749,2139366,2241460,4268316); Storica Analitica visura per immobile - Catasto Fabbricati."
"visura-storica","AL","CASTELNUOVO BORMIDA","3","648","","T","","analitica","","","PVP sales 5 (1750050,2071749,2139366,2241460,4268316); Storica Analitica visura per immobile - Catasto Terreni."
"visura-storica","AL","CASTELNUOVO BORMIDA","6","1101","","F","","analitica","","","PVP sales 1 (2227768); Storica Analitica visura per immobile - Catasto Fabbricati."
"visura-storica","AL","CASTELNUOVO BORMIDA","6","1101","","T","","analitica","","","PVP sales 1 (2227768); Storica Analitica visura per immobile - Catasto Terreni."
"visura-storica","AL","CASTELNUOVO BORMIDA","6","1139","","F","","analitica","","","PVP sales 3 (4428402,4495911,4549928); Storica Analitica visura per immobile - Catasto Fabbricati."
"visura-storica","AL","CASTELNUOVO BORMIDA","6","1139","","T","","analitica","","","PVP sales 3 (4428402,4495911,4549928); Storica Analitica visura per immobile - Catasto Terreni."
"visura-storica","AL","CASTELNUOVO BORMIDA","6","1141","","F","","analitica","","","PVP sales 3 (4428214,4495899,4549884); Storica Analitica visura per immobile - Catasto Fabbricati."
"visura-storica","AL","CASTELNUOVO BORMIDA","6","1141","","T","","analitica","","","PVP sales 3 (4428214,4495899,4549884); Storica Analitica visura per immobile - Catasto Terreni."
"visura-storica","AL","CASTELNUOVO BORMIDA","6","16","10","F","","analitica","","","PVP sales 1 (1157892); Storica Analitica visura per immobile - Catasto Fabbricati."
"visura-storica","AL","CASTELNUOVO BORMIDA","6","16","11","F","","analitica","","","PVP sales 2 (1157897,1492982); Storica Analitica visura per immobile - Catasto Fabbricati."
"visura-storica","AL","CASTELNUOVO BORMIDA","6","16","20","F","","analitica","","","PVP sales 1 (469476); Storica Analitica visura per immobile - Catasto Fabbricati."
"visura-storica","AL","CASTELNUOVO BORMIDA","6","16","21","F","","analitica","","","PVP sales 1 (469533); Storica Analitica visura per immobile - Catasto Fabbricati."
"visura-storica","AL","CASTELNUOVO BORMIDA","6","16","27","F","","analitica","","","PVP sales 2 (1157876,1492975); Storica Analitica visura per immobile - Catasto Fabbricati."
"visura-storica","AL","CASTELNUOVO BORMIDA","6","16","33","F","","analitica","","","PVP sales 1 (1157892); Storica Analitica visura per immobile - Catasto Fabbricati."
"visura-storica","AL","CASTELNUOVO BORMIDA","6","16","35","F","","analitica","","","PVP sales 2 (1157897,1492982); Storica Analitica visura per immobile - Catasto Fabbricati."
"visura-storica","AL","CASTELNUOVO BORMIDA","6","16","9","F","","analitica","","","PVP sales 2 (1157876,1492975); Storica Analitica visura per immobile - Catasto Fabbricati."
"visura-storica","AL","CASTELNUOVO BORMIDA","6","171","1","F","","analitica","","","PVP sales 1 (360872); Storica Analitica visura per immobile - Catasto Fabbricati."
"visura-storica","AL","CASTELNUOVO BORMIDA","6","35","","F","","analitica","","","PVP sales 1 (4249541); Storica Analitica visura per immobile - Catasto Fabbricati."
"visura-storica","AL","CASTELNUOVO BORMIDA","6","35","","T","","analitica","","","PVP sales 1 (4249541); Storica Analitica visura per immobile - Catasto Terreni."
"visura-storica","AL","CASTELNUOVO BORMIDA","6","364","1","F","","analitica","","","PVP sales 1 (4210294); Storica Analitica visura per immobile - Catasto Fabbricati."
"visura-storica","AL","CASTELNUOVO BORMIDA","6","364","2","F","","analitica","","","PVP sales 1 (4210294); Storica Analitica visura per immobile - Catasto Fabbricati."
"visura-storica","AL","CASTELNUOVO BORMIDA","6","364","3","F","","analitica","","","PVP sales 1 (4210294); Storica Analitica visura per immobile - Catasto Fabbricati."
"visura-storica","AL","CASTELNUOVO BORMIDA","6","496","10","F","","analitica","","","PVP sales 1 (1470172); Storica Analitica visura per immobile - Catasto Fabbricati."
"visura-storica","AL","CASTELNUOVO BORMIDA","6","496","2","F","","analitica","","","PVP sales 1 (1470172); Storica Analitica visura per immobile - Catasto Fabbricati."
"visura-storica","AL","CASTELNUOVO BORMIDA","6","61","","F","","analitica","","","PVP sales 3 (4428214,4495899,4549884); Storica Analitica visura per immobile - Catasto Fabbricati."
"visura-storica","AL","CASTELNUOVO BORMIDA","6","61","","T","","analitica","","","PVP sales 3 (4428214,4495899,4549884); Storica Analitica visura per immobile - Catasto Terreni."
"visura-storica","AL","CASTELNUOVO SCRIVIA","11","216","2","F","","analitica","","","PVP sales 2 (4463673,4515833); Storica Analitica visura per immobile - Catasto Fabbricati."
"visura-storica","AL","CASTELNUOVO SCRIVIA","11","216","3","F","","analitica","","","PVP sales 2 (4463673,4515833); Storica Analitica visura per immobile - Catasto Fabbricati."
"visura-storica","AL","CASTELNUOVO SCRIVIA","11","216","4","F","","analitica","","","PVP sales 2 (4463673,4515833); Storica Analitica visura per immobile - Catasto Fabbricati."
"visura-storica","AL","CASTELNUOVO SCRIVIA","11","44","","F","","analitica","","","PVP sales 1 (4463666); Storica Analitica visura per immobile - Catasto Fabbricati."
"visura-storica","AL","CASTELNUOVO SCRIVIA","11","44","","T","","analitica","","","PVP sales 1 (4463666); Storica Analitica visura per immobile - Catasto Terreni."
"visura-storica","AL","CASTELNUOVO SCRIVIA","22","79","","F","","analitica","","","PVP sales 3 (206039,457401,681921); Storica Analitica visura per immobile - Catasto Fabbricati."
"visura-storica","AL","CASTELNUOVO SCRIVIA","22","79","","T","","analitica","","","PVP sales 3 (206039,457401,681921); Storica Analitica visura per immobile - Catasto Terreni."
"visura-storica","AL","CASTELNUOVO SCRIVIA","26","274","15","F","","analitica","","","PVP sales 1 (951452); Storica Analitica visura per immobile - Catasto Fabbricati."
"visura-storica","AL","CASTELNUOVO SCRIVIA","26","334","11","F","","analitica","","","PVP sales 2 (918503,971845); Storica Analitica visura per immobile - Catasto Fabbricati."
"visura-storica","AL","CASTELNUOVO SCRIVIA","26","500","8","F","","analitica","","","PVP sales 2 (918503,971845); Storica Analitica visura per immobile - Catasto Fabbricati."
"visura-storica","AL","CASTELNUOVO SCRIVIA","26","878","","F","","analitica","","","PVP sales 1 (1596582); Storica Analitica visura per immobile - Catasto Fabbricati."
"visura-storica","AL","CASTELNUOVO SCRIVIA","26","878","","T","","analitica","","","PVP sales 1 (1596582); Storica Analitica visura per immobile - Catasto Terreni."
"visura-storica","AL","CASTELNUOVO SCRIVIA","27","293","6","F","","analitica","","","PVP sales 1 (833176); Storica Analitica visura per immobile - Catasto Fabbricati."
"visura-storica","AL","CASTELNUOVO SCRIVIA","27","296","7","F","","analitica","","","PVP sales 1 (833176); Storica Analitica visura per immobile - Catasto Fabbricati."
"visura-storica","AL","CASTELNUOVO SCRIVIA","29","214","4","F","","analitica","","","PVP sales 1 (4527596); Storica Analitica visura per immobile - Catasto Fabbricati."
"visura-storica","AL","CASTELNUOVO SCRIVIA","29","255","5","F","","analitica","","","PVP sales 1 (4527596); Storica Analitica visura per immobile - Catasto Fabbricati."
"visura-storica","AL","CASTELNUOVO SCRIVIA","3","561","1","F","","analitica","","","PVP sales 1 (1700983); Storica Analitica visura per immobile - Catasto Fabbricati."
"visura-storica","AL","CASTELNUOVO SCRIVIA","30","561","1","F","","analitica","","","PVP sales 4 (1440860,1566640,1812580,1896756); Storica Analitica visura per immobile - Catasto Fabbricati."
"visura-storica","AL","CASTELNUOVO SCRIVIA","30","561","2","F","","analitica","","","PVP sales 5 (1440860,1566640,1700983,1812580,1896756); Storica Analitica visura per immobile - Catasto Fabbricati."
"visura-storica","AL","CASTELNUOVO SCRIVIA","30","561","3","F","","analitica","","","PVP sales 5 (1440860,1566640,1700983,1812580,1896756); Storica Analitica visura per immobile - Catasto Fabbricati."
"visura-storica","AL","CASTELNUOVO SCRIVIA","30","561","4","F","","analitica","","","PVP sales 5 (1440860,1566640,1700983,1812580,1896756); Storica Analitica visura per immobile - Catasto Fabbricati."
"visura-storica","AL","CASTELNUOVO SCRIVIA","55","2855","4","F","","analitica","","","PVP sales 1 (4543981); Storica Analitica visura per immobile - Catasto Fabbricati."
"visura-storica","AL","CASTELNUOVO SCRIVIA","55","3116","4","F","","analitica","","","PVP sales 1 (4543981); Storica Analitica visura per immobile - Catasto Fabbricati."
"visura-storica","AL","CASTELNUOVO SCRIVIA","55","3116","5","F","","analitica","","","PVP sales 1 (4543981); Storica Analitica visura per immobile - Catasto Fabbricati."
"visura-storica","AL","CASTELNUOVO SCRIVIA","55","3253","33","F","","analitica","","","PVP sales 3 (4361288,4426543,4485644); Storica Analitica visura per immobile - Catasto Fabbricati."
"visura-storica","AL","CASTELNUOVO SCRIVIA","55","3276","12","F","","analitica","","","PVP sales 1 (4458557); Storica Analitica visura per immobile - Catasto Fabbricati."
"visura-storica","AL","CASTELNUOVO SCRIVIA","55","3276","9","F","","analitica","","","PVP sales 1 (4458557); Storica Analitica visura per immobile - Catasto Fabbricati."
"visura-storica","AL","CASTELNUOVO SCRIVIA","55","3277","1","F","","analitica","","","PVP sales 1 (4458557); Storica Analitica visura per immobile - Catasto Fabbricati."
"visura-storica","AL","CASTELNUOVO SCRIVIA","55","374","13","F","","analitica","","","PVP sales 1 (2071832); Storica Analitica visura per immobile - Catasto Fabbricati."
"visura-storica","AL","CASTELNUOVO SCRIVIA","55","374","14","F","","analitica","","","PVP sales 1 (2071832); Storica Analitica visura per immobile - Catasto Fabbricati."
"visura-storica","AL","CASTELNUOVO SCRIVIA","55","374","15","F","","analitica","","","PVP sales 1 (2071832); Storica Analitica visura per immobile - Catasto Fabbricati."
"visura-storica","AL","CASTELNUOVO SCRIVIA","55","397","3","F","","analitica","","","PVP sales 3 (2002158,2068312,2160710); Storica Analitica visura per immobile - Catasto Fabbricati."
"visura-storica","AL","CASTELNUOVO SCRIVIA","55","397","4","F","","analitica","","","PVP sales 3 (2002158,2068312,2160710); Storica Analitica visura per immobile - Catasto Fabbricati."
"visura-storica","AL","CASTELNUOVO SCRIVIA","55","468","3","F","","analitica","","","PVP sales 1 (4543981); Storica Analitica visura per immobile - Catasto Fabbricati."
"visura-storica","AL","CASTELNUOVO SCRIVIA","55","639","","F","","analitica","","","PVP sales 2 (4465128,4516206); Storica Analitica visura per immobile - Catasto Fabbricati."
"visura-storica","AL","CASTELNUOVO SCRIVIA","55","639","","T","","analitica","","","PVP sales 2 (4465128,4516206); Storica Analitica visura per immobile - Catasto Terreni."
"visura-storica","AL","CASTELNUOVO SCRIVIA","6","126","4","F","","analitica","","","PVP sales 2 (4366827,4432955); Storica Analitica visura per immobile - Catasto Fabbricati."
"visura-storica","AL","CASTELNUOVO SCRIVIA","6","126","7","F","","analitica","","","PVP sales 2 (4366827,4432955); Storica Analitica visura per immobile - Catasto Fabbricati."
"visura-storica","AL","CASTELNUOVO SCRIVIA","6","128","","F","","analitica","","","PVP sales 1 (4366827); Storica Analitica visura per immobile - Catasto Fabbricati."
"visura-storica","AL","CASTELNUOVO SCRIVIA","6","128","","T","","analitica","","","PVP sales 2 (4366827,4432955); Storica Analitica visura per immobile - Catasto Terreni."
"visura-storica","AL","CASTELSPINA","2","138","","F","","analitica","","","PVP sales 2 (2122974,4268945); Storica Analitica visura per immobile - Catasto Fabbricati."
"visura-storica","AL","CASTELSPINA","2","138","","T","","analitica","","","PVP sales 2 (2122974,4268945); Storica Analitica visura per immobile - Catasto Terreni."
"visura-storica","AL","CASTELSPINA","2","158","","F","","analitica","","","PVP sales 5 (351140,528973,4397959,4465601,4524300); Storica Analitica visura per immobile - Catasto Fabbricati."
"visura-storica","AL","CASTELSPINA","2","158","","T","","analitica","","","PVP sales 5 (351140,528973,4397959,4465601,4524300); Storica Analitica visura per immobile - Catasto Terreni."
"visura-storica","AL","CASTELSPINA","2","363","1","F","","analitica","","","PVP sales 1 (1902407); Storica Analitica visura per immobile - Catasto Fabbricati."
"visura-storica","AL","CERESETO","6","171","","F","","analitica","","","PVP sales 2 (1076501,2137531); Storica Analitica visura per immobile - Catasto Fabbricati."
"visura-storica","AL","CERESETO","6","171","","T","","analitica","","","PVP sales 2 (1076501,2137531); Storica Analitica visura per immobile - Catasto Terreni."
"visura-storica","AL","CERESETO","6","173","","F","","analitica","","","PVP sales 2 (1076501,2137531); Storica Analitica visura per immobile - Catasto Fabbricati."
"visura-storica","AL","CERESETO","6","173","","T","","analitica","","","PVP sales 2 (1076501,2137531); Storica Analitica visura per immobile - Catasto Terreni."
"visura-storica","AL","CERESETO","6","174","","F","","analitica","","","PVP sales 2 (1076501,2137531); Storica Analitica visura per immobile - Catasto Fabbricati."
"visura-storica","AL","CERESETO","6","174","","T","","analitica","","","PVP sales 2 (1076501,2137531); Storica Analitica visura per immobile - Catasto Terreni."
"visura-storica","AL","CERESETO","6","175","","F","","analitica","","","PVP sales 2 (1076501,2137531); Storica Analitica visura per immobile - Catasto Fabbricati."
"visura-storica","AL","CERESETO","6","175","","T","","analitica","","","PVP sales 2 (1076501,2137531); Storica Analitica visura per immobile - Catasto Terreni."
"visura-storica","AL","CERESETO","6","176","","F","","analitica","","","PVP sales 2 (1076501,2137531); Storica Analitica visura per immobile - Catasto Fabbricati."
"visura-storica","AL","CERESETO","6","176","","T","","analitica","","","PVP sales 2 (1076501,2137531); Storica Analitica visura per immobile - Catasto Terreni."
"visura-storica","AL","CERESETO","6","177","","F","","analitica","","","PVP sales 2 (1076501,2137531); Storica Analitica visura per immobile - Catasto Fabbricati."
"visura-storica","AL","CERESETO","6","177","","T","","analitica","","","PVP sales 2 (1076501,2137531); Storica Analitica visura per immobile - Catasto Terreni."
"visura-storica","AL","CERESETO","6","178","","F","","analitica","","","PVP sales 2 (1076501,2137531); Storica Analitica visura per immobile - Catasto Fabbricati."
"visura-storica","AL","CERESETO","6","178","","T","","analitica","","","PVP sales 2 (1076501,2137531); Storica Analitica visura per immobile - Catasto Terreni."
"visura-storica","AL","CERESETO","6","179","","F","","analitica","","","PVP sales 2 (1076501,2137531); Storica Analitica visura per immobile - Catasto Fabbricati."
"visura-storica","AL","CERESETO","6","179","","T","","analitica","","","PVP sales 2 (1076501,2137531); Storica Analitica visura per immobile - Catasto Terreni."
"visura-storica","AL","CERESETO","6","180","","F","","analitica","","","PVP sales 2 (1076501,2137531); Storica Analitica visura per immobile - Catasto Fabbricati."
"visura-storica","AL","CERESETO","6","180","","T","","analitica","","","PVP sales 2 (1076501,2137531); Storica Analitica visura per immobile - Catasto Terreni."
"visura-storica","AL","CERESETO","6","181","","F","","analitica","","","PVP sales 2 (1076501,2137531); Storica Analitica visura per immobile - Catasto Fabbricati."
"visura-storica","AL","CERESETO","6","181","","T","","analitica","","","PVP sales 2 (1076501,2137531); Storica Analitica visura per immobile - Catasto Terreni."
"visura-storica","AL","CERESETO","6","224","","F","","analitica","","","PVP sales 2 (1076501,2137531); Storica Analitica visura per immobile - Catasto Fabbricati."
"visura-storica","AL","CERESETO","6","224","","T","","analitica","","","PVP sales 2 (1076501,2137531); Storica Analitica visura per immobile - Catasto Terreni."
"visura-storica","AL","CERESETO","6","226","","F","","analitica","","","PVP sales 2 (1076501,2137531); Storica Analitica visura per immobile - Catasto Fabbricati."
"visura-storica","AL","CERESETO","6","226","","T","","analitica","","","PVP sales 2 (1076501,2137531); Storica Analitica visura per immobile - Catasto Terreni."
"visura-storica","AL","CERESETO","6","228","","F","","analitica","","","PVP sales 2 (1076501,2137531); Storica Analitica visura per immobile - Catasto Fabbricati."
"visura-storica","AL","CERESETO","6","228","","T","","analitica","","","PVP sales 2 (1076501,2137531); Storica Analitica visura per immobile - Catasto Terreni."
"visura-storica","AL","CERESETO","6","275","","F","","analitica","","","PVP sales 2 (1076501,2137531); Storica Analitica visura per immobile - Catasto Fabbricati."
"visura-storica","AL","CERESETO","6","275","","T","","analitica","","","PVP sales 2 (1076501,2137531); Storica Analitica visura per immobile - Catasto Terreni."
"visura-storica","AL","CERESETO","6","276","","F","","analitica","","","PVP sales 2 (1076501,2137531); Storica Analitica visura per immobile - Catasto Fabbricati."
"visura-storica","AL","CERESETO","6","276","","T","","analitica","","","PVP sales 2 (1076501,2137531); Storica Analitica visura per immobile - Catasto Terreni."
"visura-storica","AL","CERESETO","8","216","2","F","","analitica","","","PVP sales 1 (4459990); Storica Analitica visura per immobile - Catasto Fabbricati."
"visura-storica","AL","CERESETO","8","217","","F","","analitica","","","PVP sales 1 (4459990); Storica Analitica visura per immobile - Catasto Fabbricati."
"visura-storica","AL","CERESETO","8","217","","T","","analitica","","","PVP sales 1 (4459990); Storica Analitica visura per immobile - Catasto Terreni."
"visura-storica","AL","CERRINA MONFERRATO","11","62","21","F","","analitica","","","PVP sales 3 (4249514,4471331,4525507); Storica Analitica visura per immobile - Catasto Fabbricati."
"visura-storica","AL","CERRINA MONFERRATO","11","62","47","F","","analitica","","","PVP sales 3 (4249514,4471331,4525507); Storica Analitica visura per immobile - Catasto Fabbricati."
"visura-storica","AL","CONIOLO","9","621","","F","","analitica","","","PVP sales 1 (969255); Storica Analitica visura per immobile - Catasto Fabbricati."
"visura-storica","AL","CONIOLO","9","621","","T","","analitica","","","PVP sales 1 (969255); Storica Analitica visura per immobile - Catasto Terreni."
"visura-storica","AL","CONZANO","3","175","10","F","","analitica","","","PVP sales 1 (4435906); Storica Analitica visura per immobile - Catasto Fabbricati."
"visura-storica","AL","CONZANO","3","175","7","F","","analitica","","","PVP sales 2 (4435906,4526902); Storica Analitica visura per immobile - Catasto Fabbricati."
"visura-storica","AL","CONZANO","3","175","8","F","","analitica","","","PVP sales 2 (4435906,4526902); Storica Analitica visura per immobile - Catasto Fabbricati."
"visura-storica","AL","CONZANO","3","175","9","F","","analitica","","","PVP sales 2 (4435906,4526902); Storica Analitica visura per immobile - Catasto Fabbricati."
"visura-storica","AL","CREMOLINO","1","254","1","F","","analitica","","","PVP sales 1 (1158510); Storica Analitica visura per immobile - Catasto Fabbricati."
"visura-storica","AL","CREMOLINO","1","254","2","F","","analitica","","","PVP sales 1 (1158510); Storica Analitica visura per immobile - Catasto Fabbricati."
"visura-storica","AL","CREMOLINO","1","255","","F","","analitica","","","PVP sales 1 (1158510); Storica Analitica visura per immobile - Catasto Fabbricati."
"visura-storica","AL","CREMOLINO","1","255","","T","","analitica","","","PVP sales 1 (1158510); Storica Analitica visura per immobile - Catasto Terreni."
"visura-storica","AL","CREMOLINO","15","268","","F","","analitica","","","PVP sales 1 (2218688); Storica Analitica visura per immobile - Catasto Fabbricati."
"visura-storica","AL","CREMOLINO","15","268","","T","","analitica","","","PVP sales 1 (2218688); Storica Analitica visura per immobile - Catasto Terreni."
"visura-storica","AL","CREMOLINO","15","269","","F","","analitica","","","PVP sales 1 (2218688); Storica Analitica visura per immobile - Catasto Fabbricati."
"visura-storica","AL","CREMOLINO","15","269","","T","","analitica","","","PVP sales 1 (2218688); Storica Analitica visura per immobile - Catasto Terreni."
"visura-storica","AL","CREMOLINO","15","270","","F","","analitica","","","PVP sales 1 (2218688); Storica Analitica visura per immobile - Catasto Fabbricati."
"visura-storica","AL","CREMOLINO","15","270","","T","","analitica","","","PVP sales 1 (2218688); Storica Analitica visura per immobile - Catasto Terreni."
"visura-storica","AL","CREMOLINO","15","271","","F","","analitica","","","PVP sales 1 (2218688); Storica Analitica visura per immobile - Catasto Fabbricati."
"visura-storica","AL","CREMOLINO","15","271","","T","","analitica","","","PVP sales 1 (2218688); Storica Analitica visura per immobile - Catasto Terreni."
"visura-storica","AL","CREMOLINO","15","272","","F","","analitica","","","PVP sales 1 (2218688); Storica Analitica visura per immobile - Catasto Fabbricati."
"visura-storica","AL","CREMOLINO","15","272","","T","","analitica","","","PVP sales 1 (2218688); Storica Analitica visura per immobile - Catasto Terreni."
"visura-storica","AL","CREMOLINO","15","64","","F","","analitica","","","PVP sales 1 (2218688); Storica Analitica visura per immobile - Catasto Fabbricati."
"visura-storica","AL","CREMOLINO","15","64","","T","","analitica","","","PVP sales 1 (2218688); Storica Analitica visura per immobile - Catasto Terreni."
"visura-storica","AL","CREMOLINO","15","67","","F","","analitica","","","PVP sales 1 (2218688); Storica Analitica visura per immobile - Catasto Fabbricati."
"visura-storica","AL","CREMOLINO","15","67","","T","","analitica","","","PVP sales 1 (2218688); Storica Analitica visura per immobile - Catasto Terreni."
"visura-storica","AL","CREMOLINO","15","67","1","F","","analitica","","","PVP sales 1 (2218688); Storica Analitica visura per immobile - Catasto Fabbricati."
"visura-storica","AL","CREMOLINO","15","68","","F","","analitica","","","PVP sales 1 (2218688); Storica Analitica visura per immobile - Catasto Fabbricati."
"visura-storica","AL","CREMOLINO","15","68","","T","","analitica","","","PVP sales 1 (2218688); Storica Analitica visura per immobile - Catasto Terreni."
"visura-storica","AL","CREMOLINO","15","70","","F","","analitica","","","PVP sales 1 (2218688); Storica Analitica visura per immobile - Catasto Fabbricati."
"visura-storica","AL","CREMOLINO","15","70","","T","","analitica","","","PVP sales 1 (2218688); Storica Analitica visura per immobile - Catasto Terreni."
"visura-storica","AL","CREMOLINO","7","295","1","F","","analitica","","","PVP sales 1 (2167467); Storica Analitica visura per immobile - Catasto Fabbricati."
"visura-storica","AL","FABBRICA CURONE","11","505","3","F","","analitica","","","PVP sales 3 (4406617,4464772,4524338); Storica Analitica visura per immobile - Catasto Fabbricati."
"visura-storica","AL","FABBRICA CURONE","11","505","4","F","","analitica","","","PVP sales 3 (4406617,4464772,4524338); Storica Analitica visura per immobile - Catasto Fabbricati."
"visura-storica","AL","FABBRICA CURONE","11","505","6","F","","analitica","","","PVP sales 3 (4406617,4464772,4524338); Storica Analitica visura per immobile - Catasto Fabbricati."
"visura-storica","AL","FABBRICA CURONE","11","505","7","F","","analitica","","","PVP sales 3 (4406617,4464772,4524338); Storica Analitica visura per immobile - Catasto Fabbricati."
"visura-storica","AL","FABBRICA CURONE","32","656","","F","","analitica","","","PVP sales 2 (1663675,2105655); Storica Analitica visura per immobile - Catasto Fabbricati."
"visura-storica","AL","FABBRICA CURONE","32","656","","T","","analitica","","","PVP sales 2 (1663675,2105655); Storica Analitica visura per immobile - Catasto Terreni."
"visura-storica","AL","FABBRICA CURONE","32","700","1","F","","analitica","","","PVP sales 3 (1663096,1781371,2105622); Storica Analitica visura per immobile - Catasto Fabbricati."
"visura-storica","AL","FABBRICA CURONE","32","700","2","F","","analitica","","","PVP sales 3 (1663096,1781371,2105622); Storica Analitica visura per immobile - Catasto Fabbricati."
"visura-storica","AL","FELIZZANO","11","15","","F","","analitica","","","PVP sales 2 (1559886,1685246); Storica Analitica visura per immobile - Catasto Fabbricati."
"visura-storica","AL","FELIZZANO","11","15","","T","","analitica","","","PVP sales 2 (1559886,1685246); Storica Analitica visura per immobile - Catasto Terreni."
"visura-storica","AL","FELIZZANO","11","224","","F","","analitica","","","PVP sales 2 (1559886,1685246); Storica Analitica visura per immobile - Catasto Fabbricati."
"visura-storica","AL","FELIZZANO","11","224","","T","","analitica","","","PVP sales 2 (1559886,1685246); Storica Analitica visura per immobile - Catasto Terreni."
"visura-storica","AL","FELIZZANO","16","194","23","F","","analitica","","","PVP sales 1 (350152); Storica Analitica visura per immobile - Catasto Fabbricati."
"visura-storica","AL","FELIZZANO","16","194","32","F","","analitica","","","PVP sales 1 (350152); Storica Analitica visura per immobile - Catasto Fabbricati."
"visura-storica","AL","FELIZZANO","18","201","","F","","analitica","","","PVP sales 1 (1154589); Storica Analitica visura per immobile - Catasto Fabbricati."
"visura-storica","AL","FELIZZANO","18","201","","T","","analitica","","","PVP sales 1 (1154589); Storica Analitica visura per immobile - Catasto Terreni."
"visura-storica","AL","FELIZZANO","18","204","","F","","analitica","","","PVP sales 1 (1154589); Storica Analitica visura per immobile - Catasto Fabbricati."
"visura-storica","AL","FELIZZANO","18","204","","T","","analitica","","","PVP sales 1 (1154589); Storica Analitica visura per immobile - Catasto Terreni."
"visura-storica","AL","FELIZZANO","18","205","","F","","analitica","","","PVP sales 1 (1154589); Storica Analitica visura per immobile - Catasto Fabbricati."
"visura-storica","AL","FELIZZANO","18","205","","T","","analitica","","","PVP sales 1 (1154589); Storica Analitica visura per immobile - Catasto Terreni."
"visura-storica","AL","FELIZZANO","18","387","","F","","analitica","","","PVP sales 1 (1154589); Storica Analitica visura per immobile - Catasto Fabbricati."
"visura-storica","AL","FELIZZANO","18","387","","T","","analitica","","","PVP sales 1 (1154589); Storica Analitica visura per immobile - Catasto Terreni."
"visura-storica","AL","FELIZZANO","18","388","","F","","analitica","","","PVP sales 1 (1154589); Storica Analitica visura per immobile - Catasto Fabbricati."
"visura-storica","AL","FELIZZANO","18","388","","T","","analitica","","","PVP sales 1 (1154589); Storica Analitica visura per immobile - Catasto Terreni."
"visura-storica","AL","FELIZZANO","18","389","","F","","analitica","","","PVP sales 1 (1154589); Storica Analitica visura per immobile - Catasto Fabbricati."
"visura-storica","AL","FELIZZANO","18","389","","T","","analitica","","","PVP sales 1 (1154589); Storica Analitica visura per immobile - Catasto Terreni."
"visura-storica","AL","FELIZZANO","18","390","","F","","analitica","","","PVP sales 1 (1154589); Storica Analitica visura per immobile - Catasto Fabbricati."
"visura-storica","AL","FELIZZANO","18","390","","T","","analitica","","","PVP sales 1 (1154589); Storica Analitica visura per immobile - Catasto Terreni."
"visura-storica","AL","FELIZZANO","19","162","","F","","analitica","","","PVP sales 1 (791814); Storica Analitica visura per immobile - Catasto Fabbricati."
"visura-storica","AL","FELIZZANO","19","162","","T","","analitica","","","PVP sales 1 (791814); Storica Analitica visura per immobile - Catasto Terreni."
"visura-storica","AL","FELIZZANO","21","158","","F","","analitica","","","PVP sales 4 (1524570,1648365,1764025,1880872); Storica Analitica visura per immobile - Catasto Fabbricati."
"visura-storica","AL","FELIZZANO","21","158","","T","","analitica","","","PVP sales 4 (1524570,1648365,1764025,1880872); Storica Analitica visura per immobile - Catasto Terreni."
"visura-storica","AL","FELIZZANO","21","159","1","F","","analitica","","","PVP sales 4 (1524487,1647285,1763971,1880682); Storica Analitica visura per immobile - Catasto Fabbricati."
"visura-storica","AL","FELIZZANO","21","417","8","F","","analitica","","","PVP sales 1 (345863); Storica Analitica visura per immobile - Catasto Fabbricati."
"visura-storica","AL","FELIZZANO","21","417","9","F","","analitica","","","PVP sales 1 (345863); Storica Analitica visura per immobile - Catasto Fabbricati."
"visura-storica","AL","FELIZZANO","21","42","","F","","analitica","","","PVP sales 4 (1524469,1647228,1763907,1870367); Storica Analitica visura per immobile - Catasto Fabbricati."
"visura-storica","AL","FELIZZANO","21","42","","T","","analitica","","","PVP sales 4 (1524469,1647228,1763907,1870367); Storica Analitica visura per immobile - Catasto Terreni."
"visura-storica","AL","FELIZZANO","21","45","1","F","","analitica","","","PVP sales 2 (587319,869003); Storica Analitica visura per immobile - Catasto Fabbricati."
"visura-storica","AL","FELIZZANO","21","45","2","F","","analitica","","","PVP sales 3 (387539,587319,869003); Storica Analitica visura per immobile - Catasto Fabbricati."
"visura-storica","AL","FELIZZANO","21","45","3","F","","analitica","","","PVP sales 3 (387539,587319,869003); Storica Analitica visura per immobile - Catasto Fabbricati."
"visura-storica","AL","FELIZZANO","21","46","1","F","","analitica","","","PVP sales 3 (387539,587319,869003); Storica Analitica visura per immobile - Catasto Fabbricati."
"visura-storica","AL","FELIZZANO","21","46","2","F","","analitica","","","PVP sales 3 (387539,587319,869003); Storica Analitica visura per immobile - Catasto Fabbricati."
"visura-storica","AL","FELIZZANO","21","46","3","F","","analitica","","","PVP sales 3 (387539,587319,869003); Storica Analitica visura per immobile - Catasto Fabbricati."
"visura-storica","AL","FELIZZANO","21","46","4","F","","analitica","","","PVP sales 2 (587319,869003); Storica Analitica visura per immobile - Catasto Fabbricati."
"visura-storica","AL","FELIZZANO","21","47","","F","","analitica","","","PVP sales 3 (387539,587319,869003); Storica Analitica visura per immobile - Catasto Fabbricati."
"visura-storica","AL","FELIZZANO","21","47","","T","","analitica","","","PVP sales 3 (387539,587319,869003); Storica Analitica visura per immobile - Catasto Terreni."
"visura-storica","AL","FELIZZANO","22","135","4","F","","analitica","","","PVP sales 1 (1867842); Storica Analitica visura per immobile - Catasto Fabbricati."
"visura-storica","AL","FELIZZANO","22","135","5","F","","analitica","","","PVP sales 1 (1867842); Storica Analitica visura per immobile - Catasto Fabbricati."
"visura-storica","AL","FELIZZANO","22","135","6","F","","analitica","","","PVP sales 1 (1867842); Storica Analitica visura per immobile - Catasto Fabbricati."
"visura-storica","AL","FELIZZANO","22","252","3","F","","analitica","","","PVP sales 2 (1559886,1685246); Storica Analitica visura per immobile - Catasto Fabbricati."
"visura-storica","AL","FELIZZANO","24","1204","","F","","analitica","","","PVP sales 5 (1420168,1492192,1577007,1655688,1761257); Storica Analitica visura per immobile - Catasto Fabbricati."
"visura-storica","AL","FELIZZANO","24","1204","","T","","analitica","","","PVP sales 5 (1420168,1492192,1577007,1655688,1761257); Storica Analitica visura per immobile - Catasto Terreni."
"visura-storica","AL","FELIZZANO","24","143","","F","","analitica","","","PVP sales 5 (1420168,1492192,1577007,1655688,1761257); Storica Analitica visura per immobile - Catasto Fabbricati."
"visura-storica","AL","FELIZZANO","24","143","","T","","analitica","","","PVP sales 5 (1420168,1492192,1577007,1655688,1761257); Storica Analitica visura per immobile - Catasto Terreni."
"visura-storica","AL","FELIZZANO","24","143","6","F","","analitica","","","PVP sales 5 (1420168,1492192,1577007,1655688,1761257); Storica Analitica visura per immobile - Catasto Fabbricati."
"visura-storica","AL","FELIZZANO","24","143","7","F","","analitica","","","PVP sales 5 (1420168,1492192,1577007,1655688,1761257); Storica Analitica visura per immobile - Catasto Fabbricati."
"visura-storica","AL","FELIZZANO","26","199","","F","","analitica","","","PVP sales 1 (791814); Storica Analitica visura per immobile - Catasto Fabbricati."
"visura-storica","AL","FELIZZANO","26","199","","T","","analitica","","","PVP sales 1 (791814); Storica Analitica visura per immobile - Catasto Terreni."
"visura-storica","AL","FELIZZANO","26","64","","F","","analitica","","","PVP sales 1 (791814); Storica Analitica visura per immobile - Catasto Fabbricati."
"visura-storica","AL","FELIZZANO","26","64","","T","","analitica","","","PVP sales 1 (791814); Storica Analitica visura per immobile - Catasto Terreni."
"visura-storica","AL","FELIZZANO","7","229","","F","","analitica","","","PVP sales 1 (791814); Storica Analitica visura per immobile - Catasto Fabbricati."
"visura-storica","AL","FELIZZANO","7","229","","T","","analitica","","","PVP sales 1 (791814); Storica Analitica visura per immobile - Catasto Terreni."
"visura-storica","AL","FELIZZANO","9","445","","F","","analitica","","","PVP sales 1 (2007734); Storica Analitica visura per immobile - Catasto Fabbricati."
"visura-storica","AL","FELIZZANO","9","445","","T","","analitica","","","PVP sales 1 (2007734); Storica Analitica visura per immobile - Catasto Terreni."
"visura-storica","AL","FELIZZANO","9","447","","F","","analitica","","","PVP sales 1 (1922370); Storica Analitica visura per immobile - Catasto Fabbricati."
"visura-storica","AL","FELIZZANO","9","447","","T","","analitica","","","PVP sales 1 (1922370); Storica Analitica visura per immobile - Catasto Terreni."
"visura-storica","AL","FRACONALTO","10","158","","F","","analitica","","","PVP sales 1 (1430994); Storica Analitica visura per immobile - Catasto Fabbricati."
"visura-storica","AL","FRACONALTO","10","158","","T","","analitica","","","PVP sales 1 (1430994); Storica Analitica visura per immobile - Catasto Terreni."
"visura-storica","AL","FRACONALTO","10","159","","F","","analitica","","","PVP sales 1 (1430994); Storica Analitica visura per immobile - Catasto Fabbricati."
"visura-storica","AL","FRACONALTO","10","159","","T","","analitica","","","PVP sales 1 (1430994); Storica Analitica visura per immobile - Catasto Terreni."
"visura-storica","AL","FRACONALTO","10","160","","F","","analitica","","","PVP sales 1 (1430994); Storica Analitica visura per immobile - Catasto Fabbricati."
"visura-storica","AL","FRACONALTO","10","160","","T","","analitica","","","PVP sales 1 (1430994); Storica Analitica visura per immobile - Catasto Terreni."
"visura-storica","AL","FRACONALTO","10","161","","F","","analitica","","","PVP sales 1 (1430994); Storica Analitica visura per immobile - Catasto Fabbricati."
"visura-storica","AL","FRACONALTO","10","161","","T","","analitica","","","PVP sales 1 (1430994); Storica Analitica visura per immobile - Catasto Terreni."
"visura-storica","AL","FRACONALTO","12","182","","F","","analitica","","","PVP sales 1 (1430994); Storica Analitica visura per immobile - Catasto Fabbricati."
"visura-storica","AL","FRACONALTO","12","182","","T","","analitica","","","PVP sales 1 (1430994); Storica Analitica visura per immobile - Catasto Terreni."
"visura-storica","AL","FRACONALTO","12","183","","F","","analitica","","","PVP sales 1 (1430994); Storica Analitica visura per immobile - Catasto Fabbricati."
"visura-storica","AL","FRACONALTO","12","183","","T","","analitica","","","PVP sales 1 (1430994); Storica Analitica visura per immobile - Catasto Terreni."
"visura-storica","AL","FRACONALTO","12","58","","F","","analitica","","","PVP sales 1 (1430994); Storica Analitica visura per immobile - Catasto Fabbricati."
"visura-storica","AL","FRACONALTO","12","58","","T","","analitica","","","PVP sales 1 (1430994); Storica Analitica visura per immobile - Catasto Terreni."
"visura-storica","AL","FRACONALTO","7","204","4","F","","analitica","","","PVP sales 1 (1692320); Storica Analitica visura per immobile - Catasto Fabbricati."
"visura-storica","AL","FRACONALTO","7","204","5","F","","analitica","","","PVP sales 1 (1692320); Storica Analitica visura per immobile - Catasto Fabbricati."
"visura-storica","AL","FRASCARO","1","263","","F","","analitica","","","PVP sales 1 (4554173); Storica Analitica visura per immobile - Catasto Fabbricati."
"visura-storica","AL","FRASCARO","1","263","","T","","analitica","","","PVP sales 1 (4554173); Storica Analitica visura per immobile - Catasto Terreni."
"visura-storica","AL","FRASCARO","1","264","","F","","analitica","","","PVP sales 1 (4554173); Storica Analitica visura per immobile - Catasto Fabbricati."
"visura-storica","AL","FRASCARO","1","264","","T","","analitica","","","PVP sales 1 (4554173); Storica Analitica visura per immobile - Catasto Terreni."
"visura-storica","AL","FRASCARO","2","67","3","F","","analitica","","","PVP sales 1 (4503950); Storica Analitica visura per immobile - Catasto Fabbricati."
"visura-storica","AL","FRASCARO","2","67","4","F","","analitica","","","PVP sales 1 (4503950); Storica Analitica visura per immobile - Catasto Fabbricati."
"visura-storica","AL","FRASCARO","3","48","2","F","","analitica","","","PVP sales 1 (631845); Storica Analitica visura per immobile - Catasto Fabbricati."
"visura-storica","AL","FRASSINELLO MONFERRATO","8","237","1","F","","analitica","","","PVP sales 2 (4453531,4513260); Storica Analitica visura per immobile - Catasto Fabbricati."
"visura-storica","AL","FRASSINELLO MONFERRATO","8","273","","F","","analitica","","","PVP sales 3 (4417904,4488886,4549324); Storica Analitica visura per immobile - Catasto Fabbricati."
"visura-storica","AL","FRASSINELLO MONFERRATO","8","273","","T","","analitica","","","PVP sales 3 (4417904,4488886,4549324); Storica Analitica visura per immobile - Catasto Terreni."
"visura-storica","AL","FRASSINELLO MONFERRATO","8","276","","F","","analitica","","","PVP sales 3 (4417904,4488886,4549324); Storica Analitica visura per immobile - Catasto Fabbricati."
"visura-storica","AL","FRASSINELLO MONFERRATO","8","276","","T","","analitica","","","PVP sales 3 (4417904,4488886,4549324); Storica Analitica visura per immobile - Catasto Terreni."
"visura-storica","AL","FRASSINETO PO","17","1617","","F","","analitica","","","PVP sales 3 (4448245,4490560,4543449); Storica Analitica visura per immobile - Catasto Fabbricati."
"visura-storica","AL","FRASSINETO PO","17","1617","","T","","analitica","","","PVP sales 3 (4448245,4490560,4543449); Storica Analitica visura per immobile - Catasto Terreni."
"visura-storica","AL","FRASSINETO PO","17","1719","4","F","","analitica","","","PVP sales 1 (2156854); Storica Analitica visura per immobile - Catasto Fabbricati."
"visura-storica","AL","FRASSINETO PO","17","1719","5","F","","analitica","","","PVP sales 1 (2156854); Storica Analitica visura per immobile - Catasto Fabbricati."
"visura-storica","AL","FRASSINETO PO","17","1967","","F","","analitica","","","PVP sales 1 (2111987); Storica Analitica visura per immobile - Catasto Fabbricati."
"visura-storica","AL","FRASSINETO PO","17","1967","","T","","analitica","","","PVP sales 1 (2111987); Storica Analitica visura per immobile - Catasto Terreni."
"visura-storica","AL","FRASSINETO PO","17","1968","","F","","analitica","","","PVP sales 1 (2111987); Storica Analitica visura per immobile - Catasto Fabbricati."
"visura-storica","AL","FRASSINETO PO","17","1968","","T","","analitica","","","PVP sales 1 (2111987); Storica Analitica visura per immobile - Catasto Terreni."
"visura-storica","AL","FRASSINETO PO","17","1985","1","F","","analitica","","","PVP sales 3 (4448245,4490560,4543449); Storica Analitica visura per immobile - Catasto Fabbricati."
"visura-storica","AL","FRASSINETO PO","17","74","5","F","","analitica","","","PVP sales 3 (4448245,4490560,4543449); Storica Analitica visura per immobile - Catasto Fabbricati."
"visura-storica","AL","FRASSINETO PO","17","74","6","F","","analitica","","","PVP sales 3 (4448245,4490560,4543449); Storica Analitica visura per immobile - Catasto Fabbricati."
"visura-storica","AL","FRASSINETO PO","17","76","","F","","analitica","","","PVP sales 3 (4448245,4490560,4543449); Storica Analitica visura per immobile - Catasto Fabbricati."
"visura-storica","AL","FRASSINETO PO","17","76","","T","","analitica","","","PVP sales 3 (4448245,4490560,4543449); Storica Analitica visura per immobile - Catasto Terreni."
"visura-storica","AL","FRUGAROLO","222","407","","F","","analitica","","","PVP sales 1 (275053); Storica Analitica visura per immobile - Catasto Fabbricati."
"visura-storica","AL","FRUGAROLO","222","407","","T","","analitica","","","PVP sales 1 (275053); Storica Analitica visura per immobile - Catasto Terreni."
"visura-storica","AL","FRUGAROLO","222","779","","F","","analitica","","","PVP sales 1 (275053); Storica Analitica visura per immobile - Catasto Fabbricati."
"visura-storica","AL","FRUGAROLO","222","779","","T","","analitica","","","PVP sales 1 (275053); Storica Analitica visura per immobile - Catasto Terreni."
"visura-storica","AL","FRUGAROLO","222","780","1","F","","analitica","","","PVP sales 1 (275053); Storica Analitica visura per immobile - Catasto Fabbricati."
"visura-storica","AL","FRUGAROLO","222","780","2","F","","analitica","","","PVP sales 1 (275053); Storica Analitica visura per immobile - Catasto Fabbricati."
"visura-storica","AL","FRUGAROLO","24","1078","","F","","analitica","","","PVP sales 2 (1014869,1129074); Storica Analitica visura per immobile - Catasto Fabbricati."
"visura-storica","AL","FRUGAROLO","24","1078","","T","","analitica","","","PVP sales 2 (1014869,1129074); Storica Analitica visura per immobile - Catasto Terreni."
"visura-storica","AL","FRUGAROLO","24","1092","","F","","analitica","","","PVP sales 2 (1014869,1129074); Storica Analitica visura per immobile - Catasto Fabbricati."
"visura-storica","AL","FRUGAROLO","24","1092","","T","","analitica","","","PVP sales 2 (1014869,1129074); Storica Analitica visura per immobile - Catasto Terreni."
"visura-storica","AL","FRUGAROLO","24","261","1","F","","analitica","","","PVP sales 5 (461832,463068,873297,983986,1545541); Storica Analitica visura per immobile - Catasto Fabbricati."
"visura-storica","AL","FRUGAROLO","24","261","23","F","","analitica","","","PVP sales 1 (578099); Storica Analitica visura per immobile - Catasto Fabbricati."
"visura-storica","AL","FRUGAROLO","24","261","26","F","","analitica","","","PVP sales 3 (461714,461877,873277); Storica Analitica visura per immobile - Catasto Fabbricati."
"visura-storica","AL","FRUGAROLO","24","345","1","F","","analitica","","","PVP sales 1 (682308); Storica Analitica visura per immobile - Catasto Fabbricati."
"visura-storica","AL","FRUGAROLO","24","371","1","F","","analitica","","","PVP sales 3 (4384233,4461832,4543552); Storica Analitica visura per immobile - Catasto Fabbricati."
"visura-storica","AL","FRUGAROLO","24","371","2","F","","analitica","","","PVP sales 3 (4384233,4461832,4543552); Storica Analitica visura per immobile - Catasto Fabbricati."
"visura-storica","AL","FRUGAROLO","24","853","6","F","","analitica","","","PVP sales 1 (578099); Storica Analitica visura per immobile - Catasto Fabbricati."
"visura-storica","AL","FRUGAROLO","24","873","10","F","","analitica","","","PVP sales 6 (461785,461968,622493,982611,984845 +1 more); Storica Analitica visura per immobile - Catasto Fabbricati."
"visura-storica","AL","FRUGAROLO","24","873","2","F","","analitica","","","PVP sales 3 (461879,462989,873371); Storica Analitica visura per immobile - Catasto Fabbricati."
"visura-storica","AL","FRUGAROLO","25","556","","F","","analitica","","","PVP sales 1 (2209702); Storica Analitica visura per immobile - Catasto Fabbricati."
"visura-storica","AL","FRUGAROLO","25","556","","T","","analitica","","","PVP sales 1 (2209702); Storica Analitica visura per immobile - Catasto Terreni."
"visura-storica","AL","FRUGAROLO","25","556","1","F","","analitica","","","PVP sales 1 (2209702); Storica Analitica visura per immobile - Catasto Fabbricati."
"visura-storica","AL","FRUGAROLO","25","556","2","F","","analitica","","","PVP sales 1 (2209702); Storica Analitica visura per immobile - Catasto Fabbricati."
"visura-storica","AL","FUBINE","17","494","4","F","","analitica","","","PVP sales 1 (1942522); Storica Analitica visura per immobile - Catasto Fabbricati."
"visura-storica","AL","FUBINE","17","494","44","F","","analitica","","","PVP sales 1 (1942522); Storica Analitica visura per immobile - Catasto Fabbricati."
"visura-storica","AL","FUBINE","24","1027","1","F","","analitica","","","PVP sales 2 (4413421,4484156); Storica Analitica visura per immobile - Catasto Fabbricati."
"visura-storica","AL","FUBINE","24","1029","1","F","","analitica","","","PVP sales 2 (4413421,4484156); Storica Analitica visura per immobile - Catasto Fabbricati."
"visura-storica","AL","FUBINE","24","1030","1","F","","analitica","","","PVP sales 2 (4413421,4484156); Storica Analitica visura per immobile - Catasto Fabbricati."
"visura-storica","AL","FUBINE","24","252","1","F","","analitica","","","PVP sales 2 (4413421,4484156); Storica Analitica visura per immobile - Catasto Fabbricati."
"visura-storica","AL","FUBINE","24","252","10","F","","analitica","","","PVP sales 2 (4413421,4484156); Storica Analitica visura per immobile - Catasto Fabbricati."
"visura-storica","AL","FUBINE","24","252","11","F","","analitica","","","PVP sales 2 (4413421,4484156); Storica Analitica visura per immobile - Catasto Fabbricati."
"visura-storica","AL","FUBINE","24","252","12","F","","analitica","","","PVP sales 2 (4413421,4484156); Storica Analitica visura per immobile - Catasto Fabbricati."
"visura-storica","AL","FUBINE","24","252","13","F","","analitica","","","PVP sales 2 (4413421,4484156); Storica Analitica visura per immobile - Catasto Fabbricati."
"visura-storica","AL","FUBINE","24","252","14","F","","analitica","","","PVP sales 2 (4413421,4484156); Storica Analitica visura per immobile - Catasto Fabbricati."
"visura-storica","AL","FUBINE","24","252","15","F","","analitica","","","PVP sales 2 (4413421,4484156); Storica Analitica visura per immobile - Catasto Fabbricati."
"visura-storica","AL","FUBINE","24","252","16","F","","analitica","","","PVP sales 2 (4413421,4484156); Storica Analitica visura per immobile - Catasto Fabbricati."
"visura-storica","AL","FUBINE","24","252","8","F","","analitica","","","PVP sales 2 (4413421,4484156); Storica Analitica visura per immobile - Catasto Fabbricati."
"visura-storica","AL","FUBINE","24","252","9","F","","analitica","","","PVP sales 2 (4413421,4484156); Storica Analitica visura per immobile - Catasto Fabbricati."
"visura-storica","AL","GABIANO","10","11","2","F","","analitica","","","PVP sales 1 (599012); Storica Analitica visura per immobile - Catasto Fabbricati."
"visura-storica","AL","GABIANO","20","203","","F","","analitica","","","PVP sales 1 (1873051); Storica Analitica visura per immobile - Catasto Fabbricati."
"visura-storica","AL","GABIANO","20","203","","T","","analitica","","","PVP sales 1 (1873051); Storica Analitica visura per immobile - Catasto Terreni."
"visura-storica","AL","GABIANO","20","246","","F","","analitica","","","PVP sales 1 (1873051); Storica Analitica visura per immobile - Catasto Fabbricati."
"visura-storica","AL","GABIANO","20","246","","T","","analitica","","","PVP sales 1 (1873051); Storica Analitica visura per immobile - Catasto Terreni."
"visura-storica","AL","GABIANO","20","247","","F","","analitica","","","PVP sales 1 (1873051); Storica Analitica visura per immobile - Catasto Fabbricati."
"visura-storica","AL","GABIANO","20","247","","T","","analitica","","","PVP sales 1 (1873051); Storica Analitica visura per immobile - Catasto Terreni."
"visura-storica","AL","GABIANO","20","82","","F","","analitica","","","PVP sales 1 (1873051); Storica Analitica visura per immobile - Catasto Fabbricati."
"visura-storica","AL","GABIANO","20","82","","T","","analitica","","","PVP sales 1 (1873051); Storica Analitica visura per immobile - Catasto Terreni."
"visura-storica","AL","GABIANO","21","297","","F","","analitica","","","PVP sales 1 (1873051); Storica Analitica visura per immobile - Catasto Fabbricati."
"visura-storica","AL","GABIANO","21","297","","T","","analitica","","","PVP sales 1 (1873051); Storica Analitica visura per immobile - Catasto Terreni."
"visura-storica","AL","GABIANO","21","350","","F","","analitica","","","PVP sales 1 (1873051); Storica Analitica visura per immobile - Catasto Fabbricati."
"visura-storica","AL","GABIANO","21","350","","T","","analitica","","","PVP sales 1 (1873051); Storica Analitica visura per immobile - Catasto Terreni."
"visura-storica","AL","GABIANO","22","114","","F","","analitica","","","PVP sales 1 (1873051); Storica Analitica visura per immobile - Catasto Fabbricati."
"visura-storica","AL","GABIANO","22","114","","T","","analitica","","","PVP sales 1 (1873051); Storica Analitica visura per immobile - Catasto Terreni."
"visura-storica","AL","GABIANO","22","12","1","F","","analitica","","","PVP sales 1 (4251178); Storica Analitica visura per immobile - Catasto Fabbricati."
"visura-storica","AL","GABIANO","22","255","","F","","analitica","","","PVP sales 2 (1957596,4449066); Storica Analitica visura per immobile - Catasto Fabbricati."
"visura-storica","AL","GABIANO","22","255","","T","","analitica","","","PVP sales 2 (1957596,4449066); Storica Analitica visura per immobile - Catasto Terreni."
"visura-storica","AL","GABIANO","22","256","","F","","analitica","","","PVP sales 2 (1957596,4449066); Storica Analitica visura per immobile - Catasto Fabbricati."
"visura-storica","AL","GABIANO","22","256","","T","","analitica","","","PVP sales 2 (1957596,4449066); Storica Analitica visura per immobile - Catasto Terreni."
"visura-storica","AL","GABIANO","22","258","1","F","","analitica","","","PVP sales 3 (1872988,1957581,4449066); Storica Analitica visura per immobile - Catasto Fabbricati."
"visura-storica","AL","GABIANO","22","258","2","F","","analitica","","","PVP sales 3 (1868529,1954571,4449066); Storica Analitica visura per immobile - Catasto Fabbricati."
"visura-storica","AL","GABIANO","22","259","","F","","analitica","","","PVP sales 2 (1957596,4449066); Storica Analitica visura per immobile - Catasto Fabbricati."
"visura-storica","AL","GABIANO","22","259","","T","","analitica","","","PVP sales 2 (1957596,4449066); Storica Analitica visura per immobile - Catasto Terreni."
"visura-storica","AL","GABIANO","22","296","","F","","analitica","","","PVP sales 1 (1873051); Storica Analitica visura per immobile - Catasto Fabbricati."
"visura-storica","AL","GABIANO","22","296","","T","","analitica","","","PVP sales 1 (1873051); Storica Analitica visura per immobile - Catasto Terreni."
"visura-storica","AL","GABIANO","22","370","1","F","","analitica","","","PVP sales 2 (1872995,1957588); Storica Analitica visura per immobile - Catasto Fabbricati."
"visura-storica","AL","GABIANO","22","370","2","F","","analitica","","","PVP sales 2 (1872995,1957588); Storica Analitica visura per immobile - Catasto Fabbricati."
"visura-storica","AL","GABIANO","22","383","1","F","","analitica","","","PVP sales 3 (1868529,1954571,4449066); Storica Analitica visura per immobile - Catasto Fabbricati."
"visura-storica","AL","GABIANO","22","383","2","F","","analitica","","","PVP sales 3 (1872975,1957556,4449066); Storica Analitica visura per immobile - Catasto Fabbricati."
"visura-storica","AL","GABIANO","22","383","3","F","","analitica","","","PVP sales 3 (1868529,1954571,4449066); Storica Analitica visura per immobile - Catasto Fabbricati."
"visura-storica","AL","GABIANO","22","383","4","F","","analitica","","","PVP sales 3 (1872975,1957556,4449066); Storica Analitica visura per immobile - Catasto Fabbricati."
"visura-storica","AL","GABIANO","22","383","5","F","","analitica","","","PVP sales 3 (1872975,1957556,4449066); Storica Analitica visura per immobile - Catasto Fabbricati."
"visura-storica","AL","GABIANO","22","383","6","F","","analitica","","","PVP sales 3 (1872975,1957556,4449066); Storica Analitica visura per immobile - Catasto Fabbricati."
"visura-storica","AL","GABIANO","4","69","44","F","","analitica","","","PVP sales 1 (4259730); Storica Analitica visura per immobile - Catasto Fabbricati."
"visura-storica","AL","GAMALERO","11","103","","T","","analitica","","","PVP sales 1 (820936); Storica Analitica visura per immobile - Catasto Terreni."
"visura-storica","AL","GAMALERO","11","410","","T","","analitica","","","PVP sales 1 (820936); Storica Analitica visura per immobile - Catasto Terreni."
"visura-storica","AL","GAMALERO","11","411","","T","","analitica","","","PVP sales 1 (820936); Storica Analitica visura per immobile - Catasto Terreni."
"visura-storica","AL","GAMALERO","11","457","","T","","analitica","","","PVP sales 1 (820936); Storica Analitica visura per immobile - Catasto Terreni."
"visura-storica","AL","GAMALERO","11","458","","T","","analitica","","","PVP sales 1 (820936); Storica Analitica visura per immobile - Catasto Terreni."
"visura-storica","AL","GAMALERO","11","559","","T","","analitica","","","PVP sales 1 (820936); Storica Analitica visura per immobile - Catasto Terreni."
"visura-storica","AL","GAMALERO","11","559","4","F","","analitica","","","PVP sales 1 (820936); Storica Analitica visura per immobile - Catasto Fabbricati."
"visura-storica","AL","GAMALERO","11","559","5","F","","analitica","","","PVP sales 1 (820936); Storica Analitica visura per immobile - Catasto Fabbricati."
"visura-storica","AL","GAMALERO","11","81","","T","","analitica","","","PVP sales 1 (820936); Storica Analitica visura per immobile - Catasto Terreni."
"visura-storica","AL","GAMALERO","11","95","","T","","analitica","","","PVP sales 1 (820936); Storica Analitica visura per immobile - Catasto Terreni."
"visura-storica","AL","GAMALERO","11","96","","T","","analitica","","","PVP sales 1 (820936); Storica Analitica visura per immobile - Catasto Terreni."
"visura-storica","AL","GAMALERO","11","97","","T","","analitica","","","PVP sales 1 (820936); Storica Analitica visura per immobile - Catasto Terreni."
"visura-storica","AL","GAMALERO","11","98","","T","","analitica","","","PVP sales 1 (820936); Storica Analitica visura per immobile - Catasto Terreni."
"visura-storica","AL","GAMALERO","14","135","","F","","analitica","","","PVP sales 1 (491056); Storica Analitica visura per immobile - Catasto Fabbricati."
"visura-storica","AL","GAMALERO","14","135","","T","","analitica","","","PVP sales 1 (491056); Storica Analitica visura per immobile - Catasto Terreni."
"visura-storica","AL","GAMALERO","14","223","","F","","analitica","","","PVP sales 1 (491056); Storica Analitica visura per immobile - Catasto Fabbricati."
"visura-storica","AL","GAMALERO","14","223","","T","","analitica","","","PVP sales 1 (491056); Storica Analitica visura per immobile - Catasto Terreni."
"visura-storica","AL","GAMALERO","3","344","","F","","analitica","","","PVP sales 2 (597149,920048); Storica Analitica visura per immobile - Catasto Fabbricati."
"visura-storica","AL","GAMALERO","3","344","","T","","analitica","","","PVP sales 2 (597149,920048); Storica Analitica visura per immobile - Catasto Terreni."
"visura-storica","AL","GAMALERO","3","344","2","F","","analitica","","","PVP sales 2 (455717,953522); Storica Analitica visura per immobile - Catasto Fabbricati."
"visura-storica","AL","GAMALERO","3","455","","F","","analitica","","","PVP sales 4 (455717,597149,920048,953522); Storica Analitica visura per immobile - Catasto Fabbricati."
"visura-storica","AL","GAMALERO","3","455","","T","","analitica","","","PVP sales 4 (455717,597149,920048,953522); Storica Analitica visura per immobile - Catasto Terreni."
"visura-storica","AL","GAMALERO","3","455","1","F","","analitica","","","PVP sales 1 (953522); Storica Analitica visura per immobile - Catasto Fabbricati."
"visura-storica","AL","GAMALERO","3","457","1","F","","analitica","","","PVP sales 1 (953522); Storica Analitica visura per immobile - Catasto Fabbricati."
"visura-storica","AL","GAMALERO","3","457","3","F","","analitica","","","PVP sales 3 (455717,597149,953522); Storica Analitica visura per immobile - Catasto Fabbricati."
"visura-storica","AL","GAMALERO","3","82","10","F","","analitica","","","PVP sales 1 (437762); Storica Analitica visura per immobile - Catasto Fabbricati."
"visura-storica","AL","GAMALERO","3","82","11","F","","analitica","","","PVP sales 1 (1231205); Storica Analitica visura per immobile - Catasto Fabbricati."
"visura-storica","AL","GAMALERO","3","82","13","F","","analitica","","","PVP sales 1 (437822); Storica Analitica visura per immobile - Catasto Fabbricati."
"visura-storica","AL","GAMALERO","3","82","7","F","","analitica","","","PVP sales 1 (438392); Storica Analitica visura per immobile - Catasto Fabbricati."
"visura-storica","AL","GAMALERO","7","20","","F","","analitica","","","PVP sales 1 (2091277); Storica Analitica visura per immobile - Catasto Fabbricati."
"visura-storica","AL","GAMALERO","7","20","","T","","analitica","","","PVP sales 1 (2091277); Storica Analitica visura per immobile - Catasto Terreni."
"visura-storica","AL","GARBAGNA","14","119","14","F","","analitica","","","PVP sales 1 (792827); Storica Analitica visura per immobile - Catasto Fabbricati."
"visura-storica","AL","GARBAGNA","14","221","3","F","","analitica","","","PVP sales 1 (1923428); Storica Analitica visura per immobile - Catasto Fabbricati."
"visura-storica","AL","GARBAGNA","14","705","1","F","","analitica","","","PVP sales 1 (792827); Storica Analitica visura per immobile - Catasto Fabbricati."
"visura-storica","AL","GARBAGNA","17","409","","F","","analitica","","","PVP sales 1 (4553302); Storica Analitica visura per immobile - Catasto Fabbricati."
"visura-storica","AL","GARBAGNA","17","409","","T","","analitica","","","PVP sales 1 (4553302); Storica Analitica visura per immobile - Catasto Terreni."
"visura-storica","AL","GARBAGNA","7","200","2","F","","analitica","","","PVP sales 2 (4324309,4456634); Storica Analitica visura per immobile - Catasto Fabbricati."
"visura-storica","AL","GARBAGNA","7","200","3","F","","analitica","","","PVP sales 2 (4324309,4456634); Storica Analitica visura per immobile - Catasto Fabbricati."
"visura-storica","AL","GAVAZZANA","3","15","5","F","","analitica","","","PVP sales 3 (2188368,4248147,4411672); Storica Analitica visura per immobile - Catasto Fabbricati."
"visura-storica","AL","GAVAZZANA","3","435","","F","","analitica","","","PVP sales 1 (2188368); Storica Analitica visura per immobile - Catasto Fabbricati."
"visura-storica","AL","GAVAZZANA","3","435","","T","","analitica","","","PVP sales 1 (2188368); Storica Analitica visura per immobile - Catasto Terreni."
"visura-storica","AL","GAVI","23","275","2","F","","analitica","","","PVP sales 1 (954864); Storica Analitica visura per immobile - Catasto Fabbricati."
"visura-storica","AL","GAVI","23","276","","F","","analitica","","","PVP sales 1 (954864); Storica Analitica visura per immobile - Catasto Fabbricati."
"visura-storica","AL","GAVI","23","276","","T","","analitica","","","PVP sales 1 (954864); Storica Analitica visura per immobile - Catasto Terreni."
"visura-storica","AL","GAVI","23","528","","F","","analitica","","","PVP sales 1 (4424200); Storica Analitica visura per immobile - Catasto Fabbricati."
"visura-storica","AL","GAVI","23","528","","T","","analitica","","","PVP sales 1 (4424200); Storica Analitica visura per immobile - Catasto Terreni."
"visura-storica","AL","GAVI","23","538","10","F","","analitica","","","PVP sales 1 (518475); Storica Analitica visura per immobile - Catasto Fabbricati."
"visura-storica","AL","GAVI","23","538","7","F","","analitica","","","PVP sales 2 (517195,517743); Storica Analitica visura per immobile - Catasto Fabbricati."
"visura-storica","AL","GAVI","23","539","11","F","","analitica","","","PVP sales 2 (517688,731590); Storica Analitica visura per immobile - Catasto Fabbricati."
"visura-storica","AL","GAVI","23","539","12","F","","analitica","","","PVP sales 1 (518505); Storica Analitica visura per immobile - Catasto Fabbricati."
"visura-storica","AL","GAVI","23","539","13","F","","analitica","","","PVP sales 1 (517195); Storica Analitica visura per immobile - Catasto Fabbricati."
"visura-storica","AL","GAVI","23","539","14","F","","analitica","","","PVP sales 1 (517724); Storica Analitica visura per immobile - Catasto Fabbricati."
"visura-storica","AL","GAVI","23","539","15","F","","analitica","","","PVP sales 1 (517743); Storica Analitica visura per immobile - Catasto Fabbricati."
"visura-storica","AL","GAVI","23","539","19","F","","analitica","","","PVP sales 2 (518475,715531); Storica Analitica visura per immobile - Catasto Fabbricati."
"visura-storica","AL","GAVI","23","540","10","F","","analitica","","","PVP sales 1 (518505); Storica Analitica visura per immobile - Catasto Fabbricati."
"visura-storica","AL","GAVI","23","540","11","F","","analitica","","","PVP sales 1 (517743); Storica Analitica visura per immobile - Catasto Fabbricati."
"visura-storica","AL","GAVI","23","540","16","F","","analitica","","","PVP sales 1 (518505); Storica Analitica visura per immobile - Catasto Fabbricati."
"visura-storica","AL","GAVI","23","540","17","F","","analitica","","","PVP sales 1 (517724); Storica Analitica visura per immobile - Catasto Fabbricati."
"visura-storica","AL","GAVI","23","540","19","F","","analitica","","","PVP sales 2 (517688,731590); Storica Analitica visura per immobile - Catasto Fabbricati."
"visura-storica","AL","GAVI","23","540","2","F","","analitica","","","PVP sales 1 (517195); Storica Analitica visura per immobile - Catasto Fabbricati."
"visura-storica","AL","GAVI","23","540","20","F","","analitica","","","PVP sales 2 (517688,731590); Storica Analitica visura per immobile - Catasto Fabbricati."
"visura-storica","AL","GAVI","23","540","24","F","","analitica","","","PVP sales 1 (518475); Storica Analitica visura per immobile - Catasto Fabbricati."
"visura-storica","AL","GAVI","23","540","3","F","","analitica","","","PVP sales 1 (517724); Storica Analitica visura per immobile - Catasto Fabbricati."
"visura-storica","AL","GAVI","23","540","8","F","","analitica","","","PVP sales 2 (518475,715531); Storica Analitica visura per immobile - Catasto Fabbricati."
"visura-storica","AL","GAVI","23","541","5","F","","analitica","","","PVP sales 1 (517156); Storica Analitica visura per immobile - Catasto Fabbricati."
"visura-storica","AL","GAVI","23","541","7","F","","analitica","","","PVP sales 1 (517156); Storica Analitica visura per immobile - Catasto Fabbricati."
"visura-storica","AL","GAVI","26","336","9","F","","analitica","","","PVP sales 3 (372739,372837,482032); Storica Analitica visura per immobile - Catasto Fabbricati."
"visura-storica","AL","GAVI","27","370","4","F","","analitica","","","PVP sales 1 (648752); Storica Analitica visura per immobile - Catasto Fabbricati."
"visura-storica","AL","GAVI","30","11","","F","","analitica","","","PVP sales 2 (429502,894934); Storica Analitica visura per immobile - Catasto Fabbricati."
"visura-storica","AL","GAVI","30","11","","T","","analitica","","","PVP sales 2 (429502,894934); Storica Analitica visura per immobile - Catasto Terreni."
"visura-storica","AL","GAVI","30","18","","F","","analitica","","","PVP sales 2 (298838,557610); Storica Analitica visura per immobile - Catasto Fabbricati."
"visura-storica","AL","GAVI","30","18","","T","","analitica","","","PVP sales 2 (298838,557610); Storica Analitica visura per immobile - Catasto Terreni."
"visura-storica","AL","GAVI","30","19","","F","","analitica","","","PVP sales 2 (298838,557610); Storica Analitica visura per immobile - Catasto Fabbricati."
"visura-storica","AL","GAVI","30","19","","T","","analitica","","","PVP sales 2 (298838,557610); Storica Analitica visura per immobile - Catasto Terreni."
"visura-storica","AL","GAVI","30","2","","F","","analitica","","","PVP sales 2 (429502,894934); Storica Analitica visura per immobile - Catasto Fabbricati."
"visura-storica","AL","GAVI","30","2","","T","","analitica","","","PVP sales 2 (429502,894934); Storica Analitica visura per immobile - Catasto Terreni."
"visura-storica","AL","GAVI","30","20","","F","","analitica","","","PVP sales 2 (429502,894934); Storica Analitica visura per immobile - Catasto Fabbricati."
"visura-storica","AL","GAVI","30","20","","T","","analitica","","","PVP sales 2 (429502,894934); Storica Analitica visura per immobile - Catasto Terreni."
"visura-storica","AL","GAVI","30","21","","F","","analitica","","","PVP sales 2 (429502,894934); Storica Analitica visura per immobile - Catasto Fabbricati."
"visura-storica","AL","GAVI","30","21","","T","","analitica","","","PVP sales 2 (429502,894934); Storica Analitica visura per immobile - Catasto Terreni."
"visura-storica","AL","GAVI","30","251","","F","","analitica","","","PVP sales 2 (298838,557610); Storica Analitica visura per immobile - Catasto Fabbricati."
"visura-storica","AL","GAVI","30","251","","T","","analitica","","","PVP sales 2 (298838,557610); Storica Analitica visura per immobile - Catasto Terreni."
"visura-storica","AL","GAVI","30","26","","F","","analitica","","","PVP sales 3 (372739,372837,482032); Storica Analitica visura per immobile - Catasto Fabbricati."
"visura-storica","AL","GAVI","30","26","","T","","analitica","","","PVP sales 3 (372739,372837,482032); Storica Analitica visura per immobile - Catasto Terreni."
"visura-storica","AL","GAVI","30","28","","F","","analitica","","","PVP sales 3 (372739,372837,482032); Storica Analitica visura per immobile - Catasto Fabbricati."
"visura-storica","AL","GAVI","30","28","","T","","analitica","","","PVP sales 3 (372739,372837,482032); Storica Analitica visura per immobile - Catasto Terreni."
"visura-storica","AL","GAVI","30","3","","F","","analitica","","","PVP sales 2 (429502,894934); Storica Analitica visura per immobile - Catasto Fabbricati."
"visura-storica","AL","GAVI","30","3","","T","","analitica","","","PVP sales 2 (429502,894934); Storica Analitica visura per immobile - Catasto Terreni."
"visura-storica","AL","GAVI","30","415","","F","","analitica","","","PVP sales 3 (372739,372837,482032); Storica Analitica visura per immobile - Catasto Fabbricati."
"visura-storica","AL","GAVI","30","415","","T","","analitica","","","PVP sales 3 (372739,372837,482032); Storica Analitica visura per immobile - Catasto Terreni."
"visura-storica","AL","GAVI","30","422","","F","","analitica","","","PVP sales 3 (372739,372837,482032); Storica Analitica visura per immobile - Catasto Fabbricati."
"visura-storica","AL","GAVI","30","422","","T","","analitica","","","PVP sales 3 (372739,372837,482032); Storica Analitica visura per immobile - Catasto Terreni."
"visura-storica","AL","GAVI","39","576","1","F","","analitica","","","PVP sales 1 (1753990); Storica Analitica visura per immobile - Catasto Fabbricati."
"visura-storica","AL","GAVI","39","576","2","F","","analitica","","","PVP sales 1 (1753990); Storica Analitica visura per immobile - Catasto Fabbricati."
"visura-storica","AL","GAVI","39","9","","F","","analitica","","","PVP sales 1 (1753990); Storica Analitica visura per immobile - Catasto Fabbricati."
"visura-storica","AL","GAVI","39","9","","T","","analitica","","","PVP sales 1 (1753990); Storica Analitica visura per immobile - Catasto Terreni."
"visura-storica","AL","GAVI","44","198","","F","","analitica","","","PVP sales 1 (1011856); Storica Analitica visura per immobile - Catasto Fabbricati."
"visura-storica","AL","GAVI","44","198","","T","","analitica","","","PVP sales 1 (1011856); Storica Analitica visura per immobile - Catasto Terreni."
"visura-storica","AL","GAVI","44","206","","F","","analitica","","","PVP sales 1 (1011856); Storica Analitica visura per immobile - Catasto Fabbricati."
"visura-storica","AL","GAVI","44","206","","T","","analitica","","","PVP sales 1 (1011856); Storica Analitica visura per immobile - Catasto Terreni."
"visura-storica","AL","GAVI","44","275","","F","","analitica","","","PVP sales 1 (1011856); Storica Analitica visura per immobile - Catasto Fabbricati."
"visura-storica","AL","GAVI","44","275","","T","","analitica","","","PVP sales 1 (1011856); Storica Analitica visura per immobile - Catasto Terreni."
"visura-storica","AL","GAVI","44","276","","F","","analitica","","","PVP sales 1 (1011856); Storica Analitica visura per immobile - Catasto Fabbricati."
"visura-storica","AL","GAVI","44","276","","T","","analitica","","","PVP sales 1 (1011856); Storica Analitica visura per immobile - Catasto Terreni."
"visura-storica","AL","GAVI","44","277","","F","","analitica","","","PVP sales 1 (1011856); Storica Analitica visura per immobile - Catasto Fabbricati."
"visura-storica","AL","GAVI","44","277","","T","","analitica","","","PVP sales 1 (1011856); Storica Analitica visura per immobile - Catasto Terreni."
"visura-storica","AL","GAVI","44","279","","F","","analitica","","","PVP sales 1 (1011856); Storica Analitica visura per immobile - Catasto Fabbricati."
"visura-storica","AL","GAVI","44","279","","T","","analitica","","","PVP sales 1 (1011856); Storica Analitica visura per immobile - Catasto Terreni."
"visura-storica","AL","GAVI","44","280","","F","","analitica","","","PVP sales 1 (1011856); Storica Analitica visura per immobile - Catasto Fabbricati."
"visura-storica","AL","GAVI","44","280","","T","","analitica","","","PVP sales 1 (1011856); Storica Analitica visura per immobile - Catasto Terreni."
"visura-storica","AL","GAVI","44","281","","F","","analitica","","","PVP sales 1 (1011856); Storica Analitica visura per immobile - Catasto Fabbricati."
"visura-storica","AL","GAVI","44","281","","T","","analitica","","","PVP sales 1 (1011856); Storica Analitica visura per immobile - Catasto Terreni."
"visura-storica","AL","GAVI","44","334","","F","","analitica","","","PVP sales 1 (1011856); Storica Analitica visura per immobile - Catasto Fabbricati."
"visura-storica","AL","GAVI","44","334","","T","","analitica","","","PVP sales 1 (1011856); Storica Analitica visura per immobile - Catasto Terreni."
"visura-storica","AL","GIAROLE","4","28","","F","","analitica","","","PVP sales 1 (4461453); Storica Analitica visura per immobile - Catasto Fabbricati."
"visura-storica","AL","GIAROLE","4","28","","T","","analitica","","","PVP sales 1 (4461453); Storica Analitica visura per immobile - Catasto Terreni."
"visura-storica","AL","GUAZZORA","1","54","","F","","analitica","","","PVP sales 1 (4263310); Storica Analitica visura per immobile - Catasto Fabbricati."
"visura-storica","AL","GUAZZORA","1","54","","T","","analitica","","","PVP sales 1 (4263310); Storica Analitica visura per immobile - Catasto Terreni."
"visura-storica","AL","GUAZZORA","1","9","","F","","analitica","","","PVP sales 1 (4263310); Storica Analitica visura per immobile - Catasto Fabbricati."
"visura-storica","AL","GUAZZORA","1","9","","T","","analitica","","","PVP sales 1 (4263310); Storica Analitica visura per immobile - Catasto Terreni."
"visura-storica","AL","GUAZZORA","2","8","","F","","analitica","","","PVP sales 2 (4421563,4489463); Storica Analitica visura per immobile - Catasto Fabbricati."
"visura-storica","AL","GUAZZORA","2","8","","T","","analitica","","","PVP sales 2 (4421563,4489463); Storica Analitica visura per immobile - Catasto Terreni."
"visura-storica","AL","GUAZZORA","3","27","","F","","analitica","","","PVP sales 2 (4421563,4489463); Storica Analitica visura per immobile - Catasto Fabbricati."
"visura-storica","AL","GUAZZORA","3","27","","T","","analitica","","","PVP sales 2 (4421563,4489463); Storica Analitica visura per immobile - Catasto Terreni."
"visura-storica","AL","GUAZZORA","3","287","","F","","analitica","","","PVP sales 2 (4421563,4489463); Storica Analitica visura per immobile - Catasto Fabbricati."
"visura-storica","AL","GUAZZORA","3","287","","T","","analitica","","","PVP sales 2 (4421563,4489463); Storica Analitica visura per immobile - Catasto Terreni."
"visura-storica","AL","GUAZZORA","3","41","","F","","analitica","","","PVP sales 1 (4263310); Storica Analitica visura per immobile - Catasto Fabbricati."
"visura-storica","AL","GUAZZORA","3","41","","T","","analitica","","","PVP sales 1 (4263310); Storica Analitica visura per immobile - Catasto Terreni."
"visura-storica","AL","GUAZZORA","3","42","","F","","analitica","","","PVP sales 1 (4263310); Storica Analitica visura per immobile - Catasto Fabbricati."
"visura-storica","AL","GUAZZORA","3","42","","T","","analitica","","","PVP sales 1 (4263310); Storica Analitica visura per immobile - Catasto Terreni."
"visura-storica","AL","GUAZZORA","3","43","","F","","analitica","","","PVP sales 1 (4263310); Storica Analitica visura per immobile - Catasto Fabbricati."
"visura-storica","AL","GUAZZORA","3","43","","T","","analitica","","","PVP sales 1 (4263310); Storica Analitica visura per immobile - Catasto Terreni."
"visura-storica","AL","GUAZZORA","3","44","","F","","analitica","","","PVP sales 1 (4263310); Storica Analitica visura per immobile - Catasto Fabbricati."
"visura-storica","AL","GUAZZORA","3","44","","T","","analitica","","","PVP sales 1 (4263310); Storica Analitica visura per immobile - Catasto Terreni."
"visura-storica","AL","GUAZZORA","3","45","","F","","analitica","","","PVP sales 1 (4263310); Storica Analitica visura per immobile - Catasto Fabbricati."
"visura-storica","AL","GUAZZORA","3","45","","T","","analitica","","","PVP sales 1 (4263310); Storica Analitica visura per immobile - Catasto Terreni."
"visura-storica","AL","GUAZZORA","3","58","","F","","analitica","","","PVP sales 1 (4263310); Storica Analitica visura per immobile - Catasto Fabbricati."
"visura-storica","AL","GUAZZORA","3","58","","T","","analitica","","","PVP sales 1 (4263310); Storica Analitica visura per immobile - Catasto Terreni."
"visura-storica","AL","GUAZZORA","4","210","","F","","analitica","","","PVP sales 1 (4263310); Storica Analitica visura per immobile - Catasto Fabbricati."
"visura-storica","AL","GUAZZORA","4","210","","T","","analitica","","","PVP sales 1 (4263310); Storica Analitica visura per immobile - Catasto Terreni."
"visura-storica","AL","GUAZZORA","4","214","","F","","analitica","","","PVP sales 1 (4263310); Storica Analitica visura per immobile - Catasto Fabbricati."
"visura-storica","AL","GUAZZORA","4","214","","T","","analitica","","","PVP sales 1 (4263310); Storica Analitica visura per immobile - Catasto Terreni."
"visura-storica","AL","GUAZZORA","4","93","1","F","","analitica","","","PVP sales 1 (4263310); Storica Analitica visura per immobile - Catasto Fabbricati."
"visura-storica","AL","GUAZZORA","5","26","","F","","analitica","","","PVP sales 1 (4263310); Storica Analitica visura per immobile - Catasto Fabbricati."
"visura-storica","AL","GUAZZORA","5","26","","T","","analitica","","","PVP sales 1 (4263310); Storica Analitica visura per immobile - Catasto Terreni."
"visura-storica","AL","ISOLA SANT'ANTONIO","18","337","","F","","analitica","","","PVP sales 2 (4421563,4489463); Storica Analitica visura per immobile - Catasto Fabbricati."
"visura-storica","AL","ISOLA SANT'ANTONIO","18","337","","T","","analitica","","","PVP sales 2 (4421563,4489463); Storica Analitica visura per immobile - Catasto Terreni."
"visura-storica","AL","ISOLA SANT'ANTONIO","18","437","","F","","analitica","","","PVP sales 2 (4421563,4489463); Storica Analitica visura per immobile - Catasto Fabbricati."
"visura-storica","AL","ISOLA SANT'ANTONIO","18","437","","T","","analitica","","","PVP sales 2 (4421563,4489463); Storica Analitica visura per immobile - Catasto Terreni."
"visura-storica","AL","ISOLA SANT'ANTONIO","18","440","1","F","","analitica","","","PVP sales 2 (4421563,4489463); Storica Analitica visura per immobile - Catasto Fabbricati."
"visura-storica","AL","ISOLA SANT'ANTONIO","18","440","2","F","","analitica","","","PVP sales 2 (4421563,4489463); Storica Analitica visura per immobile - Catasto Fabbricati."
"visura-storica","AL","ISOLA SANT'ANTONIO","18","440","3","F","","analitica","","","PVP sales 2 (4421563,4489463); Storica Analitica visura per immobile - Catasto Fabbricati."
"visura-storica","AL","ISOLA SANT'ANTONIO","18","441","","F","","analitica","","","PVP sales 2 (4421563,4489463); Storica Analitica visura per immobile - Catasto Fabbricati."
"visura-storica","AL","ISOLA SANT'ANTONIO","18","441","","T","","analitica","","","PVP sales 2 (4421563,4489463); Storica Analitica visura per immobile - Catasto Terreni."
"visura-storica","AL","ISOLA SANT'ANTONIO","18","507","","F","","analitica","","","PVP sales 2 (4421563,4489463); Storica Analitica visura per immobile - Catasto Fabbricati."
"visura-storica","AL","ISOLA SANT'ANTONIO","18","507","","T","","analitica","","","PVP sales 2 (4421563,4489463); Storica Analitica visura per immobile - Catasto Terreni."
"visura-storica","AL","ISOLA SANT'ANTONIO","18","508","","F","","analitica","","","PVP sales 2 (4421563,4489463); Storica Analitica visura per immobile - Catasto Fabbricati."
"visura-storica","AL","ISOLA SANT'ANTONIO","18","508","","T","","analitica","","","PVP sales 2 (4421563,4489463); Storica Analitica visura per immobile - Catasto Terreni."
"visura-storica","AL","ISOLA SANT'ANTONIO","18","526","","F","","analitica","","","PVP sales 2 (4421563,4489463); Storica Analitica visura per immobile - Catasto Fabbricati."
"visura-storica","AL","ISOLA SANT'ANTONIO","18","526","","T","","analitica","","","PVP sales 2 (4421563,4489463); Storica Analitica visura per immobile - Catasto Terreni."
"visura-storica","AL","ISOLA SANT'ANTONIO","18","528","","F","","analitica","","","PVP sales 2 (4421563,4489463); Storica Analitica visura per immobile - Catasto Fabbricati."
"visura-storica","AL","ISOLA SANT'ANTONIO","18","528","","T","","analitica","","","PVP sales 2 (4421563,4489463); Storica Analitica visura per immobile - Catasto Terreni."
"visura-storica","AL","ISOLA SANT'ANTONIO","18","536","","F","","analitica","","","PVP sales 2 (4421563,4489463); Storica Analitica visura per immobile - Catasto Fabbricati."
"visura-storica","AL","ISOLA SANT'ANTONIO","18","536","","T","","analitica","","","PVP sales 2 (4421563,4489463); Storica Analitica visura per immobile - Catasto Terreni."
"visura-storica","AL","ISOLA SANT'ANTONIO","19","264","","F","","analitica","","","PVP sales 2 (4421563,4489463); Storica Analitica visura per immobile - Catasto Fabbricati."
"visura-storica","AL","ISOLA SANT'ANTONIO","19","264","","T","","analitica","","","PVP sales 2 (4421563,4489463); Storica Analitica visura per immobile - Catasto Terreni."
"visura-storica","AL","ISOLA SANT'ANTONIO","20","100","4","F","","analitica","","","PVP sales 1 (4557678); Storica Analitica visura per immobile - Catasto Fabbricati."
"visura-storica","AL","ISOLA SANT'ANTONIO","20","100","5","F","","analitica","","","PVP sales 1 (4557678); Storica Analitica visura per immobile - Catasto Fabbricati."
"visura-storica","AL","ISOLA SANT'ANTONIO","20","140","1","F","","analitica","","","PVP sales 1 (4432801); Storica Analitica visura per immobile - Catasto Fabbricati."
"visura-storica","AL","ISOLA SANT'ANTONIO","20","140","2","F","","analitica","","","PVP sales 1 (4432801); Storica Analitica visura per immobile - Catasto Fabbricati."
"visura-storica","AL","ISOLA SANT'ANTONIO","20","77","1","F","","analitica","","","PVP sales 1 (2225205); Storica Analitica visura per immobile - Catasto Fabbricati."
"visura-storica","AL","ISOLA SANT'ANTONIO","21","404","","F","","analitica","","","PVP sales 2 (753349,918846); Storica Analitica visura per immobile - Catasto Fabbricati."
"visura-storica","AL","ISOLA SANT'ANTONIO","21","404","","T","","analitica","","","PVP sales 2 (753349,918846); Storica Analitica visura per immobile - Catasto Terreni."
"visura-storica","AL","ISOLA SANT'ANTONIO","21","405","","F","","analitica","","","PVP sales 2 (753349,918846); Storica Analitica visura per immobile - Catasto Fabbricati."
"visura-storica","AL","ISOLA SANT'ANTONIO","21","405","","T","","analitica","","","PVP sales 2 (753349,918846); Storica Analitica visura per immobile - Catasto Terreni."
"visura-storica","AL","ISOLA SANT'ANTONIO","21","406","","F","","analitica","","","PVP sales 1 (753349); Storica Analitica visura per immobile - Catasto Fabbricati."
"visura-storica","AL","ISOLA SANT'ANTONIO","21","406","","T","","analitica","","","PVP sales 1 (753349); Storica Analitica visura per immobile - Catasto Terreni."
"visura-storica","AL","ISOLA SANT'ANTONIO","21","596","2","F","","analitica","","","PVP sales 1 (203968); Storica Analitica visura per immobile - Catasto Fabbricati."
"visura-storica","AL","ISOLA SANT'ANTONIO","21","596","3","F","","analitica","","","PVP sales 1 (203968); Storica Analitica visura per immobile - Catasto Fabbricati."
"visura-storica","AL","ISOLA SANT'ANTONIO","21","610","1","F","","analitica","","","PVP sales 1 (555416); Storica Analitica visura per immobile - Catasto Fabbricati."
"visura-storica","AL","ISOLA SANT'ANTONIO","21","610","2","F","","analitica","","","PVP sales 1 (555416); Storica Analitica visura per immobile - Catasto Fabbricati."
"visura-storica","AL","ISOLA SANT'ANTONIO","21","640","1","F","","analitica","","","PVP sales 1 (672717); Storica Analitica visura per immobile - Catasto Fabbricati."
"visura-storica","AL","ISOLA SANT'ANTONIO","22","123","","F","","analitica","","","PVP sales 1 (2225205); Storica Analitica visura per immobile - Catasto Fabbricati."
"visura-storica","AL","ISOLA SANT'ANTONIO","22","123","","T","","analitica","","","PVP sales 1 (2225205); Storica Analitica visura per immobile - Catasto Terreni."
"visura-storica","AL","ISOLA SANT'ANTONIO","26","198","","F","","analitica","","","PVP sales 2 (4421563,4489463); Storica Analitica visura per immobile - Catasto Fabbricati."
"visura-storica","AL","ISOLA SANT'ANTONIO","26","198","","T","","analitica","","","PVP sales 2 (4421563,4489463); Storica Analitica visura per immobile - Catasto Terreni."
"visura-storica","AL","ISOLA SANT'ANTONIO","26","44","","F","","analitica","","","PVP sales 2 (4421563,4489463); Storica Analitica visura per immobile - Catasto Fabbricati."
"visura-storica","AL","ISOLA SANT'ANTONIO","26","44","","T","","analitica","","","PVP sales 2 (4421563,4489463); Storica Analitica visura per immobile - Catasto Terreni."
"visura-storica","AL","LERMA","10","107","","F","","analitica","","","PVP sales 1 (4521328); Storica Analitica visura per immobile - Catasto Fabbricati."
"visura-storica","AL","LERMA","10","107","","T","","analitica","","","PVP sales 1 (4521328); Storica Analitica visura per immobile - Catasto Terreni."
"visura-storica","AL","LERMA","10","109","","F","","analitica","","","PVP sales 1 (4521328); Storica Analitica visura per immobile - Catasto Fabbricati."
"visura-storica","AL","LERMA","10","109","","T","","analitica","","","PVP sales 1 (4521328); Storica Analitica visura per immobile - Catasto Terreni."
"visura-storica","AL","LERMA","10","110","","F","","analitica","","","PVP sales 1 (4521328); Storica Analitica visura per immobile - Catasto Fabbricati."
"visura-storica","AL","LERMA","10","110","","T","","analitica","","","PVP sales 1 (4521328); Storica Analitica visura per immobile - Catasto Terreni."
"visura-storica","AL","LERMA","4","324","","F","","analitica","","","PVP sales 1 (567334); Storica Analitica visura per immobile - Catasto Fabbricati."
"visura-storica","AL","LERMA","4","324","","T","","analitica","","","PVP sales 1 (567334); Storica Analitica visura per immobile - Catasto Terreni."
"visura-storica","AL","LERMA","4","447","","F","","analitica","","","PVP sales 1 (567334); Storica Analitica visura per immobile - Catasto Fabbricati."
"visura-storica","AL","LERMA","4","447","","T","","analitica","","","PVP sales 1 (567334); Storica Analitica visura per immobile - Catasto Terreni."
"visura-storica","AL","LERMA","4","453","","F","","analitica","","","PVP sales 1 (567334); Storica Analitica visura per immobile - Catasto Fabbricati."
"visura-storica","AL","LERMA","4","453","","T","","analitica","","","PVP sales 1 (567334); Storica Analitica visura per immobile - Catasto Terreni."
"visura-storica","AL","LERMA","4","461","","F","","analitica","","","PVP sales 1 (567334); Storica Analitica visura per immobile - Catasto Fabbricati."
"visura-storica","AL","LERMA","4","461","","T","","analitica","","","PVP sales 1 (567334); Storica Analitica visura per immobile - Catasto Terreni."
"visura-storica","AL","LERMA","5","103","","F","","analitica","","","PVP sales 1 (4521328); Storica Analitica visura per immobile - Catasto Fabbricati."
"visura-storica","AL","LERMA","5","103","","T","","analitica","","","PVP sales 1 (4521328); Storica Analitica visura per immobile - Catasto Terreni."
"visura-storica","AL","LERMA","6","121","","F","","analitica","","","PVP sales 1 (4521328); Storica Analitica visura per immobile - Catasto Fabbricati."
"visura-storica","AL","LERMA","6","121","","T","","analitica","","","PVP sales 1 (4521328); Storica Analitica visura per immobile - Catasto Terreni."
"visura-storica","AL","LERMA","6","333","","F","","analitica","","","PVP sales 2 (4434913,4497913); Storica Analitica visura per immobile - Catasto Fabbricati."
"visura-storica","AL","LERMA","6","333","","T","","analitica","","","PVP sales 2 (4434913,4497913); Storica Analitica visura per immobile - Catasto Terreni."
"visura-storica","AL","LERMA","7","96","","F","","analitica","","","PVP sales 1 (4521328); Storica Analitica visura per immobile - Catasto Fabbricati."
"visura-storica","AL","LERMA","7","96","","T","","analitica","","","PVP sales 1 (4521328); Storica Analitica visura per immobile - Catasto Terreni."
"visura-storica","AL","LERMA","7","97","","F","","analitica","","","PVP sales 1 (4521328); Storica Analitica visura per immobile - Catasto Fabbricati."
"visura-storica","AL","LERMA","7","97","","T","","analitica","","","PVP sales 1 (4521328); Storica Analitica visura per immobile - Catasto Terreni."
"visura-storica","AL","LERMA","8","215","","F","","analitica","","","PVP sales 1 (4521299); Storica Analitica visura per immobile - Catasto Fabbricati."
"visura-storica","AL","LERMA","8","215","","T","","analitica","","","PVP sales 1 (4521299); Storica Analitica visura per immobile - Catasto Terreni."
"visura-storica","AL","LERMA","8","215","1","F","","analitica","","","PVP sales 1 (4521299); Storica Analitica visura per immobile - Catasto Fabbricati."
"visura-storica","AL","LERMA","8","215","2","F","","analitica","","","PVP sales 1 (4521299); Storica Analitica visura per immobile - Catasto Fabbricati."
"visura-storica","AL","LERMA","8","215","3","F","","analitica","","","PVP sales 1 (4521299); Storica Analitica visura per immobile - Catasto Fabbricati."
"visura-storica","AL","LERMA","8","265","","F","","analitica","","","PVP sales 1 (4521328); Storica Analitica visura per immobile - Catasto Fabbricati."
"visura-storica","AL","LERMA","8","265","","T","","analitica","","","PVP sales 1 (4521328); Storica Analitica visura per immobile - Catasto Terreni."
"visura-storica","AL","LERMA","8","266","","F","","analitica","","","PVP sales 1 (4521209); Storica Analitica visura per immobile - Catasto Fabbricati."
"visura-storica","AL","LERMA","8","266","","T","","analitica","","","PVP sales 1 (4521209); Storica Analitica visura per immobile - Catasto Terreni."
"visura-storica","AL","LERMA","8","268","","F","","analitica","","","PVP sales 1 (4521209); Storica Analitica visura per immobile - Catasto Fabbricati."
"visura-storica","AL","LERMA","8","268","","T","","analitica","","","PVP sales 1 (4521209); Storica Analitica visura per immobile - Catasto Terreni."
"visura-storica","AL","LERMA","8","269","4","F","","analitica","","","PVP sales 1 (4521209); Storica Analitica visura per immobile - Catasto Fabbricati."
"visura-storica","AL","LERMA","8","273","","F","","analitica","","","PVP sales 1 (4521273); Storica Analitica visura per immobile - Catasto Fabbricati."
"visura-storica","AL","LERMA","8","273","","T","","analitica","","","PVP sales 1 (4521273); Storica Analitica visura per immobile - Catasto Terreni."
"visura-storica","AL","LERMA","8","281","","F","","analitica","","","PVP sales 1 (4521273); Storica Analitica visura per immobile - Catasto Fabbricati."
"visura-storica","AL","LERMA","8","281","","T","","analitica","","","PVP sales 1 (4521273); Storica Analitica visura per immobile - Catasto Terreni."
"visura-storica","AL","LERMA","8","39","","F","","analitica","","","PVP sales 1 (4521328); Storica Analitica visura per immobile - Catasto Fabbricati."
"visura-storica","AL","LERMA","8","39","","T","","analitica","","","PVP sales 1 (4521328); Storica Analitica visura per immobile - Catasto Terreni."
"visura-storica","AL","LERMA","8","440","","F","","analitica","","","PVP sales 1 (4521209); Storica Analitica visura per immobile - Catasto Fabbricati."
"visura-storica","AL","LERMA","8","440","","T","","analitica","","","PVP sales 1 (4521209); Storica Analitica visura per immobile - Catasto Terreni."
"visura-storica","AL","LERMA","8","59","17","F","","analitica","","","PVP sales 2 (433579,739495); Storica Analitica visura per immobile - Catasto Fabbricati."
"visura-storica","AL","LU","31","218","","F","","analitica","","","PVP sales 1 (455875); Storica Analitica visura per immobile - Catasto Fabbricati."
"visura-storica","AL","LU","31","218","","T","","analitica","","","PVP sales 1 (455875); Storica Analitica visura per immobile - Catasto Terreni."
"visura-storica","AL","LU E CUCCARO MONFERRATO","31","218","","F","","analitica","","","PVP sales 1 (597473); Storica Analitica visura per immobile - Catasto Fabbricati."
"visura-storica","AL","LU E CUCCARO MONFERRATO","31","218","","T","","analitica","","","PVP sales 1 (597473); Storica Analitica visura per immobile - Catasto Terreni."
"visura-storica","AL","LU E CUCCARO MONFERRATO","33","79","","F","","analitica","","","PVP sales 2 (1410937,1564358); Storica Analitica visura per immobile - Catasto Fabbricati."
"visura-storica","AL","LU E CUCCARO MONFERRATO","33","79","","T","","analitica","","","PVP sales 2 (1410937,1564358); Storica Analitica visura per immobile - Catasto Terreni."
"visura-storica","AL","LU E CUCCARO MONFERRATO","69","180","1","F","","analitica","","","PVP sales 1 (2112691); Storica Analitica visura per immobile - Catasto Fabbricati."
"visura-storica","AL","LU E CUCCARO MONFERRATO","69","181","1","F","","analitica","","","PVP sales 1 (2112691); Storica Analitica visura per immobile - Catasto Fabbricati."
"visura-storica","AL","MASIO","6","1074","5","F","","analitica","","","PVP sales 2 (4444082,4510643); Storica Analitica visura per immobile - Catasto Fabbricati."
"visura-storica","AL","MASIO","6","178","5","F","","analitica","","","PVP sales 2 (1843863,1983838); Storica Analitica visura per immobile - Catasto Fabbricati."
"visura-storica","AL","MASIO","6","178","6","F","","analitica","","","PVP sales 2 (1843863,1983838); Storica Analitica visura per immobile - Catasto Fabbricati."
"visura-storica","AL","MASIO","6","753","4","F","","analitica","","","PVP sales 2 (4444082,4510643); Storica Analitica visura per immobile - Catasto Fabbricati."
"visura-storica","AL","MELAZZO","1","298","1","F","","analitica","","","PVP sales 4 (906515,982405,1619276,1776629); Storica Analitica visura per immobile - Catasto Fabbricati."
"visura-storica","AL","MELAZZO","1","299","","F","","analitica","","","PVP sales 4 (906568,982387,1619296,1776674); Storica Analitica visura per immobile - Catasto Fabbricati."
"visura-storica","AL","MELAZZO","1","299","","T","","analitica","","","PVP sales 4 (906568,982387,1619296,1776674); Storica Analitica visura per immobile - Catasto Terreni."
"visura-storica","AL","MELAZZO","2","27","1","F","","analitica","","","PVP sales 2 (4425435,4479433); Storica Analitica visura per immobile - Catasto Fabbricati."
"visura-storica","AL","MELAZZO","2","27","2","F","","analitica","","","PVP sales 2 (4425435,4479433); Storica Analitica visura per immobile - Catasto Fabbricati."
"visura-storica","AL","MELAZZO","2","27","3","F","","analitica","","","PVP sales 2 (4425435,4479433); Storica Analitica visura per immobile - Catasto Fabbricati."
"visura-storica","AL","MELAZZO","2","27","4","F","","analitica","","","PVP sales 2 (4425435,4479433); Storica Analitica visura per immobile - Catasto Fabbricati."
"visura-storica","AL","MELAZZO","7","208","","F","","analitica","","","PVP sales 4 (526841,532248,750117,983314); Storica Analitica visura per immobile - Catasto Fabbricati."
"visura-storica","AL","MELAZZO","7","208","","T","","analitica","","","PVP sales 4 (526841,532248,750117,983314); Storica Analitica visura per immobile - Catasto Terreni."
"visura-storica","AL","MELAZZO","7","209","","F","","analitica","","","PVP sales 4 (526841,532248,750117,983314); Storica Analitica visura per immobile - Catasto Fabbricati."
"visura-storica","AL","MELAZZO","7","209","","T","","analitica","","","PVP sales 4 (526841,532248,750117,983314); Storica Analitica visura per immobile - Catasto Terreni."
"visura-storica","AL","MELAZZO","7","237","","F","","analitica","","","PVP sales 4 (526841,532248,750117,983314); Storica Analitica visura per immobile - Catasto Fabbricati."
"visura-storica","AL","MELAZZO","7","237","","T","","analitica","","","PVP sales 4 (526841,532248,750117,983314); Storica Analitica visura per immobile - Catasto Terreni."
"visura-storica","AL","MELAZZO","7","239","","F","","analitica","","","PVP sales 4 (526841,532248,750117,983314); Storica Analitica visura per immobile - Catasto Fabbricati."
"visura-storica","AL","MELAZZO","7","239","","T","","analitica","","","PVP sales 4 (526841,532248,750117,983314); Storica Analitica visura per immobile - Catasto Terreni."
"visura-storica","AL","MELAZZO","7","240","","F","","analitica","","","PVP sales 4 (526841,532248,750117,983314); Storica Analitica visura per immobile - Catasto Fabbricati."
"visura-storica","AL","MELAZZO","7","240","","T","","analitica","","","PVP sales 4 (526841,532248,750117,983314); Storica Analitica visura per immobile - Catasto Terreni."
"visura-storica","AL","MELAZZO","7","383","","F","","analitica","","","PVP sales 4 (526841,532248,750117,983314); Storica Analitica visura per immobile - Catasto Fabbricati."
"visura-storica","AL","MELAZZO","7","383","","T","","analitica","","","PVP sales 4 (526841,532248,750117,983314); Storica Analitica visura per immobile - Catasto Terreni."
"visura-storica","AL","MELAZZO","7","384","","F","","analitica","","","PVP sales 4 (526841,532248,750117,983314); Storica Analitica visura per immobile - Catasto Fabbricati."
"visura-storica","AL","MELAZZO","7","384","","T","","analitica","","","PVP sales 4 (526841,532248,750117,983314); Storica Analitica visura per immobile - Catasto Terreni."
"visura-storica","AL","MELAZZO","7","385","","F","","analitica","","","PVP sales 4 (526841,532248,750117,983314); Storica Analitica visura per immobile - Catasto Fabbricati."
"visura-storica","AL","MELAZZO","7","385","","T","","analitica","","","PVP sales 4 (526841,532248,750117,983314); Storica Analitica visura per immobile - Catasto Terreni."
"visura-storica","AL","MELAZZO","7","386","","F","","analitica","","","PVP sales 4 (526841,532248,750117,983314); Storica Analitica visura per immobile - Catasto Fabbricati."
"visura-storica","AL","MELAZZO","7","386","","T","","analitica","","","PVP sales 4 (526841,532248,750117,983314); Storica Analitica visura per immobile - Catasto Terreni."
"visura-storica","AL","MELAZZO","7","454","","F","","analitica","","","PVP sales 4 (526841,532248,750117,983314); Storica Analitica visura per immobile - Catasto Fabbricati."
"visura-storica","AL","MELAZZO","7","454","","T","","analitica","","","PVP sales 4 (526841,532248,750117,983314); Storica Analitica visura per immobile - Catasto Terreni."
"visura-storica","AL","MOLARE","2","417","14","F","","analitica","","","PVP sales 1 (4429040); Storica Analitica visura per immobile - Catasto Fabbricati."
"visura-storica","AL","MOLARE","31","52","4","F","","analitica","","","PVP sales 1 (1084403); Storica Analitica visura per immobile - Catasto Fabbricati."
"visura-storica","AL","MOLINO DEI TORTI","1","154","2","F","","analitica","","","PVP sales 2 (4402013,4477453); Storica Analitica visura per immobile - Catasto Fabbricati."
"visura-storica","AL","MOLINO DEI TORTI","1","154","3","F","","analitica","","","PVP sales 2 (4402013,4477453); Storica Analitica visura per immobile - Catasto Fabbricati."
"visura-storica","AL","MOLINO DEI TORTI","1","154","4","F","","analitica","","","PVP sales 2 (4402013,4477453); Storica Analitica visura per immobile - Catasto Fabbricati."
"visura-storica","AL","MOLINO DEI TORTI","1","154","5","F","","analitica","","","PVP sales 2 (4402013,4477453); Storica Analitica visura per immobile - Catasto Fabbricati."
"visura-storica","AL","MOLINO DEI TORTI","1","156","","F","","analitica","","","PVP sales 1 (186474); Storica Analitica visura per immobile - Catasto Fabbricati."
"visura-storica","AL","MOLINO DEI TORTI","1","156","","T","","analitica","","","PVP sales 1 (186474); Storica Analitica visura per immobile - Catasto Terreni."
"visura-storica","AL","MOLINO DEI TORTI","1","157","","F","","analitica","","","PVP sales 1 (186533); Storica Analitica visura per immobile - Catasto Fabbricati."
"visura-storica","AL","MOLINO DEI TORTI","1","157","","T","","analitica","","","PVP sales 1 (186533); Storica Analitica visura per immobile - Catasto Terreni."
"visura-storica","AL","MOLINO DEI TORTI","1","81","10","F","","analitica","","","PVP sales 1 (186035); Storica Analitica visura per immobile - Catasto Fabbricati."
"visura-storica","AL","MOLINO DEI TORTI","1","81","11","F","","analitica","","","PVP sales 1 (186035); Storica Analitica visura per immobile - Catasto Fabbricati."
"visura-storica","AL","MOLINO DEI TORTI","1","81","12","F","","analitica","","","PVP sales 1 (186035); Storica Analitica visura per immobile - Catasto Fabbricati."
"visura-storica","AL","MOLINO DEI TORTI","1","81","14","F","","analitica","","","PVP sales 1 (186385); Storica Analitica visura per immobile - Catasto Fabbricati."
"visura-storica","AL","MOLINO DEI TORTI","1","81","15","F","","analitica","","","PVP sales 1 (186385); Storica Analitica visura per immobile - Catasto Fabbricati."
"visura-storica","AL","MOLINO DEI TORTI","1","81","17","F","","analitica","","","PVP sales 1 (186385); Storica Analitica visura per immobile - Catasto Fabbricati."
"visura-storica","AL","MOLINO DEI TORTI","1","81","18","F","","analitica","","","PVP sales 1 (186385); Storica Analitica visura per immobile - Catasto Fabbricati."
"visura-storica","AL","MOLINO DEI TORTI","1","81","20","F","","analitica","","","PVP sales 1 (186035); Storica Analitica visura per immobile - Catasto Fabbricati."
"visura-storica","AL","MOLINO DEI TORTI","1","81","21","F","","analitica","","","PVP sales 1 (186385); Storica Analitica visura per immobile - Catasto Fabbricati."
"visura-storica","AL","MOLINO DEI TORTI","3","323","2","F","","analitica","","","PVP sales 5 (918333,1423567,1845990,2007343,2064207); Storica Analitica visura per immobile - Catasto Fabbricati."
"visura-storica","AL","MOLINO DEI TORTI","3","323","3","F","","analitica","","","PVP sales 5 (918333,1423567,1845990,2007343,2064207); Storica Analitica visura per immobile - Catasto Fabbricati."
"visura-storica","AL","MOMBELLO MONFERRATO","14","83","4","F","","analitica","","","PVP sales 2 (316105,646792); Storica Analitica visura per immobile - Catasto Fabbricati."
"visura-storica","AL","MOMBELLO MONFERRATO","14","83","5","F","","analitica","","","PVP sales 1 (316264); Storica Analitica visura per immobile - Catasto Fabbricati."
"visura-storica","AL","MOMBELLO MONFERRATO","14","83","6","F","","analitica","","","PVP sales 1 (316282); Storica Analitica visura per immobile - Catasto Fabbricati."
"visura-storica","AL","MOMBELLO MONFERRATO","15","17","","F","","analitica","","","PVP sales 1 (4213218); Storica Analitica visura per immobile - Catasto Fabbricati."
"visura-storica","AL","MOMBELLO MONFERRATO","15","17","","T","","analitica","","","PVP sales 1 (4213218); Storica Analitica visura per immobile - Catasto Terreni."
"visura-storica","AL","MOMBELLO MONFERRATO","23","405","1","F","","analitica","","","PVP sales 2 (316280,646787); Storica Analitica visura per immobile - Catasto Fabbricati."
"visura-storica","AL","MOMBELLO MONFERRATO","23","405","2","F","","analitica","","","PVP sales 2 (316280,646787); Storica Analitica visura per immobile - Catasto Fabbricati."
"visura-storica","AL","MOMBELLO MONFERRATO","23","405","3","F","","analitica","","","PVP sales 1 (646787); Storica Analitica visura per immobile - Catasto Fabbricati."
"visura-storica","AL","MOMBELLO MONFERRATO","7","126","","F","","analitica","","","PVP sales 3 (4420842,4479149,4532497); Storica Analitica visura per immobile - Catasto Fabbricati."
"visura-storica","AL","MOMBELLO MONFERRATO","7","126","","T","","analitica","","","PVP sales 3 (4420842,4479149,4532497); Storica Analitica visura per immobile - Catasto Terreni."
"visura-storica","AL","MOMBELLO MONFERRATO","7","213","","F","","analitica","","","PVP sales 3 (4420842,4479149,4532497); Storica Analitica visura per immobile - Catasto Fabbricati."
"visura-storica","AL","MOMBELLO MONFERRATO","7","213","","T","","analitica","","","PVP sales 3 (4420842,4479149,4532497); Storica Analitica visura per immobile - Catasto Terreni."
"visura-storica","AL","MOMBELLO MONFERRATO","7","37","","F","","analitica","","","PVP sales 3 (4420842,4479149,4532497); Storica Analitica visura per immobile - Catasto Fabbricati."
"visura-storica","AL","MOMBELLO MONFERRATO","7","37","","T","","analitica","","","PVP sales 3 (4420842,4479149,4532497); Storica Analitica visura per immobile - Catasto Terreni."
"visura-storica","AL","MOMBELLO MONFERRATO","7","38","2","F","","analitica","","","PVP sales 3 (4420842,4479149,4532497); Storica Analitica visura per immobile - Catasto Fabbricati."
"visura-storica","AL","MOMBELLO MONFERRATO","7","38","3","F","","analitica","","","PVP sales 3 (4420842,4479149,4532497); Storica Analitica visura per immobile - Catasto Fabbricati."
"visura-storica","AL","MOMBELLO MONFERRATO","7","38","4","F","","analitica","","","PVP sales 3 (4420842,4479149,4532497); Storica Analitica visura per immobile - Catasto Fabbricati."
"visura-storica","AL","MOMBELLO MONFERRATO","7","38","5","F","","analitica","","","PVP sales 3 (4420842,4479149,4532497); Storica Analitica visura per immobile - Catasto Fabbricati."
"visura-storica","AL","MOMPERONE","3","248","","F","","analitica","","","PVP sales 2 (4394750,4466909); Storica Analitica visura per immobile - Catasto Fabbricati."
"visura-storica","AL","MOMPERONE","3","248","","T","","analitica","","","PVP sales 2 (4394750,4466909); Storica Analitica visura per immobile - Catasto Terreni."
"visura-storica","AL","MOMPERONE","3","252","","F","","analitica","","","PVP sales 2 (4394750,4466909); Storica Analitica visura per immobile - Catasto Fabbricati."
"visura-storica","AL","MOMPERONE","3","252","","T","","analitica","","","PVP sales 2 (4394750,4466909); Storica Analitica visura per immobile - Catasto Terreni."
"visura-storica","AL","MOMPERONE","3","254","","F","","analitica","","","PVP sales 2 (4394750,4466909); Storica Analitica visura per immobile - Catasto Fabbricati."
"visura-storica","AL","MOMPERONE","3","254","","T","","analitica","","","PVP sales 2 (4394750,4466909); Storica Analitica visura per immobile - Catasto Terreni."
"visura-storica","AL","MOMPERONE","4","124","","F","","analitica","","","PVP sales 2 (4417186,4484964); Storica Analitica visura per immobile - Catasto Fabbricati."
"visura-storica","AL","MOMPERONE","4","124","","T","","analitica","","","PVP sales 2 (4417186,4484964); Storica Analitica visura per immobile - Catasto Terreni."
"visura-storica","AL","MOMPERONE","4","134","","F","","analitica","","","PVP sales 2 (4417186,4484964); Storica Analitica visura per immobile - Catasto Fabbricati."
"visura-storica","AL","MOMPERONE","4","134","","T","","analitica","","","PVP sales 2 (4417186,4484964); Storica Analitica visura per immobile - Catasto Terreni."
"visura-storica","AL","MOMPERONE","4","86","","F","","analitica","","","PVP sales 2 (4417186,4484964); Storica Analitica visura per immobile - Catasto Fabbricati."
"visura-storica","AL","MOMPERONE","4","86","","T","","analitica","","","PVP sales 2 (4417186,4484964); Storica Analitica visura per immobile - Catasto Terreni."
"visura-storica","AL","MOMPERONE","5","213","","F","","analitica","","","PVP sales 3 (4417196,4484977,4536269); Storica Analitica visura per immobile - Catasto Fabbricati."
"visura-storica","AL","MOMPERONE","5","213","","T","","analitica","","","PVP sales 3 (4417196,4484977,4536269); Storica Analitica visura per immobile - Catasto Terreni."
"visura-storica","AL","MOMPERONE","5","284","","F","","analitica","","","PVP sales 3 (4417196,4484977,4536269); Storica Analitica visura per immobile - Catasto Fabbricati."
"visura-storica","AL","MOMPERONE","5","284","","T","","analitica","","","PVP sales 3 (4417196,4484977,4536269); Storica Analitica visura per immobile - Catasto Terreni."
"visura-storica","AL","MOMPERONE","5","299","","F","","analitica","","","PVP sales 3 (4417196,4484977,4536269); Storica Analitica visura per immobile - Catasto Fabbricati."
"visura-storica","AL","MOMPERONE","5","299","","T","","analitica","","","PVP sales 3 (4417196,4484977,4536269); Storica Analitica visura per immobile - Catasto Terreni."
"visura-storica","AL","MOMPERONE","5","313","","F","","analitica","","","PVP sales 3 (4417196,4484977,4536269); Storica Analitica visura per immobile - Catasto Fabbricati."
"visura-storica","AL","MOMPERONE","5","313","","T","","analitica","","","PVP sales 3 (4417196,4484977,4536269); Storica Analitica visura per immobile - Catasto Terreni."
"visura-storica","AL","MOMPERONE","6","21","","F","","analitica","","","PVP sales 3 (4417196,4484977,4536269); Storica Analitica visura per immobile - Catasto Fabbricati."
"visura-storica","AL","MOMPERONE","6","21","","T","","analitica","","","PVP sales 3 (4417196,4484977,4536269); Storica Analitica visura per immobile - Catasto Terreni."
"visura-storica","AL","MOMPERONE","6","22","","F","","analitica","","","PVP sales 3 (4417196,4484977,4536269); Storica Analitica visura per immobile - Catasto Fabbricati."
"visura-storica","AL","MOMPERONE","6","22","","T","","analitica","","","PVP sales 3 (4417196,4484977,4536269); Storica Analitica visura per immobile - Catasto Terreni."
"visura-storica","AL","MOMPERONE","6","23","","F","","analitica","","","PVP sales 3 (4417196,4484977,4536269); Storica Analitica visura per immobile - Catasto Fabbricati."
"visura-storica","AL","MOMPERONE","6","23","","T","","analitica","","","PVP sales 3 (4417196,4484977,4536269); Storica Analitica visura per immobile - Catasto Terreni."
"visura-storica","AL","MOMPERONE","6","240","","F","","analitica","","","PVP sales 3 (4417196,4484977,4536269); Storica Analitica visura per immobile - Catasto Fabbricati."
"visura-storica","AL","MOMPERONE","6","240","","T","","analitica","","","PVP sales 3 (4417196,4484977,4536269); Storica Analitica visura per immobile - Catasto Terreni."
"visura-storica","AL","MOMPERONE","6","301","","F","","analitica","","","PVP sales 3 (4416984,4484763,4536259); Storica Analitica visura per immobile - Catasto Fabbricati."
"visura-storica","AL","MOMPERONE","6","301","","T","","analitica","","","PVP sales 3 (4416984,4484763,4536259); Storica Analitica visura per immobile - Catasto Terreni."
"visura-storica","AL","MOMPERONE","6","308","","F","","analitica","","","PVP sales 3 (4417196,4484977,4536269); Storica Analitica visura per immobile - Catasto Fabbricati."
"visura-storica","AL","MOMPERONE","6","308","","T","","analitica","","","PVP sales 3 (4417196,4484977,4536269); Storica Analitica visura per immobile - Catasto Terreni."
"visura-storica","AL","MOMPERONE","6","310","","F","","analitica","","","PVP sales 1 (2129090); Storica Analitica visura per immobile - Catasto Fabbricati."
"visura-storica","AL","MOMPERONE","6","310","","T","","analitica","","","PVP sales 1 (2129090); Storica Analitica visura per immobile - Catasto Terreni."
"visura-storica","AL","MOMPERONE","6","312","","F","","analitica","","","PVP sales 3 (4417196,4484977,4536269); Storica Analitica visura per immobile - Catasto Fabbricati."
"visura-storica","AL","MOMPERONE","6","312","","T","","analitica","","","PVP sales 3 (4417196,4484977,4536269); Storica Analitica visura per immobile - Catasto Terreni."
"visura-storica","AL","MOMPERONE","6","329","","F","","analitica","","","PVP sales 3 (4416984,4484763,4536259); Storica Analitica visura per immobile - Catasto Fabbricati."
"visura-storica","AL","MOMPERONE","6","329","","T","","analitica","","","PVP sales 3 (4416984,4484763,4536259); Storica Analitica visura per immobile - Catasto Terreni."
"visura-storica","AL","MOMPERONE","6","330","","F","","analitica","","","PVP sales 3 (4416984,4484763,4536259); Storica Analitica visura per immobile - Catasto Fabbricati."
"visura-storica","AL","MOMPERONE","6","330","","T","","analitica","","","PVP sales 3 (4416984,4484763,4536259); Storica Analitica visura per immobile - Catasto Terreni."
"visura-storica","AL","MOMPERONE","6","331","","F","","analitica","","","PVP sales 3 (4416984,4484763,4536259); Storica Analitica visura per immobile - Catasto Fabbricati."
"visura-storica","AL","MOMPERONE","6","331","","T","","analitica","","","PVP sales 3 (4416984,4484763,4536259); Storica Analitica visura per immobile - Catasto Terreni."
"visura-storica","AL","MOMPERONE","6","334","","F","","analitica","","","PVP sales 3 (4416984,4484763,4536259); Storica Analitica visura per immobile - Catasto Fabbricati."
"visura-storica","AL","MOMPERONE","6","334","","T","","analitica","","","PVP sales 3 (4416984,4484763,4536259); Storica Analitica visura per immobile - Catasto Terreni."
"visura-storica","AL","MOMPERONE","6","37","","F","","analitica","","","PVP sales 3 (4417196,4484977,4536269); Storica Analitica visura per immobile - Catasto Fabbricati."
"visura-storica","AL","MOMPERONE","6","37","","T","","analitica","","","PVP sales 3 (4417196,4484977,4536269); Storica Analitica visura per immobile - Catasto Terreni."
"visura-storica","AL","MONLEALE","11","183","","F","","analitica","","","PVP sales 1 (4243169); Storica Analitica visura per immobile - Catasto Fabbricati."
"visura-storica","AL","MONLEALE","11","183","","T","","analitica","","","PVP sales 1 (4243169); Storica Analitica visura per immobile - Catasto Terreni."
"visura-storica","AL","MONLEALE","11","495","","F","","analitica","","","PVP sales 1 (4243169); Storica Analitica visura per immobile - Catasto Fabbricati."
"visura-storica","AL","MONLEALE","11","495","","T","","analitica","","","PVP sales 1 (4243169); Storica Analitica visura per immobile - Catasto Terreni."
"visura-storica","AL","MONLEALE","11","504","","F","","analitica","","","PVP sales 1 (4243169); Storica Analitica visura per immobile - Catasto Fabbricati."
"visura-storica","AL","MONLEALE","11","504","","T","","analitica","","","PVP sales 1 (4243169); Storica Analitica visura per immobile - Catasto Terreni."
"visura-storica","AL","MONLEALE","9","136","","F","","analitica","","","PVP sales 1 (4243169); Storica Analitica visura per immobile - Catasto Fabbricati."
"visura-storica","AL","MONLEALE","9","136","","T","","analitica","","","PVP sales 1 (4243169); Storica Analitica visura per immobile - Catasto Terreni."
"visura-storica","AL","MONLEALE","9","162","","F","","analitica","","","PVP sales 1 (4243169); Storica Analitica visura per immobile - Catasto Fabbricati."
"visura-storica","AL","MONLEALE","9","162","","T","","analitica","","","PVP sales 1 (4243169); Storica Analitica visura per immobile - Catasto Terreni."
"visura-storica","AL","MONLEALE","9","182","","F","","analitica","","","PVP sales 1 (4243169); Storica Analitica visura per immobile - Catasto Fabbricati."
"visura-storica","AL","MONLEALE","9","182","","T","","analitica","","","PVP sales 1 (4243169); Storica Analitica visura per immobile - Catasto Terreni."
"visura-storica","AL","MONLEALE","9","283","","F","","analitica","","","PVP sales 1 (4243169); Storica Analitica visura per immobile - Catasto Fabbricati."
"visura-storica","AL","MONLEALE","9","283","","T","","analitica","","","PVP sales 1 (4243169); Storica Analitica visura per immobile - Catasto Terreni."
"visura-storica","AL","MONLEALE","9","288","","F","","analitica","","","PVP sales 1 (4243169); Storica Analitica visura per immobile - Catasto Fabbricati."
"visura-storica","AL","MONLEALE","9","288","","T","","analitica","","","PVP sales 1 (4243169); Storica Analitica visura per immobile - Catasto Terreni."
"visura-storica","AL","MONLEALE","9","353","","F","","analitica","","","PVP sales 1 (4243169); Storica Analitica visura per immobile - Catasto Fabbricati."
"visura-storica","AL","MONLEALE","9","353","","T","","analitica","","","PVP sales 1 (4243169); Storica Analitica visura per immobile - Catasto Terreni."
"visura-storica","AL","MONLEALE","9","62","","F","","analitica","","","PVP sales 1 (4243169); Storica Analitica visura per immobile - Catasto Fabbricati."
"visura-storica","AL","MONLEALE","9","62","","T","","analitica","","","PVP sales 1 (4243169); Storica Analitica visura per immobile - Catasto Terreni."
"visura-storica","AL","MONLEALE","9","76","","F","","analitica","","","PVP sales 1 (4243169); Storica Analitica visura per immobile - Catasto Fabbricati."
"visura-storica","AL","MONLEALE","9","76","","T","","analitica","","","PVP sales 1 (4243169); Storica Analitica visura per immobile - Catasto Terreni."
"visura-storica","AL","MONTECASTELLO","6","112","1","F","","analitica","","","PVP sales 2 (524841,749080); Storica Analitica visura per immobile - Catasto Fabbricati."
"visura-storica","AL","MONTECASTELLO","6","310","","F","","analitica","","","PVP sales 1 (608449); Storica Analitica visura per immobile - Catasto Fabbricati."
"visura-storica","AL","MONTECASTELLO","6","310","","T","","analitica","","","PVP sales 1 (608449); Storica Analitica visura per immobile - Catasto Terreni."
"visura-storica","AL","MONTECASTELLO","6","310","1","F","","analitica","","","PVP sales 1 (608449); Storica Analitica visura per immobile - Catasto Fabbricati."
"visura-storica","AL","MONTECASTELLO","6","310","2","F","","analitica","","","PVP sales 1 (608449); Storica Analitica visura per immobile - Catasto Fabbricati."
"visura-storica","AL","MONTECASTELLO","6","542","1","F","","analitica","","","PVP sales 1 (4470346); Storica Analitica visura per immobile - Catasto Fabbricati."
"visura-storica","AL","MONTECASTELLO","6","544","","T","","analitica","","","PVP sales 1 (4470346); Storica Analitica visura per immobile - Catasto Terreni."
"visura-storica","AL","MONTECASTELLO","6","558","","T","","analitica","","","PVP sales 1 (4470346); Storica Analitica visura per immobile - Catasto Terreni."
"visura-storica","AL","MONTECHIARO D'ACQUI","9","15","","T","","analitica","","","PVP sales 2 (4441447,4441475); Storica Analitica visura per immobile - Catasto Terreni."
"visura-storica","AL","MONTECHIARO D'ACQUI","9","17","","T","","analitica","","","PVP sales 2 (4441447,4441475); Storica Analitica visura per immobile - Catasto Terreni."
"visura-storica","AL","MONTECHIARO D'ACQUI","9","172","","T","","analitica","","","PVP sales 2 (4441447,4441475); Storica Analitica visura per immobile - Catasto Terreni."
"visura-storica","AL","MONTECHIARO D'ACQUI","9","174","","T","","analitica","","","PVP sales 2 (4441447,4441475); Storica Analitica visura per immobile - Catasto Terreni."
"visura-storica","AL","MONTECHIARO D'ACQUI","9","175","","T","","analitica","","","PVP sales 2 (4441447,4441475); Storica Analitica visura per immobile - Catasto Terreni."
"visura-storica","AL","MONTECHIARO D'ACQUI","9","324","7","F","","analitica","","","PVP sales 2 (4441447,4441475); Storica Analitica visura per immobile - Catasto Fabbricati."
"visura-storica","AL","MONTECHIARO D'ACQUI","9","324","8","F","","analitica","","","PVP sales 1 (4441475); Storica Analitica visura per immobile - Catasto Fabbricati."
"visura-storica","AL","MONTECHIARO D'ACQUI","9","324","9","F","","analitica","","","PVP sales 2 (4441447,4441475); Storica Analitica visura per immobile - Catasto Fabbricati."
"visura-storica","AL","MONTECHIARO D'ACQUI","9","328","","T","","analitica","","","PVP sales 2 (4441447,4441475); Storica Analitica visura per immobile - Catasto Terreni."
"visura-storica","AL","MONTECHIARO D'ACQUI","9","330","","T","","analitica","","","PVP sales 2 (4441447,4441475); Storica Analitica visura per immobile - Catasto Terreni."
"visura-storica","AL","MONTECHIARO D'ACQUI","9","37","","T","","analitica","","","PVP sales 2 (4441447,4441475); Storica Analitica visura per immobile - Catasto Terreni."
"visura-storica","AL","MONTECHIARO D'ACQUI","9","38","","T","","analitica","","","PVP sales 2 (4441447,4441475); Storica Analitica visura per immobile - Catasto Terreni."
"visura-storica","AL","MONTECHIARO D'ACQUI","9","39","","T","","analitica","","","PVP sales 2 (4441447,4441475); Storica Analitica visura per immobile - Catasto Terreni."
"visura-storica","AL","MONTECHIARO D'ACQUI","9","40","","T","","analitica","","","PVP sales 2 (4441447,4441475); Storica Analitica visura per immobile - Catasto Terreni."
"visura-storica","AL","MONTECHIARO D'ACQUI","9","324","8","F","","analitica","AUTORIMESSA","","PVP sales 1 (4441447); Storica Analitica visura per immobile - Catasto Fabbricati."
"visura-storica","AL","MONTEGIOCO","7","217","","F","","analitica","","","PVP sales 1 (957545); Storica Analitica visura per immobile - Catasto Fabbricati."
"visura-storica","AL","MONTEGIOCO","7","217","","T","","analitica","","","PVP sales 1 (957545); Storica Analitica visura per immobile - Catasto Terreni."
"visura-storica","AL","MONTEGIOCO","7","220","","F","","analitica","","","PVP sales 1 (957545); Storica Analitica visura per immobile - Catasto Fabbricati."
"visura-storica","AL","MONTEGIOCO","7","220","","T","","analitica","","","PVP sales 1 (957545); Storica Analitica visura per immobile - Catasto Terreni."
"visura-storica","AL","MONTEGIOCO","7","253","","F","","analitica","","","PVP sales 4 (584583,744167,874415,957523); Storica Analitica visura per immobile - Catasto Fabbricati."
"visura-storica","AL","MONTEGIOCO","7","253","","T","","analitica","","","PVP sales 4 (584583,744167,874415,957523); Storica Analitica visura per immobile - Catasto Terreni."
"visura-storica","AL","MONTEGIOCO","7","98","1","F","","analitica","","","PVP sales 1 (874415); Storica Analitica visura per immobile - Catasto Fabbricati."
"visura-storica","AL","MONTEGIOCO","7","98","10","F","","analitica","","","PVP sales 4 (584583,744167,874415,957523); Storica Analitica visura per immobile - Catasto Fabbricati."
"visura-storica","AL","MONTEGIOCO","7","98","11","F","","analitica","","","PVP sales 4 (584583,744167,874415,957523); Storica Analitica visura per immobile - Catasto Fabbricati."
"visura-storica","AL","MONTEGIOCO","7","98","12","F","","analitica","","","PVP sales 4 (584583,744167,874415,957523); Storica Analitica visura per immobile - Catasto Fabbricati."
"visura-storica","AL","MONTEGIOCO","7","98","2","F","","analitica","","","PVP sales 1 (874415); Storica Analitica visura per immobile - Catasto Fabbricati."
"visura-storica","AL","MONTEGIOCO","7","98","3","F","","analitica","","","PVP sales 4 (584583,744167,874415,957523); Storica Analitica visura per immobile - Catasto Fabbricati."
"visura-storica","AL","MONTEGIOCO","7","98","4","F","","analitica","","","PVP sales 4 (584583,744167,874415,957523); Storica Analitica visura per immobile - Catasto Fabbricati."
"visura-storica","AL","MONTEGIOCO","7","98","5","F","","analitica","","","PVP sales 4 (584583,744167,874415,957523); Storica Analitica visura per immobile - Catasto Fabbricati."
"visura-storica","AL","MONTEGIOCO","7","98","6","F","","analitica","","","PVP sales 4 (584583,744167,874415,957523); Storica Analitica visura per immobile - Catasto Fabbricati."
"visura-storica","AL","MONTEGIOCO","7","98","7","F","","analitica","","","PVP sales 4 (584583,744167,874415,957523); Storica Analitica visura per immobile - Catasto Fabbricati."
"visura-storica","AL","MONTEGIOCO","7","98","8","F","","analitica","","","PVP sales 4 (584583,744167,874415,957523); Storica Analitica visura per immobile - Catasto Fabbricati."
"visura-storica","AL","MONTEGIOCO","7","98","9","F","","analitica","","","PVP sales 4 (584583,744167,874415,957523); Storica Analitica visura per immobile - Catasto Fabbricati."
"visura-storica","AL","MONTEMARZINO","4","37","","F","","analitica","","","PVP sales 1 (4522621); Storica Analitica visura per immobile - Catasto Fabbricati."
"visura-storica","AL","MONTEMARZINO","4","37","","T","","analitica","","","PVP sales 1 (4522621); Storica Analitica visura per immobile - Catasto Terreni."
"visura-storica","AL","MONTEMARZINO","4","75","","F","","analitica","","","PVP sales 1 (4522621); Storica Analitica visura per immobile - Catasto Fabbricati."
"visura-storica","AL","MONTEMARZINO","4","75","","T","","analitica","","","PVP sales 1 (4522621); Storica Analitica visura per immobile - Catasto Terreni."
"visura-storica","AL","MONTEMARZINO","4","77","","F","","analitica","","","PVP sales 1 (4522621); Storica Analitica visura per immobile - Catasto Fabbricati."
"visura-storica","AL","MONTEMARZINO","4","77","","T","","analitica","","","PVP sales 1 (4522621); Storica Analitica visura per immobile - Catasto Terreni."
"visura-storica","AL","MONTEMARZINO","4","78","","F","","analitica","","","PVP sales 1 (4522621); Storica Analitica visura per immobile - Catasto Fabbricati."
"visura-storica","AL","MONTEMARZINO","4","78","","T","","analitica","","","PVP sales 1 (4522621); Storica Analitica visura per immobile - Catasto Terreni."
"visura-storica","AL","MONTEMARZINO","4","79","","F","","analitica","","","PVP sales 1 (4522621); Storica Analitica visura per immobile - Catasto Fabbricati."
"visura-storica","AL","MONTEMARZINO","4","79","","T","","analitica","","","PVP sales 1 (4522621); Storica Analitica visura per immobile - Catasto Terreni."
"visura-storica","AL","MONTEMARZINO","4","82","2","F","","analitica","","","PVP sales 1 (4522621); Storica Analitica visura per immobile - Catasto Fabbricati."
"visura-storica","AL","MONTEMARZINO","4","82","3","F","","analitica","","","PVP sales 1 (4522621); Storica Analitica visura per immobile - Catasto Fabbricati."
"visura-storica","AL","MONTEMARZINO","4","82","4","F","","analitica","","","PVP sales 1 (4522621); Storica Analitica visura per immobile - Catasto Fabbricati."
"visura-storica","AL","MONTEMARZINO","4","83","","F","","analitica","","","PVP sales 1 (4522621); Storica Analitica visura per immobile - Catasto Fabbricati."
"visura-storica","AL","MONTEMARZINO","4","83","","T","","analitica","","","PVP sales 1 (4522621); Storica Analitica visura per immobile - Catasto Terreni."
"visura-storica","AL","MONTEMARZINO","4","84","","F","","analitica","","","PVP sales 1 (4522621); Storica Analitica visura per immobile - Catasto Fabbricati."
"visura-storica","AL","MONTEMARZINO","4","84","","T","","analitica","","","PVP sales 1 (4522621); Storica Analitica visura per immobile - Catasto Terreni."
"visura-storica","AL","MONTEMARZINO","4","85","","F","","analitica","","","PVP sales 1 (4522621); Storica Analitica visura per immobile - Catasto Fabbricati."
"visura-storica","AL","MONTEMARZINO","4","85","","T","","analitica","","","PVP sales 1 (4522621); Storica Analitica visura per immobile - Catasto Terreni."
"visura-storica","AL","MONTEMARZINO","6","479","1","F","","analitica","","","PVP sales 1 (4492871); Storica Analitica visura per immobile - Catasto Fabbricati."
"visura-storica","AL","MORANO SUL PO","17","1096","","F","","analitica","","","PVP sales 3 (4423746,4481476,4535257); Storica Analitica visura per immobile - Catasto Fabbricati."
"visura-storica","AL","MORANO SUL PO","17","1096","","T","","analitica","","","PVP sales 3 (4423746,4481476,4535257); Storica Analitica visura per immobile - Catasto Terreni."
"visura-storica","AL","MORANO SUL PO","17","88","1","F","","analitica","","","PVP sales 1 (1637963); Storica Analitica visura per immobile - Catasto Fabbricati."
"visura-storica","AL","MORANO SUL PO","21","1017","","F","","analitica","","","PVP sales 1 (4417825); Storica Analitica visura per immobile - Catasto Fabbricati."
"visura-storica","AL","MORANO SUL PO","21","1017","","T","","analitica","","","PVP sales 1 (4417825); Storica Analitica visura per immobile - Catasto Terreni."
"visura-storica","AL","MORANO SUL PO","21","1018","","F","","analitica","","","PVP sales 1 (4417825); Storica Analitica visura per immobile - Catasto Fabbricati."
"visura-storica","AL","MORANO SUL PO","21","1018","","T","","analitica","","","PVP sales 1 (4417825); Storica Analitica visura per immobile - Catasto Terreni."
"visura-storica","AL","MORANO SUL PO","21","223","1","F","","analitica","","","PVP sales 1 (562174); Storica Analitica visura per immobile - Catasto Fabbricati."
"visura-storica","AL","MORANO SUL PO","21","223","2","F","","analitica","","","PVP sales 1 (562174); Storica Analitica visura per immobile - Catasto Fabbricati."
"visura-storica","AL","MORNESE","6","64","4","F","","analitica","","","PVP sales 1 (920022); Storica Analitica visura per immobile - Catasto Fabbricati."
"visura-storica","AL","MORNESE","7","387","1","F","","analitica","","","PVP sales 1 (1668381); Storica Analitica visura per immobile - Catasto Fabbricati."
"visura-storica","AL","MORNESE","7","387","6","F","","analitica","","","PVP sales 1 (1668381); Storica Analitica visura per immobile - Catasto Fabbricati."
"visura-storica","AL","MORNESE","7","392","2","F","","analitica","","","PVP sales 1 (1668381); Storica Analitica visura per immobile - Catasto Fabbricati."
"visura-storica","AL","MORNESE","7","397","1","F","","analitica","","","PVP sales 1 (266846); Storica Analitica visura per immobile - Catasto Fabbricati."
"visura-storica","AL","MORNESE","7","634","","F","","analitica","","","PVP sales 1 (4400775); Storica Analitica visura per immobile - Catasto Fabbricati."
"visura-storica","AL","MORNESE","7","634","","T","","analitica","","","PVP sales 1 (4400775); Storica Analitica visura per immobile - Catasto Terreni."
"visura-storica","AL","MORNESE","7","885","","F","","analitica","","","PVP sales 1 (266846); Storica Analitica visura per immobile - Catasto Fabbricati."
"visura-storica","AL","MORNESE","7","885","","T","","analitica","","","PVP sales 1 (266846); Storica Analitica visura per immobile - Catasto Terreni."
"visura-storica","AL","MORSASCO","11","210","2","F","","analitica","","","PVP sales 1 (4242502); Storica Analitica visura per immobile - Catasto Fabbricati."
"visura-storica","AL","MORSASCO","11","210","3","F","","analitica","","","PVP sales 1 (4242502); Storica Analitica visura per immobile - Catasto Fabbricati."
"visura-storica","AL","MORSASCO","11","211","","F","","analitica","","","PVP sales 1 (4242502); Storica Analitica visura per immobile - Catasto Fabbricati."
"visura-storica","AL","MORSASCO","11","211","","T","","analitica","","","PVP sales 1 (4242502); Storica Analitica visura per immobile - Catasto Terreni."
"visura-storica","AL","MORSASCO","11","240","","F","","analitica","","","PVP sales 1 (4242502); Storica Analitica visura per immobile - Catasto Fabbricati."
"visura-storica","AL","MORSASCO","11","240","","T","","analitica","","","PVP sales 1 (4242502); Storica Analitica visura per immobile - Catasto Terreni."
"visura-storica","AL","MORSASCO","11","342","","F","","analitica","","","PVP sales 1 (4242502); Storica Analitica visura per immobile - Catasto Fabbricati."
"visura-storica","AL","MORSASCO","11","342","","T","","analitica","","","PVP sales 1 (4242502); Storica Analitica visura per immobile - Catasto Terreni."
"visura-storica","AL","MORSASCO","11","343","","F","","analitica","","","PVP sales 1 (4242502); Storica Analitica visura per immobile - Catasto Fabbricati."
"visura-storica","AL","MORSASCO","11","343","","T","","analitica","","","PVP sales 1 (4242502); Storica Analitica visura per immobile - Catasto Terreni."
"visura-storica","AL","MORSASCO","6","11","","F","","analitica","","","PVP sales 1 (1532653); Storica Analitica visura per immobile - Catasto Fabbricati."
"visura-storica","AL","MORSASCO","6","11","","T","","analitica","","","PVP sales 1 (1532653); Storica Analitica visura per immobile - Catasto Terreni."
"visura-storica","AL","MORSASCO","6","12","","F","","analitica","","","PVP sales 1 (1532653); Storica Analitica visura per immobile - Catasto Fabbricati."
"visura-storica","AL","MORSASCO","6","12","","T","","analitica","","","PVP sales 1 (1532653); Storica Analitica visura per immobile - Catasto Terreni."
"visura-storica","AL","MORSASCO","6","122","11","F","","analitica","","","PVP sales 2 (4443401,4479059); Storica Analitica visura per immobile - Catasto Fabbricati."
"visura-storica","AL","MORSASCO","6","122","12","F","","analitica","","","PVP sales 2 (4443457,4479079); Storica Analitica visura per immobile - Catasto Fabbricati."
"visura-storica","AL","MORSASCO","6","122","13","F","","analitica","","","PVP sales 2 (4443401,4479059); Storica Analitica visura per immobile - Catasto Fabbricati."
"visura-storica","AL","MORSASCO","6","122","3","F","","analitica","","","PVP sales 2 (4443447,4479103); Storica Analitica visura per immobile - Catasto Fabbricati."
"visura-storica","AL","MORSASCO","6","122","6","F","","analitica","","","PVP sales 2 (4443401,4479059); Storica Analitica visura per immobile - Catasto Fabbricati."
"visura-storica","AL","MORSASCO","6","122","7","F","","analitica","","","PVP sales 2 (4443401,4479059); Storica Analitica visura per immobile - Catasto Fabbricati."
"visura-storica","AL","MORSASCO","6","13","1","F","","analitica","","","PVP sales 1 (1532653); Storica Analitica visura per immobile - Catasto Fabbricati."
"visura-storica","AL","MORSASCO","6","13","2","F","","analitica","","","PVP sales 1 (1532653); Storica Analitica visura per immobile - Catasto Fabbricati."
"visura-storica","AL","MORSASCO","6","13","3","F","","analitica","","","PVP sales 1 (1532653); Storica Analitica visura per immobile - Catasto Fabbricati."
"visura-storica","AL","MORSASCO","6","13","4","F","","analitica","","","PVP sales 1 (1532653); Storica Analitica visura per immobile - Catasto Fabbricati."
"visura-storica","AL","MORSASCO","6","13","5","F","","analitica","","","PVP sales 1 (1532653); Storica Analitica visura per immobile - Catasto Fabbricati."
"visura-storica","AL","MORSASCO","6","13","6","F","","analitica","","","PVP sales 1 (1532653); Storica Analitica visura per immobile - Catasto Fabbricati."
"visura-storica","AL","MORSASCO","6","14","1","F","","analitica","","","PVP sales 1 (1532653); Storica Analitica visura per immobile - Catasto Fabbricati."
"visura-storica","AL","MORSASCO","6","180","6","F","","analitica","","","PVP sales 5 (452810,909111,1499304,1732370,1851755); Storica Analitica visura per immobile - Catasto Fabbricati."
"visura-storica","AL","MORSASCO","6","473","","F","","analitica","","","PVP sales 5 (452810,909111,1632256,1732370,1851755); Storica Analitica visura per immobile - Catasto Fabbricati."
"visura-storica","AL","MORSASCO","6","473","","T","","analitica","","","PVP sales 5 (452810,909111,1632256,1732370,1851755); Storica Analitica visura per immobile - Catasto Terreni."
"visura-storica","AL","MORSASCO","6","561","","F","","analitica","","","PVP sales 1 (4355526); Storica Analitica visura per immobile - Catasto Fabbricati."
"visura-storica","AL","MURISENGO","10","99","","F","","analitica","","","PVP sales 1 (2207636); Storica Analitica visura per immobile - Catasto Fabbricati."
"visura-storica","AL","MURISENGO","10","99","","T","","analitica","","","PVP sales 1 (2207636); Storica Analitica visura per immobile - Catasto Terreni."
"visura-storica","AL","MURISENGO","10","99","1","F","","analitica","","","PVP sales 2 (4267441,4453744); Storica Analitica visura per immobile - Catasto Fabbricati."
"visura-storica","AL","MURISENGO","10","99","2","F","","analitica","","","PVP sales 3 (2207736,4267516,4453744); Storica Analitica visura per immobile - Catasto Fabbricati."
"visura-storica","AL","MURISENGO","10","99","3","F","","analitica","","","PVP sales 3 (2209973,4267571,4453744); Storica Analitica visura per immobile - Catasto Fabbricati."
"visura-storica","AL","MURISENGO","10","99","4","F","","analitica","","","PVP sales 3 (2209983,4267668,4453744); Storica Analitica visura per immobile - Catasto Fabbricati."
"visura-storica","AL","MURISENGO","10","99","5","F","","analitica","","","PVP sales 3 (2209988,4267703,4453744); Storica Analitica visura per immobile - Catasto Fabbricati."
"visura-storica","AL","MURISENGO","10","99","6","F","","analitica","","","PVP sales 3 (2209998,4267750,4453744); Storica Analitica visura per immobile - Catasto Fabbricati."
"visura-storica","AL","MURISENGO","12","146","33","F","","analitica","","","PVP sales 1 (4546945); Storica Analitica visura per immobile - Catasto Fabbricati."
"visura-storica","AL","MURISENGO","15","248","11","F","","analitica","","","PVP sales 2 (4388839,4449565); Storica Analitica visura per immobile - Catasto Fabbricati."
"visura-storica","AL","MURISENGO","15","658","","F","","analitica","","","PVP sales 2 (4388839,4449565); Storica Analitica visura per immobile - Catasto Fabbricati."
"visura-storica","AL","MURISENGO","15","658","","T","","analitica","","","PVP sales 2 (4388839,4449565); Storica Analitica visura per immobile - Catasto Terreni."
"visura-storica","AL","MURISENGO","7","429","3","F","","analitica","","","PVP sales 3 (4422089,4474581,4542299); Storica Analitica visura per immobile - Catasto Fabbricati."
"visura-storica","AL","MURISENGO","7","555","","F","","analitica","","","PVP sales 3 (4422089,4474581,4542299); Storica Analitica visura per immobile - Catasto Fabbricati."
"visura-storica","AL","MURISENGO","7","555","","T","","analitica","","","PVP sales 3 (4422089,4474581,4542299); Storica Analitica visura per immobile - Catasto Terreni."
"visura-storica","AL","MURISENGO","7","618","","F","","analitica","","","PVP sales 3 (4422089,4474581,4542299); Storica Analitica visura per immobile - Catasto Fabbricati."
"visura-storica","AL","MURISENGO","7","618","","T","","analitica","","","PVP sales 3 (4422089,4474581,4542299); Storica Analitica visura per immobile - Catasto Terreni."
"visura-storica","AL","MURISENGO","7","619","","F","","analitica","","","PVP sales 3 (4422089,4474581,4542299); Storica Analitica visura per immobile - Catasto Fabbricati."
"visura-storica","AL","MURISENGO","7","619","","T","","analitica","","","PVP sales 3 (4422089,4474581,4542299); Storica Analitica visura per immobile - Catasto Terreni."
"visura-storica","AL","NOVI LIGURE","14","120","7","F","","analitica","","","PVP sales 1 (4532519); Storica Analitica visura per immobile - Catasto Fabbricati."
"visura-storica","AL","NOVI LIGURE","14","202","7","F","","analitica","","","PVP sales 1 (1852714); Storica Analitica visura per immobile - Catasto Fabbricati."
"visura-storica","AL","NOVI LIGURE","14","202","8","F","","analitica","","","PVP sales 1 (1852724); Storica Analitica visura per immobile - Catasto Fabbricati."
"visura-storica","AL","NOVI LIGURE","14","392","19","F","","analitica","","","PVP sales 1 (4498586); Storica Analitica visura per immobile - Catasto Fabbricati."
"visura-storica","AL","NOVI LIGURE","14","392","25","F","","analitica","","","PVP sales 1 (4498586); Storica Analitica visura per immobile - Catasto Fabbricati."
"visura-storica","AL","NOVI LIGURE","14","65","16","F","","analitica","","","PVP sales 2 (369251,449987); Storica Analitica visura per immobile - Catasto Fabbricati."
"visura-storica","AL","NOVI LIGURE","14","65","17","F","","analitica","","","PVP sales 2 (369537,450046); Storica Analitica visura per immobile - Catasto Fabbricati."
"visura-storica","AL","NOVI LIGURE","14","65","18","F","","analitica","","","PVP sales 2 (369521,450038); Storica Analitica visura per immobile - Catasto Fabbricati."
"visura-storica","AL","NOVI LIGURE","14","65","19","F","","analitica","","","PVP sales 2 (369512,450008); Storica Analitica visura per immobile - Catasto Fabbricati."
"visura-storica","AL","NOVI LIGURE","26","176","7","F","","analitica","","","PVP sales 1 (986746); Storica Analitica visura per immobile - Catasto Fabbricati."
"visura-storica","AL","NOVI LIGURE","27","634","2","F","","analitica","","","PVP sales 1 (4212715); Storica Analitica visura per immobile - Catasto Fabbricati."
"visura-storica","AL","NOVI LIGURE","27","634","3","F","","analitica","","","PVP sales 1 (4212715); Storica Analitica visura per immobile - Catasto Fabbricati."
"visura-storica","AL","NOVI LIGURE","27","75","3","F","","analitica","","","PVP sales 1 (2188342); Storica Analitica visura per immobile - Catasto Fabbricati."
"visura-storica","AL","NOVI LIGURE","28","126","14","F","","analitica","","","PVP sales 2 (331026,1493106); Storica Analitica visura per immobile - Catasto Fabbricati."
"visura-storica","AL","NOVI LIGURE","28","126","15","F","","analitica","","","PVP sales 2 (196547,1493133); Storica Analitica visura per immobile - Catasto Fabbricati."
"visura-storica","AL","NOVI LIGURE","28","126","20","F","","analitica","","","PVP sales 2 (1493854,1627580); Storica Analitica visura per immobile - Catasto Fabbricati."
"visura-storica","AL","NOVI LIGURE","28","126","21","F","","analitica","","","PVP sales 1 (823760); Storica Analitica visura per immobile - Catasto Fabbricati."
"visura-storica","AL","NOVI LIGURE","28","126","25","F","","analitica","","","PVP sales 2 (811569,1493788); Storica Analitica visura per immobile - Catasto Fabbricati."
"visura-storica","AL","NOVI LIGURE","28","126","6","F","","analitica","","","PVP sales 3 (822819,1492877,1627272); Storica Analitica visura per immobile - Catasto Fabbricati."
"visura-storica","AL","NOVI LIGURE","28","126","7","F","","analitica","","","PVP sales 3 (196600,1492993,1627454); Storica Analitica visura per immobile - Catasto Fabbricati."
"visura-storica","AL","NOVI LIGURE","28","13","34","F","","analitica","","","PVP sales 2 (4489582,4545867); Storica Analitica visura per immobile - Catasto Fabbricati."
"visura-storica","AL","NOVI LIGURE","28","13","35","F","","analitica","","","PVP sales 2 (4489586,4545872); Storica Analitica visura per immobile - Catasto Fabbricati."
"visura-storica","AL","NOVI LIGURE","28","131","10","F","","analitica","","","PVP sales 1 (4411095); Storica Analitica visura per immobile - Catasto Fabbricati."
"visura-storica","AL","NOVI LIGURE","28","131","11","F","","analitica","","","PVP sales 1 (4411095); Storica Analitica visura per immobile - Catasto Fabbricati."
"visura-storica","AL","NOVI LIGURE","28","131","12","F","","analitica","","","PVP sales 1 (4411095); Storica Analitica visura per immobile - Catasto Fabbricati."
"visura-storica","AL","NOVI LIGURE","28","131","8","F","","analitica","","","PVP sales 1 (4411034); Storica Analitica visura per immobile - Catasto Fabbricati."
"visura-storica","AL","NOVI LIGURE","28","131","9","F","","analitica","","","PVP sales 1 (4411118); Storica Analitica visura per immobile - Catasto Fabbricati."
"visura-storica","AL","NOVI LIGURE","28","153","113","F","","analitica","","","PVP sales 1 (2080687); Storica Analitica visura per immobile - Catasto Fabbricati."
"visura-storica","AL","NOVI LIGURE","28","153","116","F","","analitica","","","PVP sales 1 (2111551); Storica Analitica visura per immobile - Catasto Fabbricati."
"visura-storica","AL","NOVI LIGURE","28","153","117","F","","analitica","","","PVP sales 1 (2111551); Storica Analitica visura per immobile - Catasto Fabbricati."
"visura-storica","AL","NOVI LIGURE","28","153","125","F","","analitica","","","PVP sales 1 (2111283); Storica Analitica visura per immobile - Catasto Fabbricati."
"visura-storica","AL","NOVI LIGURE","28","153","129","F","","analitica","","","PVP sales 2 (1999759,2080698); Storica Analitica visura per immobile - Catasto Fabbricati."
"visura-storica","AL","NOVI LIGURE","28","153","131","F","","analitica","","","PVP sales 2 (2080678,2154714); Storica Analitica visura per immobile - Catasto Fabbricati."
"visura-storica","AL","NOVI LIGURE","28","153","134","F","","analitica","","","PVP sales 1 (2111551); Storica Analitica visura per immobile - Catasto Fabbricati."
"visura-storica","AL","NOVI LIGURE","28","153","136","F","","analitica","","","PVP sales 2 (1999759,2080698); Storica Analitica visura per immobile - Catasto Fabbricati."
"visura-storica","AL","NOVI LIGURE","28","153","156","F","","analitica","","","PVP sales 1 (2080687); Storica Analitica visura per immobile - Catasto Fabbricati."
"visura-storica","AL","NOVI LIGURE","28","153","30","F","","analitica","","","PVP sales 1 (4510676); Storica Analitica visura per immobile - Catasto Fabbricati."
"visura-storica","AL","NOVI LIGURE","28","153","6","F","","analitica","","","PVP sales 1 (2111283); Storica Analitica visura per immobile - Catasto Fabbricati."
"visura-storica","AL","NOVI LIGURE","28","153","88","F","","analitica","","","PVP sales 1 (1579983); Storica Analitica visura per immobile - Catasto Fabbricati."
"visura-storica","AL","NOVI LIGURE","28","179","55","F","","analitica","","","PVP sales 1 (1519533); Storica Analitica visura per immobile - Catasto Fabbricati."
"visura-storica","AL","NOVI LIGURE","28","604","22","F","","analitica","","","PVP sales 1 (806525); Storica Analitica visura per immobile - Catasto Fabbricati."
"visura-storica","AL","NOVI LIGURE","28","604","7","F","","analitica","","","PVP sales 1 (806568); Storica Analitica visura per immobile - Catasto Fabbricati."
"visura-storica","AL","NOVI LIGURE","3","80","1","F","","analitica","","","PVP sales 6 (1150954,1992974,2054862,4383202,4452018 +1 more); Storica Analitica visura per immobile - Catasto Fabbricati."
"visura-storica","AL","NOVI LIGURE","3","80","2","F","","analitica","","","PVP sales 6 (1150954,1992974,2054862,4383202,4452018 +1 more); Storica Analitica visura per immobile - Catasto Fabbricati."
"visura-storica","AL","NOVI LIGURE","3","80","3","F","","analitica","","","PVP sales 2 (4383202,4515840); Storica Analitica visura per immobile - Catasto Fabbricati."
"visura-storica","AL","NOVI LIGURE","30","142","4","F","","analitica","","","PVP sales 1 (1559500); Storica Analitica visura per immobile - Catasto Fabbricati."
"visura-storica","AL","NOVI LIGURE","30","142","5","F","","analitica","","","PVP sales 1 (1559500); Storica Analitica visura per immobile - Catasto Fabbricati."
"visura-storica","AL","NOVI LIGURE","30","466","1","F","","analitica","","","PVP sales 1 (2062793); Storica Analitica visura per immobile - Catasto Fabbricati."
"visura-storica","AL","NOVI LIGURE","30","466","2","F","","analitica","","","PVP sales 1 (2062793); Storica Analitica visura per immobile - Catasto Fabbricati."
"visura-storica","AL","NOVI LIGURE","30","890","12","F","","analitica","","","PVP sales 1 (2108365); Storica Analitica visura per immobile - Catasto Fabbricati."
"visura-storica","AL","NOVI LIGURE","30","890","50","F","","analitica","","","PVP sales 1 (2108365); Storica Analitica visura per immobile - Catasto Fabbricati."
"visura-storica","AL","NOVI LIGURE","30","896","","F","","analitica","","","PVP sales 1 (417623); Storica Analitica visura per immobile - Catasto Fabbricati."
"visura-storica","AL","NOVI LIGURE","30","896","","T","","analitica","","","PVP sales 1 (417623); Storica Analitica visura per immobile - Catasto Terreni."
"visura-storica","AL","NOVI LIGURE","30","896","34","F","","analitica","","","PVP sales 1 (289164); Storica Analitica visura per immobile - Catasto Fabbricati."
"visura-storica","AL","NOVI LIGURE","30","896","82","F","","analitica","","","PVP sales 1 (993859); Storica Analitica visura per immobile - Catasto Fabbricati."
"visura-storica","AL","NOVI LIGURE","31","11","4","F","","analitica","","","PVP sales 1 (4520076); Storica Analitica visura per immobile - Catasto Fabbricati."
"visura-storica","AL","NOVI LIGURE","31","11","7","F","","analitica","","","PVP sales 1 (4520126); Storica Analitica visura per immobile - Catasto Fabbricati."
"visura-storica","AL","NOVI LIGURE","31","250","17","F","","analitica","","","PVP sales 1 (1973750); Storica Analitica visura per immobile - Catasto Fabbricati."
"visura-storica","AL","NOVI LIGURE","31","250","69","F","","analitica","","","PVP sales 1 (2215193); Storica Analitica visura per immobile - Catasto Fabbricati."
"visura-storica","AL","NOVI LIGURE","31","321","43","F","","analitica","","","PVP sales 1 (2215193); Storica Analitica visura per immobile - Catasto Fabbricati."
"visura-storica","AL","NOVI LIGURE","31","75","","F","","analitica","","","PVP sales 1 (2188342); Storica Analitica visura per immobile - Catasto Fabbricati."
"visura-storica","AL","NOVI LIGURE","31","75","","T","","analitica","","","PVP sales 1 (2188342); Storica Analitica visura per immobile - Catasto Terreni."
"visura-storica","AL","NOVI LIGURE","31","75","20","F","","analitica","","","PVP sales 2 (4248129,4411627); Storica Analitica visura per immobile - Catasto Fabbricati."
"visura-storica","AL","NOVI LIGURE","32","1024","17","F","","analitica","","","PVP sales 3 (4243984,4396627,4463603); Storica Analitica visura per immobile - Catasto Fabbricati."
"visura-storica","AL","NOVI LIGURE","32","1024","21","F","","analitica","","","PVP sales 3 (4243984,4396627,4463603); Storica Analitica visura per immobile - Catasto Fabbricati."
"visura-storica","AL","NOVI LIGURE","32","1037","27","F","","analitica","","","PVP sales 2 (328090,488270); Storica Analitica visura per immobile - Catasto Fabbricati."
"visura-storica","AL","NOVI LIGURE","32","1403","9","F","","analitica","","","PVP sales 2 (328090,488270); Storica Analitica visura per immobile - Catasto Fabbricati."
"visura-storica","AL","NOVI LIGURE","32","143","31","F","","analitica","","","PVP sales 1 (4252501); Storica Analitica visura per immobile - Catasto Fabbricati."
"visura-storica","AL","NOVI LIGURE","32","143","32","F","","analitica","","","PVP sales 1 (4252501); Storica Analitica visura per immobile - Catasto Fabbricati."
"visura-storica","AL","NOVI LIGURE","32","143","33","F","","analitica","","","PVP sales 1 (4252501); Storica Analitica visura per immobile - Catasto Fabbricati."
"visura-storica","AL","NOVI LIGURE","32","143","34","F","","analitica","","","PVP sales 1 (4252501); Storica Analitica visura per immobile - Catasto Fabbricati."
"visura-storica","AL","NOVI LIGURE","32","143","35","F","","analitica","","","PVP sales 1 (4252501); Storica Analitica visura per immobile - Catasto Fabbricati."
"visura-storica","AL","NOVI LIGURE","32","143","36","F","","analitica","","","PVP sales 1 (4252501); Storica Analitica visura per immobile - Catasto Fabbricati."
"visura-storica","AL","NOVI LIGURE","32","143","39","F","","analitica","","","PVP sales 1 (4252501); Storica Analitica visura per immobile - Catasto Fabbricati."
"visura-storica","AL","NOVI LIGURE","32","143","45","F","","analitica","","","PVP sales 1 (4252415); Storica Analitica visura per immobile - Catasto Fabbricati."
"visura-storica","AL","NOVI LIGURE","32","143","46","F","","analitica","","","PVP sales 1 (4252415); Storica Analitica visura per immobile - Catasto Fabbricati."
"visura-storica","AL","NOVI LIGURE","32","143","48","F","","analitica","","","PVP sales 1 (4252415); Storica Analitica visura per immobile - Catasto Fabbricati."
"visura-storica","AL","NOVI LIGURE","32","143","49","F","","analitica","","","PVP sales 1 (4252415); Storica Analitica visura per immobile - Catasto Fabbricati."
"visura-storica","AL","NOVI LIGURE","32","143","51","F","","analitica","","","PVP sales 1 (4252415); Storica Analitica visura per immobile - Catasto Fabbricati."
"visura-storica","AL","NOVI LIGURE","32","143","54","F","","analitica","","","PVP sales 1 (4252501); Storica Analitica visura per immobile - Catasto Fabbricati."
"visura-storica","AL","NOVI LIGURE","32","167","7","F","","analitica","","","PVP sales 1 (348616); Storica Analitica visura per immobile - Catasto Fabbricati."
"visura-storica","AL","NOVI LIGURE","32","167","8","F","","analitica","","","PVP sales 3 (338140,468355,468389); Storica Analitica visura per immobile - Catasto Fabbricati."
"visura-storica","AL","NOVI LIGURE","32","167","9","F","","analitica","","","PVP sales 3 (338203,468378,640088); Storica Analitica visura per immobile - Catasto Fabbricati."
"visura-storica","AL","NOVI LIGURE","32","173","1","F","","analitica","","","PVP sales 1 (348582); Storica Analitica visura per immobile - Catasto Fabbricati."
"visura-storica","AL","NOVI LIGURE","32","173","3","F","","analitica","","","PVP sales 1 (348582); Storica Analitica visura per immobile - Catasto Fabbricati."
"visura-storica","AL","NOVI LIGURE","32","173","4","F","","analitica","","","PVP sales 1 (348582); Storica Analitica visura per immobile - Catasto Fabbricati."
"visura-storica","AL","NOVI LIGURE","32","173","5","F","","analitica","","","PVP sales 1 (348582); Storica Analitica visura per immobile - Catasto Fabbricati."
"visura-storica","AL","NOVI LIGURE","32","173","6","F","","analitica","","","PVP sales 1 (348582); Storica Analitica visura per immobile - Catasto Fabbricati."
"visura-storica","AL","NOVI LIGURE","32","268","12","F","","analitica","","","PVP sales 1 (4527718); Storica Analitica visura per immobile - Catasto Fabbricati."
"visura-storica","AL","NOVI LIGURE","32","268","24","F","","analitica","","","PVP sales 1 (4527718); Storica Analitica visura per immobile - Catasto Fabbricati."
"visura-storica","AL","NOVI LIGURE","32","396","","F","","analitica","","","PVP sales 1 (297595); Storica Analitica visura per immobile - Catasto Fabbricati."
"visura-storica","AL","NOVI LIGURE","32","396","","T","","analitica","","","PVP sales 1 (297595); Storica Analitica visura per immobile - Catasto Terreni."
"visura-storica","AL","NOVI LIGURE","32","396","14","F","","analitica","","","PVP sales 1 (443638); Storica Analitica visura per immobile - Catasto Fabbricati."
"visura-storica","AL","NOVI LIGURE","32","396","3","F","","analitica","","","PVP sales 1 (443638); Storica Analitica visura per immobile - Catasto Fabbricati."
"visura-storica","AL","NOVI LIGURE","32","568","","F","","analitica","","","PVP sales 1 (1647339); Storica Analitica visura per immobile - Catasto Fabbricati."
"visura-storica","AL","NOVI LIGURE","32","568","","T","","analitica","","","PVP sales 1 (1647339); Storica Analitica visura per immobile - Catasto Terreni."
"visura-storica","AL","NOVI LIGURE","32","568","1","F","","analitica","","","PVP sales 2 (1486963,1647299); Storica Analitica visura per immobile - Catasto Fabbricati."
"visura-storica","AL","NOVI LIGURE","32","568","2","F","","analitica","","","PVP sales 1 (1486460); Storica Analitica visura per immobile - Catasto Fabbricati."
"visura-storica","AL","NOVI LIGURE","32","713","19","F","","analitica","","","PVP sales 1 (4252415); Storica Analitica visura per immobile - Catasto Fabbricati."
"visura-storica","AL","NOVI LIGURE","32","713","21","F","","analitica","","","PVP sales 1 (4252415); Storica Analitica visura per immobile - Catasto Fabbricati."
"visura-storica","AL","NOVI LIGURE","32","713","23","F","","analitica","","","PVP sales 1 (4252501); Storica Analitica visura per immobile - Catasto Fabbricati."
"visura-storica","AL","NOVI LIGURE","32","713","24","F","","analitica","","","PVP sales 1 (4252501); Storica Analitica visura per immobile - Catasto Fabbricati."
"visura-storica","AL","NOVI LIGURE","32","713","29","F","","analitica","","","PVP sales 1 (4252415); Storica Analitica visura per immobile - Catasto Fabbricati."
"visura-storica","AL","NOVI LIGURE","32","713","30","F","","analitica","","","PVP sales 2 (4252531,4452636); Storica Analitica visura per immobile - Catasto Fabbricati."
"visura-storica","AL","NOVI LIGURE","32","823","8","F","","analitica","","","PVP sales 1 (4474880); Storica Analitica visura per immobile - Catasto Fabbricati."
"visura-storica","AL","NOVI LIGURE","32","847","10","F","","analitica","","","PVP sales 1 (495194); Storica Analitica visura per immobile - Catasto Fabbricati."
"visura-storica","AL","NOVI LIGURE","32","847","9","F","","analitica","","","PVP sales 1 (495194); Storica Analitica visura per immobile - Catasto Fabbricati."
"visura-storica","AL","NOVI LIGURE","32","851","9","F","","analitica","","","PVP sales 1 (1161483); Storica Analitica visura per immobile - Catasto Fabbricati."
"visura-storica","AL","NOVI LIGURE","32","869","11","F","","analitica","","","PVP sales 3 (338140,468355,468389); Storica Analitica visura per immobile - Catasto Fabbricati."
"visura-storica","AL","NOVI LIGURE","32","871","5","F","","analitica","","","PVP sales 1 (348616); Storica Analitica visura per immobile - Catasto Fabbricati."
"visura-storica","AL","NOVI LIGURE","32","871","6","F","","analitica","","","PVP sales 3 (338203,468378,640088); Storica Analitica visura per immobile - Catasto Fabbricati."
"visura-storica","AL","NOVI LIGURE","32","983","13","F","","analitica","","","PVP sales 1 (4387631); Storica Analitica visura per immobile - Catasto Fabbricati."
"visura-storica","AL","NOVI LIGURE","33","110","6","F","","analitica","","","PVP sales 3 (333864,337889,466012); Storica Analitica visura per immobile - Catasto Fabbricati."
"visura-storica","AL","NOVI LIGURE","33","110","7","F","","analitica","","","PVP sales 3 (333864,337889,466012); Storica Analitica visura per immobile - Catasto Fabbricati."
"visura-storica","AL","NOVI LIGURE","33","110","8","F","","analitica","","","PVP sales 3 (333864,337889,466012); Storica Analitica visura per immobile - Catasto Fabbricati."
"visura-storica","AL","NOVI LIGURE","33","45","4","F","","analitica","","","PVP sales 1 (4545034); Storica Analitica visura per immobile - Catasto Fabbricati."
"visura-storica","AL","NOVI LIGURE","33","520","15","F","","analitica","","","PVP sales 1 (2046259); Storica Analitica visura per immobile - Catasto Fabbricati."
"visura-storica","AL","NOVI LIGURE","33","573","28","F","","analitica","","","PVP sales 1 (1670638); Storica Analitica visura per immobile - Catasto Fabbricati."
"visura-storica","AL","NOVI LIGURE","34","313","17","F","","analitica","","","PVP sales 1 (1599544); Storica Analitica visura per immobile - Catasto Fabbricati."
"visura-storica","AL","NOVI LIGURE","34","59","10","F","","analitica","","","PVP sales 2 (4358814,4427449); Storica Analitica visura per immobile - Catasto Fabbricati."
"visura-storica","AL","NOVI LIGURE","34","59","5","F","","analitica","","","PVP sales 2 (4358814,4427449); Storica Analitica visura per immobile - Catasto Fabbricati."
"visura-storica","AL","NOVI LIGURE","34","59","6","F","","analitica","","","PVP sales 2 (4358814,4427449); Storica Analitica visura per immobile - Catasto Fabbricati."
"visura-storica","AL","NOVI LIGURE","34","59","8","F","","analitica","","","PVP sales 2 (4358814,4427449); Storica Analitica visura per immobile - Catasto Fabbricati."
"visura-storica","AL","NOVI LIGURE","34","59","9","F","","analitica","","","PVP sales 2 (4358814,4427449); Storica Analitica visura per immobile - Catasto Fabbricati."
"visura-storica","AL","NOVI LIGURE","35","154","","F","","analitica","","","PVP sales 3 (4426918,4493478,4549820); Storica Analitica visura per immobile - Catasto Fabbricati."
"visura-storica","AL","NOVI LIGURE","35","154","","T","","analitica","","","PVP sales 3 (4426918,4493478,4549820); Storica Analitica visura per immobile - Catasto Terreni."
"visura-storica","AL","NOVI LIGURE","35","22","","F","","analitica","","","PVP sales 3 (4426918,4493478,4549820); Storica Analitica visura per immobile - Catasto Fabbricati."
"visura-storica","AL","NOVI LIGURE","35","22","","T","","analitica","","","PVP sales 3 (4426918,4493478,4549820); Storica Analitica visura per immobile - Catasto Terreni."
"visura-storica","AL","NOVI LIGURE","35","23","","F","","analitica","","","PVP sales 3 (4426918,4493478,4549820); Storica Analitica visura per immobile - Catasto Fabbricati."
"visura-storica","AL","NOVI LIGURE","35","23","","T","","analitica","","","PVP sales 3 (4426918,4493478,4549820); Storica Analitica visura per immobile - Catasto Terreni."
"visura-storica","AL","NOVI LIGURE","35","237","4","F","","analitica","","","PVP sales 1 (379162); Storica Analitica visura per immobile - Catasto Fabbricati."
"visura-storica","AL","NOVI LIGURE","35","33","","F","","analitica","","","PVP sales 3 (4426918,4493478,4549820); Storica Analitica visura per immobile - Catasto Fabbricati."
"visura-storica","AL","NOVI LIGURE","35","33","","T","","analitica","","","PVP sales 3 (4426918,4493478,4549820); Storica Analitica visura per immobile - Catasto Terreni."
"visura-storica","AL","NOVI LIGURE","35","370","","F","","analitica","","","PVP sales 3 (4426918,4493478,4549820); Storica Analitica visura per immobile - Catasto Fabbricati."
"visura-storica","AL","NOVI LIGURE","35","370","","T","","analitica","","","PVP sales 3 (4426918,4493478,4549820); Storica Analitica visura per immobile - Catasto Terreni."
"visura-storica","AL","NOVI LIGURE","35","407","","F","","analitica","","","PVP sales 3 (4426918,4493478,4549820); Storica Analitica visura per immobile - Catasto Fabbricati."
"visura-storica","AL","NOVI LIGURE","35","407","","T","","analitica","","","PVP sales 3 (4426918,4493478,4549820); Storica Analitica visura per immobile - Catasto Terreni."
"visura-storica","AL","NOVI LIGURE","35","546","","F","","analitica","","","PVP sales 3 (4426918,4493478,4549820); Storica Analitica visura per immobile - Catasto Fabbricati."
"visura-storica","AL","NOVI LIGURE","35","546","","T","","analitica","","","PVP sales 3 (4426918,4493478,4549820); Storica Analitica visura per immobile - Catasto Terreni."
"visura-storica","AL","NOVI LIGURE","35","716","","F","","analitica","","","PVP sales 3 (4426918,4493478,4549820); Storica Analitica visura per immobile - Catasto Fabbricati."
"visura-storica","AL","NOVI LIGURE","35","716","","T","","analitica","","","PVP sales 3 (4426918,4493478,4549820); Storica Analitica visura per immobile - Catasto Terreni."
"visura-storica","AL","NOVI LIGURE","4","62","1","F","","analitica","","","PVP sales 1 (4527372); Storica Analitica visura per immobile - Catasto Fabbricati."
"visura-storica","AL","NOVI LIGURE","4","63","","F","","analitica","","","PVP sales 1 (4527372); Storica Analitica visura per immobile - Catasto Fabbricati."
"visura-storica","AL","NOVI LIGURE","4","63","","T","","analitica","","","PVP sales 1 (4527372); Storica Analitica visura per immobile - Catasto Terreni."
"visura-storica","AL","NOVI LIGURE","4","64","71","F","","analitica","","","PVP sales 1 (4527372); Storica Analitica visura per immobile - Catasto Fabbricati."
"visura-storica","AL","NOVI LIGURE","4","71","3","F","","analitica","","","PVP sales 1 (4527372); Storica Analitica visura per immobile - Catasto Fabbricati."
"visura-storica","AL","OCCIMIANO","20","136","","F","","analitica","","","PVP sales 1 (4220452); Storica Analitica visura per immobile - Catasto Fabbricati."
"visura-storica","AL","OCCIMIANO","20","136","","T","","analitica","","","PVP sales 1 (4220452); Storica Analitica visura per immobile - Catasto Terreni."
"visura-storica","AL","OCCIMIANO","21","341","","F","","analitica","","","PVP sales 1 (4467404); Storica Analitica visura per immobile - Catasto Fabbricati."
"visura-storica","AL","OCCIMIANO","21","341","","T","","analitica","","","PVP sales 1 (4467404); Storica Analitica visura per immobile - Catasto Terreni."
"visura-storica","AL","OCCIMIANO","21","721","5","F","","analitica","","","PVP sales 1 (4224088); Storica Analitica visura per immobile - Catasto Fabbricati."
"visura-storica","AL","OCCIMIANO","21","721","6","F","","analitica","","","PVP sales 1 (4224088); Storica Analitica visura per immobile - Catasto Fabbricati."
"visura-storica","AL","OCCIMIANO","23","165","","F","","analitica","","","PVP sales 1 (4220469); Storica Analitica visura per immobile - Catasto Fabbricati."
"visura-storica","AL","OCCIMIANO","23","165","","T","","analitica","","","PVP sales 1 (4220469); Storica Analitica visura per immobile - Catasto Terreni."
"visura-storica","AL","ODALENGO GRANDE","10","86","","F","","analitica","","","PVP sales 2 (4468281,4531491); Storica Analitica visura per immobile - Catasto Fabbricati."
"visura-storica","AL","ODALENGO GRANDE","10","86","","T","","analitica","","","PVP sales 2 (4468281,4531491); Storica Analitica visura per immobile - Catasto Terreni."
"visura-storica","AL","ODALENGO GRANDE","4","65","","F","","analitica","","","PVP sales 2 (4468281,4531491); Storica Analitica visura per immobile - Catasto Fabbricati."
"visura-storica","AL","ODALENGO GRANDE","4","65","","T","","analitica","","","PVP sales 2 (4468281,4531491); Storica Analitica visura per immobile - Catasto Terreni."
"visura-storica","AL","ODALENGO GRANDE","4","66","","F","","analitica","","","PVP sales 2 (4468281,4531491); Storica Analitica visura per immobile - Catasto Fabbricati."
"visura-storica","AL","ODALENGO GRANDE","4","66","","T","","analitica","","","PVP sales 2 (4468281,4531491); Storica Analitica visura per immobile - Catasto Terreni."
"visura-storica","AL","ODALENGO GRANDE","7","25","2","F","","analitica","","","PVP sales 1 (2162972); Storica Analitica visura per immobile - Catasto Fabbricati."
"visura-storica","AL","ODALENGO GRANDE","8","208","","F","","analitica","","","PVP sales 2 (4468281,4531491); Storica Analitica visura per immobile - Catasto Fabbricati."
"visura-storica","AL","ODALENGO GRANDE","8","208","","T","","analitica","","","PVP sales 2 (4468281,4531491); Storica Analitica visura per immobile - Catasto Terreni."
"visura-storica","AL","ODALENGO GRANDE","8","217","","F","","analitica","","","PVP sales 2 (4468281,4531491); Storica Analitica visura per immobile - Catasto Fabbricati."
"visura-storica","AL","ODALENGO GRANDE","8","217","","T","","analitica","","","PVP sales 2 (4468281,4531491); Storica Analitica visura per immobile - Catasto Terreni."
"visura-storica","AL","ODALENGO GRANDE","8","219","","F","","analitica","","","PVP sales 2 (4468281,4531491); Storica Analitica visura per immobile - Catasto Fabbricati."
"visura-storica","AL","ODALENGO GRANDE","8","219","","T","","analitica","","","PVP sales 2 (4468281,4531491); Storica Analitica visura per immobile - Catasto Terreni."
"visura-storica","AL","ODALENGO GRANDE","8","220","","F","","analitica","","","PVP sales 2 (4468281,4531491); Storica Analitica visura per immobile - Catasto Fabbricati."
"visura-storica","AL","ODALENGO GRANDE","8","220","","T","","analitica","","","PVP sales 2 (4468281,4531491); Storica Analitica visura per immobile - Catasto Terreni."
"visura-storica","AL","ODALENGO GRANDE","8","92","","F","","analitica","","","PVP sales 2 (4468281,4531491); Storica Analitica visura per immobile - Catasto Fabbricati."
"visura-storica","AL","ODALENGO GRANDE","8","92","","T","","analitica","","","PVP sales 2 (4468281,4531491); Storica Analitica visura per immobile - Catasto Terreni."
"visura-storica","AL","ORSARA BORMIDA","4","230","","F","","analitica","","","PVP sales 1 (4328874); Storica Analitica visura per immobile - Catasto Fabbricati."
"visura-storica","AL","ORSARA BORMIDA","4","230","1","F","","analitica","","","PVP sales 1 (2223893); Storica Analitica visura per immobile - Catasto Fabbricati."
"visura-storica","AL","ORSARA BORMIDA","4","230","2","F","","analitica","","","PVP sales 1 (2223893); Storica Analitica visura per immobile - Catasto Fabbricati."
"visura-storica","AL","ORSARA BORMIDA","4","231","","F","","analitica","","","PVP sales 1 (4328874); Storica Analitica visura per immobile - Catasto Fabbricati."
"visura-storica","AL","ORSARA BORMIDA","4","231","","T","","analitica","","","PVP sales 2 (2223893,4328874); Storica Analitica visura per immobile - Catasto Terreni."
"visura-storica","AL","ORSARA BORMIDA","4","232","","F","","analitica","","","PVP sales 1 (4328874); Storica Analitica visura per immobile - Catasto Fabbricati."
"visura-storica","AL","ORSARA BORMIDA","4","232","","T","","analitica","","","PVP sales 1 (4328874); Storica Analitica visura per immobile - Catasto Terreni."
"visura-storica","AL","ORSARA BORMIDA","4","989","","F","","analitica","","","PVP sales 1 (4328874); Storica Analitica visura per immobile - Catasto Fabbricati."
"visura-storica","AL","ORSARA BORMIDA","4","989","","T","","analitica","","","PVP sales 2 (2223893,4328874); Storica Analitica visura per immobile - Catasto Terreni."
"visura-storica","AL","ORSARA BORMIDA","4","991","","F","","analitica","","","PVP sales 1 (4328874); Storica Analitica visura per immobile - Catasto Fabbricati."
"visura-storica","AL","ORSARA BORMIDA","4","991","","T","","analitica","","","PVP sales 2 (2223893,4328874); Storica Analitica visura per immobile - Catasto Terreni."
"visura-storica","AL","ORSARA BORMIDA","4","992","","F","","analitica","","","PVP sales 1 (4328874); Storica Analitica visura per immobile - Catasto Fabbricati."
"visura-storica","AL","ORSARA BORMIDA","4","992","","T","","analitica","","","PVP sales 2 (2223893,4328874); Storica Analitica visura per immobile - Catasto Terreni."
"visura-storica","AL","OTTIGLIO","3","147","","F","","analitica","","","PVP sales 1 (451325); Storica Analitica visura per immobile - Catasto Fabbricati."
"visura-storica","AL","OTTIGLIO","3","147","","T","","analitica","","","PVP sales 1 (451325); Storica Analitica visura per immobile - Catasto Terreni."
"visura-storica","AL","OTTIGLIO","3","147","4","F","","analitica","","","PVP sales 1 (451325); Storica Analitica visura per immobile - Catasto Fabbricati."
"visura-storica","AL","OTTIGLIO","3","401","","F","","analitica","","","PVP sales 1 (451325); Storica Analitica visura per immobile - Catasto Fabbricati."
"visura-storica","AL","OTTIGLIO","3","401","","T","","analitica","","","PVP sales 1 (451325); Storica Analitica visura per immobile - Catasto Terreni."
"visura-storica","AL","OTTIGLIO","8","141","","F","","analitica","","","PVP sales 5 (415158,470206,603053,766467,882679); Storica Analitica visura per immobile - Catasto Fabbricati."
"visura-storica","AL","OTTIGLIO","8","141","","T","","analitica","","","PVP sales 5 (415158,470206,603053,766467,882679); Storica Analitica visura per immobile - Catasto Terreni."
"visura-storica","AL","OTTIGLIO","8","155","","F","","analitica","","","PVP sales 5 (415158,470206,603053,766467,882679); Storica Analitica visura per immobile - Catasto Fabbricati."
"visura-storica","AL","OTTIGLIO","8","155","","T","","analitica","","","PVP sales 5 (415158,470206,603053,766467,882679); Storica Analitica visura per immobile - Catasto Terreni."
"visura-storica","AL","OVADA","13","300","","F","","analitica","","","PVP sales 1 (203837); Storica Analitica visura per immobile - Catasto Fabbricati."
"visura-storica","AL","OVADA","13","300","","T","","analitica","","","PVP sales 1 (203837); Storica Analitica visura per immobile - Catasto Terreni."
"visura-storica","AL","OVADA","13","300","10","F","","analitica","","","PVP sales 1 (203837); Storica Analitica visura per immobile - Catasto Fabbricati."
"visura-storica","AL","OVADA","13","300","2","F","","analitica","","","PVP sales 1 (203837); Storica Analitica visura per immobile - Catasto Fabbricati."
"visura-storica","AL","OVADA","13","300","9","F","","analitica","","","PVP sales 1 (203837); Storica Analitica visura per immobile - Catasto Fabbricati."
"visura-storica","AL","OVADA","14","935","51","F","","analitica","","","PVP sales 1 (4246171); Storica Analitica visura per immobile - Catasto Fabbricati."
"visura-storica","AL","OVADA","14","935","7","F","","analitica","","","PVP sales 1 (4246171); Storica Analitica visura per immobile - Catasto Fabbricati."
"visura-storica","AL","OVADA","16","145","4","F","","analitica","","","PVP sales 1 (1541279); Storica Analitica visura per immobile - Catasto Fabbricati."
"visura-storica","AL","OVADA","18","13","13","F","","analitica","","","PVP sales 1 (1100358); Storica Analitica visura per immobile - Catasto Fabbricati."
"visura-storica","AL","OVADA","18","143","21","F","","analitica","","","PVP sales 1 (4533313); Storica Analitica visura per immobile - Catasto Fabbricati."
"visura-storica","AL","OVADA","18","151","15","F","","analitica","","","PVP sales 1 (649039); Storica Analitica visura per immobile - Catasto Fabbricati."
"visura-storica","AL","OVADA","18","151","7","F","","analitica","","","PVP sales 2 (432151,610641); Storica Analitica visura per immobile - Catasto Fabbricati."
"visura-storica","AL","OVADA","32","33","10","F","","analitica","","","PVP sales 1 (1504712); Storica Analitica visura per immobile - Catasto Fabbricati."
"visura-storica","AL","OVADA","32","33","9","F","","analitica","","","PVP sales 2 (261178,510924); Storica Analitica visura per immobile - Catasto Fabbricati."
"visura-storica","AL","OVADA","5","102","","F","","analitica","","","PVP sales 3 (4436027,4485987,4557658); Storica Analitica visura per immobile - Catasto Fabbricati."
"visura-storica","AL","OVADA","5","102","","T","","analitica","","","PVP sales 3 (4436027,4485987,4557658); Storica Analitica visura per immobile - Catasto Terreni."
"visura-storica","AL","OVADA","5","103","","F","","analitica","","","PVP sales 3 (4436027,4485987,4557658); Storica Analitica visura per immobile - Catasto Fabbricati."
"visura-storica","AL","OVADA","5","103","","T","","analitica","","","PVP sales 3 (4436027,4485987,4557658); Storica Analitica visura per immobile - Catasto Terreni."
"visura-storica","AL","OVADA","5","223","","F","","analitica","","","PVP sales 3 (4436027,4485987,4557658); Storica Analitica visura per immobile - Catasto Fabbricati."
"visura-storica","AL","OVADA","5","223","","T","","analitica","","","PVP sales 3 (4436027,4485987,4557658); Storica Analitica visura per immobile - Catasto Terreni."
"visura-storica","AL","OVADA","6","101","4","F","","analitica","","","PVP sales 1 (1434638); Storica Analitica visura per immobile - Catasto Fabbricati."
"visura-storica","AL","OVADA","6","102","","F","","analitica","","","PVP sales 1 (1434638); Storica Analitica visura per immobile - Catasto Fabbricati."
"visura-storica","AL","OVADA","6","102","","T","","analitica","","","PVP sales 1 (1434638); Storica Analitica visura per immobile - Catasto Terreni."
"visura-storica","AL","OVADA","6","103","","F","","analitica","","","PVP sales 1 (1434638); Storica Analitica visura per immobile - Catasto Fabbricati."
"visura-storica","AL","OVADA","6","103","","T","","analitica","","","PVP sales 1 (1434638); Storica Analitica visura per immobile - Catasto Terreni."
"visura-storica","AL","OVADA","6","417","2","F","","analitica","","","PVP sales 1 (1434638); Storica Analitica visura per immobile - Catasto Fabbricati."
"visura-storica","AL","OVADA","6","501","","F","","analitica","","","PVP sales 1 (1434638); Storica Analitica visura per immobile - Catasto Fabbricati."
"visura-storica","AL","OVADA","6","501","","T","","analitica","","","PVP sales 1 (1434638); Storica Analitica visura per immobile - Catasto Terreni."
"visura-storica","AL","OVADA","6","98","","F","","analitica","","","PVP sales 1 (1434638); Storica Analitica visura per immobile - Catasto Fabbricati."
"visura-storica","AL","OVADA","6","98","","T","","analitica","","","PVP sales 1 (1434638); Storica Analitica visura per immobile - Catasto Terreni."
"visura-storica","AL","OVADA","6","99","","F","","analitica","","","PVP sales 1 (1434638); Storica Analitica visura per immobile - Catasto Fabbricati."
"visura-storica","AL","OVADA","6","99","","T","","analitica","","","PVP sales 1 (1434638); Storica Analitica visura per immobile - Catasto Terreni."
"visura-storica","AL","OVADA","7","152","1","F","","analitica","","","PVP sales 2 (361867,440801); Storica Analitica visura per immobile - Catasto Fabbricati."
"visura-storica","AL","OVADA","7","152","11","F","","analitica","","","PVP sales 2 (361867,440801); Storica Analitica visura per immobile - Catasto Fabbricati."
"visura-storica","AL","OVADA","7","152","191","F","","analitica","","","PVP sales 2 (361867,440801); Storica Analitica visura per immobile - Catasto Fabbricati."
"visura-storica","AL","OVADA","7","152","73","F","","analitica","","","PVP sales 2 (361867,440801); Storica Analitica visura per immobile - Catasto Fabbricati."
"visura-storica","AL","OVADA","7","71","10","F","","analitica","","","PVP sales 1 (702539); Storica Analitica visura per immobile - Catasto Fabbricati."
"visura-storica","AL","OVADA","7","71","11","F","","analitica","","","PVP sales 1 (702539); Storica Analitica visura per immobile - Catasto Fabbricati."
"visura-storica","AL","OVADA","7","71","12","F","","analitica","","","PVP sales 1 (702539); Storica Analitica visura per immobile - Catasto Fabbricati."
"visura-storica","AL","OVADA","7","71","13","F","","analitica","","","PVP sales 1 (702539); Storica Analitica visura per immobile - Catasto Fabbricati."
"visura-storica","AL","OVADA","7","71","14","F","","analitica","","","PVP sales 1 (702539); Storica Analitica visura per immobile - Catasto Fabbricati."
"visura-storica","AL","OVADA","7","71","15","F","","analitica","","","PVP sales 1 (702539); Storica Analitica visura per immobile - Catasto Fabbricati."
"visura-storica","AL","OVADA","7","71","7","F","","analitica","","","PVP sales 1 (2255513); Storica Analitica visura per immobile - Catasto Fabbricati."
"visura-storica","AL","OVADA","7","71","8","F","","analitica","","","PVP sales 1 (2255504); Storica Analitica visura per immobile - Catasto Fabbricati."
"visura-storica","AL","OVADA","7","71","9","F","","analitica","","","PVP sales 1 (702539); Storica Analitica visura per immobile - Catasto Fabbricati."
"visura-storica","AL","OVADA","8","1221","5","F","","analitica","","","PVP sales 1 (4210888); Storica Analitica visura per immobile - Catasto Fabbricati."
"visura-storica","AL","OVADA","8","1391","","F","","analitica","","","PVP sales 1 (4210888); Storica Analitica visura per immobile - Catasto Fabbricati."
"visura-storica","AL","OVADA","8","1391","","T","","analitica","","","PVP sales 1 (4210888); Storica Analitica visura per immobile - Catasto Terreni."
"visura-storica","AL","OVADA","8","1392","","F","","analitica","","","PVP sales 1 (4210888); Storica Analitica visura per immobile - Catasto Fabbricati."
"visura-storica","AL","OVADA","8","1392","","T","","analitica","","","PVP sales 1 (4210888); Storica Analitica visura per immobile - Catasto Terreni."
"visura-storica","AL","OVADA","8","284","23","F","","analitica","","","PVP sales 1 (395668); Storica Analitica visura per immobile - Catasto Fabbricati."
"visura-storica","AL","OVIGLIO","12","125","","F","","analitica","","","PVP sales 2 (2173903,4424763); Storica Analitica visura per immobile - Catasto Fabbricati."
"visura-storica","AL","OVIGLIO","12","125","","T","","analitica","","","PVP sales 2 (2173903,4424763); Storica Analitica visura per immobile - Catasto Terreni."
"visura-storica","AL","OVIGLIO","12","130","","F","","analitica","","","PVP sales 2 (2173903,4424763); Storica Analitica visura per immobile - Catasto Fabbricati."
"visura-storica","AL","OVIGLIO","12","130","","T","","analitica","","","PVP sales 2 (2173903,4424763); Storica Analitica visura per immobile - Catasto Terreni."
"visura-storica","AL","OVIGLIO","12","131","","F","","analitica","","","PVP sales 2 (2173903,4424763); Storica Analitica visura per immobile - Catasto Fabbricati."
"visura-storica","AL","OVIGLIO","12","131","","T","","analitica","","","PVP sales 2 (2173903,4424763); Storica Analitica visura per immobile - Catasto Terreni."
"visura-storica","AL","OVIGLIO","12","132","","F","","analitica","","","PVP sales 2 (2173903,4424763); Storica Analitica visura per immobile - Catasto Fabbricati."
"visura-storica","AL","OVIGLIO","12","132","","T","","analitica","","","PVP sales 2 (2173903,4424763); Storica Analitica visura per immobile - Catasto Terreni."
"visura-storica","AL","OVIGLIO","12","133","","F","","analitica","","","PVP sales 2 (2173903,4424763); Storica Analitica visura per immobile - Catasto Fabbricati."
"visura-storica","AL","OVIGLIO","12","133","","T","","analitica","","","PVP sales 2 (2173903,4424763); Storica Analitica visura per immobile - Catasto Terreni."
"visura-storica","AL","OVIGLIO","12","134","","F","","analitica","","","PVP sales 2 (2173903,4424763); Storica Analitica visura per immobile - Catasto Fabbricati."
"visura-storica","AL","OVIGLIO","12","134","","T","","analitica","","","PVP sales 2 (2173903,4424763); Storica Analitica visura per immobile - Catasto Terreni."
"visura-storica","AL","OVIGLIO","12","135","","F","","analitica","","","PVP sales 2 (2173903,4424763); Storica Analitica visura per immobile - Catasto Fabbricati."
"visura-storica","AL","OVIGLIO","12","135","","T","","analitica","","","PVP sales 2 (2173903,4424763); Storica Analitica visura per immobile - Catasto Terreni."
"visura-storica","AL","OVIGLIO","12","136","","F","","analitica","","","PVP sales 2 (2173903,4424763); Storica Analitica visura per immobile - Catasto Fabbricati."
"visura-storica","AL","OVIGLIO","12","136","","T","","analitica","","","PVP sales 2 (2173903,4424763); Storica Analitica visura per immobile - Catasto Terreni."
"visura-storica","AL","OVIGLIO","12","139","","F","","analitica","","","PVP sales 2 (2173848,4424747); Storica Analitica visura per immobile - Catasto Fabbricati."
"visura-storica","AL","OVIGLIO","12","139","","T","","analitica","","","PVP sales 2 (2173848,4424747); Storica Analitica visura per immobile - Catasto Terreni."
"visura-storica","AL","OVIGLIO","18","1111","10","F","","analitica","","","PVP sales 3 (4424207,4489645,4560847); Storica Analitica visura per immobile - Catasto Fabbricati."
"visura-storica","AL","OVIGLIO","18","1111","11","F","","analitica","","","PVP sales 3 (4424207,4489645,4560847); Storica Analitica visura per immobile - Catasto Fabbricati."
"visura-storica","AL","OVIGLIO","18","1111","6","F","","analitica","","","PVP sales 3 (4424207,4489645,4560847); Storica Analitica visura per immobile - Catasto Fabbricati."
"visura-storica","AL","OVIGLIO","18","1111","8","F","","analitica","","","PVP sales 3 (4424207,4489645,4560847); Storica Analitica visura per immobile - Catasto Fabbricati."
"visura-storica","AL","OVIGLIO","18","1111","9","F","","analitica","","","PVP sales 3 (4424207,4489645,4560847); Storica Analitica visura per immobile - Catasto Fabbricati."
"visura-storica","AL","OVIGLIO","18","1527","1","F","","analitica","","","PVP sales 3 (4424207,4489645,4560847); Storica Analitica visura per immobile - Catasto Fabbricati."
"visura-storica","AL","OVIGLIO","18","1527","2","F","","analitica","","","PVP sales 3 (4424207,4489645,4560847); Storica Analitica visura per immobile - Catasto Fabbricati."
"visura-storica","AL","OVIGLIO","18","1542","1","F","","analitica","","","PVP sales 1 (402695); Storica Analitica visura per immobile - Catasto Fabbricati."
"visura-storica","AL","OVIGLIO","18","1542","2","F","","analitica","","","PVP sales 1 (402695); Storica Analitica visura per immobile - Catasto Fabbricati."
"visura-storica","AL","OVIGLIO","18","584","2","F","","analitica","","","PVP sales 1 (395985); Storica Analitica visura per immobile - Catasto Fabbricati."
"visura-storica","AL","OVIGLIO","18","585","2","F","","analitica","","","PVP sales 1 (395985); Storica Analitica visura per immobile - Catasto Fabbricati."
"visura-storica","AL","PADERNA","6","116","1","F","","analitica","","","PVP sales 2 (1754310,2101376); Storica Analitica visura per immobile - Catasto Fabbricati."
"visura-storica","AL","PADERNA","6","116","2","F","","analitica","","","PVP sales 2 (1754310,2101376); Storica Analitica visura per immobile - Catasto Fabbricati."
"visura-storica","AL","PARODI LIGURE","10","873","1","F","","analitica","","","PVP sales 2 (98915,227603); Storica Analitica visura per immobile - Catasto Fabbricati."
"visura-storica","AL","PARODI LIGURE","13","113","6","F","","analitica","","","PVP sales 1 (1494749); Storica Analitica visura per immobile - Catasto Fabbricati."
"visura-storica","AL","PARODI LIGURE","9","186","","F","","analitica","","","PVP sales 1 (4565203); Storica Analitica visura per immobile - Catasto Fabbricati."
"visura-storica","AL","PARODI LIGURE","9","186","","T","","analitica","","","PVP sales 1 (4565203); Storica Analitica visura per immobile - Catasto Terreni."
"visura-storica","AL","PARODI LIGURE","9","202","3","F","","analitica","","","PVP sales 1 (4565203); Storica Analitica visura per immobile - Catasto Fabbricati."
"visura-storica","AL","PARODI LIGURE","9","205","1","F","","analitica","","","PVP sales 1 (4565203); Storica Analitica visura per immobile - Catasto Fabbricati."
"visura-storica","AL","PARODI LIGURE","9","448","","F","","analitica","","","PVP sales 1 (1841281); Storica Analitica visura per immobile - Catasto Fabbricati."
"visura-storica","AL","PARODI LIGURE","9","448","","T","","analitica","","","PVP sales 1 (1841281); Storica Analitica visura per immobile - Catasto Terreni."
"visura-storica","AL","PARODI LIGURE","9","910","5","F","","analitica","","","PVP sales 1 (4252810); Storica Analitica visura per immobile - Catasto Fabbricati."
"visura-storica","AL","PECETTO DI VALENZA","10","300","3","F","","analitica","","","PVP sales 1 (4257515); Storica Analitica visura per immobile - Catasto Fabbricati."
"visura-storica","AL","PECETTO DI VALENZA","13","407","2","F","","analitica","","","PVP sales 4 (271288,417388,596647,704851); Storica Analitica visura per immobile - Catasto Fabbricati."
"visura-storica","AL","PECETTO DI VALENZA","13","407","3","F","","analitica","","","PVP sales 4 (271288,417388,596647,704851); Storica Analitica visura per immobile - Catasto Fabbricati."
"visura-storica","AL","PECETTO DI VALENZA","24","609","9","F","","analitica","","","PVP sales 1 (981831); Storica Analitica visura per immobile - Catasto Fabbricati."
"visura-storica","AL","PECETTO DI VALENZA","7","162","5","F","","analitica","","","PVP sales 1 (511282); Storica Analitica visura per immobile - Catasto Fabbricati."
"visura-storica","AL","PECETTO DI VALENZA","7","162","6","F","","analitica","","","PVP sales 1 (667284); Storica Analitica visura per immobile - Catasto Fabbricati."
"visura-storica","AL","PIETRA MARAZZI","3","225","3","F","","analitica","","","PVP sales 1 (978295); Storica Analitica visura per immobile - Catasto Fabbricati."
"visura-storica","AL","PIETRA MARAZZI","3","225","6","F","","analitica","","","PVP sales 1 (978295); Storica Analitica visura per immobile - Catasto Fabbricati."
"visura-storica","AL","PIETRA MARAZZI","5","242","","F","","analitica","","","PVP sales 1 (939033); Storica Analitica visura per immobile - Catasto Fabbricati."
"visura-storica","AL","PIETRA MARAZZI","5","242","","T","","analitica","","","PVP sales 1 (939033); Storica Analitica visura per immobile - Catasto Terreni."
"visura-storica","AL","PIETRA MARAZZI","1","229","7","F","","analitica","NCU","","PVP sales 1 (661923); Storica Analitica visura per immobile - Catasto Fabbricati."
"visura-storica","AL","PIETRA MARAZZI","1","125","1","F","","analitica","PAV","","PVP sales 1 (4493568); Storica Analitica visura per immobile - Catasto Fabbricati."
"visura-storica","AL","PIETRA MARAZZI","1","125","2","F","","analitica","PAV","","PVP sales 1 (4493568); Storica Analitica visura per immobile - Catasto Fabbricati."
"visura-storica","AL","PONTECURONE","16","1190","7","F","","analitica","","","PVP sales 4 (1524948,1672278,1785771,1881166); Storica Analitica visura per immobile - Catasto Fabbricati."
"visura-storica","AL","PONTECURONE","16","1252","6","F","","analitica","","","PVP sales 1 (1950994); Storica Analitica visura per immobile - Catasto Fabbricati."
"visura-storica","AL","PONTECURONE","16","1252","7","F","","analitica","","","PVP sales 1 (1950994); Storica Analitica visura per immobile - Catasto Fabbricati."
"visura-storica","AL","PONTECURONE","16","1343","30","F","","analitica","","","PVP sales 2 (290321,416355); Storica Analitica visura per immobile - Catasto Fabbricati."
"visura-storica","AL","PONTECURONE","16","1343","5","F","","analitica","","","PVP sales 2 (600468,744567); Storica Analitica visura per immobile - Catasto Fabbricati."
"visura-storica","AL","PONTECURONE","16","1343","7","F","","analitica","","","PVP sales 4 (290321,416355,600468,744567); Storica Analitica visura per immobile - Catasto Fabbricati."
"visura-storica","AL","PONTECURONE","16","1358","34","F","","analitica","","","PVP sales 1 (2201195); Storica Analitica visura per immobile - Catasto Fabbricati."
"visura-storica","AL","PONTECURONE","16","1424","7","F","","analitica","","","PVP sales 4 (1524948,1672278,1785771,1881166); Storica Analitica visura per immobile - Catasto Fabbricati."
"visura-storica","AL","PONTECURONE","16","1572","9","F","","analitica","","","PVP sales 1 (2163064); Storica Analitica visura per immobile - Catasto Fabbricati."
"visura-storica","AL","PONTECURONE","16","2292","1","F","","analitica","","","PVP sales 2 (4478006,4537731); Storica Analitica visura per immobile - Catasto Fabbricati."
"visura-storica","AL","PONTECURONE","16","251","52","F","","analitica","","","PVP sales 1 (1440082); Storica Analitica visura per immobile - Catasto Fabbricati."
"visura-storica","AL","PONTECURONE","16","252","53","F","","analitica","","","PVP sales 1 (1440082); Storica Analitica visura per immobile - Catasto Fabbricati."
"visura-storica","AL","PONTECURONE","16","615","25","F","","analitica","","","PVP sales 1 (980901); Storica Analitica visura per immobile - Catasto Fabbricati."
"visura-storica","AL","PONTECURONE","16","671","1","F","","analitica","","","PVP sales 2 (457910,682616); Storica Analitica visura per immobile - Catasto Fabbricati."
"visura-storica","AL","PONTECURONE","16","671","2","F","","analitica","","","PVP sales 3 (457910,682269,682616); Storica Analitica visura per immobile - Catasto Fabbricati."
"visura-storica","AL","PONTECURONE","16","975","14","F","","analitica","","","PVP sales 1 (2170902); Storica Analitica visura per immobile - Catasto Fabbricati."
"visura-storica","AL","PONTECURONE","16","975","17","F","","analitica","","","PVP sales 1 (2170902); Storica Analitica visura per immobile - Catasto Fabbricati."
"visura-storica","AL","PONTECURONE","18","220","3","F","","analitica","","","PVP sales 4 (291250,416331,599152,704977); Storica Analitica visura per immobile - Catasto Fabbricati."
"visura-storica","AL","PONTECURONE","18","220","4","F","","analitica","","","PVP sales 4 (291250,416331,599152,704977); Storica Analitica visura per immobile - Catasto Fabbricati."
"visura-storica","AL","PONTECURONE","18","220","5","F","","analitica","","","PVP sales 4 (291250,416331,599152,704977); Storica Analitica visura per immobile - Catasto Fabbricati."
"visura-storica","AL","PONTECURONE","19","443","1","F","","analitica","","","PVP sales 2 (1898296,1899406); Storica Analitica visura per immobile - Catasto Fabbricati."
"visura-storica","AL","PONTECURONE","19","443","2","F","","analitica","","","PVP sales 2 (1898296,1899406); Storica Analitica visura per immobile - Catasto Fabbricati."
"visura-storica","AL","PONTECURONE","19","443","3","F","","analitica","","","PVP sales 2 (1898296,1899406); Storica Analitica visura per immobile - Catasto Fabbricati."
"visura-storica","AL","PONTECURONE","23","126","","F","","analitica","","","PVP sales 1 (464249); Storica Analitica visura per immobile - Catasto Fabbricati."
"visura-storica","AL","PONTECURONE","23","126","","T","","analitica","","","PVP sales 2 (186245,464249); Storica Analitica visura per immobile - Catasto Terreni."
"visura-storica","AL","PONTECURONE","23","28","1","F","","analitica","","","PVP sales 2 (186245,464249); Storica Analitica visura per immobile - Catasto Fabbricati."
"visura-storica","AL","PONTECURONE","23","28","2","F","","analitica","","","PVP sales 2 (186245,464249); Storica Analitica visura per immobile - Catasto Fabbricati."
"visura-storica","AL","PONTECURONE","23","28","3","F","","analitica","","","PVP sales 3 (2258102,4285555,4414539); Storica Analitica visura per immobile - Catasto Fabbricati."
"visura-storica","AL","PONTECURONE","3","239","1","F","","analitica","","","PVP sales 2 (1862515,1975847); Storica Analitica visura per immobile - Catasto Fabbricati."
"visura-storica","AL","PONTECURONE","3","239","2","F","","analitica","","","PVP sales 2 (1867776,1975910); Storica Analitica visura per immobile - Catasto Fabbricati."
"visura-storica","AL","PONTECURONE","4","145","","F","","analitica","","","PVP sales 1 (2064874); Storica Analitica visura per immobile - Catasto Fabbricati."
"visura-storica","AL","PONTECURONE","4","145","","T","","analitica","","","PVP sales 1 (2064874); Storica Analitica visura per immobile - Catasto Terreni."
"visura-storica","AL","PONTECURONE","4","146","","F","","analitica","","","PVP sales 1 (2064874); Storica Analitica visura per immobile - Catasto Fabbricati."
"visura-storica","AL","PONTECURONE","4","146","","T","","analitica","","","PVP sales 1 (2064874); Storica Analitica visura per immobile - Catasto Terreni."
"visura-storica","AL","PONTECURONE","4","61","3","F","","analitica","","","PVP sales 1 (2064874); Storica Analitica visura per immobile - Catasto Fabbricati."
"visura-storica","AL","PONTECURONE","4","61","4","F","","analitica","","","PVP sales 1 (2064874); Storica Analitica visura per immobile - Catasto Fabbricati."
"visura-storica","AL","PONTECURONE","4","61","5","F","","analitica","","","PVP sales 1 (2064874); Storica Analitica visura per immobile - Catasto Fabbricati."
"visura-storica","AL","PONTECURONE","7","108","","F","","analitica","","","PVP sales 1 (551043); Storica Analitica visura per immobile - Catasto Fabbricati."
"visura-storica","AL","PONTECURONE","7","108","","T","","analitica","","","PVP sales 1 (551043); Storica Analitica visura per immobile - Catasto Terreni."
"visura-storica","AL","PONTECURONE","7","113","","F","","analitica","","","PVP sales 1 (1995951); Storica Analitica visura per immobile - Catasto Fabbricati."
"visura-storica","AL","PONTECURONE","7","113","","T","","analitica","","","PVP sales 1 (1995951); Storica Analitica visura per immobile - Catasto Terreni."
"visura-storica","AL","PONTECURONE","7","154","","F","","analitica","","","PVP sales 1 (1995951); Storica Analitica visura per immobile - Catasto Fabbricati."
"visura-storica","AL","PONTECURONE","7","154","","T","","analitica","","","PVP sales 1 (1995951); Storica Analitica visura per immobile - Catasto Terreni."
"visura-storica","AL","PONTECURONE","7","58","","F","","analitica","","","PVP sales 1 (1995951); Storica Analitica visura per immobile - Catasto Fabbricati."
"visura-storica","AL","PONTECURONE","7","58","","T","","analitica","","","PVP sales 1 (1995951); Storica Analitica visura per immobile - Catasto Terreni."
"visura-storica","AL","PONTESTURA","10","509","","F","","analitica","","","PVP sales 1 (2131580); Storica Analitica visura per immobile - Catasto Fabbricati."
"visura-storica","AL","PONTESTURA","10","509","","T","","analitica","","","PVP sales 1 (2131580); Storica Analitica visura per immobile - Catasto Terreni."
"visura-storica","AL","PONTESTURA","10","509","32","F","","analitica","","","PVP sales 2 (2131580,2202807); Storica Analitica visura per immobile - Catasto Fabbricati."
"visura-storica","AL","PONTESTURA","10","509","35","F","","analitica","","","PVP sales 2 (2131580,2202807); Storica Analitica visura per immobile - Catasto Fabbricati."
"visura-storica","AL","PONTESTURA","10","509","36","F","","analitica","","","PVP sales 2 (2131580,2202807); Storica Analitica visura per immobile - Catasto Fabbricati."
"visura-storica","AL","PONTESTURA","10","509","37","F","","analitica","","","PVP sales 2 (2131580,2202807); Storica Analitica visura per immobile - Catasto Fabbricati."
"visura-storica","AL","PONTESTURA","10","509","38","F","","analitica","","","PVP sales 2 (2131580,2202807); Storica Analitica visura per immobile - Catasto Fabbricati."
"visura-storica","AL","PONTESTURA","10","538","","F","","analitica","","","PVP sales 2 (2131580,2202807); Storica Analitica visura per immobile - Catasto Fabbricati."
"visura-storica","AL","PONTESTURA","10","538","","T","","analitica","","","PVP sales 2 (2131580,2202807); Storica Analitica visura per immobile - Catasto Terreni."
"visura-storica","AL","PONTESTURA","10","539","","F","","analitica","","","PVP sales 2 (2131580,2202807); Storica Analitica visura per immobile - Catasto Fabbricati."
"visura-storica","AL","PONTESTURA","10","539","","T","","analitica","","","PVP sales 2 (2131580,2202807); Storica Analitica visura per immobile - Catasto Terreni."
"visura-storica","AL","PONTESTURA","10","540","","F","","analitica","","","PVP sales 2 (2131580,2202807); Storica Analitica visura per immobile - Catasto Fabbricati."
"visura-storica","AL","PONTESTURA","10","540","","T","","analitica","","","PVP sales 2 (2131580,2202807); Storica Analitica visura per immobile - Catasto Terreni."
"visura-storica","AL","PONTESTURA","18","296","1","F","","analitica","","","PVP sales 1 (841403); Storica Analitica visura per immobile - Catasto Fabbricati."
"visura-storica","AL","PONTESTURA","2","9","1","F","","analitica","","","PVP sales 3 (4394129,4493559,4565751); Storica Analitica visura per immobile - Catasto Fabbricati."
"visura-storica","AL","PONTESTURA","6","259","","F","","analitica","","","PVP sales 2 (4514282,4558570); Storica Analitica visura per immobile - Catasto Fabbricati."
"visura-storica","AL","PONTESTURA","6","259","","T","","analitica","","","PVP sales 2 (4514282,4558570); Storica Analitica visura per immobile - Catasto Terreni."
"visura-storica","AL","PONTESTURA","6","259","1","F","","analitica","","","PVP sales 1 (4474619); Storica Analitica visura per immobile - Catasto Fabbricati."
"visura-storica","AL","PONTESTURA","6","925","1","F","","analitica","","","PVP sales 4 (1714897,1901521,1978597,2131718); Storica Analitica visura per immobile - Catasto Fabbricati."
"visura-storica","AL","PONTESTURA","6","925","2","F","","analitica","","","PVP sales 4 (1714897,1901521,1978597,2131718); Storica Analitica visura per immobile - Catasto Fabbricati."
"visura-storica","AL","PONTI","11","3","","F","","analitica","","","PVP sales 1 (1765944); Storica Analitica visura per immobile - Catasto Fabbricati."
"visura-storica","AL","PONTI","11","3","","T","","analitica","","","PVP sales 1 (1765944); Storica Analitica visura per immobile - Catasto Terreni."
"visura-storica","AL","PONTI","11","4","","F","","analitica","","","PVP sales 1 (1765944); Storica Analitica visura per immobile - Catasto Fabbricati."
"visura-storica","AL","PONTI","11","4","","T","","analitica","","","PVP sales 1 (1765944); Storica Analitica visura per immobile - Catasto Terreni."
"visura-storica","AL","PONTI","11","438","1","F","","analitica","","","PVP sales 1 (1765944); Storica Analitica visura per immobile - Catasto Fabbricati."
"visura-storica","AL","PONTI","11","450","","F","","analitica","","","PVP sales 1 (1765944); Storica Analitica visura per immobile - Catasto Fabbricati."
"visura-storica","AL","PONTI","11","450","","T","","analitica","","","PVP sales 1 (1765944); Storica Analitica visura per immobile - Catasto Terreni."
"visura-storica","AL","PONZANO MONFERRATO","6","610","","F","","analitica","","","PVP sales 1 (1872996); Storica Analitica visura per immobile - Catasto Fabbricati."
"visura-storica","AL","PONZANO MONFERRATO","6","610","","T","","analitica","","","PVP sales 1 (1872996); Storica Analitica visura per immobile - Catasto Terreni."
"visura-storica","AL","PONZANO MONFERRATO","7","50","","F","","analitica","","","PVP sales 1 (4410220); Storica Analitica visura per immobile - Catasto Fabbricati."
"visura-storica","AL","PONZANO MONFERRATO","7","50","","T","","analitica","","","PVP sales 1 (4410220); Storica Analitica visura per immobile - Catasto Terreni."
"visura-storica","AL","PONZONE","10","76","5","F","","analitica","","","PVP sales 3 (4391669,4459712,4518172); Storica Analitica visura per immobile - Catasto Fabbricati."
"visura-storica","AL","PONZONE","13","8","1","F","","analitica","","","PVP sales 2 (347180,513427); Storica Analitica visura per immobile - Catasto Fabbricati."
"visura-storica","AL","PONZONE","16","156","","F","","analitica","","","PVP sales 3 (4419562,4480192,4536231); Storica Analitica visura per immobile - Catasto Fabbricati."
"visura-storica","AL","PONZONE","16","156","","T","","analitica","","","PVP sales 3 (4419562,4480192,4536231); Storica Analitica visura per immobile - Catasto Terreni."
"visura-storica","AL","PONZONE","16","171","","F","","analitica","","","PVP sales 3 (4419562,4480192,4536231); Storica Analitica visura per immobile - Catasto Fabbricati."
"visura-storica","AL","PONZONE","16","171","","T","","analitica","","","PVP sales 3 (4419562,4480192,4536231); Storica Analitica visura per immobile - Catasto Terreni."
"visura-storica","AL","PONZONE","16","172","","F","","analitica","","","PVP sales 3 (4419562,4480192,4536231); Storica Analitica visura per immobile - Catasto Fabbricati."
"visura-storica","AL","PONZONE","16","172","","T","","analitica","","","PVP sales 3 (4419562,4480192,4536231); Storica Analitica visura per immobile - Catasto Terreni."
"visura-storica","AL","PONZONE","16","173","","F","","analitica","","","PVP sales 3 (4419562,4480192,4536231); Storica Analitica visura per immobile - Catasto Fabbricati."
"visura-storica","AL","PONZONE","16","173","","T","","analitica","","","PVP sales 3 (4419562,4480192,4536231); Storica Analitica visura per immobile - Catasto Terreni."
"visura-storica","AL","PONZONE","16","286","","F","","analitica","","","PVP sales 3 (4419562,4480192,4536231); Storica Analitica visura per immobile - Catasto Fabbricati."
"visura-storica","AL","PONZONE","16","286","","T","","analitica","","","PVP sales 3 (4419562,4480192,4536231); Storica Analitica visura per immobile - Catasto Terreni."
"visura-storica","AL","PONZONE","16","3","","F","","analitica","","","PVP sales 3 (4419562,4480192,4536231); Storica Analitica visura per immobile - Catasto Fabbricati."
"visura-storica","AL","PONZONE","16","3","","T","","analitica","","","PVP sales 3 (4419562,4480192,4536231); Storica Analitica visura per immobile - Catasto Terreni."
"visura-storica","AL","PONZONE","16","4","","F","","analitica","","","PVP sales 3 (4419562,4480192,4536231); Storica Analitica visura per immobile - Catasto Fabbricati."
"visura-storica","AL","PONZONE","16","4","","T","","analitica","","","PVP sales 3 (4419562,4480192,4536231); Storica Analitica visura per immobile - Catasto Terreni."
"visura-storica","AL","PONZONE","16","47","","F","","analitica","","","PVP sales 3 (4419562,4480192,4536231); Storica Analitica visura per immobile - Catasto Fabbricati."
"visura-storica","AL","PONZONE","16","47","","T","","analitica","","","PVP sales 3 (4419562,4480192,4536231); Storica Analitica visura per immobile - Catasto Terreni."
"visura-storica","AL","PONZONE","16","48","","F","","analitica","","","PVP sales 3 (4419562,4480192,4536231); Storica Analitica visura per immobile - Catasto Fabbricati."
"visura-storica","AL","PONZONE","16","48","","T","","analitica","","","PVP sales 3 (4419562,4480192,4536231); Storica Analitica visura per immobile - Catasto Terreni."
"visura-storica","AL","PONZONE","16","49","","F","","analitica","","","PVP sales 3 (4419562,4480192,4536231); Storica Analitica visura per immobile - Catasto Fabbricati."
"visura-storica","AL","PONZONE","16","49","","T","","analitica","","","PVP sales 3 (4419562,4480192,4536231); Storica Analitica visura per immobile - Catasto Terreni."
"visura-storica","AL","PONZONE","16","50","","F","","analitica","","","PVP sales 3 (4419562,4480192,4536231); Storica Analitica visura per immobile - Catasto Fabbricati."
"visura-storica","AL","PONZONE","16","50","","T","","analitica","","","PVP sales 3 (4419562,4480192,4536231); Storica Analitica visura per immobile - Catasto Terreni."
"visura-storica","AL","PONZONE","16","51","","F","","analitica","","","PVP sales 3 (4419562,4480192,4536231); Storica Analitica visura per immobile - Catasto Fabbricati."
"visura-storica","AL","PONZONE","16","51","","T","","analitica","","","PVP sales 3 (4419562,4480192,4536231); Storica Analitica visura per immobile - Catasto Terreni."
"visura-storica","AL","PONZONE","2","787","","F","","analitica","","","PVP sales 1 (2133318); Storica Analitica visura per immobile - Catasto Fabbricati."
"visura-storica","AL","PONZONE","2","787","","T","","analitica","","","PVP sales 1 (2133318); Storica Analitica visura per immobile - Catasto Terreni."
"visura-storica","AL","PONZONE","2","800","","F","","analitica","","","PVP sales 1 (608705); Storica Analitica visura per immobile - Catasto Fabbricati."
"visura-storica","AL","PONZONE","2","800","","T","","analitica","","","PVP sales 1 (608705); Storica Analitica visura per immobile - Catasto Terreni."
"visura-storica","AL","PONZONE","2","94","42","F","","analitica","","","PVP sales 1 (473497); Storica Analitica visura per immobile - Catasto Fabbricati."
"visura-storica","AL","PONZONE","42","106","","F","","analitica","","","PVP sales 1 (334819); Storica Analitica visura per immobile - Catasto Fabbricati."
"visura-storica","AL","PONZONE","42","106","","T","","analitica","","","PVP sales 1 (334819); Storica Analitica visura per immobile - Catasto Terreni."
"visura-storica","AL","PONZONE","42","107","","F","","analitica","","","PVP sales 1 (334819); Storica Analitica visura per immobile - Catasto Fabbricati."
"visura-storica","AL","PONZONE","42","107","","T","","analitica","","","PVP sales 1 (334819); Storica Analitica visura per immobile - Catasto Terreni."
"visura-storica","AL","PONZONE","42","121","","F","","analitica","","","PVP sales 1 (334819); Storica Analitica visura per immobile - Catasto Fabbricati."
"visura-storica","AL","PONZONE","42","121","","T","","analitica","","","PVP sales 1 (334819); Storica Analitica visura per immobile - Catasto Terreni."
"visura-storica","AL","PONZONE","42","208","","F","","analitica","","","PVP sales 1 (334819); Storica Analitica visura per immobile - Catasto Fabbricati."
"visura-storica","AL","PONZONE","42","208","","T","","analitica","","","PVP sales 1 (334819); Storica Analitica visura per immobile - Catasto Terreni."
"visura-storica","AL","PONZONE","42","219","","F","","analitica","","","PVP sales 1 (334819); Storica Analitica visura per immobile - Catasto Fabbricati."
"visura-storica","AL","PONZONE","42","219","","T","","analitica","","","PVP sales 1 (334819); Storica Analitica visura per immobile - Catasto Terreni."
"visura-storica","AL","PONZONE","42","228","","F","","analitica","","","PVP sales 1 (334819); Storica Analitica visura per immobile - Catasto Fabbricati."
"visura-storica","AL","PONZONE","42","228","","T","","analitica","","","PVP sales 1 (334819); Storica Analitica visura per immobile - Catasto Terreni."
"visura-storica","AL","PONZONE","42","229","","F","","analitica","","","PVP sales 1 (334819); Storica Analitica visura per immobile - Catasto Fabbricati."
"visura-storica","AL","PONZONE","42","229","","T","","analitica","","","PVP sales 1 (334819); Storica Analitica visura per immobile - Catasto Terreni."
"visura-storica","AL","PONZONE","42","233","","F","","analitica","","","PVP sales 1 (334819); Storica Analitica visura per immobile - Catasto Fabbricati."
"visura-storica","AL","PONZONE","42","233","","T","","analitica","","","PVP sales 1 (334819); Storica Analitica visura per immobile - Catasto Terreni."
"visura-storica","AL","PONZONE","42","258","","F","","analitica","","","PVP sales 1 (334819); Storica Analitica visura per immobile - Catasto Fabbricati."
"visura-storica","AL","PONZONE","42","258","","T","","analitica","","","PVP sales 1 (334819); Storica Analitica visura per immobile - Catasto Terreni."
"visura-storica","AL","PONZONE","42","56","","F","","analitica","","","PVP sales 1 (334819); Storica Analitica visura per immobile - Catasto Fabbricati."
"visura-storica","AL","PONZONE","42","56","","T","","analitica","","","PVP sales 1 (334819); Storica Analitica visura per immobile - Catasto Terreni."
"visura-storica","AL","PONZONE","42","57","","F","","analitica","","","PVP sales 1 (334819); Storica Analitica visura per immobile - Catasto Fabbricati."
"visura-storica","AL","PONZONE","42","57","","T","","analitica","","","PVP sales 1 (334819); Storica Analitica visura per immobile - Catasto Terreni."
"visura-storica","AL","PONZONE","42","85","3","F","","analitica","","","PVP sales 2 (334819,598078); Storica Analitica visura per immobile - Catasto Fabbricati."
"visura-storica","AL","POZZOL GROPPO","6","27","","F","","analitica","","","PVP sales 2 (1719493,1845996); Storica Analitica visura per immobile - Catasto Fabbricati."
"visura-storica","AL","POZZOL GROPPO","6","27","","T","","analitica","","","PVP sales 3 (1719493,1845996,2006475); Storica Analitica visura per immobile - Catasto Terreni."
"visura-storica","AL","POZZOL GROPPO","6","28","","F","","analitica","","","PVP sales 2 (1719493,1845996); Storica Analitica visura per immobile - Catasto Fabbricati."
"visura-storica","AL","POZZOL GROPPO","6","28","","T","","analitica","","","PVP sales 2 (1719493,1845996); Storica Analitica visura per immobile - Catasto Terreni."
"visura-storica","AL","POZZOLO FORMIGARO","17","108","","F","","analitica","","","PVP sales 1 (187648); Storica Analitica visura per immobile - Catasto Fabbricati."
"visura-storica","AL","POZZOLO FORMIGARO","17","108","","T","","analitica","","","PVP sales 1 (187648); Storica Analitica visura per immobile - Catasto Terreni."
"visura-storica","AL","POZZOLO FORMIGARO","19","141","2","F","","analitica","","","PVP sales 1 (2043674); Storica Analitica visura per immobile - Catasto Fabbricati."
"visura-storica","AL","POZZOLO FORMIGARO","23","26","","F","","analitica","","","PVP sales 1 (1900141); Storica Analitica visura per immobile - Catasto Fabbricati."
"visura-storica","AL","POZZOLO FORMIGARO","23","26","","T","","analitica","","","PVP sales 1 (1900141); Storica Analitica visura per immobile - Catasto Terreni."
"visura-storica","AL","POZZOLO FORMIGARO","23","367","28","F","","analitica","","","PVP sales 2 (4448018,4472005); Storica Analitica visura per immobile - Catasto Fabbricati."
"visura-storica","AL","POZZOLO FORMIGARO","23","367","9","F","","analitica","","","PVP sales 2 (4448018,4472005); Storica Analitica visura per immobile - Catasto Fabbricati."
"visura-storica","AL","POZZOLO FORMIGARO","23","395","3","F","","analitica","","","PVP sales 1 (792213); Storica Analitica visura per immobile - Catasto Fabbricati."
"visura-storica","AL","POZZOLO FORMIGARO","24","1534","11","F","","analitica","","","PVP sales 1 (1705336); Storica Analitica visura per immobile - Catasto Fabbricati."
"visura-storica","AL","POZZOLO FORMIGARO","24","242","","F","","analitica","","","PVP sales 1 (897581); Storica Analitica visura per immobile - Catasto Fabbricati."
"visura-storica","AL","POZZOLO FORMIGARO","24","242","","T","","analitica","","","PVP sales 1 (897581); Storica Analitica visura per immobile - Catasto Terreni."
"visura-storica","AL","POZZOLO FORMIGARO","24","288","5","F","","analitica","","","PVP sales 1 (2216348); Storica Analitica visura per immobile - Catasto Fabbricati."
"visura-storica","AL","POZZOLO FORMIGARO","24","289","1","F","","analitica","","","PVP sales 1 (2216348); Storica Analitica visura per immobile - Catasto Fabbricati."
"visura-storica","AL","POZZOLO FORMIGARO","25","327","5","F","","analitica","","","PVP sales 1 (4557221); Storica Analitica visura per immobile - Catasto Fabbricati."
"visura-storica","AL","POZZOLO FORMIGARO","25","495","2","F","","analitica","","","PVP sales 1 (350585); Storica Analitica visura per immobile - Catasto Fabbricati."
"visura-storica","AL","POZZOLO FORMIGARO","25","495","6","F","","analitica","","","PVP sales 1 (350585); Storica Analitica visura per immobile - Catasto Fabbricati."
"visura-storica","AL","POZZOLO FORMIGARO","26","148","35","F","","analitica","","","PVP sales 2 (4424120,4476780); Storica Analitica visura per immobile - Catasto Fabbricati."
"visura-storica","AL","POZZOLO FORMIGARO","28","376","17","F","","analitica","","","PVP sales 1 (1473532); Storica Analitica visura per immobile - Catasto Fabbricati."
"visura-storica","AL","POZZOLO FORMIGARO","28","376","2","F","","analitica","","","PVP sales 1 (1473532); Storica Analitica visura per immobile - Catasto Fabbricati."
"visura-storica","AL","POZZOLO FORMIGARO","24","637","1","F","","analitica","POZ","","PVP sales 1 (4411894); Storica Analitica visura per immobile - Catasto Fabbricati."
"visura-storica","AL","PRASCO","2","124","","F","","analitica","","","PVP sales 1 (909260); Storica Analitica visura per immobile - Catasto Fabbricati."
"visura-storica","AL","PRASCO","2","124","","T","","analitica","","","PVP sales 1 (909260); Storica Analitica visura per immobile - Catasto Terreni."
"visura-storica","AL","PRASCO","3","57","29","F","","analitica","","","PVP sales 1 (2249728); Storica Analitica visura per immobile - Catasto Fabbricati."
"visura-storica","AL","PRASCO","3","57","33","F","","analitica","","","PVP sales 1 (2249728); Storica Analitica visura per immobile - Catasto Fabbricati."
"visura-storica","AL","PRASCO","3","574","2","F","","analitica","","","PVP sales 2 (456939,776931); Storica Analitica visura per immobile - Catasto Fabbricati."
"visura-storica","AL","PRASCO","3","574","3","F","","analitica","","","PVP sales 2 (456939,776931); Storica Analitica visura per immobile - Catasto Fabbricati."
"visura-storica","AL","PRASCO","3","575","","F","","analitica","","","PVP sales 1 (791582); Storica Analitica visura per immobile - Catasto Fabbricati."
"visura-storica","AL","PRASCO","3","575","","T","","analitica","","","PVP sales 1 (791582); Storica Analitica visura per immobile - Catasto Terreni."
"visura-storica","AL","PRASCO","3","575","1","F","","analitica","","","PVP sales 1 (452821); Storica Analitica visura per immobile - Catasto Fabbricati."
"visura-storica","AL","PRASCO","6","166","3","F","","analitica","","","PVP sales 1 (4524753); Storica Analitica visura per immobile - Catasto Fabbricati."
"visura-storica","AL","PRASCO","6","313","","F","","analitica","","","PVP sales 1 (4247401); Storica Analitica visura per immobile - Catasto Fabbricati."
"visura-storica","AL","PRASCO","6","313","","T","","analitica","","","PVP sales 1 (4247401); Storica Analitica visura per immobile - Catasto Terreni."
"visura-storica","AL","PRASCO","6","498","1","F","","analitica","","","PVP sales 1 (4524785); Storica Analitica visura per immobile - Catasto Fabbricati."
"visura-storica","AL","PREDOSA","21","336","1","F","","analitica","","","PVP sales 3 (4408952,4479381,4539748); Storica Analitica visura per immobile - Catasto Fabbricati."
"visura-storica","AL","PREDOSA","21","336","2","F","","analitica","","","PVP sales 3 (4408952,4479381,4539748); Storica Analitica visura per immobile - Catasto Fabbricati."
"visura-storica","AL","PREDOSA","21","336","3","F","","analitica","","","PVP sales 3 (4408952,4479381,4539748); Storica Analitica visura per immobile - Catasto Fabbricati."
"visura-storica","AL","PREDOSA","21","336","4","F","","analitica","","","PVP sales 3 (4408952,4479381,4539748); Storica Analitica visura per immobile - Catasto Fabbricati."
"visura-storica","AL","PREDOSA","6","1034","5","F","","analitica","","","PVP sales 2 (4480949,4539490); Storica Analitica visura per immobile - Catasto Fabbricati."
"visura-storica","AL","PREDOSA","6","689","12","F","","analitica","","","PVP sales 3 (4409648,4481013,4539508); Storica Analitica visura per immobile - Catasto Fabbricati."
"visura-storica","AL","PREDOSA","6","853","","F","","analitica","","","PVP sales 1 (1451661); Storica Analitica visura per immobile - Catasto Fabbricati."
"visura-storica","AL","PREDOSA","6","853","","T","","analitica","","","PVP sales 1 (1451661); Storica Analitica visura per immobile - Catasto Terreni."
"visura-storica","AL","PREDOSA","8","468","","F","","analitica","","","PVP sales 1 (4214735); Storica Analitica visura per immobile - Catasto Fabbricati."
"visura-storica","AL","PREDOSA","8","468","","T","","analitica","","","PVP sales 1 (4214735); Storica Analitica visura per immobile - Catasto Terreni."
"visura-storica","AL","PREDOSA","8","470","","F","","analitica","","","PVP sales 1 (4214735); Storica Analitica visura per immobile - Catasto Fabbricati."
"visura-storica","AL","PREDOSA","8","470","","T","","analitica","","","PVP sales 1 (4214735); Storica Analitica visura per immobile - Catasto Terreni."
"visura-storica","AL","PREDOSA","8","471","20","F","","analitica","","","PVP sales 1 (4214528); Storica Analitica visura per immobile - Catasto Fabbricati."
"visura-storica","AL","PREDOSA","8","516","","F","","analitica","","","PVP sales 1 (4214735); Storica Analitica visura per immobile - Catasto Fabbricati."
"visura-storica","AL","PREDOSA","8","516","","T","","analitica","","","PVP sales 1 (4214735); Storica Analitica visura per immobile - Catasto Terreni."
"visura-storica","AL","PREDOSA","8","518","","F","","analitica","","","PVP sales 1 (4214735); Storica Analitica visura per immobile - Catasto Fabbricati."
"visura-storica","AL","PREDOSA","8","518","","T","","analitica","","","PVP sales 1 (4214735); Storica Analitica visura per immobile - Catasto Terreni."
"visura-storica","AL","PREDOSA","8","583","","F","","analitica","","","PVP sales 1 (4214735); Storica Analitica visura per immobile - Catasto Fabbricati."
"visura-storica","AL","PREDOSA","8","583","","T","","analitica","","","PVP sales 1 (4214735); Storica Analitica visura per immobile - Catasto Terreni."
"visura-storica","AL","PREDOSA","8","583","1","F","","analitica","","","PVP sales 3 (1750063,2071808,4214735); Storica Analitica visura per immobile - Catasto Fabbricati."
"visura-storica","AL","PREDOSA","8","583","2","F","","analitica","","","PVP sales 3 (1750063,2071808,4214735); Storica Analitica visura per immobile - Catasto Fabbricati."
"visura-storica","AL","PREDOSA","8","583","3","F","","analitica","","","PVP sales 1 (4214735); Storica Analitica visura per immobile - Catasto Fabbricati."
"visura-storica","AL","PREDOSA","8","93","10","F","","analitica","","","PVP sales 1 (1669373); Storica Analitica visura per immobile - Catasto Fabbricati."
"visura-storica","AL","PREDOSA","8","93","2","F","","analitica","","","PVP sales 1 (1669373); Storica Analitica visura per immobile - Catasto Fabbricati."
"visura-storica","AL","QUARGNENTO","25","1011","4","F","","analitica","","","PVP sales 1 (2234736); Storica Analitica visura per immobile - Catasto Fabbricati."
"visura-storica","AL","QUARGNENTO","25","1011","7","F","","analitica","","","PVP sales 1 (2234736); Storica Analitica visura per immobile - Catasto Fabbricati."
"visura-storica","AL","QUARGNENTO","25","1029","","F","","analitica","","","PVP sales 1 (2234736); Storica Analitica visura per immobile - Catasto Fabbricati."
"visura-storica","AL","QUARGNENTO","25","1029","","T","","analitica","","","PVP sales 1 (2234736); Storica Analitica visura per immobile - Catasto Terreni."
"visura-storica","AL","QUARGNENTO","25","1134","1","F","","analitica","","","PVP sales 1 (350255); Storica Analitica visura per immobile - Catasto Fabbricati."
"visura-storica","AL","QUARGNENTO","25","1134","2","F","","analitica","","","PVP sales 1 (350255); Storica Analitica visura per immobile - Catasto Fabbricati."
"visura-storica","AL","QUARGNENTO","25","1233","","F","","analitica","","","PVP sales 2 (1947173,1947542); Storica Analitica visura per immobile - Catasto Fabbricati."
"visura-storica","AL","QUARGNENTO","25","1233","","T","","analitica","","","PVP sales 2 (1947173,1947542); Storica Analitica visura per immobile - Catasto Terreni."
"visura-storica","AL","QUARGNENTO","25","1254","","F","","analitica","","","PVP sales 3 (398631,610763,913945); Storica Analitica visura per immobile - Catasto Fabbricati."
"visura-storica","AL","QUARGNENTO","25","1254","","T","","analitica","","","PVP sales 3 (398631,610763,913945); Storica Analitica visura per immobile - Catasto Terreni."
"visura-storica","AL","QUARGNENTO","25","1261","","F","","analitica","","","PVP sales 3 (398631,610763,913945); Storica Analitica visura per immobile - Catasto Fabbricati."
"visura-storica","AL","QUARGNENTO","25","1261","","T","","analitica","","","PVP sales 3 (398631,610763,913945); Storica Analitica visura per immobile - Catasto Terreni."
"visura-storica","AL","QUARGNENTO","25","1394","","F","","analitica","","","PVP sales 2 (4451307,4525692); Storica Analitica visura per immobile - Catasto Fabbricati."
"visura-storica","AL","QUARGNENTO","25","1394","","T","","analitica","","","PVP sales 2 (4451307,4525692); Storica Analitica visura per immobile - Catasto Terreni."
"visura-storica","AL","QUARGNENTO","25","1395","","F","","analitica","","","PVP sales 2 (4451307,4525692); Storica Analitica visura per immobile - Catasto Fabbricati."
"visura-storica","AL","QUARGNENTO","25","1395","","T","","analitica","","","PVP sales 2 (4451307,4525692); Storica Analitica visura per immobile - Catasto Terreni."
"visura-storica","AL","QUARGNENTO","25","467","4","F","","analitica","","","PVP sales 2 (1947173,1947542); Storica Analitica visura per immobile - Catasto Fabbricati."
"visura-storica","AL","QUARGNENTO","25","467","5","F","","analitica","","","PVP sales 2 (1947173,1947542); Storica Analitica visura per immobile - Catasto Fabbricati."
"visura-storica","AL","QUARGNENTO","25","467","7","F","","analitica","","","PVP sales 2 (1947173,1947542); Storica Analitica visura per immobile - Catasto Fabbricati."
"visura-storica","AL","QUARGNENTO","25","467","9","F","","analitica","","","PVP sales 2 (1947173,1947542); Storica Analitica visura per immobile - Catasto Fabbricati."
"visura-storica","AL","QUARGNENTO","25","851","1","F","","analitica","","","PVP sales 3 (2138397,4269851,4409765); Storica Analitica visura per immobile - Catasto Fabbricati."
"visura-storica","AL","QUARGNENTO","25","888","1","F","","analitica","","","PVP sales 3 (2138397,4269851,4409765); Storica Analitica visura per immobile - Catasto Fabbricati."
"visura-storica","AL","QUARGNENTO","25","932","4","F","","analitica","","","PVP sales 1 (760215); Storica Analitica visura per immobile - Catasto Fabbricati."
"visura-storica","AL","QUARGNENTO","25","932","6","F","","analitica","","","PVP sales 1 (760215); Storica Analitica visura per immobile - Catasto Fabbricati."
"visura-storica","AL","QUATTORDIO","1","283","","F","","analitica","","","PVP sales 2 (291508,418067); Storica Analitica visura per immobile - Catasto Fabbricati."
"visura-storica","AL","QUATTORDIO","1","283","","T","","analitica","","","PVP sales 2 (291508,418067); Storica Analitica visura per immobile - Catasto Terreni."
"visura-storica","AL","QUATTORDIO","1","284","4","F","","analitica","","","PVP sales 3 (292352,418286,418388); Storica Analitica visura per immobile - Catasto Fabbricati."
"visura-storica","AL","QUATTORDIO","1","284","5","F","","analitica","","","PVP sales 2 (291508,418067); Storica Analitica visura per immobile - Catasto Fabbricati."
"visura-storica","AL","QUATTORDIO","1","286","2","F","","analitica","","","PVP sales 2 (291508,418067); Storica Analitica visura per immobile - Catasto Fabbricati."
"visura-storica","AL","QUATTORDIO","1","286","3","F","","analitica","","","PVP sales 2 (291508,418067); Storica Analitica visura per immobile - Catasto Fabbricati."
"visura-storica","AL","QUATTORDIO","1","286","4","F","","analitica","","","PVP sales 2 (291508,418067); Storica Analitica visura per immobile - Catasto Fabbricati."
"visura-storica","AL","QUATTORDIO","10","222","","F","","analitica","","","PVP sales 1 (4506239); Storica Analitica visura per immobile - Catasto Fabbricati."
"visura-storica","AL","QUATTORDIO","10","222","","T","","analitica","","","PVP sales 1 (4506239); Storica Analitica visura per immobile - Catasto Terreni."
"visura-storica","AL","QUATTORDIO","10","223","","F","","analitica","","","PVP sales 1 (4506239); Storica Analitica visura per immobile - Catasto Fabbricati."
"visura-storica","AL","QUATTORDIO","10","223","","T","","analitica","","","PVP sales 1 (4506239); Storica Analitica visura per immobile - Catasto Terreni."
"visura-storica","AL","QUATTORDIO","11","199","","F","","analitica","","","PVP sales 2 (470838,791834); Storica Analitica visura per immobile - Catasto Fabbricati."
"visura-storica","AL","QUATTORDIO","11","199","","T","","analitica","","","PVP sales 2 (470838,791834); Storica Analitica visura per immobile - Catasto Terreni."
"visura-storica","AL","QUATTORDIO","11","216","","F","","analitica","","","PVP sales 2 (470838,791834); Storica Analitica visura per immobile - Catasto Fabbricati."
"visura-storica","AL","QUATTORDIO","11","216","","T","","analitica","","","PVP sales 2 (470838,791834); Storica Analitica visura per immobile - Catasto Terreni."
"visura-storica","AL","QUATTORDIO","11","217","","F","","analitica","","","PVP sales 2 (470838,791834); Storica Analitica visura per immobile - Catasto Fabbricati."
"visura-storica","AL","QUATTORDIO","11","217","","T","","analitica","","","PVP sales 2 (470838,791834); Storica Analitica visura per immobile - Catasto Terreni."
"visura-storica","AL","QUATTORDIO","11","218","","F","","analitica","","","PVP sales 2 (470838,791834); Storica Analitica visura per immobile - Catasto Fabbricati."
"visura-storica","AL","QUATTORDIO","11","218","","T","","analitica","","","PVP sales 2 (470838,791834); Storica Analitica visura per immobile - Catasto Terreni."
"visura-storica","AL","QUATTORDIO","11","219","","F","","analitica","","","PVP sales 2 (470838,791834); Storica Analitica visura per immobile - Catasto Fabbricati."
"visura-storica","AL","QUATTORDIO","11","219","","T","","analitica","","","PVP sales 2 (470838,791834); Storica Analitica visura per immobile - Catasto Terreni."
"visura-storica","AL","QUATTORDIO","11","220","","F","","analitica","","","PVP sales 2 (470838,791834); Storica Analitica visura per immobile - Catasto Fabbricati."
"visura-storica","AL","QUATTORDIO","11","220","","T","","analitica","","","PVP sales 2 (470838,791834); Storica Analitica visura per immobile - Catasto Terreni."
"visura-storica","AL","QUATTORDIO","11","221","","F","","analitica","","","PVP sales 2 (470838,791834); Storica Analitica visura per immobile - Catasto Fabbricati."
"visura-storica","AL","QUATTORDIO","11","221","","T","","analitica","","","PVP sales 2 (470838,791834); Storica Analitica visura per immobile - Catasto Terreni."
"visura-storica","AL","QUATTORDIO","11","222","","F","","analitica","","","PVP sales 2 (470838,791834); Storica Analitica visura per immobile - Catasto Fabbricati."
"visura-storica","AL","QUATTORDIO","11","222","","T","","analitica","","","PVP sales 2 (470838,791834); Storica Analitica visura per immobile - Catasto Terreni."
"visura-storica","AL","QUATTORDIO","11","503","","F","","analitica","","","PVP sales 2 (470838,791834); Storica Analitica visura per immobile - Catasto Fabbricati."
"visura-storica","AL","QUATTORDIO","11","503","","T","","analitica","","","PVP sales 2 (470838,791834); Storica Analitica visura per immobile - Catasto Terreni."
"visura-storica","AL","QUATTORDIO","11","597","","F","","analitica","","","PVP sales 2 (470838,791834); Storica Analitica visura per immobile - Catasto Fabbricati."
"visura-storica","AL","QUATTORDIO","11","597","","T","","analitica","","","PVP sales 2 (470838,791834); Storica Analitica visura per immobile - Catasto Terreni."
"visura-storica","AL","QUATTORDIO","12","1072","","F","","analitica","","","PVP sales 1 (1222424); Storica Analitica visura per immobile - Catasto Fabbricati."
"visura-storica","AL","QUATTORDIO","12","1072","","T","","analitica","","","PVP sales 1 (1222424); Storica Analitica visura per immobile - Catasto Terreni."
"visura-storica","AL","QUATTORDIO","12","1125","9","F","","analitica","","","PVP sales 1 (4216612); Storica Analitica visura per immobile - Catasto Fabbricati."
"visura-storica","AL","QUATTORDIO","12","1225","1","F","","analitica","","","PVP sales 2 (2207885,4216617); Storica Analitica visura per immobile - Catasto Fabbricati."
"visura-storica","AL","QUATTORDIO","12","1225","10","F","","analitica","","","PVP sales 1 (4216640); Storica Analitica visura per immobile - Catasto Fabbricati."
"visura-storica","AL","QUATTORDIO","12","1225","12","F","","analitica","","","PVP sales 4 (2207968,4216639,4391584,4467332); Storica Analitica visura per immobile - Catasto Fabbricati."
"visura-storica","AL","QUATTORDIO","12","1225","2","F","","analitica","","","PVP sales 2 (4216641,4391455); Storica Analitica visura per immobile - Catasto Fabbricati."
"visura-storica","AL","QUATTORDIO","12","1225","3","F","","analitica","","","PVP sales 3 (2207970,4216612,4391532); Storica Analitica visura per immobile - Catasto Fabbricati."
"visura-storica","AL","QUATTORDIO","12","1225","4","F","","analitica","","","PVP sales 1 (4216640); Storica Analitica visura per immobile - Catasto Fabbricati."
"visura-storica","AL","QUATTORDIO","12","1225","6","F","","analitica","","","PVP sales 4 (2207968,4216639,4391584,4467332); Storica Analitica visura per immobile - Catasto Fabbricati."
"visura-storica","AL","QUATTORDIO","12","1225","7","F","","analitica","","","PVP sales 2 (2207885,4216617); Storica Analitica visura per immobile - Catasto Fabbricati."
"visura-storica","AL","QUATTORDIO","12","1225","8","F","","analitica","","","PVP sales 2 (4216641,4391455); Storica Analitica visura per immobile - Catasto Fabbricati."
"visura-storica","AL","QUATTORDIO","12","1225","9","F","","analitica","","","PVP sales 2 (2207970,4391532); Storica Analitica visura per immobile - Catasto Fabbricati."
"visura-storica","AL","QUATTORDIO","12","1333","","F","","analitica","","","PVP sales 6 (805723,965956,1559745,1711798,1875110 +1 more); Storica Analitica visura per immobile - Catasto Fabbricati."
"visura-storica","AL","QUATTORDIO","12","1333","","T","","analitica","","","PVP sales 6 (805723,965956,1559745,1711798,1875110 +1 more); Storica Analitica visura per immobile - Catasto Terreni."
"visura-storica","AL","QUATTORDIO","12","353","","F","","analitica","","","PVP sales 3 (1154551,1154573,1154578); Storica Analitica visura per immobile - Catasto Fabbricati."
"visura-storica","AL","QUATTORDIO","12","353","","T","","analitica","","","PVP sales 3 (1154551,1154573,1154578); Storica Analitica visura per immobile - Catasto Terreni."
"visura-storica","AL","QUATTORDIO","12","353","10","F","","analitica","","","PVP sales 1 (1154578); Storica Analitica visura per immobile - Catasto Fabbricati."
"visura-storica","AL","QUATTORDIO","12","353","11","F","","analitica","","","PVP sales 1 (1154578); Storica Analitica visura per immobile - Catasto Fabbricati."
"visura-storica","AL","QUATTORDIO","12","353","3","F","","analitica","","","PVP sales 1 (1154551); Storica Analitica visura per immobile - Catasto Fabbricati."
"visura-storica","AL","QUATTORDIO","12","353","4","F","","analitica","","","PVP sales 1 (1154573); Storica Analitica visura per immobile - Catasto Fabbricati."
"visura-storica","AL","QUATTORDIO","12","353","5","F","","analitica","","","PVP sales 1 (1154551); Storica Analitica visura per immobile - Catasto Fabbricati."
"visura-storica","AL","QUATTORDIO","12","353","6","F","","analitica","","","PVP sales 1 (1154551); Storica Analitica visura per immobile - Catasto Fabbricati."
"visura-storica","AL","QUATTORDIO","12","353","7","F","","analitica","","","PVP sales 1 (1154573); Storica Analitica visura per immobile - Catasto Fabbricati."
"visura-storica","AL","QUATTORDIO","12","603","1","F","","analitica","","","PVP sales 1 (1222424); Storica Analitica visura per immobile - Catasto Fabbricati."
"visura-storica","AL","QUATTORDIO","12","84","","F","","analitica","","","PVP sales 2 (470838,791834); Storica Analitica visura per immobile - Catasto Fabbricati."
"visura-storica","AL","QUATTORDIO","12","84","","T","","analitica","","","PVP sales 2 (470838,791834); Storica Analitica visura per immobile - Catasto Terreni."
"visura-storica","AL","QUATTORDIO","13","268","2","F","","analitica","","","PVP sales 1 (1876732); Storica Analitica visura per immobile - Catasto Fabbricati."
"visura-storica","AL","QUATTORDIO","13","373","2","F","","analitica","","","PVP sales 1 (2072745); Storica Analitica visura per immobile - Catasto Fabbricati."
"visura-storica","AL","QUATTORDIO","13","373","28","F","","analitica","","","PVP sales 1 (2072745); Storica Analitica visura per immobile - Catasto Fabbricati."
"visura-storica","AL","QUATTORDIO","16","56","","F","","analitica","","","PVP sales 2 (470838,791834); Storica Analitica visura per immobile - Catasto Fabbricati."
"visura-storica","AL","QUATTORDIO","16","56","","T","","analitica","","","PVP sales 2 (470838,791834); Storica Analitica visura per immobile - Catasto Terreni."
"visura-storica","AL","QUATTORDIO","16","57","","F","","analitica","","","PVP sales 2 (470838,791834); Storica Analitica visura per immobile - Catasto Fabbricati."
"visura-storica","AL","QUATTORDIO","16","57","","T","","analitica","","","PVP sales 2 (470838,791834); Storica Analitica visura per immobile - Catasto Terreni."
"visura-storica","AL","QUATTORDIO","16","58","","F","","analitica","","","PVP sales 2 (470838,791834); Storica Analitica visura per immobile - Catasto Fabbricati."
"visura-storica","AL","QUATTORDIO","16","58","","T","","analitica","","","PVP sales 2 (470838,791834); Storica Analitica visura per immobile - Catasto Terreni."
"visura-storica","AL","QUATTORDIO","16","72","","F","","analitica","","","PVP sales 2 (470838,791834); Storica Analitica visura per immobile - Catasto Fabbricati."
"visura-storica","AL","QUATTORDIO","16","72","","T","","analitica","","","PVP sales 2 (470838,791834); Storica Analitica visura per immobile - Catasto Terreni."
"visura-storica","AL","QUATTORDIO","16","87","","F","","analitica","","","PVP sales 2 (470838,791834); Storica Analitica visura per immobile - Catasto Fabbricati."
"visura-storica","AL","QUATTORDIO","16","87","","T","","analitica","","","PVP sales 2 (470838,791834); Storica Analitica visura per immobile - Catasto Terreni."
"visura-storica","AL","QUATTORDIO","16","88","","F","","analitica","","","PVP sales 2 (470838,791834); Storica Analitica visura per immobile - Catasto Fabbricati."
"visura-storica","AL","QUATTORDIO","16","88","","T","","analitica","","","PVP sales 2 (470838,791834); Storica Analitica visura per immobile - Catasto Terreni."
"visura-storica","AL","QUATTORDIO","17","143","","F","","analitica","","","PVP sales 2 (470838,791834); Storica Analitica visura per immobile - Catasto Fabbricati."
"visura-storica","AL","QUATTORDIO","17","143","","T","","analitica","","","PVP sales 2 (470838,791834); Storica Analitica visura per immobile - Catasto Terreni."
"visura-storica","AL","QUATTORDIO","19","41","","F","","analitica","","","PVP sales 3 (166470,349626,349651); Storica Analitica visura per immobile - Catasto Fabbricati."
"visura-storica","AL","QUATTORDIO","19","41","","T","","analitica","","","PVP sales 3 (166470,349626,349651); Storica Analitica visura per immobile - Catasto Terreni."
"visura-storica","AL","QUATTORDIO","19","43","1","F","","analitica","","","PVP sales 3 (166470,349626,349651); Storica Analitica visura per immobile - Catasto Fabbricati."
"visura-storica","AL","QUATTORDIO","19","78","","F","","analitica","","","PVP sales 3 (166470,349626,349651); Storica Analitica visura per immobile - Catasto Fabbricati."
"visura-storica","AL","QUATTORDIO","19","78","","T","","analitica","","","PVP sales 3 (166470,349626,349651); Storica Analitica visura per immobile - Catasto Terreni."
"visura-storica","AL","QUATTORDIO","19","83","","F","","analitica","","","PVP sales 1 (2116013); Storica Analitica visura per immobile - Catasto Fabbricati."
"visura-storica","AL","QUATTORDIO","19","83","","T","","analitica","","","PVP sales 1 (2116013); Storica Analitica visura per immobile - Catasto Terreni."
"visura-storica","AL","QUATTORDIO","4","164","","F","","analitica","","","PVP sales 2 (470838,791834); Storica Analitica visura per immobile - Catasto Fabbricati."
"visura-storica","AL","QUATTORDIO","4","164","","T","","analitica","","","PVP sales 2 (470838,791834); Storica Analitica visura per immobile - Catasto Terreni."
"visura-storica","AL","QUATTORDIO","4","165","","F","","analitica","","","PVP sales 2 (470838,791834); Storica Analitica visura per immobile - Catasto Fabbricati."
"visura-storica","AL","QUATTORDIO","4","165","","T","","analitica","","","PVP sales 2 (470838,791834); Storica Analitica visura per immobile - Catasto Terreni."
"visura-storica","AL","QUATTORDIO","4","166","","F","","analitica","","","PVP sales 2 (470838,791834); Storica Analitica visura per immobile - Catasto Fabbricati."
"visura-storica","AL","QUATTORDIO","4","166","","T","","analitica","","","PVP sales 2 (470838,791834); Storica Analitica visura per immobile - Catasto Terreni."
"visura-storica","AL","QUATTORDIO","4","167","","F","","analitica","","","PVP sales 2 (470838,791834); Storica Analitica visura per immobile - Catasto Fabbricati."
"visura-storica","AL","QUATTORDIO","4","167","","T","","analitica","","","PVP sales 2 (470838,791834); Storica Analitica visura per immobile - Catasto Terreni."
"visura-storica","AL","QUATTORDIO","4","342","","F","","analitica","","","PVP sales 2 (470838,791834); Storica Analitica visura per immobile - Catasto Fabbricati."
"visura-storica","AL","QUATTORDIO","4","342","","T","","analitica","","","PVP sales 2 (470838,791834); Storica Analitica visura per immobile - Catasto Terreni."
"visura-storica","AL","QUATTORDIO","4","405","","F","","analitica","","","PVP sales 2 (470838,791834); Storica Analitica visura per immobile - Catasto Fabbricati."
"visura-storica","AL","QUATTORDIO","4","405","","T","","analitica","","","PVP sales 2 (470838,791834); Storica Analitica visura per immobile - Catasto Terreni."
"visura-storica","AL","QUATTORDIO","4","500","2","F","","analitica","","","PVP sales 1 (1878683); Storica Analitica visura per immobile - Catasto Fabbricati."
"visura-storica","AL","QUATTORDIO","4","500","5","F","","analitica","","","PVP sales 1 (1878683); Storica Analitica visura per immobile - Catasto Fabbricati."
"visura-storica","AL","QUATTORDIO","5","274","7","F","","analitica","","","PVP sales 1 (1879119); Storica Analitica visura per immobile - Catasto Fabbricati."
"visura-storica","AL","QUATTORDIO","5","279","","F","","analitica","","","PVP sales 1 (1879119); Storica Analitica visura per immobile - Catasto Fabbricati."
"visura-storica","AL","QUATTORDIO","5","279","","T","","analitica","","","PVP sales 1 (1879119); Storica Analitica visura per immobile - Catasto Terreni."
"visura-storica","AL","QUATTORDIO","5","546","","F","","analitica","","","PVP sales 1 (1879119); Storica Analitica visura per immobile - Catasto Fabbricati."
"visura-storica","AL","QUATTORDIO","5","546","","T","","analitica","","","PVP sales 1 (1879119); Storica Analitica visura per immobile - Catasto Terreni."
"visura-storica","AL","QUATTORDIO","6","230","","F","","analitica","","","PVP sales 2 (470838,791834); Storica Analitica visura per immobile - Catasto Fabbricati."
"visura-storica","AL","QUATTORDIO","6","230","","T","","analitica","","","PVP sales 2 (470838,791834); Storica Analitica visura per immobile - Catasto Terreni."
"visura-storica","AL","QUATTORDIO","6","231","","F","","analitica","","","PVP sales 2 (470838,791834); Storica Analitica visura per immobile - Catasto Fabbricati."
"visura-storica","AL","QUATTORDIO","6","231","","T","","analitica","","","PVP sales 2 (470838,791834); Storica Analitica visura per immobile - Catasto Terreni."
"visura-storica","AL","QUATTORDIO","6","233","","F","","analitica","","","PVP sales 2 (470838,791834); Storica Analitica visura per immobile - Catasto Fabbricati."
"visura-storica","AL","QUATTORDIO","6","233","","T","","analitica","","","PVP sales 2 (470838,791834); Storica Analitica visura per immobile - Catasto Terreni."
"visura-storica","AL","QUATTORDIO","6","399","","F","","analitica","","","PVP sales 2 (470838,791834); Storica Analitica visura per immobile - Catasto Fabbricati."
"visura-storica","AL","QUATTORDIO","6","399","","T","","analitica","","","PVP sales 2 (470838,791834); Storica Analitica visura per immobile - Catasto Terreni."
"visura-storica","AL","QUATTORDIO","7","309","","F","","analitica","","","PVP sales 2 (470838,791834); Storica Analitica visura per immobile - Catasto Fabbricati."
"visura-storica","AL","QUATTORDIO","7","309","","T","","analitica","","","PVP sales 2 (470838,791834); Storica Analitica visura per immobile - Catasto Terreni."
"visura-storica","AL","QUATTORDIO","7","65","","F","","analitica","","","PVP sales 2 (470838,791834); Storica Analitica visura per immobile - Catasto Fabbricati."
"visura-storica","AL","QUATTORDIO","7","65","","T","","analitica","","","PVP sales 2 (470838,791834); Storica Analitica visura per immobile - Catasto Terreni."
"visura-storica","AL","QUATTORDIO","7","66","","F","","analitica","","","PVP sales 2 (470838,791834); Storica Analitica visura per immobile - Catasto Fabbricati."
"visura-storica","AL","QUATTORDIO","7","66","","T","","analitica","","","PVP sales 2 (470838,791834); Storica Analitica visura per immobile - Catasto Terreni."
"visura-storica","AL","QUATTORDIO","7","67","","F","","analitica","","","PVP sales 2 (470838,791834); Storica Analitica visura per immobile - Catasto Fabbricati."
"visura-storica","AL","QUATTORDIO","7","67","","T","","analitica","","","PVP sales 2 (470838,791834); Storica Analitica visura per immobile - Catasto Terreni."
"visura-storica","AL","RICALDONE","1","165","","F","","analitica","","","PVP sales 1 (423343); Storica Analitica visura per immobile - Catasto Fabbricati."
"visura-storica","AL","RICALDONE","1","165","","T","","analitica","","","PVP sales 1 (423343); Storica Analitica visura per immobile - Catasto Terreni."
"visura-storica","AL","RICALDONE","1","23","","F","","analitica","","","PVP sales 1 (423343); Storica Analitica visura per immobile - Catasto Fabbricati."
"visura-storica","AL","RICALDONE","1","23","","T","","analitica","","","PVP sales 1 (423343); Storica Analitica visura per immobile - Catasto Terreni."
"visura-storica","AL","RICALDONE","1","24","","F","","analitica","","","PVP sales 1 (423343); Storica Analitica visura per immobile - Catasto Fabbricati."
"visura-storica","AL","RICALDONE","1","24","","T","","analitica","","","PVP sales 1 (423343); Storica Analitica visura per immobile - Catasto Terreni."
"visura-storica","AL","RICALDONE","1","25","","F","","analitica","","","PVP sales 1 (423343); Storica Analitica visura per immobile - Catasto Fabbricati."
"visura-storica","AL","RICALDONE","1","25","","T","","analitica","","","PVP sales 1 (423343); Storica Analitica visura per immobile - Catasto Terreni."
"visura-storica","AL","RICALDONE","1","26","","F","","analitica","","","PVP sales 1 (423343); Storica Analitica visura per immobile - Catasto Fabbricati."
"visura-storica","AL","RICALDONE","1","26","","T","","analitica","","","PVP sales 1 (423343); Storica Analitica visura per immobile - Catasto Terreni."
"visura-storica","AL","RICALDONE","1","27","","F","","analitica","","","PVP sales 1 (423343); Storica Analitica visura per immobile - Catasto Fabbricati."
"visura-storica","AL","RICALDONE","1","27","","T","","analitica","","","PVP sales 1 (423343); Storica Analitica visura per immobile - Catasto Terreni."
"visura-storica","AL","RICALDONE","1","294","","F","","analitica","","","PVP sales 1 (423343); Storica Analitica visura per immobile - Catasto Fabbricati."
"visura-storica","AL","RICALDONE","1","294","","T","","analitica","","","PVP sales 1 (423343); Storica Analitica visura per immobile - Catasto Terreni."
"visura-storica","AL","RICALDONE","1","32","","F","","analitica","","","PVP sales 1 (423343); Storica Analitica visura per immobile - Catasto Fabbricati."
"visura-storica","AL","RICALDONE","1","32","","T","","analitica","","","PVP sales 1 (423343); Storica Analitica visura per immobile - Catasto Terreni."
"visura-storica","AL","RICALDONE","1","358","","F","","analitica","","","PVP sales 1 (423343); Storica Analitica visura per immobile - Catasto Fabbricati."
"visura-storica","AL","RICALDONE","1","358","","T","","analitica","","","PVP sales 1 (423343); Storica Analitica visura per immobile - Catasto Terreni."
"visura-storica","AL","RICALDONE","1","427","","F","","analitica","","","PVP sales 1 (423343); Storica Analitica visura per immobile - Catasto Fabbricati."
"visura-storica","AL","RICALDONE","1","427","","T","","analitica","","","PVP sales 1 (423343); Storica Analitica visura per immobile - Catasto Terreni."
"visura-storica","AL","RICALDONE","1","428","","F","","analitica","","","PVP sales 1 (423343); Storica Analitica visura per immobile - Catasto Fabbricati."
"visura-storica","AL","RICALDONE","1","428","","T","","analitica","","","PVP sales 1 (423343); Storica Analitica visura per immobile - Catasto Terreni."
"visura-storica","AL","RICALDONE","1","440","","F","","analitica","","","PVP sales 1 (423343); Storica Analitica visura per immobile - Catasto Fabbricati."
"visura-storica","AL","RICALDONE","1","440","","T","","analitica","","","PVP sales 1 (423343); Storica Analitica visura per immobile - Catasto Terreni."
"visura-storica","AL","RICALDONE","1","450","1","F","","analitica","","","PVP sales 1 (423343); Storica Analitica visura per immobile - Catasto Fabbricati."
"visura-storica","AL","RICALDONE","1","453","","F","","analitica","","","PVP sales 1 (423343); Storica Analitica visura per immobile - Catasto Fabbricati."
"visura-storica","AL","RICALDONE","1","453","","T","","analitica","","","PVP sales 1 (423343); Storica Analitica visura per immobile - Catasto Terreni."
"visura-storica","AL","RICALDONE","1","455","","F","","analitica","","","PVP sales 1 (423343); Storica Analitica visura per immobile - Catasto Fabbricati."
"visura-storica","AL","RICALDONE","1","455","","T","","analitica","","","PVP sales 1 (423343); Storica Analitica visura per immobile - Catasto Terreni."
"visura-storica","AL","RICALDONE","1","7","","F","","analitica","","","PVP sales 1 (423343); Storica Analitica visura per immobile - Catasto Fabbricati."
"visura-storica","AL","RICALDONE","1","7","","T","","analitica","","","PVP sales 1 (423343); Storica Analitica visura per immobile - Catasto Terreni."
"visura-storica","AL","RICALDONE","13","123","","F","","analitica","","","PVP sales 1 (423343); Storica Analitica visura per immobile - Catasto Fabbricati."
"visura-storica","AL","RICALDONE","13","123","","T","","analitica","","","PVP sales 1 (423343); Storica Analitica visura per immobile - Catasto Terreni."
"visura-storica","AL","RICALDONE","13","142","","F","","analitica","","","PVP sales 1 (423343); Storica Analitica visura per immobile - Catasto Fabbricati."
"visura-storica","AL","RICALDONE","13","142","","T","","analitica","","","PVP sales 1 (423343); Storica Analitica visura per immobile - Catasto Terreni."
"visura-storica","AL","RICALDONE","13","275","","F","","analitica","","","PVP sales 1 (423343); Storica Analitica visura per immobile - Catasto Fabbricati."
"visura-storica","AL","RICALDONE","13","275","","T","","analitica","","","PVP sales 1 (423343); Storica Analitica visura per immobile - Catasto Terreni."
"visura-storica","AL","RICALDONE","13","276","","F","","analitica","","","PVP sales 1 (423343); Storica Analitica visura per immobile - Catasto Fabbricati."
"visura-storica","AL","RICALDONE","13","276","","T","","analitica","","","PVP sales 1 (423343); Storica Analitica visura per immobile - Catasto Terreni."
"visura-storica","AL","RICALDONE","13","277","","F","","analitica","","","PVP sales 1 (423343); Storica Analitica visura per immobile - Catasto Fabbricati."
"visura-storica","AL","RICALDONE","13","277","","T","","analitica","","","PVP sales 1 (423343); Storica Analitica visura per immobile - Catasto Terreni."
"visura-storica","AL","RICALDONE","13","81","","F","","analitica","","","PVP sales 1 (423343); Storica Analitica visura per immobile - Catasto Fabbricati."
"visura-storica","AL","RICALDONE","13","81","","T","","analitica","","","PVP sales 1 (423343); Storica Analitica visura per immobile - Catasto Terreni."
"visura-storica","AL","RICALDONE","13","82","","F","","analitica","","","PVP sales 1 (423343); Storica Analitica visura per immobile - Catasto Fabbricati."
"visura-storica","AL","RICALDONE","13","82","","T","","analitica","","","PVP sales 1 (423343); Storica Analitica visura per immobile - Catasto Terreni."
"visura-storica","AL","RICALDONE","13","83","","F","","analitica","","","PVP sales 1 (423343); Storica Analitica visura per immobile - Catasto Fabbricati."
"visura-storica","AL","RICALDONE","13","83","","T","","analitica","","","PVP sales 1 (423343); Storica Analitica visura per immobile - Catasto Terreni."
"visura-storica","AL","RICALDONE","13","84","","F","","analitica","","","PVP sales 1 (423343); Storica Analitica visura per immobile - Catasto Fabbricati."
"visura-storica","AL","RICALDONE","13","84","","T","","analitica","","","PVP sales 1 (423343); Storica Analitica visura per immobile - Catasto Terreni."
"visura-storica","AL","RICALDONE","13","85","","F","","analitica","","","PVP sales 1 (423343); Storica Analitica visura per immobile - Catasto Fabbricati."
"visura-storica","AL","RICALDONE","13","85","","T","","analitica","","","PVP sales 1 (423343); Storica Analitica visura per immobile - Catasto Terreni."
"visura-storica","AL","RIVALTA BORMIDA","2","828","","F","","analitica","","","PVP sales 1 (4520704); Storica Analitica visura per immobile - Catasto Fabbricati."
"visura-storica","AL","RIVALTA BORMIDA","2","828","","T","","analitica","","","PVP sales 1 (4520704); Storica Analitica visura per immobile - Catasto Terreni."
"visura-storica","AL","RIVALTA BORMIDA","4","391","","F","","analitica","","","PVP sales 1 (592684); Storica Analitica visura per immobile - Catasto Fabbricati."
"visura-storica","AL","RIVALTA BORMIDA","4","391","","T","","analitica","","","PVP sales 1 (592684); Storica Analitica visura per immobile - Catasto Terreni."
"visura-storica","AL","RIVALTA BORMIDA","4","391","12","F","","analitica","","","PVP sales 1 (592684); Storica Analitica visura per immobile - Catasto Fabbricati."
"visura-storica","AL","RIVALTA BORMIDA","4","391","27","F","","analitica","","","PVP sales 1 (592684); Storica Analitica visura per immobile - Catasto Fabbricati."
"visura-storica","AL","RIVALTA BORMIDA","4","391","29","F","","analitica","","","PVP sales 1 (592684); Storica Analitica visura per immobile - Catasto Fabbricati."
"visura-storica","AL","RIVALTA BORMIDA","4","391","45","F","","analitica","","","PVP sales 1 (592684); Storica Analitica visura per immobile - Catasto Fabbricati."
"visura-storica","AL","RIVALTA BORMIDA","4","391","46","F","","analitica","","","PVP sales 1 (592684); Storica Analitica visura per immobile - Catasto Fabbricati."
"visura-storica","AL","RIVALTA BORMIDA","7","180","","F","","analitica","","","PVP sales 2 (4445699,4537888); Storica Analitica visura per immobile - Catasto Fabbricati."
"visura-storica","AL","RIVALTA BORMIDA","7","180","","T","","analitica","","","PVP sales 2 (4445699,4537888); Storica Analitica visura per immobile - Catasto Terreni."
"visura-storica","AL","RIVALTA BORMIDA","7","192","39","F","","analitica","","","PVP sales 2 (4445699,4537888); Storica Analitica visura per immobile - Catasto Fabbricati."
"visura-storica","AL","RIVALTA BORMIDA","7","272","","F","","analitica","","","PVP sales 2 (4445699,4537888); Storica Analitica visura per immobile - Catasto Fabbricati."
"visura-storica","AL","RIVALTA BORMIDA","7","272","","T","","analitica","","","PVP sales 2 (4445699,4537888); Storica Analitica visura per immobile - Catasto Terreni."
"visura-storica","AL","RIVARONE","2","423","3","F","","analitica","","","PVP sales 2 (685573,953785); Storica Analitica visura per immobile - Catasto Fabbricati."
"visura-storica","AL","ROCCA GRIMALDA","10","392","2","F","","analitica","","","PVP sales 1 (1633137); Storica Analitica visura per immobile - Catasto Fabbricati."
"visura-storica","AL","ROCCA GRIMALDA","10","622","","F","","analitica","","","PVP sales 1 (1488121); Storica Analitica visura per immobile - Catasto Fabbricati."
"visura-storica","AL","ROCCA GRIMALDA","10","622","","T","","analitica","","","PVP sales 1 (1488121); Storica Analitica visura per immobile - Catasto Terreni."
"visura-storica","AL","ROCCA GRIMALDA","16","244","1","F","","analitica","","","PVP sales 2 (288630,719862); Storica Analitica visura per immobile - Catasto Fabbricati."
"visura-storica","AL","ROCCA GRIMALDA","18","183","","F","","analitica","","","PVP sales 1 (297533); Storica Analitica visura per immobile - Catasto Fabbricati."
"visura-storica","AL","ROCCA GRIMALDA","18","183","","T","","analitica","","","PVP sales 1 (297533); Storica Analitica visura per immobile - Catasto Terreni."
"visura-storica","AL","ROCCA GRIMALDA","18","183","3","F","","analitica","","","PVP sales 1 (297533); Storica Analitica visura per immobile - Catasto Fabbricati."
"visura-storica","AL","ROCCA GRIMALDA","18","404","2","F","","analitica","","","PVP sales 3 (302098,438719,1405144); Storica Analitica visura per immobile - Catasto Fabbricati."
"visura-storica","AL","ROCCA GRIMALDA","18","405","2","F","","analitica","","","PVP sales 3 (302098,438719,1405144); Storica Analitica visura per immobile - Catasto Fabbricati."
"visura-storica","AL","ROCCA GRIMALDA","18","406","2","F","","analitica","","","PVP sales 3 (302098,438719,1405144); Storica Analitica visura per immobile - Catasto Fabbricati."
"visura-storica","AL","ROCCA GRIMALDA","18","499","11","F","","analitica","","","PVP sales 4 (925056,1510224,1674870,1786331); Storica Analitica visura per immobile - Catasto Fabbricati."
"visura-storica","AL","ROCCA GRIMALDA","18","499","17","F","","analitica","","","PVP sales 4 (925076,1517150,1675973,1786603); Storica Analitica visura per immobile - Catasto Fabbricati."
"visura-storica","AL","ROCCA GRIMALDA","18","528","17","F","","analitica","","","PVP sales 4 (925076,1517150,1675973,1786603); Storica Analitica visura per immobile - Catasto Fabbricati."
"visura-storica","AL","ROCCA GRIMALDA","7","288","2","F","","analitica","","","PVP sales 1 (2215198); Storica Analitica visura per immobile - Catasto Fabbricati."
"visura-storica","AL","ROCCA GRIMALDA","7","288","3","F","","analitica","","","PVP sales 1 (2215198); Storica Analitica visura per immobile - Catasto Fabbricati."
"visura-storica","AL","ROCCA GRIMALDA","7","292","2","F","","analitica","","","PVP sales 1 (2215198); Storica Analitica visura per immobile - Catasto Fabbricati."
"visura-storica","AL","ROCCA GRIMALDA","8","343","20","F","","analitica","","","PVP sales 1 (1825670); Storica Analitica visura per immobile - Catasto Fabbricati."
"visura-storica","AL","ROCCA GRIMALDA","8","343","31","F","","analitica","","","PVP sales 1 (1825670); Storica Analitica visura per immobile - Catasto Fabbricati."
"visura-storica","AL","ROCCHETTA LIGURE","10","142","","F","","analitica","","","PVP sales 1 (2073003); Storica Analitica visura per immobile - Catasto Fabbricati."
"visura-storica","AL","ROCCHETTA LIGURE","10","142","","T","","analitica","","","PVP sales 1 (2073003); Storica Analitica visura per immobile - Catasto Terreni."
"visura-storica","AL","ROCCHETTA LIGURE","10","143","","F","","analitica","","","PVP sales 1 (2073003); Storica Analitica visura per immobile - Catasto Fabbricati."
"visura-storica","AL","ROCCHETTA LIGURE","10","143","","T","","analitica","","","PVP sales 1 (2073003); Storica Analitica visura per immobile - Catasto Terreni."
"visura-storica","AL","ROCCHETTA LIGURE","10","185","","F","","analitica","","","PVP sales 1 (2073003); Storica Analitica visura per immobile - Catasto Fabbricati."
"visura-storica","AL","ROCCHETTA LIGURE","10","185","","T","","analitica","","","PVP sales 1 (2073003); Storica Analitica visura per immobile - Catasto Terreni."
"visura-storica","AL","ROCCHETTA LIGURE","10","227","","F","","analitica","","","PVP sales 1 (2073003); Storica Analitica visura per immobile - Catasto Fabbricati."
"visura-storica","AL","ROCCHETTA LIGURE","10","227","","T","","analitica","","","PVP sales 1 (2073003); Storica Analitica visura per immobile - Catasto Terreni."
"visura-storica","AL","ROCCHETTA LIGURE","2","204","1","F","","analitica","","","PVP sales 3 (4411078,4485830,4544702); Storica Analitica visura per immobile - Catasto Fabbricati."
"visura-storica","AL","ROCCHETTA LIGURE","2","204","2","F","","analitica","","","PVP sales 3 (4411078,4485830,4544702); Storica Analitica visura per immobile - Catasto Fabbricati."
"visura-storica","AL","ROCCHETTA LIGURE","2","204","3","F","","analitica","","","PVP sales 3 (4411078,4485830,4544702); Storica Analitica visura per immobile - Catasto Fabbricati."
"visura-storica","AL","ROSIGNANO MONFERRATO","11","199","","F","","analitica","","","PVP sales 1 (4475121); Storica Analitica visura per immobile - Catasto Fabbricati."
"visura-storica","AL","ROSIGNANO MONFERRATO","11","199","","T","","analitica","","","PVP sales 1 (4475121); Storica Analitica visura per immobile - Catasto Terreni."
"visura-storica","AL","ROSIGNANO MONFERRATO","11","265","","F","","analitica","","","PVP sales 1 (4475121); Storica Analitica visura per immobile - Catasto Fabbricati."
"visura-storica","AL","ROSIGNANO MONFERRATO","11","265","","T","","analitica","","","PVP sales 1 (4475121); Storica Analitica visura per immobile - Catasto Terreni."
"visura-storica","AL","ROSIGNANO MONFERRATO","11","42","","F","","analitica","","","PVP sales 1 (4475121); Storica Analitica visura per immobile - Catasto Fabbricati."
"visura-storica","AL","ROSIGNANO MONFERRATO","11","42","","T","","analitica","","","PVP sales 1 (4475121); Storica Analitica visura per immobile - Catasto Terreni."
"visura-storica","AL","ROSIGNANO MONFERRATO","11","45","","F","","analitica","","","PVP sales 1 (4475121); Storica Analitica visura per immobile - Catasto Fabbricati."
"visura-storica","AL","ROSIGNANO MONFERRATO","11","45","","T","","analitica","","","PVP sales 1 (4475121); Storica Analitica visura per immobile - Catasto Terreni."
"visura-storica","AL","ROSIGNANO MONFERRATO","11","48","","F","","analitica","","","PVP sales 1 (4475121); Storica Analitica visura per immobile - Catasto Fabbricati."
"visura-storica","AL","ROSIGNANO MONFERRATO","11","48","","T","","analitica","","","PVP sales 1 (4475121); Storica Analitica visura per immobile - Catasto Terreni."
"visura-storica","AL","ROSIGNANO MONFERRATO","11","894","","F","","analitica","","","PVP sales 1 (4475121); Storica Analitica visura per immobile - Catasto Fabbricati."
"visura-storica","AL","ROSIGNANO MONFERRATO","11","894","","T","","analitica","","","PVP sales 1 (4475121); Storica Analitica visura per immobile - Catasto Terreni."
"visura-storica","AL","ROSIGNANO MONFERRATO","11","895","1","F","","analitica","","","PVP sales 1 (4475121); Storica Analitica visura per immobile - Catasto Fabbricati."
"visura-storica","AL","ROSIGNANO MONFERRATO","11","931","","F","","analitica","","","PVP sales 1 (4475121); Storica Analitica visura per immobile - Catasto Fabbricati."
"visura-storica","AL","ROSIGNANO MONFERRATO","11","931","","T","","analitica","","","PVP sales 1 (4475121); Storica Analitica visura per immobile - Catasto Terreni."
"visura-storica","AL","ROSIGNANO MONFERRATO","11","933","","F","","analitica","","","PVP sales 1 (4475121); Storica Analitica visura per immobile - Catasto Fabbricati."
"visura-storica","AL","ROSIGNANO MONFERRATO","11","933","","T","","analitica","","","PVP sales 1 (4475121); Storica Analitica visura per immobile - Catasto Terreni."
"visura-storica","AL","ROSIGNANO MONFERRATO","11","935","","F","","analitica","","","PVP sales 1 (4475121); Storica Analitica visura per immobile - Catasto Fabbricati."
"visura-storica","AL","ROSIGNANO MONFERRATO","11","935","","T","","analitica","","","PVP sales 1 (4475121); Storica Analitica visura per immobile - Catasto Terreni."
"visura-storica","AL","ROSIGNANO MONFERRATO","18","200","","T","","analitica","","","PVP sales 1 (4554852); Storica Analitica visura per immobile - Catasto Terreni."
"visura-storica","AL","ROSIGNANO MONFERRATO","18","234","","F","","analitica","","","PVP sales 2 (4439904,4554852); Storica Analitica visura per immobile - Catasto Fabbricati."
"visura-storica","AL","ROSIGNANO MONFERRATO","18","234","","T","","analitica","","","PVP sales 2 (4439904,4554852); Storica Analitica visura per immobile - Catasto Terreni."
"visura-storica","AL","ROSIGNANO MONFERRATO","18","234","13","F","","analitica","","","PVP sales 2 (4408167,4461446); Storica Analitica visura per immobile - Catasto Fabbricati."
"visura-storica","AL","ROSIGNANO MONFERRATO","5","110","","F","","analitica","","","PVP sales 1 (459036); Storica Analitica visura per immobile - Catasto Fabbricati."
"visura-storica","AL","ROSIGNANO MONFERRATO","5","110","","T","","analitica","","","PVP sales 1 (459036); Storica Analitica visura per immobile - Catasto Terreni."
"visura-storica","AL","ROSIGNANO MONFERRATO","5","111","","F","","analitica","","","PVP sales 1 (459036); Storica Analitica visura per immobile - Catasto Fabbricati."
"visura-storica","AL","ROSIGNANO MONFERRATO","5","111","","T","","analitica","","","PVP sales 1 (459036); Storica Analitica visura per immobile - Catasto Terreni."
"visura-storica","AL","ROSIGNANO MONFERRATO","5","124","","F","","analitica","","","PVP sales 1 (459036); Storica Analitica visura per immobile - Catasto Fabbricati."
"visura-storica","AL","ROSIGNANO MONFERRATO","5","124","","T","","analitica","","","PVP sales 1 (459036); Storica Analitica visura per immobile - Catasto Terreni."
"visura-storica","AL","ROSIGNANO MONFERRATO","5","130","","F","","analitica","","","PVP sales 1 (459036); Storica Analitica visura per immobile - Catasto Fabbricati."
"visura-storica","AL","ROSIGNANO MONFERRATO","5","130","","T","","analitica","","","PVP sales 1 (459036); Storica Analitica visura per immobile - Catasto Terreni."
"visura-storica","AL","ROSIGNANO MONFERRATO","5","131","","F","","analitica","","","PVP sales 1 (459036); Storica Analitica visura per immobile - Catasto Fabbricati."
"visura-storica","AL","ROSIGNANO MONFERRATO","5","131","","T","","analitica","","","PVP sales 1 (459036); Storica Analitica visura per immobile - Catasto Terreni."
"visura-storica","AL","ROSIGNANO MONFERRATO","5","17","","F","","analitica","","","PVP sales 1 (459036); Storica Analitica visura per immobile - Catasto Fabbricati."
"visura-storica","AL","ROSIGNANO MONFERRATO","5","17","","T","","analitica","","","PVP sales 1 (459036); Storica Analitica visura per immobile - Catasto Terreni."
"visura-storica","AL","ROSIGNANO MONFERRATO","5","279","","F","","analitica","","","PVP sales 1 (459036); Storica Analitica visura per immobile - Catasto Fabbricati."
"visura-storica","AL","ROSIGNANO MONFERRATO","5","279","","T","","analitica","","","PVP sales 1 (459036); Storica Analitica visura per immobile - Catasto Terreni."
"visura-storica","AL","ROSIGNANO MONFERRATO","5","28","","F","","analitica","","","PVP sales 1 (459036); Storica Analitica visura per immobile - Catasto Fabbricati."
"visura-storica","AL","ROSIGNANO MONFERRATO","5","28","","T","","analitica","","","PVP sales 1 (459036); Storica Analitica visura per immobile - Catasto Terreni."
"visura-storica","AL","ROSIGNANO MONFERRATO","5","282","","F","","analitica","","","PVP sales 1 (459036); Storica Analitica visura per immobile - Catasto Fabbricati."
"visura-storica","AL","ROSIGNANO MONFERRATO","5","282","","T","","analitica","","","PVP sales 1 (459036); Storica Analitica visura per immobile - Catasto Terreni."
"visura-storica","AL","ROSIGNANO MONFERRATO","5","283","","F","","analitica","","","PVP sales 1 (459036); Storica Analitica visura per immobile - Catasto Fabbricati."
"visura-storica","AL","ROSIGNANO MONFERRATO","5","283","","T","","analitica","","","PVP sales 1 (459036); Storica Analitica visura per immobile - Catasto Terreni."
"visura-storica","AL","ROSIGNANO MONFERRATO","5","284","","F","","analitica","","","PVP sales 1 (459036); Storica Analitica visura per immobile - Catasto Fabbricati."
"visura-storica","AL","ROSIGNANO MONFERRATO","5","284","","T","","analitica","","","PVP sales 1 (459036); Storica Analitica visura per immobile - Catasto Terreni."
"visura-storica","AL","ROSIGNANO MONFERRATO","5","29","","F","","analitica","","","PVP sales 1 (459036); Storica Analitica visura per immobile - Catasto Fabbricati."
"visura-storica","AL","ROSIGNANO MONFERRATO","5","29","","T","","analitica","","","PVP sales 1 (459036); Storica Analitica visura per immobile - Catasto Terreni."
"visura-storica","AL","ROSIGNANO MONFERRATO","5","374","","F","","analitica","","","PVP sales 1 (459036); Storica Analitica visura per immobile - Catasto Fabbricati."
"visura-storica","AL","ROSIGNANO MONFERRATO","5","374","","T","","analitica","","","PVP sales 1 (459036); Storica Analitica visura per immobile - Catasto Terreni."
"visura-storica","AL","ROSIGNANO MONFERRATO","5","376","","F","","analitica","","","PVP sales 1 (459036); Storica Analitica visura per immobile - Catasto Fabbricati."
"visura-storica","AL","ROSIGNANO MONFERRATO","5","376","","T","","analitica","","","PVP sales 1 (459036); Storica Analitica visura per immobile - Catasto Terreni."
"visura-storica","AL","ROSIGNANO MONFERRATO","5","377","","F","","analitica","","","PVP sales 1 (459036); Storica Analitica visura per immobile - Catasto Fabbricati."
"visura-storica","AL","ROSIGNANO MONFERRATO","5","377","","T","","analitica","","","PVP sales 1 (459036); Storica Analitica visura per immobile - Catasto Terreni."
"visura-storica","AL","ROSIGNANO MONFERRATO","5","378","","F","","analitica","","","PVP sales 1 (459036); Storica Analitica visura per immobile - Catasto Fabbricati."
"visura-storica","AL","ROSIGNANO MONFERRATO","5","378","","T","","analitica","","","PVP sales 1 (459036); Storica Analitica visura per immobile - Catasto Terreni."
"visura-storica","AL","ROSIGNANO MONFERRATO","5","381","","F","","analitica","","","PVP sales 1 (459036); Storica Analitica visura per immobile - Catasto Fabbricati."
"visura-storica","AL","ROSIGNANO MONFERRATO","5","381","","T","","analitica","","","PVP sales 1 (459036); Storica Analitica visura per immobile - Catasto Terreni."
"visura-storica","AL","ROSIGNANO MONFERRATO","5","50","","F","","analitica","","","PVP sales 1 (459036); Storica Analitica visura per immobile - Catasto Fabbricati."
"visura-storica","AL","ROSIGNANO MONFERRATO","5","50","","T","","analitica","","","PVP sales 1 (459036); Storica Analitica visura per immobile - Catasto Terreni."
"visura-storica","AL","ROSIGNANO MONFERRATO","7","109","18","F","","analitica","","","PVP sales 3 (4441275,4487562,4526379); Storica Analitica visura per immobile - Catasto Fabbricati."
"visura-storica","AL","ROSIGNANO MONFERRATO","7","109","19","F","","analitica","","","PVP sales 3 (4441275,4487562,4526379); Storica Analitica visura per immobile - Catasto Fabbricati."
"visura-storica","AL","ROSIGNANO MONFERRATO","7","650","6","F","","analitica","","","PVP sales 3 (4441275,4487562,4526379); Storica Analitica visura per immobile - Catasto Fabbricati."
"visura-storica","AL","ROSIGNANO MONFERRATO","8","234","","F","","analitica","","","PVP sales 2 (4439904,4554852); Storica Analitica visura per immobile - Catasto Fabbricati."
"visura-storica","AL","ROSIGNANO MONFERRATO","8","234","","T","","analitica","","","PVP sales 2 (4439904,4554852); Storica Analitica visura per immobile - Catasto Terreni."
"visura-storica","AL","ROSIGNANO MONFERRATO","9","13","1","F","","analitica","","","PVP sales 2 (2178691,4212134); Storica Analitica visura per immobile - Catasto Fabbricati."
"visura-storica","AL","ROSIGNANO MONFERRATO","9","13","10","F","","analitica","","","PVP sales 2 (2178691,4212134); Storica Analitica visura per immobile - Catasto Fabbricati."
"visura-storica","AL","ROSIGNANO MONFERRATO","9","13","4","F","","analitica","","","PVP sales 2 (2178691,4212134); Storica Analitica visura per immobile - Catasto Fabbricati."
"visura-storica","AL","ROSIGNANO MONFERRATO","9","13","5","F","","analitica","","","PVP sales 2 (2178691,4212134); Storica Analitica visura per immobile - Catasto Fabbricati."
"visura-storica","AL","ROSIGNANO MONFERRATO","9","13","6","F","","analitica","","","PVP sales 2 (2178691,4212134); Storica Analitica visura per immobile - Catasto Fabbricati."
"visura-storica","AL","ROSIGNANO MONFERRATO","9","13","7","F","","analitica","","","PVP sales 2 (2178691,4212134); Storica Analitica visura per immobile - Catasto Fabbricati."
"visura-storica","AL","ROSIGNANO MONFERRATO","9","13","8","F","","analitica","","","PVP sales 2 (2178691,4212134); Storica Analitica visura per immobile - Catasto Fabbricati."
"visura-storica","AL","ROSIGNANO MONFERRATO","9","13","9","F","","analitica","","","PVP sales 2 (2178691,4212134); Storica Analitica visura per immobile - Catasto Fabbricati."
"visura-storica","AL","ROSIGNANO MONFERRATO","9","14","","F","","analitica","","","PVP sales 2 (2178691,4212134); Storica Analitica visura per immobile - Catasto Fabbricati."
"visura-storica","AL","ROSIGNANO MONFERRATO","9","14","","T","","analitica","","","PVP sales 2 (2178691,4212134); Storica Analitica visura per immobile - Catasto Terreni."
"visura-storica","AL","ROSIGNANO MONFERRATO","9","176","","F","","analitica","","","PVP sales 2 (2178691,4212134); Storica Analitica visura per immobile - Catasto Fabbricati."
"visura-storica","AL","ROSIGNANO MONFERRATO","9","176","","T","","analitica","","","PVP sales 2 (2178691,4212134); Storica Analitica visura per immobile - Catasto Terreni."
"visura-storica","AL","ROSIGNANO MONFERRATO","9","177","","F","","analitica","","","PVP sales 2 (2178691,4212134); Storica Analitica visura per immobile - Catasto Fabbricati."
"visura-storica","AL","ROSIGNANO MONFERRATO","9","177","","T","","analitica","","","PVP sales 2 (2178691,4212134); Storica Analitica visura per immobile - Catasto Terreni."
"visura-storica","AL","ROSIGNANO MONFERRATO","9","241","","F","","analitica","","","PVP sales 2 (2178691,4212134); Storica Analitica visura per immobile - Catasto Fabbricati."
"visura-storica","AL","ROSIGNANO MONFERRATO","9","241","","T","","analitica","","","PVP sales 2 (2178691,4212134); Storica Analitica visura per immobile - Catasto Terreni."
"visura-storica","AL","SALE","10","101","","F","","analitica","","","PVP sales 1 (4540856); Storica Analitica visura per immobile - Catasto Fabbricati."
"visura-storica","AL","SALE","10","101","","T","","analitica","","","PVP sales 1 (4540856); Storica Analitica visura per immobile - Catasto Terreni."
"visura-storica","AL","SALE","12","44","4","F","","analitica","","","PVP sales 2 (291560,292044); Storica Analitica visura per immobile - Catasto Fabbricati."
"visura-storica","AL","SALE","12","44","5","F","","analitica","","","PVP sales 2 (291560,292044); Storica Analitica visura per immobile - Catasto Fabbricati."
"visura-storica","AL","SALE","13","248","","F","","analitica","","","PVP sales 1 (4431011); Storica Analitica visura per immobile - Catasto Fabbricati."
"visura-storica","AL","SALE","13","248","","T","","analitica","","","PVP sales 1 (4431011); Storica Analitica visura per immobile - Catasto Terreni."
"visura-storica","AL","SALE","13","249","","F","","analitica","","","PVP sales 1 (4431011); Storica Analitica visura per immobile - Catasto Fabbricati."
"visura-storica","AL","SALE","13","249","","T","","analitica","","","PVP sales 1 (4431011); Storica Analitica visura per immobile - Catasto Terreni."
"visura-storica","AL","SALE","13","503","3","F","","analitica","","","PVP sales 1 (2165671); Storica Analitica visura per immobile - Catasto Fabbricati."
"visura-storica","AL","SALE","13","503","4","F","","analitica","","","PVP sales 1 (2165671); Storica Analitica visura per immobile - Catasto Fabbricati."
"visura-storica","AL","SALE","14","7","2","F","","analitica","","","PVP sales 1 (206973); Storica Analitica visura per immobile - Catasto Fabbricati."
"visura-storica","AL","SALE","14","7","5","F","","analitica","","","PVP sales 1 (440962); Storica Analitica visura per immobile - Catasto Fabbricati."
"visura-storica","AL","SALE","14","7","6","F","","analitica","","","PVP sales 2 (206973,440962); Storica Analitica visura per immobile - Catasto Fabbricati."
"visura-storica","AL","SALE","14","7","7","F","","analitica","","","PVP sales 2 (206973,440962); Storica Analitica visura per immobile - Catasto Fabbricati."
"visura-storica","AL","SALE","15","170","1","F","","analitica","","","PVP sales 4 (382873,516000,649673,864680); Storica Analitica visura per immobile - Catasto Fabbricati."
"visura-storica","AL","SALE","15","454","1","F","","analitica","","","PVP sales 1 (1521576); Storica Analitica visura per immobile - Catasto Fabbricati."
"visura-storica","AL","SALE","15","943","4","F","","analitica","","","PVP sales 4 (295085,295349,598871,859541); Storica Analitica visura per immobile - Catasto Fabbricati."
"visura-storica","AL","SALE","15","943","8","F","","analitica","","","PVP sales 4 (295085,295349,598871,859541); Storica Analitica visura per immobile - Catasto Fabbricati."
"visura-storica","AL","SALE","15","989","1","F","","analitica","","","PVP sales 1 (4221169); Storica Analitica visura per immobile - Catasto Fabbricati."
"visura-storica","AL","SALE","16","257","","F","","analitica","","","PVP sales 1 (4419421); Storica Analitica visura per immobile - Catasto Fabbricati."
"visura-storica","AL","SALE","16","257","","T","","analitica","","","PVP sales 1 (4419421); Storica Analitica visura per immobile - Catasto Terreni."
"visura-storica","AL","SALE","16","259","","F","","analitica","","","PVP sales 1 (4419421); Storica Analitica visura per immobile - Catasto Fabbricati."
"visura-storica","AL","SALE","16","259","","T","","analitica","","","PVP sales 1 (4419421); Storica Analitica visura per immobile - Catasto Terreni."
"visura-storica","AL","SALE","16","306","","F","","analitica","","","PVP sales 1 (4419421); Storica Analitica visura per immobile - Catasto Fabbricati."
"visura-storica","AL","SALE","16","306","","T","","analitica","","","PVP sales 1 (4419421); Storica Analitica visura per immobile - Catasto Terreni."
"visura-storica","AL","SALE","16","308","","F","","analitica","","","PVP sales 1 (4419421); Storica Analitica visura per immobile - Catasto Fabbricati."
"visura-storica","AL","SALE","16","308","","T","","analitica","","","PVP sales 1 (4419421); Storica Analitica visura per immobile - Catasto Terreni."
"visura-storica","AL","SALE","16","310","","F","","analitica","","","PVP sales 1 (4419421); Storica Analitica visura per immobile - Catasto Fabbricati."
"visura-storica","AL","SALE","16","310","","T","","analitica","","","PVP sales 1 (4419421); Storica Analitica visura per immobile - Catasto Terreni."
"visura-storica","AL","SALE","18","148","1","F","","analitica","","","PVP sales 1 (1684401); Storica Analitica visura per immobile - Catasto Fabbricati."
"visura-storica","AL","SALE","183","471","","F","","analitica","","","PVP sales 1 (608496); Storica Analitica visura per immobile - Catasto Fabbricati."
"visura-storica","AL","SALE","183","471","","T","","analitica","","","PVP sales 1 (608496); Storica Analitica visura per immobile - Catasto Terreni."
"visura-storica","AL","SALE","19","100","1","F","","analitica","","","PVP sales 2 (4413444,4524347); Storica Analitica visura per immobile - Catasto Fabbricati."
"visura-storica","AL","SALE","19","100","2","F","","analitica","","","PVP sales 2 (4413444,4524347); Storica Analitica visura per immobile - Catasto Fabbricati."
"visura-storica","AL","SALE","19","263","","F","","analitica","","","PVP sales 1 (2061724); Storica Analitica visura per immobile - Catasto Fabbricati."
"visura-storica","AL","SALE","19","263","","T","","analitica","","","PVP sales 1 (2061724); Storica Analitica visura per immobile - Catasto Terreni."
"visura-storica","AL","SALE","19","387","10","F","","analitica","","","PVP sales 4 (2234667,4256196,4389054,4461065); Storica Analitica visura per immobile - Catasto Fabbricati."
"visura-storica","AL","SALE","19","387","11","F","","analitica","","","PVP sales 4 (2240244,4256229,4389076,4461155); Storica Analitica visura per immobile - Catasto Fabbricati."
"visura-storica","AL","SALE","19","387","12","F","","analitica","","","PVP sales 3 (2240868,4256255,4389083); Storica Analitica visura per immobile - Catasto Fabbricati."
"visura-storica","AL","SALE","19","387","13","F","","analitica","","","PVP sales 4 (2240932,4256276,4389086,4461178); Storica Analitica visura per immobile - Catasto Fabbricati."
"visura-storica","AL","SALE","19","387","14","F","","analitica","","","PVP sales 4 (2240948,4256262,4389105,4461184); Storica Analitica visura per immobile - Catasto Fabbricati."
"visura-storica","AL","SALE","19","387","15","F","","analitica","","","PVP sales 3 (2240258,4256337,4389097); Storica Analitica visura per immobile - Catasto Fabbricati."
"visura-storica","AL","SALE","20","686","","F","","analitica","","","PVP sales 2 (4395047,4459800); Storica Analitica visura per immobile - Catasto Fabbricati."
"visura-storica","AL","SALE","20","686","","T","","analitica","","","PVP sales 2 (4395047,4459800); Storica Analitica visura per immobile - Catasto Terreni."
"visura-storica","AL","SALE","20","690","","F","","analitica","","","PVP sales 3 (4395067,4459816,4510814); Storica Analitica visura per immobile - Catasto Fabbricati."
"visura-storica","AL","SALE","20","690","","T","","analitica","","","PVP sales 3 (4395067,4459816,4510814); Storica Analitica visura per immobile - Catasto Terreni."
"visura-storica","AL","SALE","20","692","","F","","analitica","","","PVP sales 3 (4395067,4459816,4510814); Storica Analitica visura per immobile - Catasto Fabbricati."
"visura-storica","AL","SALE","20","692","","T","","analitica","","","PVP sales 3 (4395067,4459816,4510814); Storica Analitica visura per immobile - Catasto Terreni."
"visura-storica","AL","SALE","20","695","","F","","analitica","","","PVP sales 3 (4395067,4459816,4510814); Storica Analitica visura per immobile - Catasto Fabbricati."
"visura-storica","AL","SALE","20","695","","T","","analitica","","","PVP sales 3 (4395067,4459816,4510814); Storica Analitica visura per immobile - Catasto Terreni."
"visura-storica","AL","SALE","20","696","","F","","analitica","","","PVP sales 3 (4395067,4459816,4510814); Storica Analitica visura per immobile - Catasto Fabbricati."
"visura-storica","AL","SALE","20","696","","T","","analitica","","","PVP sales 3 (4395067,4459816,4510814); Storica Analitica visura per immobile - Catasto Terreni."
"visura-storica","AL","SALE","20","698","","F","","analitica","","","PVP sales 2 (4395047,4459800); Storica Analitica visura per immobile - Catasto Fabbricati."
"visura-storica","AL","SALE","20","698","","T","","analitica","","","PVP sales 2 (4395047,4459800); Storica Analitica visura per immobile - Catasto Terreni."
"visura-storica","AL","SALE","20","707","","F","","analitica","","","PVP sales 2 (4395047,4459800); Storica Analitica visura per immobile - Catasto Fabbricati."
"visura-storica","AL","SALE","20","707","","T","","analitica","","","PVP sales 2 (4395047,4459800); Storica Analitica visura per immobile - Catasto Terreni."
"visura-storica","AL","SALE","20","708","3","F","","analitica","","","PVP sales 2 (4395047,4459800); Storica Analitica visura per immobile - Catasto Fabbricati."
"visura-storica","AL","SALE","20","708","4","F","","analitica","","","PVP sales 3 (4395067,4459816,4510814); Storica Analitica visura per immobile - Catasto Fabbricati."
"visura-storica","AL","SALE","20","708","5","F","","analitica","","","PVP sales 3 (4395067,4459816,4510814); Storica Analitica visura per immobile - Catasto Fabbricati."
"visura-storica","AL","SALE","20","711","","F","","analitica","","","PVP sales 2 (4395047,4459800); Storica Analitica visura per immobile - Catasto Fabbricati."
"visura-storica","AL","SALE","20","711","","T","","analitica","","","PVP sales 2 (4395047,4459800); Storica Analitica visura per immobile - Catasto Terreni."
"visura-storica","AL","SALE","3","217","3","F","","analitica","","","PVP sales 3 (2194572,4256888,4391752); Storica Analitica visura per immobile - Catasto Fabbricati."
"visura-storica","AL","SALE","3","252","","F","","analitica","","","PVP sales 3 (2194572,4256888,4391752); Storica Analitica visura per immobile - Catasto Fabbricati."
"visura-storica","AL","SALE","3","252","","T","","analitica","","","PVP sales 3 (2194572,4256888,4391752); Storica Analitica visura per immobile - Catasto Terreni."
"visura-storica","AL","SALE","30","104","7","F","","analitica","","","PVP sales 1 (130560); Storica Analitica visura per immobile - Catasto Fabbricati."
"visura-storica","AL","SALE","30","104","8","F","","analitica","","","PVP sales 1 (130560); Storica Analitica visura per immobile - Catasto Fabbricati."
"visura-storica","AL","SALE","30","105","6","F","","analitica","","","PVP sales 1 (4519991); Storica Analitica visura per immobile - Catasto Fabbricati."
"visura-storica","AL","SALE","31","237","1","F","","analitica","","","PVP sales 2 (2121614,2121623); Storica Analitica visura per immobile - Catasto Fabbricati."
"visura-storica","AL","SALE","31","237","2","F","","analitica","","","PVP sales 2 (2121614,2121623); Storica Analitica visura per immobile - Catasto Fabbricati."
"visura-storica","AL","SALE","31","335","2","F","","analitica","","","PVP sales 2 (2121614,2121623); Storica Analitica visura per immobile - Catasto Fabbricati."
"visura-storica","AL","SALE","31","337","","F","","analitica","","","PVP sales 2 (2121614,2121623); Storica Analitica visura per immobile - Catasto Fabbricati."
"visura-storica","AL","SALE","31","337","","T","","analitica","","","PVP sales 2 (2121614,2121623); Storica Analitica visura per immobile - Catasto Terreni."
"visura-storica","AL","SALE","32","191","","F","","analitica","","","PVP sales 1 (751966); Storica Analitica visura per immobile - Catasto Fabbricati."
"visura-storica","AL","SALE","32","191","","T","","analitica","","","PVP sales 1 (751966); Storica Analitica visura per immobile - Catasto Terreni."
"visura-storica","AL","SALE","32","389","","F","","analitica","","","PVP sales 1 (752999); Storica Analitica visura per immobile - Catasto Fabbricati."
"visura-storica","AL","SALE","32","389","","T","","analitica","","","PVP sales 1 (752999); Storica Analitica visura per immobile - Catasto Terreni."
"visura-storica","AL","SALE","32","441","","F","","analitica","","","PVP sales 1 (751966); Storica Analitica visura per immobile - Catasto Fabbricati."
"visura-storica","AL","SALE","32","441","","T","","analitica","","","PVP sales 1 (751966); Storica Analitica visura per immobile - Catasto Terreni."
"visura-storica","AL","SALE","32","488","1","F","","analitica","","","PVP sales 2 (400131,752999); Storica Analitica visura per immobile - Catasto Fabbricati."
"visura-storica","AL","SALE","32","488","2","F","","analitica","","","PVP sales 2 (400131,752999); Storica Analitica visura per immobile - Catasto Fabbricati."
"visura-storica","AL","SALE","32","489","7","F","","analitica","","","PVP sales 1 (751966); Storica Analitica visura per immobile - Catasto Fabbricati."
"visura-storica","AL","SALE","32","491","5","F","","analitica","","","PVP sales 1 (751966); Storica Analitica visura per immobile - Catasto Fabbricati."
"visura-storica","AL","SALE","32","491","6","F","","analitica","","","PVP sales 1 (751966); Storica Analitica visura per immobile - Catasto Fabbricati."
"visura-storica","AL","SALE","32","492","","F","","analitica","","","PVP sales 1 (751966); Storica Analitica visura per immobile - Catasto Fabbricati."
"visura-storica","AL","SALE","32","492","","T","","analitica","","","PVP sales 1 (751966); Storica Analitica visura per immobile - Catasto Terreni."
"visura-storica","AL","SALE","32","494","","F","","analitica","","","PVP sales 1 (751966); Storica Analitica visura per immobile - Catasto Fabbricati."
"visura-storica","AL","SALE","32","494","","T","","analitica","","","PVP sales 1 (751966); Storica Analitica visura per immobile - Catasto Terreni."
"visura-storica","AL","SALE","32","557","","F","","analitica","","","PVP sales 1 (751966); Storica Analitica visura per immobile - Catasto Fabbricati."
"visura-storica","AL","SALE","32","557","","T","","analitica","","","PVP sales 1 (751966); Storica Analitica visura per immobile - Catasto Terreni."
"visura-storica","AL","SALE","35","58","1","F","","analitica","","","PVP sales 1 (1937559); Storica Analitica visura per immobile - Catasto Fabbricati."
"visura-storica","AL","SALE","35","58","2","F","","analitica","","","PVP sales 1 (1937559); Storica Analitica visura per immobile - Catasto Fabbricati."
"visura-storica","AL","SALE","51","1449","7","F","","analitica","","","PVP sales 2 (1754246,2101000); Storica Analitica visura per immobile - Catasto Fabbricati."
"visura-storica","AL","SALE","51","193","1","F","","analitica","","","PVP sales 3 (4421522,4492495,4560172); Storica Analitica visura per immobile - Catasto Fabbricati."
"visura-storica","AL","SALE","51","241","9","F","","analitica","","","PVP sales 1 (567438); Storica Analitica visura per immobile - Catasto Fabbricati."
"visura-storica","AL","SALE","51","28","1","F","","analitica","","","PVP sales 1 (245120); Storica Analitica visura per immobile - Catasto Fabbricati."
"visura-storica","AL","SALE","51","28","2","F","","analitica","","","PVP sales 1 (245120); Storica Analitica visura per immobile - Catasto Fabbricati."
"visura-storica","AL","SALE","51","331","1","F","","analitica","","","PVP sales 1 (346961); Storica Analitica visura per immobile - Catasto Fabbricati."
"visura-storica","AL","SALE","51","331","2","F","","analitica","","","PVP sales 1 (1611148); Storica Analitica visura per immobile - Catasto Fabbricati."
"visura-storica","AL","SALE","51","47","3","F","","analitica","","","PVP sales 2 (2094106,2193837); Storica Analitica visura per immobile - Catasto Fabbricati."
"visura-storica","AL","SALE","51","47","4","F","","analitica","","","PVP sales 2 (2094106,2193837); Storica Analitica visura per immobile - Catasto Fabbricati."
"visura-storica","AL","SALE","51","49","2","F","","analitica","","","PVP sales 2 (2094106,2193837); Storica Analitica visura per immobile - Catasto Fabbricati."
"visura-storica","AL","SALE","51","49","3","F","","analitica","","","PVP sales 2 (2094106,2193837); Storica Analitica visura per immobile - Catasto Fabbricati."
"visura-storica","AL","SALE","51","51","1","F","","analitica","","","PVP sales 2 (2094106,2193837); Storica Analitica visura per immobile - Catasto Fabbricati."
"visura-storica","AL","SALE","51","56","14","F","","analitica","","","PVP sales 1 (296000); Storica Analitica visura per immobile - Catasto Fabbricati."
"visura-storica","AL","SAN GIORGIO MONFERRATO","5","136","","F","","analitica","","","PVP sales 1 (1848279); Storica Analitica visura per immobile - Catasto Fabbricati."
"visura-storica","AL","SAN GIORGIO MONFERRATO","5","136","","T","","analitica","","","PVP sales 1 (1848279); Storica Analitica visura per immobile - Catasto Terreni."
"visura-storica","AL","SAN GIORGIO MONFERRATO","5","193","","T","","analitica","","","PVP sales 1 (2174120); Storica Analitica visura per immobile - Catasto Terreni."
"visura-storica","AL","SAN GIORGIO MONFERRATO","7","155","10","F","","analitica","","","PVP sales 3 (4373604,4460409,4514192); Storica Analitica visura per immobile - Catasto Fabbricati."
"visura-storica","AL","SAN GIORGIO MONFERRATO","7","155","11","F","","analitica","","","PVP sales 3 (4373604,4460409,4514192); Storica Analitica visura per immobile - Catasto Fabbricati."
"visura-storica","AL","SAN GIORGIO MONFERRATO","7","155","12","F","","analitica","","","PVP sales 3 (4373604,4460409,4514192); Storica Analitica visura per immobile - Catasto Fabbricati."
"visura-storica","AL","SAN GIORGIO MONFERRATO","7","155","4","F","","analitica","","","PVP sales 3 (4373604,4460409,4514192); Storica Analitica visura per immobile - Catasto Fabbricati."
"visura-storica","AL","SAN GIORGIO MONFERRATO","7","155","5","F","","analitica","","","PVP sales 3 (4373604,4460409,4514192); Storica Analitica visura per immobile - Catasto Fabbricati."
"visura-storica","AL","SAN GIORGIO MONFERRATO","7","155","6","F","","analitica","","","PVP sales 3 (4373604,4460409,4514192); Storica Analitica visura per immobile - Catasto Fabbricati."
"visura-storica","AL","SAN GIORGIO MONFERRATO","7","155","8","F","","analitica","","","PVP sales 3 (4373604,4460409,4514192); Storica Analitica visura per immobile - Catasto Fabbricati."
"visura-storica","AL","SAN GIORGIO MONFERRATO","7","155","9","F","","analitica","","","PVP sales 3 (4373604,4460409,4514192); Storica Analitica visura per immobile - Catasto Fabbricati."
"visura-storica","AL","SAN GIORGIO MONFERRATO","8","130","","F","","analitica","","","PVP sales 1 (1850246); Storica Analitica visura per immobile - Catasto Fabbricati."
"visura-storica","AL","SAN GIORGIO MONFERRATO","8","130","","T","","analitica","","","PVP sales 1 (1850246); Storica Analitica visura per immobile - Catasto Terreni."
"visura-storica","AL","SAN GIORGIO MONFERRATO","8","130","3","F","","analitica","","","PVP sales 1 (4257897); Storica Analitica visura per immobile - Catasto Fabbricati."
"visura-storica","AL","SAN SALVATORE MONFERRATO","11","295","1","F","","analitica","","","PVP sales 3 (746369,1609584,1989517); Storica Analitica visura per immobile - Catasto Fabbricati."
"visura-storica","AL","SAN SALVATORE MONFERRATO","11","295","2","F","","analitica","","","PVP sales 3 (746369,1609584,1989517); Storica Analitica visura per immobile - Catasto Fabbricati."
"visura-storica","AL","SAN SALVATORE MONFERRATO","11","295","3","F","","analitica","","","PVP sales 3 (746369,1609584,1989517); Storica Analitica visura per immobile - Catasto Fabbricati."
"visura-storica","AL","SAN SALVATORE MONFERRATO","18","381","33","F","","analitica","","","PVP sales 1 (4242542); Storica Analitica visura per immobile - Catasto Fabbricati."
"visura-storica","AL","SAN SALVATORE MONFERRATO","22","757","2","F","","analitica","","","PVP sales 2 (96523,445225); Storica Analitica visura per immobile - Catasto Fabbricati."
"visura-storica","AL","SAN SALVATORE MONFERRATO","22","757","3","F","","analitica","","","PVP sales 1 (445225); Storica Analitica visura per immobile - Catasto Fabbricati."
"visura-storica","AL","SAN SALVATORE MONFERRATO","22","757","4","F","","analitica","","","PVP sales 1 (96523); Storica Analitica visura per immobile - Catasto Fabbricati."
"visura-storica","AL","SAN SALVATORE MONFERRATO","23","148","3","F","","analitica","","","PVP sales 1 (2040913); Storica Analitica visura per immobile - Catasto Fabbricati."
"visura-storica","AL","SAN SALVATORE MONFERRATO","23","246","","F","","analitica","","","PVP sales 1 (4435641); Storica Analitica visura per immobile - Catasto Fabbricati."
"visura-storica","AL","SAN SALVATORE MONFERRATO","23","246","","T","","analitica","","","PVP sales 1 (4435641); Storica Analitica visura per immobile - Catasto Terreni."
"visura-storica","AL","SAN SALVATORE MONFERRATO","23","94","1","F","","analitica","","","PVP sales 1 (1894356); Storica Analitica visura per immobile - Catasto Fabbricati."
"visura-storica","AL","SAN SALVATORE MONFERRATO","23","94","35","F","","analitica","","","PVP sales 1 (1894356); Storica Analitica visura per immobile - Catasto Fabbricati."
"visura-storica","AL","SAN SALVATORE MONFERRATO","30","171","","F","","analitica","","","PVP sales 1 (1017346); Storica Analitica visura per immobile - Catasto Fabbricati."
"visura-storica","AL","SAN SALVATORE MONFERRATO","30","171","","T","","analitica","","","PVP sales 1 (1017346); Storica Analitica visura per immobile - Catasto Terreni."
"visura-storica","AL","SAN SALVATORE MONFERRATO","30","301","","F","","analitica","","","PVP sales 1 (1017346); Storica Analitica visura per immobile - Catasto Fabbricati."
"visura-storica","AL","SAN SALVATORE MONFERRATO","30","301","","T","","analitica","","","PVP sales 1 (1017346); Storica Analitica visura per immobile - Catasto Terreni."
"visura-storica","AL","SAN SALVATORE MONFERRATO","30","301","2","F","","analitica","","","PVP sales 1 (1017346); Storica Analitica visura per immobile - Catasto Fabbricati."
"visura-storica","AL","SAN SALVATORE MONFERRATO","7","55","","F","","analitica","","","PVP sales 1 (349963); Storica Analitica visura per immobile - Catasto Fabbricati."
"visura-storica","AL","SAN SALVATORE MONFERRATO","7","55","","T","","analitica","","","PVP sales 1 (349963); Storica Analitica visura per immobile - Catasto Terreni."
"visura-storica","AL","SANT'AGATA FOSSILI","3","150","","F","","analitica","","","PVP sales 1 (4271179); Storica Analitica visura per immobile - Catasto Fabbricati."
"visura-storica","AL","SANT'AGATA FOSSILI","3","150","","T","","analitica","","","PVP sales 1 (4271179); Storica Analitica visura per immobile - Catasto Terreni."
"visura-storica","AL","SANT'AGATA FOSSILI","5","163","","F","","analitica","","","PVP sales 3 (4402774,4477281,4524808); Storica Analitica visura per immobile - Catasto Fabbricati."
"visura-storica","AL","SANT'AGATA FOSSILI","5","163","","T","","analitica","","","PVP sales 3 (4402774,4477281,4524808); Storica Analitica visura per immobile - Catasto Terreni."
"visura-storica","AL","SANT'AGATA FOSSILI","5","163","5","F","","analitica","","","PVP sales 3 (4402774,4477281,4524808); Storica Analitica visura per immobile - Catasto Fabbricati."
"visura-storica","AL","SANT'AGATA FOSSILI","5","244","","F","","analitica","","","PVP sales 2 (379245,1020509); Storica Analitica visura per immobile - Catasto Fabbricati."
"visura-storica","AL","SANT'AGATA FOSSILI","5","244","","T","","analitica","","","PVP sales 2 (379245,1020509); Storica Analitica visura per immobile - Catasto Terreni."
"visura-storica","AL","SANT'AGATA FOSSILI","5","27","","F","","analitica","","","PVP sales 1 (4271179); Storica Analitica visura per immobile - Catasto Fabbricati."
"visura-storica","AL","SANT'AGATA FOSSILI","5","27","","T","","analitica","","","PVP sales 1 (4271179); Storica Analitica visura per immobile - Catasto Terreni."
"visura-storica","AL","SANT'AGATA FOSSILI","5","457","","F","","analitica","","","PVP sales 3 (4402774,4477281,4524808); Storica Analitica visura per immobile - Catasto Fabbricati."
"visura-storica","AL","SANT'AGATA FOSSILI","5","457","","T","","analitica","","","PVP sales 3 (4402774,4477281,4524808); Storica Analitica visura per immobile - Catasto Terreni."
"visura-storica","AL","SANT'AGATA FOSSILI","6","9","","F","","analitica","","","PVP sales 1 (4271179); Storica Analitica visura per immobile - Catasto Fabbricati."
"visura-storica","AL","SANT'AGATA FOSSILI","6","9","","T","","analitica","","","PVP sales 1 (4271179); Storica Analitica visura per immobile - Catasto Terreni."
"visura-storica","AL","SANT'AGATA FOSSILI","7","210","","F","","analitica","","","PVP sales 1 (4271162); Storica Analitica visura per immobile - Catasto Fabbricati."
"visura-storica","AL","SANT'AGATA FOSSILI","7","210","","T","","analitica","","","PVP sales 1 (4271162); Storica Analitica visura per immobile - Catasto Terreni."
"visura-storica","AL","SANT'AGATA FOSSILI","7","222","","F","","analitica","","","PVP sales 1 (4271162); Storica Analitica visura per immobile - Catasto Fabbricati."
"visura-storica","AL","SANT'AGATA FOSSILI","7","222","","T","","analitica","","","PVP sales 1 (4271162); Storica Analitica visura per immobile - Catasto Terreni."
"visura-storica","AL","SANT'AGATA FOSSILI","7","286","","F","","analitica","","","PVP sales 1 (4271162); Storica Analitica visura per immobile - Catasto Fabbricati."
"visura-storica","AL","SANT'AGATA FOSSILI","7","286","","T","","analitica","","","PVP sales 1 (4271162); Storica Analitica visura per immobile - Catasto Terreni."
"visura-storica","AL","SANT'AGATA FOSSILI","7","317","","F","","analitica","","","PVP sales 1 (4271162); Storica Analitica visura per immobile - Catasto Fabbricati."
"visura-storica","AL","SANT'AGATA FOSSILI","7","317","","T","","analitica","","","PVP sales 1 (4271162); Storica Analitica visura per immobile - Catasto Terreni."
"visura-storica","AL","SANT'AGATA FOSSILI","7","318","","F","","analitica","","","PVP sales 1 (4271162); Storica Analitica visura per immobile - Catasto Fabbricati."
"visura-storica","AL","SANT'AGATA FOSSILI","7","318","","T","","analitica","","","PVP sales 1 (4271162); Storica Analitica visura per immobile - Catasto Terreni."
"visura-storica","AL","SANT'AGATA FOSSILI","8","138","","F","","analitica","","","PVP sales 1 (4271179); Storica Analitica visura per immobile - Catasto Fabbricati."
"visura-storica","AL","SANT'AGATA FOSSILI","8","138","","T","","analitica","","","PVP sales 1 (4271179); Storica Analitica visura per immobile - Catasto Terreni."
"visura-storica","AL","SANT'AGATA FOSSILI","8","232","","F","","analitica","","","PVP sales 1 (4271179); Storica Analitica visura per immobile - Catasto Fabbricati."
"visura-storica","AL","SANT'AGATA FOSSILI","8","232","","T","","analitica","","","PVP sales 1 (4271179); Storica Analitica visura per immobile - Catasto Terreni."
"visura-storica","AL","SANT'AGATA FOSSILI","9","15","","F","","analitica","","","PVP sales 1 (4271162); Storica Analitica visura per immobile - Catasto Fabbricati."
"visura-storica","AL","SANT'AGATA FOSSILI","9","15","","T","","analitica","","","PVP sales 1 (4271162); Storica Analitica visura per immobile - Catasto Terreni."
"visura-storica","AL","SANT'AGATA FOSSILI","9","221","","F","","analitica","","","PVP sales 1 (4271162); Storica Analitica visura per immobile - Catasto Fabbricati."
"visura-storica","AL","SANT'AGATA FOSSILI","9","221","","T","","analitica","","","PVP sales 1 (4271162); Storica Analitica visura per immobile - Catasto Terreni."
"visura-storica","AL","SARDIGLIANO","10","346","1","F","","analitica","","","PVP sales 3 (4428370,4497429,4553304); Storica Analitica visura per immobile - Catasto Fabbricati."
"visura-storica","AL","SARDIGLIANO","10","346","2","F","","analitica","","","PVP sales 3 (4428370,4497429,4553304); Storica Analitica visura per immobile - Catasto Fabbricati."
"visura-storica","AL","SARDIGLIANO","10","346","3","F","","analitica","","","PVP sales 3 (4428370,4497429,4553304); Storica Analitica visura per immobile - Catasto Fabbricati."
"visura-storica","AL","SAREZZANO","11","350","","F","","analitica","","","PVP sales 1 (4243169); Storica Analitica visura per immobile - Catasto Fabbricati."
"visura-storica","AL","SAREZZANO","11","350","","T","","analitica","","","PVP sales 1 (4243169); Storica Analitica visura per immobile - Catasto Terreni."
"visura-storica","AL","SAREZZANO","11","351","","F","","analitica","","","PVP sales 1 (4243169); Storica Analitica visura per immobile - Catasto Fabbricati."
"visura-storica","AL","SAREZZANO","11","351","","T","","analitica","","","PVP sales 1 (4243169); Storica Analitica visura per immobile - Catasto Terreni."
"visura-storica","AL","SAREZZANO","12","42","","F","","analitica","","","PVP sales 1 (441293); Storica Analitica visura per immobile - Catasto Fabbricati."
"visura-storica","AL","SAREZZANO","12","42","","T","","analitica","","","PVP sales 1 (441293); Storica Analitica visura per immobile - Catasto Terreni."
"visura-storica","AL","SAREZZANO","12","48","","F","","analitica","","","PVP sales 1 (441293); Storica Analitica visura per immobile - Catasto Fabbricati."
"visura-storica","AL","SAREZZANO","12","48","","T","","analitica","","","PVP sales 1 (441293); Storica Analitica visura per immobile - Catasto Terreni."
"visura-storica","AL","SAREZZANO","12","49","","F","","analitica","","","PVP sales 1 (441293); Storica Analitica visura per immobile - Catasto Fabbricati."
"visura-storica","AL","SAREZZANO","12","49","","T","","analitica","","","PVP sales 1 (441293); Storica Analitica visura per immobile - Catasto Terreni."
"visura-storica","AL","SAREZZANO","12","54/AA","","F","","analitica","","","PVP sales 1 (441293); Storica Analitica visura per immobile - Catasto Fabbricati."
"visura-storica","AL","SAREZZANO","12","54/AA","","T","","analitica","","","PVP sales 1 (441293); Storica Analitica visura per immobile - Catasto Terreni."
"visura-storica","AL","SAREZZANO","12","54/AB","","F","","analitica","","","PVP sales 1 (441293); Storica Analitica visura per immobile - Catasto Fabbricati."
"visura-storica","AL","SAREZZANO","12","54/AB","","T","","analitica","","","PVP sales 1 (441293); Storica Analitica visura per immobile - Catasto Terreni."
"visura-storica","AL","SAREZZANO","12","55/AA","","F","","analitica","","","PVP sales 1 (441293); Storica Analitica visura per immobile - Catasto Fabbricati."
"visura-storica","AL","SAREZZANO","12","55/AA","","T","","analitica","","","PVP sales 1 (441293); Storica Analitica visura per immobile - Catasto Terreni."
"visura-storica","AL","SAREZZANO","12","55/AB","","F","","analitica","","","PVP sales 1 (441293); Storica Analitica visura per immobile - Catasto Fabbricati."
"visura-storica","AL","SAREZZANO","12","55/AB","","T","","analitica","","","PVP sales 1 (441293); Storica Analitica visura per immobile - Catasto Terreni."
"visura-storica","AL","SAREZZANO","13","39","","F","","analitica","","","PVP sales 2 (2101601,2188832); Storica Analitica visura per immobile - Catasto Fabbricati."
"visura-storica","AL","SAREZZANO","13","39","","T","","analitica","","","PVP sales 2 (2101601,2188832); Storica Analitica visura per immobile - Catasto Terreni."
"visura-storica","AL","SAREZZANO","13","43","","F","","analitica","","","PVP sales 2 (2101601,2188832); Storica Analitica visura per immobile - Catasto Fabbricati."
"visura-storica","AL","SAREZZANO","13","43","","T","","analitica","","","PVP sales 2 (2101601,2188832); Storica Analitica visura per immobile - Catasto Terreni."
"visura-storica","AL","SAREZZANO","13","77","","F","","analitica","","","PVP sales 2 (2101601,2188832); Storica Analitica visura per immobile - Catasto Fabbricati."
"visura-storica","AL","SAREZZANO","13","77","","T","","analitica","","","PVP sales 2 (2101601,2188832); Storica Analitica visura per immobile - Catasto Terreni."
"visura-storica","AL","SAREZZANO","13","78","","F","","analitica","","","PVP sales 2 (2101601,2188832); Storica Analitica visura per immobile - Catasto Fabbricati."
"visura-storica","AL","SAREZZANO","13","78","","T","","analitica","","","PVP sales 2 (2101601,2188832); Storica Analitica visura per immobile - Catasto Terreni."
"visura-storica","AL","SAREZZANO","15","18","","F","","analitica","","","PVP sales 2 (2101601,2188832); Storica Analitica visura per immobile - Catasto Fabbricati."
"visura-storica","AL","SAREZZANO","15","18","","T","","analitica","","","PVP sales 2 (2101601,2188832); Storica Analitica visura per immobile - Catasto Terreni."
"visura-storica","AL","SAREZZANO","3","250","","F","","analitica","","","PVP sales 2 (2101601,2188832); Storica Analitica visura per immobile - Catasto Fabbricati."
"visura-storica","AL","SAREZZANO","3","250","","T","","analitica","","","PVP sales 2 (2101601,2188832); Storica Analitica visura per immobile - Catasto Terreni."
"visura-storica","AL","SAREZZANO","4","31","","F","","analitica","","","PVP sales 2 (2101601,2188832); Storica Analitica visura per immobile - Catasto Fabbricati."
"visura-storica","AL","SAREZZANO","4","31","","T","","analitica","","","PVP sales 2 (2101601,2188832); Storica Analitica visura per immobile - Catasto Terreni."
"visura-storica","AL","SAREZZANO","4","32","","F","","analitica","","","PVP sales 2 (2101601,2188832); Storica Analitica visura per immobile - Catasto Fabbricati."
"visura-storica","AL","SAREZZANO","4","32","","T","","analitica","","","PVP sales 2 (2101601,2188832); Storica Analitica visura per immobile - Catasto Terreni."
"visura-storica","AL","SAREZZANO","6","126","4","F","","analitica","","","PVP sales 1 (4407513); Storica Analitica visura per immobile - Catasto Fabbricati."
"visura-storica","AL","SAREZZANO","8","200","","F","","analitica","","","PVP sales 2 (2101601,2188832); Storica Analitica visura per immobile - Catasto Fabbricati."
"visura-storica","AL","SAREZZANO","8","200","","T","","analitica","","","PVP sales 2 (2101601,2188832); Storica Analitica visura per immobile - Catasto Terreni."
"visura-storica","AL","SAREZZANO","8","277","6","F","","analitica","","","PVP sales 2 (2188847,4247783); Storica Analitica visura per immobile - Catasto Fabbricati."
"visura-storica","AL","SAREZZANO","8","371","1","F","","analitica","","","PVP sales 2 (2188791,4247766); Storica Analitica visura per immobile - Catasto Fabbricati."
"visura-storica","AL","SAREZZANO","8","378","1","F","","analitica","","","PVP sales 1 (2101545); Storica Analitica visura per immobile - Catasto Fabbricati."
"visura-storica","AL","SAREZZANO","9","10","","F","","analitica","","","PVP sales 2 (2101601,2188832); Storica Analitica visura per immobile - Catasto Fabbricati."
"visura-storica","AL","SAREZZANO","9","10","","T","","analitica","","","PVP sales 2 (2101601,2188832); Storica Analitica visura per immobile - Catasto Terreni."
"visura-storica","AL","SAREZZANO","9","406","","F","","analitica","","","PVP sales 2 (2101601,2188832); Storica Analitica visura per immobile - Catasto Fabbricati."
"visura-storica","AL","SAREZZANO","9","406","","T","","analitica","","","PVP sales 2 (2101601,2188832); Storica Analitica visura per immobile - Catasto Terreni."
"visura-storica","AL","SAREZZANO","9","9","","F","","analitica","","","PVP sales 2 (2101601,2188832); Storica Analitica visura per immobile - Catasto Fabbricati."
"visura-storica","AL","SAREZZANO","9","9","","T","","analitica","","","PVP sales 2 (2101601,2188832); Storica Analitica visura per immobile - Catasto Terreni."
"visura-storica","AL","SERRAVALLE SCRIVIA","10","302","10","F","","analitica","","","PVP sales 1 (4339896); Storica Analitica visura per immobile - Catasto Fabbricati."
"visura-storica","AL","SERRAVALLE SCRIVIA","10","302","11","F","","analitica","","","PVP sales 2 (4339896,4410148); Storica Analitica visura per immobile - Catasto Fabbricati."
"visura-storica","AL","SERRAVALLE SCRIVIA","10","302","13","F","","analitica","","","PVP sales 2 (4339896,4410171); Storica Analitica visura per immobile - Catasto Fabbricati."
"visura-storica","AL","SERRAVALLE SCRIVIA","10","302","14","F","","analitica","","","PVP sales 1 (4410171); Storica Analitica visura per immobile - Catasto Fabbricati."
"visura-storica","AL","SERRAVALLE SCRIVIA","10","302","16","F","","analitica","","","PVP sales 2 (4410171,4410184); Storica Analitica visura per immobile - Catasto Fabbricati."
"visura-storica","AL","SERRAVALLE SCRIVIA","10","302","19","F","","analitica","","","PVP sales 2 (4339896,4410171); Storica Analitica visura per immobile - Catasto Fabbricati."
"visura-storica","AL","SERRAVALLE SCRIVIA","10","302","20","F","","analitica","","","PVP sales 2 (4339896,4410171); Storica Analitica visura per immobile - Catasto Fabbricati."
"visura-storica","AL","SERRAVALLE SCRIVIA","10","302","21","F","","analitica","","","PVP sales 1 (4410171); Storica Analitica visura per immobile - Catasto Fabbricati."
"visura-storica","AL","SERRAVALLE SCRIVIA","10","302","23","F","","analitica","","","PVP sales 2 (4339896,4410171); Storica Analitica visura per immobile - Catasto Fabbricati."
"visura-storica","AL","SERRAVALLE SCRIVIA","10","302","24","F","","analitica","","","PVP sales 1 (4410677); Storica Analitica visura per immobile - Catasto Fabbricati."
"visura-storica","AL","SERRAVALLE SCRIVIA","10","302","25","F","","analitica","","","PVP sales 2 (4339896,4410171); Storica Analitica visura per immobile - Catasto Fabbricati."
"visura-storica","AL","SERRAVALLE SCRIVIA","10","302","27","F","","analitica","","","PVP sales 2 (4339896,4410171); Storica Analitica visura per immobile - Catasto Fabbricati."
"visura-storica","AL","SERRAVALLE SCRIVIA","10","302","28","F","","analitica","","","PVP sales 2 (4339896,4410171); Storica Analitica visura per immobile - Catasto Fabbricati."
"visura-storica","AL","SERRAVALLE SCRIVIA","10","302","29","F","","analitica","","","PVP sales 2 (4339896,4410702); Storica Analitica visura per immobile - Catasto Fabbricati."
"visura-storica","AL","SERRAVALLE SCRIVIA","10","302","3","F","","analitica","","","PVP sales 1 (4339896); Storica Analitica visura per immobile - Catasto Fabbricati."
"visura-storica","AL","SERRAVALLE SCRIVIA","10","302","32","F","","analitica","","","PVP sales 2 (4339896,4410171); Storica Analitica visura per immobile - Catasto Fabbricati."
"visura-storica","AL","SERRAVALLE SCRIVIA","10","302","33","F","","analitica","","","PVP sales 2 (4339896,4410171); Storica Analitica visura per immobile - Catasto Fabbricati."
"visura-storica","AL","SERRAVALLE SCRIVIA","10","302","34","F","","analitica","","","PVP sales 1 (4339896); Storica Analitica visura per immobile - Catasto Fabbricati."
"visura-storica","AL","SERRAVALLE SCRIVIA","10","302","35","F","","analitica","","","PVP sales 1 (4339896); Storica Analitica visura per immobile - Catasto Fabbricati."
"visura-storica","AL","SERRAVALLE SCRIVIA","10","302","4","F","","analitica","","","PVP sales 1 (4339896); Storica Analitica visura per immobile - Catasto Fabbricati."
"visura-storica","AL","SERRAVALLE SCRIVIA","10","302","6","F","","analitica","","","PVP sales 1 (4409541); Storica Analitica visura per immobile - Catasto Fabbricati."
"visura-storica","AL","SERRAVALLE SCRIVIA","10","302","7","F","","analitica","","","PVP sales 1 (4339896); Storica Analitica visura per immobile - Catasto Fabbricati."
"visura-storica","AL","SERRAVALLE SCRIVIA","10","302","8","F","","analitica","","","PVP sales 1 (4339896); Storica Analitica visura per immobile - Catasto Fabbricati."
"visura-storica","AL","SERRAVALLE SCRIVIA","10","302","9","F","","analitica","","","PVP sales 1 (4339896); Storica Analitica visura per immobile - Catasto Fabbricati."
"visura-storica","AL","SERRAVALLE SCRIVIA","10","434","1","F","","analitica","","","PVP sales 1 (4431660); Storica Analitica visura per immobile - Catasto Fabbricati."
"visura-storica","AL","SERRAVALLE SCRIVIA","10","434","2","F","","analitica","","","PVP sales 1 (4431660); Storica Analitica visura per immobile - Catasto Fabbricati."
"visura-storica","AL","SERRAVALLE SCRIVIA","10","434","5","F","","analitica","","","PVP sales 1 (4431720); Storica Analitica visura per immobile - Catasto Fabbricati."
"visura-storica","AL","SERRAVALLE SCRIVIA","10","529","13","F","","analitica","","","PVP sales 1 (4339467); Storica Analitica visura per immobile - Catasto Fabbricati."
"visura-storica","AL","SERRAVALLE SCRIVIA","11","149","","F","","analitica","","","PVP sales 1 (2095774); Storica Analitica visura per immobile - Catasto Fabbricati."
"visura-storica","AL","SERRAVALLE SCRIVIA","11","149","","T","","analitica","","","PVP sales 1 (2095774); Storica Analitica visura per immobile - Catasto Terreni."
"visura-storica","AL","SERRAVALLE SCRIVIA","11","152","1","F","","analitica","","","PVP sales 1 (2095774); Storica Analitica visura per immobile - Catasto Fabbricati."
"visura-storica","AL","SERRAVALLE SCRIVIA","11","164","10","F","","analitica","","","PVP sales 2 (440248,592693); Storica Analitica visura per immobile - Catasto Fabbricati."
"visura-storica","AL","SERRAVALLE SCRIVIA","11","176","5","F","","analitica","","","PVP sales 2 (4425829,4491314); Storica Analitica visura per immobile - Catasto Fabbricati."
"visura-storica","AL","SERRAVALLE SCRIVIA","11","177","","F","","analitica","","","PVP sales 2 (4425829,4491314); Storica Analitica visura per immobile - Catasto Fabbricati."
"visura-storica","AL","SERRAVALLE SCRIVIA","11","177","","T","","analitica","","","PVP sales 2 (4425829,4491314); Storica Analitica visura per immobile - Catasto Terreni."
"visura-storica","AL","SERRAVALLE SCRIVIA","11","273","20","F","","analitica","","","PVP sales 1 (2214945); Storica Analitica visura per immobile - Catasto Fabbricati."
"visura-storica","AL","SERRAVALLE SCRIVIA","11","533","","F","","analitica","","","PVP sales 2 (391213,391365); Storica Analitica visura per immobile - Catasto Fabbricati."
"visura-storica","AL","SERRAVALLE SCRIVIA","11","533","","T","","analitica","","","PVP sales 2 (391213,391365); Storica Analitica visura per immobile - Catasto Terreni."
"visura-storica","AL","SERRAVALLE SCRIVIA","11","534","","F","","analitica","","","PVP sales 2 (391305,518912); Storica Analitica visura per immobile - Catasto Fabbricati."
"visura-storica","AL","SERRAVALLE SCRIVIA","11","534","","T","","analitica","","","PVP sales 2 (391305,518912); Storica Analitica visura per immobile - Catasto Terreni."
"visura-storica","AL","SERRAVALLE SCRIVIA","11","68","23","F","","analitica","","","PVP sales 1 (4473085); Storica Analitica visura per immobile - Catasto Fabbricati."
"visura-storica","AL","SERRAVALLE SCRIVIA","11","85","7","F","","analitica","","","PVP sales 2 (391213,391365); Storica Analitica visura per immobile - Catasto Fabbricati."
"visura-storica","AL","SERRAVALLE SCRIVIA","11","85","8","F","","analitica","","","PVP sales 2 (391305,518912); Storica Analitica visura per immobile - Catasto Fabbricati."
"visura-storica","AL","SERRAVALLE SCRIVIA","12","147","10","F","","analitica","","","PVP sales 4 (286185,416150,416613,611726); Storica Analitica visura per immobile - Catasto Fabbricati."
"visura-storica","AL","SERRAVALLE SCRIVIA","12","147","5","F","","analitica","","","PVP sales 4 (286185,416150,416613,611726); Storica Analitica visura per immobile - Catasto Fabbricati."
"visura-storica","AL","SERRAVALLE SCRIVIA","12","178","11","F","","analitica","","","PVP sales 1 (743696); Storica Analitica visura per immobile - Catasto Fabbricati."
"visura-storica","AL","SERRAVALLE SCRIVIA","12","178","12","F","","analitica","","","PVP sales 1 (743696); Storica Analitica visura per immobile - Catasto Fabbricati."
"visura-storica","AL","SERRAVALLE SCRIVIA","12","178","13","F","","analitica","","","PVP sales 1 (743696); Storica Analitica visura per immobile - Catasto Fabbricati."
"visura-storica","AL","SERRAVALLE SCRIVIA","12","178","14","F","","analitica","","","PVP sales 1 (743696); Storica Analitica visura per immobile - Catasto Fabbricati."
"visura-storica","AL","SERRAVALLE SCRIVIA","12","276","7","F","","analitica","","","PVP sales 1 (301901); Storica Analitica visura per immobile - Catasto Fabbricati."
"visura-storica","AL","SERRAVALLE SCRIVIA","12","281/589","1","F","","analitica","","","PVP sales 1 (1497711); Storica Analitica visura per immobile - Catasto Fabbricati."
"visura-storica","AL","SERRAVALLE SCRIVIA","12","281/589","7","F","","analitica","","","PVP sales 1 (1497711); Storica Analitica visura per immobile - Catasto Fabbricati."
"visura-storica","AL","SERRAVALLE SCRIVIA","12","389","7","F","","analitica","","","PVP sales 3 (371471,517825,517893); Storica Analitica visura per immobile - Catasto Fabbricati."
"visura-storica","AL","SERRAVALLE SCRIVIA","12","389","8","F","","analitica","","","PVP sales 3 (371471,517825,517893); Storica Analitica visura per immobile - Catasto Fabbricati."
"visura-storica","AL","SERRAVALLE SCRIVIA","12","389","9","F","","analitica","","","PVP sales 3 (371471,517825,517893); Storica Analitica visura per immobile - Catasto Fabbricati."
"visura-storica","AL","SERRAVALLE SCRIVIA","12","546","","F","","analitica","","","PVP sales 1 (4222384); Storica Analitica visura per immobile - Catasto Fabbricati."
"visura-storica","AL","SERRAVALLE SCRIVIA","12","546","","T","","analitica","","","PVP sales 1 (4222384); Storica Analitica visura per immobile - Catasto Terreni."
"visura-storica","AL","SERRAVALLE SCRIVIA","12","546","19","F","","analitica","","","PVP sales 1 (4258248); Storica Analitica visura per immobile - Catasto Fabbricati."
"visura-storica","AL","SERRAVALLE SCRIVIA","12","546","29","F","","analitica","","","PVP sales 2 (2093725,4260764); Storica Analitica visura per immobile - Catasto Fabbricati."
"visura-storica","AL","SERRAVALLE SCRIVIA","12","70","3","F","","analitica","","","PVP sales 1 (1451626); Storica Analitica visura per immobile - Catasto Fabbricati."
"visura-storica","AL","SERRAVALLE SCRIVIA","12","70","4","F","","analitica","","","PVP sales 1 (1451626); Storica Analitica visura per immobile - Catasto Fabbricati."
"visura-storica","AL","SERRAVALLE SCRIVIA","12","70","5","F","","analitica","","","PVP sales 1 (1451626); Storica Analitica visura per immobile - Catasto Fabbricati."
"visura-storica","AL","SERRAVALLE SCRIVIA","12","799","16","F","","analitica","","","PVP sales 1 (2127312); Storica Analitica visura per immobile - Catasto Fabbricati."
"visura-storica","AL","SERRAVALLE SCRIVIA","12","799","20","F","","analitica","","","PVP sales 1 (2127312); Storica Analitica visura per immobile - Catasto Fabbricati."
"visura-storica","AL","SERRAVALLE SCRIVIA","12","799","63","F","","analitica","","","PVP sales 1 (2127312); Storica Analitica visura per immobile - Catasto Fabbricati."
"visura-storica","AL","SERRAVALLE SCRIVIA","12","808","1","F","","analitica","","","PVP sales 4 (1483270,1483297,1612118,1776748); Storica Analitica visura per immobile - Catasto Fabbricati."
"visura-storica","AL","SERRAVALLE SCRIVIA","12","808","2","F","","analitica","","","PVP sales 4 (1483270,1483297,1612118,1776748); Storica Analitica visura per immobile - Catasto Fabbricati."
"visura-storica","AL","SERRAVALLE SCRIVIA","12","850","","F","","analitica","","","PVP sales 1 (2145730); Storica Analitica visura per immobile - Catasto Fabbricati."
"visura-storica","AL","SERRAVALLE SCRIVIA","12","850","","T","","analitica","","","PVP sales 1 (2145730); Storica Analitica visura per immobile - Catasto Terreni."
"visura-storica","AL","SERRAVALLE SCRIVIA","12","850","11","F","","analitica","","","PVP sales 2 (2066766,2240301); Storica Analitica visura per immobile - Catasto Fabbricati."
"visura-storica","AL","SERRAVALLE SCRIVIA","12","850","14","F","","analitica","","","PVP sales 3 (2066766,2145730,2240301); Storica Analitica visura per immobile - Catasto Fabbricati."
"visura-storica","AL","SERRAVALLE SCRIVIA","15","300","3","F","","analitica","","","PVP sales 2 (4493620,4547690); Storica Analitica visura per immobile - Catasto Fabbricati."
"visura-storica","AL","SERRAVALLE SCRIVIA","15","300","4","F","","analitica","","","PVP sales 2 (4493620,4547690); Storica Analitica visura per immobile - Catasto Fabbricati."
"visura-storica","AL","SERRAVALLE SCRIVIA","16","26","12","F","","analitica","","","PVP sales 1 (4423314); Storica Analitica visura per immobile - Catasto Fabbricati."
"visura-storica","AL","SERRAVALLE SCRIVIA","16","26","7","F","","analitica","","","PVP sales 1 (4423314); Storica Analitica visura per immobile - Catasto Fabbricati."
"visura-storica","AL","SERRAVALLE SCRIVIA","16","40","12","F","","analitica","","","PVP sales 1 (1844671); Storica Analitica visura per immobile - Catasto Fabbricati."
"visura-storica","AL","SERRAVALLE SCRIVIA","17","31","12","F","","analitica","","","PVP sales 1 (652381); Storica Analitica visura per immobile - Catasto Fabbricati."
"visura-storica","AL","SERRAVALLE SCRIVIA","17","31","14","F","","analitica","","","PVP sales 1 (652375); Storica Analitica visura per immobile - Catasto Fabbricati."
"visura-storica","AL","SERRAVALLE SCRIVIA","17","31","15","F","","analitica","","","PVP sales 1 (652372); Storica Analitica visura per immobile - Catasto Fabbricati."
"visura-storica","AL","SERRAVALLE SCRIVIA","17","31","17","F","","analitica","","","PVP sales 1 (652360); Storica Analitica visura per immobile - Catasto Fabbricati."
"visura-storica","AL","SERRAVALLE SCRIVIA","5","1132","1","F","","analitica","","","PVP sales 1 (815281); Storica Analitica visura per immobile - Catasto Fabbricati."
"visura-storica","AL","SERRAVALLE SCRIVIA","5","1132","2","F","","analitica","","","PVP sales 1 (815281); Storica Analitica visura per immobile - Catasto Fabbricati."
"visura-storica","AL","SERRAVALLE SCRIVIA","5","1132","3","F","","analitica","","","PVP sales 1 (815281); Storica Analitica visura per immobile - Catasto Fabbricati."
"visura-storica","AL","SERRAVALLE SCRIVIA","5","1276","28","F","","analitica","","","PVP sales 1 (790904); Storica Analitica visura per immobile - Catasto Fabbricati."
"visura-storica","AL","SERRAVALLE SCRIVIA","5","1276","3","F","","analitica","","","PVP sales 3 (349194,470587,790904); Storica Analitica visura per immobile - Catasto Fabbricati."
"visura-storica","AL","SERRAVALLE SCRIVIA","5","207","","F","","analitica","","","PVP sales 5 (4446508,4446528,4446575,4446596,4446606); Storica Analitica visura per immobile - Catasto Fabbricati."
"visura-storica","AL","SERRAVALLE SCRIVIA","5","207","","T","","analitica","","","PVP sales 5 (4446508,4446528,4446575,4446596,4446606); Storica Analitica visura per immobile - Catasto Terreni."
"visura-storica","AL","SERRAVALLE SCRIVIA","5","329","12","F","","analitica","","","PVP sales 1 (2190489); Storica Analitica visura per immobile - Catasto Fabbricati."
"visura-storica","AL","SERRAVALLE SCRIVIA","5","329","15","F","","analitica","","","PVP sales 1 (2190489); Storica Analitica visura per immobile - Catasto Fabbricati."
"visura-storica","AL","SEZZADIO","16","24","","F","","analitica","","","PVP sales 1 (2053769); Storica Analitica visura per immobile - Catasto Fabbricati."
"visura-storica","AL","SEZZADIO","16","24","","T","","analitica","","","PVP sales 1 (2053769); Storica Analitica visura per immobile - Catasto Terreni."
"visura-storica","AL","SEZZADIO","16","298","1","F","","analitica","","","PVP sales 1 (2053769); Storica Analitica visura per immobile - Catasto Fabbricati."
"visura-storica","AL","SEZZADIO","16","298","2","F","","analitica","","","PVP sales 1 (2053769); Storica Analitica visura per immobile - Catasto Fabbricati."
"visura-storica","AL","SEZZADIO","16","299","","F","","analitica","","","PVP sales 1 (2053769); Storica Analitica visura per immobile - Catasto Fabbricati."
"visura-storica","AL","SEZZADIO","16","299","","T","","analitica","","","PVP sales 1 (2053769); Storica Analitica visura per immobile - Catasto Terreni."
"visura-storica","AL","SEZZADIO","16","301","","F","","analitica","","","PVP sales 1 (2053769); Storica Analitica visura per immobile - Catasto Fabbricati."
"visura-storica","AL","SEZZADIO","16","301","","T","","analitica","","","PVP sales 1 (2053769); Storica Analitica visura per immobile - Catasto Terreni."
"visura-storica","AL","SEZZADIO","16","59","","F","","analitica","","","PVP sales 1 (2053769); Storica Analitica visura per immobile - Catasto Fabbricati."
"visura-storica","AL","SEZZADIO","16","59","","T","","analitica","","","PVP sales 1 (2053769); Storica Analitica visura per immobile - Catasto Terreni."
"visura-storica","AL","SEZZADIO","8","1216","1","F","","analitica","","","PVP sales 1 (2145281); Storica Analitica visura per immobile - Catasto Fabbricati."
"visura-storica","AL","SEZZADIO","8","274","5","F","","analitica","","","PVP sales 4 (286223,286235,448496,4476162); Storica Analitica visura per immobile - Catasto Fabbricati."
"visura-storica","AL","SEZZADIO","8","275","8","F","","analitica","","","PVP sales 5 (286223,286235,448496,4386415,4476162); Storica Analitica visura per immobile - Catasto Fabbricati."
"visura-storica","AL","SEZZADIO","8","276","3","F","","analitica","","","PVP sales 4 (286223,286235,448496,4476162); Storica Analitica visura per immobile - Catasto Fabbricati."
"visura-storica","AL","SEZZADIO","8","276","4","F","","analitica","","","PVP sales 5 (286223,286235,448496,4386415,4476162); Storica Analitica visura per immobile - Catasto Fabbricati."
"visura-storica","AL","SEZZADIO","8","306/307","1","F","","analitica","","","PVP sales 1 (814801); Storica Analitica visura per immobile - Catasto Fabbricati."
"visura-storica","AL","SEZZADIO","8","523","3","F","","analitica","","","PVP sales 2 (362254,531976); Storica Analitica visura per immobile - Catasto Fabbricati."
"visura-storica","AL","SILVANO D'ORBA","11","423","","F","","analitica","","","PVP sales 1 (611792); Storica Analitica visura per immobile - Catasto Fabbricati."
"visura-storica","AL","SILVANO D'ORBA","11","423","","T","","analitica","","","PVP sales 1 (611792); Storica Analitica visura per immobile - Catasto Terreni."
"visura-storica","AL","SILVANO D'ORBA","11","668","","F","","analitica","","","PVP sales 1 (611774); Storica Analitica visura per immobile - Catasto Fabbricati."
"visura-storica","AL","SILVANO D'ORBA","11","668","","T","","analitica","","","PVP sales 1 (611774); Storica Analitica visura per immobile - Catasto Terreni."
"visura-storica","AL","SILVANO D'ORBA","11","737","2","F","","analitica","","","PVP sales 1 (611792); Storica Analitica visura per immobile - Catasto Fabbricati."
"visura-storica","AL","SILVANO D'ORBA","4","392","1","F","","analitica","","","PVP sales 3 (288642,288684,574592); Storica Analitica visura per immobile - Catasto Fabbricati."
"visura-storica","AL","SILVANO D'ORBA","4","398","3","F","","analitica","","","PVP sales 2 (822755,1808819); Storica Analitica visura per immobile - Catasto Fabbricati."
"visura-storica","AL","SILVANO D'ORBA","4","700","4","F","","analitica","","","PVP sales 1 (1172913); Storica Analitica visura per immobile - Catasto Fabbricati."
"visura-storica","AL","SILVANO D'ORBA","4","700","5","F","","analitica","","","PVP sales 1 (1172913); Storica Analitica visura per immobile - Catasto Fabbricati."
"visura-storica","AL","SOLERO","10","2319","1","F","","analitica","","","PVP sales 1 (769941); Storica Analitica visura per immobile - Catasto Fabbricati."
"visura-storica","AL","SOLERO","13","7","","F","","analitica","","","PVP sales 1 (791194); Storica Analitica visura per immobile - Catasto Fabbricati."
"visura-storica","AL","SOLERO","13","7","","T","","analitica","","","PVP sales 1 (791194); Storica Analitica visura per immobile - Catasto Terreni."
"visura-storica","AL","SOLERO","17","265","3","F","","analitica","","","PVP sales 1 (1949128); Storica Analitica visura per immobile - Catasto Fabbricati."
"visura-storica","AL","SOLERO","17","415","","F","","analitica","","","PVP sales 1 (1949128); Storica Analitica visura per immobile - Catasto Fabbricati."
"visura-storica","AL","SOLERO","17","415","","T","","analitica","","","PVP sales 1 (1949128); Storica Analitica visura per immobile - Catasto Terreni."
"visura-storica","AL","SOLERO","9","123","","F","","analitica","","","PVP sales 1 (651116); Storica Analitica visura per immobile - Catasto Fabbricati."
"visura-storica","AL","SOLERO","9","123","","T","","analitica","","","PVP sales 1 (651116); Storica Analitica visura per immobile - Catasto Terreni."
"visura-storica","AL","SOLERO","9","123","8","F","","analitica","","","PVP sales 1 (651116); Storica Analitica visura per immobile - Catasto Fabbricati."
"visura-storica","AL","SPIGNO MONFERRATO","33","48","1","F","","analitica","","","PVP sales 1 (1500057); Storica Analitica visura per immobile - Catasto Fabbricati."
"visura-storica","AL","SPIGNO MONFERRATO","33","48","2","F","","analitica","","","PVP sales 1 (1500057); Storica Analitica visura per immobile - Catasto Fabbricati."
"visura-storica","AL","SPIGNO MONFERRATO","7","79","1","F","","analitica","","","PVP sales 1 (1764906); Storica Analitica visura per immobile - Catasto Fabbricati."
"visura-storica","AL","SPIGNO MONFERRATO","7","79","2","F","","analitica","","","PVP sales 1 (1764906); Storica Analitica visura per immobile - Catasto Fabbricati."
"visura-storica","AL","SPIGNO MONFERRATO","7","98","1","F","","analitica","","","PVP sales 1 (1764906); Storica Analitica visura per immobile - Catasto Fabbricati."
"visura-storica","AL","SPIGNO MONFERRATO","7","98","2","F","","analitica","","","PVP sales 1 (1764906); Storica Analitica visura per immobile - Catasto Fabbricati."
"visura-storica","AL","SPIGNO MONFERRATO","7","98","3","F","","analitica","","","PVP sales 1 (1764906); Storica Analitica visura per immobile - Catasto Fabbricati."
"visura-storica","AL","SPIGNO MONFERRATO","8","552","","F","","analitica","","","PVP sales 3 (4388197,4461491,4535087); Storica Analitica visura per immobile - Catasto Fabbricati."
"visura-storica","AL","SPIGNO MONFERRATO","8","552","","T","","analitica","","","PVP sales 3 (4388197,4461491,4535087); Storica Analitica visura per immobile - Catasto Terreni."
"visura-storica","AL","SPINETO SCRIVIA","1","124","","F","","analitica","","","PVP sales 1 (4543985); Storica Analitica visura per immobile - Catasto Fabbricati."
"visura-storica","AL","SPINETO SCRIVIA","1","124","","T","","analitica","","","PVP sales 1 (4543985); Storica Analitica visura per immobile - Catasto Terreni."
"visura-storica","AL","SPINETO SCRIVIA","1","125","","F","","analitica","","","PVP sales 1 (4543985); Storica Analitica visura per immobile - Catasto Fabbricati."
"visura-storica","AL","SPINETO SCRIVIA","1","125","","T","","analitica","","","PVP sales 1 (4543985); Storica Analitica visura per immobile - Catasto Terreni."
"visura-storica","AL","SPINETO SCRIVIA","1","132","","F","","analitica","","","PVP sales 1 (4543985); Storica Analitica visura per immobile - Catasto Fabbricati."
"visura-storica","AL","SPINETO SCRIVIA","1","132","","T","","analitica","","","PVP sales 1 (4543985); Storica Analitica visura per immobile - Catasto Terreni."
"visura-storica","AL","SPINETO SCRIVIA","1","139","","F","","analitica","","","PVP sales 1 (4543985); Storica Analitica visura per immobile - Catasto Fabbricati."
"visura-storica","AL","SPINETO SCRIVIA","1","139","","T","","analitica","","","PVP sales 1 (4543985); Storica Analitica visura per immobile - Catasto Terreni."
"visura-storica","AL","SPINETO SCRIVIA","1","162","","F","","analitica","","","PVP sales 1 (4543985); Storica Analitica visura per immobile - Catasto Fabbricati."
"visura-storica","AL","SPINETO SCRIVIA","1","162","","T","","analitica","","","PVP sales 1 (4543985); Storica Analitica visura per immobile - Catasto Terreni."
"visura-storica","AL","SPINETO SCRIVIA","1","163","","F","","analitica","","","PVP sales 1 (4543985); Storica Analitica visura per immobile - Catasto Fabbricati."
"visura-storica","AL","SPINETO SCRIVIA","1","163","","T","","analitica","","","PVP sales 1 (4543985); Storica Analitica visura per immobile - Catasto Terreni."
"visura-storica","AL","SPINETO SCRIVIA","1","227","","F","","analitica","","","PVP sales 1 (4543985); Storica Analitica visura per immobile - Catasto Fabbricati."
"visura-storica","AL","SPINETO SCRIVIA","1","227","","T","","analitica","","","PVP sales 1 (4543985); Storica Analitica visura per immobile - Catasto Terreni."
"visura-storica","AL","SPINETO SCRIVIA","3","104","3","F","","analitica","","","PVP sales 1 (4543932); Storica Analitica visura per immobile - Catasto Fabbricati."
"visura-storica","AL","SPINETO SCRIVIA","3","300","","F","","analitica","","","PVP sales 1 (502084); Storica Analitica visura per immobile - Catasto Fabbricati."
"visura-storica","AL","SPINETO SCRIVIA","3","300","","T","","analitica","","","PVP sales 1 (502084); Storica Analitica visura per immobile - Catasto Terreni."
"visura-storica","AL","SPINETO SCRIVIA","3","301","","F","","analitica","","","PVP sales 1 (502084); Storica Analitica visura per immobile - Catasto Fabbricati."
"visura-storica","AL","SPINETO SCRIVIA","3","301","","T","","analitica","","","PVP sales 1 (502084); Storica Analitica visura per immobile - Catasto Terreni."
"visura-storica","AL","SPINETO SCRIVIA","3","302","","F","","analitica","","","PVP sales 1 (502084); Storica Analitica visura per immobile - Catasto Fabbricati."
"visura-storica","AL","SPINETO SCRIVIA","3","302","","T","","analitica","","","PVP sales 1 (502084); Storica Analitica visura per immobile - Catasto Terreni."
"visura-storica","AL","SPINETO SCRIVIA","5","191","","F","","analitica","","","PVP sales 1 (4543985); Storica Analitica visura per immobile - Catasto Fabbricati."
"visura-storica","AL","SPINETO SCRIVIA","5","191","","T","","analitica","","","PVP sales 1 (4543985); Storica Analitica visura per immobile - Catasto Terreni."
"visura-storica","AL","SPINETO SCRIVIA","99","158","","F","","analitica","","","PVP sales 1 (4543985); Storica Analitica visura per immobile - Catasto Fabbricati."
"visura-storica","AL","SPINETO SCRIVIA","99","158","","T","","analitica","","","PVP sales 1 (4543985); Storica Analitica visura per immobile - Catasto Terreni."
"visura-storica","AL","SPINETO SCRIVIA","99","295","","F","","analitica","","","PVP sales 1 (4543985); Storica Analitica visura per immobile - Catasto Fabbricati."
"visura-storica","AL","SPINETO SCRIVIA","99","295","","T","","analitica","","","PVP sales 1 (4543985); Storica Analitica visura per immobile - Catasto Terreni."
"visura-storica","AL","SPINETO SCRIVIA","99","361","","F","","analitica","","","PVP sales 1 (4543985); Storica Analitica visura per immobile - Catasto Fabbricati."
"visura-storica","AL","SPINETO SCRIVIA","99","361","","T","","analitica","","","PVP sales 1 (4543985); Storica Analitica visura per immobile - Catasto Terreni."
"visura-storica","AL","STAZZANO","13","219","1","F","","analitica","","","PVP sales 1 (4532372); Storica Analitica visura per immobile - Catasto Fabbricati."
"visura-storica","AL","STAZZANO","13","219","4","F","","analitica","","","PVP sales 1 (4532372); Storica Analitica visura per immobile - Catasto Fabbricati."
"visura-storica","AL","STAZZANO","13","23","4","F","","analitica","","","PVP sales 1 (480385); Storica Analitica visura per immobile - Catasto Fabbricati."
"visura-storica","AL","STAZZANO","13","23","5","F","","analitica","","","PVP sales 1 (480385); Storica Analitica visura per immobile - Catasto Fabbricati."
"visura-storica","AL","STAZZANO","13","23","6","F","","analitica","","","PVP sales 1 (480385); Storica Analitica visura per immobile - Catasto Fabbricati."
"visura-storica","AL","STAZZANO","13","23","7","F","","analitica","","","PVP sales 1 (480385); Storica Analitica visura per immobile - Catasto Fabbricati."
"visura-storica","AL","STAZZANO","13","30","13","F","","analitica","","","PVP sales 1 (565544); Storica Analitica visura per immobile - Catasto Fabbricati."
"visura-storica","AL","STAZZANO","13","31","","F","","analitica","","","PVP sales 1 (4411184); Storica Analitica visura per immobile - Catasto Fabbricati."
"visura-storica","AL","STAZZANO","13","65","6","F","","analitica","","","PVP sales 1 (4285380); Storica Analitica visura per immobile - Catasto Fabbricati."
"visura-storica","AL","STAZZANO","3","30","","F","","analitica","","","PVP sales 2 (334858,443853); Storica Analitica visura per immobile - Catasto Fabbricati."
"visura-storica","AL","STAZZANO","3","30","","T","","analitica","","","PVP sales 2 (334858,443853); Storica Analitica visura per immobile - Catasto Terreni."
"visura-storica","AL","STAZZANO","3","31","","F","","analitica","","","PVP sales 2 (334858,443853); Storica Analitica visura per immobile - Catasto Fabbricati."
"visura-storica","AL","STAZZANO","3","31","","T","","analitica","","","PVP sales 2 (334858,443853); Storica Analitica visura per immobile - Catasto Terreni."
"visura-storica","AL","STAZZANO","3","458","","F","","analitica","","","PVP sales 2 (334858,443853); Storica Analitica visura per immobile - Catasto Fabbricati."
"visura-storica","AL","STAZZANO","3","458","","T","","analitica","","","PVP sales 2 (334858,443853); Storica Analitica visura per immobile - Catasto Terreni."
"visura-storica","AL","STAZZANO","3","467","","F","","analitica","","","PVP sales 2 (334858,443853); Storica Analitica visura per immobile - Catasto Fabbricati."
"visura-storica","AL","STAZZANO","3","467","","T","","analitica","","","PVP sales 2 (334858,443853); Storica Analitica visura per immobile - Catasto Terreni."
"visura-storica","AL","STAZZANO","3","538","","F","","analitica","","","PVP sales 2 (334858,443853); Storica Analitica visura per immobile - Catasto Fabbricati."
"visura-storica","AL","STAZZANO","3","538","","T","","analitica","","","PVP sales 2 (334858,443853); Storica Analitica visura per immobile - Catasto Terreni."
"visura-storica","AL","STAZZANO","3","577","1","F","","analitica","","","PVP sales 2 (581636,734688); Storica Analitica visura per immobile - Catasto Fabbricati."
"visura-storica","AL","STAZZANO","3","577","2","F","","analitica","","","PVP sales 3 (581168,734771,738082); Storica Analitica visura per immobile - Catasto Fabbricati."
"visura-storica","AL","STAZZANO","3","577","3","F","","analitica","","","PVP sales 2 (582686,862804); Storica Analitica visura per immobile - Catasto Fabbricati."
"visura-storica","AL","STAZZANO","3","577","4","F","","analitica","","","PVP sales 3 (583812,584527,862813); Storica Analitica visura per immobile - Catasto Fabbricati."
"visura-storica","AL","STAZZANO","3","577","5","F","","analitica","","","PVP sales 2 (442552,739652); Storica Analitica visura per immobile - Catasto Fabbricati."
"visura-storica","AL","STAZZANO","9","17","1","F","","analitica","","","PVP sales 1 (4519974); Storica Analitica visura per immobile - Catasto Fabbricati."
"visura-storica","AL","STAZZANO","9","17","2","F","","analitica","","","PVP sales 1 (4519974); Storica Analitica visura per immobile - Catasto Fabbricati."
"visura-storica","AL","STREVI","1","279","","F","","analitica","","","PVP sales 1 (325470); Storica Analitica visura per immobile - Catasto Fabbricati."
"visura-storica","AL","STREVI","1","279","","T","","analitica","","","PVP sales 1 (325470); Storica Analitica visura per immobile - Catasto Terreni."
"visura-storica","AL","STREVI","10","133","","F","","analitica","","","PVP sales 1 (2189490); Storica Analitica visura per immobile - Catasto Fabbricati."
"visura-storica","AL","STREVI","10","133","","T","","analitica","","","PVP sales 1 (2189490); Storica Analitica visura per immobile - Catasto Terreni."
"visura-storica","AL","STREVI","10","133","11","F","","analitica","","","PVP sales 2 (2189490,4235845); Storica Analitica visura per immobile - Catasto Fabbricati."
"visura-storica","AL","STREVI","10","133","18","F","","analitica","","","PVP sales 1 (298941); Storica Analitica visura per immobile - Catasto Fabbricati."
"visura-storica","AL","STREVI","10","39","6","F","","analitica","","","PVP sales 1 (4222302); Storica Analitica visura per immobile - Catasto Fabbricati."
"visura-storica","AL","STREVI","10","555","8","F","","analitica","","","PVP sales 1 (1470181); Storica Analitica visura per immobile - Catasto Fabbricati."
"visura-storica","AL","STREVI","10","899","1","F","","analitica","","","PVP sales 3 (247176,433400,765539); Storica Analitica visura per immobile - Catasto Fabbricati."
"visura-storica","AL","STREVI","10","899","2","F","","analitica","","","PVP sales 3 (247176,433400,765539); Storica Analitica visura per immobile - Catasto Fabbricati."
"visura-storica","AL","STREVI","7","27","","F","","analitica","","","PVP sales 1 (325474); Storica Analitica visura per immobile - Catasto Fabbricati."
"visura-storica","AL","STREVI","7","27","","T","","analitica","","","PVP sales 1 (325474); Storica Analitica visura per immobile - Catasto Terreni."
"visura-storica","AL","STREVI","7","325","11","F","","analitica","","","PVP sales 1 (2185412); Storica Analitica visura per immobile - Catasto Fabbricati."
"visura-storica","AL","STREVI","7","325","12","F","","analitica","","","PVP sales 1 (2185412); Storica Analitica visura per immobile - Catasto Fabbricati."
"visura-storica","AL","STREVI","7","325","20","F","","analitica","","","PVP sales 1 (2185412); Storica Analitica visura per immobile - Catasto Fabbricati."
"visura-storica","AL","STREVI","7","325","21","F","","analitica","","","PVP sales 1 (2185412); Storica Analitica visura per immobile - Catasto Fabbricati."
"visura-storica","AL","STREVI","7","325","22","F","","analitica","","","PVP sales 1 (2185412); Storica Analitica visura per immobile - Catasto Fabbricati."
"visura-storica","AL","STREVI","7","325","23","F","","analitica","","","PVP sales 1 (2185412); Storica Analitica visura per immobile - Catasto Fabbricati."
"visura-storica","AL","STREVI","9","12","6","F","","analitica","","","PVP sales 1 (4414595); Storica Analitica visura per immobile - Catasto Fabbricati."
"visura-storica","AL","STREVI","9","37","30","F","","analitica","","","PVP sales 1 (1663449); Storica Analitica visura per immobile - Catasto Fabbricati."
"visura-storica","AL","STREVI","9","37","42","F","","analitica","","","PVP sales 1 (1663449); Storica Analitica visura per immobile - Catasto Fabbricati."
"visura-storica","AL","STREVI","9","37","9","F","","analitica","","","PVP sales 1 (1663449); Storica Analitica visura per immobile - Catasto Fabbricati."
"visura-storica","AL","STREVI","9","383","1","F","","analitica","","","PVP sales 2 (4484297,4542463); Storica Analitica visura per immobile - Catasto Fabbricati."
"visura-storica","AL","STREVI","9","466","","F","","analitica","","","PVP sales 3 (516314,1559875,1711789); Storica Analitica visura per immobile - Catasto Fabbricati."
"visura-storica","AL","STREVI","9","466","","T","","analitica","","","PVP sales 3 (516314,1559875,1711789); Storica Analitica visura per immobile - Catasto Terreni."
"visura-storica","AL","STREVI","9","78","5","F","","analitica","","","PVP sales 7 (399845,555864,743579,893517,1523809 +2 more); Storica Analitica visura per immobile - Catasto Fabbricati."
"visura-storica","AL","STREVI","9","78","7","F","","analitica","","","PVP sales 1 (743579); Storica Analitica visura per immobile - Catasto Fabbricati."
"visura-storica","AL","STREVI","9","78","8","F","","analitica","","","PVP sales 1 (743579); Storica Analitica visura per immobile - Catasto Fabbricati."
"visura-storica","AL","STREVI","9","827","1","F","","analitica","","","PVP sales 2 (4484297,4542463); Storica Analitica visura per immobile - Catasto Fabbricati."
"visura-storica","AL","STREVI","9","827","2","F","","analitica","","","PVP sales 2 (4484297,4542463); Storica Analitica visura per immobile - Catasto Fabbricati."
"visura-storica","AL","STREVI","9","843","1","F","","analitica","","","PVP sales 1 (326548); Storica Analitica visura per immobile - Catasto Fabbricati."
"visura-storica","AL","TAGLIOLO MONFERRATO","29","17","","F","","analitica","","","PVP sales 1 (583868); Storica Analitica visura per immobile - Catasto Fabbricati."
"visura-storica","AL","TAGLIOLO MONFERRATO","29","17","","T","","analitica","","","PVP sales 1 (583868); Storica Analitica visura per immobile - Catasto Terreni."
"visura-storica","AL","TAGLIOLO MONFERRATO","29","45","","F","","analitica","","","PVP sales 1 (583910); Storica Analitica visura per immobile - Catasto Fabbricati."
"visura-storica","AL","TAGLIOLO MONFERRATO","29","45","","T","","analitica","","","PVP sales 1 (583910); Storica Analitica visura per immobile - Catasto Terreni."
"visura-storica","AL","TAGLIOLO MONFERRATO","29","46","","F","","analitica","","","PVP sales 1 (583868); Storica Analitica visura per immobile - Catasto Fabbricati."
"visura-storica","AL","TAGLIOLO MONFERRATO","29","46","","T","","analitica","","","PVP sales 1 (583868); Storica Analitica visura per immobile - Catasto Terreni."
"visura-storica","AL","TAGLIOLO MONFERRATO","3","220","","F","","analitica","","","PVP sales 1 (1806054); Storica Analitica visura per immobile - Catasto Fabbricati."
"visura-storica","AL","TAGLIOLO MONFERRATO","3","220","","T","","analitica","","","PVP sales 1 (1806054); Storica Analitica visura per immobile - Catasto Terreni."
"visura-storica","AL","TAGLIOLO MONFERRATO","3","222","","F","","analitica","","","PVP sales 1 (1806054); Storica Analitica visura per immobile - Catasto Fabbricati."
"visura-storica","AL","TAGLIOLO MONFERRATO","3","222","","T","","analitica","","","PVP sales 1 (1806054); Storica Analitica visura per immobile - Catasto Terreni."
"visura-storica","AL","TAGLIOLO MONFERRATO","4","414","22","F","","analitica","","","PVP sales 1 (2023683); Storica Analitica visura per immobile - Catasto Fabbricati."
"visura-storica","AL","TAGLIOLO MONFERRATO","4","414","31","F","","analitica","","","PVP sales 1 (2023683); Storica Analitica visura per immobile - Catasto Fabbricati."
"visura-storica","AL","TAGLIOLO MONFERRATO","4","414","6","F","","analitica","","","PVP sales 1 (2023683); Storica Analitica visura per immobile - Catasto Fabbricati."
"visura-storica","AL","TASSAROLO","2","898","","F","","analitica","","","PVP sales 1 (2191693); Storica Analitica visura per immobile - Catasto Fabbricati."
"visura-storica","AL","TASSAROLO","2","898","","T","","analitica","","","PVP sales 1 (2191693); Storica Analitica visura per immobile - Catasto Terreni."
"visura-storica","AL","TASSAROLO","2","907","3","F","","analitica","","","PVP sales 1 (1727496); Storica Analitica visura per immobile - Catasto Fabbricati."
"visura-storica","AL","TASSAROLO","2","967","2","F","","analitica","","","PVP sales 1 (2171606); Storica Analitica visura per immobile - Catasto Fabbricati."
"visura-storica","AL","TASSAROLO","2","976","2","F","","analitica","","","PVP sales 1 (2171520); Storica Analitica visura per immobile - Catasto Fabbricati."
"visura-storica","AL","TASSAROLO","4","282","2","F","","analitica","","","PVP sales 1 (4221885); Storica Analitica visura per immobile - Catasto Fabbricati."
"visura-storica","AL","TASSAROLO","4","283","2","F","","analitica","","","PVP sales 1 (4221885); Storica Analitica visura per immobile - Catasto Fabbricati."
"visura-storica","AL","TASSAROLO","4","284","2","F","","analitica","","","PVP sales 1 (4221885); Storica Analitica visura per immobile - Catasto Fabbricati."
"visura-storica","AL","TASSAROLO","5","3","10","F","","analitica","","","PVP sales 2 (2166646,4243041); Storica Analitica visura per immobile - Catasto Fabbricati."
"visura-storica","AL","TASSAROLO","5","3","5","F","","analitica","","","PVP sales 2 (2166646,4243041); Storica Analitica visura per immobile - Catasto Fabbricati."
"visura-storica","AL","TASSAROLO","5","3","8","F","","analitica","","","PVP sales 2 (2166646,4243041); Storica Analitica visura per immobile - Catasto Fabbricati."
"visura-storica","AL","TASSAROLO","5","3","9","F","","analitica","","","PVP sales 2 (2166646,4243041); Storica Analitica visura per immobile - Catasto Fabbricati."
"visura-storica","AL","TERZO","2","1","","F","","analitica","","","PVP sales 2 (4485047,4544906); Storica Analitica visura per immobile - Catasto Fabbricati."
"visura-storica","AL","TERZO","2","1","","T","","analitica","","","PVP sales 2 (4485047,4544906); Storica Analitica visura per immobile - Catasto Terreni."
"visura-storica","AL","TERZO","2","138","","F","","analitica","","","PVP sales 2 (4485043,4544859); Storica Analitica visura per immobile - Catasto Fabbricati."
"visura-storica","AL","TERZO","2","138","","T","","analitica","","","PVP sales 2 (4485043,4544859); Storica Analitica visura per immobile - Catasto Terreni."
"visura-storica","AL","TERZO","2","2","","F","","analitica","","","PVP sales 2 (4485047,4544906); Storica Analitica visura per immobile - Catasto Fabbricati."
"visura-storica","AL","TERZO","2","2","","T","","analitica","","","PVP sales 2 (4485047,4544906); Storica Analitica visura per immobile - Catasto Terreni."
"visura-storica","AL","TERZO","2","452","","F","","analitica","","","PVP sales 2 (4485043,4544859); Storica Analitica visura per immobile - Catasto Fabbricati."
"visura-storica","AL","TERZO","2","452","","T","","analitica","","","PVP sales 2 (4485043,4544859); Storica Analitica visura per immobile - Catasto Terreni."
"visura-storica","AL","TERZO","2","462","1","F","","analitica","","","PVP sales 1 (4256661); Storica Analitica visura per immobile - Catasto Fabbricati."
"visura-storica","AL","TERZO","2","462","2","F","","analitica","","","PVP sales 1 (4256661); Storica Analitica visura per immobile - Catasto Fabbricati."
"visura-storica","AL","TERZO","2","478","","F","","analitica","","","PVP sales 2 (4485043,4544859); Storica Analitica visura per immobile - Catasto Fabbricati."
"visura-storica","AL","TERZO","2","478","","T","","analitica","","","PVP sales 2 (4485043,4544859); Storica Analitica visura per immobile - Catasto Terreni."
"visura-storica","AL","TERZO","2","54","","F","","analitica","","","PVP sales 1 (4256661); Storica Analitica visura per immobile - Catasto Fabbricati."
"visura-storica","AL","TERZO","2","54","","T","","analitica","","","PVP sales 1 (4256661); Storica Analitica visura per immobile - Catasto Terreni."
"visura-storica","AL","TERZO","2","55","","F","","analitica","","","PVP sales 1 (4256661); Storica Analitica visura per immobile - Catasto Fabbricati."
"visura-storica","AL","TERZO","2","55","","T","","analitica","","","PVP sales 1 (4256661); Storica Analitica visura per immobile - Catasto Terreni."
"visura-storica","AL","TERZO","2","56","","F","","analitica","","","PVP sales 1 (4256661); Storica Analitica visura per immobile - Catasto Fabbricati."
"visura-storica","AL","TERZO","2","56","","T","","analitica","","","PVP sales 1 (4256661); Storica Analitica visura per immobile - Catasto Terreni."
"visura-storica","AL","TERZO","2","58","","F","","analitica","","","PVP sales 1 (4256661); Storica Analitica visura per immobile - Catasto Fabbricati."
"visura-storica","AL","TERZO","2","58","","T","","analitica","","","PVP sales 1 (4256661); Storica Analitica visura per immobile - Catasto Terreni."
"visura-storica","AL","TERZO","2","613","","F","","analitica","","","PVP sales 1 (4256661); Storica Analitica visura per immobile - Catasto Fabbricati."
"visura-storica","AL","TERZO","2","613","","T","","analitica","","","PVP sales 1 (4256661); Storica Analitica visura per immobile - Catasto Terreni."
"visura-storica","AL","TERZO","2","614","","F","","analitica","","","PVP sales 1 (4256661); Storica Analitica visura per immobile - Catasto Fabbricati."
"visura-storica","AL","TERZO","2","614","","T","","analitica","","","PVP sales 1 (4256661); Storica Analitica visura per immobile - Catasto Terreni."
"visura-storica","AL","TERZO","2","616","","F","","analitica","","","PVP sales 1 (4256661); Storica Analitica visura per immobile - Catasto Fabbricati."
"visura-storica","AL","TERZO","2","616","","T","","analitica","","","PVP sales 1 (4256661); Storica Analitica visura per immobile - Catasto Terreni."
"visura-storica","AL","TERZO","5","976","10","F","","analitica","","","PVP sales 1 (1739537); Storica Analitica visura per immobile - Catasto Fabbricati."
"visura-storica","AL","TERZO","7","226","","F","","analitica","","","PVP sales 1 (2061627); Storica Analitica visura per immobile - Catasto Fabbricati."
"visura-storica","AL","TERZO","7","226","","T","","analitica","","","PVP sales 1 (2061627); Storica Analitica visura per immobile - Catasto Terreni."
"visura-storica","AL","TERZO","7","264","1","F","","analitica","","","PVP sales 1 (1986692); Storica Analitica visura per immobile - Catasto Fabbricati."
"visura-storica","AL","TERZO","7","264","4","F","","analitica","","","PVP sales 2 (1986692,2061688); Storica Analitica visura per immobile - Catasto Fabbricati."
"visura-storica","AL","TERZO","7","364","1","F","","analitica","","","PVP sales 1 (2061688); Storica Analitica visura per immobile - Catasto Fabbricati."
"visura-storica","AL","TERZO","7","408","1","F","","analitica","","","PVP sales 1 (2061627); Storica Analitica visura per immobile - Catasto Fabbricati."
"visura-storica","AL","TERZO","7","432","","F","","analitica","","","PVP sales 2 (1986692,2061688); Storica Analitica visura per immobile - Catasto Fabbricati."
"visura-storica","AL","TERZO","7","432","","T","","analitica","","","PVP sales 2 (1986692,2061688); Storica Analitica visura per immobile - Catasto Terreni."
"visura-storica","AL","TICINETO","3","1450","4","F","","analitica","","","PVP sales 1 (4248896); Storica Analitica visura per immobile - Catasto Fabbricati."
"visura-storica","AL","TICINETO","3","1452","","F","","analitica","","","PVP sales 1 (4248896); Storica Analitica visura per immobile - Catasto Fabbricati."
"visura-storica","AL","TICINETO","3","1452","","T","","analitica","","","PVP sales 1 (4248896); Storica Analitica visura per immobile - Catasto Terreni."
"visura-storica","AL","TICINETO","3","1530","","F","","analitica","","","PVP sales 2 (4420566,4502478); Storica Analitica visura per immobile - Catasto Fabbricati."
"visura-storica","AL","TICINETO","3","1530","","T","","analitica","","","PVP sales 2 (4420566,4502478); Storica Analitica visura per immobile - Catasto Terreni."
"visura-storica","AL","TICINETO","3","1534","","F","","analitica","","","PVP sales 2 (4420566,4502478); Storica Analitica visura per immobile - Catasto Fabbricati."
"visura-storica","AL","TICINETO","3","1534","","T","","analitica","","","PVP sales 2 (4420566,4502478); Storica Analitica visura per immobile - Catasto Terreni."
"visura-storica","AL","TORTONA","1","139","","F","","analitica","","","PVP sales 1 (4543960); Storica Analitica visura per immobile - Catasto Fabbricati."
"visura-storica","AL","TORTONA","1","139","","T","","analitica","","","PVP sales 1 (4543960); Storica Analitica visura per immobile - Catasto Terreni."
"visura-storica","AL","TORTONA","100","142","","F","","analitica","","","PVP sales 1 (4271186); Storica Analitica visura per immobile - Catasto Fabbricati."
"visura-storica","AL","TORTONA","100","142","","T","","analitica","","","PVP sales 1 (4271186); Storica Analitica visura per immobile - Catasto Terreni."
"visura-storica","AL","TORTONA","101","63","","F","","analitica","","","PVP sales 1 (2258679); Storica Analitica visura per immobile - Catasto Fabbricati."
"visura-storica","AL","TORTONA","101","63","","T","","analitica","","","PVP sales 1 (2258679); Storica Analitica visura per immobile - Catasto Terreni."
"visura-storica","AL","TORTONA","101","63","11","F","","analitica","","","PVP sales 2 (2080012,2160880); Storica Analitica visura per immobile - Catasto Fabbricati."
"visura-storica","AL","TORTONA","101","63","9","F","","analitica","","","PVP sales 1 (2080016); Storica Analitica visura per immobile - Catasto Fabbricati."
"visura-storica","AL","TORTONA","102","161","","F","","analitica","","","PVP sales 1 (2079953); Storica Analitica visura per immobile - Catasto Fabbricati."
"visura-storica","AL","TORTONA","102","161","","T","","analitica","","","PVP sales 1 (2079953); Storica Analitica visura per immobile - Catasto Terreni."
"visura-storica","AL","TORTONA","12","1225","2","F","","analitica","","","PVP sales 1 (2207967); Storica Analitica visura per immobile - Catasto Fabbricati."
"visura-storica","AL","TORTONA","12","1225","8","F","","analitica","","","PVP sales 1 (2207967); Storica Analitica visura per immobile - Catasto Fabbricati."
"visura-storica","AL","TORTONA","13","6","","F","","analitica","","","PVP sales 1 (268333); Storica Analitica visura per immobile - Catasto Fabbricati."
"visura-storica","AL","TORTONA","13","6","","T","","analitica","","","PVP sales 1 (268333); Storica Analitica visura per immobile - Catasto Terreni."
"visura-storica","AL","TORTONA","13","7","","F","","analitica","","","PVP sales 1 (268333); Storica Analitica visura per immobile - Catasto Fabbricati."
"visura-storica","AL","TORTONA","13","7","","T","","analitica","","","PVP sales 1 (268333); Storica Analitica visura per immobile - Catasto Terreni."
"visura-storica","AL","TORTONA","3","577","3","F","","analitica","","","PVP sales 1 (581208); Storica Analitica visura per immobile - Catasto Fabbricati."
"visura-storica","AL","TORTONA","30","127","1","F","","analitica","","","PVP sales 1 (4543835); Storica Analitica visura per immobile - Catasto Fabbricati."
"visura-storica","AL","TORTONA","30","127","4","F","","analitica","","","PVP sales 1 (4543910); Storica Analitica visura per immobile - Catasto Fabbricati."
"visura-storica","AL","TORTONA","30","159","","F","","analitica","","","PVP sales 2 (4543835,4543910); Storica Analitica visura per immobile - Catasto Fabbricati."
"visura-storica","AL","TORTONA","30","159","","T","","analitica","","","PVP sales 2 (4543835,4543910); Storica Analitica visura per immobile - Catasto Terreni."
"visura-storica","AL","TORTONA","30","243","","F","","analitica","","","PVP sales 1 (2084076); Storica Analitica visura per immobile - Catasto Fabbricati."
"visura-storica","AL","TORTONA","30","243","","T","","analitica","","","PVP sales 1 (2084076); Storica Analitica visura per immobile - Catasto Terreni."
"visura-storica","AL","TORTONA","30","8","5","F","","analitica","","","PVP sales 3 (1700896,1807240,1892968); Storica Analitica visura per immobile - Catasto Fabbricati."
"visura-storica","AL","TORTONA","30","924","30","F","","analitica","","","PVP sales 1 (4239915); Storica Analitica visura per immobile - Catasto Fabbricati."
"visura-storica","AL","TORTONA","32","1162","28","F","","analitica","","","PVP sales 1 (305717); Storica Analitica visura per immobile - Catasto Fabbricati."
"visura-storica","AL","TORTONA","32","14","14","F","","analitica","","","PVP sales 1 (417149); Storica Analitica visura per immobile - Catasto Fabbricati."
"visura-storica","AL","TORTONA","32","278","14","F","","analitica","","","PVP sales 2 (604214,604234); Storica Analitica visura per immobile - Catasto Fabbricati."
"visura-storica","AL","TORTONA","32","278","2","F","","analitica","","","PVP sales 3 (417149,604214,604234); Storica Analitica visura per immobile - Catasto Fabbricati."
"visura-storica","AL","TORTONA","32","389","","F","","analitica","","","PVP sales 1 (400131); Storica Analitica visura per immobile - Catasto Fabbricati."
"visura-storica","AL","TORTONA","32","389","","T","","analitica","","","PVP sales 1 (400131); Storica Analitica visura per immobile - Catasto Terreni."
"visura-storica","AL","TORTONA","33","12","","F","","analitica","","","PVP sales 1 (1794395); Storica Analitica visura per immobile - Catasto Fabbricati."
"visura-storica","AL","TORTONA","33","12","","T","","analitica","","","PVP sales 1 (1794395); Storica Analitica visura per immobile - Catasto Terreni."
"visura-storica","AL","TORTONA","33","13","","F","","analitica","","","PVP sales 1 (1794395); Storica Analitica visura per immobile - Catasto Fabbricati."
"visura-storica","AL","TORTONA","33","13","","T","","analitica","","","PVP sales 1 (1794395); Storica Analitica visura per immobile - Catasto Terreni."
"visura-storica","AL","TORTONA","33","6","","F","","analitica","","","PVP sales 1 (1794395); Storica Analitica visura per immobile - Catasto Fabbricati."
"visura-storica","AL","TORTONA","33","6","","T","","analitica","","","PVP sales 1 (1794395); Storica Analitica visura per immobile - Catasto Terreni."
"visura-storica","AL","TORTONA","33","8","","F","","analitica","","","PVP sales 1 (1794395); Storica Analitica visura per immobile - Catasto Fabbricati."
"visura-storica","AL","TORTONA","33","8","","T","","analitica","","","PVP sales 1 (1794395); Storica Analitica visura per immobile - Catasto Terreni."
"visura-storica","AL","TORTONA","33","81","","F","","analitica","","","PVP sales 1 (1794395); Storica Analitica visura per immobile - Catasto Fabbricati."
"visura-storica","AL","TORTONA","33","81","","T","","analitica","","","PVP sales 1 (1794395); Storica Analitica visura per immobile - Catasto Terreni."
"visura-storica","AL","TORTONA","33","82","","F","","analitica","","","PVP sales 1 (1794395); Storica Analitica visura per immobile - Catasto Fabbricati."
"visura-storica","AL","TORTONA","33","82","","T","","analitica","","","PVP sales 1 (1794395); Storica Analitica visura per immobile - Catasto Terreni."
"visura-storica","AL","TORTONA","33","83","","F","","analitica","","","PVP sales 1 (1794395); Storica Analitica visura per immobile - Catasto Fabbricati."
"visura-storica","AL","TORTONA","33","83","","T","","analitica","","","PVP sales 1 (1794395); Storica Analitica visura per immobile - Catasto Terreni."
"visura-storica","AL","TORTONA","33","84","","F","","analitica","","","PVP sales 1 (1794395); Storica Analitica visura per immobile - Catasto Fabbricati."
"visura-storica","AL","TORTONA","33","84","","T","","analitica","","","PVP sales 1 (1794395); Storica Analitica visura per immobile - Catasto Terreni."
"visura-storica","AL","TORTONA","33","85","","F","","analitica","","","PVP sales 1 (1794395); Storica Analitica visura per immobile - Catasto Fabbricati."
"visura-storica","AL","TORTONA","33","85","","T","","analitica","","","PVP sales 1 (1794395); Storica Analitica visura per immobile - Catasto Terreni."
"visura-storica","AL","TORTONA","33","89","","F","","analitica","","","PVP sales 1 (1794395); Storica Analitica visura per immobile - Catasto Fabbricati."
"visura-storica","AL","TORTONA","33","89","","T","","analitica","","","PVP sales 1 (1794395); Storica Analitica visura per immobile - Catasto Terreni."
"visura-storica","AL","TORTONA","33","9","","F","","analitica","","","PVP sales 1 (1794395); Storica Analitica visura per immobile - Catasto Fabbricati."
"visura-storica","AL","TORTONA","33","9","","T","","analitica","","","PVP sales 1 (1794395); Storica Analitica visura per immobile - Catasto Terreni."
"visura-storica","AL","TORTONA","33","90","","F","","analitica","","","PVP sales 1 (1794395); Storica Analitica visura per immobile - Catasto Fabbricati."
"visura-storica","AL","TORTONA","33","90","","T","","analitica","","","PVP sales 1 (1794395); Storica Analitica visura per immobile - Catasto Terreni."
"visura-storica","AL","TORTONA","33","97","","F","","analitica","","","PVP sales 1 (1794395); Storica Analitica visura per immobile - Catasto Fabbricati."
"visura-storica","AL","TORTONA","33","97","","T","","analitica","","","PVP sales 1 (1794395); Storica Analitica visura per immobile - Catasto Terreni."
"visura-storica","AL","TORTONA","34","117","","F","","analitica","","","PVP sales 1 (4413916); Storica Analitica visura per immobile - Catasto Fabbricati."
"visura-storica","AL","TORTONA","34","312","","T","","analitica","","","PVP sales 1 (4413916); Storica Analitica visura per immobile - Catasto Terreni."
"visura-storica","AL","TORTONA","36","118","3","F","","analitica","","","PVP sales 1 (349368); Storica Analitica visura per immobile - Catasto Fabbricati."
"visura-storica","AL","TORTONA","36","118","4","F","","analitica","","","PVP sales 1 (349368); Storica Analitica visura per immobile - Catasto Fabbricati."
"visura-storica","AL","TORTONA","36","169","","F","","analitica","","","PVP sales 1 (4348094); Storica Analitica visura per immobile - Catasto Fabbricati."
"visura-storica","AL","TORTONA","36","169","","T","","analitica","","","PVP sales 1 (4348094); Storica Analitica visura per immobile - Catasto Terreni."
"visura-storica","AL","TORTONA","36","170","","F","","analitica","","","PVP sales 1 (4348094); Storica Analitica visura per immobile - Catasto Fabbricati."
"visura-storica","AL","TORTONA","36","170","","T","","analitica","","","PVP sales 1 (4348094); Storica Analitica visura per immobile - Catasto Terreni."
"visura-storica","AL","TORTONA","36","195","","F","","analitica","","","PVP sales 1 (4348094); Storica Analitica visura per immobile - Catasto Fabbricati."
"visura-storica","AL","TORTONA","36","195","","T","","analitica","","","PVP sales 1 (4348094); Storica Analitica visura per immobile - Catasto Terreni."
"visura-storica","AL","TORTONA","36","196","","F","","analitica","","","PVP sales 1 (4348094); Storica Analitica visura per immobile - Catasto Fabbricati."
"visura-storica","AL","TORTONA","36","196","","T","","analitica","","","PVP sales 1 (4348094); Storica Analitica visura per immobile - Catasto Terreni."
"visura-storica","AL","TORTONA","36","197","1","F","","analitica","","","PVP sales 1 (4348094); Storica Analitica visura per immobile - Catasto Fabbricati."
"visura-storica","AL","TORTONA","36","198","","F","","analitica","","","PVP sales 1 (4348094); Storica Analitica visura per immobile - Catasto Fabbricati."
"visura-storica","AL","TORTONA","36","198","","T","","analitica","","","PVP sales 1 (4348094); Storica Analitica visura per immobile - Catasto Terreni."
"visura-storica","AL","TORTONA","36","199","","F","","analitica","","","PVP sales 1 (4348094); Storica Analitica visura per immobile - Catasto Fabbricati."
"visura-storica","AL","TORTONA","36","199","","T","","analitica","","","PVP sales 1 (4348094); Storica Analitica visura per immobile - Catasto Terreni."
"visura-storica","AL","TORTONA","36","237","","F","","analitica","","","PVP sales 1 (4348094); Storica Analitica visura per immobile - Catasto Fabbricati."
"visura-storica","AL","TORTONA","36","237","","T","","analitica","","","PVP sales 1 (4348094); Storica Analitica visura per immobile - Catasto Terreni."
"visura-storica","AL","TORTONA","37","1202","15","F","","analitica","","","PVP sales 1 (1675304); Storica Analitica visura per immobile - Catasto Fabbricati."
"visura-storica","AL","TORTONA","37","14","","F","","analitica","","","PVP sales 1 (1540895); Storica Analitica visura per immobile - Catasto Fabbricati."
"visura-storica","AL","TORTONA","37","14","","T","","analitica","","","PVP sales 1 (1540895); Storica Analitica visura per immobile - Catasto Terreni."
"visura-storica","AL","TORTONA","37","14","2","F","","analitica","","","PVP sales 1 (1540895); Storica Analitica visura per immobile - Catasto Fabbricati."
"visura-storica","AL","TORTONA","37","14","30","F","","analitica","","","PVP sales 1 (1540895); Storica Analitica visura per immobile - Catasto Fabbricati."
"visura-storica","AL","TORTONA","37","574","34","F","","analitica","","","PVP sales 2 (1675352,1880140); Storica Analitica visura per immobile - Catasto Fabbricati."
"visura-storica","AL","TORTONA","37","574","35","F","","analitica","","","PVP sales 2 (1675352,1880140); Storica Analitica visura per immobile - Catasto Fabbricati."
"visura-storica","AL","TORTONA","37","574","36","F","","analitica","","","PVP sales 3 (514250,748605,965993); Storica Analitica visura per immobile - Catasto Fabbricati."
"visura-storica","AL","TORTONA","37","585","","F","","analitica","","","PVP sales 1 (327994); Storica Analitica visura per immobile - Catasto Fabbricati."
"visura-storica","AL","TORTONA","37","585","","T","","analitica","","","PVP sales 1 (327994); Storica Analitica visura per immobile - Catasto Terreni."
"visura-storica","AL","TORTONA","37","589","2","F","","analitica","","","PVP sales 1 (327994); Storica Analitica visura per immobile - Catasto Fabbricati."
"visura-storica","AL","TORTONA","37","589","3","F","","analitica","","","PVP sales 1 (327994); Storica Analitica visura per immobile - Catasto Fabbricati."
"visura-storica","AL","TORTONA","37","589","6","F","","analitica","","","PVP sales 1 (327994); Storica Analitica visura per immobile - Catasto Fabbricati."
"visura-storica","AL","TORTONA","37","595","4","F","","analitica","","","PVP sales 2 (1675352,1880140); Storica Analitica visura per immobile - Catasto Fabbricati."
"visura-storica","AL","TORTONA","37","595","9","F","","analitica","","","PVP sales 3 (514250,748605,965993); Storica Analitica visura per immobile - Catasto Fabbricati."
"visura-storica","AL","TORTONA","37","713","23","F","","analitica","","","PVP sales 1 (349776); Storica Analitica visura per immobile - Catasto Fabbricati."
"visura-storica","AL","TORTONA","37","738","1","F","","analitica","","","PVP sales 2 (258845,349771); Storica Analitica visura per immobile - Catasto Fabbricati."
"visura-storica","AL","TORTONA","37","738","17","F","","analitica","","","PVP sales 1 (349639); Storica Analitica visura per immobile - Catasto Fabbricati."
"visura-storica","AL","TORTONA","37","738","19","F","","analitica","","","PVP sales 2 (350265,578868); Storica Analitica visura per immobile - Catasto Fabbricati."
"visura-storica","AL","TORTONA","37","738","2","F","","analitica","","","PVP sales 2 (258845,349771); Storica Analitica visura per immobile - Catasto Fabbricati."
"visura-storica","AL","TORTONA","37","738","28","F","","analitica","","","PVP sales 1 (349772); Storica Analitica visura per immobile - Catasto Fabbricati."
"visura-storica","AL","TORTONA","37","738","7","F","","analitica","","","PVP sales 2 (350457,578948); Storica Analitica visura per immobile - Catasto Fabbricati."
"visura-storica","AL","TORTONA","37","924","","F","","analitica","","","PVP sales 1 (4520424); Storica Analitica visura per immobile - Catasto Fabbricati."
"visura-storica","AL","TORTONA","37","924","","T","","analitica","","","PVP sales 1 (4520424); Storica Analitica visura per immobile - Catasto Terreni."
"visura-storica","AL","TORTONA","37","924","2","F","","analitica","","","PVP sales 1 (4520424); Storica Analitica visura per immobile - Catasto Fabbricati."
"visura-storica","AL","TORTONA","37","924","5","F","","analitica","","","PVP sales 1 (4520424); Storica Analitica visura per immobile - Catasto Fabbricati."
"visura-storica","AL","TORTONA","37","924","7","F","","analitica","","","PVP sales 1 (4520424); Storica Analitica visura per immobile - Catasto Fabbricati."
"visura-storica","AL","TORTONA","39","236","3","F","","analitica","","","PVP sales 1 (1754332); Storica Analitica visura per immobile - Catasto Fabbricati."
"visura-storica","AL","TORTONA","39","236","4","F","","analitica","","","PVP sales 1 (1754332); Storica Analitica visura per immobile - Catasto Fabbricati."
"visura-storica","AL","TORTONA","39","321","3","F","","analitica","","","PVP sales 2 (4424968,4537597); Storica Analitica visura per immobile - Catasto Fabbricati."
"visura-storica","AL","TORTONA","39","382","16","F","","analitica","","","PVP sales 2 (4424939,4537608); Storica Analitica visura per immobile - Catasto Fabbricati."
"visura-storica","AL","TORTONA","39","382","17","F","","analitica","","","PVP sales 2 (4424948,4537594); Storica Analitica visura per immobile - Catasto Fabbricati."
"visura-storica","AL","TORTONA","39","382","18","F","","analitica","","","PVP sales 4 (4424939,4424948,4537594,4537608); Storica Analitica visura per immobile - Catasto Fabbricati."
"visura-storica","AL","TORTONA","39","421","53","F","","analitica","","","PVP sales 1 (1822440); Storica Analitica visura per immobile - Catasto Fabbricati."
"visura-storica","AL","TORTONA","39","529","7","F","","analitica","","","PVP sales 2 (1819659,1831012); Storica Analitica visura per immobile - Catasto Fabbricati."
"visura-storica","AL","TORTONA","39","535","11","F","","analitica","","","PVP sales 2 (2253880,4275365); Storica Analitica visura per immobile - Catasto Fabbricati."
"visura-storica","AL","TORTONA","39","560","8","F","","analitica","","","PVP sales 1 (4526044); Storica Analitica visura per immobile - Catasto Fabbricati."
"visura-storica","AL","TORTONA","39","607","5","F","","analitica","","","PVP sales 1 (4239915); Storica Analitica visura per immobile - Catasto Fabbricati."
"visura-storica","AL","TORTONA","39","635","23","F","","analitica","","","PVP sales 1 (4401956); Storica Analitica visura per immobile - Catasto Fabbricati."
"visura-storica","AL","TORTONA","39","684","9","F","","analitica","","","PVP sales 1 (2253888); Storica Analitica visura per immobile - Catasto Fabbricati."
"visura-storica","AL","TORTONA","39","792","17","F","","analitica","","","PVP sales 2 (4424994,4537619); Storica Analitica visura per immobile - Catasto Fabbricati."
"visura-storica","AL","TORTONA","39","792","63","F","","analitica","","","PVP sales 2 (4424939,4537608); Storica Analitica visura per immobile - Catasto Fabbricati."
"visura-storica","AL","TORTONA","39","792","64","F","","analitica","","","PVP sales 2 (4424939,4537608); Storica Analitica visura per immobile - Catasto Fabbricati."
"visura-storica","AL","TORTONA","39","792","65","F","","analitica","","","PVP sales 2 (4424948,4537594); Storica Analitica visura per immobile - Catasto Fabbricati."
"visura-storica","AL","TORTONA","39","792","66","F","","analitica","","","PVP sales 2 (4424948,4537594); Storica Analitica visura per immobile - Catasto Fabbricati."
"visura-storica","AL","TORTONA","39","792","67","F","","analitica","","","PVP sales 2 (4424968,4537597); Storica Analitica visura per immobile - Catasto Fabbricati."
"visura-storica","AL","TORTONA","39","792","68","F","","analitica","","","PVP sales 6 (4424939,4424948,4424968,4537594,4537597 +1 more); Storica Analitica visura per immobile - Catasto Fabbricati."
"visura-storica","AL","TORTONA","39","792","69","F","","analitica","","","PVP sales 6 (4424939,4424948,4424968,4537594,4537597 +1 more); Storica Analitica visura per immobile - Catasto Fabbricati."
"visura-storica","AL","TORTONA","39","921","29","F","","analitica","","","PVP sales 1 (349777); Storica Analitica visura per immobile - Catasto Fabbricati."
"visura-storica","AL","TORTONA","39","940","1","F","","analitica","","","PVP sales 2 (4495219,4551487); Storica Analitica visura per immobile - Catasto Fabbricati."
"visura-storica","AL","TORTONA","39","940","5","F","","analitica","","","PVP sales 2 (4495219,4551487); Storica Analitica visura per immobile - Catasto Fabbricati."
"visura-storica","AL","TORTONA","4","166","","F","","analitica","","","PVP sales 1 (4543960); Storica Analitica visura per immobile - Catasto Fabbricati."
"visura-storica","AL","TORTONA","4","166","","T","","analitica","","","PVP sales 1 (4543960); Storica Analitica visura per immobile - Catasto Terreni."
"visura-storica","AL","TORTONA","4","200","","F","","analitica","","","PVP sales 1 (4543960); Storica Analitica visura per immobile - Catasto Fabbricati."
"visura-storica","AL","TORTONA","4","200","","T","","analitica","","","PVP sales 1 (4543960); Storica Analitica visura per immobile - Catasto Terreni."
"visura-storica","AL","TORTONA","40","217","6","F","","analitica","","","PVP sales 1 (288643); Storica Analitica visura per immobile - Catasto Fabbricati."
"visura-storica","AL","TORTONA","40","284","13","F","","analitica","","","PVP sales 1 (205531); Storica Analitica visura per immobile - Catasto Fabbricati."
"visura-storica","AL","TORTONA","40","296","24","F","","analitica","","","PVP sales 1 (268486); Storica Analitica visura per immobile - Catasto Fabbricati."
"visura-storica","AL","TORTONA","40","296","4","F","","analitica","","","PVP sales 1 (268486); Storica Analitica visura per immobile - Catasto Fabbricati."
"visura-storica","AL","TORTONA","40","363","","F","","analitica","","","PVP sales 1 (4565367); Storica Analitica visura per immobile - Catasto Fabbricati."
"visura-storica","AL","TORTONA","40","363","","T","","analitica","","","PVP sales 1 (4565367); Storica Analitica visura per immobile - Catasto Terreni."
"visura-storica","AL","TORTONA","40","40","15","F","","analitica","","","PVP sales 1 (1797266); Storica Analitica visura per immobile - Catasto Fabbricati."
"visura-storica","AL","TORTONA","40","40","26","F","","analitica","","","PVP sales 8 (478880,604797,759034,895418,2116829 +3 more); Storica Analitica visura per immobile - Catasto Fabbricati."
"visura-storica","AL","TORTONA","40","519","17","F","","analitica","","","PVP sales 1 (852052); Storica Analitica visura per immobile - Catasto Fabbricati."
"visura-storica","AL","TORTONA","40","541","42","F","","analitica","","","PVP sales 4 (1489102,1489127,1591365,1699474); Storica Analitica visura per immobile - Catasto Fabbricati."
"visura-storica","AL","TORTONA","41","1079","5","F","","analitica","","","PVP sales 2 (2241767,4255510); Storica Analitica visura per immobile - Catasto Fabbricati."
"visura-storica","AL","TORTONA","41","1079","6","F","","analitica","","","PVP sales 2 (2241767,4255510); Storica Analitica visura per immobile - Catasto Fabbricati."
"visura-storica","AL","TORTONA","41","162","20","F","","analitica","","","PVP sales 1 (2127605); Storica Analitica visura per immobile - Catasto Fabbricati."
"visura-storica","AL","TORTONA","41","170","5","F","","analitica","","","PVP sales 2 (2241783,4255574); Storica Analitica visura per immobile - Catasto Fabbricati."
"visura-storica","AL","TORTONA","41","1746","","F","","analitica","","","PVP sales 2 (408873,622900); Storica Analitica visura per immobile - Catasto Fabbricati."
"visura-storica","AL","TORTONA","41","1746","","T","","analitica","","","PVP sales 2 (408873,622900); Storica Analitica visura per immobile - Catasto Terreni."
"visura-storica","AL","TORTONA","41","1748","20","F","","analitica","","","PVP sales 4 (408884,622903,792287,965853); Storica Analitica visura per immobile - Catasto Fabbricati."
"visura-storica","AL","TORTONA","41","1748","3","F","","analitica","","","PVP sales 4 (408884,622903,792287,965853); Storica Analitica visura per immobile - Catasto Fabbricati."
"visura-storica","AL","TORTONA","41","182","46","F","","analitica","","","PVP sales 1 (773497); Storica Analitica visura per immobile - Catasto Fabbricati."
"visura-storica","AL","TORTONA","41","1845","13","F","","analitica","","","PVP sales 2 (408760,791053); Storica Analitica visura per immobile - Catasto Fabbricati."
"visura-storica","AL","TORTONA","41","1845","4","F","","analitica","","","PVP sales 2 (408760,791053); Storica Analitica visura per immobile - Catasto Fabbricati."
"visura-storica","AL","TORTONA","41","1845","9","F","","analitica","","","PVP sales 2 (408760,791053); Storica Analitica visura per immobile - Catasto Fabbricati."
"visura-storica","AL","TORTONA","41","1846","1","F","","analitica","","","PVP sales 1 (792198); Storica Analitica visura per immobile - Catasto Fabbricati."
"visura-storica","AL","TORTONA","41","1882","16","F","","analitica","","","PVP sales 1 (1179129); Storica Analitica visura per immobile - Catasto Fabbricati."
"visura-storica","AL","TORTONA","41","2062","33","F","","analitica","","","PVP sales 1 (625476); Storica Analitica visura per immobile - Catasto Fabbricati."
"visura-storica","AL","TORTONA","41","2069","12","F","","analitica","","","PVP sales 1 (363560); Storica Analitica visura per immobile - Catasto Fabbricati."
"visura-storica","AL","TORTONA","41","2069","42","F","","analitica","","","PVP sales 1 (363560); Storica Analitica visura per immobile - Catasto Fabbricati."
"visura-storica","AL","TORTONA","41","2184","39","F","","analitica","","","PVP sales 3 (348698,469225,1666306); Storica Analitica visura per immobile - Catasto Fabbricati."
"visura-storica","AL","TORTONA","41","2208","4","F","","analitica","","","PVP sales 1 (875808); Storica Analitica visura per immobile - Catasto Fabbricati."
"visura-storica","AL","TORTONA","41","2253","8","F","","analitica","","","PVP sales 1 (271748); Storica Analitica visura per immobile - Catasto Fabbricati."
"visura-storica","AL","TORTONA","41","2253","9","F","","analitica","","","PVP sales 1 (271748); Storica Analitica visura per immobile - Catasto Fabbricati."
"visura-storica","AL","TORTONA","41","2269","37","F","","analitica","","","PVP sales 3 (228650,348056,470332); Storica Analitica visura per immobile - Catasto Fabbricati."
"visura-storica","AL","TORTONA","41","2322","27","F","","analitica","","","PVP sales 1 (1664398); Storica Analitica visura per immobile - Catasto Fabbricati."
"visura-storica","AL","TORTONA","41","2322","34","F","","analitica","","","PVP sales 1 (1754401); Storica Analitica visura per immobile - Catasto Fabbricati."
"visura-storica","AL","TORTONA","41","470","14","F","","analitica","","","PVP sales 1 (1614654); Storica Analitica visura per immobile - Catasto Fabbricati."
"visura-storica","AL","TORTONA","41","470","9","F","","analitica","","","PVP sales 1 (1614807); Storica Analitica visura per immobile - Catasto Fabbricati."
"visura-storica","AL","TORTONA","41","537","1","F","","analitica","","","PVP sales 4 (345046,478856,759593,895311); Storica Analitica visura per immobile - Catasto Fabbricati."
"visura-storica","AL","TORTONA","41","640","17","F","","analitica","","","PVP sales 1 (269385); Storica Analitica visura per immobile - Catasto Fabbricati."
"visura-storica","AL","TORTONA","41","696","8","F","","analitica","","","PVP sales 2 (408873,622900); Storica Analitica visura per immobile - Catasto Fabbricati."
"visura-storica","AL","TORTONA","41","696","9","F","","analitica","","","PVP sales 2 (408873,622900); Storica Analitica visura per immobile - Catasto Fabbricati."
"visura-storica","AL","TORTONA","41","698","3","F","","analitica","","","PVP sales 2 (408881,621018); Storica Analitica visura per immobile - Catasto Fabbricati."
"visura-storica","AL","TORTONA","41","698","4","F","","analitica","","","PVP sales 1 (622906); Storica Analitica visura per immobile - Catasto Fabbricati."
"visura-storica","AL","TORTONA","41","698","6","F","","analitica","","","PVP sales 2 (408881,621018); Storica Analitica visura per immobile - Catasto Fabbricati."
"visura-storica","AL","TORTONA","41","800","5","F","","analitica","","","PVP sales 2 (4472216,4534613); Storica Analitica visura per immobile - Catasto Fabbricati."
"visura-storica","AL","TORTONA","41","855","1","F","","analitica","","","PVP sales 2 (2253869,4275286); Storica Analitica visura per immobile - Catasto Fabbricati."
"visura-storica","AL","TORTONA","41","900","","F","","analitica","","","PVP sales 2 (279572,415801); Storica Analitica visura per immobile - Catasto Fabbricati."
"visura-storica","AL","TORTONA","41","900","","T","","analitica","","","PVP sales 2 (279572,415801); Storica Analitica visura per immobile - Catasto Terreni."
"visura-storica","AL","TORTONA","41","978","45","F","","analitica","","","PVP sales 1 (223877); Storica Analitica visura per immobile - Catasto Fabbricati."
"visura-storica","AL","TORTONA","41","978","87","F","","analitica","","","PVP sales 1 (223877); Storica Analitica visura per immobile - Catasto Fabbricati."
"visura-storica","AL","TORTONA","41","978","97","F","","analitica","","","PVP sales 1 (223877); Storica Analitica visura per immobile - Catasto Fabbricati."
"visura-storica","AL","TORTONA","42","1071","13","F","","analitica","","","PVP sales 1 (4556235); Storica Analitica visura per immobile - Catasto Fabbricati."
"visura-storica","AL","TORTONA","42","1071","55","F","","analitica","","","PVP sales 1 (2259931); Storica Analitica visura per immobile - Catasto Fabbricati."
"visura-storica","AL","TORTONA","42","1276","","F","","analitica","","","PVP sales 1 (792277); Storica Analitica visura per immobile - Catasto Fabbricati."
"visura-storica","AL","TORTONA","42","1276","","T","","analitica","","","PVP sales 1 (792277); Storica Analitica visura per immobile - Catasto Terreni."
"visura-storica","AL","TORTONA","42","1317","3","F","","analitica","","","PVP sales 1 (4555786); Storica Analitica visura per immobile - Catasto Fabbricati."
"visura-storica","AL","TORTONA","42","168","","F","","analitica","","","PVP sales 1 (4215834); Storica Analitica visura per immobile - Catasto Fabbricati."
"visura-storica","AL","TORTONA","42","168","","T","","analitica","","","PVP sales 1 (4215834); Storica Analitica visura per immobile - Catasto Terreni."
"visura-storica","AL","TORTONA","42","170","24","F","","analitica","","","PVP sales 2 (2253875,4275353); Storica Analitica visura per immobile - Catasto Fabbricati."
"visura-storica","AL","TORTONA","42","176","6","F","","analitica","","","PVP sales 1 (2112661); Storica Analitica visura per immobile - Catasto Fabbricati."
"visura-storica","AL","TORTONA","42","177","4","F","","analitica","","","PVP sales 2 (2253875,4275353); Storica Analitica visura per immobile - Catasto Fabbricati."
"visura-storica","AL","TORTONA","42","243","29","F","","analitica","","","PVP sales 1 (594741); Storica Analitica visura per immobile - Catasto Fabbricati."
"visura-storica","AL","TORTONA","42","243","52","F","","analitica","","","PVP sales 1 (1490201); Storica Analitica visura per immobile - Catasto Fabbricati."
"visura-storica","AL","TORTONA","42","298","11","F","","analitica","","","PVP sales 1 (1738734); Storica Analitica visura per immobile - Catasto Fabbricati."
"visura-storica","AL","TORTONA","42","58","","F","","analitica","","","PVP sales 3 (408866,792186,965854); Storica Analitica visura per immobile - Catasto Fabbricati."
"visura-storica","AL","TORTONA","42","58","","T","","analitica","","","PVP sales 3 (408866,792186,965854); Storica Analitica visura per immobile - Catasto Terreni."
"visura-storica","AL","TORTONA","42","599","23","F","","analitica","","","PVP sales 3 (677390,680276,1447598); Storica Analitica visura per immobile - Catasto Fabbricati."
"visura-storica","AL","TORTONA","42","599","7","F","","analitica","","","PVP sales 1 (1535576); Storica Analitica visura per immobile - Catasto Fabbricati."
"visura-storica","AL","TORTONA","42","60","","F","","analitica","","","PVP sales 3 (408866,792186,965854); Storica Analitica visura per immobile - Catasto Fabbricati."
"visura-storica","AL","TORTONA","42","60","","T","","analitica","","","PVP sales 3 (408866,792186,965854); Storica Analitica visura per immobile - Catasto Terreni."
"visura-storica","AL","TORTONA","42","61","","F","","analitica","","","PVP sales 3 (408866,792186,965854); Storica Analitica visura per immobile - Catasto Fabbricati."
"visura-storica","AL","TORTONA","42","61","","T","","analitica","","","PVP sales 3 (408866,792186,965854); Storica Analitica visura per immobile - Catasto Terreni."
"visura-storica","AL","TORTONA","42","62","","F","","analitica","","","PVP sales 3 (408866,792186,965854); Storica Analitica visura per immobile - Catasto Fabbricati."
"visura-storica","AL","TORTONA","42","62","","T","","analitica","","","PVP sales 3 (408866,792186,965854); Storica Analitica visura per immobile - Catasto Terreni."
"visura-storica","AL","TORTONA","43","1157","37","F","","analitica","","","PVP sales 1 (343782); Storica Analitica visura per immobile - Catasto Fabbricati."
"visura-storica","AL","TORTONA","43","1157","72","F","","analitica","","","PVP sales 1 (343782); Storica Analitica visura per immobile - Catasto Fabbricati."
"visura-storica","AL","TORTONA","43","135","","F","","analitica","","","PVP sales 1 (642998); Storica Analitica visura per immobile - Catasto Fabbricati."
"visura-storica","AL","TORTONA","43","135","","T","","analitica","","","PVP sales 1 (642998); Storica Analitica visura per immobile - Catasto Terreni."
"visura-storica","AL","TORTONA","43","1359","7","F","","analitica","","","PVP sales 1 (180314); Storica Analitica visura per immobile - Catasto Fabbricati."
"visura-storica","AL","TORTONA","43","189","19","F","","analitica","","","PVP sales 1 (1971788); Storica Analitica visura per immobile - Catasto Fabbricati."
"visura-storica","AL","TORTONA","43","342","24","F","","analitica","","","PVP sales 4 (889247,891049,951680,1116804); Storica Analitica visura per immobile - Catasto Fabbricati."
"visura-storica","AL","TORTONA","43","342","41","F","","analitica","","","PVP sales 2 (1404670,1414727); Storica Analitica visura per immobile - Catasto Fabbricati."
"visura-storica","AL","TORTONA","43","342","63","F","","analitica","","","PVP sales 4 (889247,891049,951680,1116804); Storica Analitica visura per immobile - Catasto Fabbricati."
"visura-storica","AL","TORTONA","43","518","9","F","","analitica","","","PVP sales 1 (1971937); Storica Analitica visura per immobile - Catasto Fabbricati."
"visura-storica","AL","TORTONA","44","233","","F","","analitica","","","PVP sales 2 (1423723,1567955); Storica Analitica visura per immobile - Catasto Fabbricati."
"visura-storica","AL","TORTONA","44","233","","T","","analitica","","","PVP sales 2 (1423723,1567955); Storica Analitica visura per immobile - Catasto Terreni."
"visura-storica","AL","TORTONA","44","233","3","F","","analitica","","","PVP sales 2 (1423723,1567955); Storica Analitica visura per immobile - Catasto Fabbricati."
"visura-storica","AL","TORTONA","44","233","4","F","","analitica","","","PVP sales 2 (1423723,1567955); Storica Analitica visura per immobile - Catasto Fabbricati."
"visura-storica","AL","TORTONA","47","24","1","F","","analitica","","","PVP sales 1 (1466553); Storica Analitica visura per immobile - Catasto Fabbricati."
"visura-storica","AL","TORTONA","48","10","10","F","","analitica","","","PVP sales 1 (4425107); Storica Analitica visura per immobile - Catasto Fabbricati."
"visura-storica","AL","TORTONA","48","1067","17","F","","analitica","","","PVP sales 1 (1583882); Storica Analitica visura per immobile - Catasto Fabbricati."
"visura-storica","AL","TORTONA","48","1067","42","F","","analitica","","","PVP sales 1 (1583882); Storica Analitica visura per immobile - Catasto Fabbricati."
"visura-storica","AL","TORTONA","48","1164","","F","","analitica","","","PVP sales 1 (4425107); Storica Analitica visura per immobile - Catasto Fabbricati."
"visura-storica","AL","TORTONA","48","1164","","T","","analitica","","","PVP sales 1 (4425107); Storica Analitica visura per immobile - Catasto Terreni."
"visura-storica","AL","TORTONA","48","447","19","F","","analitica","","","PVP sales 3 (266153,267731,481326); Storica Analitica visura per immobile - Catasto Fabbricati."
"visura-storica","AL","TORTONA","48","447","35","F","","analitica","","","PVP sales 3 (266153,267731,481326); Storica Analitica visura per immobile - Catasto Fabbricati."
"visura-storica","AL","TORTONA","48","476","17","F","","analitica","","","PVP sales 1 (288572); Storica Analitica visura per immobile - Catasto Fabbricati."
"visura-storica","AL","TORTONA","49","272","","F","","analitica","","","PVP sales 1 (1700834); Storica Analitica visura per immobile - Catasto Fabbricati."
"visura-storica","AL","TORTONA","49","272","","T","","analitica","","","PVP sales 1 (1700834); Storica Analitica visura per immobile - Catasto Terreni."
"visura-storica","AL","TORTONA","5","199","","F","","analitica","","","PVP sales 1 (4543960); Storica Analitica visura per immobile - Catasto Fabbricati."
"visura-storica","AL","TORTONA","5","199","","T","","analitica","","","PVP sales 1 (4543960); Storica Analitica visura per immobile - Catasto Terreni."
"visura-storica","AL","TORTONA","50","203","","F","","analitica","","","PVP sales 2 (482696,770945); Storica Analitica visura per immobile - Catasto Fabbricati."
"visura-storica","AL","TORTONA","50","203","","T","","analitica","","","PVP sales 2 (482696,770945); Storica Analitica visura per immobile - Catasto Terreni."
"visura-storica","AL","TORTONA","57","156","2","F","","analitica","","","PVP sales 1 (4261345); Storica Analitica visura per immobile - Catasto Fabbricati."
"visura-storica","AL","TORTONA","57","156","5","F","","analitica","","","PVP sales 1 (2158587); Storica Analitica visura per immobile - Catasto Fabbricati."
"visura-storica","AL","TORTONA","57","156","6","F","","analitica","","","PVP sales 1 (2158587); Storica Analitica visura per immobile - Catasto Fabbricati."
"visura-storica","AL","TORTONA","57","156","9","F","","analitica","","","PVP sales 1 (2073026); Storica Analitica visura per immobile - Catasto Fabbricati."
"visura-storica","AL","TORTONA","57","29","6","F","","analitica","","","PVP sales 1 (4529858); Storica Analitica visura per immobile - Catasto Fabbricati."
"visura-storica","AL","TORTONA","57","410","","F","","analitica","","","PVP sales 1 (2188252); Storica Analitica visura per immobile - Catasto Fabbricati."
"visura-storica","AL","TORTONA","57","410","","T","","analitica","","","PVP sales 1 (2188252); Storica Analitica visura per immobile - Catasto Terreni."
"visura-storica","AL","TORTONA","57","410","1","F","","analitica","","","PVP sales 1 (2188252); Storica Analitica visura per immobile - Catasto Fabbricati."
"visura-storica","AL","TORTONA","57","410","4","F","","analitica","","","PVP sales 1 (2188252); Storica Analitica visura per immobile - Catasto Fabbricati."
"visura-storica","AL","TORTONA","57","410","5","F","","analitica","","","PVP sales 1 (2188252); Storica Analitica visura per immobile - Catasto Fabbricati."
"visura-storica","AL","TORTONA","57","411","","F","","analitica","","","PVP sales 1 (1615002); Storica Analitica visura per immobile - Catasto Fabbricati."
"visura-storica","AL","TORTONA","57","411","","T","","analitica","","","PVP sales 1 (1615002); Storica Analitica visura per immobile - Catasto Terreni."
"visura-storica","AL","TORTONA","57","447","1","F","","analitica","","","PVP sales 1 (767803); Storica Analitica visura per immobile - Catasto Fabbricati."
"visura-storica","AL","TORTONA","57","467","3","F","","analitica","","","PVP sales 1 (1540973); Storica Analitica visura per immobile - Catasto Fabbricati."
"visura-storica","AL","TORTONA","57","467","5","F","","analitica","","","PVP sales 1 (1540973); Storica Analitica visura per immobile - Catasto Fabbricati."
"visura-storica","AL","TORTONA","57","470","1","F","","analitica","","","PVP sales 1 (1540973); Storica Analitica visura per immobile - Catasto Fabbricati."
"visura-storica","AL","TORTONA","57","63","1","F","","analitica","","","PVP sales 1 (1471824); Storica Analitica visura per immobile - Catasto Fabbricati."
"visura-storica","AL","TORTONA","58","102","7","F","","analitica","","","PVP sales 1 (1644620); Storica Analitica visura per immobile - Catasto Fabbricati."
"visura-storica","AL","TORTONA","58","1078","19","F","","analitica","","","PVP sales 1 (1773606); Storica Analitica visura per immobile - Catasto Fabbricati."
"visura-storica","AL","TORTONA","58","1078","21","F","","analitica","","","PVP sales 1 (1773606); Storica Analitica visura per immobile - Catasto Fabbricati."
"visura-storica","AL","TORTONA","58","1324","76","F","","analitica","","","PVP sales 1 (458020); Storica Analitica visura per immobile - Catasto Fabbricati."
"visura-storica","AL","TORTONA","58","1325","18","F","","analitica","","","PVP sales 1 (4425031); Storica Analitica visura per immobile - Catasto Fabbricati."
"visura-storica","AL","TORTONA","58","1325","27","F","","analitica","","","PVP sales 1 (858609); Storica Analitica visura per immobile - Catasto Fabbricati."
"visura-storica","AL","TORTONA","58","1325","30","F","","analitica","","","PVP sales 1 (858965); Storica Analitica visura per immobile - Catasto Fabbricati."
"visura-storica","AL","TORTONA","58","1325","31","F","","analitica","","","PVP sales 1 (4425049); Storica Analitica visura per immobile - Catasto Fabbricati."
"visura-storica","AL","TORTONA","58","1325","34","F","","analitica","","","PVP sales 3 (845554,854456,953382); Storica Analitica visura per immobile - Catasto Fabbricati."
"visura-storica","AL","TORTONA","58","1325","37","F","","analitica","","","PVP sales 1 (859363); Storica Analitica visura per immobile - Catasto Fabbricati."
"visura-storica","AL","TORTONA","58","1325","50","F","","analitica","","","PVP sales 1 (4425031); Storica Analitica visura per immobile - Catasto Fabbricati."
"visura-storica","AL","TORTONA","58","1325","57","F","","analitica","","","PVP sales 1 (4425031); Storica Analitica visura per immobile - Catasto Fabbricati."
"visura-storica","AL","TORTONA","58","1325","58","F","","analitica","","","PVP sales 1 (4425090); Storica Analitica visura per immobile - Catasto Fabbricati."
"visura-storica","AL","TORTONA","58","1325","59","F","","analitica","","","PVP sales 1 (4425049); Storica Analitica visura per immobile - Catasto Fabbricati."
"visura-storica","AL","TORTONA","58","1325","61","F","","analitica","","","PVP sales 1 (4425090); Storica Analitica visura per immobile - Catasto Fabbricati."
"visura-storica","AL","TORTONA","58","1325","69","F","","analitica","","","PVP sales 1 (858965); Storica Analitica visura per immobile - Catasto Fabbricati."
"visura-storica","AL","TORTONA","58","1325","71","F","","analitica","","","PVP sales 1 (858609); Storica Analitica visura per immobile - Catasto Fabbricati."
"visura-storica","AL","TORTONA","58","1325","72","F","","analitica","","","PVP sales 1 (4425049); Storica Analitica visura per immobile - Catasto Fabbricati."
"visura-storica","AL","TORTONA","58","1325","75","F","","analitica","","","PVP sales 3 (845554,854456,953382); Storica Analitica visura per immobile - Catasto Fabbricati."
"visura-storica","AL","TORTONA","58","1325","77","F","","analitica","","","PVP sales 1 (859363); Storica Analitica visura per immobile - Catasto Fabbricati."
"visura-storica","AL","TORTONA","58","1388","","F","","analitica","","","PVP sales 1 (2171093); Storica Analitica visura per immobile - Catasto Fabbricati."
"visura-storica","AL","TORTONA","58","1388","","T","","analitica","","","PVP sales 1 (2171093); Storica Analitica visura per immobile - Catasto Terreni."
"visura-storica","AL","TORTONA","58","1388","1","F","","analitica","","","PVP sales 1 (2171093); Storica Analitica visura per immobile - Catasto Fabbricati."
"visura-storica","AL","TORTONA","58","1388","2","F","","analitica","","","PVP sales 1 (2171093); Storica Analitica visura per immobile - Catasto Fabbricati."
"visura-storica","AL","TORTONA","58","461","25","F","","analitica","","","PVP sales 1 (794494); Storica Analitica visura per immobile - Catasto Fabbricati."
"visura-storica","AL","TORTONA","58","61","5","F","","analitica","","","PVP sales 1 (1020445); Storica Analitica visura per immobile - Catasto Fabbricati."
"visura-storica","AL","TORTONA","58","61","6","F","","analitica","","","PVP sales 1 (1020445); Storica Analitica visura per immobile - Catasto Fabbricati."
"visura-storica","AL","TORTONA","58","983","","F","","analitica","","","PVP sales 1 (4460925); Storica Analitica visura per immobile - Catasto Fabbricati."
"visura-storica","AL","TORTONA","58","983","","T","","analitica","","","PVP sales 1 (4460925); Storica Analitica visura per immobile - Catasto Terreni."
"visura-storica","AL","TORTONA","59","294","","F","","analitica","","","PVP sales 1 (1681480); Storica Analitica visura per immobile - Catasto Fabbricati."
"visura-storica","AL","TORTONA","59","294","","T","","analitica","","","PVP sales 1 (1681480); Storica Analitica visura per immobile - Catasto Terreni."
"visura-storica","AL","TORTONA","59","294","2","F","","analitica","","","PVP sales 1 (1681480); Storica Analitica visura per immobile - Catasto Fabbricati."
"visura-storica","AL","TORTONA","59","445","10","F","","analitica","","","PVP sales 1 (531824); Storica Analitica visura per immobile - Catasto Fabbricati."
"visura-storica","AL","TORTONA","6","140","","F","","analitica","","","PVP sales 1 (4543960); Storica Analitica visura per immobile - Catasto Fabbricati."
"visura-storica","AL","TORTONA","6","140","","T","","analitica","","","PVP sales 1 (4543960); Storica Analitica visura per immobile - Catasto Terreni."
"visura-storica","AL","TORTONA","6","231","","F","","analitica","","","PVP sales 1 (4543960); Storica Analitica visura per immobile - Catasto Fabbricati."
"visura-storica","AL","TORTONA","6","231","","T","","analitica","","","PVP sales 1 (4543960); Storica Analitica visura per immobile - Catasto Terreni."
"visura-storica","AL","TORTONA","61","489","3","F","","analitica","","","PVP sales 1 (2121850); Storica Analitica visura per immobile - Catasto Fabbricati."
"visura-storica","AL","TORTONA","61","489","4","F","","analitica","","","PVP sales 1 (2121850); Storica Analitica visura per immobile - Catasto Fabbricati."
"visura-storica","AL","TORTONA","61","489","5","F","","analitica","","","PVP sales 1 (2121850); Storica Analitica visura per immobile - Catasto Fabbricati."
"visura-storica","AL","TORTONA","61","729","2","F","","analitica","","","PVP sales 1 (4462123); Storica Analitica visura per immobile - Catasto Fabbricati."
"visura-storica","AL","TORTONA","61","729","8","F","","analitica","","","PVP sales 2 (4462133,4505593); Storica Analitica visura per immobile - Catasto Fabbricati."
"visura-storica","AL","TORTONA","61","739","6","F","","analitica","","","PVP sales 2 (4462142,4505614); Storica Analitica visura per immobile - Catasto Fabbricati."
"visura-storica","AL","TORTONA","63","285","","F","","analitica","","","PVP sales 1 (970287); Storica Analitica visura per immobile - Catasto Fabbricati."
"visura-storica","AL","TORTONA","63","285","","T","","analitica","","","PVP sales 1 (970287); Storica Analitica visura per immobile - Catasto Terreni."
"visura-storica","AL","TORTONA","67","550","","F","","analitica","","","PVP sales 2 (842929,993708); Storica Analitica visura per immobile - Catasto Fabbricati."
"visura-storica","AL","TORTONA","67","550","","T","","analitica","","","PVP sales 2 (842929,993708); Storica Analitica visura per immobile - Catasto Terreni."
"visura-storica","AL","TORTONA","67","556","","F","","analitica","","","PVP sales 2 (842929,993708); Storica Analitica visura per immobile - Catasto Fabbricati."
"visura-storica","AL","TORTONA","67","556","","T","","analitica","","","PVP sales 2 (842929,993708); Storica Analitica visura per immobile - Catasto Terreni."
"visura-storica","AL","TORTONA","67","562","","F","","analitica","","","PVP sales 2 (842929,993708); Storica Analitica visura per immobile - Catasto Fabbricati."
"visura-storica","AL","TORTONA","67","562","","T","","analitica","","","PVP sales 2 (842929,993708); Storica Analitica visura per immobile - Catasto Terreni."
"visura-storica","AL","TORTONA","67","572","","F","","analitica","","","PVP sales 2 (843574,993665); Storica Analitica visura per immobile - Catasto Fabbricati."
"visura-storica","AL","TORTONA","67","572","","T","","analitica","","","PVP sales 2 (843574,993665); Storica Analitica visura per immobile - Catasto Terreni."
"visura-storica","AL","TORTONA","69","255","1","F","","analitica","","","PVP sales 1 (1179116); Storica Analitica visura per immobile - Catasto Fabbricati."
"visura-storica","AL","TORTONA","69","255","2","F","","analitica","","","PVP sales 1 (1179116); Storica Analitica visura per immobile - Catasto Fabbricati."
"visura-storica","AL","TORTONA","69","255","3","F","","analitica","","","PVP sales 1 (1179116); Storica Analitica visura per immobile - Catasto Fabbricati."
"visura-storica","AL","TORTONA","69","255","4","F","","analitica","","","PVP sales 1 (1179116); Storica Analitica visura per immobile - Catasto Fabbricati."
"visura-storica","AL","TORTONA","69","255","5","F","","analitica","","","PVP sales 1 (1179116); Storica Analitica visura per immobile - Catasto Fabbricati."
"visura-storica","AL","TORTONA","69","255","6","F","","analitica","","","PVP sales 1 (1179116); Storica Analitica visura per immobile - Catasto Fabbricati."
"visura-storica","AL","TORTONA","69","256","1","F","","analitica","","","PVP sales 1 (783401); Storica Analitica visura per immobile - Catasto Fabbricati."
"visura-storica","AL","TORTONA","69","256","8","F","","analitica","","","PVP sales 1 (783401); Storica Analitica visura per immobile - Catasto Fabbricati."
"visura-storica","AL","TORTONA","69","257","1","F","","analitica","","","PVP sales 1 (783245); Storica Analitica visura per immobile - Catasto Fabbricati."
"visura-storica","AL","TORTONA","69","257","2","F","","analitica","","","PVP sales 1 (783245); Storica Analitica visura per immobile - Catasto Fabbricati."
"visura-storica","AL","TORTONA","69","257","6","F","","analitica","","","PVP sales 1 (783245); Storica Analitica visura per immobile - Catasto Fabbricati."
"visura-storica","AL","TORTONA","7","189","6","F","","analitica","","","PVP sales 1 (2115174); Storica Analitica visura per immobile - Catasto Fabbricati."
"visura-storica","AL","TORTONA","7","675","16","F","","analitica","","","PVP sales 1 (2115174); Storica Analitica visura per immobile - Catasto Fabbricati."
"visura-storica","AL","TORTONA","7","675","17","F","","analitica","","","PVP sales 1 (2115174); Storica Analitica visura per immobile - Catasto Fabbricati."
"visura-storica","AL","TORTONA","7","675","4","F","","analitica","","","PVP sales 1 (2115174); Storica Analitica visura per immobile - Catasto Fabbricati."
"visura-storica","AL","TORTONA","70","349","","F","","analitica","","","PVP sales 1 (4530365); Storica Analitica visura per immobile - Catasto Fabbricati."
"visura-storica","AL","TORTONA","70","349","","T","","analitica","","","PVP sales 1 (4530365); Storica Analitica visura per immobile - Catasto Terreni."
"visura-storica","AL","TORTONA","88","425","1","F","","analitica","","","PVP sales 2 (372511,659673); Storica Analitica visura per immobile - Catasto Fabbricati."
"visura-storica","AL","TORTONA","88","425","2","F","","analitica","","","PVP sales 2 (372511,659673); Storica Analitica visura per immobile - Catasto Fabbricati."
"visura-storica","AL","TORTONA","88","506","","F","","analitica","","","PVP sales 2 (372511,659673); Storica Analitica visura per immobile - Catasto Fabbricati."
"visura-storica","AL","TORTONA","88","506","","T","","analitica","","","PVP sales 2 (372511,659673); Storica Analitica visura per immobile - Catasto Terreni."
"visura-storica","AL","TORTONA","88","510","","F","","analitica","","","PVP sales 2 (372511,659673); Storica Analitica visura per immobile - Catasto Fabbricati."
"visura-storica","AL","TORTONA","88","510","","T","","analitica","","","PVP sales 2 (372511,659673); Storica Analitica visura per immobile - Catasto Terreni."
"visura-storica","AL","TORTONA","88","546","","F","","analitica","","","PVP sales 2 (372511,659673); Storica Analitica visura per immobile - Catasto Fabbricati."
"visura-storica","AL","TORTONA","88","546","","T","","analitica","","","PVP sales 2 (372511,659673); Storica Analitica visura per immobile - Catasto Terreni."
"visura-storica","AL","TORTONA","88","711","","F","","analitica","","","PVP sales 1 (372511); Storica Analitica visura per immobile - Catasto Fabbricati."
"visura-storica","AL","TORTONA","88","711","","T","","analitica","","","PVP sales 1 (372511); Storica Analitica visura per immobile - Catasto Terreni."
"visura-storica","AL","TORTONA","89","203","","F","","analitica","","","PVP sales 1 (373293); Storica Analitica visura per immobile - Catasto Fabbricati."
"visura-storica","AL","TORTONA","89","203","","T","","analitica","","","PVP sales 1 (373293); Storica Analitica visura per immobile - Catasto Terreni."
"visura-storica","AL","TORTONA","89","279","","F","","analitica","","","PVP sales 3 (4402519,4460244,4522732); Storica Analitica visura per immobile - Catasto Fabbricati."
"visura-storica","AL","TORTONA","89","279","","T","","analitica","","","PVP sales 3 (4402519,4460244,4522732); Storica Analitica visura per immobile - Catasto Terreni."
"visura-storica","AL","TORTONA","89","538","","F","","analitica","","","PVP sales 1 (373293); Storica Analitica visura per immobile - Catasto Fabbricati."
"visura-storica","AL","TORTONA","89","538","","T","","analitica","","","PVP sales 1 (373293); Storica Analitica visura per immobile - Catasto Terreni."
"visura-storica","AL","TORTONA","89","539","","F","","analitica","","","PVP sales 1 (373293); Storica Analitica visura per immobile - Catasto Fabbricati."
"visura-storica","AL","TORTONA","89","539","","T","","analitica","","","PVP sales 1 (373293); Storica Analitica visura per immobile - Catasto Terreni."
"visura-storica","AL","TORTONA","89","564","1","F","","analitica","","","PVP sales 3 (4402519,4460244,4522732); Storica Analitica visura per immobile - Catasto Fabbricati."
"visura-storica","AL","TORTONA","89","564","2","F","","analitica","","","PVP sales 3 (4402519,4460244,4522732); Storica Analitica visura per immobile - Catasto Fabbricati."
"visura-storica","AL","TORTONA","89","591","10","F","","analitica","","","PVP sales 3 (266166,478990,667615); Storica Analitica visura per immobile - Catasto Fabbricati."
"visura-storica","AL","TORTONA","89","591","12","F","","analitica","","","PVP sales 3 (268308,480261,667679); Storica Analitica visura per immobile - Catasto Fabbricati."
"visura-storica","AL","TORTONA","89","591","2","F","","analitica","","","PVP sales 3 (266166,478990,667615); Storica Analitica visura per immobile - Catasto Fabbricati."
"visura-storica","AL","TORTONA","89","591","3","F","","analitica","","","PVP sales 3 (267537,479240,667619); Storica Analitica visura per immobile - Catasto Fabbricati."
"visura-storica","AL","TORTONA","89","591","4","F","","analitica","","","PVP sales 3 (267545,480252,667632); Storica Analitica visura per immobile - Catasto Fabbricati."
"visura-storica","AL","TORTONA","89","591","5","F","","analitica","","","PVP sales 3 (268308,480261,667679); Storica Analitica visura per immobile - Catasto Fabbricati."
"visura-storica","AL","TORTONA","89","591","7","F","","analitica","","","PVP sales 2 (479240,667619); Storica Analitica visura per immobile - Catasto Fabbricati."
"visura-storica","AL","TORTONA","89","591","9","F","","analitica","","","PVP sales 3 (267545,480252,667632); Storica Analitica visura per immobile - Catasto Fabbricati."
"visura-storica","AL","TORTONA","89","96","3","F","","analitica","","","PVP sales 2 (4470083,4525812); Storica Analitica visura per immobile - Catasto Fabbricati."
"visura-storica","AL","TORTONA","89","96","4","F","","analitica","","","PVP sales 2 (4470083,4525812); Storica Analitica visura per immobile - Catasto Fabbricati."
"visura-storica","AL","TORTONA","89","96","5","F","","analitica","","","PVP sales 2 (4470083,4525812); Storica Analitica visura per immobile - Catasto Fabbricati."
"visura-storica","AL","TORTONA","96","282","","F","","analitica","","","PVP sales 5 (296542,605485,771960,771981,893807); Storica Analitica visura per immobile - Catasto Fabbricati."
"visura-storica","AL","TORTONA","96","282","","T","","analitica","","","PVP sales 5 (296542,605485,771960,771981,893807); Storica Analitica visura per immobile - Catasto Terreni."
"visura-storica","AL","TORTONA","96","58","","F","","analitica","","","PVP sales 5 (296542,605485,771960,771981,893807); Storica Analitica visura per immobile - Catasto Fabbricati."
"visura-storica","AL","TORTONA","96","58","","T","","analitica","","","PVP sales 5 (296542,605485,771960,771981,893807); Storica Analitica visura per immobile - Catasto Terreni."
"visura-storica","AL","TORTONA","96","59","2","F","","analitica","","","PVP sales 5 (296542,605485,771960,771981,893807); Storica Analitica visura per immobile - Catasto Fabbricati."
"visura-storica","AL","TORTONA","99","168","","F","","analitica","","","PVP sales 1 (4271186); Storica Analitica visura per immobile - Catasto Fabbricati."
"visura-storica","AL","TORTONA","99","168","","T","","analitica","","","PVP sales 1 (4271186); Storica Analitica visura per immobile - Catasto Terreni."
"visura-storica","AL","TORTONA","99","169","","F","","analitica","","","PVP sales 1 (4271186); Storica Analitica visura per immobile - Catasto Fabbricati."
"visura-storica","AL","TORTONA","99","169","","T","","analitica","","","PVP sales 1 (4271186); Storica Analitica visura per immobile - Catasto Terreni."
"visura-storica","AL","TORTONA","99","170","","F","","analitica","","","PVP sales 1 (4271186); Storica Analitica visura per immobile - Catasto Fabbricati."
"visura-storica","AL","TORTONA","99","170","","T","","analitica","","","PVP sales 1 (4271186); Storica Analitica visura per immobile - Catasto Terreni."
"visura-storica","AL","TORTONA","99","171","","F","","analitica","","","PVP sales 1 (4271186); Storica Analitica visura per immobile - Catasto Fabbricati."
"visura-storica","AL","TORTONA","99","171","","T","","analitica","","","PVP sales 1 (4271186); Storica Analitica visura per immobile - Catasto Terreni."
"visura-storica","AL","TORTONA","99","202","","F","","analitica","","","PVP sales 1 (4543960); Storica Analitica visura per immobile - Catasto Fabbricati."
"visura-storica","AL","TORTONA","99","202","","T","","analitica","","","PVP sales 1 (4543960); Storica Analitica visura per immobile - Catasto Terreni."
"visura-storica","AL","TORTONA","99","203","","F","","analitica","","","PVP sales 1 (4543960); Storica Analitica visura per immobile - Catasto Fabbricati."
"visura-storica","AL","TORTONA","99","203","","T","","analitica","","","PVP sales 1 (4543960); Storica Analitica visura per immobile - Catasto Terreni."
"visura-storica","AL","TORTONA","99","206","","F","","analitica","","","PVP sales 1 (4543960); Storica Analitica visura per immobile - Catasto Fabbricati."
"visura-storica","AL","TORTONA","99","206","","T","","analitica","","","PVP sales 1 (4543960); Storica Analitica visura per immobile - Catasto Terreni."
"visura-storica","AL","TORTONA","99","207","","F","","analitica","","","PVP sales 1 (4543960); Storica Analitica visura per immobile - Catasto Fabbricati."
"visura-storica","AL","TORTONA","99","207","","T","","analitica","","","PVP sales 1 (4543960); Storica Analitica visura per immobile - Catasto Terreni."
"visura-storica","AL","TORTONA","99","208","","F","","analitica","","","PVP sales 1 (4543960); Storica Analitica visura per immobile - Catasto Fabbricati."
"visura-storica","AL","TORTONA","99","208","","T","","analitica","","","PVP sales 1 (4543960); Storica Analitica visura per immobile - Catasto Terreni."
"visura-storica","AL","TORTONA","99","209","","F","","analitica","","","PVP sales 1 (4543960); Storica Analitica visura per immobile - Catasto Fabbricati."
"visura-storica","AL","TORTONA","99","209","","T","","analitica","","","PVP sales 1 (4543960); Storica Analitica visura per immobile - Catasto Terreni."
"visura-storica","AL","TORTONA","99","212","","F","","analitica","","","PVP sales 1 (4543960); Storica Analitica visura per immobile - Catasto Fabbricati."
"visura-storica","AL","TORTONA","99","212","","T","","analitica","","","PVP sales 1 (4543960); Storica Analitica visura per immobile - Catasto Terreni."
"visura-storica","AL","TORTONA","99","213","","F","","analitica","","","PVP sales 1 (4543960); Storica Analitica visura per immobile - Catasto Fabbricati."
"visura-storica","AL","TORTONA","99","213","","T","","analitica","","","PVP sales 1 (4543960); Storica Analitica visura per immobile - Catasto Terreni."
"visura-storica","AL","TORTONA","99","246","","F","","analitica","","","PVP sales 1 (4271186); Storica Analitica visura per immobile - Catasto Fabbricati."
"visura-storica","AL","TORTONA","99","246","","T","","analitica","","","PVP sales 1 (4271186); Storica Analitica visura per immobile - Catasto Terreni."
"visura-storica","AL","TORTONA","99","248","","F","","analitica","","","PVP sales 1 (4543960); Storica Analitica visura per immobile - Catasto Fabbricati."
"visura-storica","AL","TORTONA","99","248","","T","","analitica","","","PVP sales 1 (4543960); Storica Analitica visura per immobile - Catasto Terreni."
"visura-storica","AL","TORTONA","99","251","","F","","analitica","","","PVP sales 1 (4543960); Storica Analitica visura per immobile - Catasto Fabbricati."
"visura-storica","AL","TORTONA","99","251","","T","","analitica","","","PVP sales 1 (4543960); Storica Analitica visura per immobile - Catasto Terreni."
"visura-storica","AL","TORTONA","99","329","","F","","analitica","","","PVP sales 1 (4543960); Storica Analitica visura per immobile - Catasto Fabbricati."
"visura-storica","AL","TORTONA","99","329","","T","","analitica","","","PVP sales 1 (4543960); Storica Analitica visura per immobile - Catasto Terreni."
"visura-storica","AL","TORTONA","99","330","","F","","analitica","","","PVP sales 1 (4543960); Storica Analitica visura per immobile - Catasto Fabbricati."
"visura-storica","AL","TORTONA","99","330","","T","","analitica","","","PVP sales 1 (4543960); Storica Analitica visura per immobile - Catasto Terreni."
"visura-storica","AL","TORTONA","99","81","","F","","analitica","","","PVP sales 1 (4543960); Storica Analitica visura per immobile - Catasto Fabbricati."
"visura-storica","AL","TORTONA","99","81","","T","","analitica","","","PVP sales 1 (4543960); Storica Analitica visura per immobile - Catasto Terreni."
"visura-storica","AL","TORTONA","99","82","","F","","analitica","","","PVP sales 1 (4543960); Storica Analitica visura per immobile - Catasto Fabbricati."
"visura-storica","AL","TORTONA","99","82","","T","","analitica","","","PVP sales 1 (4543960); Storica Analitica visura per immobile - Catasto Terreni."
"visura-storica","AL","TORTONA","99","86","","F","","analitica","","","PVP sales 1 (4543960); Storica Analitica visura per immobile - Catasto Fabbricati."
"visura-storica","AL","TORTONA","99","86","","T","","analitica","","","PVP sales 1 (4543960); Storica Analitica visura per immobile - Catasto Terreni."
"visura-storica","AL","TORTONA","99","88","","F","","analitica","","","PVP sales 1 (4543960); Storica Analitica visura per immobile - Catasto Fabbricati."
"visura-storica","AL","TORTONA","99","88","","T","","analitica","","","PVP sales 1 (4543960); Storica Analitica visura per immobile - Catasto Terreni."
"visura-storica","AL","TORTONA","99","97","","F","","analitica","","","PVP sales 1 (4543960); Storica Analitica visura per immobile - Catasto Fabbricati."
"visura-storica","AL","TORTONA","99","97","","T","","analitica","","","PVP sales 1 (4543960); Storica Analitica visura per immobile - Catasto Terreni."
"visura-storica","AL","TRISOBBIO","9","298","","F","","analitica","","","PVP sales 1 (1902617); Storica Analitica visura per immobile - Catasto Fabbricati."
"visura-storica","AL","TRISOBBIO","9","298","","T","","analitica","","","PVP sales 1 (1902617); Storica Analitica visura per immobile - Catasto Terreni."
"visura-storica","AL","VALENZA","120","216","11","F","","analitica","","","PVP sales 1 (136030); Storica Analitica visura per immobile - Catasto Fabbricati."
"visura-storica","AL","VALENZA","15","15","","F","","analitica","","","PVP sales 1 (303736); Storica Analitica visura per immobile - Catasto Fabbricati."
"visura-storica","AL","VALENZA","15","15","","T","","analitica","","","PVP sales 1 (303736); Storica Analitica visura per immobile - Catasto Terreni."
"visura-storica","AL","VALENZA","15","16","","F","","analitica","","","PVP sales 1 (303736); Storica Analitica visura per immobile - Catasto Fabbricati."
"visura-storica","AL","VALENZA","15","16","","T","","analitica","","","PVP sales 1 (303736); Storica Analitica visura per immobile - Catasto Terreni."
"visura-storica","AL","VALENZA","15","18","","F","","analitica","","","PVP sales 1 (303736); Storica Analitica visura per immobile - Catasto Fabbricati."
"visura-storica","AL","VALENZA","15","18","","T","","analitica","","","PVP sales 1 (303736); Storica Analitica visura per immobile - Catasto Terreni."
"visura-storica","AL","VALENZA","19","10","","F","","analitica","","","PVP sales 1 (302831); Storica Analitica visura per immobile - Catasto Fabbricati."
"visura-storica","AL","VALENZA","19","10","","T","","analitica","","","PVP sales 1 (302831); Storica Analitica visura per immobile - Catasto Terreni."
"visura-storica","AL","VALENZA","19","11","","F","","analitica","","","PVP sales 1 (302831); Storica Analitica visura per immobile - Catasto Fabbricati."
"visura-storica","AL","VALENZA","19","11","","T","","analitica","","","PVP sales 1 (302831); Storica Analitica visura per immobile - Catasto Terreni."
"visura-storica","AL","VALENZA","19","16","","F","","analitica","","","PVP sales 1 (302831); Storica Analitica visura per immobile - Catasto Fabbricati."
"visura-storica","AL","VALENZA","19","16","","T","","analitica","","","PVP sales 1 (302831); Storica Analitica visura per immobile - Catasto Terreni."
"visura-storica","AL","VALENZA","19","18","","F","","analitica","","","PVP sales 1 (302831); Storica Analitica visura per immobile - Catasto Fabbricati."
"visura-storica","AL","VALENZA","19","18","","T","","analitica","","","PVP sales 1 (302831); Storica Analitica visura per immobile - Catasto Terreni."
"visura-storica","AL","VALENZA","2","394","1","F","","analitica","","","PVP sales 1 (779498); Storica Analitica visura per immobile - Catasto Fabbricati."
"visura-storica","AL","VALENZA","20","13","","F","","analitica","","","PVP sales 1 (303736); Storica Analitica visura per immobile - Catasto Fabbricati."
"visura-storica","AL","VALENZA","20","13","","T","","analitica","","","PVP sales 1 (303736); Storica Analitica visura per immobile - Catasto Terreni."
"visura-storica","AL","VALENZA","20","18","","F","","analitica","","","PVP sales 1 (303736); Storica Analitica visura per immobile - Catasto Fabbricati."
"visura-storica","AL","VALENZA","20","18","","T","","analitica","","","PVP sales 1 (303736); Storica Analitica visura per immobile - Catasto Terreni."
"visura-storica","AL","VALENZA","20","19","","F","","analitica","","","PVP sales 1 (303736); Storica Analitica visura per immobile - Catasto Fabbricati."
"visura-storica","AL","VALENZA","20","19","","T","","analitica","","","PVP sales 1 (303736); Storica Analitica visura per immobile - Catasto Terreni."
"visura-storica","AL","VALENZA","24","1106","","F","","analitica","","","PVP sales 2 (393771,540790); Storica Analitica visura per immobile - Catasto Fabbricati."
"visura-storica","AL","VALENZA","24","1106","","T","","analitica","","","PVP sales 2 (393771,540790); Storica Analitica visura per immobile - Catasto Terreni."
"visura-storica","AL","VALENZA","24","1106","17","F","","analitica","","","PVP sales 2 (393727,770558); Storica Analitica visura per immobile - Catasto Fabbricati."
"visura-storica","AL","VALENZA","24","1106","18","F","","analitica","","","PVP sales 2 (393727,770558); Storica Analitica visura per immobile - Catasto Fabbricati."
"visura-storica","AL","VALENZA","24","1106","30","F","","analitica","","","PVP sales 1 (393716); Storica Analitica visura per immobile - Catasto Fabbricati."
"visura-storica","AL","VALENZA","24","1106","38","F","","analitica","","","PVP sales 1 (393761); Storica Analitica visura per immobile - Catasto Fabbricati."
"visura-storica","AL","VALENZA","24","1148","35","F","","analitica","","","PVP sales 5 (354602,401515,484129,519584,1325143); Storica Analitica visura per immobile - Catasto Fabbricati."
"visura-storica","AL","VALENZA","24","1148","36","F","","analitica","","","PVP sales 6 (354602,401515,484129,519584,1408455 +1 more); Storica Analitica visura per immobile - Catasto Fabbricati."
"visura-storica","AL","VALENZA","24","1684","","F","","analitica","","","PVP sales 1 (2109172); Storica Analitica visura per immobile - Catasto Fabbricati."
"visura-storica","AL","VALENZA","24","1684","","T","","analitica","","","PVP sales 1 (2109172); Storica Analitica visura per immobile - Catasto Terreni."
"visura-storica","AL","VALENZA","24","1721","1","F","","analitica","","","PVP sales 1 (944548); Storica Analitica visura per immobile - Catasto Fabbricati."
"visura-storica","AL","VALENZA","24","1721","8","F","","analitica","","","PVP sales 1 (1840049); Storica Analitica visura per immobile - Catasto Fabbricati."
"visura-storica","AL","VALENZA","24","1721","9","F","","analitica","","","PVP sales 1 (1840049); Storica Analitica visura per immobile - Catasto Fabbricati."
"visura-storica","AL","VALENZA","24","343","3","F","","analitica","","","PVP sales 1 (4259202); Storica Analitica visura per immobile - Catasto Fabbricati."
"visura-storica","AL","VALENZA","24","355","3","F","","analitica","","","PVP sales 2 (393633,799332); Storica Analitica visura per immobile - Catasto Fabbricati."
"visura-storica","AL","VALENZA","24","558","2","F","","analitica","","","PVP sales 1 (295485); Storica Analitica visura per immobile - Catasto Fabbricati."
"visura-storica","AL","VALENZA","24","610","11","F","","analitica","","","PVP sales 5 (354612,401527,484130,520435,1408036); Storica Analitica visura per immobile - Catasto Fabbricati."
"visura-storica","AL","VALENZA","24","610","12","F","","analitica","","","PVP sales 5 (354612,401527,484130,520435,1408036); Storica Analitica visura per immobile - Catasto Fabbricati."
"visura-storica","AL","VALENZA","24","610","6","F","","analitica","","","PVP sales 5 (354612,401527,484130,520435,1408036); Storica Analitica visura per immobile - Catasto Fabbricati."
"visura-storica","AL","VALENZA","24","613","","F","","analitica","","","PVP sales 2 (393633,799332); Storica Analitica visura per immobile - Catasto Fabbricati."
"visura-storica","AL","VALENZA","24","613","","T","","analitica","","","PVP sales 2 (393633,799332); Storica Analitica visura per immobile - Catasto Terreni."
"visura-storica","AL","VALENZA","24","79","","F","","analitica","","","PVP sales 1 (1477622); Storica Analitica visura per immobile - Catasto Fabbricati."
"visura-storica","AL","VALENZA","24","79","","T","","analitica","","","PVP sales 1 (1477622); Storica Analitica visura per immobile - Catasto Terreni."
"visura-storica","AL","VALENZA","24","79","6","F","","analitica","","","PVP sales 1 (1408045); Storica Analitica visura per immobile - Catasto Fabbricati."
"visura-storica","AL","VALENZA","24","85","118","F","","analitica","","","PVP sales 1 (1573512); Storica Analitica visura per immobile - Catasto Fabbricati."
"visura-storica","AL","VALENZA","24","85","134","F","","analitica","","","PVP sales 1 (1573512); Storica Analitica visura per immobile - Catasto Fabbricati."
"visura-storica","AL","VALENZA","24","85","32","F","","analitica","","","PVP sales 2 (1408045,1477622); Storica Analitica visura per immobile - Catasto Fabbricati."
"visura-storica","AL","VALENZA","24","85","65","F","","analitica","","","PVP sales 6 (354602,401515,484129,519584,1408455 +1 more); Storica Analitica visura per immobile - Catasto Fabbricati."
"visura-storica","AL","VALENZA","25","362","36","F","","analitica","","","PVP sales 2 (135192,436612); Storica Analitica visura per immobile - Catasto Fabbricati."
"visura-storica","AL","VALENZA","25","447","36","F","","analitica","","","PVP sales 1 (531515); Storica Analitica visura per immobile - Catasto Fabbricati."
"visura-storica","AL","VALENZA","25","700","54","F","","analitica","","","PVP sales 1 (2224835); Storica Analitica visura per immobile - Catasto Fabbricati."
"visura-storica","AL","VALENZA","26","256","30","F","","analitica","","","PVP sales 1 (4432827); Storica Analitica visura per immobile - Catasto Fabbricati."
"visura-storica","AL","VALENZA","26","256","31","F","","analitica","","","PVP sales 1 (4432827); Storica Analitica visura per immobile - Catasto Fabbricati."
"visura-storica","AL","VALENZA","26","256","32","F","","analitica","","","PVP sales 1 (4432827); Storica Analitica visura per immobile - Catasto Fabbricati."
"visura-storica","AL","VALENZA","26","264","2","F","","analitica","","","PVP sales 1 (4432827); Storica Analitica visura per immobile - Catasto Fabbricati."
"visura-storica","AL","VALENZA","26","98","","F","","analitica","","","PVP sales 1 (4508580); Storica Analitica visura per immobile - Catasto Fabbricati."
"visura-storica","AL","VALENZA","26","98","","T","","analitica","","","PVP sales 1 (4508580); Storica Analitica visura per immobile - Catasto Terreni."
"visura-storica","AL","VALENZA","26","98","1","F","","analitica","","","PVP sales 1 (4508580); Storica Analitica visura per immobile - Catasto Fabbricati."
"visura-storica","AL","VALENZA","26","98","2","F","","analitica","","","PVP sales 1 (4508580); Storica Analitica visura per immobile - Catasto Fabbricati."
"visura-storica","AL","VALENZA","26","98","3","F","","analitica","","","PVP sales 1 (4508580); Storica Analitica visura per immobile - Catasto Fabbricati."
"visura-storica","AL","VALENZA","26","98","4","F","","analitica","","","PVP sales 1 (4508580); Storica Analitica visura per immobile - Catasto Fabbricati."
"visura-storica","AL","VALENZA","26","98","5","F","","analitica","","","PVP sales 1 (4508580); Storica Analitica visura per immobile - Catasto Fabbricati."
"visura-storica","AL","VALENZA","26","98","6","F","","analitica","","","PVP sales 1 (4508580); Storica Analitica visura per immobile - Catasto Fabbricati."
"visura-storica","AL","VALENZA","31","332","","F","","analitica","","","PVP sales 1 (2141686); Storica Analitica visura per immobile - Catasto Fabbricati."
"visura-storica","AL","VALENZA","31","332","","T","","analitica","","","PVP sales 1 (2141686); Storica Analitica visura per immobile - Catasto Terreni."
"visura-storica","AL","VALENZA","31","333","","F","","analitica","","","PVP sales 1 (2141686); Storica Analitica visura per immobile - Catasto Fabbricati."
"visura-storica","AL","VALENZA","31","333","","T","","analitica","","","PVP sales 1 (2141686); Storica Analitica visura per immobile - Catasto Terreni."
"visura-storica","AL","VALENZA","31","337","","F","","analitica","","","PVP sales 1 (2141686); Storica Analitica visura per immobile - Catasto Fabbricati."
"visura-storica","AL","VALENZA","31","337","","T","","analitica","","","PVP sales 1 (2141686); Storica Analitica visura per immobile - Catasto Terreni."
"visura-storica","AL","VALENZA","31","342","","F","","analitica","","","PVP sales 1 (2141686); Storica Analitica visura per immobile - Catasto Fabbricati."
"visura-storica","AL","VALENZA","31","342","","T","","analitica","","","PVP sales 1 (2141686); Storica Analitica visura per immobile - Catasto Terreni."
"visura-storica","AL","VALENZA","31","344","8","F","","analitica","","","PVP sales 1 (2141686); Storica Analitica visura per immobile - Catasto Fabbricati."
"visura-storica","AL","VALENZA","31","344","9","F","","analitica","","","PVP sales 1 (2141686); Storica Analitica visura per immobile - Catasto Fabbricati."
"visura-storica","AL","VALENZA","32","1299","101","F","","analitica","","","PVP sales 1 (4518246); Storica Analitica visura per immobile - Catasto Fabbricati."
"visura-storica","AL","VALENZA","32","1299","102","F","","analitica","","","PVP sales 1 (4518246); Storica Analitica visura per immobile - Catasto Fabbricati."
"visura-storica","AL","VALENZA","32","1299","52","F","","analitica","","","PVP sales 1 (4518246); Storica Analitica visura per immobile - Catasto Fabbricati."
"visura-storica","AL","VALENZA","32","1299","89","F","","analitica","","","PVP sales 1 (4518246); Storica Analitica visura per immobile - Catasto Fabbricati."
"visura-storica","AL","VALENZA","32","1399","","F","","analitica","","","PVP sales 1 (2158518); Storica Analitica visura per immobile - Catasto Fabbricati."
"visura-storica","AL","VALENZA","32","1399","","T","","analitica","","","PVP sales 1 (2158518); Storica Analitica visura per immobile - Catasto Terreni."
"visura-storica","AL","VALENZA","32","1399","122","F","","analitica","","","PVP sales 1 (2158518); Storica Analitica visura per immobile - Catasto Fabbricati."
"visura-storica","AL","VALENZA","32","1399","140","F","","analitica","","","PVP sales 1 (2158518); Storica Analitica visura per immobile - Catasto Fabbricati."
"visura-storica","AL","VALENZA","32","234","","F","","analitica","","","PVP sales 1 (2173210); Storica Analitica visura per immobile - Catasto Fabbricati."
"visura-storica","AL","VALENZA","32","234","","T","","analitica","","","PVP sales 1 (2173210); Storica Analitica visura per immobile - Catasto Terreni."
"visura-storica","AL","VALENZA","32","534","","F","","analitica","","","PVP sales 2 (4504901,4565205); Storica Analitica visura per immobile - Catasto Fabbricati."
"visura-storica","AL","VALENZA","32","534","","T","","analitica","","","PVP sales 2 (4504901,4565205); Storica Analitica visura per immobile - Catasto Terreni."
"visura-storica","AL","VALENZA","32","83","19","F","","analitica","","","PVP sales 2 (388256,537555); Storica Analitica visura per immobile - Catasto Fabbricati."
"visura-storica","AL","VALENZA","32","83","72","F","","analitica","","","PVP sales 2 (388256,537555); Storica Analitica visura per immobile - Catasto Fabbricati."
"visura-storica","AL","VALENZA","32","83","74","F","","analitica","","","PVP sales 2 (388256,537555); Storica Analitica visura per immobile - Catasto Fabbricati."
"visura-storica","AL","VALENZA","33","1206","3","F","","analitica","","","PVP sales 2 (349387,473380); Storica Analitica visura per immobile - Catasto Fabbricati."
"visura-storica","AL","VALENZA","33","1206","4","F","","analitica","","","PVP sales 2 (349161,473410); Storica Analitica visura per immobile - Catasto Fabbricati."
"visura-storica","AL","VALENZA","33","799","24","F","","analitica","","","PVP sales 2 (349161,473410); Storica Analitica visura per immobile - Catasto Fabbricati."
"visura-storica","AL","VALENZA","33","799","25","F","","analitica","","","PVP sales 2 (349387,473380); Storica Analitica visura per immobile - Catasto Fabbricati."
"visura-storica","AL","VALENZA","34","109","1","F","","analitica","","","PVP sales 1 (992784); Storica Analitica visura per immobile - Catasto Fabbricati."
"visura-storica","AL","VALENZA","34","480","7","F","","analitica","","","PVP sales 1 (1504662); Storica Analitica visura per immobile - Catasto Fabbricati."
"visura-storica","AL","VALENZA","34","526","3","F","","analitica","","","PVP sales 1 (1882239); Storica Analitica visura per immobile - Catasto Fabbricati."
"visura-storica","AL","VALENZA","34","601","1","F","","analitica","","","PVP sales 1 (559495); Storica Analitica visura per immobile - Catasto Fabbricati."
"visura-storica","AL","VALENZA","34","614","100","F","","analitica","","","PVP sales 1 (1559894); Storica Analitica visura per immobile - Catasto Fabbricati."
"visura-storica","AL","VALENZA","34","614","20","F","","analitica","","","PVP sales 1 (4212443); Storica Analitica visura per immobile - Catasto Fabbricati."
"visura-storica","AL","VALENZA","34","614","99","F","","analitica","","","PVP sales 1 (1559894); Storica Analitica visura per immobile - Catasto Fabbricati."
"visura-storica","AL","VALENZA","4","116","","F","","analitica","","","PVP sales 1 (302934); Storica Analitica visura per immobile - Catasto Fabbricati."
"visura-storica","AL","VALENZA","4","116","","T","","analitica","","","PVP sales 1 (302934); Storica Analitica visura per immobile - Catasto Terreni."
"visura-storica","AL","VALENZA","4","118","10","F","","analitica","","","PVP sales 4 (1520037,1643196,1781355,1848758); Storica Analitica visura per immobile - Catasto Fabbricati."
"visura-storica","AL","VALENZA","4","118","9","F","","analitica","","","PVP sales 4 (1520037,1643196,1781355,1848758); Storica Analitica visura per immobile - Catasto Fabbricati."
"visura-storica","AL","VALENZA","40","736","","F","","analitica","","","PVP sales 1 (2095511); Storica Analitica visura per immobile - Catasto Fabbricati."
"visura-storica","AL","VALENZA","40","736","","T","","analitica","","","PVP sales 1 (2095511); Storica Analitica visura per immobile - Catasto Terreni."
"visura-storica","AL","VALENZA","50","1132","3","F","","analitica","","","PVP sales 1 (439122); Storica Analitica visura per immobile - Catasto Fabbricati."
"visura-storica","AL","VALENZA","50","2051","13","F","","analitica","","","PVP sales 2 (1683318,1776227); Storica Analitica visura per immobile - Catasto Fabbricati."
"visura-storica","AL","VALENZA","50","2055","10","F","","analitica","","","PVP sales 1 (1889292); Storica Analitica visura per immobile - Catasto Fabbricati."
"visura-storica","AL","VALENZA","50","2056","2","F","","analitica","","","PVP sales 1 (1889292); Storica Analitica visura per immobile - Catasto Fabbricati."
"visura-storica","AL","VALENZA","50","2102","6","F","","analitica","","","PVP sales 3 (290449,436653,975318); Storica Analitica visura per immobile - Catasto Fabbricati."
"visura-storica","AL","VALENZA","50","2118","1","F","","analitica","","","PVP sales 5 (266954,750903,973070,1493149,1685287); Storica Analitica visura per immobile - Catasto Fabbricati."
"visura-storica","AL","VALENZA","50","2118","10","F","","analitica","","","PVP sales 2 (750930,1493214); Storica Analitica visura per immobile - Catasto Fabbricati."
"visura-storica","AL","VALENZA","50","2118","2","F","","analitica","","","PVP sales 5 (266954,750903,973070,1493149,1685287); Storica Analitica visura per immobile - Catasto Fabbricati."
"visura-storica","AL","VALENZA","50","2222","5","F","","analitica","","","PVP sales 1 (4537210); Storica Analitica visura per immobile - Catasto Fabbricati."
"visura-storica","AL","VALENZA","50","2222","6","F","","analitica","","","PVP sales 1 (4537210); Storica Analitica visura per immobile - Catasto Fabbricati."
"visura-storica","AL","VALENZA","50","2222","7","F","","analitica","","","PVP sales 1 (4537210); Storica Analitica visura per immobile - Catasto Fabbricati."
"visura-storica","AL","VALENZA","50","2222","8","F","","analitica","","","PVP sales 1 (4537210); Storica Analitica visura per immobile - Catasto Fabbricati."
"visura-storica","AL","VALENZA","50","2227","18","F","","analitica","","","PVP sales 2 (4487724,4544857); Storica Analitica visura per immobile - Catasto Fabbricati."
"visura-storica","AL","VALENZA","50","2227","2","F","","analitica","","","PVP sales 2 (4487752,4544858); Storica Analitica visura per immobile - Catasto Fabbricati."
"visura-storica","AL","VALENZA","50","2227","3","F","","analitica","","","PVP sales 2 (4487724,4544857); Storica Analitica visura per immobile - Catasto Fabbricati."
"visura-storica","AL","VALENZA","50","2227","4","F","","analitica","","","PVP sales 2 (4487746,4544881); Storica Analitica visura per immobile - Catasto Fabbricati."
"visura-storica","AL","VALENZA","50","2227","5","F","","analitica","","","PVP sales 2 (4487761,4544884); Storica Analitica visura per immobile - Catasto Fabbricati."
"visura-storica","AL","VALENZA","50","2227","6","F","","analitica","","","PVP sales 2 (4487767,4544885); Storica Analitica visura per immobile - Catasto Fabbricati."
"visura-storica","AL","VALENZA","50","2465","","F","","analitica","","","PVP sales 10 (613676,616187,617214,617746,617758 +5 more); Storica Analitica visura per immobile - Catasto Fabbricati."
"visura-storica","AL","VALENZA","50","2465","","T","","analitica","","","PVP sales 10 (613676,616187,617214,617746,617758 +5 more); Storica Analitica visura per immobile - Catasto Terreni."
"visura-storica","AL","VALENZA","50","2535","1","F","","analitica","","","PVP sales 1 (243549); Storica Analitica visura per immobile - Catasto Fabbricati."
"visura-storica","AL","VALENZA","50","2535","3","F","","analitica","","","PVP sales 1 (243549); Storica Analitica visura per immobile - Catasto Fabbricati."
"visura-storica","AL","VALENZA","50","2537","16","F","","analitica","","","PVP sales 1 (163691); Storica Analitica visura per immobile - Catasto Fabbricati."
"visura-storica","AL","VALENZA","50","483","15","F","","analitica","","","PVP sales 1 (1869203); Storica Analitica visura per immobile - Catasto Fabbricati."
"visura-storica","AL","VALENZA","50","509","16","F","","analitica","","","PVP sales 1 (406858); Storica Analitica visura per immobile - Catasto Fabbricati."
"visura-storica","AL","VALENZA","50","783","8","F","","analitica","","","PVP sales 2 (357426,507278); Storica Analitica visura per immobile - Catasto Fabbricati."
"visura-storica","AL","VALENZA","50","811","18","F","","analitica","","","PVP sales 1 (1144893); Storica Analitica visura per immobile - Catasto Fabbricati."
"visura-storica","AL","VALENZA","8","134","","F","","analitica","","","PVP sales 1 (2060473); Storica Analitica visura per immobile - Catasto Fabbricati."
"visura-storica","AL","VALENZA","8","134","","T","","analitica","","","PVP sales 1 (2060473); Storica Analitica visura per immobile - Catasto Terreni."
"visura-storica","AL","VALENZA","8","137","","F","","analitica","","","PVP sales 1 (2060473); Storica Analitica visura per immobile - Catasto Fabbricati."
"visura-storica","AL","VALENZA","8","137","","T","","analitica","","","PVP sales 1 (2060473); Storica Analitica visura per immobile - Catasto Terreni."
"visura-storica","AL","VALENZA","8","315","1","F","","analitica","","","PVP sales 1 (373041); Storica Analitica visura per immobile - Catasto Fabbricati."
"visura-storica","AL","VALENZA","8","359","4","F","","analitica","","","PVP sales 1 (373041); Storica Analitica visura per immobile - Catasto Fabbricati."
"visura-storica","AL","VALENZA","8","359","5","F","","analitica","","","PVP sales 1 (373041); Storica Analitica visura per immobile - Catasto Fabbricati."
"visura-storica","AL","VALENZA","8","7","","F","","analitica","","","PVP sales 1 (779497); Storica Analitica visura per immobile - Catasto Fabbricati."
"visura-storica","AL","VALENZA","8","7","","T","","analitica","","","PVP sales 1 (779497); Storica Analitica visura per immobile - Catasto Terreni."
"visura-storica","AL","VALENZA","8","79","","F","","analitica","","","PVP sales 1 (2060473); Storica Analitica visura per immobile - Catasto Fabbricati."
"visura-storica","AL","VALENZA","8","79","","T","","analitica","","","PVP sales 1 (2060473); Storica Analitica visura per immobile - Catasto Terreni."
"visura-storica","AL","VALENZA","8","81","","F","","analitica","","","PVP sales 1 (2060473); Storica Analitica visura per immobile - Catasto Fabbricati."
"visura-storica","AL","VALENZA","8","81","","T","","analitica","","","PVP sales 1 (2060473); Storica Analitica visura per immobile - Catasto Terreni."
"visura-storica","AL","VALENZA","9","10","","F","","analitica","","","PVP sales 1 (302934); Storica Analitica visura per immobile - Catasto Fabbricati."
"visura-storica","AL","VALENZA","9","10","","T","","analitica","","","PVP sales 1 (302934); Storica Analitica visura per immobile - Catasto Terreni."
"visura-storica","AL","VALENZA","9","36","","F","","analitica","","","PVP sales 1 (302934); Storica Analitica visura per immobile - Catasto Fabbricati."
"visura-storica","AL","VALENZA","9","36","","T","","analitica","","","PVP sales 1 (302934); Storica Analitica visura per immobile - Catasto Terreni."
"visura-storica","AL","VALENZA","24","1394","","F","","analitica","A","","PVP sales 4 (95623,493461,642949,854246); Storica Analitica visura per immobile - Catasto Fabbricati."
"visura-storica","AL","VALENZA","24","1394","","T","","analitica","A","","PVP sales 4 (95623,493461,642949,854246); Storica Analitica visura per immobile - Catasto Terreni."
"visura-storica","AL","VALENZA","24","1397","","F","","analitica","A","","PVP sales 4 (95623,493461,642949,854246); Storica Analitica visura per immobile - Catasto Fabbricati."
"visura-storica","AL","VALENZA","24","1397","","T","","analitica","A","","PVP sales 4 (95623,493461,642949,854246); Storica Analitica visura per immobile - Catasto Terreni."
"visura-storica","AL","VALENZA","24","1404","","F","","analitica","A","","PVP sales 4 (95623,493461,642949,854246); Storica Analitica visura per immobile - Catasto Fabbricati."
"visura-storica","AL","VALENZA","24","1404","","T","","analitica","A","","PVP sales 4 (95623,493461,642949,854246); Storica Analitica visura per immobile - Catasto Terreni."
"visura-storica","AL","VALENZA","24","1415","","F","","analitica","A","","PVP sales 4 (95623,493461,642949,854246); Storica Analitica visura per immobile - Catasto Fabbricati."
"visura-storica","AL","VALENZA","24","1415","","T","","analitica","A","","PVP sales 4 (95623,493461,642949,854246); Storica Analitica visura per immobile - Catasto Terreni."
"visura-storica","AL","VALENZA","24","1418","","F","","analitica","A","","PVP sales 4 (95623,493461,642949,854246); Storica Analitica visura per immobile - Catasto Fabbricati."
"visura-storica","AL","VALENZA","24","1418","","T","","analitica","A","","PVP sales 4 (95623,493461,642949,854246); Storica Analitica visura per immobile - Catasto Terreni."
"visura-storica","AL","VALENZA","24","1421","","F","","analitica","A","","PVP sales 4 (95623,493461,642949,854246); Storica Analitica visura per immobile - Catasto Fabbricati."
"visura-storica","AL","VALENZA","24","1421","","T","","analitica","A","","PVP sales 4 (95623,493461,642949,854246); Storica Analitica visura per immobile - Catasto Terreni."
"visura-storica","AL","VALENZA","24","1428","","F","","analitica","A","","PVP sales 4 (95623,493461,642949,854246); Storica Analitica visura per immobile - Catasto Fabbricati."
"visura-storica","AL","VALENZA","24","1428","","T","","analitica","A","","PVP sales 4 (95623,493461,642949,854246); Storica Analitica visura per immobile - Catasto Terreni."
"visura-storica","AL","VALENZA","24","1607","","F","","analitica","A","","PVP sales 4 (95623,493461,642949,854246); Storica Analitica visura per immobile - Catasto Fabbricati."
"visura-storica","AL","VALENZA","24","1607","","T","","analitica","A","","PVP sales 4 (95623,493461,642949,854246); Storica Analitica visura per immobile - Catasto Terreni."
"visura-storica","AL","VALENZA","24","1609","","F","","analitica","A","","PVP sales 4 (95623,493461,642949,854246); Storica Analitica visura per immobile - Catasto Fabbricati."
"visura-storica","AL","VALENZA","24","1609","","T","","analitica","A","","PVP sales 4 (95623,493461,642949,854246); Storica Analitica visura per immobile - Catasto Terreni."
"visura-storica","AL","VALENZA","24","1691","","F","","analitica","A","","PVP sales 4 (95623,493461,642949,854246); Storica Analitica visura per immobile - Catasto Fabbricati."
"visura-storica","AL","VALENZA","24","1691","","T","","analitica","A","","PVP sales 4 (95623,493461,642949,854246); Storica Analitica visura per immobile - Catasto Terreni."
"visura-storica","AL","VALENZA","24","1693","","F","","analitica","A","","PVP sales 4 (95623,493461,642949,854246); Storica Analitica visura per immobile - Catasto Fabbricati."
"visura-storica","AL","VALENZA","24","1693","","T","","analitica","A","","PVP sales 4 (95623,493461,642949,854246); Storica Analitica visura per immobile - Catasto Terreni."
"visura-storica","AL","VALENZA","24","1695","","F","","analitica","A","","PVP sales 4 (95623,493461,642949,854246); Storica Analitica visura per immobile - Catasto Fabbricati."
"visura-storica","AL","VALENZA","24","1695","","T","","analitica","A","","PVP sales 4 (95623,493461,642949,854246); Storica Analitica visura per immobile - Catasto Terreni."
"visura-storica","AL","VALENZA","24","1696","","F","","analitica","A","","PVP sales 4 (95623,493461,642949,854246); Storica Analitica visura per immobile - Catasto Fabbricati."
"visura-storica","AL","VALENZA","24","1696","","T","","analitica","A","","PVP sales 4 (95623,493461,642949,854246); Storica Analitica visura per immobile - Catasto Terreni."
"visura-storica","AL","VALENZA","24","1698","","F","","analitica","A","","PVP sales 4 (95623,493461,642949,854246); Storica Analitica visura per immobile - Catasto Fabbricati."
"visura-storica","AL","VALENZA","24","1698","","T","","analitica","A","","PVP sales 4 (95623,493461,642949,854246); Storica Analitica visura per immobile - Catasto Terreni."
"visura-storica","AL","VALENZA","24","1699","","F","","analitica","A","","PVP sales 4 (95623,493461,642949,854246); Storica Analitica visura per immobile - Catasto Fabbricati."
"visura-storica","AL","VALENZA","24","1699","","T","","analitica","A","","PVP sales 4 (95623,493461,642949,854246); Storica Analitica visura per immobile - Catasto Terreni."
"visura-storica","AL","VALENZA","24","1701","","F","","analitica","A","","PVP sales 4 (95623,493461,642949,854246); Storica Analitica visura per immobile - Catasto Fabbricati."
"visura-storica","AL","VALENZA","24","1701","","T","","analitica","A","","PVP sales 4 (95623,493461,642949,854246); Storica Analitica visura per immobile - Catasto Terreni."
"visura-storica","AL","VALENZA","24","1703","","F","","analitica","A","","PVP sales 4 (95623,493461,642949,854246); Storica Analitica visura per immobile - Catasto Fabbricati."
"visura-storica","AL","VALENZA","24","1703","","T","","analitica","A","","PVP sales 4 (95623,493461,642949,854246); Storica Analitica visura per immobile - Catasto Terreni."
"visura-storica","AL","VALENZA","24","1705","","F","","analitica","A","","PVP sales 4 (95623,493461,642949,854246); Storica Analitica visura per immobile - Catasto Fabbricati."
"visura-storica","AL","VALENZA","24","1705","","T","","analitica","A","","PVP sales 4 (95623,493461,642949,854246); Storica Analitica visura per immobile - Catasto Terreni."
"visura-storica","AL","VALENZA","24","1658","10","F","","analitica","VAL","","PVP sales 3 (493461,642949,854246); Storica Analitica visura per immobile - Catasto Fabbricati."
"visura-storica","AL","VALENZA","24","1658","11","F","","analitica","VAL","","PVP sales 3 (493461,642949,854246); Storica Analitica visura per immobile - Catasto Fabbricati."
"visura-storica","AL","VALENZA","24","1658","12","F","","analitica","VAL","","PVP sales 3 (493461,642949,854246); Storica Analitica visura per immobile - Catasto Fabbricati."
"visura-storica","AL","VALENZA","24","1658","13","F","","analitica","VAL","","PVP sales 3 (493461,642949,854246); Storica Analitica visura per immobile - Catasto Fabbricati."
"visura-storica","AL","VALENZA","24","1658","14","F","","analitica","VAL","","PVP sales 3 (493461,642949,854246); Storica Analitica visura per immobile - Catasto Fabbricati."
"visura-storica","AL","VALENZA","24","1658","15","F","","analitica","VAL","","PVP sales 4 (95623,493461,642949,854246); Storica Analitica visura per immobile - Catasto Fabbricati."
"visura-storica","AL","VALENZA","24","1658","17","F","","analitica","VAL","","PVP sales 3 (493461,642949,854246); Storica Analitica visura per immobile - Catasto Fabbricati."
"visura-storica","AL","VALENZA","24","1658","3","F","","analitica","VAL","","PVP sales 4 (95623,493461,642949,854246); Storica Analitica visura per immobile - Catasto Fabbricati."
"visura-storica","AL","VALENZA","24","1658","4","F","","analitica","VAL","","PVP sales 3 (493461,642949,854246); Storica Analitica visura per immobile - Catasto Fabbricati."
"visura-storica","AL","VALENZA","24","1658","5","F","","analitica","VAL","","PVP sales 3 (493461,642949,854246); Storica Analitica visura per immobile - Catasto Fabbricati."
"visura-storica","AL","VALENZA","24","1658","6","F","","analitica","VAL","","PVP sales 3 (493461,642949,854246); Storica Analitica visura per immobile - Catasto Fabbricati."
"visura-storica","AL","VALENZA","24","1658","7","F","","analitica","VAL","","PVP sales 3 (493461,642949,854246); Storica Analitica visura per immobile - Catasto Fabbricati."
"visura-storica","AL","VALENZA","24","1658","8","F","","analitica","VAL","","PVP sales 3 (493461,642949,854246); Storica Analitica visura per immobile - Catasto Fabbricati."
"visura-storica","AL","VALENZA","24","1658","9","F","","analitica","VAL","","PVP sales 3 (493461,642949,854246); Storica Analitica visura per immobile - Catasto Fabbricati."
"visura-storica","AL","VALENZA","24","331","","F","","analitica","VAL","","PVP sales 1 (872112); Storica Analitica visura per immobile - Catasto Fabbricati."
"visura-storica","AL","VALENZA","24","331","","T","","analitica","VAL","","PVP sales 1 (872112); Storica Analitica visura per immobile - Catasto Terreni."
"visura-storica","AL","VALENZA","24","585","","F","","analitica","VAL","","PVP sales 1 (872164); Storica Analitica visura per immobile - Catasto Fabbricati."
"visura-storica","AL","VALENZA","24","585","","T","","analitica","VAL","","PVP sales 1 (872164); Storica Analitica visura per immobile - Catasto Terreni."
"visura-storica","AL","VALENZA","24","85","12","F","","analitica","VAL","","PVP sales 1 (484456); Storica Analitica visura per immobile - Catasto Fabbricati."
"visura-storica","AL","VALENZA","24","85","68","F","","analitica","VAL","","PVP sales 1 (484456); Storica Analitica visura per immobile - Catasto Fabbricati."
"visura-storica","AL","VALENZA","24","85","75","F","","analitica","VAL","","PVP sales 1 (484456); Storica Analitica visura per immobile - Catasto Fabbricati."
"visura-storica","AL","VALENZA","25","495","1","F","","analitica","VAL","","PVP sales 1 (659498); Storica Analitica visura per immobile - Catasto Fabbricati."
"visura-storica","AL","VALENZA","25","700","54","F","","analitica","VAL","","PVP sales 1 (2108742); Storica Analitica visura per immobile - Catasto Fabbricati."
"visura-storica","AL","VALENZA","26","256","17","F","","analitica","VAL","","PVP sales 3 (463100,463182,622594); Storica Analitica visura per immobile - Catasto Fabbricati."
"visura-storica","AL","VALENZA","32","428","23","F","","analitica","VAL","","PVP sales 1 (2169131); Storica Analitica visura per immobile - Catasto Fabbricati."
"visura-storica","AL","VALENZA","34","277","28","F","","analitica","VAL","","PVP sales 1 (4559941); Storica Analitica visura per immobile - Catasto Fabbricati."
"visura-storica","AL","VALENZA","34","277","29","F","","analitica","VAL","","PVP sales 1 (4559813); Storica Analitica visura per immobile - Catasto Fabbricati."
"visura-storica","AL","VALENZA","34","277","33","F","","analitica","VAL","","PVP sales 1 (4559891); Storica Analitica visura per immobile - Catasto Fabbricati."
"visura-storica","AL","VALENZA","34","277","34","F","","analitica","VAL","","PVP sales 1 (4559862); Storica Analitica visura per immobile - Catasto Fabbricati."
"visura-storica","AL","VALENZA","34","277","35","F","","analitica","VAL","","PVP sales 1 (4559891); Storica Analitica visura per immobile - Catasto Fabbricati."
"visura-storica","AL","VALENZA","34","480","10","F","","analitica","VAL","","PVP sales 1 (1984656); Storica Analitica visura per immobile - Catasto Fabbricati."
"visura-storica","AL","VALENZA","34","502","9","F","","analitica","VAL","","PVP sales 1 (1984402); Storica Analitica visura per immobile - Catasto Fabbricati."
"visura-storica","AL","VALENZA","34","56","20","F","","analitica","VAL","","PVP sales 1 (4215709); Storica Analitica visura per immobile - Catasto Fabbricati."
"visura-storica","AL","VALENZA","34","601","1","F","","analitica","VAL","","PVP sales 1 (275418); Storica Analitica visura per immobile - Catasto Fabbricati."
"visura-storica","AL","VALENZA","50","2004","59","F","","analitica","VAL","","PVP sales 1 (4275880); Storica Analitica visura per immobile - Catasto Fabbricati."
"visura-storica","AL","VALENZA","50","2118","1","F","","analitica","VAL","","PVP sales 1 (591457); Storica Analitica visura per immobile - Catasto Fabbricati."
"visura-storica","AL","VALENZA","50","2118","10","F","","analitica","VAL","","PVP sales 1 (591472); Storica Analitica visura per immobile - Catasto Fabbricati."
"visura-storica","AL","VALENZA","50","2351","4","F","","analitica","VAL","","PVP sales 1 (1862923); Storica Analitica visura per immobile - Catasto Fabbricati."
"visura-storica","AL","VALENZA","50","2385","6","F","","analitica","VAL","","PVP sales 1 (1915298); Storica Analitica visura per immobile - Catasto Fabbricati."
"visura-storica","AL","VALENZA","50","2405","4","F","","analitica","VAL","","PVP sales 2 (261134,261149); Storica Analitica visura per immobile - Catasto Fabbricati."
"visura-storica","AL","VALENZA","50","2453","12","F","","analitica","VAL","","PVP sales 3 (127221,352310,362284); Storica Analitica visura per immobile - Catasto Fabbricati."
"visura-storica","AL","VALENZA","50","2535","2","F","","analitica","VAL","","PVP sales 1 (163691); Storica Analitica visura per immobile - Catasto Fabbricati."
"visura-storica","AL","VALENZA","50","2536","2","F","","analitica","VAL","","PVP sales 1 (163691); Storica Analitica visura per immobile - Catasto Fabbricati."
"visura-storica","AL","VALENZA","50","483","15","F","","analitica","VAL","","PVP sales 1 (1869169); Storica Analitica visura per immobile - Catasto Fabbricati."
"visura-storica","AL","VIGNALE MONFERRATO","1","327","1","F","","analitica","","","PVP sales 1 (4550952); Storica Analitica visura per immobile - Catasto Fabbricati."
"visura-storica","AL","VIGNALE MONFERRATO","7","89","","F","","analitica","","","PVP sales 2 (4495302,4545821); Storica Analitica visura per immobile - Catasto Fabbricati."
"visura-storica","AL","VIGNALE MONFERRATO","7","89","","T","","analitica","","","PVP sales 2 (4495302,4545821); Storica Analitica visura per immobile - Catasto Terreni."
"visura-storica","AL","VIGNALE MONFERRATO","7","95","3","F","","analitica","","","PVP sales 1 (1486078); Storica Analitica visura per immobile - Catasto Fabbricati."
"visura-storica","AL","VIGNOLE BORBERA","2","1107","1","F","","analitica","","","PVP sales 1 (1522872); Storica Analitica visura per immobile - Catasto Fabbricati."
"visura-storica","AL","VIGNOLE BORBERA","2","1108","1","F","","analitica","","","PVP sales 1 (1522872); Storica Analitica visura per immobile - Catasto Fabbricati."
"visura-storica","AL","VIGNOLE BORBERA","2","1109","","F","","analitica","","","PVP sales 1 (1522872); Storica Analitica visura per immobile - Catasto Fabbricati."
"visura-storica","AL","VIGNOLE BORBERA","2","1109","","T","","analitica","","","PVP sales 1 (1522872); Storica Analitica visura per immobile - Catasto Terreni."
"visura-storica","AL","VIGNOLE BORBERA","2","1224","55","F","","analitica","","","PVP sales 1 (1522872); Storica Analitica visura per immobile - Catasto Fabbricati."
"visura-storica","AL","VIGNOLE BORBERA","2","358","3","F","","analitica","","","PVP sales 1 (312111); Storica Analitica visura per immobile - Catasto Fabbricati."
"visura-storica","AL","VIGNOLE BORBERA","2","531","5","F","","analitica","","","PVP sales 1 (4524913); Storica Analitica visura per immobile - Catasto Fabbricati."
"visura-storica","AL","VIGNOLE BORBERA","2","531","59","F","","analitica","","","PVP sales 1 (4524913); Storica Analitica visura per immobile - Catasto Fabbricati."
"visura-storica","AL","VIGNOLE BORBERA","2","784","4","F","","analitica","","","PVP sales 1 (809905); Storica Analitica visura per immobile - Catasto Fabbricati."
"visura-storica","AL","VIGNOLE BORBERA","2","79","","F","","analitica","","","PVP sales 1 (1848336); Storica Analitica visura per immobile - Catasto Fabbricati."
"visura-storica","AL","VIGNOLE BORBERA","2","79","","T","","analitica","","","PVP sales 1 (1848336); Storica Analitica visura per immobile - Catasto Terreni."
"visura-storica","AL","VIGNOLE BORBERA","2","792","18","F","","analitica","","","PVP sales 1 (809905); Storica Analitica visura per immobile - Catasto Fabbricati."
"visura-storica","AL","VIGNOLE BORBERA","2","892","1","F","","analitica","","","PVP sales 1 (1724972); Storica Analitica visura per immobile - Catasto Fabbricati."
"visura-storica","AL","VIGNOLE BORBERA","2","892","2","F","","analitica","","","PVP sales 1 (1724972); Storica Analitica visura per immobile - Catasto Fabbricati."
"visura-storica","AL","VIGNOLE BORBERA","6","717","1","F","","analitica","","","PVP sales 1 (2066472); Storica Analitica visura per immobile - Catasto Fabbricati."
"visura-storica","AL","VIGNOLE BORBERA","6","717","2","F","","analitica","","","PVP sales 1 (2066472); Storica Analitica visura per immobile - Catasto Fabbricati."
"visura-storica","AL","VIGUZZOLO","14","1474","","F","","analitica","","","PVP sales 3 (1994536,2101612,2188912); Storica Analitica visura per immobile - Catasto Fabbricati."
"visura-storica","AL","VIGUZZOLO","14","1474","","T","","analitica","","","PVP sales 3 (1994536,2101612,2188912); Storica Analitica visura per immobile - Catasto Terreni."
"visura-storica","AL","VIGUZZOLO","14","613","1","F","","analitica","","","PVP sales 5 (593992,805481,805524,1449463,1548763); Storica Analitica visura per immobile - Catasto Fabbricati."
"visura-storica","AL","VIGUZZOLO","14","614","3","F","","analitica","","","PVP sales 5 (593992,805481,805524,1449463,1548763); Storica Analitica visura per immobile - Catasto Fabbricati."
"visura-storica","AL","VIGUZZOLO","19","31","","F","","analitica","","","PVP sales 1 (4399786); Storica Analitica visura per immobile - Catasto Fabbricati."
"visura-storica","AL","VIGUZZOLO","19","31","","T","","analitica","","","PVP sales 1 (4399786); Storica Analitica visura per immobile - Catasto Terreni."
"visura-storica","AL","VIGUZZOLO","9","150","9","F","","analitica","","","PVP sales 2 (248106,372056); Storica Analitica visura per immobile - Catasto Fabbricati."
"visura-storica","AL","VILLALVERNIA","3","139","3","F","","analitica","","","PVP sales 2 (4427674,4506744); Storica Analitica visura per immobile - Catasto Fabbricati."
"visura-storica","AL","VILLALVERNIA","3","139","4","F","","analitica","","","PVP sales 2 (4427674,4506744); Storica Analitica visura per immobile - Catasto Fabbricati."
"visura-storica","AL","VILLALVERNIA","3","79","","F","","analitica","","","PVP sales 2 (4480763,4536145); Storica Analitica visura per immobile - Catasto Fabbricati."
"visura-storica","AL","VILLALVERNIA","3","79","","T","","analitica","","","PVP sales 2 (4480763,4536145); Storica Analitica visura per immobile - Catasto Terreni."
"visura-storica","AL","VILLALVERNIA","3","79","1","F","","analitica","","","PVP sales 1 (4420015); Storica Analitica visura per immobile - Catasto Fabbricati."
"visura-storica","AL","VILLALVERNIA","3","91","","F","","analitica","","","PVP sales 2 (4480763,4536145); Storica Analitica visura per immobile - Catasto Fabbricati."
"visura-storica","AL","VILLALVERNIA","3","91","","T","","analitica","","","PVP sales 2 (4480763,4536145); Storica Analitica visura per immobile - Catasto Terreni."
"visura-storica","AL","VILLALVERNIA","3","91","12","F","","analitica","","","PVP sales 1 (4420015); Storica Analitica visura per immobile - Catasto Fabbricati."
"visura-storica","AL","VILLALVERNIA","3","91","15","F","","analitica","","","PVP sales 1 (4420015); Storica Analitica visura per immobile - Catasto Fabbricati."
"visura-storica","AL","VILLALVERNIA","3","91","16","F","","analitica","","","PVP sales 1 (4420015); Storica Analitica visura per immobile - Catasto Fabbricati."
"visura-storica","AL","VILLALVERNIA","4","467","11","F","","analitica","","","PVP sales 2 (4499938,4555176); Storica Analitica visura per immobile - Catasto Fabbricati."
"visura-storica","AL","VILLALVERNIA","4","467","13","F","","analitica","","","PVP sales 2 (4499938,4555176); Storica Analitica visura per immobile - Catasto Fabbricati."
"visura-storica","AL","VILLALVERNIA","4","467","6","F","","analitica","","","PVP sales 2 (4499938,4555176); Storica Analitica visura per immobile - Catasto Fabbricati."
"visura-storica","AL","VILLALVERNIA","4","742","1","F","","analitica","","","PVP sales 1 (247793); Storica Analitica visura per immobile - Catasto Fabbricati."
"visura-storica","AL","VILLALVERNIA","4","742","2","F","","analitica","","","PVP sales 1 (247793); Storica Analitica visura per immobile - Catasto Fabbricati."
"visura-storica","AL","VILLALVERNIA","8","195","5","F","","analitica","","","PVP sales 3 (186179,186405,464404); Storica Analitica visura per immobile - Catasto Fabbricati."
"visura-storica","AL","VILLALVERNIA","8","195","6","F","","analitica","","","PVP sales 3 (186179,186405,464404); Storica Analitica visura per immobile - Catasto Fabbricati."
"visura-storica","AL","VILLALVERNIA","8","195","7","F","","analitica","","","PVP sales 3 (186179,186405,464404); Storica Analitica visura per immobile - Catasto Fabbricati."
"visura-storica","AL","VILLALVERNIA","8","195","8","F","","analitica","","","PVP sales 3 (186179,186405,464404); Storica Analitica visura per immobile - Catasto Fabbricati."
"visura-storica","AL","VILLALVERNIA","8","195","9","F","","analitica","","","PVP sales 3 (186179,186405,464404); Storica Analitica visura per immobile - Catasto Fabbricati."
"visura-storica","AL","VILLALVERNIA","8","50","","F","","analitica","","","PVP sales 2 (186405,464404); Storica Analitica visura per immobile - Catasto Fabbricati."
"visura-storica","AL","VILLALVERNIA","8","50","","T","","analitica","","","PVP sales 3 (186179,186405,464404); Storica Analitica visura per immobile - Catasto Terreni."
"visura-storica","AL","VILLALVERNIA","9","447","","F","","analitica","","","PVP sales 1 (4439984); Storica Analitica visura per immobile - Catasto Fabbricati."
"visura-storica","AL","VILLALVERNIA","9","447","","T","","analitica","","","PVP sales 1 (4439984); Storica Analitica visura per immobile - Catasto Terreni."
"visura-storica","AL","VILLALVERNIA","9","450","","F","","analitica","","","PVP sales 1 (4439984); Storica Analitica visura per immobile - Catasto Fabbricati."
"visura-storica","AL","VILLALVERNIA","9","450","","T","","analitica","","","PVP sales 1 (4439984); Storica Analitica visura per immobile - Catasto Terreni."
"visura-storica","AL","VILLALVERNIA","9","451","","F","","analitica","","","PVP sales 1 (4439984); Storica Analitica visura per immobile - Catasto Fabbricati."
"visura-storica","AL","VILLALVERNIA","9","451","","T","","analitica","","","PVP sales 1 (4439984); Storica Analitica visura per immobile - Catasto Terreni."
"visura-storica","AL","VILLALVERNIA","9","501","2","F","","analitica","","","PVP sales 1 (4439984); Storica Analitica visura per immobile - Catasto Fabbricati."
"visura-storica","AL","VILLANOVA MONFERRATO","10","2","5","F","","analitica","","","PVP sales 1 (4412707); Storica Analitica visura per immobile - Catasto Fabbricati."
"visura-storica","AL","VILLANOVA MONFERRATO","10","2","9","F","","analitica","","","PVP sales 1 (4412707); Storica Analitica visura per immobile - Catasto Fabbricati."
"visura-storica","AL","VILLANOVA MONFERRATO","14","534","","F","","analitica","","","PVP sales 1 (4243130); Storica Analitica visura per immobile - Catasto Fabbricati."
"visura-storica","AL","VILLANOVA MONFERRATO","14","534","","T","","analitica","","","PVP sales 1 (4243130); Storica Analitica visura per immobile - Catasto Terreni."
"visura-storica","AL","VILLANOVA MONFERRATO","14","933","1","F","","analitica","","","PVP sales 1 (4243056); Storica Analitica visura per immobile - Catasto Fabbricati."
"visura-storica","AL","VILLANOVA MONFERRATO","14","933","2","F","","analitica","","","PVP sales 1 (4243056); Storica Analitica visura per immobile - Catasto Fabbricati."
"visura-storica","AL","VILLANOVA MONFERRATO","14","934","1","F","","analitica","","","PVP sales 1 (4243056); Storica Analitica visura per immobile - Catasto Fabbricati."
"visura-storica","AL","VILLANOVA MONFERRATO","14","934","2","F","","analitica","","","PVP sales 1 (4243056); Storica Analitica visura per immobile - Catasto Fabbricati."
"visura-storica","AL","VILLANOVA MONFERRATO","14","935","1","F","","analitica","","","PVP sales 1 (4243042); Storica Analitica visura per immobile - Catasto Fabbricati."
"visura-storica","AL","VILLANOVA MONFERRATO","14","936","1","F","","analitica","","","PVP sales 1 (4243042); Storica Analitica visura per immobile - Catasto Fabbricati."
"visura-storica","AL","VILLAROMAGNANO","1","87","3","F","","analitica","","","PVP sales 2 (2118747,2186990); Storica Analitica visura per immobile - Catasto Fabbricati."
"visura-storica","AL","VILLAROMAGNANO","1","87","4","F","","analitica","","","PVP sales 2 (2118747,2186990); Storica Analitica visura per immobile - Catasto Fabbricati."
"visura-storica","AL","VILLAROMAGNANO","1","87","7","F","","analitica","","","PVP sales 2 (2118747,2186990); Storica Analitica visura per immobile - Catasto Fabbricati."
"visura-storica","AL","VILLAROMAGNANO","2","525","15","F","","analitica","","","PVP sales 1 (397436); Storica Analitica visura per immobile - Catasto Fabbricati."
"visura-storica","AL","VILLAROMAGNANO","2","525","16","F","","analitica","","","PVP sales 2 (397437,600194); Storica Analitica visura per immobile - Catasto Fabbricati."
"visura-storica","AL","VILLAROMAGNANO","2","525","17","F","","analitica","","","PVP sales 1 (397438); Storica Analitica visura per immobile - Catasto Fabbricati."
"visura-storica","AL","VILLAROMAGNANO","2","525","21","F","","analitica","","","PVP sales 2 (397439,600962); Storica Analitica visura per immobile - Catasto Fabbricati."
"visura-storica","AL","VILLAROMAGNANO","2","525","24","F","","analitica","","","PVP sales 2 (397440,1134352); Storica Analitica visura per immobile - Catasto Fabbricati."
"visura-storica","AL","VILLAROMAGNANO","2","525","30","F","","analitica","","","PVP sales 2 (397441,1456019); Storica Analitica visura per immobile - Catasto Fabbricati."
"visura-storica","AL","VILLAROMAGNANO","2","525","31","F","","analitica","","","PVP sales 1 (397442); Storica Analitica visura per immobile - Catasto Fabbricati."
"visura-storica","AL","VILLAROMAGNANO","2","525","32","F","","analitica","","","PVP sales 1 (397443); Storica Analitica visura per immobile - Catasto Fabbricati."
"visura-storica","AL","VILLAROMAGNANO","2","525","33","F","","analitica","","","PVP sales 2 (397445,1456021); Storica Analitica visura per immobile - Catasto Fabbricati."
"visura-storica","AL","VILLAROMAGNANO","2","525","35","F","","analitica","","","PVP sales 2 (397444,1456020); Storica Analitica visura per immobile - Catasto Fabbricati."
"visura-storica","AL","VILLAROMAGNANO","2","90","","F","","analitica","","","PVP sales 1 (397446); Storica Analitica visura per immobile - Catasto Fabbricati."
"visura-storica","AL","VILLAROMAGNANO","2","90","","T","","analitica","","","PVP sales 1 (397446); Storica Analitica visura per immobile - Catasto Terreni."
"visura-storica","AL","VILLAROMAGNANO","3","419","","F","","analitica","","","PVP sales 1 (2150338); Storica Analitica visura per immobile - Catasto Fabbricati."
"visura-storica","AL","VILLAROMAGNANO","3","419","","T","","analitica","","","PVP sales 1 (2150338); Storica Analitica visura per immobile - Catasto Terreni."
"visura-storica","AL","VILLAROMAGNANO","5","50","2","F","","analitica","","","PVP sales 1 (457931); Storica Analitica visura per immobile - Catasto Fabbricati."
"visura-storica","AL","VILLAROMAGNANO","5","50","3","F","","analitica","","","PVP sales 1 (457931); Storica Analitica visura per immobile - Catasto Fabbricati."
"visura-storica","AL","VISONE","12","572","1","F","","analitica","","","PVP sales 2 (4243572,4414105); Storica Analitica visura per immobile - Catasto Fabbricati."
"visura-storica","AL","VISONE","12","572","2","F","","analitica","","","PVP sales 2 (4243572,4414105); Storica Analitica visura per immobile - Catasto Fabbricati."
"visura-storica","AL","VISONE","3","160","2","F","","analitica","","","PVP sales 2 (4438145,4498241); Storica Analitica visura per immobile - Catasto Fabbricati."
"visura-storica","AL","VISONE","3","186","1","F","","analitica","","","PVP sales 4 (1503520,1524215,1670990,1762516); Storica Analitica visura per immobile - Catasto Fabbricati."
"visura-storica","AL","VOLPEDO","12","439","","F","","analitica","","","PVP sales 3 (1719493,1845996,2006475); Storica Analitica visura per immobile - Catasto Fabbricati."
"visura-storica","AL","VOLPEDO","12","439","","T","","analitica","","","PVP sales 2 (1719493,1845996); Storica Analitica visura per immobile - Catasto Terreni."
"visura-storica","AL","VOLPEDO","12","440","","F","","analitica","","","PVP sales 2 (1719493,1845996); Storica Analitica visura per immobile - Catasto Fabbricati."
"visura-storica","AL","VOLPEDO","12","440","","T","","analitica","","","PVP sales 2 (1719493,1845996); Storica Analitica visura per immobile - Catasto Terreni."
"visura-storica","AL","VOLPEDO","5","277","21","F","","analitica","","","PVP sales 1 (285405); Storica Analitica visura per immobile - Catasto Fabbricati."
"visura-storica","AL","VOLPEDO","5","346","1","F","","analitica","","","PVP sales 1 (343576); Storica Analitica visura per immobile - Catasto Fabbricati."
"visura-storica","AL","VOLPEDO","5","661","5","F","","analitica","","","PVP sales 1 (285405); Storica Analitica visura per immobile - Catasto Fabbricati."
"visura-storica","AL","VOLPEDO","5","850","","F","","analitica","","","PVP sales 1 (470357); Storica Analitica visura per immobile - Catasto Fabbricati."
"visura-storica","AL","VOLPEDO","5","850","","T","","analitica","","","PVP sales 1 (470357); Storica Analitica visura per immobile - Catasto Terreni."
"visura-storica","AL","VOLPEDO","5","851","13","F","","analitica","","","PVP sales 1 (470357); Storica Analitica visura per immobile - Catasto Fabbricati."
"visura-storica","AL","VOLPEDO","5","851","15","F","","analitica","","","PVP sales 1 (470357); Storica Analitica visura per immobile - Catasto Fabbricati."
"visura-storica","AL","VOLPEDO","5","851","5","F","","analitica","","","PVP sales 1 (470357); Storica Analitica visura per immobile - Catasto Fabbricati."
"visura-storica","AL","VOLPEDO","6","378","1","F","","analitica","","","PVP sales 1 (1714452); Storica Analitica visura per immobile - Catasto Fabbricati."
"visura-storica","AL","VOLPEDO","6","378","2","F","","analitica","","","PVP sales 1 (1714452); Storica Analitica visura per immobile - Catasto Fabbricati."
"visura-storica","AL","VOLPEDO","6","420","1","F","","analitica","","","PVP sales 2 (502485,505455); Storica Analitica visura per immobile - Catasto Fabbricati."
"visura-storica","AL","VOLPEDO","6","420","2","F","","analitica","","","PVP sales 2 (502485,505455); Storica Analitica visura per immobile - Catasto Fabbricati."
"visura-storica","AL","VOLPEDO","6","422","","F","","analitica","","","PVP sales 2 (502485,505455); Storica Analitica visura per immobile - Catasto Fabbricati."
"visura-storica","AL","VOLPEGLINO","1","319","","F","","analitica","","","PVP sales 1 (4522453); Storica Analitica visura per immobile - Catasto Fabbricati."
"visura-storica","AL","VOLPEGLINO","1","319","","T","","analitica","","","PVP sales 1 (4522453); Storica Analitica visura per immobile - Catasto Terreni."
"visura-storica","AL","VOLPEGLINO","3","129","1","F","","analitica","","","PVP sales 1 (4522453); Storica Analitica visura per immobile - Catasto Fabbricati."
"visura-storica","AL","VOLPEGLINO","3","238","5","F","","analitica","","","PVP sales 3 (151977,274337,513083); Storica Analitica visura per immobile - Catasto Fabbricati."
"visura-storica","AL","VOLPEGLINO","3","317","","F","","analitica","","","PVP sales 1 (4522453); Storica Analitica visura per immobile - Catasto Fabbricati."
"visura-storica","AL","VOLPEGLINO","3","317","","T","","analitica","","","PVP sales 1 (4522453); Storica Analitica visura per immobile - Catasto Terreni."
"visura-storica","AL","VOLPEGLINO","3","322","","F","","analitica","","","PVP sales 1 (4522453); Storica Analitica visura per immobile - Catasto Fabbricati."
"visura-storica","AL","VOLPEGLINO","3","322","","T","","analitica","","","PVP sales 1 (4522453); Storica Analitica visura per immobile - Catasto Terreni."
"visura-storica","AL","VOLTAGGIO","21","12","","F","","analitica","","","PVP sales 1 (459755); Storica Analitica visura per immobile - Catasto Fabbricati."
"visura-storica","AL","VOLTAGGIO","21","12","","T","","analitica","","","PVP sales 1 (459755); Storica Analitica visura per immobile - Catasto Terreni."
"visura-storica","AL","VOLTAGGIO","21","14","","F","","analitica","","","PVP sales 1 (459755); Storica Analitica visura per immobile - Catasto Fabbricati."
"visura-storica","AL","VOLTAGGIO","21","14","","T","","analitica","","","PVP sales 1 (459755); Storica Analitica visura per immobile - Catasto Terreni."
"visura-storica","AL","VOLTAGGIO","21","15","","F","","analitica","","","PVP sales 1 (459755); Storica Analitica visura per immobile - Catasto Fabbricati."
"visura-storica","AL","VOLTAGGIO","21","15","","T","","analitica","","","PVP sales 1 (459755); Storica Analitica visura per immobile - Catasto Terreni."
"visura-storica","AL","VOLTAGGIO","21","23","10","F","","analitica","","","PVP sales 1 (459755); Storica Analitica visura per immobile - Catasto Fabbricati."
"visura-storica","AL","VOLTAGGIO","21","23","11","F","","analitica","","","PVP sales 1 (459755); Storica Analitica visura per immobile - Catasto Fabbricati."
"visura-storica","AL","VOLTAGGIO","21","23","7","F","","analitica","","","PVP sales 1 (459755); Storica Analitica visura per immobile - Catasto Fabbricati."
"visura-storica","AL","VOLTAGGIO","21","23","8","F","","analitica","","","PVP sales 1 (459755); Storica Analitica visura per immobile - Catasto Fabbricati."
"visura-storica","AL","VOLTAGGIO","21","26","","F","","analitica","","","PVP sales 1 (459755); Storica Analitica visura per immobile - Catasto Fabbricati."
"visura-storica","AL","VOLTAGGIO","21","26","","T","","analitica","","","PVP sales 1 (459755); Storica Analitica visura per immobile - Catasto Terreni."
"visura-storica","AL","VOLTAGGIO","21","29","","F","","analitica","","","PVP sales 1 (459755); Storica Analitica visura per immobile - Catasto Fabbricati."
"visura-storica","AL","VOLTAGGIO","21","29","","T","","analitica","","","PVP sales 1 (459755); Storica Analitica visura per immobile - Catasto Terreni."
"visura-storica","AL","VOLTAGGIO","21","4","","F","","analitica","","","PVP sales 1 (459755); Storica Analitica visura per immobile - Catasto Fabbricati."
"visura-storica","AL","VOLTAGGIO","21","4","","T","","analitica","","","PVP sales 1 (459755); Storica Analitica visura per immobile - Catasto Terreni."
"visura-storica","AL","VOLTAGGIO","21","46","","F","","analitica","","","PVP sales 1 (459755); Storica Analitica visura per immobile - Catasto Fabbricati."
"visura-storica","AL","VOLTAGGIO","21","46","","T","","analitica","","","PVP sales 1 (459755); Storica Analitica visura per immobile - Catasto Terreni."
"visura-storica","AL","VOLTAGGIO","21","5","","F","","analitica","","","PVP sales 1 (459755); Storica Analitica visura per immobile - Catasto Fabbricati."
"visura-storica","AL","VOLTAGGIO","21","5","","T","","analitica","","","PVP sales 1 (459755); Storica Analitica visura per immobile - Catasto Terreni."
"visura-storica","AL","VOLTAGGIO","21","6","","F","","analitica","","","PVP sales 1 (459755); Storica Analitica visura per immobile - Catasto Fabbricati."
"visura-storica","AL","VOLTAGGIO","21","6","","T","","analitica","","","PVP sales 1 (459755); Storica Analitica visura per immobile - Catasto Terreni."
"visura-storica","AL","VOLTAGGIO","21","68","","F","","analitica","","","PVP sales 1 (459755); Storica Analitica visura per immobile - Catasto Fabbricati."
"visura-storica","AL","VOLTAGGIO","21","68","","T","","analitica","","","PVP sales 1 (459755); Storica Analitica visura per immobile - Catasto Terreni."
"visura-storica","AL","VOLTAGGIO","21","69","","F","","analitica","","","PVP sales 1 (459755); Storica Analitica visura per immobile - Catasto Fabbricati."
"visura-storica","AL","VOLTAGGIO","21","69","","T","","analitica","","","PVP sales 1 (459755); Storica Analitica visura per immobile - Catasto Terreni."
