"command","provincia","comune","foglio","particella","subalterno","tipo_catasto","codice_fiscale","vista","sezione","source_files","scope_note"
"visura-storica","AR","ANGHIARI","117","45","12","F","","analitica","","","PVP sales 1 (4503909); Storica Analitica visura per immobile - Catasto Fabbricati."
"visura-storica","AR","ANGHIARI","117","45","9","F","","analitica","","","PVP sales 1 (4503909); Storica Analitica visura per immobile - Catasto Fabbricati."
"visura-storica","AR","ANGHIARI","93","101","","F","","analitica","","","PVP sales 3 (1849559,1921293,1983893); Storica Analitica visura per immobile - Catasto Fabbricati."
"visura-storica","AR","ANGHIARI","93","101","","T","","analitica","","","PVP sales 3 (1849559,1921293,1983893); Storica Analitica visura per immobile - Catasto Terreni."
"visura-storica","AR","ANGHIARI","93","165","","F","","analitica","","","PVP sales 3 (1849559,1921293,1983893); Storica Analitica visura per immobile - Catasto Fabbricati."
"visura-storica","AR","ANGHIARI","93","165","","T","","analitica","","","PVP sales 3 (1849559,1921293,1983893); Storica Analitica visura per immobile - Catasto Terreni."
"visura-storica","AR","ANGHIARI","93","63","","F","","analitica","","","PVP sales 3 (1849559,1921293,1983893); Storica Analitica visura per immobile - Catasto Fabbricati."
"visura-storica","AR","ANGHIARI","93","63","","T","","analitica","","","PVP sales 3 (1849559,1921293,1983893); Storica Analitica visura per immobile - Catasto Terreni."
"visura-storica","AR","ANGHIARI","93","79","","F","","analitica","","","PVP sales 3 (1849559,1921293,1983893); Storica Analitica visura per immobile - Catasto Fabbricati."
"visura-storica","AR","ANGHIARI","93","79","","T","","analitica","","","PVP sales 3 (1849559,1921293,1983893); Storica Analitica visura per immobile - Catasto Terreni."
"visura-storica","AR","ANGHIARI","93","95","","F","","analitica","","","PVP sales 3 (1849559,1921293,1983893); Storica Analitica visura per immobile - Catasto Fabbricati."
"visura-storica","AR","ANGHIARI","93","95","","T","","analitica","","","PVP sales 3 (1849559,1921293,1983893); Storica Analitica visura per immobile - Catasto Terreni."
"visura-storica","AR","ANGHIARI","93","98","","F","","analitica","","","PVP sales 3 (1849559,1921293,1983893); Storica Analitica visura per immobile - Catasto Fabbricati."
"visura-storica","AR","ANGHIARI","93","98","","T","","analitica","","","PVP sales 3 (1849559,1921293,1983893); Storica Analitica visura per immobile - Catasto Terreni."
"visura-storica","AR","AREZZO","105","147","55","F","","analitica","","","PVP sales 1 (4222002); Storica Analitica visura per immobile - Catasto Fabbricati."
"visura-storica","AR","AREZZO","105","147","91","F","","analitica","","","PVP sales 1 (4222002); Storica Analitica visura per immobile - Catasto Fabbricati."
"visura-storica","AR","AREZZO","108","3158","","F","","analitica","","","PVP sales 3 (449696,449760,978829); Storica Analitica visura per immobile - Catasto Fabbricati."
"visura-storica","AR","AREZZO","108","3158","","T","","analitica","","","PVP sales 3 (449696,449760,978829); Storica Analitica visura per immobile - Catasto Terreni."
"visura-storica","AR","AREZZO","108","3158","140","F","","analitica","","","PVP sales 1 (978238); Storica Analitica visura per immobile - Catasto Fabbricati."
"visura-storica","AR","AREZZO","108","3158","141","F","","analitica","","","PVP sales 1 (978819); Storica Analitica visura per immobile - Catasto Fabbricati."
"visura-storica","AR","AREZZO","11","1327","1","F","","analitica","","","PVP sales 1 (2103017); Storica Analitica visura per immobile - Catasto Fabbricati."
"visura-storica","AR","AREZZO","11","1327","6","F","","analitica","","","PVP sales 1 (2103017); Storica Analitica visura per immobile - Catasto Fabbricati."
"visura-storica","AR","AREZZO","11","1327","7","F","","analitica","","","PVP sales 1 (2103017); Storica Analitica visura per immobile - Catasto Fabbricati."
"visura-storica","AR","AREZZO","110","1062","1","F","","analitica","","","PVP sales 1 (4452877); Storica Analitica visura per immobile - Catasto Fabbricati."
"visura-storica","AR","AREZZO","110","1062","2","F","","analitica","","","PVP sales 1 (4452877); Storica Analitica visura per immobile - Catasto Fabbricati."
"visura-storica","AR","AREZZO","110","1062","36","F","","analitica","","","PVP sales 1 (4452877); Storica Analitica visura per immobile - Catasto Fabbricati."
"visura-storica","AR","AREZZO","110","1062","4","F","","analitica","","","PVP sales 1 (4452877); Storica Analitica visura per immobile - Catasto Fabbricati."
"visura-storica","AR","AREZZO","110","1062","52","F","","analitica","","","PVP sales 1 (4452877); Storica Analitica visura per immobile - Catasto Fabbricati."
"visura-storica","AR","AREZZO","110","1062","6","F","","analitica","","","PVP sales 1 (4452877); Storica Analitica visura per immobile - Catasto Fabbricati."
"visura-storica","AR","AREZZO","110","1062","8","F","","analitica","","","PVP sales 1 (4452877); Storica Analitica visura per immobile - Catasto Fabbricati."
"visura-storica","AR","AREZZO","112","15","","F","","analitica","","","PVP sales 2 (4451072,4506804); Storica Analitica visura per immobile - Catasto Fabbricati."
"visura-storica","AR","AREZZO","112","15","","T","","analitica","","","PVP sales 2 (4451072,4506804); Storica Analitica visura per immobile - Catasto Terreni."
"visura-storica","AR","AREZZO","112","16","","F","","analitica","","","PVP sales 2 (4451072,4506804); Storica Analitica visura per immobile - Catasto Fabbricati."
"visura-storica","AR","AREZZO","112","16","","T","","analitica","","","PVP sales 2 (4451072,4506804); Storica Analitica visura per immobile - Catasto Terreni."
"visura-storica","AR","AREZZO","112","17","","F","","analitica","","","PVP sales 2 (4451072,4506804); Storica Analitica visura per immobile - Catasto Fabbricati."
"visura-storica","AR","AREZZO","112","17","","T","","analitica","","","PVP sales 2 (4451072,4506804); Storica Analitica visura per immobile - Catasto Terreni."
"visura-storica","AR","AREZZO","112","19","","F","","analitica","","","PVP sales 2 (4451072,4506804); Storica Analitica visura per immobile - Catasto Fabbricati."
"visura-storica","AR","AREZZO","112","19","","T","","analitica","","","PVP sales 2 (4451072,4506804); Storica Analitica visura per immobile - Catasto Terreni."
"visura-storica","AR","AREZZO","112","20","","F","","analitica","","","PVP sales 2 (4451072,4506804); Storica Analitica visura per immobile - Catasto Fabbricati."
"visura-storica","AR","AREZZO","112","20","","T","","analitica","","","PVP sales 2 (4451072,4506804); Storica Analitica visura per immobile - Catasto Terreni."
"visura-storica","AR","AREZZO","112","24","","F","","analitica","","","PVP sales 2 (4451072,4506804); Storica Analitica visura per immobile - Catasto Fabbricati."
"visura-storica","AR","AREZZO","112","24","","T","","analitica","","","PVP sales 2 (4451072,4506804); Storica Analitica visura per immobile - Catasto Terreni."
"visura-storica","AR","AREZZO","112","308","","F","","analitica","","","PVP sales 2 (4451072,4506804); Storica Analitica visura per immobile - Catasto Fabbricati."
"visura-storica","AR","AREZZO","112","308","","T","","analitica","","","PVP sales 2 (4451072,4506804); Storica Analitica visura per immobile - Catasto Terreni."
"visura-storica","AR","AREZZO","112","314","","F","","analitica","","","PVP sales 2 (4451072,4506804); Storica Analitica visura per immobile - Catasto Fabbricati."
"visura-storica","AR","AREZZO","112","314","","T","","analitica","","","PVP sales 2 (4451072,4506804); Storica Analitica visura per immobile - Catasto Terreni."
"visura-storica","AR","AREZZO","112","420","","F","","analitica","","","PVP sales 2 (4451072,4506804); Storica Analitica visura per immobile - Catasto Fabbricati."
"visura-storica","AR","AREZZO","112","420","","T","","analitica","","","PVP sales 2 (4451072,4506804); Storica Analitica visura per immobile - Catasto Terreni."
"visura-storica","AR","AREZZO","112","65","","F","","analitica","","","PVP sales 2 (4451072,4506804); Storica Analitica visura per immobile - Catasto Fabbricati."
"visura-storica","AR","AREZZO","112","65","","T","","analitica","","","PVP sales 2 (4451072,4506804); Storica Analitica visura per immobile - Catasto Terreni."
"visura-storica","AR","AREZZO","12","1088","","T","","analitica","","","PVP sales 1 (4247686); Storica Analitica visura per immobile - Catasto Terreni."
"visura-storica","AR","AREZZO","12","1089","","T","","analitica","","","PVP sales 1 (4247686); Storica Analitica visura per immobile - Catasto Terreni."
"visura-storica","AR","AREZZO","12","1090","","T","","analitica","","","PVP sales 1 (4247686); Storica Analitica visura per immobile - Catasto Terreni."
"visura-storica","AR","AREZZO","12","1091","","T","","analitica","","","PVP sales 1 (4247686); Storica Analitica visura per immobile - Catasto Terreni."
"visura-storica","AR","AREZZO","12","1092","","T","","analitica","","","PVP sales 1 (4247686); Storica Analitica visura per immobile - Catasto Terreni."
"visura-storica","AR","AREZZO","12","1093","","T","","analitica","","","PVP sales 1 (4247686); Storica Analitica visura per immobile - Catasto Terreni."
"visura-storica","AR","AREZZO","12","1094","","T","","analitica","","","PVP sales 1 (4247686); Storica Analitica visura per immobile - Catasto Terreni."
"visura-storica","AR","AREZZO","12","1095","","T","","analitica","","","PVP sales 1 (4247686); Storica Analitica visura per immobile - Catasto Terreni."
"visura-storica","AR","AREZZO","12","1096","","T","","analitica","","","PVP sales 1 (4247686); Storica Analitica visura per immobile - Catasto Terreni."
"visura-storica","AR","AREZZO","12","1098","","T","","analitica","","","PVP sales 1 (4247686); Storica Analitica visura per immobile - Catasto Terreni."
"visura-storica","AR","AREZZO","121","1412","","T","","analitica","","","PVP sales 3 (4436884,4535316,4535322); Storica Analitica visura per immobile - Catasto Terreni."
"visura-storica","AR","AREZZO","121","191","","F","","analitica","","","PVP sales 3 (4421213,4466948,4516803); Storica Analitica visura per immobile - Catasto Fabbricati."
"visura-storica","AR","AREZZO","121","57","","F","","analitica","","","PVP sales 3 (4436884,4535316,4535322); Storica Analitica visura per immobile - Catasto Fabbricati."
"visura-storica","AR","AREZZO","122","158","10","F","","analitica","","","PVP sales 1 (2103009); Storica Analitica visura per immobile - Catasto Fabbricati."
"visura-storica","AR","AREZZO","122","158","5","F","","analitica","","","PVP sales 1 (2103009); Storica Analitica visura per immobile - Catasto Fabbricati."
"visura-storica","AR","AREZZO","126","813","10","F","","analitica","","","PVP sales 1 (4470659); Storica Analitica visura per immobile - Catasto Fabbricati."
"visura-storica","AR","AREZZO","149","328","","F","","analitica","","","PVP sales 1 (4220671); Storica Analitica visura per immobile - Catasto Fabbricati."
"visura-storica","AR","AREZZO","149","328","","T","","analitica","","","PVP sales 1 (4220671); Storica Analitica visura per immobile - Catasto Terreni."
"visura-storica","AR","AREZZO","149","463","","F","","analitica","","","PVP sales 1 (4220671); Storica Analitica visura per immobile - Catasto Fabbricati."
"visura-storica","AR","AREZZO","149","463","","T","","analitica","","","PVP sales 1 (4220671); Storica Analitica visura per immobile - Catasto Terreni."
"visura-storica","AR","AREZZO","149","464","","F","","analitica","","","PVP sales 1 (4220671); Storica Analitica visura per immobile - Catasto Fabbricati."
"visura-storica","AR","AREZZO","149","464","","T","","analitica","","","PVP sales 1 (4220671); Storica Analitica visura per immobile - Catasto Terreni."
"visura-storica","AR","AREZZO","149","465","","F","","analitica","","","PVP sales 1 (4220671); Storica Analitica visura per immobile - Catasto Fabbricati."
"visura-storica","AR","AREZZO","149","465","","T","","analitica","","","PVP sales 1 (4220671); Storica Analitica visura per immobile - Catasto Terreni."
"visura-storica","AR","AREZZO","149","466","","F","","analitica","","","PVP sales 1 (4220671); Storica Analitica visura per immobile - Catasto Fabbricati."
"visura-storica","AR","AREZZO","149","466","","T","","analitica","","","PVP sales 1 (4220671); Storica Analitica visura per immobile - Catasto Terreni."
"visura-storica","AR","AREZZO","17","1086","","F","","analitica","","","PVP sales 1 (2187443); Storica Analitica visura per immobile - Catasto Fabbricati."
"visura-storica","AR","AREZZO","17","1499","","F","","analitica","","","PVP sales 1 (2187443); Storica Analitica visura per immobile - Catasto Fabbricati."
"visura-storica","AR","AREZZO","17","178","","F","","analitica","","","PVP sales 1 (2187443); Storica Analitica visura per immobile - Catasto Fabbricati."
"visura-storica","AR","AREZZO","172","275","8","F","","analitica","","","PVP sales 1 (954297); Storica Analitica visura per immobile - Catasto Fabbricati."
"visura-storica","AR","AREZZO","172","336","5","F","","analitica","","","PVP sales 1 (4247620); Storica Analitica visura per immobile - Catasto Fabbricati."
"visura-storica","AR","AREZZO","172","429","1","F","","analitica","","","PVP sales 1 (4247611); Storica Analitica visura per immobile - Catasto Fabbricati."
"visura-storica","AR","AREZZO","174","188","108","F","","analitica","","","PVP sales 1 (816965); Storica Analitica visura per immobile - Catasto Fabbricati."
"visura-storica","AR","AREZZO","174","188","65","F","","analitica","","","PVP sales 1 (816965); Storica Analitica visura per immobile - Catasto Fabbricati."
"visura-storica","AR","AREZZO","20","279","","F","","analitica","","","PVP sales 1 (445126); Storica Analitica visura per immobile - Catasto Fabbricati."
"visura-storica","AR","AREZZO","20","279","","T","","analitica","","","PVP sales 1 (445126); Storica Analitica visura per immobile - Catasto Terreni."
"visura-storica","AR","AREZZO","22","1166","","F","","analitica","","","PVP sales 1 (4454354); Storica Analitica visura per immobile - Catasto Fabbricati."
"visura-storica","AR","AREZZO","22","1166","","T","","analitica","","","PVP sales 1 (4454354); Storica Analitica visura per immobile - Catasto Terreni."
"visura-storica","AR","AREZZO","29","134","","F","","analitica","","","PVP sales 1 (428354); Storica Analitica visura per immobile - Catasto Fabbricati."
"visura-storica","AR","AREZZO","29","134","","T","","analitica","","","PVP sales 1 (428354); Storica Analitica visura per immobile - Catasto Terreni."
"visura-storica","AR","AREZZO","30","294","10","F","","analitica","","","PVP sales 1 (2065697); Storica Analitica visura per immobile - Catasto Fabbricati."
"visura-storica","AR","AREZZO","30","294","12","F","","analitica","","","PVP sales 1 (2065697); Storica Analitica visura per immobile - Catasto Fabbricati."
"visura-storica","AR","AREZZO","30","294","13","F","","analitica","","","PVP sales 1 (2065697); Storica Analitica visura per immobile - Catasto Fabbricati."
"visura-storica","AR","AREZZO","34","752","10","F","","analitica","","","PVP sales 1 (4490701); Storica Analitica visura per immobile - Catasto Fabbricati."
"visura-storica","AR","AREZZO","34","752","13","F","","analitica","","","PVP sales 1 (4490722); Storica Analitica visura per immobile - Catasto Fabbricati."
"visura-storica","AR","AREZZO","34","752","14","F","","analitica","","","PVP sales 1 (4490817); Storica Analitica visura per immobile - Catasto Fabbricati."
"visura-storica","AR","AREZZO","47","142","","F","","analitica","","","PVP sales 1 (4278821); Storica Analitica visura per immobile - Catasto Fabbricati."
"visura-storica","AR","AREZZO","47","142","","T","","analitica","","","PVP sales 1 (4278821); Storica Analitica visura per immobile - Catasto Terreni."
"visura-storica","AR","AREZZO","59","88","5","F","","analitica","","","PVP sales 1 (1710910); Storica Analitica visura per immobile - Catasto Fabbricati."
"visura-storica","AR","AREZZO","63","9","","F","","analitica","","","PVP sales 1 (1710802); Storica Analitica visura per immobile - Catasto Fabbricati."
"visura-storica","AR","AREZZO","63","9","","T","","analitica","","","PVP sales 1 (1710802); Storica Analitica visura per immobile - Catasto Terreni."
"visura-storica","AR","AREZZO","65","129","12","F","","analitica","","","PVP sales 1 (4441189); Storica Analitica visura per immobile - Catasto Fabbricati."
"visura-storica","AR","AREZZO","65","129","14","F","","analitica","","","PVP sales 1 (4441189); Storica Analitica visura per immobile - Catasto Fabbricati."
"visura-storica","AR","AREZZO","65","144","","F","","analitica","","","PVP sales 1 (4441189); Storica Analitica visura per immobile - Catasto Fabbricati."
"visura-storica","AR","AREZZO","65","144","","T","","analitica","","","PVP sales 1 (4441189); Storica Analitica visura per immobile - Catasto Terreni."
"visura-storica","AR","AREZZO","65","187","1","F","","analitica","","","PVP sales 1 (4441189); Storica Analitica visura per immobile - Catasto Fabbricati."
"visura-storica","AR","AREZZO","65","187","3","F","","analitica","","","PVP sales 1 (4441189); Storica Analitica visura per immobile - Catasto Fabbricati."
"visura-storica","AR","AREZZO","70","166","","F","","analitica","","","PVP sales 1 (2245261); Storica Analitica visura per immobile - Catasto Fabbricati."
"visura-storica","AR","AREZZO","70","166","","T","","analitica","","","PVP sales 1 (2245261); Storica Analitica visura per immobile - Catasto Terreni."
"visura-storica","AR","AREZZO","70","190","","F","","analitica","","","PVP sales 1 (2245261); Storica Analitica visura per immobile - Catasto Fabbricati."
"visura-storica","AR","AREZZO","70","190","","T","","analitica","","","PVP sales 1 (2245261); Storica Analitica visura per immobile - Catasto Terreni."
"visura-storica","AR","AREZZO","70","213","","F","","analitica","","","PVP sales 1 (2245261); Storica Analitica visura per immobile - Catasto Fabbricati."
"visura-storica","AR","AREZZO","70","213","","T","","analitica","","","PVP sales 1 (2245261); Storica Analitica visura per immobile - Catasto Terreni."
"visura-storica","AR","AREZZO","70","216","","F","","analitica","","","PVP sales 1 (2245261); Storica Analitica visura per immobile - Catasto Fabbricati."
"visura-storica","AR","AREZZO","70","216","","T","","analitica","","","PVP sales 1 (2245261); Storica Analitica visura per immobile - Catasto Terreni."
"visura-storica","AR","AREZZO","72","434","1","F","","analitica","","","PVP sales 1 (2121995); Storica Analitica visura per immobile - Catasto Fabbricati."
"visura-storica","AR","AREZZO","72","434","2","F","","analitica","","","PVP sales 1 (2121995); Storica Analitica visura per immobile - Catasto Fabbricati."
"visura-storica","AR","AREZZO","77","1358","","F","","analitica","","","PVP sales 1 (978846); Storica Analitica visura per immobile - Catasto Fabbricati."
"visura-storica","AR","AREZZO","77","1358","","T","","analitica","","","PVP sales 1 (978846); Storica Analitica visura per immobile - Catasto Terreni."
"visura-storica","AR","AREZZO","77","1359","","F","","analitica","","","PVP sales 1 (978846); Storica Analitica visura per immobile - Catasto Fabbricati."
"visura-storica","AR","AREZZO","77","1359","","T","","analitica","","","PVP sales 1 (978846); Storica Analitica visura per immobile - Catasto Terreni."
"visura-storica","AR","AREZZO","77","57","","F","","analitica","","","PVP sales 1 (978846); Storica Analitica visura per immobile - Catasto Fabbricati."
"visura-storica","AR","AREZZO","77","57","","T","","analitica","","","PVP sales 1 (978846); Storica Analitica visura per immobile - Catasto Terreni."
"visura-storica","AR","AREZZO","87","36","108","F","","analitica","","","PVP sales 3 (4415144,4472395,4529589); Storica Analitica visura per immobile - Catasto Fabbricati."
"visura-storica","AR","AREZZO","87","36","41","F","","analitica","","","PVP sales 3 (4415144,4472395,4529589); Storica Analitica visura per immobile - Catasto Fabbricati."
"visura-storica","AR","AREZZO","87","36","42","F","","analitica","","","PVP sales 3 (4415144,4472395,4529589); Storica Analitica visura per immobile - Catasto Fabbricati."
"visura-storica","AR","AREZZO","87","36","52","F","","analitica","","","PVP sales 3 (4415144,4472395,4529589); Storica Analitica visura per immobile - Catasto Fabbricati."
"visura-storica","AR","AREZZO","87","36","92","F","","analitica","","","PVP sales 3 (4415144,4472395,4529589); Storica Analitica visura per immobile - Catasto Fabbricati."
"visura-storica","AR","AREZZO","93","980","","F","","analitica","","","PVP sales 3 (4438968,4491851,4529865); Storica Analitica visura per immobile - Catasto Fabbricati."
"visura-storica","AR","AREZZO","93","980","","T","","analitica","","","PVP sales 3 (4438968,4491851,4529865); Storica Analitica visura per immobile - Catasto Terreni."
"visura-storica","AR","AREZZO","95","585","","F","","analitica","","","PVP sales 4 (4242423,4382865,4451564,4552176); Storica Analitica visura per immobile - Catasto Fabbricati."
"visura-storica","AR","AREZZO","95","585","","T","","analitica","","","PVP sales 4 (4242423,4382865,4451564,4552176); Storica Analitica visura per immobile - Catasto Terreni."
"visura-storica","AR","AREZZO","96","248","","T","","analitica","","","PVP sales 1 (2067591); Storica Analitica visura per immobile - Catasto Terreni."
"visura-storica","AR","AREZZO","96","255","","T","","analitica","","","PVP sales 1 (2067591); Storica Analitica visura per immobile - Catasto Terreni."
"visura-storica","AR","AREZZO","103","285","10","F","","analitica","A","","PVP sales 1 (4247626); Storica Analitica visura per immobile - Catasto Fabbricati."
"visura-storica","AR","AREZZO","103","285","9","F","","analitica","A","","PVP sales 1 (4247626); Storica Analitica visura per immobile - Catasto Fabbricati."
"visura-storica","AR","AREZZO","103","483","","F","","analitica","A","","PVP sales 1 (4247626); Storica Analitica visura per immobile - Catasto Fabbricati."
"visura-storica","AR","AREZZO","103","483","","T","","analitica","A","","PVP sales 1 (4247626); Storica Analitica visura per immobile - Catasto Terreni."
"visura-storica","AR","AREZZO","104","217","3","F","","analitica","A","","PVP sales 1 (4462612); Storica Analitica visura per immobile - Catasto Fabbricati."
"visura-storica","AR","AREZZO","104","217","8","F","","analitica","A","","PVP sales 1 (4462612); Storica Analitica visura per immobile - Catasto Fabbricati."
"visura-storica","AR","AREZZO","105","1097","3","F","","analitica","A","","PVP sales 1 (4465518); Storica Analitica visura per immobile - Catasto Fabbricati."
"visura-storica","AR","AREZZO","105","1097","9","F","","analitica","A","","PVP sales 1 (4465518); Storica Analitica visura per immobile - Catasto Fabbricati."
"visura-storica","AR","AREZZO","105","147","55","F","","analitica","A","","PVP sales 1 (2133857); Storica Analitica visura per immobile - Catasto Fabbricati."
"visura-storica","AR","AREZZO","105","147","91","F","","analitica","A","","PVP sales 1 (2133857); Storica Analitica visura per immobile - Catasto Fabbricati."
"visura-storica","AR","AREZZO","106","1195","","F","","analitica","A","","PVP sales 1 (4540680); Storica Analitica visura per immobile - Catasto Fabbricati."
"visura-storica","AR","AREZZO","106","1195","","T","","analitica","A","","PVP sales 1 (4540680); Storica Analitica visura per immobile - Catasto Terreni."
"visura-storica","AR","AREZZO","106","1195","20","F","","analitica","A","","PVP sales 1 (4540680); Storica Analitica visura per immobile - Catasto Fabbricati."
"visura-storica","AR","AREZZO","106","1195","24","F","","analitica","A","","PVP sales 1 (4540680); Storica Analitica visura per immobile - Catasto Fabbricati."
"visura-storica","AR","AREZZO","107","353","1","F","","analitica","A","","PVP sales 1 (1853484); Storica Analitica visura per immobile - Catasto Fabbricati."
"visura-storica","AR","AREZZO","107","353","6","F","","analitica","A","","PVP sales 1 (1853484); Storica Analitica visura per immobile - Catasto Fabbricati."
"visura-storica","AR","AREZZO","108","1423","12","F","","analitica","A","","PVP sales 1 (4352039); Storica Analitica visura per immobile - Catasto Fabbricati."
"visura-storica","AR","AREZZO","108","1423","7","F","","analitica","A","","PVP sales 1 (4352039); Storica Analitica visura per immobile - Catasto Fabbricati."
"visura-storica","AR","AREZZO","108","1639","3","F","","analitica","A","","PVP sales 1 (4452022); Storica Analitica visura per immobile - Catasto Fabbricati."
"visura-storica","AR","AREZZO","108","3158","11","F","","analitica","A","","PVP sales 1 (4216673); Storica Analitica visura per immobile - Catasto Fabbricati."
"visura-storica","AR","AREZZO","108","3158","12","F","","analitica","A","","PVP sales 1 (4216695); Storica Analitica visura per immobile - Catasto Fabbricati."
"visura-storica","AR","AREZZO","108","3158","37","F","","analitica","A","","PVP sales 1 (4216698); Storica Analitica visura per immobile - Catasto Fabbricati."
"visura-storica","AR","AREZZO","108","3158","38","F","","analitica","A","","PVP sales 1 (4216700); Storica Analitica visura per immobile - Catasto Fabbricati."
"visura-storica","AR","AREZZO","108","971","5","F","","analitica","A","","PVP sales 1 (4456078); Storica Analitica visura per immobile - Catasto Fabbricati."
"visura-storica","AR","AREZZO","11","1327","1","F","","analitica","A","","PVP sales 1 (2010377); Storica Analitica visura per immobile - Catasto Fabbricati."
"visura-storica","AR","AREZZO","11","1327","6","F","","analitica","A","","PVP sales 1 (2010377); Storica Analitica visura per immobile - Catasto Fabbricati."
"visura-storica","AR","AREZZO","11","1327","7","F","","analitica","A","","PVP sales 1 (2010377); Storica Analitica visura per immobile - Catasto Fabbricati."
"visura-storica","AR","AREZZO","11","299","12","F","","analitica","A","","PVP sales 1 (4449234); Storica Analitica visura per immobile - Catasto Fabbricati."
"visura-storica","AR","AREZZO","11","433","","F","","analitica","A","","PVP sales 1 (4444708); Storica Analitica visura per immobile - Catasto Fabbricati."
"visura-storica","AR","AREZZO","11","433","","T","","analitica","A","","PVP sales 1 (4444708); Storica Analitica visura per immobile - Catasto Terreni."
"visura-storica","AR","AREZZO","110","81","1","F","","analitica","A","","PVP sales 2 (4456117,4543146); Storica Analitica visura per immobile - Catasto Fabbricati."
"visura-storica","AR","AREZZO","110","81","3","F","","analitica","A","","PVP sales 2 (4456174,4543150); Storica Analitica visura per immobile - Catasto Fabbricati."
"visura-storica","AR","AREZZO","112","21","11","F","","analitica","A","","PVP sales 2 (4451072,4506804); Storica Analitica visura per immobile - Catasto Fabbricati."
"visura-storica","AR","AREZZO","112","21","14","F","","analitica","A","","PVP sales 2 (4451072,4506804); Storica Analitica visura per immobile - Catasto Fabbricati."
"visura-storica","AR","AREZZO","112","21","6","F","","analitica","A","","PVP sales 2 (4451072,4506804); Storica Analitica visura per immobile - Catasto Fabbricati."
"visura-storica","AR","AREZZO","112","21","9","F","","analitica","A","","PVP sales 2 (4451072,4506804); Storica Analitica visura per immobile - Catasto Fabbricati."
"visura-storica","AR","AREZZO","112","309","","F","","analitica","A","","PVP sales 2 (4451072,4506804); Storica Analitica visura per immobile - Catasto Fabbricati."
"visura-storica","AR","AREZZO","112","309","","T","","analitica","A","","PVP sales 2 (4451072,4506804); Storica Analitica visura per immobile - Catasto Terreni."
"visura-storica","AR","AREZZO","112","310","","F","","analitica","A","","PVP sales 2 (4451072,4506804); Storica Analitica visura per immobile - Catasto Fabbricati."
"visura-storica","AR","AREZZO","112","310","","T","","analitica","A","","PVP sales 2 (4451072,4506804); Storica Analitica visura per immobile - Catasto Terreni."
"visura-storica","AR","AREZZO","112","311","","F","","analitica","A","","PVP sales 2 (4451072,4506804); Storica Analitica visura per immobile - Catasto Fabbricati."
"visura-storica","AR","AREZZO","112","311","","T","","analitica","A","","PVP sales 2 (4451072,4506804); Storica Analitica visura per immobile - Catasto Terreni."
"visura-storica","AR","AREZZO","112","312","","F","","analitica","A","","PVP sales 2 (4451072,4506804); Storica Analitica visura per immobile - Catasto Fabbricati."
"visura-storica","AR","AREZZO","112","312","","T","","analitica","A","","PVP sales 2 (4451072,4506804); Storica Analitica visura per immobile - Catasto Terreni."
"visura-storica","AR","AREZZO","112","315","","F","","analitica","A","","PVP sales 2 (4451072,4506804); Storica Analitica visura per immobile - Catasto Fabbricati."
"visura-storica","AR","AREZZO","112","315","","T","","analitica","A","","PVP sales 2 (4451072,4506804); Storica Analitica visura per immobile - Catasto Terreni."
"visura-storica","AR","AREZZO","112","421","","F","","analitica","A","","PVP sales 2 (4451072,4506804); Storica Analitica visura per immobile - Catasto Fabbricati."
"visura-storica","AR","AREZZO","112","421","","T","","analitica","A","","PVP sales 2 (4451072,4506804); Storica Analitica visura per immobile - Catasto Terreni."
"visura-storica","AR","AREZZO","121","319","28","F","","analitica","A","","PVP sales 1 (783036); Storica Analitica visura per immobile - Catasto Fabbricati."
"visura-storica","AR","AREZZO","122","11","43","F","","analitica","A","","PVP sales 1 (4247668); Storica Analitica visura per immobile - Catasto Fabbricati."
"visura-storica","AR","AREZZO","122","158","10","F","","analitica","A","","PVP sales 1 (2010368); Storica Analitica visura per immobile - Catasto Fabbricati."
"visura-storica","AR","AREZZO","122","158","5","F","","analitica","A","","PVP sales 1 (2010368); Storica Analitica visura per immobile - Catasto Fabbricati."
"visura-storica","AR","AREZZO","122","87","1","F","","analitica","A","","PVP sales 2 (4489040,4489820); Storica Analitica visura per immobile - Catasto Fabbricati."
"visura-storica","AR","AREZZO","124","2","1","F","","analitica","A","","PVP sales 1 (4240303); Storica Analitica visura per immobile - Catasto Fabbricati."
"visura-storica","AR","AREZZO","124","3","","F","","analitica","A","","PVP sales 1 (4240303); Storica Analitica visura per immobile - Catasto Fabbricati."
"visura-storica","AR","AREZZO","124","3","","T","","analitica","A","","PVP sales 1 (4240303); Storica Analitica visura per immobile - Catasto Terreni."
"visura-storica","AR","AREZZO","125","497","32","F","","analitica","A","","PVP sales 1 (4552167); Storica Analitica visura per immobile - Catasto Fabbricati."
"visura-storica","AR","AREZZO","125","497","41","F","","analitica","A","","PVP sales 1 (4552167); Storica Analitica visura per immobile - Catasto Fabbricati."
"visura-storica","AR","AREZZO","126","1616","206","F","","analitica","A","","PVP sales 2 (4399771,4451427); Storica Analitica visura per immobile - Catasto Fabbricati."
"visura-storica","AR","AREZZO","127","475","10","F","","analitica","A","","PVP sales 2 (4417037,4509103); Storica Analitica visura per immobile - Catasto Fabbricati."
"visura-storica","AR","AREZZO","127","475","11","F","","analitica","A","","PVP sales 2 (4417037,4509103); Storica Analitica visura per immobile - Catasto Fabbricati."
"visura-storica","AR","AREZZO","127","475","12","F","","analitica","A","","PVP sales 2 (4417037,4509103); Storica Analitica visura per immobile - Catasto Fabbricati."
"visura-storica","AR","AREZZO","127","475","13","F","","analitica","A","","PVP sales 2 (4417037,4509103); Storica Analitica visura per immobile - Catasto Fabbricati."
"visura-storica","AR","AREZZO","127","475","14","F","","analitica","A","","PVP sales 2 (4417037,4509103); Storica Analitica visura per immobile - Catasto Fabbricati."
"visura-storica","AR","AREZZO","127","475","15","F","","analitica","A","","PVP sales 2 (4417037,4509103); Storica Analitica visura per immobile - Catasto Fabbricati."
"visura-storica","AR","AREZZO","127","475","16","F","","analitica","A","","PVP sales 2 (4417037,4509103); Storica Analitica visura per immobile - Catasto Fabbricati."
"visura-storica","AR","AREZZO","127","475","17","F","","analitica","A","","PVP sales 2 (4417037,4509103); Storica Analitica visura per immobile - Catasto Fabbricati."
"visura-storica","AR","AREZZO","127","475","18","F","","analitica","A","","PVP sales 2 (4417037,4509103); Storica Analitica visura per immobile - Catasto Fabbricati."
"visura-storica","AR","AREZZO","127","475","19","F","","analitica","A","","PVP sales 2 (4417037,4509103); Storica Analitica visura per immobile - Catasto Fabbricati."
"visura-storica","AR","AREZZO","127","475","2","F","","analitica","A","","PVP sales 2 (4417037,4509103); Storica Analitica visura per immobile - Catasto Fabbricati."
"visura-storica","AR","AREZZO","127","475","20","F","","analitica","A","","PVP sales 2 (4417037,4509103); Storica Analitica visura per immobile - Catasto Fabbricati."
"visura-storica","AR","AREZZO","127","475","21","F","","analitica","A","","PVP sales 2 (4417037,4509103); Storica Analitica visura per immobile - Catasto Fabbricati."
"visura-storica","AR","AREZZO","127","475","22","F","","analitica","A","","PVP sales 2 (4417037,4509103); Storica Analitica visura per immobile - Catasto Fabbricati."
"visura-storica","AR","AREZZO","127","475","23","F","","analitica","A","","PVP sales 2 (4417037,4509103); Storica Analitica visura per immobile - Catasto Fabbricati."
"visura-storica","AR","AREZZO","127","475","24","F","","analitica","A","","PVP sales 2 (4417037,4509103); Storica Analitica visura per immobile - Catasto Fabbricati."
"visura-storica","AR","AREZZO","127","475","25","F","","analitica","A","","PVP sales 2 (4417037,4509103); Storica Analitica visura per immobile - Catasto Fabbricati."
"visura-storica","AR","AREZZO","127","475","26","F","","analitica","A","","PVP sales 2 (4417037,4509103); Storica Analitica visura per immobile - Catasto Fabbricati."
"visura-storica","AR","AREZZO","127","475","27","F","","analitica","A","","PVP sales 2 (4417037,4509103); Storica Analitica visura per immobile - Catasto Fabbricati."
"visura-storica","AR","AREZZO","127","475","28","F","","analitica","A","","PVP sales 2 (4417037,4509103); Storica Analitica visura per immobile - Catasto Fabbricati."
"visura-storica","AR","AREZZO","127","475","31","F","","analitica","A","","PVP sales 2 (4417037,4509103); Storica Analitica visura per immobile - Catasto Fabbricati."
"visura-storica","AR","AREZZO","127","475","32","F","","analitica","A","","PVP sales 2 (4417037,4509103); Storica Analitica visura per immobile - Catasto Fabbricati."
"visura-storica","AR","AREZZO","127","475","33","F","","analitica","A","","PVP sales 2 (4417037,4509103); Storica Analitica visura per immobile - Catasto Fabbricati."
"visura-storica","AR","AREZZO","127","475","34","F","","analitica","A","","PVP sales 2 (4417037,4509103); Storica Analitica visura per immobile - Catasto Fabbricati."
"visura-storica","AR","AREZZO","127","475","35","F","","analitica","A","","PVP sales 2 (4417037,4509103); Storica Analitica visura per immobile - Catasto Fabbricati."
"visura-storica","AR","AREZZO","127","475","36","F","","analitica","A","","PVP sales 2 (4417037,4509103); Storica Analitica visura per immobile - Catasto Fabbricati."
"visura-storica","AR","AREZZO","127","475","37","F","","analitica","A","","PVP sales 2 (4417037,4509103); Storica Analitica visura per immobile - Catasto Fabbricati."
"visura-storica","AR","AREZZO","127","475","38","F","","analitica","A","","PVP sales 2 (4417037,4509103); Storica Analitica visura per immobile - Catasto Fabbricati."
"visura-storica","AR","AREZZO","127","475","39","F","","analitica","A","","PVP sales 2 (4417037,4509103); Storica Analitica visura per immobile - Catasto Fabbricati."
"visura-storica","AR","AREZZO","127","475","40","F","","analitica","A","","PVP sales 2 (4417037,4509103); Storica Analitica visura per immobile - Catasto Fabbricati."
"visura-storica","AR","AREZZO","127","475","41","F","","analitica","A","","PVP sales 2 (4417037,4509103); Storica Analitica visura per immobile - Catasto Fabbricati."
"visura-storica","AR","AREZZO","127","475","42","F","","analitica","A","","PVP sales 2 (4417037,4509103); Storica Analitica visura per immobile - Catasto Fabbricati."
"visura-storica","AR","AREZZO","127","475","44","F","","analitica","A","","PVP sales 2 (4417037,4509103); Storica Analitica visura per immobile - Catasto Fabbricati."
"visura-storica","AR","AREZZO","127","475","45","F","","analitica","A","","PVP sales 2 (4417037,4509103); Storica Analitica visura per immobile - Catasto Fabbricati."
"visura-storica","AR","AREZZO","127","475","46","F","","analitica","A","","PVP sales 2 (4417037,4509103); Storica Analitica visura per immobile - Catasto Fabbricati."
"visura-storica","AR","AREZZO","127","475","5","F","","analitica","A","","PVP sales 2 (4417037,4509103); Storica Analitica visura per immobile - Catasto Fabbricati."
"visura-storica","AR","AREZZO","127","475","6","F","","analitica","A","","PVP sales 2 (4417037,4509103); Storica Analitica visura per immobile - Catasto Fabbricati."
"visura-storica","AR","AREZZO","127","475","7","F","","analitica","A","","PVP sales 2 (4417037,4509103); Storica Analitica visura per immobile - Catasto Fabbricati."
"visura-storica","AR","AREZZO","127","475","8","F","","analitica","A","","PVP sales 2 (4417037,4509103); Storica Analitica visura per immobile - Catasto Fabbricati."
"visura-storica","AR","AREZZO","127","475","9","F","","analitica","A","","PVP sales 2 (4417037,4509103); Storica Analitica visura per immobile - Catasto Fabbricati."
"visura-storica","AR","AREZZO","127","885","362","F","","analitica","A","","PVP sales 2 (1604077,1880541); Storica Analitica visura per immobile - Catasto Fabbricati."
"visura-storica","AR","AREZZO","127","885","363","F","","analitica","A","","PVP sales 2 (1604077,1880541); Storica Analitica visura per immobile - Catasto Fabbricati."
"visura-storica","AR","AREZZO","128","98","","F","","analitica","A","","PVP sales 1 (976267); Storica Analitica visura per immobile - Catasto Fabbricati."
"visura-storica","AR","AREZZO","128","98","","T","","analitica","A","","PVP sales 1 (976267); Storica Analitica visura per immobile - Catasto Terreni."
"visura-storica","AR","AREZZO","136","260","","F","","analitica","A","","PVP sales 1 (1614742); Storica Analitica visura per immobile - Catasto Fabbricati."
"visura-storica","AR","AREZZO","136","260","","T","","analitica","A","","PVP sales 1 (1614742); Storica Analitica visura per immobile - Catasto Terreni."
"visura-storica","AR","AREZZO","136","505","","F","","analitica","A","","PVP sales 1 (1614742); Storica Analitica visura per immobile - Catasto Fabbricati."
"visura-storica","AR","AREZZO","136","505","","T","","analitica","A","","PVP sales 1 (1614742); Storica Analitica visura per immobile - Catasto Terreni."
"visura-storica","AR","AREZZO","136","544","","F","","analitica","A","","PVP sales 1 (1614742); Storica Analitica visura per immobile - Catasto Fabbricati."
"visura-storica","AR","AREZZO","136","544","","T","","analitica","A","","PVP sales 1 (1614742); Storica Analitica visura per immobile - Catasto Terreni."
"visura-storica","AR","AREZZO","137","169","25","F","","analitica","A","","PVP sales 2 (4479486,4479539); Storica Analitica visura per immobile - Catasto Fabbricati."
"visura-storica","AR","AREZZO","137","169","26","F","","analitica","A","","PVP sales 2 (4479486,4479539); Storica Analitica visura per immobile - Catasto Fabbricati."
"visura-storica","AR","AREZZO","137","169","27","F","","analitica","A","","PVP sales 2 (4479486,4479539); Storica Analitica visura per immobile - Catasto Fabbricati."
"visura-storica","AR","AREZZO","137","169","28","F","","analitica","A","","PVP sales 2 (4479486,4479539); Storica Analitica visura per immobile - Catasto Fabbricati."
"visura-storica","AR","AREZZO","137","169","29","F","","analitica","A","","PVP sales 2 (4479486,4479539); Storica Analitica visura per immobile - Catasto Fabbricati."
"visura-storica","AR","AREZZO","137","169","30","F","","analitica","A","","PVP sales 2 (4479486,4479539); Storica Analitica visura per immobile - Catasto Fabbricati."
"visura-storica","AR","AREZZO","137","169","31","F","","analitica","A","","PVP sales 2 (4479486,4479539); Storica Analitica visura per immobile - Catasto Fabbricati."
"visura-storica","AR","AREZZO","137","169","32","F","","analitica","A","","PVP sales 2 (4479486,4479539); Storica Analitica visura per immobile - Catasto Fabbricati."
"visura-storica","AR","AREZZO","137","169","33","F","","analitica","A","","PVP sales 2 (4479486,4479539); Storica Analitica visura per immobile - Catasto Fabbricati."
"visura-storica","AR","AREZZO","137","169","34","F","","analitica","A","","PVP sales 2 (4479486,4479539); Storica Analitica visura per immobile - Catasto Fabbricati."
"visura-storica","AR","AREZZO","137","169","35","F","","analitica","A","","PVP sales 2 (4479486,4479539); Storica Analitica visura per immobile - Catasto Fabbricati."
"visura-storica","AR","AREZZO","137","169","36","F","","analitica","A","","PVP sales 2 (4479486,4479539); Storica Analitica visura per immobile - Catasto Fabbricati."
"visura-storica","AR","AREZZO","137","169","37","F","","analitica","A","","PVP sales 2 (4479486,4479539); Storica Analitica visura per immobile - Catasto Fabbricati."
"visura-storica","AR","AREZZO","137","169","38","F","","analitica","A","","PVP sales 2 (4479486,4479539); Storica Analitica visura per immobile - Catasto Fabbricati."
"visura-storica","AR","AREZZO","137","169","39","F","","analitica","A","","PVP sales 2 (4479486,4479539); Storica Analitica visura per immobile - Catasto Fabbricati."
"visura-storica","AR","AREZZO","137","169","40","F","","analitica","A","","PVP sales 2 (4479486,4479539); Storica Analitica visura per immobile - Catasto Fabbricati."
"visura-storica","AR","AREZZO","137","169","41","F","","analitica","A","","PVP sales 2 (4479486,4479539); Storica Analitica visura per immobile - Catasto Fabbricati."
"visura-storica","AR","AREZZO","137","169","42","F","","analitica","A","","PVP sales 2 (4479486,4479539); Storica Analitica visura per immobile - Catasto Fabbricati."
"visura-storica","AR","AREZZO","137","169","43","F","","analitica","A","","PVP sales 2 (4479486,4479539); Storica Analitica visura per immobile - Catasto Fabbricati."
"visura-storica","AR","AREZZO","137","169","44","F","","analitica","A","","PVP sales 2 (4479486,4479539); Storica Analitica visura per immobile - Catasto Fabbricati."
"visura-storica","AR","AREZZO","137","169","5","F","","analitica","A","","PVP sales 2 (4479486,4479539); Storica Analitica visura per immobile - Catasto Fabbricati."
"visura-storica","AR","AREZZO","14","17","6","F","","analitica","A","","PVP sales 2 (4432697,4504781); Storica Analitica visura per immobile - Catasto Fabbricati."
"visura-storica","AR","AREZZO","14","17","7","F","","analitica","A","","PVP sales 2 (4432697,4504781); Storica Analitica visura per immobile - Catasto Fabbricati."
"visura-storica","AR","AREZZO","149","256","13","F","","analitica","A","","PVP sales 1 (4220671); Storica Analitica visura per immobile - Catasto Fabbricati."
"visura-storica","AR","AREZZO","15","249","1","F","","analitica","A","","PVP sales 2 (4245572,4245658); Storica Analitica visura per immobile - Catasto Fabbricati."
"visura-storica","AR","AREZZO","15","249","10","F","","analitica","A","","PVP sales 1 (4245572); Storica Analitica visura per immobile - Catasto Fabbricati."
"visura-storica","AR","AREZZO","15","249","12","F","","analitica","A","","PVP sales 1 (4245658); Storica Analitica visura per immobile - Catasto Fabbricati."
"visura-storica","AR","AREZZO","15","249","9","F","","analitica","A","","PVP sales 2 (4245572,4245658); Storica Analitica visura per immobile - Catasto Fabbricati."
"visura-storica","AR","AREZZO","172","336","10","F","","analitica","A","","PVP sales 1 (4247637); Storica Analitica visura per immobile - Catasto Fabbricati."
"visura-storica","AR","AREZZO","172","336","6","F","","analitica","A","","PVP sales 1 (4247637); Storica Analitica visura per immobile - Catasto Fabbricati."
"visura-storica","AR","AREZZO","172","336","7","F","","analitica","A","","PVP sales 1 (4247637); Storica Analitica visura per immobile - Catasto Fabbricati."
"visura-storica","AR","AREZZO","172","336","8","F","","analitica","A","","PVP sales 1 (4247637); Storica Analitica visura per immobile - Catasto Fabbricati."
"visura-storica","AR","AREZZO","172","336","9","F","","analitica","A","","PVP sales 1 (4247637); Storica Analitica visura per immobile - Catasto Fabbricati."
"visura-storica","AR","AREZZO","174","408","40","F","","analitica","A","","PVP sales 1 (4507267); Storica Analitica visura per immobile - Catasto Fabbricati."
"visura-storica","AR","AREZZO","174","408","41","F","","analitica","A","","PVP sales 1 (4507267); Storica Analitica visura per immobile - Catasto Fabbricati."
"visura-storica","AR","AREZZO","175","351","10","F","","analitica","A","","PVP sales 1 (4527602); Storica Analitica visura per immobile - Catasto Fabbricati."
"visura-storica","AR","AREZZO","5","177","3","F","","analitica","A","","PVP sales 1 (2107799); Storica Analitica visura per immobile - Catasto Fabbricati."
"visura-storica","AR","AREZZO","5","177","4","F","","analitica","A","","PVP sales 1 (2107799); Storica Analitica visura per immobile - Catasto Fabbricati."
"visura-storica","AR","AREZZO","52","176","","F","","analitica","A","","PVP sales 1 (1976790); Storica Analitica visura per immobile - Catasto Fabbricati."
"visura-storica","AR","AREZZO","52","176","","T","","analitica","A","","PVP sales 1 (1976790); Storica Analitica visura per immobile - Catasto Terreni."
"visura-storica","AR","AREZZO","52","177","","F","","analitica","A","","PVP sales 1 (1976790); Storica Analitica visura per immobile - Catasto Fabbricati."
"visura-storica","AR","AREZZO","52","177","","T","","analitica","A","","PVP sales 1 (1976790); Storica Analitica visura per immobile - Catasto Terreni."
"visura-storica","AR","AREZZO","52","65","","F","","analitica","A","","PVP sales 1 (1976790); Storica Analitica visura per immobile - Catasto Fabbricati."
"visura-storica","AR","AREZZO","52","65","","T","","analitica","A","","PVP sales 1 (1976790); Storica Analitica visura per immobile - Catasto Terreni."
"visura-storica","AR","AREZZO","52","66","","F","","analitica","A","","PVP sales 1 (1976790); Storica Analitica visura per immobile - Catasto Fabbricati."
"visura-storica","AR","AREZZO","52","66","","T","","analitica","A","","PVP sales 1 (1976790); Storica Analitica visura per immobile - Catasto Terreni."
"visura-storica","AR","AREZZO","6","189","","F","","analitica","A","","PVP sales 1 (2107799); Storica Analitica visura per immobile - Catasto Fabbricati."
"visura-storica","AR","AREZZO","6","189","","T","","analitica","A","","PVP sales 1 (2107799); Storica Analitica visura per immobile - Catasto Terreni."
"visura-storica","AR","AREZZO","6","190","","F","","analitica","A","","PVP sales 1 (2107799); Storica Analitica visura per immobile - Catasto Fabbricati."
"visura-storica","AR","AREZZO","6","190","","T","","analitica","A","","PVP sales 1 (2107799); Storica Analitica visura per immobile - Catasto Terreni."
"visura-storica","AR","AREZZO","60","443","11","F","","analitica","A","","PVP sales 1 (1544131); Storica Analitica visura per immobile - Catasto Fabbricati."
"visura-storica","AR","AREZZO","60","443","27","F","","analitica","A","","PVP sales 1 (1544131); Storica Analitica visura per immobile - Catasto Fabbricati."
"visura-storica","AR","AREZZO","60","443","30","F","","analitica","A","","PVP sales 1 (1544131); Storica Analitica visura per immobile - Catasto Fabbricati."
"visura-storica","AR","AREZZO","73","127","","F","","analitica","A","","PVP sales 1 (4442495); Storica Analitica visura per immobile - Catasto Fabbricati."
"visura-storica","AR","AREZZO","73","127","","T","","analitica","A","","PVP sales 1 (4442495); Storica Analitica visura per immobile - Catasto Terreni."
"visura-storica","AR","AREZZO","73","139","","F","","analitica","A","","PVP sales 1 (4442495); Storica Analitica visura per immobile - Catasto Fabbricati."
"visura-storica","AR","AREZZO","73","139","","T","","analitica","A","","PVP sales 1 (4442495); Storica Analitica visura per immobile - Catasto Terreni."
"visura-storica","AR","AREZZO","73","143","","F","","analitica","A","","PVP sales 1 (4442495); Storica Analitica visura per immobile - Catasto Fabbricati."
"visura-storica","AR","AREZZO","73","143","","T","","analitica","A","","PVP sales 1 (4442495); Storica Analitica visura per immobile - Catasto Terreni."
"visura-storica","AR","AREZZO","73","151","","F","","analitica","A","","PVP sales 1 (4442495); Storica Analitica visura per immobile - Catasto Fabbricati."
"visura-storica","AR","AREZZO","73","151","","T","","analitica","A","","PVP sales 1 (4442495); Storica Analitica visura per immobile - Catasto Terreni."
"visura-storica","AR","AREZZO","73","192","","F","","analitica","A","","PVP sales 1 (4442495); Storica Analitica visura per immobile - Catasto Fabbricati."
"visura-storica","AR","AREZZO","73","192","","T","","analitica","A","","PVP sales 1 (4442495); Storica Analitica visura per immobile - Catasto Terreni."
"visura-storica","AR","AREZZO","73","193","","F","","analitica","A","","PVP sales 1 (4442495); Storica Analitica visura per immobile - Catasto Fabbricati."
"visura-storica","AR","AREZZO","73","193","","T","","analitica","A","","PVP sales 1 (4442495); Storica Analitica visura per immobile - Catasto Terreni."
"visura-storica","AR","AREZZO","73","197","","F","","analitica","A","","PVP sales 1 (4442495); Storica Analitica visura per immobile - Catasto Fabbricati."
"visura-storica","AR","AREZZO","73","197","","T","","analitica","A","","PVP sales 1 (4442495); Storica Analitica visura per immobile - Catasto Terreni."
"visura-storica","AR","AREZZO","73","210","","F","","analitica","A","","PVP sales 1 (4442495); Storica Analitica visura per immobile - Catasto Fabbricati."
"visura-storica","AR","AREZZO","73","210","","T","","analitica","A","","PVP sales 1 (4442495); Storica Analitica visura per immobile - Catasto Terreni."
"visura-storica","AR","AREZZO","73","216","","F","","analitica","A","","PVP sales 1 (4442495); Storica Analitica visura per immobile - Catasto Fabbricati."
"visura-storica","AR","AREZZO","73","216","","T","","analitica","A","","PVP sales 1 (4442495); Storica Analitica visura per immobile - Catasto Terreni."
"visura-storica","AR","AREZZO","73","218","","F","","analitica","A","","PVP sales 1 (4442495); Storica Analitica visura per immobile - Catasto Fabbricati."
"visura-storica","AR","AREZZO","73","218","","T","","analitica","A","","PVP sales 1 (4442495); Storica Analitica visura per immobile - Catasto Terreni."
"visura-storica","AR","AREZZO","73","28","","F","","analitica","A","","PVP sales 1 (4442495); Storica Analitica visura per immobile - Catasto Fabbricati."
"visura-storica","AR","AREZZO","73","28","","T","","analitica","A","","PVP sales 1 (4442495); Storica Analitica visura per immobile - Catasto Terreni."
"visura-storica","AR","AREZZO","73","30","","F","","analitica","A","","PVP sales 1 (4442495); Storica Analitica visura per immobile - Catasto Fabbricati."
"visura-storica","AR","AREZZO","73","30","","T","","analitica","A","","PVP sales 1 (4442495); Storica Analitica visura per immobile - Catasto Terreni."
"visura-storica","AR","AREZZO","73","35","","F","","analitica","A","","PVP sales 1 (4442495); Storica Analitica visura per immobile - Catasto Fabbricati."
"visura-storica","AR","AREZZO","73","35","","T","","analitica","A","","PVP sales 1 (4442495); Storica Analitica visura per immobile - Catasto Terreni."
"visura-storica","AR","AREZZO","73","36","","F","","analitica","A","","PVP sales 1 (4442495); Storica Analitica visura per immobile - Catasto Fabbricati."
"visura-storica","AR","AREZZO","73","36","","T","","analitica","A","","PVP sales 1 (4442495); Storica Analitica visura per immobile - Catasto Terreni."
"visura-storica","AR","AREZZO","73","37","","F","","analitica","A","","PVP sales 1 (4442495); Storica Analitica visura per immobile - Catasto Fabbricati."
"visura-storica","AR","AREZZO","73","37","","T","","analitica","A","","PVP sales 1 (4442495); Storica Analitica visura per immobile - Catasto Terreni."
"visura-storica","AR","AREZZO","73","50","","F","","analitica","A","","PVP sales 1 (4442495); Storica Analitica visura per immobile - Catasto Fabbricati."
"visura-storica","AR","AREZZO","73","50","","T","","analitica","A","","PVP sales 1 (4442495); Storica Analitica visura per immobile - Catasto Terreni."
"visura-storica","AR","AREZZO","73","54","","F","","analitica","A","","PVP sales 1 (4442495); Storica Analitica visura per immobile - Catasto Fabbricati."
"visura-storica","AR","AREZZO","73","54","","T","","analitica","A","","PVP sales 1 (4442495); Storica Analitica visura per immobile - Catasto Terreni."
"visura-storica","AR","AREZZO","87","36","18","F","","analitica","A","","PVP sales 1 (4261367); Storica Analitica visura per immobile - Catasto Fabbricati."
"visura-storica","AR","AREZZO","87","36","48","F","","analitica","A","","PVP sales 1 (4261367); Storica Analitica visura per immobile - Catasto Fabbricati."
"visura-storica","AR","AREZZO","87","82","19","F","","analitica","A","","PVP sales 1 (4541425); Storica Analitica visura per immobile - Catasto Fabbricati."
"visura-storica","AR","AREZZO","87","82","6","F","","analitica","A","","PVP sales 1 (4541425); Storica Analitica visura per immobile - Catasto Fabbricati."
"visura-storica","AR","AREZZO","88","370","","F","","analitica","A","","PVP sales 1 (4222728); Storica Analitica visura per immobile - Catasto Fabbricati."
"visura-storica","AR","AREZZO","88","370","","T","","analitica","A","","PVP sales 1 (4222728); Storica Analitica visura per immobile - Catasto Terreni."
"visura-storica","AR","AREZZO","88","375","9","F","","analitica","A","","PVP sales 1 (4222728); Storica Analitica visura per immobile - Catasto Fabbricati."
"visura-storica","AR","AREZZO","88","392","","F","","analitica","A","","PVP sales 1 (4222728); Storica Analitica visura per immobile - Catasto Fabbricati."
"visura-storica","AR","AREZZO","88","392","","T","","analitica","A","","PVP sales 1 (4222728); Storica Analitica visura per immobile - Catasto Terreni."
"visura-storica","AR","AREZZO","89","152","13","F","","analitica","A","","PVP sales 1 (2112219); Storica Analitica visura per immobile - Catasto Fabbricati."
"visura-storica","AR","AREZZO","89","275","3","F","","analitica","A","","PVP sales 1 (2112219); Storica Analitica visura per immobile - Catasto Fabbricati."
"visura-storica","AR","AREZZO","11","314","38","F","","analitica","B","","PVP sales 1 (4419339); Storica Analitica visura per immobile - Catasto Fabbricati."
"visura-storica","AR","AREZZO","11","314","39","F","","analitica","B","","PVP sales 1 (4419339); Storica Analitica visura per immobile - Catasto Fabbricati."
"visura-storica","AR","AREZZO","16","389","","F","","analitica","B","","PVP sales 1 (4490822); Storica Analitica visura per immobile - Catasto Fabbricati."
"visura-storica","AR","AREZZO","16","389","","T","","analitica","B","","PVP sales 1 (4490822); Storica Analitica visura per immobile - Catasto Terreni."
"visura-storica","AR","AREZZO","16","390","","F","","analitica","B","","PVP sales 1 (4490822); Storica Analitica visura per immobile - Catasto Fabbricati."
"visura-storica","AR","AREZZO","16","390","","T","","analitica","B","","PVP sales 1 (4490822); Storica Analitica visura per immobile - Catasto Terreni."
"visura-storica","AR","AREZZO","17","167","7","F","","analitica","B","","PVP sales 1 (1517670); Storica Analitica visura per immobile - Catasto Fabbricati."
"visura-storica","AR","AREZZO","26","42","","F","","analitica","B","","PVP sales 1 (2259425); Storica Analitica visura per immobile - Catasto Fabbricati."
"visura-storica","AR","AREZZO","26","42","","T","","analitica","B","","PVP sales 1 (2259425); Storica Analitica visura per immobile - Catasto Terreni."
"visura-storica","AR","AREZZO","26","48","","F","","analitica","B","","PVP sales 1 (2259425); Storica Analitica visura per immobile - Catasto Fabbricati."
"visura-storica","AR","AREZZO","26","48","","T","","analitica","B","","PVP sales 1 (2259425); Storica Analitica visura per immobile - Catasto Terreni."
"visura-storica","AR","AREZZO","26","50","","F","","analitica","B","","PVP sales 1 (2259425); Storica Analitica visura per immobile - Catasto Fabbricati."
"visura-storica","AR","AREZZO","26","50","","T","","analitica","B","","PVP sales 1 (2259425); Storica Analitica visura per immobile - Catasto Terreni."
"visura-storica","AR","AREZZO","26","70","","F","","analitica","B","","PVP sales 1 (2259425); Storica Analitica visura per immobile - Catasto Fabbricati."
"visura-storica","AR","AREZZO","26","70","","T","","analitica","B","","PVP sales 1 (2259425); Storica Analitica visura per immobile - Catasto Terreni."
"visura-storica","AR","AREZZO","26","71","","F","","analitica","B","","PVP sales 1 (2259425); Storica Analitica visura per immobile - Catasto Fabbricati."
"visura-storica","AR","AREZZO","26","71","","T","","analitica","B","","PVP sales 1 (2259425); Storica Analitica visura per immobile - Catasto Terreni."
"visura-storica","AR","AREZZO","26","78","","F","","analitica","B","","PVP sales 1 (2259425); Storica Analitica visura per immobile - Catasto Fabbricati."
"visura-storica","AR","AREZZO","26","78","","T","","analitica","B","","PVP sales 1 (2259425); Storica Analitica visura per immobile - Catasto Terreni."
"visura-storica","AR","AREZZO","28","323","","F","","analitica","B","","PVP sales 1 (4232868); Storica Analitica visura per immobile - Catasto Fabbricati."
"visura-storica","AR","AREZZO","28","323","","T","","analitica","B","","PVP sales 1 (4232868); Storica Analitica visura per immobile - Catasto Terreni."
"visura-storica","AR","AREZZO","28","329","","F","","analitica","B","","PVP sales 1 (4232868); Storica Analitica visura per immobile - Catasto Fabbricati."
"visura-storica","AR","AREZZO","28","329","","T","","analitica","B","","PVP sales 1 (4232868); Storica Analitica visura per immobile - Catasto Terreni."
"visura-storica","AR","AREZZO","28","331","","F","","analitica","B","","PVP sales 1 (4232868); Storica Analitica visura per immobile - Catasto Fabbricati."
"visura-storica","AR","AREZZO","28","331","","T","","analitica","B","","PVP sales 1 (4232868); Storica Analitica visura per immobile - Catasto Terreni."
"visura-storica","AR","AREZZO","29","144","15","F","","analitica","B","","PVP sales 1 (4244689); Storica Analitica visura per immobile - Catasto Fabbricati."
"visura-storica","AR","AREZZO","35","90","3","F","","analitica","B","","PVP sales 1 (2127154); Storica Analitica visura per immobile - Catasto Fabbricati."
"visura-storica","AR","AREZZO","38","583","1","F","","analitica","B","","PVP sales 1 (4276420); Storica Analitica visura per immobile - Catasto Fabbricati."
"visura-storica","AR","AREZZO","38","583","39","F","","analitica","B","","PVP sales 1 (4276420); Storica Analitica visura per immobile - Catasto Fabbricati."
"visura-storica","AR","AREZZO","38","583","64","F","","analitica","B","","PVP sales 1 (4276420); Storica Analitica visura per immobile - Catasto Fabbricati."
"visura-storica","AR","AREZZO","46","37","13","F","","analitica","B","","PVP sales 1 (4444083); Storica Analitica visura per immobile - Catasto Fabbricati."
"visura-storica","AR","AREZZO","46","37","30","F","","analitica","B","","PVP sales 1 (4444083); Storica Analitica visura per immobile - Catasto Fabbricati."
"visura-storica","AR","AREZZO","46","37","4","F","","analitica","B","","PVP sales 1 (4444083); Storica Analitica visura per immobile - Catasto Fabbricati."
"visura-storica","AR","AREZZO","54","119","","F","","analitica","B","","PVP sales 1 (2246314); Storica Analitica visura per immobile - Catasto Fabbricati."
"visura-storica","AR","AREZZO","54","119","","T","","analitica","B","","PVP sales 1 (2246314); Storica Analitica visura per immobile - Catasto Terreni."
"visura-storica","AR","AREZZO","54","119","3","F","","analitica","B","","PVP sales 1 (4269213); Storica Analitica visura per immobile - Catasto Fabbricati."
"visura-storica","AR","AREZZO","55","78","1","F","","analitica","B","","PVP sales 2 (4445789,4544625); Storica Analitica visura per immobile - Catasto Fabbricati."
"visura-storica","AR","AREZZO","55","857","1","F","","analitica","B","","PVP sales 7 (4457787,4457789,4458125,4458145,4458172 +2 more); Storica Analitica visura per immobile - Catasto Fabbricati."
"visura-storica","AR","AREZZO","55","857","17","F","","analitica","B","","PVP sales 1 (4458145); Storica Analitica visura per immobile - Catasto Fabbricati."
"visura-storica","AR","AREZZO","55","857","18","F","","analitica","B","","PVP sales 1 (4457787); Storica Analitica visura per immobile - Catasto Fabbricati."
"visura-storica","AR","AREZZO","55","857","19","F","","analitica","B","","PVP sales 1 (4457787); Storica Analitica visura per immobile - Catasto Fabbricati."
"visura-storica","AR","AREZZO","55","857","2","F","","analitica","B","","PVP sales 7 (4457787,4457789,4458125,4458145,4458172 +2 more); Storica Analitica visura per immobile - Catasto Fabbricati."
"visura-storica","AR","AREZZO","55","857","20","F","","analitica","B","","PVP sales 1 (4458145); Storica Analitica visura per immobile - Catasto Fabbricati."
"visura-storica","AR","AREZZO","55","857","21","F","","analitica","B","","PVP sales 1 (4458188); Storica Analitica visura per immobile - Catasto Fabbricati."
"visura-storica","AR","AREZZO","55","857","22","F","","analitica","B","","PVP sales 1 (4458188); Storica Analitica visura per immobile - Catasto Fabbricati."
"visura-storica","AR","AREZZO","55","857","23","F","","analitica","B","","PVP sales 1 (4458189); Storica Analitica visura per immobile - Catasto Fabbricati."
"visura-storica","AR","AREZZO","55","857","24","F","","analitica","B","","PVP sales 1 (4457789); Storica Analitica visura per immobile - Catasto Fabbricati."
"visura-storica","AR","AREZZO","55","857","25","F","","analitica","B","","PVP sales 1 (4458125); Storica Analitica visura per immobile - Catasto Fabbricati."
"visura-storica","AR","AREZZO","55","857","26","F","","analitica","B","","PVP sales 1 (4458172); Storica Analitica visura per immobile - Catasto Fabbricati."
"visura-storica","AR","AREZZO","55","857","27","F","","analitica","B","","PVP sales 1 (4457789); Storica Analitica visura per immobile - Catasto Fabbricati."
"visura-storica","AR","AREZZO","55","857","28","F","","analitica","B","","PVP sales 1 (4458172); Storica Analitica visura per immobile - Catasto Fabbricati."
"visura-storica","AR","AREZZO","55","857","29","F","","analitica","B","","PVP sales 1 (4458125); Storica Analitica visura per immobile - Catasto Fabbricati."
"visura-storica","AR","AREZZO","55","857","3","F","","analitica","B","","PVP sales 7 (4457787,4457789,4458125,4458145,4458172 +2 more); Storica Analitica visura per immobile - Catasto Fabbricati."
"visura-storica","AR","AREZZO","55","857","30","F","","analitica","B","","PVP sales 1 (4458189); Storica Analitica visura per immobile - Catasto Fabbricati."
"visura-storica","AR","AREZZO","57","59","","F","","analitica","B","","PVP sales 1 (1804344); Storica Analitica visura per immobile - Catasto Fabbricati."
"visura-storica","AR","AREZZO","57","59","","T","","analitica","B","","PVP sales 1 (1804344); Storica Analitica visura per immobile - Catasto Terreni."
"visura-storica","AR","AREZZO","57","59","1","F","","analitica","B","","PVP sales 1 (1664330); Storica Analitica visura per immobile - Catasto Fabbricati."
"visura-storica","AR","AREZZO","57","62","8","F","","analitica","B","","PVP sales 1 (1664330); Storica Analitica visura per immobile - Catasto Fabbricati."
"visura-storica","AR","AREZZO","57","62","9","F","","analitica","B","","PVP sales 1 (1664330); Storica Analitica visura per immobile - Catasto Fabbricati."
"visura-storica","AR","AREZZO","65","139","4","F","","analitica","B","","PVP sales 1 (4417503); Storica Analitica visura per immobile - Catasto Fabbricati."
"visura-storica","AR","AREZZO","66","1030","1","F","","analitica","B","","PVP sales 1 (2222113); Storica Analitica visura per immobile - Catasto Fabbricati."
"visura-storica","AR","AREZZO","66","1030","4","F","","analitica","B","","PVP sales 1 (2222113); Storica Analitica visura per immobile - Catasto Fabbricati."
"visura-storica","AR","AREZZO","66","1030","5","F","","analitica","B","","PVP sales 1 (2222113); Storica Analitica visura per immobile - Catasto Fabbricati."
"visura-storica","AR","AREZZO","66","278","10","F","","analitica","B","","PVP sales 1 (2105466); Storica Analitica visura per immobile - Catasto Fabbricati."
"visura-storica","AR","AREZZO","66","278","11","F","","analitica","B","","PVP sales 1 (2105466); Storica Analitica visura per immobile - Catasto Fabbricati."
"visura-storica","AR","AREZZO","66","278","12","F","","analitica","B","","PVP sales 1 (2105466); Storica Analitica visura per immobile - Catasto Fabbricati."
"visura-storica","AR","AREZZO","66","278","2","F","","analitica","B","","PVP sales 1 (2105466); Storica Analitica visura per immobile - Catasto Fabbricati."
"visura-storica","AR","AREZZO","66","278","3","F","","analitica","B","","PVP sales 1 (2105466); Storica Analitica visura per immobile - Catasto Fabbricati."
"visura-storica","AR","AREZZO","66","278","4","F","","analitica","B","","PVP sales 1 (2105466); Storica Analitica visura per immobile - Catasto Fabbricati."
"visura-storica","AR","AREZZO","66","278","5","F","","analitica","B","","PVP sales 1 (2105466); Storica Analitica visura per immobile - Catasto Fabbricati."
"visura-storica","AR","AREZZO","66","278","6","F","","analitica","B","","PVP sales 1 (2105466); Storica Analitica visura per immobile - Catasto Fabbricati."
"visura-storica","AR","AREZZO","66","278","7","F","","analitica","B","","PVP sales 1 (2105466); Storica Analitica visura per immobile - Catasto Fabbricati."
"visura-storica","AR","AREZZO","66","278","8","F","","analitica","B","","PVP sales 1 (2105466); Storica Analitica visura per immobile - Catasto Fabbricati."
"visura-storica","AR","AREZZO","66","278","9","F","","analitica","B","","PVP sales 1 (2105466); Storica Analitica visura per immobile - Catasto Fabbricati."
"visura-storica","AR","AREZZO","66","280","","F","","analitica","B","","PVP sales 1 (2105466); Storica Analitica visura per immobile - Catasto Fabbricati."
"visura-storica","AR","AREZZO","66","280","","T","","analitica","B","","PVP sales 1 (2105466); Storica Analitica visura per immobile - Catasto Terreni."
"visura-storica","AR","AREZZO","66","281","","F","","analitica","B","","PVP sales 1 (2105466); Storica Analitica visura per immobile - Catasto Fabbricati."
"visura-storica","AR","AREZZO","66","281","","T","","analitica","B","","PVP sales 1 (2105466); Storica Analitica visura per immobile - Catasto Terreni."
"visura-storica","AR","AREZZO","66","282","","F","","analitica","B","","PVP sales 1 (2105466); Storica Analitica visura per immobile - Catasto Fabbricati."
"visura-storica","AR","AREZZO","66","282","","T","","analitica","B","","PVP sales 1 (2105466); Storica Analitica visura per immobile - Catasto Terreni."
"visura-storica","AR","AREZZO","66","283","","F","","analitica","B","","PVP sales 1 (2105466); Storica Analitica visura per immobile - Catasto Fabbricati."
"visura-storica","AR","AREZZO","66","283","","T","","analitica","B","","PVP sales 1 (2105466); Storica Analitica visura per immobile - Catasto Terreni."
"visura-storica","AR","AREZZO","66","292","","F","","analitica","B","","PVP sales 1 (2105466); Storica Analitica visura per immobile - Catasto Fabbricati."
"visura-storica","AR","AREZZO","66","292","","T","","analitica","B","","PVP sales 1 (2105466); Storica Analitica visura per immobile - Catasto Terreni."
"visura-storica","AR","AREZZO","66","352","","F","","analitica","B","","PVP sales 1 (2105466); Storica Analitica visura per immobile - Catasto Fabbricati."
"visura-storica","AR","AREZZO","66","352","","T","","analitica","B","","PVP sales 1 (2105466); Storica Analitica visura per immobile - Catasto Terreni."
"visura-storica","AR","AREZZO","66","671","","F","","analitica","B","","PVP sales 1 (2105466); Storica Analitica visura per immobile - Catasto Fabbricati."
"visura-storica","AR","AREZZO","66","671","","T","","analitica","B","","PVP sales 1 (2105466); Storica Analitica visura per immobile - Catasto Terreni."
"visura-storica","AR","AREZZO","84","108","11","F","","analitica","B","","PVP sales 3 (4442605,4489672,4550567); Storica Analitica visura per immobile - Catasto Fabbricati."
"visura-storica","AR","AREZZO","84","108","13","F","","analitica","B","","PVP sales 3 (4442675,4489679,4550576); Storica Analitica visura per immobile - Catasto Fabbricati."
"visura-storica","AR","AREZZO","84","108","18","F","","analitica","B","","PVP sales 6 (4442605,4442675,4489672,4489679,4550567 +1 more); Storica Analitica visura per immobile - Catasto Fabbricati."
"visura-storica","AR","AREZZO","84","108","19","F","","analitica","B","","PVP sales 6 (4442605,4442675,4489672,4489679,4550567 +1 more); Storica Analitica visura per immobile - Catasto Fabbricati."
"visura-storica","AR","AREZZO","84","108","9","F","","analitica","B","","PVP sales 3 (4442675,4489679,4550576); Storica Analitica visura per immobile - Catasto Fabbricati."
"visura-storica","AR","AREZZO","84","630","","F","","analitica","B","","PVP sales 6 (4442605,4442675,4489672,4489679,4550567 +1 more); Storica Analitica visura per immobile - Catasto Fabbricati."
"visura-storica","AR","AREZZO","84","630","","T","","analitica","B","","PVP sales 6 (4442605,4442675,4489672,4489679,4550567 +1 more); Storica Analitica visura per immobile - Catasto Terreni."
"visura-storica","AR","AREZZO","84","631","","F","","analitica","B","","PVP sales 6 (4442605,4442675,4489672,4489679,4550567 +1 more); Storica Analitica visura per immobile - Catasto Fabbricati."
"visura-storica","AR","AREZZO","84","631","","T","","analitica","B","","PVP sales 6 (4442605,4442675,4489672,4489679,4550567 +1 more); Storica Analitica visura per immobile - Catasto Terreni."
"visura-storica","AR","AREZZO","84","632","","F","","analitica","B","","PVP sales 6 (4442605,4442675,4489672,4489679,4550567 +1 more); Storica Analitica visura per immobile - Catasto Fabbricati."
"visura-storica","AR","AREZZO","84","632","","T","","analitica","B","","PVP sales 6 (4442605,4442675,4489672,4489679,4550567 +1 more); Storica Analitica visura per immobile - Catasto Terreni."
"visura-storica","AR","AREZZO","85","1031","","F","","analitica","B","","PVP sales 1 (976806); Storica Analitica visura per immobile - Catasto Fabbricati."
"visura-storica","AR","AREZZO","85","1031","","T","","analitica","B","","PVP sales 1 (976806); Storica Analitica visura per immobile - Catasto Terreni."
"visura-storica","AR","AREZZO","85","1033","","F","","analitica","B","","PVP sales 1 (4254642); Storica Analitica visura per immobile - Catasto Fabbricati."
"visura-storica","AR","AREZZO","85","1033","","T","","analitica","B","","PVP sales 1 (4254642); Storica Analitica visura per immobile - Catasto Terreni."
"visura-storica","AR","AREZZO","85","165","19","F","","analitica","B","","PVP sales 1 (4243014); Storica Analitica visura per immobile - Catasto Fabbricati."
"visura-storica","AR","AREZZO","85","203","","F","","analitica","B","","PVP sales 1 (4254642); Storica Analitica visura per immobile - Catasto Fabbricati."
"visura-storica","AR","AREZZO","85","203","","T","","analitica","B","","PVP sales 1 (4254642); Storica Analitica visura per immobile - Catasto Terreni."
"visura-storica","AR","AREZZO","85","222","2","F","","analitica","B","","PVP sales 1 (976806); Storica Analitica visura per immobile - Catasto Fabbricati."
"visura-storica","AR","AREZZO","85","223","","F","","analitica","B","","PVP sales 1 (4254642); Storica Analitica visura per immobile - Catasto Fabbricati."
"visura-storica","AR","AREZZO","85","223","","T","","analitica","B","","PVP sales 1 (4254642); Storica Analitica visura per immobile - Catasto Terreni."
"visura-storica","AR","AREZZO","85","417","","F","","analitica","B","","PVP sales 1 (4254642); Storica Analitica visura per immobile - Catasto Fabbricati."
"visura-storica","AR","AREZZO","85","417","","T","","analitica","B","","PVP sales 1 (4254642); Storica Analitica visura per immobile - Catasto Terreni."
"visura-storica","AR","AREZZO","85","590","","F","","analitica","B","","PVP sales 1 (4254642); Storica Analitica visura per immobile - Catasto Fabbricati."
"visura-storica","AR","AREZZO","85","590","","T","","analitica","B","","PVP sales 1 (4254642); Storica Analitica visura per immobile - Catasto Terreni."
"visura-storica","AR","AREZZO","85","881","1","F","","analitica","B","","PVP sales 1 (4247681); Storica Analitica visura per immobile - Catasto Fabbricati."
"visura-storica","AR","AREZZO","85","881","2","F","","analitica","B","","PVP sales 1 (4247681); Storica Analitica visura per immobile - Catasto Fabbricati."
"visura-storica","AR","AREZZO","85","881","3","F","","analitica","B","","PVP sales 1 (4247681); Storica Analitica visura per immobile - Catasto Fabbricati."
"visura-storica","AR","AREZZO","85","886","1","F","","analitica","B","","PVP sales 1 (4247673); Storica Analitica visura per immobile - Catasto Fabbricati."
"visura-storica","AR","AREZZO","85","886","2","F","","analitica","B","","PVP sales 1 (4247673); Storica Analitica visura per immobile - Catasto Fabbricati."
"visura-storica","AR","AREZZO","85","886","3","F","","analitica","B","","PVP sales 1 (4247673); Storica Analitica visura per immobile - Catasto Fabbricati."
"visura-storica","AR","AREZZO","85","889","3","F","","analitica","B","","PVP sales 1 (4247678); Storica Analitica visura per immobile - Catasto Fabbricati."
"visura-storica","AR","AREZZO","85","908","","F","","analitica","B","","PVP sales 2 (4449341,4544281); Storica Analitica visura per immobile - Catasto Fabbricati."
"visura-storica","AR","AREZZO","85","908","","T","","analitica","B","","PVP sales 2 (4449341,4544281); Storica Analitica visura per immobile - Catasto Terreni."
"visura-storica","AR","AREZZO","85","969","","F","","analitica","B","","PVP sales 2 (4449341,4544281); Storica Analitica visura per immobile - Catasto Fabbricati."
"visura-storica","AR","AREZZO","85","969","","T","","analitica","B","","PVP sales 2 (4449341,4544281); Storica Analitica visura per immobile - Catasto Terreni."
"visura-storica","AR","AREZZO","85","970","","F","","analitica","B","","PVP sales 2 (4449341,4544281); Storica Analitica visura per immobile - Catasto Fabbricati."
"visura-storica","AR","AREZZO","85","970","","T","","analitica","B","","PVP sales 2 (4449341,4544281); Storica Analitica visura per immobile - Catasto Terreni."
"visura-storica","AR","AREZZO","85","99","","F","","analitica","B","","PVP sales 2 (4449341,4544281); Storica Analitica visura per immobile - Catasto Fabbricati."
"visura-storica","AR","AREZZO","85","99","","T","","analitica","B","","PVP sales 2 (4449341,4544281); Storica Analitica visura per immobile - Catasto Terreni."
"visura-storica","AR","AREZZO","91","207","","F","","analitica","B","","PVP sales 1 (2066997); Storica Analitica visura per immobile - Catasto Fabbricati."
"visura-storica","AR","AREZZO","91","207","","T","","analitica","B","","PVP sales 1 (2066997); Storica Analitica visura per immobile - Catasto Terreni."
"visura-storica","AR","AREZZO","93","235","1","F","","analitica","B","","PVP sales 3 (4438968,4491851,4529865); Storica Analitica visura per immobile - Catasto Fabbricati."
"visura-storica","AR","AREZZO","93","235","2","F","","analitica","B","","PVP sales 3 (4438968,4491851,4529865); Storica Analitica visura per immobile - Catasto Fabbricati."
"visura-storica","AR","AREZZO","93","235","3","F","","analitica","B","","PVP sales 2 (4491851,4529865); Storica Analitica visura per immobile - Catasto Fabbricati."
"visura-storica","AR","AREZZO","93","363","2","F","","analitica","B","","PVP sales 2 (4484851,4551507); Storica Analitica visura per immobile - Catasto Fabbricati."
"visura-storica","AR","AREZZO","93","363","3","F","","analitica","B","","PVP sales 2 (4484851,4551507); Storica Analitica visura per immobile - Catasto Fabbricati."
"visura-storica","AR","AREZZO","83","143","","F","","analitica","C","","PVP sales 2 (4417352,4515394); Storica Analitica visura per immobile - Catasto Fabbricati."
"visura-storica","AR","AREZZO","83","143","","T","","analitica","C","","PVP sales 2 (4417352,4515394); Storica Analitica visura per immobile - Catasto Terreni."
"visura-storica","AR","AREZZO","83","144","","F","","analitica","C","","PVP sales 2 (4417352,4515394); Storica Analitica visura per immobile - Catasto Fabbricati."
"visura-storica","AR","AREZZO","83","144","","T","","analitica","C","","PVP sales 2 (4417352,4515394); Storica Analitica visura per immobile - Catasto Terreni."
"visura-storica","AR","AREZZO","83","146","","F","","analitica","C","","PVP sales 2 (4417352,4515394); Storica Analitica visura per immobile - Catasto Fabbricati."
"visura-storica","AR","AREZZO","83","146","","T","","analitica","C","","PVP sales 2 (4417352,4515394); Storica Analitica visura per immobile - Catasto Terreni."
"visura-storica","AR","AREZZO","83","254","","F","","analitica","C","","PVP sales 2 (4417352,4515394); Storica Analitica visura per immobile - Catasto Fabbricati."
"visura-storica","AR","AREZZO","83","254","","T","","analitica","C","","PVP sales 2 (4417352,4515394); Storica Analitica visura per immobile - Catasto Terreni."
"visura-storica","AR","AREZZO","83","257","","F","","analitica","C","","PVP sales 2 (4417352,4515394); Storica Analitica visura per immobile - Catasto Fabbricati."
"visura-storica","AR","AREZZO","83","257","","T","","analitica","C","","PVP sales 2 (4417352,4515394); Storica Analitica visura per immobile - Catasto Terreni."
"visura-storica","AR","AREZZO","83","258","","F","","analitica","C","","PVP sales 2 (4417352,4515394); Storica Analitica visura per immobile - Catasto Fabbricati."
"visura-storica","AR","AREZZO","83","258","","T","","analitica","C","","PVP sales 2 (4417352,4515394); Storica Analitica visura per immobile - Catasto Terreni."
"visura-storica","AR","AREZZO","83","259","","F","","analitica","C","","PVP sales 2 (4417352,4515394); Storica Analitica visura per immobile - Catasto Fabbricati."
"visura-storica","AR","AREZZO","83","259","","T","","analitica","C","","PVP sales 2 (4417352,4515394); Storica Analitica visura per immobile - Catasto Terreni."
"visura-storica","AR","AREZZO","83","260","","F","","analitica","C","","PVP sales 2 (4417352,4515394); Storica Analitica visura per immobile - Catasto Fabbricati."
"visura-storica","AR","AREZZO","83","260","","T","","analitica","C","","PVP sales 2 (4417352,4515394); Storica Analitica visura per immobile - Catasto Terreni."
"visura-storica","AR","AREZZO","83","261","","F","","analitica","C","","PVP sales 2 (4417352,4515394); Storica Analitica visura per immobile - Catasto Fabbricati."
"visura-storica","AR","AREZZO","83","261","","T","","analitica","C","","PVP sales 2 (4417352,4515394); Storica Analitica visura per immobile - Catasto Terreni."
"visura-storica","AR","AREZZO","83","264","","F","","analitica","C","","PVP sales 2 (4417352,4515394); Storica Analitica visura per immobile - Catasto Fabbricati."
"visura-storica","AR","AREZZO","83","264","","T","","analitica","C","","PVP sales 2 (4417352,4515394); Storica Analitica visura per immobile - Catasto Terreni."
"visura-storica","AR","AREZZO","83","265","","F","","analitica","C","","PVP sales 2 (4417352,4515394); Storica Analitica visura per immobile - Catasto Fabbricati."
"visura-storica","AR","AREZZO","83","265","","T","","analitica","C","","PVP sales 2 (4417352,4515394); Storica Analitica visura per immobile - Catasto Terreni."
"visura-storica","AR","AREZZO","83","266","","F","","analitica","C","","PVP sales 2 (4417352,4515394); Storica Analitica visura per immobile - Catasto Fabbricati."
"visura-storica","AR","AREZZO","83","266","","T","","analitica","C","","PVP sales 2 (4417352,4515394); Storica Analitica visura per immobile - Catasto Terreni."
"visura-storica","AR","AREZZO","83","288","","F","","analitica","C","","PVP sales 2 (4417352,4515394); Storica Analitica visura per immobile - Catasto Fabbricati."
"visura-storica","AR","AREZZO","83","288","","T","","analitica","C","","PVP sales 2 (4417352,4515394); Storica Analitica visura per immobile - Catasto Terreni."
"visura-storica","AR","AREZZO","104","173","","F","","analitica","VALDARNO","","PVP sales 1 (2088564); Storica Analitica visura per immobile - Catasto Fabbricati."
"visura-storica","AR","AREZZO","104","173","","T","","analitica","VALDARNO","","PVP sales 1 (2088564); Storica Analitica visura per immobile - Catasto Terreni."
"visura-storica","AR","BADIA TEDALDA","26","101","","F","","analitica","","","PVP sales 1 (4441540); Storica Analitica visura per immobile - Catasto Fabbricati."
"visura-storica","AR","BADIA TEDALDA","26","101","","T","","analitica","","","PVP sales 1 (4441540); Storica Analitica visura per immobile - Catasto Terreni."
"visura-storica","AR","BADIA TEDALDA","26","95","","F","","analitica","","","PVP sales 1 (4441540); Storica Analitica visura per immobile - Catasto Fabbricati."
"visura-storica","AR","BADIA TEDALDA","26","95","","T","","analitica","","","PVP sales 1 (4441540); Storica Analitica visura per immobile - Catasto Terreni."
"visura-storica","AR","BADIA TEDALDA","26","96","","F","","analitica","","","PVP sales 1 (4441540); Storica Analitica visura per immobile - Catasto Fabbricati."
"visura-storica","AR","BADIA TEDALDA","26","96","","T","","analitica","","","PVP sales 1 (4441540); Storica Analitica visura per immobile - Catasto Terreni."
"visura-storica","AR","BADIA TEDALDA","26","98","4","F","","analitica","","","PVP sales 1 (4441540); Storica Analitica visura per immobile - Catasto Fabbricati."
"visura-storica","AR","BADIA TEDALDA","26","98","5","F","","analitica","","","PVP sales 1 (4441540); Storica Analitica visura per immobile - Catasto Fabbricati."
"visura-storica","AR","BADIA TEDALDA","26","98","6","F","","analitica","","","PVP sales 1 (4441540); Storica Analitica visura per immobile - Catasto Fabbricati."
"visura-storica","AR","BIBBIENA","27","161","16","F","","analitica","","","PVP sales 2 (4465789,4476139); Storica Analitica visura per immobile - Catasto Fabbricati."
"visura-storica","AR","BIBBIENA","27","161","30","F","","analitica","","","PVP sales 2 (4465789,4476139); Storica Analitica visura per immobile - Catasto Fabbricati."
"visura-storica","AR","BIBBIENA","29","1171","4","F","","analitica","","","PVP sales 1 (1803509); Storica Analitica visura per immobile - Catasto Fabbricati."
"visura-storica","AR","BIBBIENA","29","367","","T","","analitica","","","PVP sales 2 (4445279,4491602); Storica Analitica visura per immobile - Catasto Terreni."
"visura-storica","AR","BIBBIENA","29","368","","F","","analitica","","","PVP sales 2 (4445279,4491602); Storica Analitica visura per immobile - Catasto Fabbricati."
"visura-storica","AR","BIBBIENA","29","417","10","F","","analitica","","","PVP sales 1 (2245765); Storica Analitica visura per immobile - Catasto Fabbricati."
"visura-storica","AR","BIBBIENA","29","66","9","F","","analitica","","","PVP sales 1 (4525990); Storica Analitica visura per immobile - Catasto Fabbricati."
"visura-storica","AR","BIBBIENA","29","667","6","F","","analitica","","","PVP sales 3 (4401318,4484915,4528261); Storica Analitica visura per immobile - Catasto Fabbricati."
"visura-storica","AR","BIBBIENA","29","667","8","F","","analitica","","","PVP sales 2 (4484915,4528261); Storica Analitica visura per immobile - Catasto Fabbricati."
"visura-storica","AR","BIBBIENA","29","89","11","F","","analitica","","","PVP sales 1 (2245765); Storica Analitica visura per immobile - Catasto Fabbricati."
"visura-storica","AR","BIBBIENA","29","94","8","F","","analitica","","","PVP sales 1 (2245765); Storica Analitica visura per immobile - Catasto Fabbricati."
"visura-storica","AR","BIBBIENA","29","95","12","F","","analitica","","","PVP sales 1 (2245765); Storica Analitica visura per immobile - Catasto Fabbricati."
"visura-storica","AR","BIBBIENA","30","262","2","F","","analitica","","","PVP sales 1 (4473043); Storica Analitica visura per immobile - Catasto Fabbricati."
"visura-storica","AR","BIBBIENA","31","328","3","F","","analitica","","","PVP sales 1 (1927568); Storica Analitica visura per immobile - Catasto Fabbricati."
"visura-storica","AR","BIBBIENA","31","332","","F","","analitica","","","PVP sales 2 (1927581,2081743); Storica Analitica visura per immobile - Catasto Fabbricati."
"visura-storica","AR","BIBBIENA","31","332","","T","","analitica","","","PVP sales 2 (1927581,2081743); Storica Analitica visura per immobile - Catasto Terreni."
"visura-storica","AR","BIBBIENA","31","353","","F","","analitica","","","PVP sales 1 (1927571); Storica Analitica visura per immobile - Catasto Fabbricati."
"visura-storica","AR","BIBBIENA","31","353","","T","","analitica","","","PVP sales 1 (1927571); Storica Analitica visura per immobile - Catasto Terreni."
"visura-storica","AR","BIBBIENA","31","719","","F","","analitica","","","PVP sales 2 (1927581,2081743); Storica Analitica visura per immobile - Catasto Fabbricati."
"visura-storica","AR","BIBBIENA","31","719","","T","","analitica","","","PVP sales 2 (1927581,2081743); Storica Analitica visura per immobile - Catasto Terreni."
"visura-storica","AR","BIBBIENA","31","751","1","F","","analitica","","","PVP sales 1 (1927571); Storica Analitica visura per immobile - Catasto Fabbricati."
"visura-storica","AR","BIBBIENA","43","93","1","F","","analitica","","","PVP sales 2 (1621182,1889129); Storica Analitica visura per immobile - Catasto Fabbricati."
"visura-storica","AR","BIBBIENA","67","66","10","F","","analitica","","","PVP sales 1 (1580552); Storica Analitica visura per immobile - Catasto Fabbricati."
"visura-storica","AR","BIBBIENA","67","66","8","F","","analitica","","","PVP sales 1 (1580552); Storica Analitica visura per immobile - Catasto Fabbricati."
"visura-storica","AR","BIBBIENA","80","1328","22","F","","analitica","","","PVP sales 1 (1729486); Storica Analitica visura per immobile - Catasto Fabbricati."
"visura-storica","AR","BIBBIENA","80","1328","24","F","","analitica","","","PVP sales 1 (1729486); Storica Analitica visura per immobile - Catasto Fabbricati."
"visura-storica","AR","BIBBIENA","80","1328","29","F","","analitica","","","PVP sales 1 (1729486); Storica Analitica visura per immobile - Catasto Fabbricati."
"visura-storica","AR","BIBBIENA","80","1328","30","F","","analitica","","","PVP sales 1 (1729486); Storica Analitica visura per immobile - Catasto Fabbricati."
"visura-storica","AR","BIBBIENA","80","1328","31","F","","analitica","","","PVP sales 1 (1729486); Storica Analitica visura per immobile - Catasto Fabbricati."
"visura-storica","AR","BIBBIENA","80","1328","33","F","","analitica","","","PVP sales 1 (1729486); Storica Analitica visura per immobile - Catasto Fabbricati."
"visura-storica","AR","BIBBIENA","81","188","","F","","analitica","","","PVP sales 1 (4424038); Storica Analitica visura per immobile - Catasto Fabbricati."
"visura-storica","AR","BIBBIENA","81","188","","T","","analitica","","","PVP sales 1 (4424038); Storica Analitica visura per immobile - Catasto Terreni."
"visura-storica","AR","BIBBIENA","81","188","9","F","","analitica","","","PVP sales 1 (4511780); Storica Analitica visura per immobile - Catasto Fabbricati."
"visura-storica","AR","BIBBIENA","65","221","19","F","","analitica","FABB","","PVP sales 1 (4264506); Storica Analitica visura per immobile - Catasto Fabbricati."
"visura-storica","AR","BIBBIENA","65","221","39","F","","analitica","FABB","","PVP sales 1 (4264506); Storica Analitica visura per immobile - Catasto Fabbricati."
"visura-storica","AR","BIBBIENA","65","221","19","F","","analitica","FABBR","","PVP sales 1 (2168938); Storica Analitica visura per immobile - Catasto Fabbricati."
"visura-storica","AR","BIBBIENA","65","221","39","F","","analitica","FABBR","","PVP sales 1 (2168938); Storica Analitica visura per immobile - Catasto Fabbricati."
"visura-storica","AR","BUCINE","1","182","15","F","","analitica","","","PVP sales 1 (662553); Storica Analitica visura per immobile - Catasto Fabbricati."
"visura-storica","AR","BUCINE","1","182","16","F","","analitica","","","PVP sales 1 (662553); Storica Analitica visura per immobile - Catasto Fabbricati."
"visura-storica","AR","BUCINE","1","182","17","F","","analitica","","","PVP sales 1 (662553); Storica Analitica visura per immobile - Catasto Fabbricati."
"visura-storica","AR","BUCINE","1","182","18","F","","analitica","","","PVP sales 1 (662553); Storica Analitica visura per immobile - Catasto Fabbricati."
"visura-storica","AR","BUCINE","1","182","19","F","","analitica","","","PVP sales 1 (662553); Storica Analitica visura per immobile - Catasto Fabbricati."
"visura-storica","AR","BUCINE","1","182","9","F","","analitica","","","PVP sales 1 (662553); Storica Analitica visura per immobile - Catasto Fabbricati."
"visura-storica","AR","BUCINE","11","245","12","F","","analitica","","","PVP sales 1 (4565694); Storica Analitica visura per immobile - Catasto Fabbricati."
"visura-storica","AR","BUCINE","11","245","13","F","","analitica","","","PVP sales 1 (4565694); Storica Analitica visura per immobile - Catasto Fabbricati."
"visura-storica","AR","BUCINE","14","77","2","F","","analitica","","","PVP sales 1 (4528233); Storica Analitica visura per immobile - Catasto Fabbricati."
"visura-storica","AR","BUCINE","14","83","","F","","analitica","","","PVP sales 1 (4528233); Storica Analitica visura per immobile - Catasto Fabbricati."
"visura-storica","AR","BUCINE","14","84","","F","","analitica","","","PVP sales 1 (4528233); Storica Analitica visura per immobile - Catasto Fabbricati."
"visura-storica","AR","BUCINE","15","172","20","F","","analitica","","","PVP sales 1 (2109106); Storica Analitica visura per immobile - Catasto Fabbricati."
"visura-storica","AR","BUCINE","15","172","21","F","","analitica","","","PVP sales 1 (2109106); Storica Analitica visura per immobile - Catasto Fabbricati."
"visura-storica","AR","BUCINE","15","203","","F","","analitica","","","PVP sales 3 (4429717,4464856,4529419); Storica Analitica visura per immobile - Catasto Fabbricati."
"visura-storica","AR","BUCINE","15","203","","T","","analitica","","","PVP sales 3 (4429717,4464856,4529419); Storica Analitica visura per immobile - Catasto Terreni."
"visura-storica","AR","BUCINE","15","203","9","F","","analitica","","","PVP sales 3 (4429717,4464856,4529419); Storica Analitica visura per immobile - Catasto Fabbricati."
"visura-storica","AR","BUCINE","56","148","6","F","","analitica","","","PVP sales 1 (4464842); Storica Analitica visura per immobile - Catasto Fabbricati."
"visura-storica","AR","BUCINE","56","148","7","F","","analitica","","","PVP sales 1 (4464842); Storica Analitica visura per immobile - Catasto Fabbricati."
"visura-storica","AR","BUCINE","56","165","","F","","analitica","","","PVP sales 1 (4464842); Storica Analitica visura per immobile - Catasto Fabbricati."
"visura-storica","AR","BUCINE","56","165","","T","","analitica","","","PVP sales 1 (4464842); Storica Analitica visura per immobile - Catasto Terreni."
"visura-storica","AR","BUCINE","56","166","","F","","analitica","","","PVP sales 1 (4464842); Storica Analitica visura per immobile - Catasto Fabbricati."
"visura-storica","AR","BUCINE","56","166","","T","","analitica","","","PVP sales 1 (4464842); Storica Analitica visura per immobile - Catasto Terreni."
"visura-storica","AR","BUCINE","56","750","4","F","","analitica","","","PVP sales 1 (4449270); Storica Analitica visura per immobile - Catasto Fabbricati."
"visura-storica","AR","BUCINE","56","750","8","F","","analitica","","","PVP sales 1 (4449270); Storica Analitica visura per immobile - Catasto Fabbricati."
"visura-storica","AR","BUCINE","79","1141","","T","","analitica","","","PVP sales 1 (332632); Storica Analitica visura per immobile - Catasto Terreni."
"visura-storica","AR","BUCINE","79","1170","","T","","analitica","","","PVP sales 1 (332632); Storica Analitica visura per immobile - Catasto Terreni."
"visura-storica","AR","BUCINE","79","1295","","T","","analitica","","","PVP sales 1 (332632); Storica Analitica visura per immobile - Catasto Terreni."
"visura-storica","AR","BUCINE","79","1296","","T","","analitica","","","PVP sales 1 (332632); Storica Analitica visura per immobile - Catasto Terreni."
"visura-storica","AR","BUCINE","79","1321","","T","","analitica","","","PVP sales 1 (332632); Storica Analitica visura per immobile - Catasto Terreni."
"visura-storica","AR","BUCINE","79","1322","","T","","analitica","","","PVP sales 1 (332632); Storica Analitica visura per immobile - Catasto Terreni."
"visura-storica","AR","BUCINE","79","1323","","T","","analitica","","","PVP sales 1 (332632); Storica Analitica visura per immobile - Catasto Terreni."
"visura-storica","AR","BUCINE","79","1324","","T","","analitica","","","PVP sales 1 (332632); Storica Analitica visura per immobile - Catasto Terreni."
"visura-storica","AR","BUCINE","79","1325","","T","","analitica","","","PVP sales 1 (332632); Storica Analitica visura per immobile - Catasto Terreni."
"visura-storica","AR","BUCINE","79","1327","","T","","analitica","","","PVP sales 1 (332632); Storica Analitica visura per immobile - Catasto Terreni."
"visura-storica","AR","BUCINE","79","1328","","T","","analitica","","","PVP sales 1 (332632); Storica Analitica visura per immobile - Catasto Terreni."
"visura-storica","AR","BUCINE","79","1329","","T","","analitica","","","PVP sales 1 (332632); Storica Analitica visura per immobile - Catasto Terreni."
"visura-storica","AR","BUCINE","79","1330","","T","","analitica","","","PVP sales 1 (332632); Storica Analitica visura per immobile - Catasto Terreni."
"visura-storica","AR","BUCINE","79","1331","","T","","analitica","","","PVP sales 1 (332632); Storica Analitica visura per immobile - Catasto Terreni."
"visura-storica","AR","BUCINE","79","1332","","T","","analitica","","","PVP sales 1 (332632); Storica Analitica visura per immobile - Catasto Terreni."
"visura-storica","AR","BUCINE","79","1333","","T","","analitica","","","PVP sales 1 (332632); Storica Analitica visura per immobile - Catasto Terreni."
"visura-storica","AR","BUCINE","79","248","","F","","analitica","","","PVP sales 1 (332632); Storica Analitica visura per immobile - Catasto Fabbricati."
"visura-storica","AR","BUCINE","79","248","10","F","","analitica","","","PVP sales 1 (562954); Storica Analitica visura per immobile - Catasto Fabbricati."
"visura-storica","AR","BUCINE","79","248","4","F","","analitica","","","PVP sales 1 (332632); Storica Analitica visura per immobile - Catasto Fabbricati."
"visura-storica","AR","BUCINE","79","248","5","F","","analitica","","","PVP sales 1 (336568); Storica Analitica visura per immobile - Catasto Fabbricati."
"visura-storica","AR","BUCINE","79","248","6","F","","analitica","","","PVP sales 1 (937700); Storica Analitica visura per immobile - Catasto Fabbricati."
"visura-storica","AR","BUCINE","79","302","7","F","","analitica","","","PVP sales 1 (4559699); Storica Analitica visura per immobile - Catasto Fabbricati."
"visura-storica","AR","BUCINE","79","514","","T","","analitica","","","PVP sales 1 (332632); Storica Analitica visura per immobile - Catasto Terreni."
"visura-storica","AR","BUCINE","79","515","","T","","analitica","","","PVP sales 1 (332632); Storica Analitica visura per immobile - Catasto Terreni."
"visura-storica","AR","BUCINE","13","217","","F","","analitica","A","","PVP sales 1 (4549616); Storica Analitica visura per immobile - Catasto Fabbricati."
"visura-storica","AR","BUCINE","13","217","","T","","analitica","A","","PVP sales 1 (4549616); Storica Analitica visura per immobile - Catasto Terreni."
"visura-storica","AR","BUCINE","79","1326","","F","","analitica","TERRENI79","","PVP sales 1 (332632); Storica Analitica visura per immobile - Catasto Fabbricati."
"visura-storica","AR","BUCINE","79","1326","","T","","analitica","TERRENI79","","PVP sales 1 (332632); Storica Analitica visura per immobile - Catasto Terreni."
"visura-storica","AR","CAPOLONA","18","314","13","F","","analitica","","","PVP sales 1 (4242455); Storica Analitica visura per immobile - Catasto Fabbricati."
"visura-storica","AR","CAPOLONA","18","314","5","F","","analitica","","","PVP sales 1 (4242455); Storica Analitica visura per immobile - Catasto Fabbricati."
"visura-storica","AR","CAPOLONA","39","184","1","F","","analitica","","","PVP sales 1 (2208228); Storica Analitica visura per immobile - Catasto Fabbricati."
"visura-storica","AR","CAPOLONA","39","184","10","F","","analitica","","","PVP sales 1 (2208228); Storica Analitica visura per immobile - Catasto Fabbricati."
"visura-storica","AR","CAPOLONA","39","184","12","F","","analitica","","","PVP sales 1 (2208228); Storica Analitica visura per immobile - Catasto Fabbricati."
"visura-storica","AR","CAPOLONA","39","184","13","F","","analitica","","","PVP sales 1 (2208228); Storica Analitica visura per immobile - Catasto Fabbricati."
"visura-storica","AR","CAPOLONA","39","184","16","F","","analitica","","","PVP sales 1 (2208228); Storica Analitica visura per immobile - Catasto Fabbricati."
"visura-storica","AR","CAPOLONA","40","218","23","F","","analitica","","","PVP sales 1 (1830060); Storica Analitica visura per immobile - Catasto Fabbricati."
"visura-storica","AR","CAPOLONA","40","218","24","F","","analitica","","","PVP sales 1 (1830060); Storica Analitica visura per immobile - Catasto Fabbricati."
"visura-storica","AR","CAPOLONA","43","24","","F","","analitica","","","PVP sales 3 (4420118,4473244,4518307); Storica Analitica visura per immobile - Catasto Fabbricati."
"visura-storica","AR","CAPOLONA","43","24","","T","","analitica","","","PVP sales 3 (4420118,4473244,4518307); Storica Analitica visura per immobile - Catasto Terreni."
"visura-storica","AR","CAPOLONA","43","37","","F","","analitica","","","PVP sales 3 (4420118,4473244,4518307); Storica Analitica visura per immobile - Catasto Fabbricati."
"visura-storica","AR","CAPOLONA","43","37","","T","","analitica","","","PVP sales 3 (4420118,4473244,4518307); Storica Analitica visura per immobile - Catasto Terreni."
"visura-storica","AR","CAPOLONA","43","38","","F","","analitica","","","PVP sales 3 (4420118,4473244,4518307); Storica Analitica visura per immobile - Catasto Fabbricati."
"visura-storica","AR","CAPOLONA","43","38","","T","","analitica","","","PVP sales 3 (4420118,4473244,4518307); Storica Analitica visura per immobile - Catasto Terreni."
"visura-storica","AR","CAPOLONA","43","39","","F","","analitica","","","PVP sales 3 (4420118,4473244,4518307); Storica Analitica visura per immobile - Catasto Fabbricati."
"visura-storica","AR","CAPOLONA","43","39","","T","","analitica","","","PVP sales 3 (4420118,4473244,4518307); Storica Analitica visura per immobile - Catasto Terreni."
"visura-storica","AR","CAPOLONA","43","42","","F","","analitica","","","PVP sales 3 (4420118,4473244,4518307); Storica Analitica visura per immobile - Catasto Fabbricati."
"visura-storica","AR","CAPOLONA","43","42","","T","","analitica","","","PVP sales 3 (4420118,4473244,4518307); Storica Analitica visura per immobile - Catasto Terreni."
"visura-storica","AR","CAPOLONA","43","65","","F","","analitica","","","PVP sales 3 (4420118,4473244,4518307); Storica Analitica visura per immobile - Catasto Fabbricati."
"visura-storica","AR","CAPOLONA","43","65","","T","","analitica","","","PVP sales 3 (4420118,4473244,4518307); Storica Analitica visura per immobile - Catasto Terreni."
"visura-storica","AR","CAPOLONA","43","66","","F","","analitica","","","PVP sales 3 (4420118,4473244,4518307); Storica Analitica visura per immobile - Catasto Fabbricati."
"visura-storica","AR","CAPOLONA","43","66","","T","","analitica","","","PVP sales 3 (4420118,4473244,4518307); Storica Analitica visura per immobile - Catasto Terreni."
"visura-storica","AR","CAPOLONA","43","75","","F","","analitica","","","PVP sales 3 (4420118,4473244,4518307); Storica Analitica visura per immobile - Catasto Fabbricati."
"visura-storica","AR","CAPOLONA","43","75","","T","","analitica","","","PVP sales 3 (4420118,4473244,4518307); Storica Analitica visura per immobile - Catasto Terreni."
"visura-storica","AR","CAPOLONA","43","83","","F","","analitica","","","PVP sales 3 (4420118,4473244,4518307); Storica Analitica visura per immobile - Catasto Fabbricati."
"visura-storica","AR","CAPOLONA","43","83","","T","","analitica","","","PVP sales 3 (4420118,4473244,4518307); Storica Analitica visura per immobile - Catasto Terreni."
"visura-storica","AR","CAPOLONA","45","341","8","F","","analitica","","","PVP sales 1 (2087403); Storica Analitica visura per immobile - Catasto Fabbricati."
"visura-storica","AR","CAPOLONA","45","341","9","F","","analitica","","","PVP sales 1 (2087403); Storica Analitica visura per immobile - Catasto Fabbricati."
"visura-storica","AR","CAPOLONA","45","497","","F","","analitica","","","PVP sales 1 (4531959); Storica Analitica visura per immobile - Catasto Fabbricati."
"visura-storica","AR","CAPOLONA","45","497","","T","","analitica","","","PVP sales 1 (4531959); Storica Analitica visura per immobile - Catasto Terreni."
"visura-storica","AR","CAPOLONA","45","537","1","F","","analitica","","","PVP sales 1 (4531959); Storica Analitica visura per immobile - Catasto Fabbricati."
"visura-storica","AR","CAPOLONA","45","537","2","F","","analitica","","","PVP sales 1 (4531959); Storica Analitica visura per immobile - Catasto Fabbricati."
"visura-storica","AR","CAPOLONA","45","537","3","F","","analitica","","","PVP sales 1 (4531959); Storica Analitica visura per immobile - Catasto Fabbricati."
"visura-storica","AR","CAPRESE MICHELANGELO","34","57","","F","","analitica","","","PVP sales 2 (2108850,2108861); Storica Analitica visura per immobile - Catasto Fabbricati."
"visura-storica","AR","CAPRESE MICHELANGELO","34","57","","T","","analitica","","","PVP sales 2 (2108850,2108861); Storica Analitica visura per immobile - Catasto Terreni."
"visura-storica","AR","CAPRESE MICHELANGELO","43","168","1","F","","analitica","","","PVP sales 3 (4413877,4465683,4509348); Storica Analitica visura per immobile - Catasto Fabbricati."
"visura-storica","AR","CAPRESE MICHELANGELO","43","168","10","F","","analitica","","","PVP sales 3 (4413877,4465683,4509348); Storica Analitica visura per immobile - Catasto Fabbricati."
"visura-storica","AR","CAPRESE MICHELANGELO","43","168","11","F","","analitica","","","PVP sales 3 (4413877,4465683,4509348); Storica Analitica visura per immobile - Catasto Fabbricati."
"visura-storica","AR","CAPRESE MICHELANGELO","43","168","12","F","","analitica","","","PVP sales 3 (4413877,4465683,4509348); Storica Analitica visura per immobile - Catasto Fabbricati."
"visura-storica","AR","CAPRESE MICHELANGELO","43","168","13","F","","analitica","","","PVP sales 3 (4413877,4465683,4509348); Storica Analitica visura per immobile - Catasto Fabbricati."
"visura-storica","AR","CAPRESE MICHELANGELO","43","168","14","F","","analitica","","","PVP sales 3 (4413877,4465683,4509348); Storica Analitica visura per immobile - Catasto Fabbricati."
"visura-storica","AR","CAPRESE MICHELANGELO","43","168","3","F","","analitica","","","PVP sales 3 (4413877,4465683,4509348); Storica Analitica visura per immobile - Catasto Fabbricati."
"visura-storica","AR","CAPRESE MICHELANGELO","43","168","6","F","","analitica","","","PVP sales 3 (4413877,4465683,4509348); Storica Analitica visura per immobile - Catasto Fabbricati."
"visura-storica","AR","CAPRESE MICHELANGELO","43","168","7","F","","analitica","","","PVP sales 3 (4413877,4465683,4509348); Storica Analitica visura per immobile - Catasto Fabbricati."
"visura-storica","AR","CASTEL FOCOGNANO","15","511","1","F","","analitica","","","PVP sales 1 (612872); Storica Analitica visura per immobile - Catasto Fabbricati."
"visura-storica","AR","CASTEL FOCOGNANO","15","511","2","F","","analitica","","","PVP sales 1 (612872); Storica Analitica visura per immobile - Catasto Fabbricati."
"visura-storica","AR","CASTEL FOCOGNANO","19","590","1","F","","analitica","","","PVP sales 1 (2013667); Storica Analitica visura per immobile - Catasto Fabbricati."
"visura-storica","AR","CASTEL FOCOGNANO","19","590","10","F","","analitica","","","PVP sales 1 (2013667); Storica Analitica visura per immobile - Catasto Fabbricati."
"visura-storica","AR","CASTEL FOCOGNANO","19","590","11","F","","analitica","","","PVP sales 1 (2013667); Storica Analitica visura per immobile - Catasto Fabbricati."
"visura-storica","AR","CASTEL FOCOGNANO","19","590","12","F","","analitica","","","PVP sales 1 (2013667); Storica Analitica visura per immobile - Catasto Fabbricati."
"visura-storica","AR","CASTEL FOCOGNANO","19","590","5","F","","analitica","","","PVP sales 1 (2013667); Storica Analitica visura per immobile - Catasto Fabbricati."
"visura-storica","AR","CASTEL FOCOGNANO","32","166","4","F","","analitica","","","PVP sales 2 (4485108,4549141); Storica Analitica visura per immobile - Catasto Fabbricati."
"visura-storica","AR","CASTEL FOCOGNANO","8","47","","F","","analitica","","","PVP sales 1 (4246816); Storica Analitica visura per immobile - Catasto Fabbricati."
"visura-storica","AR","CASTEL FOCOGNANO","8","47","","T","","analitica","","","PVP sales 1 (4246816); Storica Analitica visura per immobile - Catasto Terreni."
"visura-storica","AR","CASTEL SAN NICCOLÒ","26","167","","F","","analitica","","","PVP sales 1 (1775802); Storica Analitica visura per immobile - Catasto Fabbricati."
"visura-storica","AR","CASTEL SAN NICCOLÒ","26","167","","T","","analitica","","","PVP sales 1 (1775802); Storica Analitica visura per immobile - Catasto Terreni."
"visura-storica","AR","CASTEL SAN NICCOLÒ","26","167","1","F","","analitica","","","PVP sales 1 (1638886); Storica Analitica visura per immobile - Catasto Fabbricati."
"visura-storica","AR","CASTEL SAN NICCOLÒ","28","109","","F","","analitica","","","PVP sales 1 (538737); Storica Analitica visura per immobile - Catasto Fabbricati."
"visura-storica","AR","CASTEL SAN NICCOLÒ","28","109","","T","","analitica","","","PVP sales 1 (538737); Storica Analitica visura per immobile - Catasto Terreni."
"visura-storica","AR","CASTEL SAN NICCOLÒ","45","33","","F","","analitica","","","PVP sales 1 (4562633); Storica Analitica visura per immobile - Catasto Fabbricati."
"visura-storica","AR","CASTEL SAN NICCOLÒ","45","33","","T","","analitica","","","PVP sales 1 (4562633); Storica Analitica visura per immobile - Catasto Terreni."
"visura-storica","AR","CASTEL SAN NICCOLÒ","45","453","","F","","analitica","","","PVP sales 1 (4562633); Storica Analitica visura per immobile - Catasto Fabbricati."
"visura-storica","AR","CASTEL SAN NICCOLÒ","45","453","","T","","analitica","","","PVP sales 1 (4562633); Storica Analitica visura per immobile - Catasto Terreni."
"visura-storica","AR","CASTEL SAN NICCOLÒ","45","454","1","F","","analitica","","","PVP sales 1 (4562633); Storica Analitica visura per immobile - Catasto Fabbricati."
"visura-storica","AR","CASTEL SAN NICCOLÒ","45","454","2","F","","analitica","","","PVP sales 1 (4562633); Storica Analitica visura per immobile - Catasto Fabbricati."
"visura-storica","AR","CASTEL SAN NICCOLÒ","45","592","","F","","analitica","","","PVP sales 1 (4562633); Storica Analitica visura per immobile - Catasto Fabbricati."
"visura-storica","AR","CASTEL SAN NICCOLÒ","45","592","","T","","analitica","","","PVP sales 1 (4562633); Storica Analitica visura per immobile - Catasto Terreni."
"visura-storica","AR","CASTEL SAN NICCOLÒ","45","594","","F","","analitica","","","PVP sales 1 (4562633); Storica Analitica visura per immobile - Catasto Fabbricati."
"visura-storica","AR","CASTEL SAN NICCOLÒ","45","594","","T","","analitica","","","PVP sales 1 (4562633); Storica Analitica visura per immobile - Catasto Terreni."
"visura-storica","AR","CASTEL SAN NICCOLÒ","63","258","","F","","analitica","","","PVP sales 2 (4417113,4495203); Storica Analitica visura per immobile - Catasto Fabbricati."
"visura-storica","AR","CASTEL SAN NICCOLÒ","63","258","","T","","analitica","","","PVP sales 2 (4417113,4495203); Storica Analitica visura per immobile - Catasto Terreni."
"visura-storica","AR","CASTELFRANCO PIANDISCÒ","10","1018","25","F","","analitica","","","PVP sales 1 (1681535); Storica Analitica visura per immobile - Catasto Fabbricati."
"visura-storica","AR","CASTELFRANCO PIANDISCÒ","10","414","","F","","analitica","","","PVP sales 2 (2259543,4236083); Storica Analitica visura per immobile - Catasto Fabbricati."
"visura-storica","AR","CASTELFRANCO PIANDISCÒ","10","414","","T","","analitica","","","PVP sales 2 (2259543,4236083); Storica Analitica visura per immobile - Catasto Terreni."
"visura-storica","AR","CASTELFRANCO PIANDISCÒ","10","416","","F","","analitica","","","PVP sales 1 (2259543); Storica Analitica visura per immobile - Catasto Fabbricati."
"visura-storica","AR","CASTELFRANCO PIANDISCÒ","10","416","","T","","analitica","","","PVP sales 1 (2259543); Storica Analitica visura per immobile - Catasto Terreni."
"visura-storica","AR","CASTELFRANCO PIANDISCÒ","10","416","1","F","","analitica","","","PVP sales 1 (4236083); Storica Analitica visura per immobile - Catasto Fabbricati."
"visura-storica","AR","CASTELFRANCO PIANDISCÒ","10","416","2","F","","analitica","","","PVP sales 1 (4236083); Storica Analitica visura per immobile - Catasto Fabbricati."
"visura-storica","AR","CASTELFRANCO PIANDISCÒ","10","416","3","F","","analitica","","","PVP sales 1 (4236083); Storica Analitica visura per immobile - Catasto Fabbricati."
"visura-storica","AR","CASTELFRANCO PIANDISCÒ","10","416","4","F","","analitica","","","PVP sales 1 (4236083); Storica Analitica visura per immobile - Catasto Fabbricati."
"visura-storica","AR","CASTELFRANCO PIANDISCÒ","10","82","","F","","analitica","","","PVP sales 1 (4545746); Storica Analitica visura per immobile - Catasto Fabbricati."
"visura-storica","AR","CASTELFRANCO PIANDISCÒ","10","82","","T","","analitica","","","PVP sales 1 (4545746); Storica Analitica visura per immobile - Catasto Terreni."
"visura-storica","AR","CASTELFRANCO PIANDISCÒ","10","83","","F","","analitica","","","PVP sales 1 (4545746); Storica Analitica visura per immobile - Catasto Fabbricati."
"visura-storica","AR","CASTELFRANCO PIANDISCÒ","10","83","","T","","analitica","","","PVP sales 1 (4545746); Storica Analitica visura per immobile - Catasto Terreni."
"visura-storica","AR","CASTELFRANCO PIANDISCÒ","14","76","","F","","analitica","","","PVP sales 1 (2194413); Storica Analitica visura per immobile - Catasto Fabbricati."
"visura-storica","AR","CASTELFRANCO PIANDISCÒ","14","76","","T","","analitica","","","PVP sales 1 (2194413); Storica Analitica visura per immobile - Catasto Terreni."
"visura-storica","AR","CASTELFRANCO PIANDISCÒ","14","77","","F","","analitica","","","PVP sales 1 (2194413); Storica Analitica visura per immobile - Catasto Fabbricati."
"visura-storica","AR","CASTELFRANCO PIANDISCÒ","14","77","","T","","analitica","","","PVP sales 1 (2194413); Storica Analitica visura per immobile - Catasto Terreni."
"visura-storica","AR","CASTELFRANCO PIANDISCÒ","14","78","","F","","analitica","","","PVP sales 1 (2194413); Storica Analitica visura per immobile - Catasto Fabbricati."
"visura-storica","AR","CASTELFRANCO PIANDISCÒ","14","78","","T","","analitica","","","PVP sales 1 (2194413); Storica Analitica visura per immobile - Catasto Terreni."
"visura-storica","AR","CASTELFRANCO PIANDISCÒ","14","80","","F","","analitica","","","PVP sales 1 (2194413); Storica Analitica visura per immobile - Catasto Fabbricati."
"visura-storica","AR","CASTELFRANCO PIANDISCÒ","14","80","","T","","analitica","","","PVP sales 1 (2194413); Storica Analitica visura per immobile - Catasto Terreni."
"visura-storica","AR","CASTELFRANCO PIANDISCÒ","14","89","","F","","analitica","","","PVP sales 1 (2194413); Storica Analitica visura per immobile - Catasto Fabbricati."
"visura-storica","AR","CASTELFRANCO PIANDISCÒ","14","89","","T","","analitica","","","PVP sales 1 (2194413); Storica Analitica visura per immobile - Catasto Terreni."
"visura-storica","AR","CASTELFRANCO PIANDISCÒ","14","90","","F","","analitica","","","PVP sales 1 (2194413); Storica Analitica visura per immobile - Catasto Fabbricati."
"visura-storica","AR","CASTELFRANCO PIANDISCÒ","14","90","","T","","analitica","","","PVP sales 1 (2194413); Storica Analitica visura per immobile - Catasto Terreni."
"visura-storica","AR","CASTELFRANCO PIANDISCÒ","14","91","","F","","analitica","","","PVP sales 1 (2194413); Storica Analitica visura per immobile - Catasto Fabbricati."
"visura-storica","AR","CASTELFRANCO PIANDISCÒ","14","91","","T","","analitica","","","PVP sales 1 (2194413); Storica Analitica visura per immobile - Catasto Terreni."
"visura-storica","AR","CASTELFRANCO PIANDISCÒ","15","239","","F","","analitica","","","PVP sales 1 (2194413); Storica Analitica visura per immobile - Catasto Fabbricati."
"visura-storica","AR","CASTELFRANCO PIANDISCÒ","15","239","","T","","analitica","","","PVP sales 1 (2194413); Storica Analitica visura per immobile - Catasto Terreni."
"visura-storica","AR","CASTELFRANCO PIANDISCÒ","15","249","","F","","analitica","","","PVP sales 1 (2194413); Storica Analitica visura per immobile - Catasto Fabbricati."
"visura-storica","AR","CASTELFRANCO PIANDISCÒ","15","249","","T","","analitica","","","PVP sales 1 (2194413); Storica Analitica visura per immobile - Catasto Terreni."
"visura-storica","AR","CASTELFRANCO PIANDISCÒ","15","38","32","F","","analitica","","","PVP sales 1 (2194413); Storica Analitica visura per immobile - Catasto Fabbricati."
"visura-storica","AR","CASTELFRANCO PIANDISCÒ","15","38","36","F","","analitica","","","PVP sales 1 (2194413); Storica Analitica visura per immobile - Catasto Fabbricati."
"visura-storica","AR","CASTELFRANCO PIANDISCÒ","15","38","37","F","","analitica","","","PVP sales 1 (2194413); Storica Analitica visura per immobile - Catasto Fabbricati."
"visura-storica","AR","CASTELFRANCO PIANDISCÒ","15","38","38","F","","analitica","","","PVP sales 1 (2194413); Storica Analitica visura per immobile - Catasto Fabbricati."
"visura-storica","AR","CASTELFRANCO PIANDISCÒ","15","38","39","F","","analitica","","","PVP sales 1 (2194413); Storica Analitica visura per immobile - Catasto Fabbricati."
"visura-storica","AR","CASTELFRANCO PIANDISCÒ","15","38","40","F","","analitica","","","PVP sales 1 (2194413); Storica Analitica visura per immobile - Catasto Fabbricati."
"visura-storica","AR","CASTELFRANCO PIANDISCÒ","15","38","41","F","","analitica","","","PVP sales 1 (2194413); Storica Analitica visura per immobile - Catasto Fabbricati."
"visura-storica","AR","CASTELFRANCO PIANDISCÒ","15","38","42","F","","analitica","","","PVP sales 1 (2194413); Storica Analitica visura per immobile - Catasto Fabbricati."
"visura-storica","AR","CASTELFRANCO PIANDISCÒ","15","38","43","F","","analitica","","","PVP sales 1 (2194413); Storica Analitica visura per immobile - Catasto Fabbricati."
"visura-storica","AR","CASTELFRANCO PIANDISCÒ","15","38","44","F","","analitica","","","PVP sales 1 (2194413); Storica Analitica visura per immobile - Catasto Fabbricati."
"visura-storica","AR","CASTELFRANCO PIANDISCÒ","15","38","45","F","","analitica","","","PVP sales 1 (2194413); Storica Analitica visura per immobile - Catasto Fabbricati."
"visura-storica","AR","CASTELFRANCO PIANDISCÒ","15","38","46","F","","analitica","","","PVP sales 1 (2194413); Storica Analitica visura per immobile - Catasto Fabbricati."
"visura-storica","AR","CASTELFRANCO PIANDISCÒ","15","38","53","F","","analitica","","","PVP sales 1 (2194413); Storica Analitica visura per immobile - Catasto Fabbricati."
"visura-storica","AR","CASTELFRANCO PIANDISCÒ","15","38","71","F","","analitica","","","PVP sales 1 (2194413); Storica Analitica visura per immobile - Catasto Fabbricati."
"visura-storica","AR","CASTELFRANCO PIANDISCÒ","15","38","72","F","","analitica","","","PVP sales 1 (2194413); Storica Analitica visura per immobile - Catasto Fabbricati."
"visura-storica","AR","CASTELFRANCO PIANDISCÒ","15","38","73","F","","analitica","","","PVP sales 1 (2194413); Storica Analitica visura per immobile - Catasto Fabbricati."
"visura-storica","AR","CASTELFRANCO PIANDISCÒ","15","38","76","F","","analitica","","","PVP sales 1 (2194413); Storica Analitica visura per immobile - Catasto Fabbricati."
"visura-storica","AR","CASTELFRANCO PIANDISCÒ","15","38","77","F","","analitica","","","PVP sales 1 (2194413); Storica Analitica visura per immobile - Catasto Fabbricati."
"visura-storica","AR","CASTELFRANCO PIANDISCÒ","15","388","","F","","analitica","","","PVP sales 1 (2194413); Storica Analitica visura per immobile - Catasto Fabbricati."
"visura-storica","AR","CASTELFRANCO PIANDISCÒ","15","388","","T","","analitica","","","PVP sales 1 (2194413); Storica Analitica visura per immobile - Catasto Terreni."
"visura-storica","AR","CASTELFRANCO PIANDISCÒ","15","389","","F","","analitica","","","PVP sales 1 (2194413); Storica Analitica visura per immobile - Catasto Fabbricati."
"visura-storica","AR","CASTELFRANCO PIANDISCÒ","15","389","","T","","analitica","","","PVP sales 1 (2194413); Storica Analitica visura per immobile - Catasto Terreni."
"visura-storica","AR","CASTELFRANCO PIANDISCÒ","15","390","","F","","analitica","","","PVP sales 1 (2194413); Storica Analitica visura per immobile - Catasto Fabbricati."
"visura-storica","AR","CASTELFRANCO PIANDISCÒ","15","390","","T","","analitica","","","PVP sales 1 (2194413); Storica Analitica visura per immobile - Catasto Terreni."
"visura-storica","AR","CASTELFRANCO PIANDISCÒ","15","391","","F","","analitica","","","PVP sales 1 (2194413); Storica Analitica visura per immobile - Catasto Fabbricati."
"visura-storica","AR","CASTELFRANCO PIANDISCÒ","15","391","","T","","analitica","","","PVP sales 1 (2194413); Storica Analitica visura per immobile - Catasto Terreni."
"visura-storica","AR","CASTELFRANCO PIANDISCÒ","15","392","","F","","analitica","","","PVP sales 1 (2194413); Storica Analitica visura per immobile - Catasto Fabbricati."
"visura-storica","AR","CASTELFRANCO PIANDISCÒ","15","392","","T","","analitica","","","PVP sales 1 (2194413); Storica Analitica visura per immobile - Catasto Terreni."
"visura-storica","AR","CASTELFRANCO PIANDISCÒ","15","393","","F","","analitica","","","PVP sales 1 (2194413); Storica Analitica visura per immobile - Catasto Fabbricati."
"visura-storica","AR","CASTELFRANCO PIANDISCÒ","15","393","","T","","analitica","","","PVP sales 1 (2194413); Storica Analitica visura per immobile - Catasto Terreni."
"visura-storica","AR","CASTELFRANCO PIANDISCÒ","15","40","","F","","analitica","","","PVP sales 1 (2194413); Storica Analitica visura per immobile - Catasto Fabbricati."
"visura-storica","AR","CASTELFRANCO PIANDISCÒ","15","40","","T","","analitica","","","PVP sales 1 (2194413); Storica Analitica visura per immobile - Catasto Terreni."
"visura-storica","AR","CASTELFRANCO PIANDISCÒ","19","101","6","F","","analitica","","","PVP sales 1 (1584754); Storica Analitica visura per immobile - Catasto Fabbricati."
"visura-storica","AR","CASTELFRANCO PIANDISCÒ","19","1018","20","F","","analitica","","","PVP sales 1 (1681535); Storica Analitica visura per immobile - Catasto Fabbricati."
"visura-storica","AR","CASTELFRANCO PIANDISCÒ","19","1018","8","F","","analitica","","","PVP sales 1 (1681535); Storica Analitica visura per immobile - Catasto Fabbricati."
"visura-storica","AR","CASTELFRANCO PIANDISCÒ","21","10","","F","","analitica","","","PVP sales 1 (2194413); Storica Analitica visura per immobile - Catasto Fabbricati."
"visura-storica","AR","CASTELFRANCO PIANDISCÒ","21","10","","T","","analitica","","","PVP sales 1 (2194413); Storica Analitica visura per immobile - Catasto Terreni."
"visura-storica","AR","CASTELFRANCO PIANDISCÒ","21","253","","F","","analitica","","","PVP sales 1 (2194413); Storica Analitica visura per immobile - Catasto Fabbricati."
"visura-storica","AR","CASTELFRANCO PIANDISCÒ","21","253","","T","","analitica","","","PVP sales 1 (2194413); Storica Analitica visura per immobile - Catasto Terreni."
"visura-storica","AR","CASTELFRANCO PIANDISCÒ","21","357","","F","","analitica","","","PVP sales 1 (2194413); Storica Analitica visura per immobile - Catasto Fabbricati."
"visura-storica","AR","CASTELFRANCO PIANDISCÒ","21","357","","T","","analitica","","","PVP sales 1 (2194413); Storica Analitica visura per immobile - Catasto Terreni."
"visura-storica","AR","CASTELFRANCO PIANDISCÒ","21","358","","F","","analitica","","","PVP sales 1 (2194413); Storica Analitica visura per immobile - Catasto Fabbricati."
"visura-storica","AR","CASTELFRANCO PIANDISCÒ","21","358","","T","","analitica","","","PVP sales 1 (2194413); Storica Analitica visura per immobile - Catasto Terreni."
"visura-storica","AR","CASTELFRANCO PIANDISCÒ","21","359","","F","","analitica","","","PVP sales 1 (2194413); Storica Analitica visura per immobile - Catasto Fabbricati."
"visura-storica","AR","CASTELFRANCO PIANDISCÒ","21","359","","T","","analitica","","","PVP sales 1 (2194413); Storica Analitica visura per immobile - Catasto Terreni."
"visura-storica","AR","CASTELFRANCO PIANDISCÒ","31","267","18","F","","analitica","A","","PVP sales 2 (4432972,4478993); Storica Analitica visura per immobile - Catasto Fabbricati."
"visura-storica","AR","CASTIGLION FIBOCCHI","15","131","3","F","","analitica","","","PVP sales 1 (4415005); Storica Analitica visura per immobile - Catasto Fabbricati."
"visura-storica","AR","CASTIGLION FIBOCCHI","15","131","4","F","","analitica","","","PVP sales 1 (4415005); Storica Analitica visura per immobile - Catasto Fabbricati."
"visura-storica","AR","CASTIGLION FIBOCCHI","15","131","5","F","","analitica","","","PVP sales 1 (4415005); Storica Analitica visura per immobile - Catasto Fabbricati."
"visura-storica","AR","CASTIGLION FIBOCCHI","15","135","","F","","analitica","","","PVP sales 1 (4415047); Storica Analitica visura per immobile - Catasto Fabbricati."
"visura-storica","AR","CASTIGLION FIBOCCHI","15","135","","T","","analitica","","","PVP sales 1 (4415047); Storica Analitica visura per immobile - Catasto Terreni."
"visura-storica","AR","CASTIGLION FIBOCCHI","22","311","102","F","","analitica","","","PVP sales 1 (1958508); Storica Analitica visura per immobile - Catasto Fabbricati."
"visura-storica","AR","CASTIGLION FIBOCCHI","22","311","52","F","","analitica","","","PVP sales 1 (1958487); Storica Analitica visura per immobile - Catasto Fabbricati."
"visura-storica","AR","CASTIGLION FIBOCCHI","22","311","53","F","","analitica","","","PVP sales 1 (1958491); Storica Analitica visura per immobile - Catasto Fabbricati."
"visura-storica","AR","CASTIGLION FIBOCCHI","22","311","54","F","","analitica","","","PVP sales 1 (1958494); Storica Analitica visura per immobile - Catasto Fabbricati."
"visura-storica","AR","CASTIGLION FIBOCCHI","22","311","56","F","","analitica","","","PVP sales 1 (1958499); Storica Analitica visura per immobile - Catasto Fabbricati."
"visura-storica","AR","CASTIGLION FIBOCCHI","22","311","57","F","","analitica","","","PVP sales 1 (1958503); Storica Analitica visura per immobile - Catasto Fabbricati."
"visura-storica","AR","CASTIGLION FIBOCCHI","22","311","90","F","","analitica","","","PVP sales 1 (1958508); Storica Analitica visura per immobile - Catasto Fabbricati."
"visura-storica","AR","CASTIGLION FIBOCCHI","24","256","","T","","analitica","","","PVP sales 1 (1958514); Storica Analitica visura per immobile - Catasto Terreni."
"visura-storica","AR","CASTIGLION FIBOCCHI","25","31","10","F","","analitica","","","PVP sales 1 (1958469); Storica Analitica visura per immobile - Catasto Fabbricati."
"visura-storica","AR","CASTIGLION FIBOCCHI","25","31","11","F","","analitica","","","PVP sales 1 (1958384); Storica Analitica visura per immobile - Catasto Fabbricati."
"visura-storica","AR","CASTIGLION FIBOCCHI","25","31","12","F","","analitica","","","PVP sales 1 (1958460); Storica Analitica visura per immobile - Catasto Fabbricati."
"visura-storica","AR","CASTIGLION FIBOCCHI","25","31","19","F","","analitica","","","PVP sales 1 (1958384); Storica Analitica visura per immobile - Catasto Fabbricati."
"visura-storica","AR","CASTIGLION FIBOCCHI","25","31","4","F","","analitica","","","PVP sales 3 (1958384,1958460,1958469); Storica Analitica visura per immobile - Catasto Fabbricati."
"visura-storica","AR","CASTIGLION FIBOCCHI","25","794","","T","","analitica","","","PVP sales 1 (1958476); Storica Analitica visura per immobile - Catasto Terreni."
"visura-storica","AR","CASTIGLION FIBOCCHI","25","795","10","F","","analitica","","","PVP sales 1 (1958476); Storica Analitica visura per immobile - Catasto Fabbricati."
"visura-storica","AR","CASTIGLION FIBOCCHI","25","795","7","F","","analitica","","","PVP sales 1 (1958476); Storica Analitica visura per immobile - Catasto Fabbricati."
"visura-storica","AR","CASTIGLION FIBOCCHI","25","795","8","F","","analitica","","","PVP sales 1 (1958476); Storica Analitica visura per immobile - Catasto Fabbricati."
"visura-storica","AR","CASTIGLION FIBOCCHI","25","795","9","F","","analitica","","","PVP sales 1 (1958476); Storica Analitica visura per immobile - Catasto Fabbricati."
"visura-storica","AR","CASTIGLION FIBOCCHI","26","150","3","F","","analitica","","","PVP sales 1 (1931195); Storica Analitica visura per immobile - Catasto Fabbricati."
"visura-storica","AR","CASTIGLION FIBOCCHI","26","150","5","F","","analitica","","","PVP sales 1 (1931195); Storica Analitica visura per immobile - Catasto Fabbricati."
"visura-storica","AR","CASTIGLION FIBOCCHI","26","150","6","F","","analitica","","","PVP sales 1 (1931195); Storica Analitica visura per immobile - Catasto Fabbricati."
"visura-storica","AR","CASTIGLION FIBOCCHI","26","298","","T","","analitica","","","PVP sales 1 (1931195); Storica Analitica visura per immobile - Catasto Terreni."
"visura-storica","AR","CASTIGLION FIBOCCHI","26","331","","F","","analitica","","","PVP sales 1 (1931195); Storica Analitica visura per immobile - Catasto Fabbricati."
"visura-storica","AR","CASTIGLION FIBOCCHI","26","507","","T","","analitica","","","PVP sales 1 (1931195); Storica Analitica visura per immobile - Catasto Terreni."
"visura-storica","AR","CASTIGLION FIORENTINO","109","56","9","F","","analitica","","","PVP sales 1 (2094167); Storica Analitica visura per immobile - Catasto Fabbricati."
"visura-storica","AR","CASTIGLION FIORENTINO","23","1625","","F","","analitica","","","PVP sales 2 (2099464,2099549); Storica Analitica visura per immobile - Catasto Fabbricati."
"visura-storica","AR","CASTIGLION FIORENTINO","23","1625","","T","","analitica","","","PVP sales 2 (2099464,2099549); Storica Analitica visura per immobile - Catasto Terreni."
"visura-storica","AR","CASTIGLION FIORENTINO","23","4","","F","","analitica","","","PVP sales 1 (2257914); Storica Analitica visura per immobile - Catasto Fabbricati."
"visura-storica","AR","CASTIGLION FIORENTINO","23","4","","T","","analitica","","","PVP sales 1 (2257914); Storica Analitica visura per immobile - Catasto Terreni."
"visura-storica","AR","CASTIGLION FIORENTINO","23","865","","F","","analitica","","","PVP sales 2 (2099464,2099549); Storica Analitica visura per immobile - Catasto Fabbricati."
"visura-storica","AR","CASTIGLION FIORENTINO","23","865","","T","","analitica","","","PVP sales 2 (2099464,2099549); Storica Analitica visura per immobile - Catasto Terreni."
"visura-storica","AR","CASTIGLION FIORENTINO","29","173","12","F","","analitica","","","PVP sales 2 (4401819,4460418); Storica Analitica visura per immobile - Catasto Fabbricati."
"visura-storica","AR","CASTIGLION FIORENTINO","29","174","8","F","","analitica","","","PVP sales 2 (4401819,4460418); Storica Analitica visura per immobile - Catasto Fabbricati."
"visura-storica","AR","CASTIGLION FIORENTINO","3","268","5","F","","analitica","","","PVP sales 1 (663719); Storica Analitica visura per immobile - Catasto Fabbricati."
"visura-storica","AR","CASTIGLION FIORENTINO","3","268","6","F","","analitica","","","PVP sales 1 (663719); Storica Analitica visura per immobile - Catasto Fabbricati."
"visura-storica","AR","CASTIGLION FIORENTINO","3","268","8","F","","analitica","","","PVP sales 1 (663719); Storica Analitica visura per immobile - Catasto Fabbricati."
"visura-storica","AR","CASTIGLION FIORENTINO","35","14","2","F","","analitica","","","PVP sales 2 (4442389,4495194); Storica Analitica visura per immobile - Catasto Fabbricati."
"visura-storica","AR","CASTIGLION FIORENTINO","35","14","3","F","","analitica","","","PVP sales 2 (4442389,4495194); Storica Analitica visura per immobile - Catasto Fabbricati."
"visura-storica","AR","CASTIGLION FIORENTINO","35","14","4","F","","analitica","","","PVP sales 2 (4442389,4495194); Storica Analitica visura per immobile - Catasto Fabbricati."
"visura-storica","AR","CASTIGLION FIORENTINO","35","14","5","F","","analitica","","","PVP sales 2 (4442389,4495194); Storica Analitica visura per immobile - Catasto Fabbricati."
"visura-storica","AR","CASTIGLION FIORENTINO","35","15","","F","","analitica","","","PVP sales 2 (4442389,4495194); Storica Analitica visura per immobile - Catasto Fabbricati."
"visura-storica","AR","CASTIGLION FIORENTINO","35","15","","T","","analitica","","","PVP sales 2 (4442389,4495194); Storica Analitica visura per immobile - Catasto Terreni."
"visura-storica","AR","CASTIGLION FIORENTINO","35","387","","F","","analitica","","","PVP sales 2 (4442389,4495194); Storica Analitica visura per immobile - Catasto Fabbricati."
"visura-storica","AR","CASTIGLION FIORENTINO","35","387","","T","","analitica","","","PVP sales 2 (4442389,4495194); Storica Analitica visura per immobile - Catasto Terreni."
"visura-storica","AR","CASTIGLION FIORENTINO","41","316","","T","","analitica","","","PVP sales 1 (4536095); Storica Analitica visura per immobile - Catasto Terreni."
"visura-storica","AR","CASTIGLION FIORENTINO","41","93","5","F","","analitica","","","PVP sales 2 (4502737,4536095); Storica Analitica visura per immobile - Catasto Fabbricati."
"visura-storica","AR","CASTIGLION FIORENTINO","41","93","7","F","","analitica","","","PVP sales 1 (4536095); Storica Analitica visura per immobile - Catasto Fabbricati."
"visura-storica","AR","CASTIGLION FIORENTINO","43","165","1","F","","analitica","","","PVP sales 3 (4392316,4460190,4537941); Storica Analitica visura per immobile - Catasto Fabbricati."
"visura-storica","AR","CASTIGLION FIORENTINO","43","165","2","F","","analitica","","","PVP sales 3 (4392316,4460190,4537941); Storica Analitica visura per immobile - Catasto Fabbricati."
"visura-storica","AR","CASTIGLION FIORENTINO","43","165","3","F","","analitica","","","PVP sales 3 (4392316,4460190,4537941); Storica Analitica visura per immobile - Catasto Fabbricati."
"visura-storica","AR","CASTIGLION FIORENTINO","43","333","5","F","","analitica","","","PVP sales 1 (4417103); Storica Analitica visura per immobile - Catasto Fabbricati."
"visura-storica","AR","CASTIGLION FIORENTINO","43","333","6","F","","analitica","","","PVP sales 1 (4417103); Storica Analitica visura per immobile - Catasto Fabbricati."
"visura-storica","AR","CASTIGLION FIORENTINO","43","655","14","F","","analitica","","","PVP sales 2 (4381752,4441965); Storica Analitica visura per immobile - Catasto Fabbricati."
"visura-storica","AR","CASTIGLION FIORENTINO","43","655","15","F","","analitica","","","PVP sales 2 (4381752,4441965); Storica Analitica visura per immobile - Catasto Fabbricati."
"visura-storica","AR","CASTIGLION FIORENTINO","44","465","4","F","","analitica","","","PVP sales 1 (4245934); Storica Analitica visura per immobile - Catasto Fabbricati."
"visura-storica","AR","CASTIGLION FIORENTINO","44","465","6","F","","analitica","","","PVP sales 1 (4245934); Storica Analitica visura per immobile - Catasto Fabbricati."
"visura-storica","AR","CASTIGLION FIORENTINO","44","465","7","F","","analitica","","","PVP sales 1 (4245934); Storica Analitica visura per immobile - Catasto Fabbricati."
"visura-storica","AR","CASTIGLION FIORENTINO","52","176","12","F","","analitica","","","PVP sales 1 (1663257); Storica Analitica visura per immobile - Catasto Fabbricati."
"visura-storica","AR","CASTIGLION FIORENTINO","52","176","9","F","","analitica","","","PVP sales 1 (1663257); Storica Analitica visura per immobile - Catasto Fabbricati."
"visura-storica","AR","CASTIGLION FIORENTINO","73","6","7","F","","analitica","","","PVP sales 2 (4473170,4530036); Storica Analitica visura per immobile - Catasto Fabbricati."
"visura-storica","AR","CASTIGLION FIORENTINO","73","6","8","F","","analitica","","","PVP sales 2 (4473170,4530036); Storica Analitica visura per immobile - Catasto Fabbricati."
"visura-storica","AR","CAVRIGLIA","11","2607","12","F","","analitica","","","PVP sales 1 (4500668); Storica Analitica visura per immobile - Catasto Fabbricati."
"visura-storica","AR","CAVRIGLIA","11","2607","3","F","","analitica","","","PVP sales 1 (4500668); Storica Analitica visura per immobile - Catasto Fabbricati."
"visura-storica","AR","CAVRIGLIA","11","2607","9","F","","analitica","","","PVP sales 1 (4500668); Storica Analitica visura per immobile - Catasto Fabbricati."
"visura-storica","AR","CAVRIGLIA","47","199","3","F","","analitica","","","PVP sales 2 (4487575,4541218); Storica Analitica visura per immobile - Catasto Fabbricati."
"visura-storica","AR","CAVRIGLIA","47","68","20","F","","analitica","","","PVP sales 2 (4487575,4541218); Storica Analitica visura per immobile - Catasto Fabbricati."
"visura-storica","AR","CAVRIGLIA","48","1","48","F","","analitica","","","PVP sales 1 (4529957); Storica Analitica visura per immobile - Catasto Fabbricati."
"visura-storica","AR","CAVRIGLIA","48","1","49","F","","analitica","","","PVP sales 1 (4529957); Storica Analitica visura per immobile - Catasto Fabbricati."
"visura-storica","AR","CAVRIGLIA","48","199","12","F","","analitica","","","PVP sales 1 (4426272); Storica Analitica visura per immobile - Catasto Fabbricati."
"visura-storica","AR","CAVRIGLIA","48","199","14","F","","analitica","","","PVP sales 1 (4529957); Storica Analitica visura per immobile - Catasto Fabbricati."
"visura-storica","AR","CAVRIGLIA","48","199","25","F","","analitica","","","PVP sales 1 (4529957); Storica Analitica visura per immobile - Catasto Fabbricati."
"visura-storica","AR","CAVRIGLIA","48","199","34","F","","analitica","","","PVP sales 1 (4426272); Storica Analitica visura per immobile - Catasto Fabbricati."
"visura-storica","AR","CAVRIGLIA","48","199","48","F","","analitica","","","PVP sales 1 (4529957); Storica Analitica visura per immobile - Catasto Fabbricati."
"visura-storica","AR","CAVRIGLIA","48","199","5","F","","analitica","","","PVP sales 1 (4529957); Storica Analitica visura per immobile - Catasto Fabbricati."
"visura-storica","AR","CAVRIGLIA","48","199","7","F","","analitica","","","PVP sales 1 (4529957); Storica Analitica visura per immobile - Catasto Fabbricati."
"visura-storica","AR","CAVRIGLIA","5","617","","F","","analitica","","","PVP sales 3 (4467590,4506571,4558209); Storica Analitica visura per immobile - Catasto Fabbricati."
"visura-storica","AR","CAVRIGLIA","5","619","40","F","","analitica","","","PVP sales 3 (4467620,4506572,4558221); Storica Analitica visura per immobile - Catasto Fabbricati."
"visura-storica","AR","CAVRIGLIA","5","619","41","F","","analitica","","","PVP sales 3 (4467620,4506572,4558221); Storica Analitica visura per immobile - Catasto Fabbricati."
"visura-storica","AR","CAVRIGLIA","5","619","43","F","","analitica","","","PVP sales 3 (4467620,4506572,4558221); Storica Analitica visura per immobile - Catasto Fabbricati."
"visura-storica","AR","CAVRIGLIA","5","620","36","F","","analitica","","","PVP sales 3 (4467620,4506572,4558221); Storica Analitica visura per immobile - Catasto Fabbricati."
"visura-storica","AR","CAVRIGLIA","5","620","47","F","","analitica","","","PVP sales 3 (4467620,4506572,4558221); Storica Analitica visura per immobile - Catasto Fabbricati."
"visura-storica","AR","CAVRIGLIA","5","651","","T","","analitica","","","PVP sales 3 (4467590,4506571,4558209); Storica Analitica visura per immobile - Catasto Terreni."
"visura-storica","AR","CAVRIGLIA","5","659","","T","","analitica","","","PVP sales 3 (4467620,4506572,4558221); Storica Analitica visura per immobile - Catasto Terreni."
"visura-storica","AR","CAVRIGLIA","5","708","","T","","analitica","","","PVP sales 3 (4467590,4506571,4558209); Storica Analitica visura per immobile - Catasto Terreni."
"visura-storica","AR","CAVRIGLIA","5","787","","F","","analitica","","","PVP sales 3 (4467620,4506572,4558221); Storica Analitica visura per immobile - Catasto Fabbricati."
"visura-storica","AR","CAVRIGLIA","5","787","","T","","analitica","","","PVP sales 3 (4467620,4506572,4558221); Storica Analitica visura per immobile - Catasto Terreni."
"visura-storica","AR","CAVRIGLIA","5","788","","F","","analitica","","","PVP sales 3 (4467620,4506572,4558221); Storica Analitica visura per immobile - Catasto Fabbricati."
"visura-storica","AR","CAVRIGLIA","5","788","","T","","analitica","","","PVP sales 3 (4467620,4506572,4558221); Storica Analitica visura per immobile - Catasto Terreni."
"visura-storica","AR","CAVRIGLIA","5","790","","T","","analitica","","","PVP sales 3 (4467590,4506571,4558209); Storica Analitica visura per immobile - Catasto Terreni."
"visura-storica","AR","CAVRIGLIA","5","792","","T","","analitica","","","PVP sales 3 (4467590,4506571,4558209); Storica Analitica visura per immobile - Catasto Terreni."
"visura-storica","AR","CAVRIGLIA","5","813","","T","","analitica","","","PVP sales 3 (4467590,4506571,4558209); Storica Analitica visura per immobile - Catasto Terreni."
"visura-storica","AR","CAVRIGLIA","5","815","","T","","analitica","","","PVP sales 3 (4467590,4506571,4558209); Storica Analitica visura per immobile - Catasto Terreni."
"visura-storica","AR","CAVRIGLIA","52","154","","F","","analitica","","","PVP sales 1 (2114980); Storica Analitica visura per immobile - Catasto Fabbricati."
"visura-storica","AR","CAVRIGLIA","8","142","","F","","analitica","","","PVP sales 1 (2114980); Storica Analitica visura per immobile - Catasto Fabbricati."
"visura-storica","AR","CAVRIGLIA","8","142","","T","","analitica","","","PVP sales 1 (2114980); Storica Analitica visura per immobile - Catasto Terreni."
"visura-storica","AR","CHITIGNANO","12","45","","F","","analitica","","","PVP sales 2 (4452815,4541534); Storica Analitica visura per immobile - Catasto Fabbricati."
"visura-storica","AR","CHITIGNANO","12","45","","T","","analitica","","","PVP sales 2 (4452815,4541534); Storica Analitica visura per immobile - Catasto Terreni."
"visura-storica","AR","CHITIGNANO","4","205","","F","","analitica","","","PVP sales 1 (1601327); Storica Analitica visura per immobile - Catasto Fabbricati."
"visura-storica","AR","CHITIGNANO","4","205","","T","","analitica","","","PVP sales 1 (1601327); Storica Analitica visura per immobile - Catasto Terreni."
"visura-storica","AR","CHITIGNANO","4","206","2","F","","analitica","","","PVP sales 1 (1601327); Storica Analitica visura per immobile - Catasto Fabbricati."
"visura-storica","AR","CHITIGNANO","4","210","","F","","analitica","","","PVP sales 1 (1601327); Storica Analitica visura per immobile - Catasto Fabbricati."
"visura-storica","AR","CHITIGNANO","4","210","","T","","analitica","","","PVP sales 1 (1601327); Storica Analitica visura per immobile - Catasto Terreni."
"visura-storica","AR","CHIUSI DELLA VERNA","76","96","1","F","","analitica","","","PVP sales 1 (1819062); Storica Analitica visura per immobile - Catasto Fabbricati."
"visura-storica","AR","CHIUSI DELLA VERNA","76","96","3","F","","analitica","","","PVP sales 1 (1819062); Storica Analitica visura per immobile - Catasto Fabbricati."
"visura-storica","AR","CHIUSI DELLA VERNA","76","96","4","F","","analitica","","","PVP sales 1 (1819062); Storica Analitica visura per immobile - Catasto Fabbricati."
"visura-storica","AR","CHIUSI DELLA VERNA","76","96","5","F","","analitica","","","PVP sales 1 (1819062); Storica Analitica visura per immobile - Catasto Fabbricati."
"visura-storica","AR","CHIUSI DELLA VERNA","8","5","","F","","analitica","","","PVP sales 2 (4412526,4492693); Storica Analitica visura per immobile - Catasto Fabbricati."
"visura-storica","AR","CHIUSI DELLA VERNA","8","5","","T","","analitica","","","PVP sales 2 (4412526,4492693); Storica Analitica visura per immobile - Catasto Terreni."
"visura-storica","AR","CHIUSI DELLA VERNA","8","6","","F","","analitica","","","PVP sales 2 (4412526,4492693); Storica Analitica visura per immobile - Catasto Fabbricati."
"visura-storica","AR","CHIUSI DELLA VERNA","8","6","","T","","analitica","","","PVP sales 2 (4412526,4492693); Storica Analitica visura per immobile - Catasto Terreni."
"visura-storica","AR","CHIUSI DELLA VERNA","8","99","","F","","analitica","","","PVP sales 2 (4412526,4492693); Storica Analitica visura per immobile - Catasto Fabbricati."
"visura-storica","AR","CHIUSI DELLA VERNA","8","99","","T","","analitica","","","PVP sales 2 (4412526,4492693); Storica Analitica visura per immobile - Catasto Terreni."
"visura-storica","AR","CIVITELLA IN VAL DI CHIANA","21","167","","F","","analitica","","","PVP sales 1 (4437858); Storica Analitica visura per immobile - Catasto Fabbricati."
"visura-storica","AR","CIVITELLA IN VAL DI CHIANA","21","167","","T","","analitica","","","PVP sales 1 (4437858); Storica Analitica visura per immobile - Catasto Terreni."
"visura-storica","AR","CIVITELLA IN VAL DI CHIANA","21","168","","F","","analitica","","","PVP sales 1 (4437858); Storica Analitica visura per immobile - Catasto Fabbricati."
"visura-storica","AR","CIVITELLA IN VAL DI CHIANA","21","168","","T","","analitica","","","PVP sales 1 (4437858); Storica Analitica visura per immobile - Catasto Terreni."
"visura-storica","AR","CIVITELLA IN VAL DI CHIANA","21","169","1","F","","analitica","","","PVP sales 1 (4437858); Storica Analitica visura per immobile - Catasto Fabbricati."
"visura-storica","AR","CIVITELLA IN VAL DI CHIANA","22","402","","F","","analitica","","","PVP sales 1 (2172143); Storica Analitica visura per immobile - Catasto Fabbricati."
"visura-storica","AR","CIVITELLA IN VAL DI CHIANA","22","402","","T","","analitica","","","PVP sales 1 (2172143); Storica Analitica visura per immobile - Catasto Terreni."
"visura-storica","AR","CIVITELLA IN VAL DI CHIANA","39","227","7","F","","analitica","","","PVP sales 3 (4431183,4470963,4521629); Storica Analitica visura per immobile - Catasto Fabbricati."
"visura-storica","AR","CIVITELLA IN VAL DI CHIANA","4","135","10","F","","analitica","","","PVP sales 3 (4413550,4490371,4537708); Storica Analitica visura per immobile - Catasto Fabbricati."
"visura-storica","AR","CIVITELLA IN VAL DI CHIANA","4","135","8","F","","analitica","","","PVP sales 3 (4413550,4490371,4537708); Storica Analitica visura per immobile - Catasto Fabbricati."
"visura-storica","AR","CIVITELLA IN VAL DI CHIANA","4","372","","F","","analitica","","","PVP sales 3 (4413550,4490371,4537708); Storica Analitica visura per immobile - Catasto Fabbricati."
"visura-storica","AR","CIVITELLA IN VAL DI CHIANA","4","372","","T","","analitica","","","PVP sales 3 (4413550,4490371,4537708); Storica Analitica visura per immobile - Catasto Terreni."
"visura-storica","AR","CIVITELLA IN VAL DI CHIANA","4","486","","F","","analitica","","","PVP sales 3 (4413550,4490371,4537708); Storica Analitica visura per immobile - Catasto Fabbricati."
"visura-storica","AR","CIVITELLA IN VAL DI CHIANA","4","486","","T","","analitica","","","PVP sales 3 (4413550,4490371,4537708); Storica Analitica visura per immobile - Catasto Terreni."
"visura-storica","AR","CIVITELLA IN VAL DI CHIANA","4","488","","F","","analitica","","","PVP sales 3 (4413550,4490371,4537708); Storica Analitica visura per immobile - Catasto Fabbricati."
"visura-storica","AR","CIVITELLA IN VAL DI CHIANA","4","488","","T","","analitica","","","PVP sales 3 (4413550,4490371,4537708); Storica Analitica visura per immobile - Catasto Terreni."
"visura-storica","AR","CIVITELLA IN VAL DI CHIANA","4","490","","F","","analitica","","","PVP sales 3 (4413550,4490371,4537708); Storica Analitica visura per immobile - Catasto Fabbricati."
"visura-storica","AR","CIVITELLA IN VAL DI CHIANA","4","490","","T","","analitica","","","PVP sales 3 (4413550,4490371,4537708); Storica Analitica visura per immobile - Catasto Terreni."
"visura-storica","AR","CIVITELLA IN VAL DI CHIANA","4","492","","F","","analitica","","","PVP sales 3 (4413550,4490371,4537708); Storica Analitica visura per immobile - Catasto Fabbricati."
"visura-storica","AR","CIVITELLA IN VAL DI CHIANA","4","492","","T","","analitica","","","PVP sales 3 (4413550,4490371,4537708); Storica Analitica visura per immobile - Catasto Terreni."
"visura-storica","AR","CIVITELLA IN VAL DI CHIANA","58","222","3","F","","analitica","","","PVP sales 2 (312646,477625); Storica Analitica visura per immobile - Catasto Fabbricati."
"visura-storica","AR","CIVITELLA IN VAL DI CHIANA","6","111","1","F","","analitica","","","PVP sales 1 (1591386); Storica Analitica visura per immobile - Catasto Fabbricati."
"visura-storica","AR","CIVITELLA IN VAL DI CHIANA","6","111","2","F","","analitica","","","PVP sales 1 (1591386); Storica Analitica visura per immobile - Catasto Fabbricati."
"visura-storica","AR","CIVITELLA IN VAL DI CHIANA","6","111","3","F","","analitica","","","PVP sales 1 (1591386); Storica Analitica visura per immobile - Catasto Fabbricati."
"visura-storica","AR","CIVITELLA IN VAL DI CHIANA","6","111","4","F","","analitica","","","PVP sales 1 (1591386); Storica Analitica visura per immobile - Catasto Fabbricati."
"visura-storica","AR","CIVITELLA IN VAL DI CHIANA","6","112","","F","","analitica","","","PVP sales 1 (1591386); Storica Analitica visura per immobile - Catasto Fabbricati."
"visura-storica","AR","CIVITELLA IN VAL DI CHIANA","6","112","","T","","analitica","","","PVP sales 1 (1591386); Storica Analitica visura per immobile - Catasto Terreni."
"visura-storica","AR","CIVITELLA IN VAL DI CHIANA","6","115","","F","","analitica","","","PVP sales 1 (1591386); Storica Analitica visura per immobile - Catasto Fabbricati."
"visura-storica","AR","CIVITELLA IN VAL DI CHIANA","6","115","","T","","analitica","","","PVP sales 1 (1591386); Storica Analitica visura per immobile - Catasto Terreni."
"visura-storica","AR","CIVITELLA IN VAL DI CHIANA","6","126","1","F","","analitica","","","PVP sales 2 (4456283,4543133); Storica Analitica visura per immobile - Catasto Fabbricati."
"visura-storica","AR","CIVITELLA IN VAL DI CHIANA","6","289","","F","","analitica","","","PVP sales 1 (1591386); Storica Analitica visura per immobile - Catasto Fabbricati."
"visura-storica","AR","CIVITELLA IN VAL DI CHIANA","6","289","","T","","analitica","","","PVP sales 1 (1591386); Storica Analitica visura per immobile - Catasto Terreni."
"visura-storica","AR","CIVITELLA IN VAL DI CHIANA","63","155","","F","","analitica","","","PVP sales 1 (4452793); Storica Analitica visura per immobile - Catasto Fabbricati."
"visura-storica","AR","CIVITELLA IN VAL DI CHIANA","63","155","","T","","analitica","","","PVP sales 1 (4452793); Storica Analitica visura per immobile - Catasto Terreni."
"visura-storica","AR","CIVITELLA IN VAL DI CHIANA","74","42","3","F","","analitica","","","PVP sales 1 (1942806); Storica Analitica visura per immobile - Catasto Fabbricati."
"visura-storica","AR","CIVITELLA IN VAL DI CHIANA","74","42","5","F","","analitica","","","PVP sales 1 (1942806); Storica Analitica visura per immobile - Catasto Fabbricati."
"visura-storica","AR","CIVITELLA IN VAL DI CHIANA","81","74","","T","","analitica","","","PVP sales 1 (2067653); Storica Analitica visura per immobile - Catasto Terreni."
"visura-storica","AR","CIVITELLA IN VAL DI CHIANA","81","75","","T","","analitica","","","PVP sales 1 (2067653); Storica Analitica visura per immobile - Catasto Terreni."
"visura-storica","AR","CIVITELLA IN VAL DI CHIANA","85","230","","F","","analitica","","","PVP sales 1 (1685640); Storica Analitica visura per immobile - Catasto Fabbricati."
"visura-storica","AR","CIVITELLA IN VAL DI CHIANA","85","230","","T","","analitica","","","PVP sales 1 (1685640); Storica Analitica visura per immobile - Catasto Terreni."
"visura-storica","AR","CIVITELLA IN VAL DI CHIANA","85","285","","F","","analitica","","","PVP sales 1 (1685640); Storica Analitica visura per immobile - Catasto Fabbricati."
"visura-storica","AR","CIVITELLA IN VAL DI CHIANA","85","285","","T","","analitica","","","PVP sales 1 (1685640); Storica Analitica visura per immobile - Catasto Terreni."
"visura-storica","AR","CIVITELLA IN VAL DI CHIANA","85","361","","F","","analitica","","","PVP sales 1 (1685640); Storica Analitica visura per immobile - Catasto Fabbricati."
"visura-storica","AR","CIVITELLA IN VAL DI CHIANA","85","361","","T","","analitica","","","PVP sales 1 (1685640); Storica Analitica visura per immobile - Catasto Terreni."
"visura-storica","AR","CIVITELLA IN VAL DI CHIANA","85","9","","F","","analitica","","","PVP sales 1 (1685640); Storica Analitica visura per immobile - Catasto Fabbricati."
"visura-storica","AR","CIVITELLA IN VAL DI CHIANA","85","9","","T","","analitica","","","PVP sales 1 (1685640); Storica Analitica visura per immobile - Catasto Terreni."
"visura-storica","AR","CIVITELLA IN VAL DI CHIANA","90","385","","T","","analitica","","","PVP sales 1 (2067652); Storica Analitica visura per immobile - Catasto Terreni."
"visura-storica","AR","CIVITELLA IN VAL DI CHIANA","90","387","","T","","analitica","","","PVP sales 1 (2067652); Storica Analitica visura per immobile - Catasto Terreni."
"visura-storica","AR","CIVITELLA IN VAL DI CHIANA","91","304","","T","","analitica","","","PVP sales 2 (2067598,2163723); Storica Analitica visura per immobile - Catasto Terreni."
"visura-storica","AR","CIVITELLA IN VAL DI CHIANA","91","50","","T","","analitica","","","PVP sales 2 (2067598,2163723); Storica Analitica visura per immobile - Catasto Terreni."
"visura-storica","AR","CIVITELLA IN VAL DI CHIANA","96","132","","T","","analitica","","","PVP sales 1 (2068584); Storica Analitica visura per immobile - Catasto Terreni."
"visura-storica","AR","CIVITELLA IN VAL DI CHIANA","96","133","","T","","analitica","","","PVP sales 1 (2068584); Storica Analitica visura per immobile - Catasto Terreni."
"visura-storica","AR","CIVITELLA IN VAL DI CHIANA","96","212","","T","","analitica","","","PVP sales 2 (2067595,2163718); Storica Analitica visura per immobile - Catasto Terreni."
"visura-storica","AR","CIVITELLA IN VAL DI CHIANA","96","275","","T","","analitica","","","PVP sales 3 (2067587,2163702,4235545); Storica Analitica visura per immobile - Catasto Terreni."
"visura-storica","AR","CIVITELLA IN VAL DI CHIANA","96","285","","T","","analitica","","","PVP sales 3 (2067587,2163702,4235545); Storica Analitica visura per immobile - Catasto Terreni."
"visura-storica","AR","CIVITELLA IN VAL DI CHIANA","96","423","","T","","analitica","","","PVP sales 2 (2067594,2163644); Storica Analitica visura per immobile - Catasto Terreni."
"visura-storica","AR","CIVITELLA IN VAL DI CHIANA","96","424","","T","","analitica","","","PVP sales 2 (2067594,2163644); Storica Analitica visura per immobile - Catasto Terreni."
"visura-storica","AR","CIVITELLA IN VAL DI CHIANA","96","485","","T","","analitica","","","PVP sales 3 (2067587,2163702,4235545); Storica Analitica visura per immobile - Catasto Terreni."
"visura-storica","AR","CIVITELLA IN VAL DI CHIANA","96","486","","T","","analitica","","","PVP sales 3 (2067587,2163702,4235545); Storica Analitica visura per immobile - Catasto Terreni."
"visura-storica","AR","CIVITELLA IN VAL DI CHIANA","96","529","","T","","analitica","","","PVP sales 2 (2067595,2163718); Storica Analitica visura per immobile - Catasto Terreni."
"visura-storica","AR","CIVITELLA IN VAL DI CHIANA","96","530","","T","","analitica","","","PVP sales 2 (2067595,2163718); Storica Analitica visura per immobile - Catasto Terreni."
"visura-storica","AR","CIVITELLA IN VAL DI CHIANA","96","532","","T","","analitica","","","PVP sales 2 (2067595,2163718); Storica Analitica visura per immobile - Catasto Terreni."
"visura-storica","AR","CIVITELLA IN VAL DI CHIANA","96","551","","F","","analitica","","","PVP sales 1 (2068584); Storica Analitica visura per immobile - Catasto Fabbricati."
"visura-storica","AR","CIVITELLA IN VAL DI CHIANA","97","18","","T","","analitica","","","PVP sales 1 (2067579); Storica Analitica visura per immobile - Catasto Terreni."
"visura-storica","AR","CIVITELLA IN VAL DI CHIANA","97","34","","T","","analitica","","","PVP sales 1 (2067582); Storica Analitica visura per immobile - Catasto Terreni."
"visura-storica","AR","CIVITELLA IN VAL DI CHIANA","98","178","","T","","analitica","","","PVP sales 2 (2067656,2163710); Storica Analitica visura per immobile - Catasto Terreni."
"visura-storica","AR","CIVITELLA IN VAL DI CHIANA","98","179","","T","","analitica","","","PVP sales 2 (2067656,2163710); Storica Analitica visura per immobile - Catasto Terreni."
"visura-storica","AR","CIVITELLA IN VAL DI CHIANA","98","180","","T","","analitica","","","PVP sales 3 (2067445,2068580,4299779); Storica Analitica visura per immobile - Catasto Terreni."
"visura-storica","AR","CIVITELLA IN VAL DI CHIANA","98","182","1","F","","analitica","","","PVP sales 3 (2067445,2068580,4299779); Storica Analitica visura per immobile - Catasto Fabbricati."
"visura-storica","AR","CIVITELLA IN VAL DI CHIANA","98","182","4","F","","analitica","","","PVP sales 3 (2067445,2068580,4299779); Storica Analitica visura per immobile - Catasto Fabbricati."
"visura-storica","AR","CIVITELLA IN VAL DI CHIANA","98","182","5","F","","analitica","","","PVP sales 3 (2067445,2068580,4299779); Storica Analitica visura per immobile - Catasto Fabbricati."
"visura-storica","AR","CIVITELLA IN VAL DI CHIANA","98","182","6","F","","analitica","","","PVP sales 3 (2067445,2068580,4299779); Storica Analitica visura per immobile - Catasto Fabbricati."
"visura-storica","AR","CIVITELLA IN VAL DI CHIANA","98","184","","T","","analitica","","","PVP sales 3 (2067445,2068580,4299779); Storica Analitica visura per immobile - Catasto Terreni."
"visura-storica","AR","CIVITELLA IN VAL DI CHIANA","98","209","","T","","analitica","","","PVP sales 3 (2067445,2068580,4299779); Storica Analitica visura per immobile - Catasto Terreni."
"visura-storica","AR","CIVITELLA IN VAL DI CHIANA","98","210","","T","","analitica","","","PVP sales 3 (2067445,2068580,4299779); Storica Analitica visura per immobile - Catasto Terreni."
"visura-storica","AR","CIVITELLA IN VAL DI CHIANA","98","212","","T","","analitica","","","PVP sales 3 (2067445,2068580,4299779); Storica Analitica visura per immobile - Catasto Terreni."
"visura-storica","AR","CIVITELLA IN VAL DI CHIANA","98","213","","T","","analitica","","","PVP sales 3 (2067445,2068580,4299779); Storica Analitica visura per immobile - Catasto Terreni."
"visura-storica","AR","CIVITELLA IN VAL DI CHIANA","98","214","","T","","analitica","","","PVP sales 3 (2067445,2068580,4299779); Storica Analitica visura per immobile - Catasto Terreni."
"visura-storica","AR","CIVITELLA IN VAL DI CHIANA","98","244","","T","","analitica","","","PVP sales 3 (2067445,2068580,4299779); Storica Analitica visura per immobile - Catasto Terreni."
"visura-storica","AR","CIVITELLA IN VAL DI CHIANA","98","248","","F","","analitica","","","PVP sales 2 (2067571,2163637); Storica Analitica visura per immobile - Catasto Fabbricati."
"visura-storica","AR","CIVITELLA IN VAL DI CHIANA","98","249","","T","","analitica","","","PVP sales 2 (2067571,2163637); Storica Analitica visura per immobile - Catasto Terreni."
"visura-storica","AR","CIVITELLA IN VAL DI CHIANA","98","336","","F","","analitica","","","PVP sales 3 (2067445,2068580,4299779); Storica Analitica visura per immobile - Catasto Fabbricati."
"visura-storica","AR","CIVITELLA IN VAL DI CHIANA","98","636","","T","","analitica","","","PVP sales 3 (2067445,2068580,4299779); Storica Analitica visura per immobile - Catasto Terreni."
"visura-storica","AR","CIVITELLA IN VAL DI CHIANA","98","807","","T","","analitica","","","PVP sales 3 (2067445,2068580,4299779); Storica Analitica visura per immobile - Catasto Terreni."
"visura-storica","AR","CIVITELLA IN VAL DI CHIANA","98","808","","T","","analitica","","","PVP sales 3 (2067445,2068580,4299779); Storica Analitica visura per immobile - Catasto Terreni."
"visura-storica","AR","CIVITELLA IN VAL DI CHIANA","98","809","1","F","","analitica","","","PVP sales 3 (2067445,2068580,4299779); Storica Analitica visura per immobile - Catasto Fabbricati."
"visura-storica","AR","CIVITELLA IN VAL DI CHIANA","98","809","2","F","","analitica","","","PVP sales 3 (2067445,2068580,4299779); Storica Analitica visura per immobile - Catasto Fabbricati."
"visura-storica","AR","CIVITELLA IN VAL DI CHIANA","98","81","","T","","analitica","","","PVP sales 2 (2067654,2163727); Storica Analitica visura per immobile - Catasto Terreni."
"visura-storica","AR","CIVITELLA IN VAL DI CHIANA","98","810","","T","","analitica","","","PVP sales 3 (2067445,2068580,4299779); Storica Analitica visura per immobile - Catasto Terreni."
"visura-storica","AR","CIVITELLA IN VAL DI CHIANA","98","82","","T","","analitica","","","PVP sales 2 (2067654,2163727); Storica Analitica visura per immobile - Catasto Terreni."
"visura-storica","AR","CIVITELLA IN VAL DI CHIANA","99","137","","T","","analitica","","","PVP sales 2 (2067599,2163724); Storica Analitica visura per immobile - Catasto Terreni."
"visura-storica","AR","CIVITELLA IN VAL DI CHIANA","99","14","","T","","analitica","","","PVP sales 2 (2067599,2163724); Storica Analitica visura per immobile - Catasto Terreni."
"visura-storica","AR","CIVITELLA IN VAL DI CHIANA","99","30","","T","","analitica","","","PVP sales 2 (2067599,2163724); Storica Analitica visura per immobile - Catasto Terreni."
"visura-storica","AR","CORTONA","107","658","41","F","","analitica","","","PVP sales 2 (4433582,4488331); Storica Analitica visura per immobile - Catasto Fabbricati."
"visura-storica","AR","CORTONA","107","704","38","F","","analitica","","","PVP sales 1 (4433603); Storica Analitica visura per immobile - Catasto Fabbricati."
"visura-storica","AR","CORTONA","107","724","2","F","","analitica","","","PVP sales 2 (4433586,4488352); Storica Analitica visura per immobile - Catasto Fabbricati."
"visura-storica","AR","CORTONA","107","724","39","F","","analitica","","","PVP sales 2 (4433588,4488306); Storica Analitica visura per immobile - Catasto Fabbricati."
"visura-storica","AR","CORTONA","108","97","3","F","","analitica","","","PVP sales 1 (4521132); Storica Analitica visura per immobile - Catasto Fabbricati."
"visura-storica","AR","CORTONA","108","97","4","F","","analitica","","","PVP sales 1 (4521132); Storica Analitica visura per immobile - Catasto Fabbricati."
"visura-storica","AR","CORTONA","108","97","5","F","","analitica","","","PVP sales 1 (4521132); Storica Analitica visura per immobile - Catasto Fabbricati."
"visura-storica","AR","CORTONA","108","97","6","F","","analitica","","","PVP sales 1 (4521132); Storica Analitica visura per immobile - Catasto Fabbricati."
"visura-storica","AR","CORTONA","174","284","","F","","analitica","","","PVP sales 6 (1637011,1717824,1783172,1855111,1971731 +1 more); Storica Analitica visura per immobile - Catasto Fabbricati."
"visura-storica","AR","CORTONA","174","284","","T","","analitica","","","PVP sales 6 (1637011,1717824,1783172,1855111,1971731 +1 more); Storica Analitica visura per immobile - Catasto Terreni."
"visura-storica","AR","CORTONA","174","362","","F","","analitica","","","PVP sales 6 (1637011,1717824,1783172,1855111,1971731 +1 more); Storica Analitica visura per immobile - Catasto Fabbricati."
"visura-storica","AR","CORTONA","174","362","","T","","analitica","","","PVP sales 6 (1637011,1717824,1783172,1855111,1971731 +1 more); Storica Analitica visura per immobile - Catasto Terreni."
"visura-storica","AR","CORTONA","193","258","10","F","","analitica","","","PVP sales 1 (4468758); Storica Analitica visura per immobile - Catasto Fabbricati."
"visura-storica","AR","CORTONA","193","258","4","F","","analitica","","","PVP sales 1 (4468758); Storica Analitica visura per immobile - Catasto Fabbricati."
"visura-storica","AR","CORTONA","193","261","","F","","analitica","","","PVP sales 1 (4468758); Storica Analitica visura per immobile - Catasto Fabbricati."
"visura-storica","AR","CORTONA","193","261","","T","","analitica","","","PVP sales 1 (4468758); Storica Analitica visura per immobile - Catasto Terreni."
"visura-storica","AR","CORTONA","205","350","11","F","","analitica","","","PVP sales 1 (4482540); Storica Analitica visura per immobile - Catasto Fabbricati."
"visura-storica","AR","CORTONA","205","350","18","F","","analitica","","","PVP sales 1 (4482540); Storica Analitica visura per immobile - Catasto Fabbricati."
"visura-storica","AR","CORTONA","211","166","","F","","analitica","","","PVP sales 2 (4452073,4528368); Storica Analitica visura per immobile - Catasto Fabbricati."
"visura-storica","AR","CORTONA","211","166","","T","","analitica","","","PVP sales 2 (4452073,4528368); Storica Analitica visura per immobile - Catasto Terreni."
"visura-storica","AR","CORTONA","211","32","","F","","analitica","","","PVP sales 2 (4452073,4528368); Storica Analitica visura per immobile - Catasto Fabbricati."
"visura-storica","AR","CORTONA","211","32","","T","","analitica","","","PVP sales 2 (4452073,4528368); Storica Analitica visura per immobile - Catasto Terreni."
"visura-storica","AR","CORTONA","215","1258","","F","","analitica","","","PVP sales 1 (4484472); Storica Analitica visura per immobile - Catasto Fabbricati."
"visura-storica","AR","CORTONA","215","1258","","T","","analitica","","","PVP sales 1 (4484472); Storica Analitica visura per immobile - Catasto Terreni."
"visura-storica","AR","CORTONA","215","303","10","F","","analitica","","","PVP sales 3 (4433488,4488301,4540033); Storica Analitica visura per immobile - Catasto Fabbricati."
"visura-storica","AR","CORTONA","215","303","17","F","","analitica","","","PVP sales 3 (4433488,4488301,4540033); Storica Analitica visura per immobile - Catasto Fabbricati."
"visura-storica","AR","CORTONA","215","323","1","F","","analitica","","","PVP sales 2 (4433460,4488313); Storica Analitica visura per immobile - Catasto Fabbricati."
"visura-storica","AR","CORTONA","215","323","4","F","","analitica","","","PVP sales 2 (4433460,4488313); Storica Analitica visura per immobile - Catasto Fabbricati."
"visura-storica","AR","CORTONA","215","46","","F","","analitica","","","PVP sales 1 (4484472); Storica Analitica visura per immobile - Catasto Fabbricati."
"visura-storica","AR","CORTONA","215","46","","T","","analitica","","","PVP sales 1 (4484472); Storica Analitica visura per immobile - Catasto Terreni."
"visura-storica","AR","CORTONA","215","8812","","F","","analitica","","","PVP sales 2 (4433460,4488313); Storica Analitica visura per immobile - Catasto Fabbricati."
"visura-storica","AR","CORTONA","215","8812","","T","","analitica","","","PVP sales 2 (4433460,4488313); Storica Analitica visura per immobile - Catasto Terreni."
"visura-storica","AR","CORTONA","218","45","1","F","","analitica","","","PVP sales 2 (4320506,4398951); Storica Analitica visura per immobile - Catasto Fabbricati."
"visura-storica","AR","CORTONA","218","45","2","F","","analitica","","","PVP sales 2 (4320506,4398951); Storica Analitica visura per immobile - Catasto Fabbricati."
"visura-storica","AR","CORTONA","218","45","3","F","","analitica","","","PVP sales 2 (4320506,4398951); Storica Analitica visura per immobile - Catasto Fabbricati."
"visura-storica","AR","CORTONA","234","114","","F","","analitica","","","PVP sales 1 (4441509); Storica Analitica visura per immobile - Catasto Fabbricati."
"visura-storica","AR","CORTONA","234","114","","T","","analitica","","","PVP sales 1 (4441509); Storica Analitica visura per immobile - Catasto Terreni."
"visura-storica","AR","CORTONA","234","225","","F","","analitica","","","PVP sales 2 (4441509,4441524); Storica Analitica visura per immobile - Catasto Fabbricati."
"visura-storica","AR","CORTONA","234","225","","T","","analitica","","","PVP sales 2 (4441509,4441524); Storica Analitica visura per immobile - Catasto Terreni."
"visura-storica","AR","CORTONA","234","227","1","F","","analitica","","","PVP sales 1 (4441509); Storica Analitica visura per immobile - Catasto Fabbricati."
"visura-storica","AR","CORTONA","234","235","","F","","analitica","","","PVP sales 1 (4441524); Storica Analitica visura per immobile - Catasto Fabbricati."
"visura-storica","AR","CORTONA","234","235","","T","","analitica","","","PVP sales 1 (4441524); Storica Analitica visura per immobile - Catasto Terreni."
"visura-storica","AR","CORTONA","234","236","","F","","analitica","","","PVP sales 1 (4441524); Storica Analitica visura per immobile - Catasto Fabbricati."
"visura-storica","AR","CORTONA","234","236","","T","","analitica","","","PVP sales 1 (4441524); Storica Analitica visura per immobile - Catasto Terreni."
"visura-storica","AR","CORTONA","234","238","","F","","analitica","","","PVP sales 1 (4441524); Storica Analitica visura per immobile - Catasto Fabbricati."
"visura-storica","AR","CORTONA","234","238","","T","","analitica","","","PVP sales 1 (4441524); Storica Analitica visura per immobile - Catasto Terreni."
"visura-storica","AR","CORTONA","234","248","","F","","analitica","","","PVP sales 1 (4441509); Storica Analitica visura per immobile - Catasto Fabbricati."
"visura-storica","AR","CORTONA","234","248","","T","","analitica","","","PVP sales 1 (4441509); Storica Analitica visura per immobile - Catasto Terreni."
"visura-storica","AR","CORTONA","234","249","","F","","analitica","","","PVP sales 1 (4441509); Storica Analitica visura per immobile - Catasto Fabbricati."
"visura-storica","AR","CORTONA","234","249","","T","","analitica","","","PVP sales 1 (4441509); Storica Analitica visura per immobile - Catasto Terreni."
"visura-storica","AR","CORTONA","234","250","","F","","analitica","","","PVP sales 1 (4441509); Storica Analitica visura per immobile - Catasto Fabbricati."
"visura-storica","AR","CORTONA","234","250","","T","","analitica","","","PVP sales 1 (4441509); Storica Analitica visura per immobile - Catasto Terreni."
"visura-storica","AR","CORTONA","234","251","","F","","analitica","","","PVP sales 1 (4441509); Storica Analitica visura per immobile - Catasto Fabbricati."
"visura-storica","AR","CORTONA","234","251","","T","","analitica","","","PVP sales 1 (4441509); Storica Analitica visura per immobile - Catasto Terreni."
"visura-storica","AR","CORTONA","234","253","","F","","analitica","","","PVP sales 1 (4441509); Storica Analitica visura per immobile - Catasto Fabbricati."
"visura-storica","AR","CORTONA","234","253","","T","","analitica","","","PVP sales 1 (4441509); Storica Analitica visura per immobile - Catasto Terreni."
"visura-storica","AR","CORTONA","234","51","1","F","","analitica","","","PVP sales 1 (4441524); Storica Analitica visura per immobile - Catasto Fabbricati."
"visura-storica","AR","CORTONA","264","113","","F","","analitica","","","PVP sales 1 (4441509); Storica Analitica visura per immobile - Catasto Fabbricati."
"visura-storica","AR","CORTONA","264","113","","T","","analitica","","","PVP sales 1 (4441509); Storica Analitica visura per immobile - Catasto Terreni."
"visura-storica","AR","CORTONA","276","1","","F","","analitica","","","PVP sales 3 (4444965,4501629,4549998); Storica Analitica visura per immobile - Catasto Fabbricati."
"visura-storica","AR","CORTONA","276","1","","T","","analitica","","","PVP sales 3 (4444965,4501629,4549998); Storica Analitica visura per immobile - Catasto Terreni."
"visura-storica","AR","CORTONA","276","10","","F","","analitica","","","PVP sales 3 (4444965,4501629,4549998); Storica Analitica visura per immobile - Catasto Fabbricati."
"visura-storica","AR","CORTONA","276","10","","T","","analitica","","","PVP sales 3 (4444965,4501629,4549998); Storica Analitica visura per immobile - Catasto Terreni."
"visura-storica","AR","CORTONA","276","100","","F","","analitica","","","PVP sales 3 (4444965,4501629,4549998); Storica Analitica visura per immobile - Catasto Fabbricati."
"visura-storica","AR","CORTONA","276","100","","T","","analitica","","","PVP sales 3 (4444965,4501629,4549998); Storica Analitica visura per immobile - Catasto Terreni."
"visura-storica","AR","CORTONA","276","11","","F","","analitica","","","PVP sales 3 (4444965,4501629,4549998); Storica Analitica visura per immobile - Catasto Fabbricati."
"visura-storica","AR","CORTONA","276","11","","T","","analitica","","","PVP sales 3 (4444965,4501629,4549998); Storica Analitica visura per immobile - Catasto Terreni."
"visura-storica","AR","CORTONA","276","118","3","F","","analitica","","","PVP sales 3 (4444965,4501629,4549998); Storica Analitica visura per immobile - Catasto Fabbricati."
"visura-storica","AR","CORTONA","276","12","","F","","analitica","","","PVP sales 3 (4444965,4501629,4549998); Storica Analitica visura per immobile - Catasto Fabbricati."
"visura-storica","AR","CORTONA","276","12","","T","","analitica","","","PVP sales 3 (4444965,4501629,4549998); Storica Analitica visura per immobile - Catasto Terreni."
"visura-storica","AR","CORTONA","276","13","","F","","analitica","","","PVP sales 3 (4444965,4501629,4549998); Storica Analitica visura per immobile - Catasto Fabbricati."
"visura-storica","AR","CORTONA","276","13","","T","","analitica","","","PVP sales 3 (4444965,4501629,4549998); Storica Analitica visura per immobile - Catasto Terreni."
"visura-storica","AR","CORTONA","276","144","","F","","analitica","","","PVP sales 3 (4444965,4501629,4549998); Storica Analitica visura per immobile - Catasto Fabbricati."
"visura-storica","AR","CORTONA","276","144","","T","","analitica","","","PVP sales 3 (4444965,4501629,4549998); Storica Analitica visura per immobile - Catasto Terreni."
"visura-storica","AR","CORTONA","276","2","3","F","","analitica","","","PVP sales 3 (4444965,4501629,4549998); Storica Analitica visura per immobile - Catasto Fabbricati."
"visura-storica","AR","CORTONA","276","2","4","F","","analitica","","","PVP sales 3 (4444965,4501629,4549998); Storica Analitica visura per immobile - Catasto Fabbricati."
"visura-storica","AR","CORTONA","276","3","","F","","analitica","","","PVP sales 3 (4444965,4501629,4549998); Storica Analitica visura per immobile - Catasto Fabbricati."
"visura-storica","AR","CORTONA","276","3","","T","","analitica","","","PVP sales 3 (4444965,4501629,4549998); Storica Analitica visura per immobile - Catasto Terreni."
"visura-storica","AR","CORTONA","276","36","","F","","analitica","","","PVP sales 3 (4444965,4501629,4549998); Storica Analitica visura per immobile - Catasto Fabbricati."
"visura-storica","AR","CORTONA","276","36","","T","","analitica","","","PVP sales 3 (4444965,4501629,4549998); Storica Analitica visura per immobile - Catasto Terreni."
"visura-storica","AR","CORTONA","276","37","","F","","analitica","","","PVP sales 3 (4444965,4501629,4549998); Storica Analitica visura per immobile - Catasto Fabbricati."
"visura-storica","AR","CORTONA","276","37","","T","","analitica","","","PVP sales 3 (4444965,4501629,4549998); Storica Analitica visura per immobile - Catasto Terreni."
"visura-storica","AR","CORTONA","276","38","","F","","analitica","","","PVP sales 3 (4444965,4501629,4549998); Storica Analitica visura per immobile - Catasto Fabbricati."
"visura-storica","AR","CORTONA","276","38","","T","","analitica","","","PVP sales 3 (4444965,4501629,4549998); Storica Analitica visura per immobile - Catasto Terreni."
"visura-storica","AR","CORTONA","276","4","1","F","","analitica","","","PVP sales 1 (4549998); Storica Analitica visura per immobile - Catasto Fabbricati."
"visura-storica","AR","CORTONA","276","4","10","F","","analitica","","","PVP sales 3 (4444965,4501629,4549998); Storica Analitica visura per immobile - Catasto Fabbricati."
"visura-storica","AR","CORTONA","276","4","11","F","","analitica","","","PVP sales 2 (4444965,4501629); Storica Analitica visura per immobile - Catasto Fabbricati."
"visura-storica","AR","CORTONA","276","4","12","F","","analitica","","","PVP sales 3 (4444965,4501629,4549998); Storica Analitica visura per immobile - Catasto Fabbricati."
"visura-storica","AR","CORTONA","276","4","7","F","","analitica","","","PVP sales 3 (4444965,4501629,4549998); Storica Analitica visura per immobile - Catasto Fabbricati."
"visura-storica","AR","CORTONA","276","4","9","F","","analitica","","","PVP sales 3 (4444965,4501629,4549998); Storica Analitica visura per immobile - Catasto Fabbricati."
"visura-storica","AR","CORTONA","276","44","","F","","analitica","","","PVP sales 3 (4444965,4501629,4549998); Storica Analitica visura per immobile - Catasto Fabbricati."
"visura-storica","AR","CORTONA","276","44","","T","","analitica","","","PVP sales 3 (4444965,4501629,4549998); Storica Analitica visura per immobile - Catasto Terreni."
"visura-storica","AR","CORTONA","276","47","","F","","analitica","","","PVP sales 3 (4444965,4501629,4549998); Storica Analitica visura per immobile - Catasto Fabbricati."
"visura-storica","AR","CORTONA","276","47","","T","","analitica","","","PVP sales 3 (4444965,4501629,4549998); Storica Analitica visura per immobile - Catasto Terreni."
"visura-storica","AR","CORTONA","276","59","","F","","analitica","","","PVP sales 3 (4444965,4501629,4549998); Storica Analitica visura per immobile - Catasto Fabbricati."
"visura-storica","AR","CORTONA","276","59","","T","","analitica","","","PVP sales 3 (4444965,4501629,4549998); Storica Analitica visura per immobile - Catasto Terreni."
"visura-storica","AR","CORTONA","276","6","","F","","analitica","","","PVP sales 2 (4444965,4549998); Storica Analitica visura per immobile - Catasto Fabbricati."
"visura-storica","AR","CORTONA","276","6","","T","","analitica","","","PVP sales 2 (4444965,4549998); Storica Analitica visura per immobile - Catasto Terreni."
"visura-storica","AR","CORTONA","276","60","","F","","analitica","","","PVP sales 3 (4444965,4501629,4549998); Storica Analitica visura per immobile - Catasto Fabbricati."
"visura-storica","AR","CORTONA","276","60","","T","","analitica","","","PVP sales 3 (4444965,4501629,4549998); Storica Analitica visura per immobile - Catasto Terreni."
"visura-storica","AR","CORTONA","276","61","","F","","analitica","","","PVP sales 3 (4444965,4501629,4549998); Storica Analitica visura per immobile - Catasto Fabbricati."
"visura-storica","AR","CORTONA","276","61","","T","","analitica","","","PVP sales 3 (4444965,4501629,4549998); Storica Analitica visura per immobile - Catasto Terreni."
"visura-storica","AR","CORTONA","276","68","","F","","analitica","","","PVP sales 3 (4444965,4501629,4549998); Storica Analitica visura per immobile - Catasto Fabbricati."
"visura-storica","AR","CORTONA","276","68","","T","","analitica","","","PVP sales 3 (4444965,4501629,4549998); Storica Analitica visura per immobile - Catasto Terreni."
"visura-storica","AR","CORTONA","276","7","","F","","analitica","","","PVP sales 3 (4444965,4501629,4549998); Storica Analitica visura per immobile - Catasto Fabbricati."
"visura-storica","AR","CORTONA","276","7","","T","","analitica","","","PVP sales 3 (4444965,4501629,4549998); Storica Analitica visura per immobile - Catasto Terreni."
"visura-storica","AR","CORTONA","276","72","","F","","analitica","","","PVP sales 3 (4444965,4501629,4549998); Storica Analitica visura per immobile - Catasto Fabbricati."
"visura-storica","AR","CORTONA","276","72","","T","","analitica","","","PVP sales 3 (4444965,4501629,4549998); Storica Analitica visura per immobile - Catasto Terreni."
"visura-storica","AR","CORTONA","276","96","","F","","analitica","","","PVP sales 3 (4444965,4501629,4549998); Storica Analitica visura per immobile - Catasto Fabbricati."
"visura-storica","AR","CORTONA","276","96","","T","","analitica","","","PVP sales 3 (4444965,4501629,4549998); Storica Analitica visura per immobile - Catasto Terreni."
"visura-storica","AR","CORTONA","289","208","3","F","","analitica","","","PVP sales 1 (4211117); Storica Analitica visura per immobile - Catasto Fabbricati."
"visura-storica","AR","CORTONA","289","208","6","F","","analitica","","","PVP sales 1 (4211117); Storica Analitica visura per immobile - Catasto Fabbricati."
"visura-storica","AR","CORTONA","289","356","","F","","analitica","","","PVP sales 1 (4211117); Storica Analitica visura per immobile - Catasto Fabbricati."
"visura-storica","AR","CORTONA","289","356","","T","","analitica","","","PVP sales 1 (4211117); Storica Analitica visura per immobile - Catasto Terreni."
"visura-storica","AR","CORTONA","289","357","1","F","","analitica","","","PVP sales 1 (4211117); Storica Analitica visura per immobile - Catasto Fabbricati."
"visura-storica","AR","CORTONA","290","37","","F","","analitica","","","PVP sales 1 (4488253); Storica Analitica visura per immobile - Catasto Fabbricati."
"visura-storica","AR","CORTONA","290","37","","T","","analitica","","","PVP sales 1 (4488253); Storica Analitica visura per immobile - Catasto Terreni."
"visura-storica","AR","CORTONA","290","38","3","F","","analitica","","","PVP sales 1 (4488253); Storica Analitica visura per immobile - Catasto Fabbricati."
"visura-storica","AR","CORTONA","290","38","4","F","","analitica","","","PVP sales 1 (4488253); Storica Analitica visura per immobile - Catasto Fabbricati."
"visura-storica","AR","CORTONA","290","38","5","F","","analitica","","","PVP sales 1 (4488253); Storica Analitica visura per immobile - Catasto Fabbricati."
"visura-storica","AR","CORTONA","290","85","","F","","analitica","","","PVP sales 1 (4488253); Storica Analitica visura per immobile - Catasto Fabbricati."
"visura-storica","AR","CORTONA","290","85","","T","","analitica","","","PVP sales 1 (4488253); Storica Analitica visura per immobile - Catasto Terreni."
"visura-storica","AR","CORTONA","297","106","","F","","analitica","","","PVP sales 8 (1586500,1688132,1833268,1924540,2007280 +3 more); Storica Analitica visura per immobile - Catasto Fabbricati."
"visura-storica","AR","CORTONA","297","106","","T","","analitica","","","PVP sales 8 (1586500,1688132,1833268,1924540,2007280 +3 more); Storica Analitica visura per immobile - Catasto Terreni."
"visura-storica","AR","CORTONA","297","37","","F","","analitica","","","PVP sales 8 (1586500,1688132,1833268,1924540,2007280 +3 more); Storica Analitica visura per immobile - Catasto Fabbricati."
"visura-storica","AR","CORTONA","297","37","","T","","analitica","","","PVP sales 8 (1586500,1688132,1833268,1924540,2007280 +3 more); Storica Analitica visura per immobile - Catasto Terreni."
"visura-storica","AR","CORTONA","298","20","1","F","","analitica","","","PVP sales 1 (2104418); Storica Analitica visura per immobile - Catasto Fabbricati."
"visura-storica","AR","CORTONA","298","20","4","F","","analitica","","","PVP sales 1 (2104418); Storica Analitica visura per immobile - Catasto Fabbricati."
"visura-storica","AR","CORTONA","298","20","5","F","","analitica","","","PVP sales 1 (2104418); Storica Analitica visura per immobile - Catasto Fabbricati."
"visura-storica","AR","CORTONA","299","91","","F","","analitica","","","PVP sales 8 (1586500,1688132,1833268,1924540,2007280 +3 more); Storica Analitica visura per immobile - Catasto Fabbricati."
"visura-storica","AR","CORTONA","299","91","","T","","analitica","","","PVP sales 8 (1586500,1688132,1833268,1924540,2007280 +3 more); Storica Analitica visura per immobile - Catasto Terreni."
"visura-storica","AR","CORTONA","306","121","","F","","analitica","","","PVP sales 2 (4425047,4511561); Storica Analitica visura per immobile - Catasto Fabbricati."
"visura-storica","AR","CORTONA","306","121","","T","","analitica","","","PVP sales 2 (4425047,4511561); Storica Analitica visura per immobile - Catasto Terreni."
"visura-storica","AR","CORTONA","306","147","","F","","analitica","","","PVP sales 2 (4425047,4511561); Storica Analitica visura per immobile - Catasto Fabbricati."
"visura-storica","AR","CORTONA","306","147","","T","","analitica","","","PVP sales 2 (4425047,4511561); Storica Analitica visura per immobile - Catasto Terreni."
"visura-storica","AR","CORTONA","306","154","","F","","analitica","","","PVP sales 2 (4425047,4511561); Storica Analitica visura per immobile - Catasto Fabbricati."
"visura-storica","AR","CORTONA","306","154","","T","","analitica","","","PVP sales 2 (4425047,4511561); Storica Analitica visura per immobile - Catasto Terreni."
"visura-storica","AR","CORTONA","306","155","","F","","analitica","","","PVP sales 2 (4425047,4511561); Storica Analitica visura per immobile - Catasto Fabbricati."
"visura-storica","AR","CORTONA","306","155","","T","","analitica","","","PVP sales 2 (4425047,4511561); Storica Analitica visura per immobile - Catasto Terreni."
"visura-storica","AR","CORTONA","306","17","","F","","analitica","","","PVP sales 2 (4425047,4511561); Storica Analitica visura per immobile - Catasto Fabbricati."
"visura-storica","AR","CORTONA","306","17","","T","","analitica","","","PVP sales 2 (4425047,4511561); Storica Analitica visura per immobile - Catasto Terreni."
"visura-storica","AR","CORTONA","306","23","","F","","analitica","","","PVP sales 2 (4425047,4511561); Storica Analitica visura per immobile - Catasto Fabbricati."
"visura-storica","AR","CORTONA","306","23","","T","","analitica","","","PVP sales 2 (4425047,4511561); Storica Analitica visura per immobile - Catasto Terreni."
"visura-storica","AR","CORTONA","306","24","","F","","analitica","","","PVP sales 2 (4425047,4511561); Storica Analitica visura per immobile - Catasto Fabbricati."
"visura-storica","AR","CORTONA","306","24","","T","","analitica","","","PVP sales 2 (4425047,4511561); Storica Analitica visura per immobile - Catasto Terreni."
"visura-storica","AR","CORTONA","306","25","","F","","analitica","","","PVP sales 2 (4425047,4511561); Storica Analitica visura per immobile - Catasto Fabbricati."
"visura-storica","AR","CORTONA","306","25","","T","","analitica","","","PVP sales 2 (4425047,4511561); Storica Analitica visura per immobile - Catasto Terreni."
"visura-storica","AR","CORTONA","314","134","","T","","analitica","","","PVP sales 2 (4224720,4455372); Storica Analitica visura per immobile - Catasto Terreni."
"visura-storica","AR","CORTONA","314","136","","F","","analitica","","","PVP sales 2 (4224720,4455372); Storica Analitica visura per immobile - Catasto Fabbricati."
"visura-storica","AR","CORTONA","314","137","5","F","","analitica","","","PVP sales 2 (4224720,4455372); Storica Analitica visura per immobile - Catasto Fabbricati."
"visura-storica","AR","CORTONA","314","141","","T","","analitica","","","PVP sales 2 (4224720,4455372); Storica Analitica visura per immobile - Catasto Terreni."
"visura-storica","AR","CORTONA","333","297","1","F","","analitica","","","PVP sales 3 (2111647,2111733,2208802); Storica Analitica visura per immobile - Catasto Fabbricati."
"visura-storica","AR","CORTONA","333","297","2","F","","analitica","","","PVP sales 3 (2111647,2111733,2208802); Storica Analitica visura per immobile - Catasto Fabbricati."
"visura-storica","AR","CORTONA","333","297","3","F","","analitica","","","PVP sales 3 (2111647,2111733,2208802); Storica Analitica visura per immobile - Catasto Fabbricati."
"visura-storica","AR","CORTONA","36","124","1","F","","analitica","","","PVP sales 1 (4449041); Storica Analitica visura per immobile - Catasto Fabbricati."
"visura-storica","AR","CORTONA","36","124","2","F","","analitica","","","PVP sales 1 (4449041); Storica Analitica visura per immobile - Catasto Fabbricati."
"visura-storica","AR","CORTONA","76","6","","F","","analitica","","","PVP sales 1 (4501629); Storica Analitica visura per immobile - Catasto Fabbricati."
"visura-storica","AR","CORTONA","76","6","","T","","analitica","","","PVP sales 1 (4501629); Storica Analitica visura per immobile - Catasto Terreni."
"visura-storica","AR","CORTONA","85","17","","F","","analitica","","","PVP sales 1 (612908); Storica Analitica visura per immobile - Catasto Fabbricati."
"visura-storica","AR","CORTONA","85","17","","T","","analitica","","","PVP sales 1 (612908); Storica Analitica visura per immobile - Catasto Terreni."
"visura-storica","AR","CORTONA","85","196","","F","","analitica","","","PVP sales 1 (612908); Storica Analitica visura per immobile - Catasto Fabbricati."
"visura-storica","AR","CORTONA","85","196","","T","","analitica","","","PVP sales 1 (612908); Storica Analitica visura per immobile - Catasto Terreni."
"visura-storica","AR","CORTONA","85","199","","F","","analitica","","","PVP sales 1 (612908); Storica Analitica visura per immobile - Catasto Fabbricati."
"visura-storica","AR","CORTONA","85","199","","T","","analitica","","","PVP sales 1 (612908); Storica Analitica visura per immobile - Catasto Terreni."
"visura-storica","AR","CORTONA","85","202","","F","","analitica","","","PVP sales 1 (612908); Storica Analitica visura per immobile - Catasto Fabbricati."
"visura-storica","AR","CORTONA","85","202","","T","","analitica","","","PVP sales 1 (612908); Storica Analitica visura per immobile - Catasto Terreni."
"visura-storica","AR","CORTONA","85","231","","F","","analitica","","","PVP sales 1 (612908); Storica Analitica visura per immobile - Catasto Fabbricati."
"visura-storica","AR","CORTONA","85","231","","T","","analitica","","","PVP sales 1 (612908); Storica Analitica visura per immobile - Catasto Terreni."
"visura-storica","AR","CORTONA","85","270","","F","","analitica","","","PVP sales 1 (612908); Storica Analitica visura per immobile - Catasto Fabbricati."
"visura-storica","AR","CORTONA","85","270","","T","","analitica","","","PVP sales 1 (612908); Storica Analitica visura per immobile - Catasto Terreni."
"visura-storica","AR","CORTONA","85","271","","F","","analitica","","","PVP sales 1 (612908); Storica Analitica visura per immobile - Catasto Fabbricati."
"visura-storica","AR","CORTONA","85","271","","T","","analitica","","","PVP sales 1 (612908); Storica Analitica visura per immobile - Catasto Terreni."
"visura-storica","AR","CORTONA","85","43","","F","","analitica","","","PVP sales 1 (612908); Storica Analitica visura per immobile - Catasto Fabbricati."
"visura-storica","AR","CORTONA","85","43","","T","","analitica","","","PVP sales 1 (612908); Storica Analitica visura per immobile - Catasto Terreni."
"visura-storica","AR","CORTONA","85","44","","F","","analitica","","","PVP sales 1 (612908); Storica Analitica visura per immobile - Catasto Fabbricati."
"visura-storica","AR","CORTONA","85","44","","T","","analitica","","","PVP sales 1 (612908); Storica Analitica visura per immobile - Catasto Terreni."
"visura-storica","AR","CORTONA","85","45","","F","","analitica","","","PVP sales 1 (612908); Storica Analitica visura per immobile - Catasto Fabbricati."
"visura-storica","AR","CORTONA","85","45","","T","","analitica","","","PVP sales 1 (612908); Storica Analitica visura per immobile - Catasto Terreni."
"visura-storica","AR","CORTONA","85","47","","F","","analitica","","","PVP sales 1 (612908); Storica Analitica visura per immobile - Catasto Fabbricati."
"visura-storica","AR","CORTONA","85","47","","T","","analitica","","","PVP sales 1 (612908); Storica Analitica visura per immobile - Catasto Terreni."
"visura-storica","AR","FOIANO DELLA CHIANA","1","210","33","F","","analitica","","","PVP sales 1 (4433592); Storica Analitica visura per immobile - Catasto Fabbricati."
"visura-storica","AR","FOIANO DELLA CHIANA","1","227","","F","","analitica","","","PVP sales 1 (4433592); Storica Analitica visura per immobile - Catasto Fabbricati."
"visura-storica","AR","FOIANO DELLA CHIANA","1","227","","T","","analitica","","","PVP sales 1 (4433592); Storica Analitica visura per immobile - Catasto Terreni."
"visura-storica","AR","FOIANO DELLA CHIANA","1","438","","F","","analitica","","","PVP sales 1 (4433592); Storica Analitica visura per immobile - Catasto Fabbricati."
"visura-storica","AR","FOIANO DELLA CHIANA","1","438","","T","","analitica","","","PVP sales 1 (4433592); Storica Analitica visura per immobile - Catasto Terreni."
"visura-storica","AR","FOIANO DELLA CHIANA","11","538","","F","","analitica","","","PVP sales 2 (4440491,4497753); Storica Analitica visura per immobile - Catasto Fabbricati."
"visura-storica","AR","FOIANO DELLA CHIANA","11","538","","T","","analitica","","","PVP sales 2 (4440491,4497753); Storica Analitica visura per immobile - Catasto Terreni."
"visura-storica","AR","FOIANO DELLA CHIANA","11","540","","F","","analitica","","","PVP sales 2 (4440491,4497753); Storica Analitica visura per immobile - Catasto Fabbricati."
"visura-storica","AR","FOIANO DELLA CHIANA","11","540","","T","","analitica","","","PVP sales 2 (4440491,4497753); Storica Analitica visura per immobile - Catasto Terreni."
"visura-storica","AR","FOIANO DELLA CHIANA","11","542","","F","","analitica","","","PVP sales 2 (4440491,4497753); Storica Analitica visura per immobile - Catasto Fabbricati."
"visura-storica","AR","FOIANO DELLA CHIANA","11","542","","T","","analitica","","","PVP sales 2 (4440491,4497753); Storica Analitica visura per immobile - Catasto Terreni."
"visura-storica","AR","FOIANO DELLA CHIANA","15","130","9","F","","analitica","","","PVP sales 2 (4463204,4517089); Storica Analitica visura per immobile - Catasto Fabbricati."
"visura-storica","AR","FOIANO DELLA CHIANA","15","135","1","F","","analitica","","","PVP sales 2 (4463204,4517089); Storica Analitica visura per immobile - Catasto Fabbricati."
"visura-storica","AR","FOIANO DELLA CHIANA","15","136","","F","","analitica","","","PVP sales 2 (4463204,4517089); Storica Analitica visura per immobile - Catasto Fabbricati."
"visura-storica","AR","FOIANO DELLA CHIANA","15","136","","T","","analitica","","","PVP sales 2 (4463204,4517089); Storica Analitica visura per immobile - Catasto Terreni."
"visura-storica","AR","FOIANO DELLA CHIANA","22","1044","1","F","","analitica","","","PVP sales 1 (4510324); Storica Analitica visura per immobile - Catasto Fabbricati."
"visura-storica","AR","FOIANO DELLA CHIANA","22","1044","6","F","","analitica","","","PVP sales 1 (4510324); Storica Analitica visura per immobile - Catasto Fabbricati."
"visura-storica","AR","FOIANO DELLA CHIANA","22","1062","1","F","","analitica","","","PVP sales 1 (4510324); Storica Analitica visura per immobile - Catasto Fabbricati."
"visura-storica","AR","FOIANO DELLA CHIANA","22","1062","18","F","","analitica","","","PVP sales 1 (4510324); Storica Analitica visura per immobile - Catasto Fabbricati."
"visura-storica","AR","FOIANO DELLA CHIANA","22","1062","37","F","","analitica","","","PVP sales 1 (4510324); Storica Analitica visura per immobile - Catasto Fabbricati."
"visura-storica","AR","FOIANO DELLA CHIANA","22","1062","4","F","","analitica","","","PVP sales 1 (4510324); Storica Analitica visura per immobile - Catasto Fabbricati."
"visura-storica","AR","FOIANO DELLA CHIANA","22","1062","5","F","","analitica","","","PVP sales 1 (4510324); Storica Analitica visura per immobile - Catasto Fabbricati."
"visura-storica","AR","FOIANO DELLA CHIANA","22","1062","6","F","","analitica","","","PVP sales 1 (4510324); Storica Analitica visura per immobile - Catasto Fabbricati."
"visura-storica","AR","FOIANO DELLA CHIANA","22","1185","1","F","","analitica","","","PVP sales 1 (4510324); Storica Analitica visura per immobile - Catasto Fabbricati."
"visura-storica","AR","FOIANO DELLA CHIANA","22","1185","2","F","","analitica","","","PVP sales 1 (4510324); Storica Analitica visura per immobile - Catasto Fabbricati."
"visura-storica","AR","FOIANO DELLA CHIANA","22","433","14","F","","analitica","","","PVP sales 1 (2051234); Storica Analitica visura per immobile - Catasto Fabbricati."
"visura-storica","AR","FOIANO DELLA CHIANA","22","433","7","F","","analitica","","","PVP sales 1 (2051234); Storica Analitica visura per immobile - Catasto Fabbricati."
"visura-storica","AR","FOIANO DELLA CHIANA","23","31","","F","","analitica","","","PVP sales 2 (1757845,1838812); Storica Analitica visura per immobile - Catasto Fabbricati."
"visura-storica","AR","FOIANO DELLA CHIANA","23","31","","T","","analitica","","","PVP sales 2 (1757845,1838812); Storica Analitica visura per immobile - Catasto Terreni."
"visura-storica","AR","FOIANO DELLA CHIANA","24","186","100","F","","analitica","","","PVP sales 2 (4431922,4518998); Storica Analitica visura per immobile - Catasto Fabbricati."
"visura-storica","AR","FOIANO DELLA CHIANA","24","186","113","F","","analitica","","","PVP sales 1 (4504998); Storica Analitica visura per immobile - Catasto Fabbricati."
"visura-storica","AR","FOIANO DELLA CHIANA","24","186","62","F","","analitica","","","PVP sales 1 (4504998); Storica Analitica visura per immobile - Catasto Fabbricati."
"visura-storica","AR","FOIANO DELLA CHIANA","24","186","98","F","","analitica","","","PVP sales 2 (4431922,4518998); Storica Analitica visura per immobile - Catasto Fabbricati."
"visura-storica","AR","FOIANO DELLA CHIANA","24","204","","F","","analitica","","","PVP sales 1 (4269224); Storica Analitica visura per immobile - Catasto Fabbricati."
"visura-storica","AR","FOIANO DELLA CHIANA","24","204","","T","","analitica","","","PVP sales 1 (4269224); Storica Analitica visura per immobile - Catasto Terreni."
"visura-storica","AR","FOIANO DELLA CHIANA","25","332","","F","","analitica","","","PVP sales 1 (4246000); Storica Analitica visura per immobile - Catasto Fabbricati."
"visura-storica","AR","FOIANO DELLA CHIANA","25","332","","T","","analitica","","","PVP sales 1 (4246000); Storica Analitica visura per immobile - Catasto Terreni."
"visura-storica","AR","FOIANO DELLA CHIANA","25","333","","F","","analitica","","","PVP sales 1 (4246000); Storica Analitica visura per immobile - Catasto Fabbricati."
"visura-storica","AR","FOIANO DELLA CHIANA","25","333","","T","","analitica","","","PVP sales 1 (4246000); Storica Analitica visura per immobile - Catasto Terreni."
"visura-storica","AR","FOIANO DELLA CHIANA","27","124","1","F","","analitica","","","PVP sales 1 (2073286); Storica Analitica visura per immobile - Catasto Fabbricati."
"visura-storica","AR","FOIANO DELLA CHIANA","27","124","2","F","","analitica","","","PVP sales 1 (2073286); Storica Analitica visura per immobile - Catasto Fabbricati."
"visura-storica","AR","FOIANO DELLA CHIANA","27","95","","F","","analitica","","","PVP sales 1 (2073286); Storica Analitica visura per immobile - Catasto Fabbricati."
"visura-storica","AR","FOIANO DELLA CHIANA","27","95","","T","","analitica","","","PVP sales 1 (2073286); Storica Analitica visura per immobile - Catasto Terreni."
"visura-storica","AR","FOIANO DELLA CHIANA","29","371","10","F","","analitica","","","PVP sales 3 (1584583,1688007,1833071); Storica Analitica visura per immobile - Catasto Fabbricati."
"visura-storica","AR","FOIANO DELLA CHIANA","29","371","11","F","","analitica","","","PVP sales 2 (1584583,1833071); Storica Analitica visura per immobile - Catasto Fabbricati."
"visura-storica","AR","FOIANO DELLA CHIANA","29","371","18","F","","analitica","","","PVP sales 3 (1584583,1688007,1833071); Storica Analitica visura per immobile - Catasto Fabbricati."
"visura-storica","AR","FOIANO DELLA CHIANA","29","371","7","F","","analitica","","","PVP sales 3 (1584583,1688007,1833071); Storica Analitica visura per immobile - Catasto Fabbricati."
"visura-storica","AR","FOIANO DELLA CHIANA","29","371","8","F","","analitica","","","PVP sales 2 (1584583,1833071); Storica Analitica visura per immobile - Catasto Fabbricati."
"visura-storica","AR","FOIANO DELLA CHIANA","29","478","","F","","analitica","","","PVP sales 2 (4422774,4498035); Storica Analitica visura per immobile - Catasto Fabbricati."
"visura-storica","AR","FOIANO DELLA CHIANA","29","478","","T","","analitica","","","PVP sales 2 (4422774,4498035); Storica Analitica visura per immobile - Catasto Terreni."
"visura-storica","AR","FOIANO DELLA CHIANA","29","880","","F","","analitica","","","PVP sales 1 (4243550); Storica Analitica visura per immobile - Catasto Fabbricati."
"visura-storica","AR","FOIANO DELLA CHIANA","29","880","","T","","analitica","","","PVP sales 1 (4243550); Storica Analitica visura per immobile - Catasto Terreni."
"visura-storica","AR","FOIANO DELLA CHIANA","29","967","13","F","","analitica","","","PVP sales 1 (4488670); Storica Analitica visura per immobile - Catasto Fabbricati."
"visura-storica","AR","FOIANO DELLA CHIANA","29","967","8","F","","analitica","","","PVP sales 1 (4488670); Storica Analitica visura per immobile - Catasto Fabbricati."
"visura-storica","AR","FOIANO DELLA CHIANA","31","324","","F","","analitica","","","PVP sales 2 (4299719,4456056); Storica Analitica visura per immobile - Catasto Fabbricati."
"visura-storica","AR","FOIANO DELLA CHIANA","31","324","","T","","analitica","","","PVP sales 2 (4299719,4456056); Storica Analitica visura per immobile - Catasto Terreni."
"visura-storica","AR","FOIANO DELLA CHIANA","33","158","","F","","analitica","","","PVP sales 4 (2049691,2120859,2209694,4216062); Storica Analitica visura per immobile - Catasto Fabbricati."
"visura-storica","AR","FOIANO DELLA CHIANA","33","158","","T","","analitica","","","PVP sales 4 (2049691,2120859,2209694,4216062); Storica Analitica visura per immobile - Catasto Terreni."
"visura-storica","AR","FOIANO DELLA CHIANA","33","441","","F","","analitica","","","PVP sales 4 (2049691,2120859,2209694,4216062); Storica Analitica visura per immobile - Catasto Fabbricati."
"visura-storica","AR","FOIANO DELLA CHIANA","33","441","","T","","analitica","","","PVP sales 4 (2049691,2120859,2209694,4216062); Storica Analitica visura per immobile - Catasto Terreni."
"visura-storica","AR","FOIANO DELLA CHIANA","33","448","","F","","analitica","","","PVP sales 4 (2049691,2120859,2209694,4216062); Storica Analitica visura per immobile - Catasto Fabbricati."
"visura-storica","AR","FOIANO DELLA CHIANA","33","448","","T","","analitica","","","PVP sales 4 (2049691,2120859,2209694,4216062); Storica Analitica visura per immobile - Catasto Terreni."
"visura-storica","AR","FOIANO DELLA CHIANA","35","13","","F","","analitica","","","PVP sales 4 (2049691,2120859,2209694,4216062); Storica Analitica visura per immobile - Catasto Fabbricati."
"visura-storica","AR","FOIANO DELLA CHIANA","35","13","","T","","analitica","","","PVP sales 4 (2049691,2120859,2209694,4216062); Storica Analitica visura per immobile - Catasto Terreni."
"visura-storica","AR","FOIANO DELLA CHIANA","36","110","","F","","analitica","","","PVP sales 3 (4421177,4484301,4560321); Storica Analitica visura per immobile - Catasto Fabbricati."
"visura-storica","AR","FOIANO DELLA CHIANA","36","110","","T","","analitica","","","PVP sales 3 (4421177,4484301,4560321); Storica Analitica visura per immobile - Catasto Terreni."
"visura-storica","AR","FOIANO DELLA CHIANA","36","110","104","F","","analitica","","","PVP sales 3 (4421255,4484392,4560393); Storica Analitica visura per immobile - Catasto Fabbricati."
"visura-storica","AR","FOIANO DELLA CHIANA","36","110","105","F","","analitica","","","PVP sales 3 (4421294,4484402,4560380); Storica Analitica visura per immobile - Catasto Fabbricati."
"visura-storica","AR","FOIANO DELLA CHIANA","36","110","121","F","","analitica","","","PVP sales 3 (4421538,4484543,4560742); Storica Analitica visura per immobile - Catasto Fabbricati."
"visura-storica","AR","FOIANO DELLA CHIANA","36","110","122","F","","analitica","","","PVP sales 3 (4421559,4484527,4560722); Storica Analitica visura per immobile - Catasto Fabbricati."
"visura-storica","AR","FOIANO DELLA CHIANA","36","110","123","F","","analitica","","","PVP sales 3 (4421344,4484418,4560436); Storica Analitica visura per immobile - Catasto Fabbricati."
"visura-storica","AR","FOIANO DELLA CHIANA","36","110","125","F","","analitica","","","PVP sales 3 (4421590,4484563,4560787); Storica Analitica visura per immobile - Catasto Fabbricati."
"visura-storica","AR","FOIANO DELLA CHIANA","36","110","126","F","","analitica","","","PVP sales 3 (4421544,4484560,4560769); Storica Analitica visura per immobile - Catasto Fabbricati."
"visura-storica","AR","FOIANO DELLA CHIANA","36","110","127","F","","analitica","","","PVP sales 3 (4421327,4484437,4560414); Storica Analitica visura per immobile - Catasto Fabbricati."
"visura-storica","AR","FOIANO DELLA CHIANA","36","110","129","F","","analitica","","","PVP sales 3 (4421554,4484509,4560733); Storica Analitica visura per immobile - Catasto Fabbricati."
"visura-storica","AR","FOIANO DELLA CHIANA","36","110","132","F","","analitica","","","PVP sales 3 (4421521,4484488,4560727); Storica Analitica visura per immobile - Catasto Fabbricati."
"visura-storica","AR","FOIANO DELLA CHIANA","36","110","139","F","","analitica","","","PVP sales 3 (4421394,4484431,4560707); Storica Analitica visura per immobile - Catasto Fabbricati."
"visura-storica","AR","FOIANO DELLA CHIANA","36","110","140","F","","analitica","","","PVP sales 2 (4421548,4484506); Storica Analitica visura per immobile - Catasto Fabbricati."
"visura-storica","AR","FOIANO DELLA CHIANA","36","110","56","F","","analitica","","","PVP sales 3 (4421189,4484279,4560283); Storica Analitica visura per immobile - Catasto Fabbricati."
"visura-storica","AR","FOIANO DELLA CHIANA","36","110","61","F","","analitica","","","PVP sales 3 (4421217,4484352,4560370); Storica Analitica visura per immobile - Catasto Fabbricati."
"visura-storica","AR","FOIANO DELLA CHIANA","36","110","94","F","","analitica","","","PVP sales 3 (4421208,4484322,4560346); Storica Analitica visura per immobile - Catasto Fabbricati."
"visura-storica","AR","FOIANO DELLA CHIANA","37","148","","F","","analitica","","","PVP sales 4 (2049691,2120859,2209694,4216062); Storica Analitica visura per immobile - Catasto Fabbricati."
"visura-storica","AR","FOIANO DELLA CHIANA","37","148","","T","","analitica","","","PVP sales 4 (2049691,2120859,2209694,4216062); Storica Analitica visura per immobile - Catasto Terreni."
"visura-storica","AR","FOIANO DELLA CHIANA","37","37","3","F","","analitica","","","PVP sales 3 (2120859,2209694,4216062); Storica Analitica visura per immobile - Catasto Fabbricati."
"visura-storica","AR","FOIANO DELLA CHIANA","37","37","4","F","","analitica","","","PVP sales 4 (2049691,2120859,2209694,4216062); Storica Analitica visura per immobile - Catasto Fabbricati."
"visura-storica","AR","FOIANO DELLA CHIANA","37","37","7","F","","analitica","","","PVP sales 4 (2049691,2120859,2209694,4216062); Storica Analitica visura per immobile - Catasto Fabbricati."
"visura-storica","AR","FOIANO DELLA CHIANA","37","73","","F","","analitica","","","PVP sales 4 (2049691,2120859,2209694,4216062); Storica Analitica visura per immobile - Catasto Fabbricati."
"visura-storica","AR","FOIANO DELLA CHIANA","37","73","","T","","analitica","","","PVP sales 4 (2049691,2120859,2209694,4216062); Storica Analitica visura per immobile - Catasto Terreni."
"visura-storica","AR","FOIANO DELLA CHIANA","37","79","","F","","analitica","","","PVP sales 4 (2049691,2120859,2209694,4216062); Storica Analitica visura per immobile - Catasto Fabbricati."
"visura-storica","AR","FOIANO DELLA CHIANA","37","79","","T","","analitica","","","PVP sales 4 (2049691,2120859,2209694,4216062); Storica Analitica visura per immobile - Catasto Terreni."
"visura-storica","AR","LATERINA","16","97","121","F","","analitica","","","PVP sales 2 (4270476,4558345); Storica Analitica visura per immobile - Catasto Fabbricati."
"visura-storica","AR","LATERINA","16","97","129","F","","analitica","","","PVP sales 2 (4270476,4558345); Storica Analitica visura per immobile - Catasto Fabbricati."
"visura-storica","AR","LATERINA","16","97","158","F","","analitica","","","PVP sales 2 (4270476,4558345); Storica Analitica visura per immobile - Catasto Fabbricati."
"visura-storica","AR","LATERINA","16","97","27","F","","analitica","","","PVP sales 2 (4270476,4558345); Storica Analitica visura per immobile - Catasto Fabbricati."
"visura-storica","AR","LATERINA","16","97","31","F","","analitica","","","PVP sales 2 (4270476,4558345); Storica Analitica visura per immobile - Catasto Fabbricati."
"visura-storica","AR","LATERINA","16","97","95","F","","analitica","","","PVP sales 2 (4270476,4558345); Storica Analitica visura per immobile - Catasto Fabbricati."
"visura-storica","AR","LATERINA","16","97","97","F","","analitica","","","PVP sales 2 (4270476,4558345); Storica Analitica visura per immobile - Catasto Fabbricati."
"visura-storica","AR","LATERINA","22","108","2","F","","analitica","","","PVP sales 1 (1480191); Storica Analitica visura per immobile - Catasto Fabbricati."
"visura-storica","AR","LATERINA PERGINE VALDARNO","25","101","39","F","","analitica","","","PVP sales 1 (1627701); Storica Analitica visura per immobile - Catasto Fabbricati."
"visura-storica","AR","LATERINA PERGINE VALDARNO","25","101","46","F","","analitica","","","PVP sales 1 (1627701); Storica Analitica visura per immobile - Catasto Fabbricati."
"visura-storica","AR","LATERINA PERGINE VALDARNO","30","294","10","F","","analitica","","","PVP sales 1 (2164857); Storica Analitica visura per immobile - Catasto Fabbricati."
"visura-storica","AR","LATERINA PERGINE VALDARNO","30","294","12","F","","analitica","","","PVP sales 1 (2164857); Storica Analitica visura per immobile - Catasto Fabbricati."
"visura-storica","AR","LATERINA PERGINE VALDARNO","30","294","13","F","","analitica","","","PVP sales 1 (2164857); Storica Analitica visura per immobile - Catasto Fabbricati."
"visura-storica","AR","LATERINA PERGINE VALDARNO","4","147","","F","","analitica","","","PVP sales 1 (2044201); Storica Analitica visura per immobile - Catasto Fabbricati."
"visura-storica","AR","LATERINA PERGINE VALDARNO","4","147","","T","","analitica","","","PVP sales 1 (2044201); Storica Analitica visura per immobile - Catasto Terreni."
"visura-storica","AR","LATERINA PERGINE VALDARNO","4","266","","F","","analitica","","","PVP sales 1 (2044201); Storica Analitica visura per immobile - Catasto Fabbricati."
"visura-storica","AR","LATERINA PERGINE VALDARNO","4","266","","T","","analitica","","","PVP sales 1 (2044201); Storica Analitica visura per immobile - Catasto Terreni."
"visura-storica","AR","LATERINA PERGINE VALDARNO","4","267","","F","","analitica","","","PVP sales 1 (2044201); Storica Analitica visura per immobile - Catasto Fabbricati."
"visura-storica","AR","LATERINA PERGINE VALDARNO","4","267","","T","","analitica","","","PVP sales 1 (2044201); Storica Analitica visura per immobile - Catasto Terreni."
"visura-storica","AR","LATERINA PERGINE VALDARNO","4","268","","F","","analitica","","","PVP sales 1 (2044201); Storica Analitica visura per immobile - Catasto Fabbricati."
"visura-storica","AR","LATERINA PERGINE VALDARNO","4","268","","T","","analitica","","","PVP sales 1 (2044201); Storica Analitica visura per immobile - Catasto Terreni."
"visura-storica","AR","LATERINA PERGINE VALDARNO","4","270","","F","","analitica","","","PVP sales 1 (2044201); Storica Analitica visura per immobile - Catasto Fabbricati."
"visura-storica","AR","LATERINA PERGINE VALDARNO","4","270","","T","","analitica","","","PVP sales 1 (2044201); Storica Analitica visura per immobile - Catasto Terreni."
"visura-storica","AR","LATERINA PERGINE VALDARNO","4","272","","F","","analitica","","","PVP sales 1 (2044201); Storica Analitica visura per immobile - Catasto Fabbricati."
"visura-storica","AR","LATERINA PERGINE VALDARNO","4","272","","T","","analitica","","","PVP sales 1 (2044201); Storica Analitica visura per immobile - Catasto Terreni."
"visura-storica","AR","LATERINA PERGINE VALDARNO","4","273","","F","","analitica","","","PVP sales 1 (2044201); Storica Analitica visura per immobile - Catasto Fabbricati."
"visura-storica","AR","LATERINA PERGINE VALDARNO","4","273","","T","","analitica","","","PVP sales 1 (2044201); Storica Analitica visura per immobile - Catasto Terreni."
"visura-storica","AR","LATERINA PERGINE VALDARNO","4","274","","F","","analitica","","","PVP sales 1 (2044201); Storica Analitica visura per immobile - Catasto Fabbricati."
"visura-storica","AR","LATERINA PERGINE VALDARNO","4","274","","T","","analitica","","","PVP sales 1 (2044201); Storica Analitica visura per immobile - Catasto Terreni."
"visura-storica","AR","LATERINA PERGINE VALDARNO","4","275","","F","","analitica","","","PVP sales 1 (2044201); Storica Analitica visura per immobile - Catasto Fabbricati."
"visura-storica","AR","LATERINA PERGINE VALDARNO","4","275","","T","","analitica","","","PVP sales 1 (2044201); Storica Analitica visura per immobile - Catasto Terreni."
"visura-storica","AR","LATERINA PERGINE VALDARNO","4","276","","F","","analitica","","","PVP sales 1 (2044201); Storica Analitica visura per immobile - Catasto Fabbricati."
"visura-storica","AR","LATERINA PERGINE VALDARNO","4","276","","T","","analitica","","","PVP sales 1 (2044201); Storica Analitica visura per immobile - Catasto Terreni."
"visura-storica","AR","LATERINA PERGINE VALDARNO","4","277","","F","","analitica","","","PVP sales 1 (2044201); Storica Analitica visura per immobile - Catasto Fabbricati."
"visura-storica","AR","LATERINA PERGINE VALDARNO","4","277","","T","","analitica","","","PVP sales 1 (2044201); Storica Analitica visura per immobile - Catasto Terreni."
"visura-storica","AR","LATERINA PERGINE VALDARNO","4","278","","F","","analitica","","","PVP sales 1 (2044201); Storica Analitica visura per immobile - Catasto Fabbricati."
"visura-storica","AR","LATERINA PERGINE VALDARNO","4","278","","T","","analitica","","","PVP sales 1 (2044201); Storica Analitica visura per immobile - Catasto Terreni."
"visura-storica","AR","LATERINA PERGINE VALDARNO","4","279","","F","","analitica","","","PVP sales 1 (2044201); Storica Analitica visura per immobile - Catasto Fabbricati."
"visura-storica","AR","LATERINA PERGINE VALDARNO","4","279","","T","","analitica","","","PVP sales 1 (2044201); Storica Analitica visura per immobile - Catasto Terreni."
"visura-storica","AR","LATERINA PERGINE VALDARNO","4","280","","F","","analitica","","","PVP sales 1 (2044201); Storica Analitica visura per immobile - Catasto Fabbricati."
"visura-storica","AR","LATERINA PERGINE VALDARNO","4","280","","T","","analitica","","","PVP sales 1 (2044201); Storica Analitica visura per immobile - Catasto Terreni."
"visura-storica","AR","LATERINA PERGINE VALDARNO","4","281","","F","","analitica","","","PVP sales 1 (2044201); Storica Analitica visura per immobile - Catasto Fabbricati."
"visura-storica","AR","LATERINA PERGINE VALDARNO","4","281","","T","","analitica","","","PVP sales 1 (2044201); Storica Analitica visura per immobile - Catasto Terreni."
"visura-storica","AR","LATERINA PERGINE VALDARNO","4","282","","F","","analitica","","","PVP sales 1 (2044201); Storica Analitica visura per immobile - Catasto Fabbricati."
"visura-storica","AR","LATERINA PERGINE VALDARNO","4","282","","T","","analitica","","","PVP sales 1 (2044201); Storica Analitica visura per immobile - Catasto Terreni."
"visura-storica","AR","LATERINA PERGINE VALDARNO","4","283","","F","","analitica","","","PVP sales 1 (2044201); Storica Analitica visura per immobile - Catasto Fabbricati."
"visura-storica","AR","LATERINA PERGINE VALDARNO","4","283","","T","","analitica","","","PVP sales 1 (2044201); Storica Analitica visura per immobile - Catasto Terreni."
"visura-storica","AR","LATERINA PERGINE VALDARNO","4","284","","F","","analitica","","","PVP sales 1 (2044201); Storica Analitica visura per immobile - Catasto Fabbricati."
"visura-storica","AR","LATERINA PERGINE VALDARNO","4","284","","T","","analitica","","","PVP sales 1 (2044201); Storica Analitica visura per immobile - Catasto Terreni."
"visura-storica","AR","LATERINA PERGINE VALDARNO","4","285","","F","","analitica","","","PVP sales 1 (2044201); Storica Analitica visura per immobile - Catasto Fabbricati."
"visura-storica","AR","LATERINA PERGINE VALDARNO","4","285","","T","","analitica","","","PVP sales 1 (2044201); Storica Analitica visura per immobile - Catasto Terreni."
"visura-storica","AR","LATERINA PERGINE VALDARNO","6","120","","F","","analitica","","","PVP sales 2 (2168639,4502052); Storica Analitica visura per immobile - Catasto Fabbricati."
"visura-storica","AR","LATERINA PERGINE VALDARNO","6","120","","T","","analitica","","","PVP sales 2 (2168639,4502052); Storica Analitica visura per immobile - Catasto Terreni."
"visura-storica","AR","LATERINA PERGINE VALDARNO","6","193","","F","","analitica","","","PVP sales 2 (2168639,4502052); Storica Analitica visura per immobile - Catasto Fabbricati."
"visura-storica","AR","LATERINA PERGINE VALDARNO","6","193","","T","","analitica","","","PVP sales 2 (2168639,4502052); Storica Analitica visura per immobile - Catasto Terreni."
"visura-storica","AR","LORO CIUFFENNA","63","120","11","F","","analitica","","","PVP sales 2 (2225029,4473738); Storica Analitica visura per immobile - Catasto Fabbricati."
"visura-storica","AR","LORO CIUFFENNA","63","120","12","F","","analitica","","","PVP sales 2 (2225043,4474242); Storica Analitica visura per immobile - Catasto Fabbricati."
"visura-storica","AR","LORO CIUFFENNA","63","120","16","F","","analitica","","","PVP sales 1 (2225100); Storica Analitica visura per immobile - Catasto Fabbricati."
"visura-storica","AR","LORO CIUFFENNA","63","120","17","F","","analitica","","","PVP sales 2 (2225108,4474284); Storica Analitica visura per immobile - Catasto Fabbricati."
"visura-storica","AR","LORO CIUFFENNA","69","382","1","F","","analitica","","","PVP sales 1 (4374171); Storica Analitica visura per immobile - Catasto Fabbricati."
"visura-storica","AR","LORO CIUFFENNA","69","382","27","F","","analitica","","","PVP sales 1 (4374171); Storica Analitica visura per immobile - Catasto Fabbricati."
"visura-storica","AR","LORO CIUFFENNA","69","545","","F","","analitica","","","PVP sales 1 (4420131); Storica Analitica visura per immobile - Catasto Fabbricati."
"visura-storica","AR","LORO CIUFFENNA","69","545","","T","","analitica","","","PVP sales 1 (4420131); Storica Analitica visura per immobile - Catasto Terreni."
"visura-storica","AR","LORO CIUFFENNA","69","546","","F","","analitica","","","PVP sales 1 (4420131); Storica Analitica visura per immobile - Catasto Fabbricati."
"visura-storica","AR","LORO CIUFFENNA","69","546","","T","","analitica","","","PVP sales 1 (4420131); Storica Analitica visura per immobile - Catasto Terreni."
"visura-storica","AR","LORO CIUFFENNA","69","986","10","F","","analitica","","","PVP sales 1 (2158747); Storica Analitica visura per immobile - Catasto Fabbricati."
"visura-storica","AR","LORO CIUFFENNA","69","986","14","F","","analitica","","","PVP sales 1 (2158747); Storica Analitica visura per immobile - Catasto Fabbricati."
"visura-storica","AR","LORO CIUFFENNA","69","986","2","F","","analitica","","","PVP sales 1 (2158747); Storica Analitica visura per immobile - Catasto Fabbricati."
"visura-storica","AR","LORO CIUFFENNA","69","986","5","F","","analitica","","","PVP sales 1 (2158747); Storica Analitica visura per immobile - Catasto Fabbricati."
"visura-storica","AR","LORO CIUFFENNA","69","986","9","F","","analitica","","","PVP sales 1 (2158747); Storica Analitica visura per immobile - Catasto Fabbricati."
"visura-storica","AR","LORO CIUFFENNA","90","542","10","F","","analitica","","","PVP sales 2 (2225135,4474307); Storica Analitica visura per immobile - Catasto Fabbricati."
"visura-storica","AR","LORO CIUFFENNA","90","542","11","F","","analitica","","","PVP sales 2 (2225135,4474307); Storica Analitica visura per immobile - Catasto Fabbricati."
"visura-storica","AR","LORO CIUFFENNA","90","542","12","F","","analitica","","","PVP sales 2 (2225135,4474307); Storica Analitica visura per immobile - Catasto Fabbricati."
"visura-storica","AR","LORO CIUFFENNA","92","101","","T","","analitica","","","PVP sales 1 (2169670); Storica Analitica visura per immobile - Catasto Terreni."
"visura-storica","AR","LORO CIUFFENNA","92","141","","T","","analitica","","","PVP sales 1 (2169670); Storica Analitica visura per immobile - Catasto Terreni."
"visura-storica","AR","LORO CIUFFENNA","92","142","","T","","analitica","","","PVP sales 1 (2169670); Storica Analitica visura per immobile - Catasto Terreni."
"visura-storica","AR","LORO CIUFFENNA","92","236","3","F","","analitica","","","PVP sales 1 (2169663); Storica Analitica visura per immobile - Catasto Fabbricati."
"visura-storica","AR","LORO CIUFFENNA","92","236","4","F","","analitica","","","PVP sales 1 (2169663); Storica Analitica visura per immobile - Catasto Fabbricati."
"visura-storica","AR","LORO CIUFFENNA","92","236","5","F","","analitica","","","PVP sales 1 (2169663); Storica Analitica visura per immobile - Catasto Fabbricati."
"visura-storica","AR","LORO CIUFFENNA","92","236","6","F","","analitica","","","PVP sales 1 (2169663); Storica Analitica visura per immobile - Catasto Fabbricati."
"visura-storica","AR","LORO CIUFFENNA","92","236","7","F","","analitica","","","PVP sales 1 (2169663); Storica Analitica visura per immobile - Catasto Fabbricati."
"visura-storica","AR","LORO CIUFFENNA","92","236","8","F","","analitica","","","PVP sales 1 (2169663); Storica Analitica visura per immobile - Catasto Fabbricati."
"visura-storica","AR","LORO CIUFFENNA","92","236","9","F","","analitica","","","PVP sales 1 (2169663); Storica Analitica visura per immobile - Catasto Fabbricati."
"visura-storica","AR","LORO CIUFFENNA","92","237","7","F","","analitica","","","PVP sales 1 (2169670); Storica Analitica visura per immobile - Catasto Fabbricati."
"visura-storica","AR","LORO CIUFFENNA","92","237","8","F","","analitica","","","PVP sales 1 (2169670); Storica Analitica visura per immobile - Catasto Fabbricati."
"visura-storica","AR","LORO CIUFFENNA","92","237","9","F","","analitica","","","PVP sales 1 (2169670); Storica Analitica visura per immobile - Catasto Fabbricati."
"visura-storica","AR","LUCIGNANO","23","440","","F","","analitica","","","PVP sales 1 (788596); Storica Analitica visura per immobile - Catasto Fabbricati."
"visura-storica","AR","LUCIGNANO","23","440","","T","","analitica","","","PVP sales 1 (788596); Storica Analitica visura per immobile - Catasto Terreni."
"visura-storica","AR","LUCIGNANO","23","440","19","F","","analitica","","","PVP sales 1 (788596); Storica Analitica visura per immobile - Catasto Fabbricati."
"visura-storica","AR","LUCIGNANO","23","440","3","F","","analitica","","","PVP sales 1 (131139); Storica Analitica visura per immobile - Catasto Fabbricati."
"visura-storica","AR","LUCIGNANO","23","440","9","F","","analitica","","","PVP sales 1 (131139); Storica Analitica visura per immobile - Catasto Fabbricati."
"visura-storica","AR","LUCIGNANO","26","243","21","F","","analitica","","","PVP sales 1 (1604195); Storica Analitica visura per immobile - Catasto Fabbricati."
"visura-storica","AR","LUCIGNANO","30","69","","F","","analitica","","","PVP sales 1 (2107838); Storica Analitica visura per immobile - Catasto Fabbricati."
"visura-storica","AR","LUCIGNANO","30","69","","T","","analitica","","","PVP sales 1 (2107838); Storica Analitica visura per immobile - Catasto Terreni."
"visura-storica","AR","LUCIGNANO","30","70","","F","","analitica","","","PVP sales 1 (2107838); Storica Analitica visura per immobile - Catasto Fabbricati."
"visura-storica","AR","LUCIGNANO","30","70","","T","","analitica","","","PVP sales 1 (2107838); Storica Analitica visura per immobile - Catasto Terreni."
"visura-storica","AR","MARCIANO DELLA CHIANA","10","131","10","F","","analitica","","","PVP sales 1 (4515804); Storica Analitica visura per immobile - Catasto Fabbricati."
"visura-storica","AR","MARCIANO DELLA CHIANA","10","131","11","F","","analitica","","","PVP sales 1 (4515804); Storica Analitica visura per immobile - Catasto Fabbricati."
"visura-storica","AR","MARCIANO DELLA CHIANA","10","131","12","F","","analitica","","","PVP sales 1 (4515804); Storica Analitica visura per immobile - Catasto Fabbricati."
"visura-storica","AR","MARCIANO DELLA CHIANA","10","131","13","F","","analitica","","","PVP sales 1 (4515804); Storica Analitica visura per immobile - Catasto Fabbricati."
"visura-storica","AR","MARCIANO DELLA CHIANA","10","131","6","F","","analitica","","","PVP sales 1 (4515804); Storica Analitica visura per immobile - Catasto Fabbricati."
"visura-storica","AR","MARCIANO DELLA CHIANA","10","131","7","F","","analitica","","","PVP sales 1 (4515804); Storica Analitica visura per immobile - Catasto Fabbricati."
"visura-storica","AR","MARCIANO DELLA CHIANA","10","238","","F","","analitica","","","PVP sales 1 (4515804); Storica Analitica visura per immobile - Catasto Fabbricati."
"visura-storica","AR","MARCIANO DELLA CHIANA","10","238","","T","","analitica","","","PVP sales 1 (4515804); Storica Analitica visura per immobile - Catasto Terreni."
"visura-storica","AR","MARCIANO DELLA CHIANA","11","368","1","F","","analitica","","","PVP sales 2 (4436791,4444904); Storica Analitica visura per immobile - Catasto Fabbricati."
"visura-storica","AR","MARCIANO DELLA CHIANA","11","368","2","F","","analitica","","","PVP sales 2 (4436791,4444904); Storica Analitica visura per immobile - Catasto Fabbricati."
"visura-storica","AR","MARCIANO DELLA CHIANA","11","368","3","F","","analitica","","","PVP sales 1 (4436791); Storica Analitica visura per immobile - Catasto Fabbricati."
"visura-storica","AR","MARCIANO DELLA CHIANA","11","515","","F","","analitica","","","PVP sales 2 (4436791,4444904); Storica Analitica visura per immobile - Catasto Fabbricati."
"visura-storica","AR","MARCIANO DELLA CHIANA","11","515","","T","","analitica","","","PVP sales 2 (4436791,4444904); Storica Analitica visura per immobile - Catasto Terreni."
"visura-storica","AR","MARCIANO DELLA CHIANA","11","516","","F","","analitica","","","PVP sales 2 (4436791,4444904); Storica Analitica visura per immobile - Catasto Fabbricati."
"visura-storica","AR","MARCIANO DELLA CHIANA","11","516","","T","","analitica","","","PVP sales 2 (4436791,4444904); Storica Analitica visura per immobile - Catasto Terreni."
"visura-storica","AR","MARCIANO DELLA CHIANA","17","146","15","F","","analitica","","","PVP sales 1 (4492912); Storica Analitica visura per immobile - Catasto Fabbricati."
"visura-storica","AR","MARCIANO DELLA CHIANA","17","146","26","F","","analitica","","","PVP sales 1 (4492912); Storica Analitica visura per immobile - Catasto Fabbricati."
"visura-storica","AR","MARCIANO DELLA CHIANA","17","146","27","F","","analitica","","","PVP sales 1 (4492912); Storica Analitica visura per immobile - Catasto Fabbricati."
"visura-storica","AR","MARCIANO DELLA CHIANA","17","146","31","F","","analitica","","","PVP sales 1 (4492912); Storica Analitica visura per immobile - Catasto Fabbricati."
"visura-storica","AR","MARCIANO DELLA CHIANA","17","146","33","F","","analitica","","","PVP sales 1 (4492912); Storica Analitica visura per immobile - Catasto Fabbricati."
"visura-storica","AR","MARCIANO DELLA CHIANA","21","281","34","F","","analitica","","","PVP sales 2 (4488474,4542843); Storica Analitica visura per immobile - Catasto Fabbricati."
"visura-storica","AR","MARCIANO DELLA CHIANA","21","281","47","F","","analitica","","","PVP sales 1 (4250729); Storica Analitica visura per immobile - Catasto Fabbricati."
"visura-storica","AR","MARCIANO DELLA CHIANA","21","281","64","F","","analitica","","","PVP sales 2 (4488474,4542843); Storica Analitica visura per immobile - Catasto Fabbricati."
"visura-storica","AR","MARCIANO DELLA CHIANA","368","11","3","F","","analitica","","","PVP sales 1 (4444904); Storica Analitica visura per immobile - Catasto Fabbricati."
"visura-storica","AR","MARCIANO DELLA CHIANA","7","110","","T","","analitica","","","PVP sales 2 (4247683,4371608); Storica Analitica visura per immobile - Catasto Terreni."
"visura-storica","AR","MARCIANO DELLA CHIANA","7","111","","T","","analitica","","","PVP sales 2 (4247683,4371608); Storica Analitica visura per immobile - Catasto Terreni."
"visura-storica","AR","MARCIANO DELLA CHIANA","7","133","","T","","analitica","","","PVP sales 1 (4371557); Storica Analitica visura per immobile - Catasto Terreni."
"visura-storica","AR","MARCIANO DELLA CHIANA","7","134","","T","","analitica","","","PVP sales 1 (4371557); Storica Analitica visura per immobile - Catasto Terreni."
"visura-storica","AR","MARCIANO DELLA CHIANA","7","137","1","F","","analitica","","","PVP sales 1 (4269993); Storica Analitica visura per immobile - Catasto Fabbricati."
"visura-storica","AR","MARCIANO DELLA CHIANA","7","137","2","F","","analitica","","","PVP sales 1 (4269993); Storica Analitica visura per immobile - Catasto Fabbricati."
"visura-storica","AR","MARCIANO DELLA CHIANA","7","138","3","F","","analitica","","","PVP sales 1 (4269993); Storica Analitica visura per immobile - Catasto Fabbricati."
"visura-storica","AR","MARCIANO DELLA CHIANA","7","138","4","F","","analitica","","","PVP sales 1 (4269993); Storica Analitica visura per immobile - Catasto Fabbricati."
"visura-storica","AR","MARCIANO DELLA CHIANA","7","140","1","F","","analitica","","","PVP sales 1 (4270043); Storica Analitica visura per immobile - Catasto Fabbricati."
"visura-storica","AR","MARCIANO DELLA CHIANA","7","140","2","F","","analitica","","","PVP sales 1 (4270043); Storica Analitica visura per immobile - Catasto Fabbricati."
"visura-storica","AR","MARCIANO DELLA CHIANA","7","141","4","F","","analitica","","","PVP sales 1 (4270019); Storica Analitica visura per immobile - Catasto Fabbricati."
"visura-storica","AR","MARCIANO DELLA CHIANA","7","141","5","F","","analitica","","","PVP sales 1 (4270019); Storica Analitica visura per immobile - Catasto Fabbricati."
"visura-storica","AR","MARCIANO DELLA CHIANA","7","141","6","F","","analitica","","","PVP sales 1 (4270019); Storica Analitica visura per immobile - Catasto Fabbricati."
"visura-storica","AR","MARCIANO DELLA CHIANA","7","142","","T","","analitica","","","PVP sales 1 (4371557); Storica Analitica visura per immobile - Catasto Terreni."
"visura-storica","AR","MARCIANO DELLA CHIANA","7","148","","F","","analitica","","","PVP sales 1 (4436859); Storica Analitica visura per immobile - Catasto Fabbricati."
"visura-storica","AR","MARCIANO DELLA CHIANA","7","148","1","F","","analitica","","","PVP sales 1 (4247684); Storica Analitica visura per immobile - Catasto Fabbricati."
"visura-storica","AR","MARCIANO DELLA CHIANA","7","148","2","F","","analitica","","","PVP sales 1 (4247684); Storica Analitica visura per immobile - Catasto Fabbricati."
"visura-storica","AR","MARCIANO DELLA CHIANA","7","151","1","F","","analitica","","","PVP sales 1 (4371557); Storica Analitica visura per immobile - Catasto Fabbricati."
"visura-storica","AR","MARCIANO DELLA CHIANA","7","151","2","F","","analitica","","","PVP sales 1 (4371557); Storica Analitica visura per immobile - Catasto Fabbricati."
"visura-storica","AR","MARCIANO DELLA CHIANA","7","152","","T","","analitica","","","PVP sales 1 (4371557); Storica Analitica visura per immobile - Catasto Terreni."
"visura-storica","AR","MARCIANO DELLA CHIANA","7","153","","T","","analitica","","","PVP sales 1 (4371557); Storica Analitica visura per immobile - Catasto Terreni."
"visura-storica","AR","MARCIANO DELLA CHIANA","7","154","","T","","analitica","","","PVP sales 1 (4371557); Storica Analitica visura per immobile - Catasto Terreni."
"visura-storica","AR","MARCIANO DELLA CHIANA","7","155","","T","","analitica","","","PVP sales 1 (4371557); Storica Analitica visura per immobile - Catasto Terreni."
"visura-storica","AR","MARCIANO DELLA CHIANA","7","156","","T","","analitica","","","PVP sales 1 (4371557); Storica Analitica visura per immobile - Catasto Terreni."
"visura-storica","AR","MARCIANO DELLA CHIANA","7","23","","T","","analitica","","","PVP sales 2 (4247683,4371608); Storica Analitica visura per immobile - Catasto Terreni."
"visura-storica","AR","MONTE SAN SAVINO","35","3","1","F","","analitica","","","PVP sales 1 (4437971); Storica Analitica visura per immobile - Catasto Fabbricati."
"visura-storica","AR","MONTE SAN SAVINO","35","3","2","F","","analitica","","","PVP sales 1 (4437971); Storica Analitica visura per immobile - Catasto Fabbricati."
"visura-storica","AR","MONTE SAN SAVINO","35","3","3","F","","analitica","","","PVP sales 1 (4437971); Storica Analitica visura per immobile - Catasto Fabbricati."
"visura-storica","AR","MONTE SAN SAVINO","49","10","","F","","analitica","","","PVP sales 2 (4450816,4543526); Storica Analitica visura per immobile - Catasto Fabbricati."
"visura-storica","AR","MONTE SAN SAVINO","49","10","","T","","analitica","","","PVP sales 2 (4450816,4543526); Storica Analitica visura per immobile - Catasto Terreni."
"visura-storica","AR","MONTE SAN SAVINO","49","9","","F","","analitica","","","PVP sales 2 (4450816,4543526); Storica Analitica visura per immobile - Catasto Fabbricati."
"visura-storica","AR","MONTE SAN SAVINO","49","9","","T","","analitica","","","PVP sales 2 (4450816,4543526); Storica Analitica visura per immobile - Catasto Terreni."
"visura-storica","AR","MONTE SAN SAVINO","56","153","23","F","","analitica","","","PVP sales 3 (4228999,4386635,4452180); Storica Analitica visura per immobile - Catasto Fabbricati."
"visura-storica","AR","MONTE SAN SAVINO","56","153","24","F","","analitica","","","PVP sales 3 (4228999,4386635,4452180); Storica Analitica visura per immobile - Catasto Fabbricati."
"visura-storica","AR","MONTE SAN SAVINO","56","153","3","F","","analitica","","","PVP sales 3 (4228999,4386635,4452180); Storica Analitica visura per immobile - Catasto Fabbricati."
"visura-storica","AR","MONTE SAN SAVINO","69","139","3","F","","analitica","","","PVP sales 1 (4479520); Storica Analitica visura per immobile - Catasto Fabbricati."
"visura-storica","AR","MONTE SAN SAVINO","69","140","1","F","","analitica","","","PVP sales 1 (4479520); Storica Analitica visura per immobile - Catasto Fabbricati."
"visura-storica","AR","MONTE SAN SAVINO","69","140","2","F","","analitica","","","PVP sales 1 (4479520); Storica Analitica visura per immobile - Catasto Fabbricati."
"visura-storica","AR","MONTE SAN SAVINO","69","140","3","F","","analitica","","","PVP sales 1 (4479520); Storica Analitica visura per immobile - Catasto Fabbricati."
"visura-storica","AR","MONTE SAN SAVINO","69","140","4","F","","analitica","","","PVP sales 1 (4479520); Storica Analitica visura per immobile - Catasto Fabbricati."
"visura-storica","AR","MONTE SAN SAVINO","69","140","5","F","","analitica","","","PVP sales 1 (4479520); Storica Analitica visura per immobile - Catasto Fabbricati."
"visura-storica","AR","MONTE SAN SAVINO","69","140","6","F","","analitica","","","PVP sales 1 (4479520); Storica Analitica visura per immobile - Catasto Fabbricati."
"visura-storica","AR","MONTE SAN SAVINO","87","43","","F","","analitica","","","PVP sales 1 (384894); Storica Analitica visura per immobile - Catasto Fabbricati."
"visura-storica","AR","MONTE SAN SAVINO","87","43","","T","","analitica","","","PVP sales 1 (384894); Storica Analitica visura per immobile - Catasto Terreni."
"visura-storica","AR","MONTE SAN SAVINO","94","26","","F","","analitica","","","PVP sales 1 (4209952); Storica Analitica visura per immobile - Catasto Fabbricati."
"visura-storica","AR","MONTE SAN SAVINO","94","26","","T","","analitica","","","PVP sales 1 (4209952); Storica Analitica visura per immobile - Catasto Terreni."
"visura-storica","AR","MONTE SAN SAVINO","95","47","","F","","analitica","","","PVP sales 1 (2067575); Storica Analitica visura per immobile - Catasto Fabbricati."
"visura-storica","AR","MONTE SAN SAVINO","95","48","1","F","","analitica","","","PVP sales 1 (2067575); Storica Analitica visura per immobile - Catasto Fabbricati."
"visura-storica","AR","MONTE SAN SAVINO","96","240","5","F","","analitica","","","PVP sales 1 (4334733); Storica Analitica visura per immobile - Catasto Fabbricati."
"visura-storica","AR","MONTE SAN SAVINO","96","240","6","F","","analitica","","","PVP sales 1 (4334733); Storica Analitica visura per immobile - Catasto Fabbricati."
"visura-storica","AR","MONTE SAN SAVINO","96","240","7","F","","analitica","","","PVP sales 1 (4334733); Storica Analitica visura per immobile - Catasto Fabbricati."
"visura-storica","AR","MONTE SAN SAVINO","96","240","8","F","","analitica","","","PVP sales 1 (4334733); Storica Analitica visura per immobile - Catasto Fabbricati."
"visura-storica","AR","MONTE SAN SAVINO","96","360","","F","","analitica","","","PVP sales 1 (4334733); Storica Analitica visura per immobile - Catasto Fabbricati."
"visura-storica","AR","MONTE SAN SAVINO","96","360","","T","","analitica","","","PVP sales 1 (4334733); Storica Analitica visura per immobile - Catasto Terreni."
"visura-storica","AR","MONTE SAN SAVINO","96","363","","F","","analitica","","","PVP sales 1 (4334733); Storica Analitica visura per immobile - Catasto Fabbricati."
"visura-storica","AR","MONTE SAN SAVINO","96","363","","T","","analitica","","","PVP sales 1 (4334733); Storica Analitica visura per immobile - Catasto Terreni."
"visura-storica","AR","MONTE SAN SAVINO","96","43","","F","","analitica","","","PVP sales 1 (4334733); Storica Analitica visura per immobile - Catasto Fabbricati."
"visura-storica","AR","MONTE SAN SAVINO","96","43","","T","","analitica","","","PVP sales 1 (4334733); Storica Analitica visura per immobile - Catasto Terreni."
"visura-storica","AR","MONTE SAN SAVINO","96","45","","F","","analitica","","","PVP sales 1 (4334733); Storica Analitica visura per immobile - Catasto Fabbricati."
"visura-storica","AR","MONTE SAN SAVINO","96","45","","T","","analitica","","","PVP sales 1 (4334733); Storica Analitica visura per immobile - Catasto Terreni."
"visura-storica","AR","MONTEVARCHI","10","590","108","F","","analitica","","","PVP sales 1 (4509288); Storica Analitica visura per immobile - Catasto Fabbricati."
"visura-storica","AR","MONTEVARCHI","10","590","110","F","","analitica","","","PVP sales 1 (4509851); Storica Analitica visura per immobile - Catasto Fabbricati."
"visura-storica","AR","MONTEVARCHI","10","590","115","F","","analitica","","","PVP sales 1 (4510081); Storica Analitica visura per immobile - Catasto Fabbricati."
"visura-storica","AR","MONTEVARCHI","10","590","116","F","","analitica","","","PVP sales 1 (4516151); Storica Analitica visura per immobile - Catasto Fabbricati."
"visura-storica","AR","MONTEVARCHI","10","590","118","F","","analitica","","","PVP sales 1 (4516236); Storica Analitica visura per immobile - Catasto Fabbricati."
"visura-storica","AR","MONTEVARCHI","10","590","119","F","","analitica","","","PVP sales 1 (4516282); Storica Analitica visura per immobile - Catasto Fabbricati."
"visura-storica","AR","MONTEVARCHI","10","590","121","F","","analitica","","","PVP sales 1 (4516518); Storica Analitica visura per immobile - Catasto Fabbricati."
"visura-storica","AR","MONTEVARCHI","10","590","122","F","","analitica","","","PVP sales 1 (4516787); Storica Analitica visura per immobile - Catasto Fabbricati."
"visura-storica","AR","MONTEVARCHI","10","590","154","F","","analitica","","","PVP sales 1 (4509134); Storica Analitica visura per immobile - Catasto Fabbricati."
"visura-storica","AR","MONTEVARCHI","10","590","155","F","","analitica","","","PVP sales 1 (4516787); Storica Analitica visura per immobile - Catasto Fabbricati."
"visura-storica","AR","MONTEVARCHI","10","590","161","F","","analitica","","","PVP sales 1 (4508241); Storica Analitica visura per immobile - Catasto Fabbricati."
"visura-storica","AR","MONTEVARCHI","10","590","32","F","","analitica","","","PVP sales 1 (4516787); Storica Analitica visura per immobile - Catasto Fabbricati."
"visura-storica","AR","MONTEVARCHI","10","590","36","F","","analitica","","","PVP sales 1 (4508334); Storica Analitica visura per immobile - Catasto Fabbricati."
"visura-storica","AR","MONTEVARCHI","10","590","37","F","","analitica","","","PVP sales 1 (4509134); Storica Analitica visura per immobile - Catasto Fabbricati."
"visura-storica","AR","MONTEVARCHI","10","590","42","F","","analitica","","","PVP sales 1 (4509288); Storica Analitica visura per immobile - Catasto Fabbricati."
"visura-storica","AR","MONTEVARCHI","10","590","43","F","","analitica","","","PVP sales 1 (4509851); Storica Analitica visura per immobile - Catasto Fabbricati."
"visura-storica","AR","MONTEVARCHI","10","590","58","F","","analitica","","","PVP sales 1 (4510081); Storica Analitica visura per immobile - Catasto Fabbricati."
"visura-storica","AR","MONTEVARCHI","10","590","59","F","","analitica","","","PVP sales 1 (4508241); Storica Analitica visura per immobile - Catasto Fabbricati."
"visura-storica","AR","MONTEVARCHI","10","590","60","F","","analitica","","","PVP sales 1 (4516151); Storica Analitica visura per immobile - Catasto Fabbricati."
"visura-storica","AR","MONTEVARCHI","10","590","63","F","","analitica","","","PVP sales 1 (4516236); Storica Analitica visura per immobile - Catasto Fabbricati."
"visura-storica","AR","MONTEVARCHI","10","590","67","F","","analitica","","","PVP sales 1 (4516282); Storica Analitica visura per immobile - Catasto Fabbricati."
"visura-storica","AR","MONTEVARCHI","10","590","72","F","","analitica","","","PVP sales 1 (4516518); Storica Analitica visura per immobile - Catasto Fabbricati."
"visura-storica","AR","MONTEVARCHI","10","590","78","F","","analitica","","","PVP sales 1 (4510081); Storica Analitica visura per immobile - Catasto Fabbricati."
"visura-storica","AR","MONTEVARCHI","10","590","93","F","","analitica","","","PVP sales 1 (4508334); Storica Analitica visura per immobile - Catasto Fabbricati."
"visura-storica","AR","MONTEVARCHI","10","590","95","F","","analitica","","","PVP sales 1 (4509134); Storica Analitica visura per immobile - Catasto Fabbricati."
"visura-storica","AR","MONTEVARCHI","10","595","17","F","","analitica","","","PVP sales 1 (4505237); Storica Analitica visura per immobile - Catasto Fabbricati."
"visura-storica","AR","MONTEVARCHI","10","595","18","F","","analitica","","","PVP sales 1 (4505755); Storica Analitica visura per immobile - Catasto Fabbricati."
"visura-storica","AR","MONTEVARCHI","10","595","22","F","","analitica","","","PVP sales 1 (4505769); Storica Analitica visura per immobile - Catasto Fabbricati."
"visura-storica","AR","MONTEVARCHI","10","595","23","F","","analitica","","","PVP sales 1 (4506178); Storica Analitica visura per immobile - Catasto Fabbricati."
"visura-storica","AR","MONTEVARCHI","10","595","24","F","","analitica","","","PVP sales 1 (4507434); Storica Analitica visura per immobile - Catasto Fabbricati."
"visura-storica","AR","MONTEVARCHI","10","596","1","F","","analitica","","","PVP sales 1 (4505237); Storica Analitica visura per immobile - Catasto Fabbricati."
"visura-storica","AR","MONTEVARCHI","10","596","13","F","","analitica","","","PVP sales 1 (4410670); Storica Analitica visura per immobile - Catasto Fabbricati."
"visura-storica","AR","MONTEVARCHI","10","596","17","F","","analitica","","","PVP sales 1 (4505755); Storica Analitica visura per immobile - Catasto Fabbricati."
"visura-storica","AR","MONTEVARCHI","10","596","18","F","","analitica","","","PVP sales 1 (4505769); Storica Analitica visura per immobile - Catasto Fabbricati."
"visura-storica","AR","MONTEVARCHI","10","596","21","F","","analitica","","","PVP sales 1 (4506178); Storica Analitica visura per immobile - Catasto Fabbricati."
"visura-storica","AR","MONTEVARCHI","10","596","22","F","","analitica","","","PVP sales 1 (4507434); Storica Analitica visura per immobile - Catasto Fabbricati."
"visura-storica","AR","MONTEVARCHI","10","596","23","F","","analitica","","","PVP sales 1 (4506178); Storica Analitica visura per immobile - Catasto Fabbricati."
"visura-storica","AR","MONTEVARCHI","10","603","16","F","","analitica","","","PVP sales 1 (4504950); Storica Analitica visura per immobile - Catasto Fabbricati."
"visura-storica","AR","MONTEVARCHI","10","603","45","F","","analitica","","","PVP sales 1 (4504950); Storica Analitica visura per immobile - Catasto Fabbricati."
"visura-storica","AR","MONTEVARCHI","10","603","46","F","","analitica","","","PVP sales 1 (4505132); Storica Analitica visura per immobile - Catasto Fabbricati."
"visura-storica","AR","MONTEVARCHI","10","603","47","F","","analitica","","","PVP sales 1 (4504950); Storica Analitica visura per immobile - Catasto Fabbricati."
"visura-storica","AR","MONTEVARCHI","10","603","53","F","","analitica","","","PVP sales 1 (4504950); Storica Analitica visura per immobile - Catasto Fabbricati."
"visura-storica","AR","MONTEVARCHI","10","603","54","F","","analitica","","","PVP sales 1 (4505132); Storica Analitica visura per immobile - Catasto Fabbricati."
"visura-storica","AR","MONTEVARCHI","11","242","4","F","","analitica","","","PVP sales 2 (1882573,1987536); Storica Analitica visura per immobile - Catasto Fabbricati."
"visura-storica","AR","MONTEVARCHI","11","247","","F","","analitica","","","PVP sales 1 (4516579); Storica Analitica visura per immobile - Catasto Fabbricati."
"visura-storica","AR","MONTEVARCHI","11","247","","T","","analitica","","","PVP sales 1 (4516579); Storica Analitica visura per immobile - Catasto Terreni."
"visura-storica","AR","MONTEVARCHI","11","287","24","F","","analitica","","","PVP sales 3 (4443616,4497218,4537145); Storica Analitica visura per immobile - Catasto Fabbricati."
"visura-storica","AR","MONTEVARCHI","11","294","5","F","","analitica","","","PVP sales 1 (4488222); Storica Analitica visura per immobile - Catasto Fabbricati."
"visura-storica","AR","MONTEVARCHI","11","330","7","F","","analitica","","","PVP sales 1 (1577055); Storica Analitica visura per immobile - Catasto Fabbricati."
"visura-storica","AR","MONTEVARCHI","11","385","","F","","analitica","","","PVP sales 2 (4466354,4510980); Storica Analitica visura per immobile - Catasto Fabbricati."
"visura-storica","AR","MONTEVARCHI","11","385","","T","","analitica","","","PVP sales 2 (4466354,4510980); Storica Analitica visura per immobile - Catasto Terreni."
"visura-storica","AR","MONTEVARCHI","11","385","2","F","","analitica","","","PVP sales 1 (4227633); Storica Analitica visura per immobile - Catasto Fabbricati."
"visura-storica","AR","MONTEVARCHI","11","385","3","F","","analitica","","","PVP sales 2 (4227657,4466703); Storica Analitica visura per immobile - Catasto Fabbricati."
"visura-storica","AR","MONTEVARCHI","14","258","","F","","analitica","","","PVP sales 1 (1502120); Storica Analitica visura per immobile - Catasto Fabbricati."
"visura-storica","AR","MONTEVARCHI","14","258","","T","","analitica","","","PVP sales 1 (1502120); Storica Analitica visura per immobile - Catasto Terreni."
"visura-storica","AR","MONTEVARCHI","14","580","","F","","analitica","","","PVP sales 1 (2097369); Storica Analitica visura per immobile - Catasto Fabbricati."
"visura-storica","AR","MONTEVARCHI","14","580","","T","","analitica","","","PVP sales 1 (2097369); Storica Analitica visura per immobile - Catasto Terreni."
"visura-storica","AR","MONTEVARCHI","15","439","","F","","analitica","","","PVP sales 1 (4431409); Storica Analitica visura per immobile - Catasto Fabbricati."
"visura-storica","AR","MONTEVARCHI","15","439","","T","","analitica","","","PVP sales 1 (4431409); Storica Analitica visura per immobile - Catasto Terreni."
"visura-storica","AR","MONTEVARCHI","15","440","","F","","analitica","","","PVP sales 1 (4431409); Storica Analitica visura per immobile - Catasto Fabbricati."
"visura-storica","AR","MONTEVARCHI","15","440","","T","","analitica","","","PVP sales 1 (4431409); Storica Analitica visura per immobile - Catasto Terreni."
"visura-storica","AR","MONTEVARCHI","19","214","12","F","","analitica","","","PVP sales 1 (1686847); Storica Analitica visura per immobile - Catasto Fabbricati."
"visura-storica","AR","MONTEVARCHI","19","214","8","F","","analitica","","","PVP sales 1 (1686847); Storica Analitica visura per immobile - Catasto Fabbricati."
"visura-storica","AR","MONTEVARCHI","19","38","134","F","","analitica","","","PVP sales 4 (557062,656573,819635,951577); Storica Analitica visura per immobile - Catasto Fabbricati."
"visura-storica","AR","MONTEVARCHI","19","38","135","F","","analitica","","","PVP sales 2 (496550,656565); Storica Analitica visura per immobile - Catasto Fabbricati."
"visura-storica","AR","MONTEVARCHI","19","38","136","F","","analitica","","","PVP sales 2 (496550,656565); Storica Analitica visura per immobile - Catasto Fabbricati."
"visura-storica","AR","MONTEVARCHI","20","746","1","F","","analitica","","","PVP sales 1 (1874650); Storica Analitica visura per immobile - Catasto Fabbricati."
"visura-storica","AR","MONTEVARCHI","20","746","4","F","","analitica","","","PVP sales 1 (1874650); Storica Analitica visura per immobile - Catasto Fabbricati."
"visura-storica","AR","MONTEVARCHI","20","746","5","F","","analitica","","","PVP sales 1 (1874650); Storica Analitica visura per immobile - Catasto Fabbricati."
"visura-storica","AR","MONTEVARCHI","21","476","1","F","","analitica","","","PVP sales 2 (4275044,4359014); Storica Analitica visura per immobile - Catasto Fabbricati."
"visura-storica","AR","MONTEVARCHI","21","874","","F","","analitica","","","PVP sales 1 (4502054); Storica Analitica visura per immobile - Catasto Fabbricati."
"visura-storica","AR","MONTEVARCHI","21","874","","T","","analitica","","","PVP sales 1 (4502054); Storica Analitica visura per immobile - Catasto Terreni."
"visura-storica","AR","MONTEVARCHI","21","875","","F","","analitica","","","PVP sales 2 (4275044,4359014); Storica Analitica visura per immobile - Catasto Fabbricati."
"visura-storica","AR","MONTEVARCHI","21","875","","T","","analitica","","","PVP sales 2 (4275044,4359014); Storica Analitica visura per immobile - Catasto Terreni."
"visura-storica","AR","MONTEVARCHI","30","1164","","F","","analitica","","","PVP sales 2 (4484528,4526243); Storica Analitica visura per immobile - Catasto Fabbricati."
"visura-storica","AR","MONTEVARCHI","30","1164","","T","","analitica","","","PVP sales 2 (4484528,4526243); Storica Analitica visura per immobile - Catasto Terreni."
"visura-storica","AR","MONTEVARCHI","32","1091","1","F","","analitica","","","PVP sales 1 (2240252); Storica Analitica visura per immobile - Catasto Fabbricati."
"visura-storica","AR","MONTEVARCHI","32","1091","14","F","","analitica","","","PVP sales 1 (2240252); Storica Analitica visura per immobile - Catasto Fabbricati."
"visura-storica","AR","MONTEVARCHI","32","1091","15","F","","analitica","","","PVP sales 1 (2240252); Storica Analitica visura per immobile - Catasto Fabbricati."
"visura-storica","AR","MONTEVARCHI","32","1091","7","F","","analitica","","","PVP sales 1 (2240252); Storica Analitica visura per immobile - Catasto Fabbricati."
"visura-storica","AR","MONTEVARCHI","32","1129","","F","","analitica","","","PVP sales 1 (4431467); Storica Analitica visura per immobile - Catasto Fabbricati."
"visura-storica","AR","MONTEVARCHI","32","1129","","T","","analitica","","","PVP sales 1 (4431467); Storica Analitica visura per immobile - Catasto Terreni."
"visura-storica","AR","MONTEVARCHI","32","1157","","F","","analitica","","","PVP sales 1 (4431467); Storica Analitica visura per immobile - Catasto Fabbricati."
"visura-storica","AR","MONTEVARCHI","32","1157","","T","","analitica","","","PVP sales 1 (4431467); Storica Analitica visura per immobile - Catasto Terreni."
"visura-storica","AR","MONTEVARCHI","32","351","","F","","analitica","","","PVP sales 1 (4431467); Storica Analitica visura per immobile - Catasto Fabbricati."
"visura-storica","AR","MONTEVARCHI","32","351","","T","","analitica","","","PVP sales 1 (4431467); Storica Analitica visura per immobile - Catasto Terreni."
"visura-storica","AR","MONTEVARCHI","32","366","","F","","analitica","","","PVP sales 1 (4431467); Storica Analitica visura per immobile - Catasto Fabbricati."
"visura-storica","AR","MONTEVARCHI","32","366","","T","","analitica","","","PVP sales 1 (4431467); Storica Analitica visura per immobile - Catasto Terreni."
"visura-storica","AR","MONTEVARCHI","32","651","","F","","analitica","","","PVP sales 1 (4431467); Storica Analitica visura per immobile - Catasto Fabbricati."
"visura-storica","AR","MONTEVARCHI","32","651","","T","","analitica","","","PVP sales 1 (4431467); Storica Analitica visura per immobile - Catasto Terreni."
"visura-storica","AR","MONTEVARCHI","35","193","1","F","","analitica","","","PVP sales 1 (4473191); Storica Analitica visura per immobile - Catasto Fabbricati."
"visura-storica","AR","MONTEVARCHI","40","140","","F","","analitica","","","PVP sales 3 (4406706,4483078,4531607); Storica Analitica visura per immobile - Catasto Fabbricati."
"visura-storica","AR","MONTEVARCHI","40","140","","T","","analitica","","","PVP sales 3 (4406706,4483078,4531607); Storica Analitica visura per immobile - Catasto Terreni."
"visura-storica","AR","MONTEVARCHI","40","141","","F","","analitica","","","PVP sales 3 (4406706,4483078,4531607); Storica Analitica visura per immobile - Catasto Fabbricati."
"visura-storica","AR","MONTEVARCHI","40","141","","T","","analitica","","","PVP sales 3 (4406706,4483078,4531607); Storica Analitica visura per immobile - Catasto Terreni."
"visura-storica","AR","MONTEVARCHI","40","142","","F","","analitica","","","PVP sales 3 (4406706,4483078,4531607); Storica Analitica visura per immobile - Catasto Fabbricati."
"visura-storica","AR","MONTEVARCHI","40","142","","T","","analitica","","","PVP sales 3 (4406706,4483078,4531607); Storica Analitica visura per immobile - Catasto Terreni."
"visura-storica","AR","MONTEVARCHI","40","152","","F","","analitica","","","PVP sales 3 (4406706,4483078,4531607); Storica Analitica visura per immobile - Catasto Fabbricati."
"visura-storica","AR","MONTEVARCHI","40","152","","T","","analitica","","","PVP sales 3 (4406706,4483078,4531607); Storica Analitica visura per immobile - Catasto Terreni."
"visura-storica","AR","MONTEVARCHI","40","153","","F","","analitica","","","PVP sales 3 (4406706,4483078,4531607); Storica Analitica visura per immobile - Catasto Fabbricati."
"visura-storica","AR","MONTEVARCHI","40","153","","T","","analitica","","","PVP sales 3 (4406706,4483078,4531607); Storica Analitica visura per immobile - Catasto Terreni."
"visura-storica","AR","MONTEVARCHI","40","154","","F","","analitica","","","PVP sales 3 (4406706,4483078,4531607); Storica Analitica visura per immobile - Catasto Fabbricati."
"visura-storica","AR","MONTEVARCHI","40","154","","T","","analitica","","","PVP sales 3 (4406706,4483078,4531607); Storica Analitica visura per immobile - Catasto Terreni."
"visura-storica","AR","MONTEVARCHI","40","156","","F","","analitica","","","PVP sales 3 (4406706,4483078,4531607); Storica Analitica visura per immobile - Catasto Fabbricati."
"visura-storica","AR","MONTEVARCHI","40","156","","T","","analitica","","","PVP sales 3 (4406706,4483078,4531607); Storica Analitica visura per immobile - Catasto Terreni."
"visura-storica","AR","MONTEVARCHI","40","157","","F","","analitica","","","PVP sales 3 (4406706,4483078,4531607); Storica Analitica visura per immobile - Catasto Fabbricati."
"visura-storica","AR","MONTEVARCHI","40","157","","T","","analitica","","","PVP sales 3 (4406706,4483078,4531607); Storica Analitica visura per immobile - Catasto Terreni."
"visura-storica","AR","MONTEVARCHI","40","158","","F","","analitica","","","PVP sales 3 (4406706,4483078,4531607); Storica Analitica visura per immobile - Catasto Fabbricati."
"visura-storica","AR","MONTEVARCHI","40","158","","T","","analitica","","","PVP sales 3 (4406706,4483078,4531607); Storica Analitica visura per immobile - Catasto Terreni."
"visura-storica","AR","MONTEVARCHI","40","159","","F","","analitica","","","PVP sales 3 (4406706,4483078,4531607); Storica Analitica visura per immobile - Catasto Fabbricati."
"visura-storica","AR","MONTEVARCHI","40","159","","T","","analitica","","","PVP sales 3 (4406706,4483078,4531607); Storica Analitica visura per immobile - Catasto Terreni."
"visura-storica","AR","MONTEVARCHI","40","175","","F","","analitica","","","PVP sales 3 (4406706,4483078,4531607); Storica Analitica visura per immobile - Catasto Fabbricati."
"visura-storica","AR","MONTEVARCHI","40","175","","T","","analitica","","","PVP sales 3 (4406706,4483078,4531607); Storica Analitica visura per immobile - Catasto Terreni."
"visura-storica","AR","MONTEVARCHI","40","176","2","F","","analitica","","","PVP sales 3 (4406706,4483078,4531607); Storica Analitica visura per immobile - Catasto Fabbricati."
"visura-storica","AR","MONTEVARCHI","40","176","3","F","","analitica","","","PVP sales 3 (4406706,4483078,4531607); Storica Analitica visura per immobile - Catasto Fabbricati."
"visura-storica","AR","MONTEVARCHI","40","382","","T","","analitica","","","PVP sales 1 (2101008); Storica Analitica visura per immobile - Catasto Terreni."
"visura-storica","AR","MONTEVARCHI","40","383","","T","","analitica","","","PVP sales 1 (2101008); Storica Analitica visura per immobile - Catasto Terreni."
"visura-storica","AR","MONTEVARCHI","40","533","","T","","analitica","","","PVP sales 1 (2101008); Storica Analitica visura per immobile - Catasto Terreni."
"visura-storica","AR","MONTEVARCHI","40","534","","T","","analitica","","","PVP sales 1 (2101008); Storica Analitica visura per immobile - Catasto Terreni."
"visura-storica","AR","MONTEVARCHI","40","535","","T","","analitica","","","PVP sales 1 (2101008); Storica Analitica visura per immobile - Catasto Terreni."
"visura-storica","AR","MONTEVARCHI","40","77","2","F","","analitica","","","PVP sales 1 (2101008); Storica Analitica visura per immobile - Catasto Fabbricati."
"visura-storica","AR","MONTEVARCHI","40","77","3","F","","analitica","","","PVP sales 1 (2101008); Storica Analitica visura per immobile - Catasto Fabbricati."
"visura-storica","AR","MONTEVARCHI","45","137","","F","","analitica","","","PVP sales 3 (4406706,4483078,4531607); Storica Analitica visura per immobile - Catasto Fabbricati."
"visura-storica","AR","MONTEVARCHI","45","137","","T","","analitica","","","PVP sales 3 (4406706,4483078,4531607); Storica Analitica visura per immobile - Catasto Terreni."
"visura-storica","AR","MONTEVARCHI","45","139","","F","","analitica","","","PVP sales 3 (4406706,4483078,4531607); Storica Analitica visura per immobile - Catasto Fabbricati."
"visura-storica","AR","MONTEVARCHI","45","139","","T","","analitica","","","PVP sales 3 (4406706,4483078,4531607); Storica Analitica visura per immobile - Catasto Terreni."
"visura-storica","AR","MONTEVARCHI","45","140","","F","","analitica","","","PVP sales 3 (4406706,4483078,4531607); Storica Analitica visura per immobile - Catasto Fabbricati."
"visura-storica","AR","MONTEVARCHI","45","140","","T","","analitica","","","PVP sales 3 (4406706,4483078,4531607); Storica Analitica visura per immobile - Catasto Terreni."
"visura-storica","AR","MONTEVARCHI","45","142","","F","","analitica","","","PVP sales 3 (4406706,4483078,4531607); Storica Analitica visura per immobile - Catasto Fabbricati."
"visura-storica","AR","MONTEVARCHI","45","142","","T","","analitica","","","PVP sales 3 (4406706,4483078,4531607); Storica Analitica visura per immobile - Catasto Terreni."
"visura-storica","AR","MONTEVARCHI","45","150","","F","","analitica","","","PVP sales 3 (4406706,4483078,4531607); Storica Analitica visura per immobile - Catasto Fabbricati."
"visura-storica","AR","MONTEVARCHI","45","150","","T","","analitica","","","PVP sales 3 (4406706,4483078,4531607); Storica Analitica visura per immobile - Catasto Terreni."
"visura-storica","AR","MONTEVARCHI","45","151","","F","","analitica","","","PVP sales 3 (4406706,4483078,4531607); Storica Analitica visura per immobile - Catasto Fabbricati."
"visura-storica","AR","MONTEVARCHI","45","151","","T","","analitica","","","PVP sales 3 (4406706,4483078,4531607); Storica Analitica visura per immobile - Catasto Terreni."
"visura-storica","AR","MONTEVARCHI","45","166","","F","","analitica","","","PVP sales 3 (4406706,4483078,4531607); Storica Analitica visura per immobile - Catasto Fabbricati."
"visura-storica","AR","MONTEVARCHI","45","166","","T","","analitica","","","PVP sales 3 (4406706,4483078,4531607); Storica Analitica visura per immobile - Catasto Terreni."
"visura-storica","AR","MONTEVARCHI","7","119","1","F","","analitica","","","PVP sales 1 (2032885); Storica Analitica visura per immobile - Catasto Fabbricati."
"visura-storica","AR","MONTEVARCHI","7","119","3","F","","analitica","","","PVP sales 1 (2032885); Storica Analitica visura per immobile - Catasto Fabbricati."
"visura-storica","AR","MONTEVARCHI","7","516","17","F","","analitica","","","PVP sales 1 (2167252); Storica Analitica visura per immobile - Catasto Fabbricati."
"visura-storica","AR","MONTEVARCHI","7","516","9","F","","analitica","","","PVP sales 1 (2167252); Storica Analitica visura per immobile - Catasto Fabbricati."
"visura-storica","AR","PIEVE SANTO STEFANO","119","11","","F","","analitica","","","PVP sales 1 (1923967); Storica Analitica visura per immobile - Catasto Fabbricati."
"visura-storica","AR","PIEVE SANTO STEFANO","119","11","","T","","analitica","","","PVP sales 1 (1923967); Storica Analitica visura per immobile - Catasto Terreni."
"visura-storica","AR","PIEVE SANTO STEFANO","119","112","","F","","analitica","","","PVP sales 1 (1923967); Storica Analitica visura per immobile - Catasto Fabbricati."
"visura-storica","AR","PIEVE SANTO STEFANO","119","112","","T","","analitica","","","PVP sales 1 (1923967); Storica Analitica visura per immobile - Catasto Terreni."
"visura-storica","AR","PIEVE SANTO STEFANO","119","113","","F","","analitica","","","PVP sales 1 (1923967); Storica Analitica visura per immobile - Catasto Fabbricati."
"visura-storica","AR","PIEVE SANTO STEFANO","119","113","","T","","analitica","","","PVP sales 1 (1923967); Storica Analitica visura per immobile - Catasto Terreni."
"visura-storica","AR","PIEVE SANTO STEFANO","119","16","","F","","analitica","","","PVP sales 1 (1923967); Storica Analitica visura per immobile - Catasto Fabbricati."
"visura-storica","AR","PIEVE SANTO STEFANO","119","16","","T","","analitica","","","PVP sales 1 (1923967); Storica Analitica visura per immobile - Catasto Terreni."
"visura-storica","AR","PIEVE SANTO STEFANO","119","17","","F","","analitica","","","PVP sales 1 (1923967); Storica Analitica visura per immobile - Catasto Fabbricati."
"visura-storica","AR","PIEVE SANTO STEFANO","119","17","","T","","analitica","","","PVP sales 1 (1923967); Storica Analitica visura per immobile - Catasto Terreni."
"visura-storica","AR","PIEVE SANTO STEFANO","119","18","","F","","analitica","","","PVP sales 1 (1923967); Storica Analitica visura per immobile - Catasto Fabbricati."
"visura-storica","AR","PIEVE SANTO STEFANO","119","18","","T","","analitica","","","PVP sales 1 (1923967); Storica Analitica visura per immobile - Catasto Terreni."
"visura-storica","AR","PIEVE SANTO STEFANO","119","19","","F","","analitica","","","PVP sales 1 (1923967); Storica Analitica visura per immobile - Catasto Fabbricati."
"visura-storica","AR","PIEVE SANTO STEFANO","119","19","","T","","analitica","","","PVP sales 1 (1923967); Storica Analitica visura per immobile - Catasto Terreni."
"visura-storica","AR","PIEVE SANTO STEFANO","119","20","","F","","analitica","","","PVP sales 1 (1923967); Storica Analitica visura per immobile - Catasto Fabbricati."
"visura-storica","AR","PIEVE SANTO STEFANO","119","20","","T","","analitica","","","PVP sales 1 (1923967); Storica Analitica visura per immobile - Catasto Terreni."
"visura-storica","AR","PIEVE SANTO STEFANO","119","21","","F","","analitica","","","PVP sales 1 (1923967); Storica Analitica visura per immobile - Catasto Fabbricati."
"visura-storica","AR","PIEVE SANTO STEFANO","119","21","","T","","analitica","","","PVP sales 1 (1923967); Storica Analitica visura per immobile - Catasto Terreni."
"visura-storica","AR","PIEVE SANTO STEFANO","119","22","","F","","analitica","","","PVP sales 1 (1923967); Storica Analitica visura per immobile - Catasto Fabbricati."
"visura-storica","AR","PIEVE SANTO STEFANO","119","22","","T","","analitica","","","PVP sales 1 (1923967); Storica Analitica visura per immobile - Catasto Terreni."
"visura-storica","AR","PIEVE SANTO STEFANO","119","23","","F","","analitica","","","PVP sales 1 (1923967); Storica Analitica visura per immobile - Catasto Fabbricati."
"visura-storica","AR","PIEVE SANTO STEFANO","119","23","","T","","analitica","","","PVP sales 1 (1923967); Storica Analitica visura per immobile - Catasto Terreni."
"visura-storica","AR","PIEVE SANTO STEFANO","119","29","","F","","analitica","","","PVP sales 1 (1923967); Storica Analitica visura per immobile - Catasto Fabbricati."
"visura-storica","AR","PIEVE SANTO STEFANO","119","29","","T","","analitica","","","PVP sales 1 (1923967); Storica Analitica visura per immobile - Catasto Terreni."
"visura-storica","AR","PIEVE SANTO STEFANO","119","30","","F","","analitica","","","PVP sales 1 (1923967); Storica Analitica visura per immobile - Catasto Fabbricati."
"visura-storica","AR","PIEVE SANTO STEFANO","119","30","","T","","analitica","","","PVP sales 1 (1923967); Storica Analitica visura per immobile - Catasto Terreni."
"visura-storica","AR","PIEVE SANTO STEFANO","119","31","","F","","analitica","","","PVP sales 1 (1923967); Storica Analitica visura per immobile - Catasto Fabbricati."
"visura-storica","AR","PIEVE SANTO STEFANO","119","31","","T","","analitica","","","PVP sales 1 (1923967); Storica Analitica visura per immobile - Catasto Terreni."
"visura-storica","AR","PIEVE SANTO STEFANO","119","33","","F","","analitica","","","PVP sales 1 (1923967); Storica Analitica visura per immobile - Catasto Fabbricati."
"visura-storica","AR","PIEVE SANTO STEFANO","119","33","","T","","analitica","","","PVP sales 1 (1923967); Storica Analitica visura per immobile - Catasto Terreni."
"visura-storica","AR","PIEVE SANTO STEFANO","119","34","","F","","analitica","","","PVP sales 1 (1923967); Storica Analitica visura per immobile - Catasto Fabbricati."
"visura-storica","AR","PIEVE SANTO STEFANO","119","34","","T","","analitica","","","PVP sales 1 (1923967); Storica Analitica visura per immobile - Catasto Terreni."
"visura-storica","AR","PIEVE SANTO STEFANO","119","48","","F","","analitica","","","PVP sales 1 (1923967); Storica Analitica visura per immobile - Catasto Fabbricati."
"visura-storica","AR","PIEVE SANTO STEFANO","119","48","","T","","analitica","","","PVP sales 1 (1923967); Storica Analitica visura per immobile - Catasto Terreni."
"visura-storica","AR","PIEVE SANTO STEFANO","119","49","","F","","analitica","","","PVP sales 1 (1923967); Storica Analitica visura per immobile - Catasto Fabbricati."
"visura-storica","AR","PIEVE SANTO STEFANO","119","49","","T","","analitica","","","PVP sales 1 (1923967); Storica Analitica visura per immobile - Catasto Terreni."
"visura-storica","AR","PIEVE SANTO STEFANO","119","50","","F","","analitica","","","PVP sales 1 (1923967); Storica Analitica visura per immobile - Catasto Fabbricati."
"visura-storica","AR","PIEVE SANTO STEFANO","119","50","","T","","analitica","","","PVP sales 1 (1923967); Storica Analitica visura per immobile - Catasto Terreni."
"visura-storica","AR","PIEVE SANTO STEFANO","119","63","","F","","analitica","","","PVP sales 1 (1923967); Storica Analitica visura per immobile - Catasto Fabbricati."
"visura-storica","AR","PIEVE SANTO STEFANO","119","63","","T","","analitica","","","PVP sales 1 (1923967); Storica Analitica visura per immobile - Catasto Terreni."
"visura-storica","AR","PIEVE SANTO STEFANO","119","64","","F","","analitica","","","PVP sales 1 (1923967); Storica Analitica visura per immobile - Catasto Fabbricati."
"visura-storica","AR","PIEVE SANTO STEFANO","119","64","","T","","analitica","","","PVP sales 1 (1923967); Storica Analitica visura per immobile - Catasto Terreni."
"visura-storica","AR","PIEVE SANTO STEFANO","119","7","","F","","analitica","","","PVP sales 1 (1923967); Storica Analitica visura per immobile - Catasto Fabbricati."
"visura-storica","AR","PIEVE SANTO STEFANO","119","7","","T","","analitica","","","PVP sales 1 (1923967); Storica Analitica visura per immobile - Catasto Terreni."
"visura-storica","AR","PIEVE SANTO STEFANO","121","243","","F","","analitica","","","PVP sales 1 (4246445); Storica Analitica visura per immobile - Catasto Fabbricati."
"visura-storica","AR","PIEVE SANTO STEFANO","121","243","","T","","analitica","","","PVP sales 1 (4246445); Storica Analitica visura per immobile - Catasto Terreni."
"visura-storica","AR","PIEVE SANTO STEFANO","53","77","66","F","","analitica","","","PVP sales 2 (2103067,2203049); Storica Analitica visura per immobile - Catasto Fabbricati."
"visura-storica","AR","PIEVE SANTO STEFANO","53","77","67","F","","analitica","","","PVP sales 1 (2102998); Storica Analitica visura per immobile - Catasto Fabbricati."
"visura-storica","AR","PIEVE SANTO STEFANO","53","77","76","F","","analitica","","","PVP sales 2 (2103067,2203049); Storica Analitica visura per immobile - Catasto Fabbricati."
"visura-storica","AR","PIEVE SANTO STEFANO","53","77","78","F","","analitica","","","PVP sales 1 (2102998); Storica Analitica visura per immobile - Catasto Fabbricati."
"visura-storica","AR","PIEVE SANTO STEFANO","53","77","79","F","","analitica","","","PVP sales 2 (2103067,2203049); Storica Analitica visura per immobile - Catasto Fabbricati."
"visura-storica","AR","PIEVE SANTO STEFANO","92","209","4","F","","analitica","","","PVP sales 1 (2086312); Storica Analitica visura per immobile - Catasto Fabbricati."
"visura-storica","AR","PIEVE SANTO STEFANO","92","209","5","F","","analitica","","","PVP sales 1 (2086312); Storica Analitica visura per immobile - Catasto Fabbricati."
"visura-storica","AR","POPPI","17","150","10","F","","analitica","","","PVP sales 1 (4471462); Storica Analitica visura per immobile - Catasto Fabbricati."
"visura-storica","AR","POPPI","17","150","8","F","","analitica","","","PVP sales 1 (4471462); Storica Analitica visura per immobile - Catasto Fabbricati."
"visura-storica","AR","POPPI","24","115","2","F","","analitica","","","PVP sales 1 (4510003); Storica Analitica visura per immobile - Catasto Fabbricati."
"visura-storica","AR","POPPI","24","150","","F","","analitica","","","PVP sales 1 (4510003); Storica Analitica visura per immobile - Catasto Fabbricati."
"visura-storica","AR","POPPI","24","150","","T","","analitica","","","PVP sales 1 (4510003); Storica Analitica visura per immobile - Catasto Terreni."
"visura-storica","AR","POPPI","24","294","12","F","","analitica","","","PVP sales 1 (4510003); Storica Analitica visura per immobile - Catasto Fabbricati."
"visura-storica","AR","POPPI","24","526","","F","","analitica","","","PVP sales 1 (4510003); Storica Analitica visura per immobile - Catasto Fabbricati."
"visura-storica","AR","POPPI","24","526","","T","","analitica","","","PVP sales 1 (4510003); Storica Analitica visura per immobile - Catasto Terreni."
"visura-storica","AR","POPPI","63","97","","F","","analitica","","","PVP sales 3 (4403320,4465188,4552123); Storica Analitica visura per immobile - Catasto Fabbricati."
"visura-storica","AR","POPPI","63","97","","T","","analitica","","","PVP sales 3 (4403320,4465188,4552123); Storica Analitica visura per immobile - Catasto Terreni."
"visura-storica","AR","POPPI","63","98","","F","","analitica","","","PVP sales 3 (4403320,4465188,4552123); Storica Analitica visura per immobile - Catasto Fabbricati."
"visura-storica","AR","POPPI","63","98","","T","","analitica","","","PVP sales 3 (4403320,4465188,4552123); Storica Analitica visura per immobile - Catasto Terreni."
"visura-storica","AR","PRATOVECCHIO STIA","58","329","3","F","","analitica","","","PVP sales 1 (1586498); Storica Analitica visura per immobile - Catasto Fabbricati."
"visura-storica","AR","PRATOVECCHIO STIA","58","473","8","F","","analitica","","","PVP sales 1 (4243244); Storica Analitica visura per immobile - Catasto Fabbricati."
"visura-storica","AR","PRATOVECCHIO STIA","59","1204","","F","","analitica","","","PVP sales 1 (4246308); Storica Analitica visura per immobile - Catasto Fabbricati."
"visura-storica","AR","PRATOVECCHIO STIA","59","1204","","T","","analitica","","","PVP sales 1 (4246308); Storica Analitica visura per immobile - Catasto Terreni."
"visura-storica","AR","PRATOVECCHIO STIA","59","1205","","F","","analitica","","","PVP sales 1 (4246308); Storica Analitica visura per immobile - Catasto Fabbricati."
"visura-storica","AR","PRATOVECCHIO STIA","59","1205","","T","","analitica","","","PVP sales 1 (4246308); Storica Analitica visura per immobile - Catasto Terreni."
"visura-storica","AR","PRATOVECCHIO STIA","59","1206","","F","","analitica","","","PVP sales 1 (4246308); Storica Analitica visura per immobile - Catasto Fabbricati."
"visura-storica","AR","PRATOVECCHIO STIA","59","1206","","T","","analitica","","","PVP sales 1 (4246308); Storica Analitica visura per immobile - Catasto Terreni."
"visura-storica","AR","PRATOVECCHIO STIA","59","597","1","F","","analitica","","","PVP sales 2 (2203296,4224110); Storica Analitica visura per immobile - Catasto Fabbricati."
"visura-storica","AR","PRATOVECCHIO STIA","59","913","","F","","analitica","","","PVP sales 1 (4246308); Storica Analitica visura per immobile - Catasto Fabbricati."
"visura-storica","AR","PRATOVECCHIO STIA","59","913","","T","","analitica","","","PVP sales 1 (4246308); Storica Analitica visura per immobile - Catasto Terreni."
"visura-storica","AR","PRATOVECCHIO STIA","59","990","","F","","analitica","","","PVP sales 1 (4246308); Storica Analitica visura per immobile - Catasto Fabbricati."
"visura-storica","AR","PRATOVECCHIO STIA","59","990","","T","","analitica","","","PVP sales 1 (4246308); Storica Analitica visura per immobile - Catasto Terreni."
"visura-storica","AR","PRATOVECCHIO STIA","72","120","","T","","analitica","","","PVP sales 2 (4490650,4559530); Storica Analitica visura per immobile - Catasto Terreni."
"visura-storica","AR","PRATOVECCHIO STIA","72","121","","T","","analitica","","","PVP sales 2 (4490650,4559530); Storica Analitica visura per immobile - Catasto Terreni."
"visura-storica","AR","PRATOVECCHIO STIA","72","130","","T","","analitica","","","PVP sales 2 (4490650,4559530); Storica Analitica visura per immobile - Catasto Terreni."
"visura-storica","AR","PRATOVECCHIO STIA","72","97","","T","","analitica","","","PVP sales 2 (4490650,4559530); Storica Analitica visura per immobile - Catasto Terreni."
"visura-storica","AR","PRATOVECCHIO STIA","74","13","","T","","analitica","","","PVP sales 2 (4490650,4559530); Storica Analitica visura per immobile - Catasto Terreni."
"visura-storica","AR","PRATOVECCHIO STIA","74","15","","T","","analitica","","","PVP sales 2 (4490650,4559530); Storica Analitica visura per immobile - Catasto Terreni."
"visura-storica","AR","PRATOVECCHIO STIA","74","163","","F","","analitica","","","PVP sales 2 (4490650,4559530); Storica Analitica visura per immobile - Catasto Fabbricati."
"visura-storica","AR","PRATOVECCHIO STIA","74","21","","T","","analitica","","","PVP sales 2 (4490650,4559530); Storica Analitica visura per immobile - Catasto Terreni."
"visura-storica","AR","PRATOVECCHIO STIA","17","245","","F","","analitica","B","","PVP sales 1 (2000091); Storica Analitica visura per immobile - Catasto Fabbricati."
"visura-storica","AR","PRATOVECCHIO STIA","17","245","","T","","analitica","B","","PVP sales 1 (2000091); Storica Analitica visura per immobile - Catasto Terreni."
"visura-storica","AR","PRATOVECCHIO STIA","17","70","3","F","","analitica","B","","PVP sales 1 (2000091); Storica Analitica visura per immobile - Catasto Fabbricati."
"visura-storica","AR","PRATOVECCHIO STIA","60","119","","F","","analitica","STIA","","PVP sales 2 (4469467,4473515); Storica Analitica visura per immobile - Catasto Fabbricati."
"visura-storica","AR","PRATOVECCHIO STIA","60","119","","T","","analitica","STIA","","PVP sales 2 (4469467,4473515); Storica Analitica visura per immobile - Catasto Terreni."
"visura-storica","AR","PRATOVECCHIO STIA","60","19","","F","","analitica","STIA","","PVP sales 2 (4469467,4473515); Storica Analitica visura per immobile - Catasto Fabbricati."
"visura-storica","AR","PRATOVECCHIO STIA","60","19","","T","","analitica","STIA","","PVP sales 2 (4469467,4473515); Storica Analitica visura per immobile - Catasto Terreni."
"visura-storica","AR","PRATOVECCHIO STIA","60","23","","F","","analitica","STIA","","PVP sales 2 (4469467,4473515); Storica Analitica visura per immobile - Catasto Fabbricati."
"visura-storica","AR","PRATOVECCHIO STIA","60","23","","T","","analitica","STIA","","PVP sales 2 (4469467,4473515); Storica Analitica visura per immobile - Catasto Terreni."
"visura-storica","AR","SAN GIOVANNI VALDARNO","14","365","5","F","","analitica","","","PVP sales 1 (949156); Storica Analitica visura per immobile - Catasto Fabbricati."
"visura-storica","AR","SAN GIOVANNI VALDARNO","15","1025","3","F","","analitica","","","PVP sales 1 (4423655); Storica Analitica visura per immobile - Catasto Fabbricati."
"visura-storica","AR","SAN GIOVANNI VALDARNO","15","1157","2","F","","analitica","","","PVP sales 1 (2189308); Storica Analitica visura per immobile - Catasto Fabbricati."
"visura-storica","AR","SAN GIOVANNI VALDARNO","18","630","3","F","","analitica","","","PVP sales 1 (394312); Storica Analitica visura per immobile - Catasto Fabbricati."
"visura-storica","AR","SAN GIOVANNI VALDARNO","18","630","4","F","","analitica","","","PVP sales 1 (394312); Storica Analitica visura per immobile - Catasto Fabbricati."
"visura-storica","AR","SAN GIOVANNI VALDARNO","18","630","5","F","","analitica","","","PVP sales 1 (394312); Storica Analitica visura per immobile - Catasto Fabbricati."
"visura-storica","AR","SAN GIOVANNI VALDARNO","22","1010","","T","","analitica","","","PVP sales 1 (184597); Storica Analitica visura per immobile - Catasto Terreni."
"visura-storica","AR","SAN GIOVANNI VALDARNO","22","1011","","T","","analitica","","","PVP sales 1 (184597); Storica Analitica visura per immobile - Catasto Terreni."
"visura-storica","AR","SAN GIOVANNI VALDARNO","22","1014","","T","","analitica","","","PVP sales 1 (184597); Storica Analitica visura per immobile - Catasto Terreni."
"visura-storica","AR","SAN GIOVANNI VALDARNO","22","136","1","F","","analitica","","","PVP sales 1 (1546923); Storica Analitica visura per immobile - Catasto Fabbricati."
"visura-storica","AR","SAN GIOVANNI VALDARNO","22","136","3","F","","analitica","","","PVP sales 1 (1546923); Storica Analitica visura per immobile - Catasto Fabbricati."
"visura-storica","AR","SAN GIOVANNI VALDARNO","22","43","9","F","","analitica","","","PVP sales 1 (1546923); Storica Analitica visura per immobile - Catasto Fabbricati."
"visura-storica","AR","SAN GIOVANNI VALDARNO","22","822","","T","","analitica","","","PVP sales 1 (184597); Storica Analitica visura per immobile - Catasto Terreni."
"visura-storica","AR","SAN GIOVANNI VALDARNO","22","824","","T","","analitica","","","PVP sales 1 (184597); Storica Analitica visura per immobile - Catasto Terreni."
"visura-storica","AR","SAN GIOVANNI VALDARNO","22","830","","T","","analitica","","","PVP sales 1 (184597); Storica Analitica visura per immobile - Catasto Terreni."
"visura-storica","AR","SAN GIOVANNI VALDARNO","22","920","11","F","","analitica","","","PVP sales 1 (184597); Storica Analitica visura per immobile - Catasto Fabbricati."
"visura-storica","AR","SAN GIOVANNI VALDARNO","22","920","12","F","","analitica","","","PVP sales 1 (184597); Storica Analitica visura per immobile - Catasto Fabbricati."
"visura-storica","AR","SAN GIOVANNI VALDARNO","22","920","13","F","","analitica","","","PVP sales 1 (184597); Storica Analitica visura per immobile - Catasto Fabbricati."
"visura-storica","AR","SAN GIOVANNI VALDARNO","22","920","14","F","","analitica","","","PVP sales 1 (184597); Storica Analitica visura per immobile - Catasto Fabbricati."
"visura-storica","AR","SAN GIOVANNI VALDARNO","22","920","15","F","","analitica","","","PVP sales 1 (184597); Storica Analitica visura per immobile - Catasto Fabbricati."
"visura-storica","AR","SAN GIOVANNI VALDARNO","22","920","18","F","","analitica","","","PVP sales 1 (184597); Storica Analitica visura per immobile - Catasto Fabbricati."
"visura-storica","AR","SAN GIOVANNI VALDARNO","22","920","19","F","","analitica","","","PVP sales 1 (184597); Storica Analitica visura per immobile - Catasto Fabbricati."
"visura-storica","AR","SAN GIOVANNI VALDARNO","22","920","21","F","","analitica","","","PVP sales 1 (184597); Storica Analitica visura per immobile - Catasto Fabbricati."
"visura-storica","AR","SAN GIOVANNI VALDARNO","22","920","23","F","","analitica","","","PVP sales 1 (184597); Storica Analitica visura per immobile - Catasto Fabbricati."
"visura-storica","AR","SAN GIOVANNI VALDARNO","22","920","25","F","","analitica","","","PVP sales 1 (184597); Storica Analitica visura per immobile - Catasto Fabbricati."
"visura-storica","AR","SAN GIOVANNI VALDARNO","22","920","3","F","","analitica","","","PVP sales 1 (184597); Storica Analitica visura per immobile - Catasto Fabbricati."
"visura-storica","AR","SAN GIOVANNI VALDARNO","22","920","4","F","","analitica","","","PVP sales 1 (184597); Storica Analitica visura per immobile - Catasto Fabbricati."
"visura-storica","AR","SAN GIOVANNI VALDARNO","22","920","5","F","","analitica","","","PVP sales 1 (184597); Storica Analitica visura per immobile - Catasto Fabbricati."
"visura-storica","AR","SAN GIOVANNI VALDARNO","22","920","8","F","","analitica","","","PVP sales 1 (184597); Storica Analitica visura per immobile - Catasto Fabbricati."
"visura-storica","AR","SAN GIOVANNI VALDARNO","22","921","","T","","analitica","","","PVP sales 1 (184597); Storica Analitica visura per immobile - Catasto Terreni."
"visura-storica","AR","SAN GIOVANNI VALDARNO","22","922","","T","","analitica","","","PVP sales 1 (184597); Storica Analitica visura per immobile - Catasto Terreni."
"visura-storica","AR","SAN GIOVANNI VALDARNO","22","928","","T","","analitica","","","PVP sales 1 (184597); Storica Analitica visura per immobile - Catasto Terreni."
"visura-storica","AR","SAN GIOVANNI VALDARNO","22","932","","T","","analitica","","","PVP sales 1 (184597); Storica Analitica visura per immobile - Catasto Terreni."
"visura-storica","AR","SAN GIOVANNI VALDARNO","22","933","","T","","analitica","","","PVP sales 1 (184597); Storica Analitica visura per immobile - Catasto Terreni."
"visura-storica","AR","SAN GIOVANNI VALDARNO","22","934","","T","","analitica","","","PVP sales 1 (184597); Storica Analitica visura per immobile - Catasto Terreni."
"visura-storica","AR","SAN GIOVANNI VALDARNO","22","937","","T","","analitica","","","PVP sales 1 (184597); Storica Analitica visura per immobile - Catasto Terreni."
"visura-storica","AR","SAN GIOVANNI VALDARNO","22","938","","T","","analitica","","","PVP sales 1 (184597); Storica Analitica visura per immobile - Catasto Terreni."
"visura-storica","AR","SAN GIOVANNI VALDARNO","22","940","","T","","analitica","","","PVP sales 1 (184597); Storica Analitica visura per immobile - Catasto Terreni."
"visura-storica","AR","SAN GIOVANNI VALDARNO","22","948","","T","","analitica","","","PVP sales 1 (184597); Storica Analitica visura per immobile - Catasto Terreni."
"visura-storica","AR","SAN GIOVANNI VALDARNO","22","949","","T","","analitica","","","PVP sales 1 (184597); Storica Analitica visura per immobile - Catasto Terreni."
"visura-storica","AR","SAN GIOVANNI VALDARNO","22","950","","T","","analitica","","","PVP sales 1 (184597); Storica Analitica visura per immobile - Catasto Terreni."
"visura-storica","AR","SAN GIOVANNI VALDARNO","22","954","","T","","analitica","","","PVP sales 1 (184597); Storica Analitica visura per immobile - Catasto Terreni."
"visura-storica","AR","SAN GIOVANNI VALDARNO","22","956","","T","","analitica","","","PVP sales 1 (184597); Storica Analitica visura per immobile - Catasto Terreni."
"visura-storica","AR","SAN GIOVANNI VALDARNO","22","958","","T","","analitica","","","PVP sales 1 (184597); Storica Analitica visura per immobile - Catasto Terreni."
"visura-storica","AR","SAN GIOVANNI VALDARNO","22","962","","T","","analitica","","","PVP sales 1 (184597); Storica Analitica visura per immobile - Catasto Terreni."
"visura-storica","AR","SAN GIOVANNI VALDARNO","22","971","","T","","analitica","","","PVP sales 1 (184597); Storica Analitica visura per immobile - Catasto Terreni."
"visura-storica","AR","SAN GIOVANNI VALDARNO","22","972","","T","","analitica","","","PVP sales 1 (184597); Storica Analitica visura per immobile - Catasto Terreni."
"visura-storica","AR","SAN GIOVANNI VALDARNO","22","975","","T","","analitica","","","PVP sales 1 (184597); Storica Analitica visura per immobile - Catasto Terreni."
"visura-storica","AR","SAN GIOVANNI VALDARNO","22","978","","T","","analitica","","","PVP sales 1 (184597); Storica Analitica visura per immobile - Catasto Terreni."
"visura-storica","AR","SAN GIOVANNI VALDARNO","22","979","","T","","analitica","","","PVP sales 1 (184597); Storica Analitica visura per immobile - Catasto Terreni."
"visura-storica","AR","SAN GIOVANNI VALDARNO","22","981","","T","","analitica","","","PVP sales 1 (184597); Storica Analitica visura per immobile - Catasto Terreni."
"visura-storica","AR","SAN GIOVANNI VALDARNO","22","984","","T","","analitica","","","PVP sales 1 (184597); Storica Analitica visura per immobile - Catasto Terreni."
"visura-storica","AR","SAN GIOVANNI VALDARNO","4","465","","F","","analitica","","","PVP sales 4 (4429340,4461783,4526112,4566291); Storica Analitica visura per immobile - Catasto Fabbricati."
"visura-storica","AR","SAN GIOVANNI VALDARNO","4","465","","T","","analitica","","","PVP sales 4 (4429340,4461783,4526112,4566291); Storica Analitica visura per immobile - Catasto Terreni."
"visura-storica","AR","SAN GIOVANNI VALDARNO","4","477","","F","","analitica","","","PVP sales 4 (4429340,4461783,4526112,4566291); Storica Analitica visura per immobile - Catasto Fabbricati."
"visura-storica","AR","SAN GIOVANNI VALDARNO","4","477","","T","","analitica","","","PVP sales 4 (4429340,4461783,4526112,4566291); Storica Analitica visura per immobile - Catasto Terreni."
"visura-storica","AR","SAN GIOVANNI VALDARNO","4","544","","F","","analitica","","","PVP sales 4 (4429340,4461783,4526112,4566291); Storica Analitica visura per immobile - Catasto Fabbricati."
"visura-storica","AR","SAN GIOVANNI VALDARNO","4","544","","T","","analitica","","","PVP sales 4 (4429340,4461783,4526112,4566291); Storica Analitica visura per immobile - Catasto Terreni."
"visura-storica","AR","SAN GIOVANNI VALDARNO","4","545","","F","","analitica","","","PVP sales 4 (4429340,4461783,4526112,4566291); Storica Analitica visura per immobile - Catasto Fabbricati."
"visura-storica","AR","SAN GIOVANNI VALDARNO","4","545","","T","","analitica","","","PVP sales 4 (4429340,4461783,4526112,4566291); Storica Analitica visura per immobile - Catasto Terreni."
"visura-storica","AR","SAN GIOVANNI VALDARNO","4","549","","F","","analitica","","","PVP sales 4 (4429340,4461783,4526112,4566291); Storica Analitica visura per immobile - Catasto Fabbricati."
"visura-storica","AR","SAN GIOVANNI VALDARNO","4","549","","T","","analitica","","","PVP sales 4 (4429340,4461783,4526112,4566291); Storica Analitica visura per immobile - Catasto Terreni."
"visura-storica","AR","SAN GIOVANNI VALDARNO","4","550","","F","","analitica","","","PVP sales 4 (4429340,4461783,4526112,4566291); Storica Analitica visura per immobile - Catasto Fabbricati."
"visura-storica","AR","SAN GIOVANNI VALDARNO","4","550","","T","","analitica","","","PVP sales 4 (4429340,4461783,4526112,4566291); Storica Analitica visura per immobile - Catasto Terreni."
"visura-storica","AR","SAN GIOVANNI VALDARNO","4","551","","F","","analitica","","","PVP sales 4 (4429340,4461783,4526112,4566291); Storica Analitica visura per immobile - Catasto Fabbricati."
"visura-storica","AR","SAN GIOVANNI VALDARNO","4","551","","T","","analitica","","","PVP sales 4 (4429340,4461783,4526112,4566291); Storica Analitica visura per immobile - Catasto Terreni."
"visura-storica","AR","SAN GIOVANNI VALDARNO","4","552","","F","","analitica","","","PVP sales 4 (4429340,4461783,4526112,4566291); Storica Analitica visura per immobile - Catasto Fabbricati."
"visura-storica","AR","SAN GIOVANNI VALDARNO","4","552","","T","","analitica","","","PVP sales 4 (4429340,4461783,4526112,4566291); Storica Analitica visura per immobile - Catasto Terreni."
"visura-storica","AR","SAN GIOVANNI VALDARNO","4","553","","F","","analitica","","","PVP sales 4 (4429340,4461783,4526112,4566291); Storica Analitica visura per immobile - Catasto Fabbricati."
"visura-storica","AR","SAN GIOVANNI VALDARNO","4","553","","T","","analitica","","","PVP sales 4 (4429340,4461783,4526112,4566291); Storica Analitica visura per immobile - Catasto Terreni."
"visura-storica","AR","SAN GIOVANNI VALDARNO","4","554","","F","","analitica","","","PVP sales 4 (4429340,4461783,4526112,4566291); Storica Analitica visura per immobile - Catasto Fabbricati."
"visura-storica","AR","SAN GIOVANNI VALDARNO","4","554","","T","","analitica","","","PVP sales 4 (4429340,4461783,4526112,4566291); Storica Analitica visura per immobile - Catasto Terreni."
"visura-storica","AR","SAN GIOVANNI VALDARNO","4","555","","F","","analitica","","","PVP sales 4 (4429340,4461783,4526112,4566291); Storica Analitica visura per immobile - Catasto Fabbricati."
"visura-storica","AR","SAN GIOVANNI VALDARNO","4","555","","T","","analitica","","","PVP sales 4 (4429340,4461783,4526112,4566291); Storica Analitica visura per immobile - Catasto Terreni."
"visura-storica","AR","SAN GIOVANNI VALDARNO","4","556","","F","","analitica","","","PVP sales 4 (4429340,4461783,4526112,4566291); Storica Analitica visura per immobile - Catasto Fabbricati."
"visura-storica","AR","SAN GIOVANNI VALDARNO","4","556","","T","","analitica","","","PVP sales 4 (4429340,4461783,4526112,4566291); Storica Analitica visura per immobile - Catasto Terreni."
"visura-storica","AR","SAN GIOVANNI VALDARNO","4","557","","F","","analitica","","","PVP sales 4 (4429340,4461783,4526112,4566291); Storica Analitica visura per immobile - Catasto Fabbricati."
"visura-storica","AR","SAN GIOVANNI VALDARNO","4","557","","T","","analitica","","","PVP sales 4 (4429340,4461783,4526112,4566291); Storica Analitica visura per immobile - Catasto Terreni."
"visura-storica","AR","SAN GIOVANNI VALDARNO","4","558","","F","","analitica","","","PVP sales 4 (4429340,4461783,4526112,4566291); Storica Analitica visura per immobile - Catasto Fabbricati."
"visura-storica","AR","SAN GIOVANNI VALDARNO","4","558","","T","","analitica","","","PVP sales 4 (4429340,4461783,4526112,4566291); Storica Analitica visura per immobile - Catasto Terreni."
"visura-storica","AR","SAN GIOVANNI VALDARNO","4","559","","F","","analitica","","","PVP sales 4 (4429340,4461783,4526112,4566291); Storica Analitica visura per immobile - Catasto Fabbricati."
"visura-storica","AR","SAN GIOVANNI VALDARNO","4","559","","T","","analitica","","","PVP sales 4 (4429340,4461783,4526112,4566291); Storica Analitica visura per immobile - Catasto Terreni."
"visura-storica","AR","SAN GIOVANNI VALDARNO","4","669","","F","","analitica","","","PVP sales 4 (4429340,4461783,4526112,4566291); Storica Analitica visura per immobile - Catasto Fabbricati."
"visura-storica","AR","SAN GIOVANNI VALDARNO","4","669","","T","","analitica","","","PVP sales 4 (4429340,4461783,4526112,4566291); Storica Analitica visura per immobile - Catasto Terreni."
"visura-storica","AR","SAN GIOVANNI VALDARNO","4","677","","F","","analitica","","","PVP sales 4 (4429340,4461783,4526112,4566291); Storica Analitica visura per immobile - Catasto Fabbricati."
"visura-storica","AR","SAN GIOVANNI VALDARNO","4","677","","T","","analitica","","","PVP sales 4 (4429340,4461783,4526112,4566291); Storica Analitica visura per immobile - Catasto Terreni."
"visura-storica","AR","SAN GIOVANNI VALDARNO","4","678","","F","","analitica","","","PVP sales 4 (4429340,4461783,4526112,4566291); Storica Analitica visura per immobile - Catasto Fabbricati."
"visura-storica","AR","SAN GIOVANNI VALDARNO","4","678","","T","","analitica","","","PVP sales 4 (4429340,4461783,4526112,4566291); Storica Analitica visura per immobile - Catasto Terreni."
"visura-storica","AR","SAN GIOVANNI VALDARNO","8","198","","F","","analitica","","","PVP sales 1 (4422048); Storica Analitica visura per immobile - Catasto Fabbricati."
"visura-storica","AR","SAN GIOVANNI VALDARNO","8","198","","T","","analitica","","","PVP sales 1 (4422048); Storica Analitica visura per immobile - Catasto Terreni."
"visura-storica","AR","SAN GIOVANNI VALDARNO","8","26","","F","","analitica","","","PVP sales 1 (4422048); Storica Analitica visura per immobile - Catasto Fabbricati."
"visura-storica","AR","SAN GIOVANNI VALDARNO","8","26","","T","","analitica","","","PVP sales 1 (4422048); Storica Analitica visura per immobile - Catasto Terreni."
"visura-storica","AR","SAN GIOVANNI VALDARNO","9","537","1","F","","analitica","","","PVP sales 1 (2189318); Storica Analitica visura per immobile - Catasto Fabbricati."
"visura-storica","AR","SAN GIOVANNI VALDARNO","9","537","14","F","","analitica","","","PVP sales 1 (2189318); Storica Analitica visura per immobile - Catasto Fabbricati."
"visura-storica","AR","SANSEPOLCRO","31","74","","F","","analitica","","","PVP sales 1 (4268888); Storica Analitica visura per immobile - Catasto Fabbricati."
"visura-storica","AR","SANSEPOLCRO","31","74","","T","","analitica","","","PVP sales 1 (4268888); Storica Analitica visura per immobile - Catasto Terreni."
"visura-storica","AR","SANSEPOLCRO","31","82","","F","","analitica","","","PVP sales 1 (4268888); Storica Analitica visura per immobile - Catasto Fabbricati."
"visura-storica","AR","SANSEPOLCRO","31","82","","T","","analitica","","","PVP sales 1 (4268888); Storica Analitica visura per immobile - Catasto Terreni."
"visura-storica","AR","SANSEPOLCRO","39","104","","F","","analitica","","","PVP sales 1 (1711195); Storica Analitica visura per immobile - Catasto Fabbricati."
"visura-storica","AR","SANSEPOLCRO","39","104","","T","","analitica","","","PVP sales 1 (1711195); Storica Analitica visura per immobile - Catasto Terreni."
"visura-storica","AR","SANSEPOLCRO","39","121","","F","","analitica","","","PVP sales 1 (1711195); Storica Analitica visura per immobile - Catasto Fabbricati."
"visura-storica","AR","SANSEPOLCRO","39","121","","T","","analitica","","","PVP sales 1 (1711195); Storica Analitica visura per immobile - Catasto Terreni."
"visura-storica","AR","SANSEPOLCRO","39","122","","F","","analitica","","","PVP sales 1 (1711195); Storica Analitica visura per immobile - Catasto Fabbricati."
"visura-storica","AR","SANSEPOLCRO","39","122","","T","","analitica","","","PVP sales 1 (1711195); Storica Analitica visura per immobile - Catasto Terreni."
"visura-storica","AR","SANSEPOLCRO","39","136","2","F","","analitica","","","PVP sales 1 (1711195); Storica Analitica visura per immobile - Catasto Fabbricati."
"visura-storica","AR","SANSEPOLCRO","39","136","3","F","","analitica","","","PVP sales 1 (1711195); Storica Analitica visura per immobile - Catasto Fabbricati."
"visura-storica","AR","SANSEPOLCRO","39","136","4","F","","analitica","","","PVP sales 1 (1711195); Storica Analitica visura per immobile - Catasto Fabbricati."
"visura-storica","AR","SANSEPOLCRO","39","193","","F","","analitica","","","PVP sales 1 (1711195); Storica Analitica visura per immobile - Catasto Fabbricati."
"visura-storica","AR","SANSEPOLCRO","39","193","","T","","analitica","","","PVP sales 1 (1711195); Storica Analitica visura per immobile - Catasto Terreni."
"visura-storica","AR","SANSEPOLCRO","39","217","","F","","analitica","","","PVP sales 1 (1711195); Storica Analitica visura per immobile - Catasto Fabbricati."
"visura-storica","AR","SANSEPOLCRO","39","217","","T","","analitica","","","PVP sales 1 (1711195); Storica Analitica visura per immobile - Catasto Terreni."
"visura-storica","AR","SANSEPOLCRO","39","364","","F","","analitica","","","PVP sales 1 (1711195); Storica Analitica visura per immobile - Catasto Fabbricati."
"visura-storica","AR","SANSEPOLCRO","39","364","","T","","analitica","","","PVP sales 1 (1711195); Storica Analitica visura per immobile - Catasto Terreni."
"visura-storica","AR","SANSEPOLCRO","39","365","","F","","analitica","","","PVP sales 1 (1711195); Storica Analitica visura per immobile - Catasto Fabbricati."
"visura-storica","AR","SANSEPOLCRO","39","365","","T","","analitica","","","PVP sales 1 (1711195); Storica Analitica visura per immobile - Catasto Terreni."
"visura-storica","AR","SANSEPOLCRO","41","201","10","F","","analitica","","","PVP sales 1 (4458405); Storica Analitica visura per immobile - Catasto Fabbricati."
"visura-storica","AR","SANSEPOLCRO","41","201","11","F","","analitica","","","PVP sales 1 (4458405); Storica Analitica visura per immobile - Catasto Fabbricati."
"visura-storica","AR","SANSEPOLCRO","41","201","3","F","","analitica","","","PVP sales 1 (4458405); Storica Analitica visura per immobile - Catasto Fabbricati."
"visura-storica","AR","SANSEPOLCRO","41","231","2","F","","analitica","","","PVP sales 1 (1968636); Storica Analitica visura per immobile - Catasto Fabbricati."
"visura-storica","AR","SANSEPOLCRO","41","231","3","F","","analitica","","","PVP sales 1 (1968636); Storica Analitica visura per immobile - Catasto Fabbricati."
"visura-storica","AR","SANSEPOLCRO","41","231","8","F","","analitica","","","PVP sales 1 (1968636); Storica Analitica visura per immobile - Catasto Fabbricati."
"visura-storica","AR","SANSEPOLCRO","43","126","","F","","analitica","","","PVP sales 1 (4268888); Storica Analitica visura per immobile - Catasto Fabbricati."
"visura-storica","AR","SANSEPOLCRO","43","126","","T","","analitica","","","PVP sales 1 (4268888); Storica Analitica visura per immobile - Catasto Terreni."
"visura-storica","AR","SANSEPOLCRO","43","127","","F","","analitica","","","PVP sales 1 (4268888); Storica Analitica visura per immobile - Catasto Fabbricati."
"visura-storica","AR","SANSEPOLCRO","43","127","","T","","analitica","","","PVP sales 1 (4268888); Storica Analitica visura per immobile - Catasto Terreni."
"visura-storica","AR","SANSEPOLCRO","43","128","","F","","analitica","","","PVP sales 1 (4268888); Storica Analitica visura per immobile - Catasto Fabbricati."
"visura-storica","AR","SANSEPOLCRO","43","128","","T","","analitica","","","PVP sales 1 (4268888); Storica Analitica visura per immobile - Catasto Terreni."
"visura-storica","AR","SANSEPOLCRO","43","217","","F","","analitica","","","PVP sales 1 (4268888); Storica Analitica visura per immobile - Catasto Fabbricati."
"visura-storica","AR","SANSEPOLCRO","43","217","","T","","analitica","","","PVP sales 1 (4268888); Storica Analitica visura per immobile - Catasto Terreni."
"visura-storica","AR","SANSEPOLCRO","43","218","","F","","analitica","","","PVP sales 1 (4268888); Storica Analitica visura per immobile - Catasto Fabbricati."
"visura-storica","AR","SANSEPOLCRO","43","218","","T","","analitica","","","PVP sales 1 (4268888); Storica Analitica visura per immobile - Catasto Terreni."
"visura-storica","AR","SANSEPOLCRO","43","219","","F","","analitica","","","PVP sales 1 (4268888); Storica Analitica visura per immobile - Catasto Fabbricati."
"visura-storica","AR","SANSEPOLCRO","43","219","","T","","analitica","","","PVP sales 1 (4268888); Storica Analitica visura per immobile - Catasto Terreni."
"visura-storica","AR","SANSEPOLCRO","43","32","","F","","analitica","","","PVP sales 1 (4268888); Storica Analitica visura per immobile - Catasto Fabbricati."
"visura-storica","AR","SANSEPOLCRO","43","32","","T","","analitica","","","PVP sales 1 (4268888); Storica Analitica visura per immobile - Catasto Terreni."
"visura-storica","AR","SANSEPOLCRO","43","33","","F","","analitica","","","PVP sales 1 (4268888); Storica Analitica visura per immobile - Catasto Fabbricati."
"visura-storica","AR","SANSEPOLCRO","43","33","","T","","analitica","","","PVP sales 1 (4268888); Storica Analitica visura per immobile - Catasto Terreni."
"visura-storica","AR","SANSEPOLCRO","43","34","","F","","analitica","","","PVP sales 1 (4268888); Storica Analitica visura per immobile - Catasto Fabbricati."
"visura-storica","AR","SANSEPOLCRO","43","34","","T","","analitica","","","PVP sales 1 (4268888); Storica Analitica visura per immobile - Catasto Terreni."
"visura-storica","AR","SANSEPOLCRO","43","36","1","F","","analitica","","","PVP sales 1 (4268888); Storica Analitica visura per immobile - Catasto Fabbricati."
"visura-storica","AR","SANSEPOLCRO","43","36","2","F","","analitica","","","PVP sales 1 (4268888); Storica Analitica visura per immobile - Catasto Fabbricati."
"visura-storica","AR","SANSEPOLCRO","43","36","3","F","","analitica","","","PVP sales 1 (4268888); Storica Analitica visura per immobile - Catasto Fabbricati."
"visura-storica","AR","SANSEPOLCRO","43","37","","F","","analitica","","","PVP sales 1 (4268888); Storica Analitica visura per immobile - Catasto Fabbricati."
"visura-storica","AR","SANSEPOLCRO","43","37","","T","","analitica","","","PVP sales 1 (4268888); Storica Analitica visura per immobile - Catasto Terreni."
"visura-storica","AR","SANSEPOLCRO","43","38","","F","","analitica","","","PVP sales 1 (4268888); Storica Analitica visura per immobile - Catasto Fabbricati."
"visura-storica","AR","SANSEPOLCRO","43","38","","T","","analitica","","","PVP sales 1 (4268888); Storica Analitica visura per immobile - Catasto Terreni."
"visura-storica","AR","SANSEPOLCRO","43","39","","F","","analitica","","","PVP sales 1 (4268888); Storica Analitica visura per immobile - Catasto Fabbricati."
"visura-storica","AR","SANSEPOLCRO","43","39","","T","","analitica","","","PVP sales 1 (4268888); Storica Analitica visura per immobile - Catasto Terreni."
"visura-storica","AR","SANSEPOLCRO","43","40","","F","","analitica","","","PVP sales 1 (4268888); Storica Analitica visura per immobile - Catasto Fabbricati."
"visura-storica","AR","SANSEPOLCRO","43","40","","T","","analitica","","","PVP sales 1 (4268888); Storica Analitica visura per immobile - Catasto Terreni."
"visura-storica","AR","SANSEPOLCRO","43","41","","F","","analitica","","","PVP sales 1 (4268888); Storica Analitica visura per immobile - Catasto Fabbricati."
"visura-storica","AR","SANSEPOLCRO","43","41","","T","","analitica","","","PVP sales 1 (4268888); Storica Analitica visura per immobile - Catasto Terreni."
"visura-storica","AR","SANSEPOLCRO","43","42","","F","","analitica","","","PVP sales 1 (4268888); Storica Analitica visura per immobile - Catasto Fabbricati."
"visura-storica","AR","SANSEPOLCRO","43","42","","T","","analitica","","","PVP sales 1 (4268888); Storica Analitica visura per immobile - Catasto Terreni."
"visura-storica","AR","SANSEPOLCRO","43","43","","F","","analitica","","","PVP sales 1 (4268888); Storica Analitica visura per immobile - Catasto Fabbricati."
"visura-storica","AR","SANSEPOLCRO","43","43","","T","","analitica","","","PVP sales 1 (4268888); Storica Analitica visura per immobile - Catasto Terreni."
"visura-storica","AR","SANSEPOLCRO","43","44","","F","","analitica","","","PVP sales 1 (4268888); Storica Analitica visura per immobile - Catasto Fabbricati."
"visura-storica","AR","SANSEPOLCRO","43","44","","T","","analitica","","","PVP sales 1 (4268888); Storica Analitica visura per immobile - Catasto Terreni."
"visura-storica","AR","SANSEPOLCRO","43","45","","F","","analitica","","","PVP sales 1 (4268888); Storica Analitica visura per immobile - Catasto Fabbricati."
"visura-storica","AR","SANSEPOLCRO","43","45","","T","","analitica","","","PVP sales 1 (4268888); Storica Analitica visura per immobile - Catasto Terreni."
"visura-storica","AR","SANSEPOLCRO","43","46","","F","","analitica","","","PVP sales 1 (4268888); Storica Analitica visura per immobile - Catasto Fabbricati."
"visura-storica","AR","SANSEPOLCRO","43","46","","T","","analitica","","","PVP sales 1 (4268888); Storica Analitica visura per immobile - Catasto Terreni."
"visura-storica","AR","SANSEPOLCRO","43","47","","F","","analitica","","","PVP sales 1 (4268888); Storica Analitica visura per immobile - Catasto Fabbricati."
"visura-storica","AR","SANSEPOLCRO","43","47","","T","","analitica","","","PVP sales 1 (4268888); Storica Analitica visura per immobile - Catasto Terreni."
"visura-storica","AR","SANSEPOLCRO","43","48","","F","","analitica","","","PVP sales 1 (4268888); Storica Analitica visura per immobile - Catasto Fabbricati."
"visura-storica","AR","SANSEPOLCRO","43","48","","T","","analitica","","","PVP sales 1 (4268888); Storica Analitica visura per immobile - Catasto Terreni."
"visura-storica","AR","SANSEPOLCRO","43","49","","F","","analitica","","","PVP sales 1 (4268888); Storica Analitica visura per immobile - Catasto Fabbricati."
"visura-storica","AR","SANSEPOLCRO","43","49","","T","","analitica","","","PVP sales 1 (4268888); Storica Analitica visura per immobile - Catasto Terreni."
"visura-storica","AR","SANSEPOLCRO","43","5","","F","","analitica","","","PVP sales 1 (4268888); Storica Analitica visura per immobile - Catasto Fabbricati."
"visura-storica","AR","SANSEPOLCRO","43","5","","T","","analitica","","","PVP sales 1 (4268888); Storica Analitica visura per immobile - Catasto Terreni."
"visura-storica","AR","SANSEPOLCRO","43","50","","F","","analitica","","","PVP sales 1 (4268888); Storica Analitica visura per immobile - Catasto Fabbricati."
"visura-storica","AR","SANSEPOLCRO","43","50","","T","","analitica","","","PVP sales 1 (4268888); Storica Analitica visura per immobile - Catasto Terreni."
"visura-storica","AR","SANSEPOLCRO","43","55","","F","","analitica","","","PVP sales 1 (4268888); Storica Analitica visura per immobile - Catasto Fabbricati."
"visura-storica","AR","SANSEPOLCRO","43","55","","T","","analitica","","","PVP sales 1 (4268888); Storica Analitica visura per immobile - Catasto Terreni."
"visura-storica","AR","SANSEPOLCRO","43","56","","F","","analitica","","","PVP sales 1 (4268888); Storica Analitica visura per immobile - Catasto Fabbricati."
"visura-storica","AR","SANSEPOLCRO","43","56","","T","","analitica","","","PVP sales 1 (4268888); Storica Analitica visura per immobile - Catasto Terreni."
"visura-storica","AR","SANSEPOLCRO","43","77","","F","","analitica","","","PVP sales 1 (4268888); Storica Analitica visura per immobile - Catasto Fabbricati."
"visura-storica","AR","SANSEPOLCRO","43","77","","T","","analitica","","","PVP sales 1 (4268888); Storica Analitica visura per immobile - Catasto Terreni."
"visura-storica","AR","SANSEPOLCRO","43","80","","F","","analitica","","","PVP sales 1 (4268888); Storica Analitica visura per immobile - Catasto Fabbricati."
"visura-storica","AR","SANSEPOLCRO","43","80","","T","","analitica","","","PVP sales 1 (4268888); Storica Analitica visura per immobile - Catasto Terreni."
"visura-storica","AR","SANSEPOLCRO","43","81","","F","","analitica","","","PVP sales 1 (4268888); Storica Analitica visura per immobile - Catasto Fabbricati."
"visura-storica","AR","SANSEPOLCRO","43","81","","T","","analitica","","","PVP sales 1 (4268888); Storica Analitica visura per immobile - Catasto Terreni."
"visura-storica","AR","SANSEPOLCRO","43","82","","F","","analitica","","","PVP sales 1 (4268888); Storica Analitica visura per immobile - Catasto Fabbricati."
"visura-storica","AR","SANSEPOLCRO","43","82","","T","","analitica","","","PVP sales 1 (4268888); Storica Analitica visura per immobile - Catasto Terreni."
"visura-storica","AR","SANSEPOLCRO","43","83","","F","","analitica","","","PVP sales 1 (4268888); Storica Analitica visura per immobile - Catasto Fabbricati."
"visura-storica","AR","SANSEPOLCRO","43","83","","T","","analitica","","","PVP sales 1 (4268888); Storica Analitica visura per immobile - Catasto Terreni."
"visura-storica","AR","SANSEPOLCRO","43","84","","F","","analitica","","","PVP sales 1 (4268888); Storica Analitica visura per immobile - Catasto Fabbricati."
"visura-storica","AR","SANSEPOLCRO","43","84","","T","","analitica","","","PVP sales 1 (4268888); Storica Analitica visura per immobile - Catasto Terreni."
"visura-storica","AR","SANSEPOLCRO","43","85","","F","","analitica","","","PVP sales 1 (4268888); Storica Analitica visura per immobile - Catasto Fabbricati."
"visura-storica","AR","SANSEPOLCRO","43","85","","T","","analitica","","","PVP sales 1 (4268888); Storica Analitica visura per immobile - Catasto Terreni."
"visura-storica","AR","SANSEPOLCRO","43","86","","F","","analitica","","","PVP sales 1 (4268888); Storica Analitica visura per immobile - Catasto Fabbricati."
"visura-storica","AR","SANSEPOLCRO","43","86","","T","","analitica","","","PVP sales 1 (4268888); Storica Analitica visura per immobile - Catasto Terreni."
"visura-storica","AR","SANSEPOLCRO","43","87","","F","","analitica","","","PVP sales 1 (4268888); Storica Analitica visura per immobile - Catasto Fabbricati."
"visura-storica","AR","SANSEPOLCRO","43","87","","T","","analitica","","","PVP sales 1 (4268888); Storica Analitica visura per immobile - Catasto Terreni."
"visura-storica","AR","SANSEPOLCRO","43","88","","F","","analitica","","","PVP sales 1 (4268888); Storica Analitica visura per immobile - Catasto Fabbricati."
"visura-storica","AR","SANSEPOLCRO","43","88","","T","","analitica","","","PVP sales 1 (4268888); Storica Analitica visura per immobile - Catasto Terreni."
"visura-storica","AR","SANSEPOLCRO","56","370","","F","","analitica","","","PVP sales 1 (4448922); Storica Analitica visura per immobile - Catasto Fabbricati."
"visura-storica","AR","SANSEPOLCRO","56","370","","T","","analitica","","","PVP sales 1 (4448922); Storica Analitica visura per immobile - Catasto Terreni."
"visura-storica","AR","SANSEPOLCRO","56","383","","F","","analitica","","","PVP sales 1 (4448922); Storica Analitica visura per immobile - Catasto Fabbricati."
"visura-storica","AR","SANSEPOLCRO","56","383","","T","","analitica","","","PVP sales 1 (4448922); Storica Analitica visura per immobile - Catasto Terreni."
"visura-storica","AR","SANSEPOLCRO","56","389","","F","","analitica","","","PVP sales 1 (4448922); Storica Analitica visura per immobile - Catasto Fabbricati."
"visura-storica","AR","SANSEPOLCRO","56","389","","T","","analitica","","","PVP sales 1 (4448922); Storica Analitica visura per immobile - Catasto Terreni."
"visura-storica","AR","SANSEPOLCRO","56","395","","F","","analitica","","","PVP sales 1 (4449030); Storica Analitica visura per immobile - Catasto Fabbricati."
"visura-storica","AR","SANSEPOLCRO","56","395","","T","","analitica","","","PVP sales 1 (4449030); Storica Analitica visura per immobile - Catasto Terreni."
"visura-storica","AR","SANSEPOLCRO","56","398","","F","","analitica","","","PVP sales 1 (4449030); Storica Analitica visura per immobile - Catasto Fabbricati."
"visura-storica","AR","SANSEPOLCRO","56","398","","T","","analitica","","","PVP sales 1 (4449030); Storica Analitica visura per immobile - Catasto Terreni."
"visura-storica","AR","SANSEPOLCRO","56","399","","F","","analitica","","","PVP sales 1 (4449030); Storica Analitica visura per immobile - Catasto Fabbricati."
"visura-storica","AR","SANSEPOLCRO","56","399","","T","","analitica","","","PVP sales 1 (4449030); Storica Analitica visura per immobile - Catasto Terreni."
"visura-storica","AR","SANSEPOLCRO","71","342","2","F","","analitica","","","PVP sales 1 (1632402); Storica Analitica visura per immobile - Catasto Fabbricati."
"visura-storica","AR","SANSEPOLCRO","71","809","25","F","","analitica","","","PVP sales 1 (1632402); Storica Analitica visura per immobile - Catasto Fabbricati."
"visura-storica","AR","SANSEPOLCRO","71","809","26","F","","analitica","","","PVP sales 1 (1632402); Storica Analitica visura per immobile - Catasto Fabbricati."
"visura-storica","AR","SANSEPOLCRO","73","144","","F","","analitica","","","PVP sales 1 (4510269); Storica Analitica visura per immobile - Catasto Fabbricati."
"visura-storica","AR","SANSEPOLCRO","73","144","","T","","analitica","","","PVP sales 1 (4510269); Storica Analitica visura per immobile - Catasto Terreni."
"visura-storica","AR","SANSEPOLCRO","73","263","1","F","","analitica","","","PVP sales 1 (4510337); Storica Analitica visura per immobile - Catasto Fabbricati."
"visura-storica","AR","SANSEPOLCRO","73","263","2","F","","analitica","","","PVP sales 1 (4510337); Storica Analitica visura per immobile - Catasto Fabbricati."
"visura-storica","AR","SANSEPOLCRO","73","263","3","F","","analitica","","","PVP sales 1 (4510337); Storica Analitica visura per immobile - Catasto Fabbricati."
"visura-storica","AR","SANSEPOLCRO","73","294","","F","","analitica","","","PVP sales 1 (4510337); Storica Analitica visura per immobile - Catasto Fabbricati."
"visura-storica","AR","SANSEPOLCRO","73","294","","T","","analitica","","","PVP sales 1 (4510337); Storica Analitica visura per immobile - Catasto Terreni."
"visura-storica","AR","SANSEPOLCRO","73","294","10","F","","analitica","","","PVP sales 4 (4510357,4510362,4571652,4571664); Storica Analitica visura per immobile - Catasto Fabbricati."
"visura-storica","AR","SANSEPOLCRO","73","294","11","F","","analitica","","","PVP sales 2 (4510362,4571664); Storica Analitica visura per immobile - Catasto Fabbricati."
"visura-storica","AR","SANSEPOLCRO","73","294","5","F","","analitica","","","PVP sales 4 (4510357,4510362,4571652,4571664); Storica Analitica visura per immobile - Catasto Fabbricati."
"visura-storica","AR","SANSEPOLCRO","73","294","8","F","","analitica","","","PVP sales 2 (4510357,4571652); Storica Analitica visura per immobile - Catasto Fabbricati."
"visura-storica","AR","SANSEPOLCRO","73","416","","F","","analitica","","","PVP sales 2 (4396294,4468712); Storica Analitica visura per immobile - Catasto Fabbricati."
"visura-storica","AR","SANSEPOLCRO","73","416","","T","","analitica","","","PVP sales 2 (4396294,4468712); Storica Analitica visura per immobile - Catasto Terreni."
"visura-storica","AR","SANSEPOLCRO","76","383","","F","","analitica","","","PVP sales 3 (4396294,4468712,4515518); Storica Analitica visura per immobile - Catasto Fabbricati."
"visura-storica","AR","SANSEPOLCRO","76","383","","T","","analitica","","","PVP sales 3 (4396294,4468712,4515518); Storica Analitica visura per immobile - Catasto Terreni."
"visura-storica","AR","SANSEPOLCRO","76","416","","F","","analitica","","","PVP sales 1 (4515518); Storica Analitica visura per immobile - Catasto Fabbricati."
"visura-storica","AR","SANSEPOLCRO","76","416","","T","","analitica","","","PVP sales 1 (4515518); Storica Analitica visura per immobile - Catasto Terreni."
"visura-storica","AR","SANSEPOLCRO","76","625","1","F","","analitica","","","PVP sales 3 (4240248,4446585,4510432); Storica Analitica visura per immobile - Catasto Fabbricati."
"visura-storica","AR","SANSEPOLCRO","76","625","2","F","","analitica","","","PVP sales 2 (4240253,4446613); Storica Analitica visura per immobile - Catasto Fabbricati."
"visura-storica","AR","SANSEPOLCRO","76","630","1","F","","analitica","","","PVP sales 3 (4240273,4446617,4510443); Storica Analitica visura per immobile - Catasto Fabbricati."
"visura-storica","AR","SANSEPOLCRO","78","15","51","F","","analitica","","","PVP sales 2 (2112524,4244504); Storica Analitica visura per immobile - Catasto Fabbricati."
"visura-storica","AR","SANSEPOLCRO","78","519","102","F","","analitica","","","PVP sales 2 (4511760,4561176); Storica Analitica visura per immobile - Catasto Fabbricati."
"visura-storica","AR","SANSEPOLCRO","78","519","39","F","","analitica","","","PVP sales 2 (4511760,4561176); Storica Analitica visura per immobile - Catasto Fabbricati."
"visura-storica","AR","SUBBIANO","47","133","4","F","","analitica","","","PVP sales 1 (1691450); Storica Analitica visura per immobile - Catasto Fabbricati."
"visura-storica","AR","SUBBIANO","47","184","9","F","","analitica","","","PVP sales 1 (1656433); Storica Analitica visura per immobile - Catasto Fabbricati."
"visura-storica","AR","SUBBIANO","47","64","2","F","","analitica","","","PVP sales 1 (4491746); Storica Analitica visura per immobile - Catasto Fabbricati."
"visura-storica","AR","SUBBIANO","47","70","9","F","","analitica","","","PVP sales 1 (4525908); Storica Analitica visura per immobile - Catasto Fabbricati."
"visura-storica","AR","SUBBIANO","60","111","4","F","","analitica","","","PVP sales 1 (4519258); Storica Analitica visura per immobile - Catasto Fabbricati."
"visura-storica","AR","SUBBIANO","60","111","6","F","","analitica","","","PVP sales 1 (4519258); Storica Analitica visura per immobile - Catasto Fabbricati."
"visura-storica","AR","SUBBIANO","60","534","","T","","analitica","","","PVP sales 1 (285666); Storica Analitica visura per immobile - Catasto Terreni."
"visura-storica","AR","SUBBIANO","60","564","","T","","analitica","","","PVP sales 1 (285666); Storica Analitica visura per immobile - Catasto Terreni."
"visura-storica","AR","SUBBIANO","60","567","","T","","analitica","","","PVP sales 1 (285666); Storica Analitica visura per immobile - Catasto Terreni."
"visura-storica","AR","SUBBIANO","60","571","","T","","analitica","","","PVP sales 1 (285666); Storica Analitica visura per immobile - Catasto Terreni."
"visura-storica","AR","SUBBIANO","60","575","","T","","analitica","","","PVP sales 1 (285666); Storica Analitica visura per immobile - Catasto Terreni."
"visura-storica","AR","SUBBIANO","60","583","","T","","analitica","","","PVP sales 1 (285666); Storica Analitica visura per immobile - Catasto Terreni."
"visura-storica","AR","SUBBIANO","60","584","","T","","analitica","","","PVP sales 1 (285666); Storica Analitica visura per immobile - Catasto Terreni."
"visura-storica","AR","SUBBIANO","60","585","","T","","analitica","","","PVP sales 1 (285666); Storica Analitica visura per immobile - Catasto Terreni."
"visura-storica","AR","SUBBIANO","60","586","","T","","analitica","","","PVP sales 1 (285666); Storica Analitica visura per immobile - Catasto Terreni."
"visura-storica","AR","SUBBIANO","60","590","","T","","analitica","","","PVP sales 1 (285666); Storica Analitica visura per immobile - Catasto Terreni."
"visura-storica","AR","SUBBIANO","60","591","1","F","","analitica","","","PVP sales 1 (4519331); Storica Analitica visura per immobile - Catasto Fabbricati."
"visura-storica","AR","SUBBIANO","60","591","4","F","","analitica","","","PVP sales 1 (4519331); Storica Analitica visura per immobile - Catasto Fabbricati."
"visura-storica","AR","SUBBIANO","60","594","","T","","analitica","","","PVP sales 1 (285666); Storica Analitica visura per immobile - Catasto Terreni."
"visura-storica","AR","SUBBIANO","60","633","","T","","analitica","","","PVP sales 1 (285666); Storica Analitica visura per immobile - Catasto Terreni."
"visura-storica","AR","SUBBIANO","65","147","","F","","analitica","","","PVP sales 2 (4389036,4453346); Storica Analitica visura per immobile - Catasto Fabbricati."
"visura-storica","AR","SUBBIANO","65","147","","T","","analitica","","","PVP sales 2 (4389036,4453346); Storica Analitica visura per immobile - Catasto Terreni."
"visura-storica","AR","TERRANUOVA BRACCIOLINI","34","660","","F","","analitica","","","PVP sales 3 (2002986,2088655,2159049); Storica Analitica visura per immobile - Catasto Fabbricati."
"visura-storica","AR","TERRANUOVA BRACCIOLINI","37","108","10","F","","analitica","","","PVP sales 3 (4420089,4473257,4518139); Storica Analitica visura per immobile - Catasto Fabbricati."
"visura-storica","AR","TERRANUOVA BRACCIOLINI","37","108","11","F","","analitica","","","PVP sales 3 (4420061,4473252,4518152); Storica Analitica visura per immobile - Catasto Fabbricati."
"visura-storica","AR","TERRANUOVA BRACCIOLINI","37","108","7","F","","analitica","","","PVP sales 3 (4420108,4473242,4518298); Storica Analitica visura per immobile - Catasto Fabbricati."
"visura-storica","AR","TERRANUOVA BRACCIOLINI","37","108","8","F","","analitica","","","PVP sales 3 (4420108,4473242,4518298); Storica Analitica visura per immobile - Catasto Fabbricati."
"visura-storica","AR","TERRANUOVA BRACCIOLINI","37","108","9","F","","analitica","","","PVP sales 3 (4419890,4473227,4518126); Storica Analitica visura per immobile - Catasto Fabbricati."
"visura-storica","AR","TERRANUOVA BRACCIOLINI","37","176","","F","","analitica","","","PVP sales 3 (4419890,4473227,4518126); Storica Analitica visura per immobile - Catasto Fabbricati."
"visura-storica","AR","TERRANUOVA BRACCIOLINI","37","176","","T","","analitica","","","PVP sales 3 (4419890,4473227,4518126); Storica Analitica visura per immobile - Catasto Terreni."
"visura-storica","AR","TERRANUOVA BRACCIOLINI","37","72","","F","","analitica","","","PVP sales 3 (4420089,4473257,4518139); Storica Analitica visura per immobile - Catasto Fabbricati."
"visura-storica","AR","TERRANUOVA BRACCIOLINI","37","72","","T","","analitica","","","PVP sales 3 (4420089,4473257,4518139); Storica Analitica visura per immobile - Catasto Terreni."
"visura-storica","AR","TERRANUOVA BRACCIOLINI","39","132","1","F","","analitica","","","PVP sales 1 (4504813); Storica Analitica visura per immobile - Catasto Fabbricati."
"visura-storica","AR","TERRANUOVA BRACCIOLINI","39","132","7","F","","analitica","","","PVP sales 1 (4504813); Storica Analitica visura per immobile - Catasto Fabbricati."
"visura-storica","AR","TERRANUOVA BRACCIOLINI","4","144","10","F","","analitica","","","PVP sales 3 (4423067,4491258,4563475); Storica Analitica visura per immobile - Catasto Fabbricati."
"visura-storica","AR","TERRANUOVA BRACCIOLINI","4","144","15","F","","analitica","","","PVP sales 3 (4423067,4491258,4563475); Storica Analitica visura per immobile - Catasto Fabbricati."
"visura-storica","AR","TERRANUOVA BRACCIOLINI","4","144","16","F","","analitica","","","PVP sales 3 (4423094,4424408,4488873); Storica Analitica visura per immobile - Catasto Fabbricati."
"visura-storica","AR","TERRANUOVA BRACCIOLINI","4","144","2","F","","analitica","","","PVP sales 3 (4423094,4424408,4488873); Storica Analitica visura per immobile - Catasto Fabbricati."
"visura-storica","AR","TERRANUOVA BRACCIOLINI","4","144","25","F","","analitica","","","PVP sales 3 (4423034,4491242,4563437); Storica Analitica visura per immobile - Catasto Fabbricati."
"visura-storica","AR","TERRANUOVA BRACCIOLINI","4","144","27","F","","analitica","","","PVP sales 3 (4422963,4491240,4563388); Storica Analitica visura per immobile - Catasto Fabbricati."
"visura-storica","AR","TERRANUOVA BRACCIOLINI","4","144","29","F","","analitica","","","PVP sales 3 (4423094,4424408,4488873); Storica Analitica visura per immobile - Catasto Fabbricati."
"visura-storica","AR","TERRANUOVA BRACCIOLINI","4","144","30","F","","analitica","","","PVP sales 3 (4423094,4424408,4488873); Storica Analitica visura per immobile - Catasto Fabbricati."
"visura-storica","AR","TERRANUOVA BRACCIOLINI","4","144","4","F","","analitica","","","PVP sales 3 (4422963,4491240,4563388); Storica Analitica visura per immobile - Catasto Fabbricati."
"visura-storica","AR","TERRANUOVA BRACCIOLINI","4","144","8","F","","analitica","","","PVP sales 3 (4423034,4491242,4563437); Storica Analitica visura per immobile - Catasto Fabbricati."
"visura-storica","AR","TERRANUOVA BRACCIOLINI","40","108","1","F","","analitica","","","PVP sales 4 (2226173,4257054,4354990,4437676); Storica Analitica visura per immobile - Catasto Fabbricati."
"visura-storica","AR","TERRANUOVA BRACCIOLINI","40","108","3","F","","analitica","","","PVP sales 4 (2226146,2240206,4355022,4437668); Storica Analitica visura per immobile - Catasto Fabbricati."
"visura-storica","AR","TERRANUOVA BRACCIOLINI","40","108","4","F","","analitica","","","PVP sales 3 (2226149,2240208,4355095); Storica Analitica visura per immobile - Catasto Fabbricati."
"visura-storica","AR","TERRANUOVA BRACCIOLINI","40","108","5","F","","analitica","","","PVP sales 4 (2226105,2239776,4354977,4437476); Storica Analitica visura per immobile - Catasto Fabbricati."
"visura-storica","AR","TERRANUOVA BRACCIOLINI","41","171","1","F","","analitica","","","PVP sales 2 (4439981,4554614); Storica Analitica visura per immobile - Catasto Fabbricati."
"visura-storica","AR","TERRANUOVA BRACCIOLINI","41","171","10","F","","analitica","","","PVP sales 2 (4439981,4554614); Storica Analitica visura per immobile - Catasto Fabbricati."
"visura-storica","AR","TERRANUOVA BRACCIOLINI","41","33","13","F","","analitica","","","PVP sales 1 (4507487); Storica Analitica visura per immobile - Catasto Fabbricati."
"visura-storica","AR","TERRANUOVA BRACCIOLINI","46","249","6","F","","analitica","","","PVP sales 1 (1615733); Storica Analitica visura per immobile - Catasto Fabbricati."
"visura-storica","AR","TERRANUOVA BRACCIOLINI","46","249","7","F","","analitica","","","PVP sales 1 (1615733); Storica Analitica visura per immobile - Catasto Fabbricati."
"visura-storica","AR","TERRANUOVA BRACCIOLINI","46","249","9","F","","analitica","","","PVP sales 1 (1615733); Storica Analitica visura per immobile - Catasto Fabbricati."
"visura-storica","AR","TERRANUOVA BRACCIOLINI","46","515","","F","","analitica","","","PVP sales 1 (4420114); Storica Analitica visura per immobile - Catasto Fabbricati."
"visura-storica","AR","TERRANUOVA BRACCIOLINI","46","515","","T","","analitica","","","PVP sales 1 (4420114); Storica Analitica visura per immobile - Catasto Terreni."
"visura-storica","AR","TERRANUOVA BRACCIOLINI","46","521","","F","","analitica","","","PVP sales 1 (4420114); Storica Analitica visura per immobile - Catasto Fabbricati."
"visura-storica","AR","TERRANUOVA BRACCIOLINI","46","521","","T","","analitica","","","PVP sales 1 (4420114); Storica Analitica visura per immobile - Catasto Terreni."
"visura-storica","AR","TERRANUOVA BRACCIOLINI","46","523","","F","","analitica","","","PVP sales 1 (4420114); Storica Analitica visura per immobile - Catasto Fabbricati."
"visura-storica","AR","TERRANUOVA BRACCIOLINI","46","523","","T","","analitica","","","PVP sales 1 (4420114); Storica Analitica visura per immobile - Catasto Terreni."
"visura-storica","AR","TERRANUOVA BRACCIOLINI","46","526","","F","","analitica","","","PVP sales 1 (4420114); Storica Analitica visura per immobile - Catasto Fabbricati."
"visura-storica","AR","TERRANUOVA BRACCIOLINI","46","526","","T","","analitica","","","PVP sales 1 (4420114); Storica Analitica visura per immobile - Catasto Terreni."
"visura-storica","AR","TERRANUOVA BRACCIOLINI","46","531","","F","","analitica","","","PVP sales 1 (4420114); Storica Analitica visura per immobile - Catasto Fabbricati."
"visura-storica","AR","TERRANUOVA BRACCIOLINI","46","531","","T","","analitica","","","PVP sales 1 (4420114); Storica Analitica visura per immobile - Catasto Terreni."
"visura-storica","AR","TERRANUOVA BRACCIOLINI","46","537","","F","","analitica","","","PVP sales 1 (4420114); Storica Analitica visura per immobile - Catasto Fabbricati."
"visura-storica","AR","TERRANUOVA BRACCIOLINI","46","537","","T","","analitica","","","PVP sales 1 (4420114); Storica Analitica visura per immobile - Catasto Terreni."
"visura-storica","AR","TERRANUOVA BRACCIOLINI","46","546","","F","","analitica","","","PVP sales 3 (4420111,4473260,4518302); Storica Analitica visura per immobile - Catasto Fabbricati."
"visura-storica","AR","TERRANUOVA BRACCIOLINI","46","546","","T","","analitica","","","PVP sales 3 (4420111,4473260,4518302); Storica Analitica visura per immobile - Catasto Terreni."
"visura-storica","AR","TERRANUOVA BRACCIOLINI","47","147","3","F","","analitica","","","PVP sales 1 (4278821); Storica Analitica visura per immobile - Catasto Fabbricati."
"visura-storica","AR","TERRANUOVA BRACCIOLINI","47","314","","F","","analitica","","","PVP sales 1 (4278821); Storica Analitica visura per immobile - Catasto Fabbricati."
"visura-storica","AR","TERRANUOVA BRACCIOLINI","47","314","","T","","analitica","","","PVP sales 1 (4278821); Storica Analitica visura per immobile - Catasto Terreni."
"visura-storica","AR","TERRANUOVA BRACCIOLINI","47","315","","F","","analitica","","","PVP sales 1 (4278821); Storica Analitica visura per immobile - Catasto Fabbricati."
"visura-storica","AR","TERRANUOVA BRACCIOLINI","47","315","","T","","analitica","","","PVP sales 1 (4278821); Storica Analitica visura per immobile - Catasto Terreni."
"visura-storica","AR","TERRANUOVA BRACCIOLINI","50","99","2","F","","analitica","","","PVP sales 1 (2120136); Storica Analitica visura per immobile - Catasto Fabbricati."
"visura-storica","AR","TERRANUOVA BRACCIOLINI","50","99","3","F","","analitica","","","PVP sales 1 (2120136); Storica Analitica visura per immobile - Catasto Fabbricati."
"visura-storica","AR","TERRANUOVA BRACCIOLINI","56","1","","F","","analitica","","","PVP sales 1 (4278821); Storica Analitica visura per immobile - Catasto Fabbricati."
"visura-storica","AR","TERRANUOVA BRACCIOLINI","56","1","","T","","analitica","","","PVP sales 1 (4278821); Storica Analitica visura per immobile - Catasto Terreni."
"visura-storica","AR","TERRANUOVA BRACCIOLINI","56","2","","F","","analitica","","","PVP sales 1 (4278821); Storica Analitica visura per immobile - Catasto Fabbricati."
"visura-storica","AR","TERRANUOVA BRACCIOLINI","56","2","","T","","analitica","","","PVP sales 1 (4278821); Storica Analitica visura per immobile - Catasto Terreni."
"visura-storica","AR","TERRANUOVA BRACCIOLINI","78","111","","F","","analitica","","","PVP sales 3 (4420116,4473243,4518306); Storica Analitica visura per immobile - Catasto Fabbricati."
"visura-storica","AR","TERRANUOVA BRACCIOLINI","78","111","","T","","analitica","","","PVP sales 3 (4420116,4473243,4518306); Storica Analitica visura per immobile - Catasto Terreni."
"visura-storica","AR","TERRANUOVA BRACCIOLINI","78","112","","F","","analitica","","","PVP sales 3 (4420116,4473243,4518306); Storica Analitica visura per immobile - Catasto Fabbricati."
"visura-storica","AR","TERRANUOVA BRACCIOLINI","78","112","","T","","analitica","","","PVP sales 3 (4420116,4473243,4518306); Storica Analitica visura per immobile - Catasto Terreni."
"visura-storica","AR","TERRANUOVA BRACCIOLINI","78","115","","F","","analitica","","","PVP sales 3 (4420116,4473243,4518306); Storica Analitica visura per immobile - Catasto Fabbricati."
"visura-storica","AR","TERRANUOVA BRACCIOLINI","78","115","","T","","analitica","","","PVP sales 3 (4420116,4473243,4518306); Storica Analitica visura per immobile - Catasto Terreni."
"visura-storica","AR","TERRANUOVA BRACCIOLINI","78","118","","F","","analitica","","","PVP sales 3 (4420116,4473243,4518306); Storica Analitica visura per immobile - Catasto Fabbricati."
"visura-storica","AR","TERRANUOVA BRACCIOLINI","78","118","","T","","analitica","","","PVP sales 3 (4420116,4473243,4518306); Storica Analitica visura per immobile - Catasto Terreni."
"visura-storica","AR","TERRANUOVA BRACCIOLINI","78","119","","F","","analitica","","","PVP sales 3 (4420116,4473243,4518306); Storica Analitica visura per immobile - Catasto Fabbricati."
"visura-storica","AR","TERRANUOVA BRACCIOLINI","78","119","","T","","analitica","","","PVP sales 3 (4420116,4473243,4518306); Storica Analitica visura per immobile - Catasto Terreni."
"visura-storica","AR","TERRANUOVA BRACCIOLINI","78","120","","F","","analitica","","","PVP sales 1 (4420129); Storica Analitica visura per immobile - Catasto Fabbricati."
"visura-storica","AR","TERRANUOVA BRACCIOLINI","78","120","","T","","analitica","","","PVP sales 1 (4420129); Storica Analitica visura per immobile - Catasto Terreni."
"visura-storica","AR","TERRANUOVA BRACCIOLINI","8","67","","F","","analitica","","","PVP sales 1 (2117182); Storica Analitica visura per immobile - Catasto Fabbricati."
"visura-storica","AR","TERRANUOVA BRACCIOLINI","8","67","","T","","analitica","","","PVP sales 1 (2117182); Storica Analitica visura per immobile - Catasto Terreni."
"visura-storica","AR","TERRANUOVA BRACCIOLINI","81","390","","F","","analitica","","","PVP sales 2 (4466738,4511361); Storica Analitica visura per immobile - Catasto Fabbricati."
"visura-storica","AR","TERRANUOVA BRACCIOLINI","81","390","","T","","analitica","","","PVP sales 2 (4466738,4511361); Storica Analitica visura per immobile - Catasto Terreni."
"visura-storica","AR","TERRANUOVA BRACCIOLINI","81","62","2","F","","analitica","","","PVP sales 2 (4466738,4511361); Storica Analitica visura per immobile - Catasto Fabbricati."
"visura-storica","AR","TERRANUOVA BRACCIOLINI","81","62","3","F","","analitica","","","PVP sales 2 (4466738,4511361); Storica Analitica visura per immobile - Catasto Fabbricati."
