"command","provincia","comune","foglio","particella","subalterno","tipo_catasto","codice_fiscale","vista","sezione","source_files","scope_note"
"visura-storica","CZ","ALBI","13","754","9","F","","analitica","","","PVP sales 3 (4444864,4495976,4550728); Storica Analitica visura per immobile - Catasto Fabbricati."
"visura-storica","CZ","AMARONI","4","509","2","F","","analitica","","","PVP sales 1 (2097315); Storica Analitica visura per immobile - Catasto Fabbricati."
"visura-storica","CZ","AMARONI","4","509","3","F","","analitica","","","PVP sales 1 (2097312); Storica Analitica visura per immobile - Catasto Fabbricati."
"visura-storica","CZ","ARGUSTO","3","190","","F","","analitica","","","PVP sales 2 (4455893,4534096); Storica Analitica visura per immobile - Catasto Fabbricati."
"visura-storica","CZ","ARGUSTO","3","190","","T","","analitica","","","PVP sales 2 (4455893,4534096); Storica Analitica visura per immobile - Catasto Terreni."
"visura-storica","CZ","ARGUSTO","3","297","","F","","analitica","","","PVP sales 1 (4455887); Storica Analitica visura per immobile - Catasto Fabbricati."
"visura-storica","CZ","ARGUSTO","3","297","","T","","analitica","","","PVP sales 1 (4455887); Storica Analitica visura per immobile - Catasto Terreni."
"visura-storica","CZ","ARGUSTO","3","853","","F","","analitica","","","PVP sales 1 (4455887); Storica Analitica visura per immobile - Catasto Fabbricati."
"visura-storica","CZ","ARGUSTO","3","853","","T","","analitica","","","PVP sales 1 (4455887); Storica Analitica visura per immobile - Catasto Terreni."
"visura-storica","CZ","ARGUSTO","6","274","1","F","","analitica","","","PVP sales 4 (2098364,2170664,4286395,4529736); Storica Analitica visura per immobile - Catasto Fabbricati."
"visura-storica","CZ","ARGUSTO","9","394","3","F","","analitica","","","PVP sales 4 (2098780,2170673,4286400,4529741); Storica Analitica visura per immobile - Catasto Fabbricati."
"visura-storica","CZ","BADOLATO","28","311","19","F","","analitica","","","PVP sales 2 (2098392,2163478); Storica Analitica visura per immobile - Catasto Fabbricati."
"visura-storica","CZ","BELCASTRO","23","564","","F","","analitica","","","PVP sales 1 (1889744); Storica Analitica visura per immobile - Catasto Fabbricati."
"visura-storica","CZ","BELCASTRO","23","564","","T","","analitica","","","PVP sales 1 (1889744); Storica Analitica visura per immobile - Catasto Terreni."
"visura-storica","CZ","BELCASTRO","25","339","2","F","","analitica","","","PVP sales 1 (4477880); Storica Analitica visura per immobile - Catasto Fabbricati."
"visura-storica","CZ","BORGIA","10","138","2","F","","analitica","","","PVP sales 3 (2078434,2132300,2261128); Storica Analitica visura per immobile - Catasto Fabbricati."
"visura-storica","CZ","BORGIA","10","174","14","F","","analitica","","","PVP sales 3 (2097517,2164300,4261190); Storica Analitica visura per immobile - Catasto Fabbricati."
"visura-storica","CZ","BORGIA","10","174","15","F","","analitica","","","PVP sales 3 (2097517,2164300,4261190); Storica Analitica visura per immobile - Catasto Fabbricati."
"visura-storica","CZ","BORGIA","24","352","3","F","","analitica","","","PVP sales 2 (4497287,4543210); Storica Analitica visura per immobile - Catasto Fabbricati."
"visura-storica","CZ","BORGIA","29","201","","F","","analitica","","","PVP sales 1 (4573592); Storica Analitica visura per immobile - Catasto Fabbricati."
"visura-storica","CZ","BORGIA","29","201","","T","","analitica","","","PVP sales 1 (4573592); Storica Analitica visura per immobile - Catasto Terreni."
"visura-storica","CZ","BORGIA","30","54","","F","","analitica","","","PVP sales 1 (4573592); Storica Analitica visura per immobile - Catasto Fabbricati."
"visura-storica","CZ","BORGIA","30","54","","T","","analitica","","","PVP sales 1 (4573592); Storica Analitica visura per immobile - Catasto Terreni."
"visura-storica","CZ","BORGIA","30","65","","F","","analitica","","","PVP sales 1 (4573592); Storica Analitica visura per immobile - Catasto Fabbricati."
"visura-storica","CZ","BORGIA","30","65","","T","","analitica","","","PVP sales 1 (4573592); Storica Analitica visura per immobile - Catasto Terreni."
"visura-storica","CZ","BORGIA","30","70","","F","","analitica","","","PVP sales 1 (4573592); Storica Analitica visura per immobile - Catasto Fabbricati."
"visura-storica","CZ","BORGIA","30","70","","T","","analitica","","","PVP sales 1 (4573592); Storica Analitica visura per immobile - Catasto Terreni."
"visura-storica","CZ","BORGIA","30","71","","F","","analitica","","","PVP sales 1 (4573592); Storica Analitica visura per immobile - Catasto Fabbricati."
"visura-storica","CZ","BORGIA","30","71","","T","","analitica","","","PVP sales 1 (4573592); Storica Analitica visura per immobile - Catasto Terreni."
"visura-storica","CZ","BORGIA","31","1188","","F","","analitica","","","PVP sales 1 (4248091); Storica Analitica visura per immobile - Catasto Fabbricati."
"visura-storica","CZ","BORGIA","31","1188","","T","","analitica","","","PVP sales 1 (4248091); Storica Analitica visura per immobile - Catasto Terreni."
"visura-storica","CZ","BORGIA","31","1289","","F","","analitica","","","PVP sales 1 (4248091); Storica Analitica visura per immobile - Catasto Fabbricati."
"visura-storica","CZ","BORGIA","31","1289","","T","","analitica","","","PVP sales 1 (4248091); Storica Analitica visura per immobile - Catasto Terreni."
"visura-storica","CZ","BORGIA","32","2894","","F","","analitica","","","PVP sales 1 (640543); Storica Analitica visura per immobile - Catasto Fabbricati."
"visura-storica","CZ","BORGIA","32","2894","","T","","analitica","","","PVP sales 1 (640543); Storica Analitica visura per immobile - Catasto Terreni."
"visura-storica","CZ","BORGIA","32","3054","4","F","","analitica","","","PVP sales 1 (4446704); Storica Analitica visura per immobile - Catasto Fabbricati."
"visura-storica","CZ","BORGIA","32","382","1","F","","analitica","","","PVP sales 1 (477330); Storica Analitica visura per immobile - Catasto Fabbricati."
"visura-storica","CZ","BORGIA","39","10","","F","","analitica","","","PVP sales 1 (4573592); Storica Analitica visura per immobile - Catasto Fabbricati."
"visura-storica","CZ","BORGIA","39","10","","T","","analitica","","","PVP sales 1 (4573592); Storica Analitica visura per immobile - Catasto Terreni."
"visura-storica","CZ","BORGIA","39","102","","F","","analitica","","","PVP sales 1 (4573592); Storica Analitica visura per immobile - Catasto Fabbricati."
"visura-storica","CZ","BORGIA","39","102","","T","","analitica","","","PVP sales 1 (4573592); Storica Analitica visura per immobile - Catasto Terreni."
"visura-storica","CZ","BORGIA","39","103","","F","","analitica","","","PVP sales 1 (4573592); Storica Analitica visura per immobile - Catasto Fabbricati."
"visura-storica","CZ","BORGIA","39","103","","T","","analitica","","","PVP sales 1 (4573592); Storica Analitica visura per immobile - Catasto Terreni."
"visura-storica","CZ","BORGIA","39","104","","F","","analitica","","","PVP sales 1 (4573592); Storica Analitica visura per immobile - Catasto Fabbricati."
"visura-storica","CZ","BORGIA","39","104","","T","","analitica","","","PVP sales 1 (4573592); Storica Analitica visura per immobile - Catasto Terreni."
"visura-storica","CZ","BORGIA","39","11","","F","","analitica","","","PVP sales 1 (4573592); Storica Analitica visura per immobile - Catasto Fabbricati."
"visura-storica","CZ","BORGIA","39","11","","T","","analitica","","","PVP sales 1 (4573592); Storica Analitica visura per immobile - Catasto Terreni."
"visura-storica","CZ","BORGIA","39","12","","F","","analitica","","","PVP sales 1 (4573592); Storica Analitica visura per immobile - Catasto Fabbricati."
"visura-storica","CZ","BORGIA","39","12","","T","","analitica","","","PVP sales 1 (4573592); Storica Analitica visura per immobile - Catasto Terreni."
"visura-storica","CZ","BORGIA","39","13","","F","","analitica","","","PVP sales 1 (4573592); Storica Analitica visura per immobile - Catasto Fabbricati."
"visura-storica","CZ","BORGIA","39","13","","T","","analitica","","","PVP sales 1 (4573592); Storica Analitica visura per immobile - Catasto Terreni."
"visura-storica","CZ","BORGIA","39","14","","F","","analitica","","","PVP sales 1 (4573592); Storica Analitica visura per immobile - Catasto Fabbricati."
"visura-storica","CZ","BORGIA","39","14","","T","","analitica","","","PVP sales 1 (4573592); Storica Analitica visura per immobile - Catasto Terreni."
"visura-storica","CZ","BORGIA","39","15","","F","","analitica","","","PVP sales 1 (4573592); Storica Analitica visura per immobile - Catasto Fabbricati."
"visura-storica","CZ","BORGIA","39","15","","T","","analitica","","","PVP sales 1 (4573592); Storica Analitica visura per immobile - Catasto Terreni."
"visura-storica","CZ","BORGIA","39","16","","F","","analitica","","","PVP sales 1 (4573592); Storica Analitica visura per immobile - Catasto Fabbricati."
"visura-storica","CZ","BORGIA","39","16","","T","","analitica","","","PVP sales 1 (4573592); Storica Analitica visura per immobile - Catasto Terreni."
"visura-storica","CZ","BORGIA","39","17","","F","","analitica","","","PVP sales 1 (4573592); Storica Analitica visura per immobile - Catasto Fabbricati."
"visura-storica","CZ","BORGIA","39","17","","T","","analitica","","","PVP sales 1 (4573592); Storica Analitica visura per immobile - Catasto Terreni."
"visura-storica","CZ","BORGIA","39","18","","F","","analitica","","","PVP sales 1 (4573592); Storica Analitica visura per immobile - Catasto Fabbricati."
"visura-storica","CZ","BORGIA","39","18","","T","","analitica","","","PVP sales 1 (4573592); Storica Analitica visura per immobile - Catasto Terreni."
"visura-storica","CZ","BORGIA","39","19","","F","","analitica","","","PVP sales 1 (4573592); Storica Analitica visura per immobile - Catasto Fabbricati."
"visura-storica","CZ","BORGIA","39","19","","T","","analitica","","","PVP sales 1 (4573592); Storica Analitica visura per immobile - Catasto Terreni."
"visura-storica","CZ","BORGIA","39","22","","F","","analitica","","","PVP sales 1 (4573592); Storica Analitica visura per immobile - Catasto Fabbricati."
"visura-storica","CZ","BORGIA","39","22","","T","","analitica","","","PVP sales 1 (4573592); Storica Analitica visura per immobile - Catasto Terreni."
"visura-storica","CZ","BORGIA","39","23","","F","","analitica","","","PVP sales 1 (4573592); Storica Analitica visura per immobile - Catasto Fabbricati."
"visura-storica","CZ","BORGIA","39","23","","T","","analitica","","","PVP sales 1 (4573592); Storica Analitica visura per immobile - Catasto Terreni."
"visura-storica","CZ","BORGIA","39","24","","F","","analitica","","","PVP sales 1 (4573592); Storica Analitica visura per immobile - Catasto Fabbricati."
"visura-storica","CZ","BORGIA","39","24","","T","","analitica","","","PVP sales 1 (4573592); Storica Analitica visura per immobile - Catasto Terreni."
"visura-storica","CZ","BORGIA","39","25","","F","","analitica","","","PVP sales 1 (4573592); Storica Analitica visura per immobile - Catasto Fabbricati."
"visura-storica","CZ","BORGIA","39","25","","T","","analitica","","","PVP sales 1 (4573592); Storica Analitica visura per immobile - Catasto Terreni."
"visura-storica","CZ","BORGIA","39","26","","F","","analitica","","","PVP sales 1 (4573592); Storica Analitica visura per immobile - Catasto Fabbricati."
"visura-storica","CZ","BORGIA","39","26","","T","","analitica","","","PVP sales 1 (4573592); Storica Analitica visura per immobile - Catasto Terreni."
"visura-storica","CZ","BORGIA","39","27","","F","","analitica","","","PVP sales 1 (4573592); Storica Analitica visura per immobile - Catasto Fabbricati."
"visura-storica","CZ","BORGIA","39","27","","T","","analitica","","","PVP sales 1 (4573592); Storica Analitica visura per immobile - Catasto Terreni."
"visura-storica","CZ","BORGIA","39","3","","F","","analitica","","","PVP sales 1 (4573592); Storica Analitica visura per immobile - Catasto Fabbricati."
"visura-storica","CZ","BORGIA","39","3","","T","","analitica","","","PVP sales 1 (4573592); Storica Analitica visura per immobile - Catasto Terreni."
"visura-storica","CZ","BORGIA","39","31","","F","","analitica","","","PVP sales 1 (4573592); Storica Analitica visura per immobile - Catasto Fabbricati."
"visura-storica","CZ","BORGIA","39","31","","T","","analitica","","","PVP sales 1 (4573592); Storica Analitica visura per immobile - Catasto Terreni."
"visura-storica","CZ","BORGIA","39","32","","F","","analitica","","","PVP sales 1 (4573592); Storica Analitica visura per immobile - Catasto Fabbricati."
"visura-storica","CZ","BORGIA","39","32","","T","","analitica","","","PVP sales 1 (4573592); Storica Analitica visura per immobile - Catasto Terreni."
"visura-storica","CZ","BORGIA","39","33","","F","","analitica","","","PVP sales 1 (4573592); Storica Analitica visura per immobile - Catasto Fabbricati."
"visura-storica","CZ","BORGIA","39","33","","T","","analitica","","","PVP sales 1 (4573592); Storica Analitica visura per immobile - Catasto Terreni."
"visura-storica","CZ","BORGIA","39","4","","F","","analitica","","","PVP sales 1 (4573592); Storica Analitica visura per immobile - Catasto Fabbricati."
"visura-storica","CZ","BORGIA","39","4","","T","","analitica","","","PVP sales 1 (4573592); Storica Analitica visura per immobile - Catasto Terreni."
"visura-storica","CZ","BORGIA","39","414","","F","","analitica","","","PVP sales 1 (4573592); Storica Analitica visura per immobile - Catasto Fabbricati."
"visura-storica","CZ","BORGIA","39","414","","T","","analitica","","","PVP sales 1 (4573592); Storica Analitica visura per immobile - Catasto Terreni."
"visura-storica","CZ","BORGIA","39","5","","F","","analitica","","","PVP sales 1 (4573592); Storica Analitica visura per immobile - Catasto Fabbricati."
"visura-storica","CZ","BORGIA","39","5","","T","","analitica","","","PVP sales 1 (4573592); Storica Analitica visura per immobile - Catasto Terreni."
"visura-storica","CZ","BORGIA","39","6","","F","","analitica","","","PVP sales 1 (4573592); Storica Analitica visura per immobile - Catasto Fabbricati."
"visura-storica","CZ","BORGIA","39","6","","T","","analitica","","","PVP sales 1 (4573592); Storica Analitica visura per immobile - Catasto Terreni."
"visura-storica","CZ","BORGIA","39","9","","F","","analitica","","","PVP sales 1 (4573592); Storica Analitica visura per immobile - Catasto Fabbricati."
"visura-storica","CZ","BORGIA","39","9","","T","","analitica","","","PVP sales 1 (4573592); Storica Analitica visura per immobile - Catasto Terreni."
"visura-storica","CZ","BORGIA","40","1","","F","","analitica","","","PVP sales 1 (4573592); Storica Analitica visura per immobile - Catasto Fabbricati."
"visura-storica","CZ","BORGIA","40","1","","T","","analitica","","","PVP sales 1 (4573592); Storica Analitica visura per immobile - Catasto Terreni."
"visura-storica","CZ","BORGIA","40","16","","F","","analitica","","","PVP sales 1 (4573592); Storica Analitica visura per immobile - Catasto Fabbricati."
"visura-storica","CZ","BORGIA","40","16","","T","","analitica","","","PVP sales 1 (4573592); Storica Analitica visura per immobile - Catasto Terreni."
"visura-storica","CZ","BORGIA","40","2","","F","","analitica","","","PVP sales 1 (4573592); Storica Analitica visura per immobile - Catasto Fabbricati."
"visura-storica","CZ","BORGIA","40","2","","T","","analitica","","","PVP sales 1 (4573592); Storica Analitica visura per immobile - Catasto Terreni."
"visura-storica","CZ","BORGIA","40","3","","F","","analitica","","","PVP sales 1 (4573592); Storica Analitica visura per immobile - Catasto Fabbricati."
"visura-storica","CZ","BORGIA","40","3","","T","","analitica","","","PVP sales 1 (4573592); Storica Analitica visura per immobile - Catasto Terreni."
"visura-storica","CZ","BORGIA","40","4","","F","","analitica","","","PVP sales 1 (4573592); Storica Analitica visura per immobile - Catasto Fabbricati."
"visura-storica","CZ","BORGIA","40","4","","T","","analitica","","","PVP sales 1 (4573592); Storica Analitica visura per immobile - Catasto Terreni."
"visura-storica","CZ","BORGIA","40","5","","F","","analitica","","","PVP sales 1 (4573592); Storica Analitica visura per immobile - Catasto Fabbricati."
"visura-storica","CZ","BORGIA","40","5","","T","","analitica","","","PVP sales 1 (4573592); Storica Analitica visura per immobile - Catasto Terreni."
"visura-storica","CZ","BORGIA","40","6","","F","","analitica","","","PVP sales 1 (4573592); Storica Analitica visura per immobile - Catasto Fabbricati."
"visura-storica","CZ","BORGIA","40","6","","T","","analitica","","","PVP sales 1 (4573592); Storica Analitica visura per immobile - Catasto Terreni."
"visura-storica","CZ","BORGIA","40","7","","F","","analitica","","","PVP sales 1 (4573592); Storica Analitica visura per immobile - Catasto Fabbricati."
"visura-storica","CZ","BORGIA","40","7","","T","","analitica","","","PVP sales 1 (4573592); Storica Analitica visura per immobile - Catasto Terreni."
"visura-storica","CZ","BORGIA","41","19","","F","","analitica","","","PVP sales 1 (4573592); Storica Analitica visura per immobile - Catasto Fabbricati."
"visura-storica","CZ","BORGIA","41","19","","T","","analitica","","","PVP sales 1 (4573592); Storica Analitica visura per immobile - Catasto Terreni."
"visura-storica","CZ","BORGIA","41","21","","F","","analitica","","","PVP sales 1 (4573592); Storica Analitica visura per immobile - Catasto Fabbricati."
"visura-storica","CZ","BORGIA","41","21","","T","","analitica","","","PVP sales 1 (4573592); Storica Analitica visura per immobile - Catasto Terreni."
"visura-storica","CZ","BORGIA","41","22","","F","","analitica","","","PVP sales 1 (4573592); Storica Analitica visura per immobile - Catasto Fabbricati."
"visura-storica","CZ","BORGIA","41","22","","T","","analitica","","","PVP sales 1 (4573592); Storica Analitica visura per immobile - Catasto Terreni."
"visura-storica","CZ","BORGIA","41","23","","F","","analitica","","","PVP sales 1 (4573592); Storica Analitica visura per immobile - Catasto Fabbricati."
"visura-storica","CZ","BORGIA","41","23","","T","","analitica","","","PVP sales 1 (4573592); Storica Analitica visura per immobile - Catasto Terreni."
"visura-storica","CZ","BORGIA","41","24","","F","","analitica","","","PVP sales 1 (4573592); Storica Analitica visura per immobile - Catasto Fabbricati."
"visura-storica","CZ","BORGIA","41","24","","T","","analitica","","","PVP sales 1 (4573592); Storica Analitica visura per immobile - Catasto Terreni."
"visura-storica","CZ","BORGIA","41","25","","F","","analitica","","","PVP sales 1 (4573592); Storica Analitica visura per immobile - Catasto Fabbricati."
"visura-storica","CZ","BORGIA","41","25","","T","","analitica","","","PVP sales 1 (4573592); Storica Analitica visura per immobile - Catasto Terreni."
"visura-storica","CZ","BORGIA","41","26","","F","","analitica","","","PVP sales 1 (4573592); Storica Analitica visura per immobile - Catasto Fabbricati."
"visura-storica","CZ","BORGIA","41","26","","T","","analitica","","","PVP sales 1 (4573592); Storica Analitica visura per immobile - Catasto Terreni."
"visura-storica","CZ","BORGIA","41","27","","F","","analitica","","","PVP sales 1 (4573592); Storica Analitica visura per immobile - Catasto Fabbricati."
"visura-storica","CZ","BORGIA","41","27","","T","","analitica","","","PVP sales 1 (4573592); Storica Analitica visura per immobile - Catasto Terreni."
"visura-storica","CZ","BORGIA","41","28","","F","","analitica","","","PVP sales 1 (4573592); Storica Analitica visura per immobile - Catasto Fabbricati."
"visura-storica","CZ","BORGIA","41","28","","T","","analitica","","","PVP sales 1 (4573592); Storica Analitica visura per immobile - Catasto Terreni."
"visura-storica","CZ","BORGIA","41","29","","F","","analitica","","","PVP sales 1 (4573592); Storica Analitica visura per immobile - Catasto Fabbricati."
"visura-storica","CZ","BORGIA","41","29","","T","","analitica","","","PVP sales 1 (4573592); Storica Analitica visura per immobile - Catasto Terreni."
"visura-storica","CZ","BORGIA","41","30","","F","","analitica","","","PVP sales 1 (4573592); Storica Analitica visura per immobile - Catasto Fabbricati."
"visura-storica","CZ","BORGIA","41","30","","T","","analitica","","","PVP sales 1 (4573592); Storica Analitica visura per immobile - Catasto Terreni."
"visura-storica","CZ","BORGIA","41","33","","F","","analitica","","","PVP sales 1 (4573592); Storica Analitica visura per immobile - Catasto Fabbricati."
"visura-storica","CZ","BORGIA","41","33","","T","","analitica","","","PVP sales 1 (4573592); Storica Analitica visura per immobile - Catasto Terreni."
"visura-storica","CZ","BORGIA","41","34","","F","","analitica","","","PVP sales 1 (4573592); Storica Analitica visura per immobile - Catasto Fabbricati."
"visura-storica","CZ","BORGIA","41","34","","T","","analitica","","","PVP sales 1 (4573592); Storica Analitica visura per immobile - Catasto Terreni."
"visura-storica","CZ","BORGIA","41","35","","F","","analitica","","","PVP sales 1 (4573592); Storica Analitica visura per immobile - Catasto Fabbricati."
"visura-storica","CZ","BORGIA","41","35","","T","","analitica","","","PVP sales 1 (4573592); Storica Analitica visura per immobile - Catasto Terreni."
"visura-storica","CZ","BORGIA","41","58","","F","","analitica","","","PVP sales 1 (4573592); Storica Analitica visura per immobile - Catasto Fabbricati."
"visura-storica","CZ","BORGIA","41","58","","T","","analitica","","","PVP sales 1 (4573592); Storica Analitica visura per immobile - Catasto Terreni."
"visura-storica","CZ","BORGIA","41","59","","F","","analitica","","","PVP sales 1 (4573592); Storica Analitica visura per immobile - Catasto Fabbricati."
"visura-storica","CZ","BORGIA","41","59","","T","","analitica","","","PVP sales 1 (4573592); Storica Analitica visura per immobile - Catasto Terreni."
"visura-storica","CZ","BORGIA","41","60","","F","","analitica","","","PVP sales 1 (4573592); Storica Analitica visura per immobile - Catasto Fabbricati."
"visura-storica","CZ","BORGIA","41","60","","T","","analitica","","","PVP sales 1 (4573592); Storica Analitica visura per immobile - Catasto Terreni."
"visura-storica","CZ","BORGIA","41","64","","F","","analitica","","","PVP sales 1 (4573592); Storica Analitica visura per immobile - Catasto Fabbricati."
"visura-storica","CZ","BORGIA","41","64","","T","","analitica","","","PVP sales 1 (4573592); Storica Analitica visura per immobile - Catasto Terreni."
"visura-storica","CZ","BORGIA","41","65","","F","","analitica","","","PVP sales 1 (4573592); Storica Analitica visura per immobile - Catasto Fabbricati."
"visura-storica","CZ","BORGIA","41","65","","T","","analitica","","","PVP sales 1 (4573592); Storica Analitica visura per immobile - Catasto Terreni."
"visura-storica","CZ","BORGIA","41","7","","F","","analitica","","","PVP sales 1 (4573592); Storica Analitica visura per immobile - Catasto Fabbricati."
"visura-storica","CZ","BORGIA","41","7","","T","","analitica","","","PVP sales 1 (4573592); Storica Analitica visura per immobile - Catasto Terreni."
"visura-storica","CZ","BORGIA","41","9","","F","","analitica","","","PVP sales 1 (4573592); Storica Analitica visura per immobile - Catasto Fabbricati."
"visura-storica","CZ","BORGIA","41","9","","T","","analitica","","","PVP sales 1 (4573592); Storica Analitica visura per immobile - Catasto Terreni."
"visura-storica","CZ","BORGIA","8","382","","F","","analitica","","","PVP sales 3 (4443833,4489676,4519997); Storica Analitica visura per immobile - Catasto Fabbricati."
"visura-storica","CZ","BORGIA","8","382","","T","","analitica","","","PVP sales 3 (4443833,4489676,4519997); Storica Analitica visura per immobile - Catasto Terreni."
"visura-storica","CZ","BOTRICELLO","1","5","","F","","analitica","","","PVP sales 1 (2076666); Storica Analitica visura per immobile - Catasto Fabbricati."
"visura-storica","CZ","BOTRICELLO","1","5","","T","","analitica","","","PVP sales 1 (2076666); Storica Analitica visura per immobile - Catasto Terreni."
"visura-storica","CZ","BOTRICELLO","1","64","","F","","analitica","","","PVP sales 1 (2076666); Storica Analitica visura per immobile - Catasto Fabbricati."
"visura-storica","CZ","BOTRICELLO","1","64","","T","","analitica","","","PVP sales 1 (2076666); Storica Analitica visura per immobile - Catasto Terreni."
"visura-storica","CZ","BOTRICELLO","2","328","","F","","analitica","","","PVP sales 1 (2076666); Storica Analitica visura per immobile - Catasto Fabbricati."
"visura-storica","CZ","BOTRICELLO","2","328","","T","","analitica","","","PVP sales 1 (2076666); Storica Analitica visura per immobile - Catasto Terreni."
"visura-storica","CZ","BOTRICELLO","2","332","","F","","analitica","","","PVP sales 1 (2076666); Storica Analitica visura per immobile - Catasto Fabbricati."
"visura-storica","CZ","BOTRICELLO","2","332","","T","","analitica","","","PVP sales 1 (2076666); Storica Analitica visura per immobile - Catasto Terreni."
"visura-storica","CZ","BOTRICELLO","3","224","3","F","","analitica","","","PVP sales 3 (4441280,4490729,4532634); Storica Analitica visura per immobile - Catasto Fabbricati."
"visura-storica","CZ","BOTRICELLO","3","224","4","F","","analitica","","","PVP sales 3 (4441280,4490729,4532634); Storica Analitica visura per immobile - Catasto Fabbricati."
"visura-storica","CZ","BOTRICELLO","3","224","5","F","","analitica","","","PVP sales 3 (4441280,4490729,4532634); Storica Analitica visura per immobile - Catasto Fabbricati."
"visura-storica","CZ","BOTRICELLO","3","234","1","F","","analitica","","","PVP sales 3 (2122209,4283669,4552571); Storica Analitica visura per immobile - Catasto Fabbricati."
"visura-storica","CZ","BOTRICELLO","5","1352","13","F","","analitica","","","PVP sales 3 (4427218,4475174,4536365); Storica Analitica visura per immobile - Catasto Fabbricati."
"visura-storica","CZ","BOTRICELLO","5","648","3","F","","analitica","","","PVP sales 1 (2091219); Storica Analitica visura per immobile - Catasto Fabbricati."
"visura-storica","CZ","BOTRICELLO","5","720","1","F","","analitica","","","PVP sales 1 (4432213); Storica Analitica visura per immobile - Catasto Fabbricati."
"visura-storica","CZ","BOTRICELLO","5","720","2","F","","analitica","","","PVP sales 1 (4432231); Storica Analitica visura per immobile - Catasto Fabbricati."
"visura-storica","CZ","BOTRICELLO","5","731","","F","","analitica","","","PVP sales 2 (2120406,2224582); Storica Analitica visura per immobile - Catasto Fabbricati."
"visura-storica","CZ","BOTRICELLO","5","731","","T","","analitica","","","PVP sales 2 (2120406,2224582); Storica Analitica visura per immobile - Catasto Terreni."
"visura-storica","CZ","BOTRICELLO","5","731","14","F","","analitica","","","PVP sales 2 (2120406,2224582); Storica Analitica visura per immobile - Catasto Fabbricati."
"visura-storica","CZ","BOTRICELLO","5","731","35","F","","analitica","","","PVP sales 2 (2120406,2224582); Storica Analitica visura per immobile - Catasto Fabbricati."
"visura-storica","CZ","BOTRICELLO","6","1182","","F","","analitica","","","PVP sales 2 (2180103,4231250); Storica Analitica visura per immobile - Catasto Fabbricati."
"visura-storica","CZ","BOTRICELLO","6","1182","","T","","analitica","","","PVP sales 2 (2180103,4231250); Storica Analitica visura per immobile - Catasto Terreni."
"visura-storica","CZ","BOTRICELLO","6","1443","4","F","","analitica","","","PVP sales 1 (2162249); Storica Analitica visura per immobile - Catasto Fabbricati."
"visura-storica","CZ","BOTRICELLO","6","1443","5","F","","analitica","","","PVP sales 1 (2162249); Storica Analitica visura per immobile - Catasto Fabbricati."
"visura-storica","CZ","BOTRICELLO","6","1443","6","F","","analitica","","","PVP sales 1 (2162302); Storica Analitica visura per immobile - Catasto Fabbricati."
"visura-storica","CZ","BOTRICELLO","6","2059","4","F","","analitica","","","PVP sales 1 (1611170); Storica Analitica visura per immobile - Catasto Fabbricati."
"visura-storica","CZ","BOTRICELLO","6","2059","5","F","","analitica","","","PVP sales 1 (1611170); Storica Analitica visura per immobile - Catasto Fabbricati."
"visura-storica","CZ","BOTRICELLO","6","2060","5","F","","analitica","","","PVP sales 1 (1611188); Storica Analitica visura per immobile - Catasto Fabbricati."
"visura-storica","CZ","BOTRICELLO","6","2060","6","F","","analitica","","","PVP sales 1 (1611188); Storica Analitica visura per immobile - Catasto Fabbricati."
"visura-storica","CZ","BOTRICELLO","6","2060","7","F","","analitica","","","PVP sales 1 (1611188); Storica Analitica visura per immobile - Catasto Fabbricati."
"visura-storica","CZ","BOTRICELLO","6","2060","9","F","","analitica","","","PVP sales 1 (1611188); Storica Analitica visura per immobile - Catasto Fabbricati."
"visura-storica","CZ","BOTRICELLO","6","2699","3","F","","analitica","","","PVP sales 3 (2180107,4498750,4563879); Storica Analitica visura per immobile - Catasto Fabbricati."
"visura-storica","CZ","BOTRICELLO","6","2699","4","F","","analitica","","","PVP sales 4 (2180118,4231252,4498802,4563900); Storica Analitica visura per immobile - Catasto Fabbricati."
"visura-storica","CZ","BOTRICELLO","6","4910","","F","","analitica","","","PVP sales 1 (2193998); Storica Analitica visura per immobile - Catasto Fabbricati."
"visura-storica","CZ","BOTRICELLO","6","4910","","T","","analitica","","","PVP sales 1 (2193998); Storica Analitica visura per immobile - Catasto Terreni."
"visura-storica","CZ","BOTRICELLO","6","4918","","F","","analitica","","","PVP sales 1 (2193998); Storica Analitica visura per immobile - Catasto Fabbricati."
"visura-storica","CZ","BOTRICELLO","6","4918","","T","","analitica","","","PVP sales 1 (2193998); Storica Analitica visura per immobile - Catasto Terreni."
"visura-storica","CZ","BOTRICELLO","6","4919","","F","","analitica","","","PVP sales 1 (2193998); Storica Analitica visura per immobile - Catasto Fabbricati."
"visura-storica","CZ","BOTRICELLO","6","4919","","T","","analitica","","","PVP sales 1 (2193998); Storica Analitica visura per immobile - Catasto Terreni."
"visura-storica","CZ","BOTRICELLO","6","4926","","F","","analitica","","","PVP sales 1 (2193998); Storica Analitica visura per immobile - Catasto Fabbricati."
"visura-storica","CZ","BOTRICELLO","6","4926","","T","","analitica","","","PVP sales 1 (2193998); Storica Analitica visura per immobile - Catasto Terreni."
"visura-storica","CZ","BOTRICELLO","6","4933","2","F","","analitica","","","PVP sales 3 (2132095,2207454,4219809); Storica Analitica visura per immobile - Catasto Fabbricati."
"visura-storica","CZ","BOTRICELLO","6","731","2","F","","analitica","","","PVP sales 1 (4236206); Storica Analitica visura per immobile - Catasto Fabbricati."
"visura-storica","CZ","BOTRICELLO","6","859","","F","","analitica","","","PVP sales 1 (2126994); Storica Analitica visura per immobile - Catasto Fabbricati."
"visura-storica","CZ","BOTRICELLO","6","859","","T","","analitica","","","PVP sales 1 (2126994); Storica Analitica visura per immobile - Catasto Terreni."
"visura-storica","CZ","CARAFFA DI CATANZARO","27","242","","F","","analitica","","","PVP sales 1 (985451); Storica Analitica visura per immobile - Catasto Fabbricati."
"visura-storica","CZ","CARAFFA DI CATANZARO","27","242","","T","","analitica","","","PVP sales 1 (985451); Storica Analitica visura per immobile - Catasto Terreni."
"visura-storica","CZ","CARAFFA DI CATANZARO","27","244","","F","","analitica","","","PVP sales 1 (985451); Storica Analitica visura per immobile - Catasto Fabbricati."
"visura-storica","CZ","CARAFFA DI CATANZARO","27","244","","T","","analitica","","","PVP sales 1 (985451); Storica Analitica visura per immobile - Catasto Terreni."
"visura-storica","CZ","CARAFFA DI CATANZARO","27","245","4","F","","analitica","","","PVP sales 1 (1434231); Storica Analitica visura per immobile - Catasto Fabbricati."
"visura-storica","CZ","CARAFFA DI CATANZARO","27","353","","F","","analitica","","","PVP sales 1 (985451); Storica Analitica visura per immobile - Catasto Fabbricati."
"visura-storica","CZ","CARAFFA DI CATANZARO","27","353","","T","","analitica","","","PVP sales 1 (985451); Storica Analitica visura per immobile - Catasto Terreni."
"visura-storica","CZ","CARAFFA DI CATANZARO","27","353","2005","F","","analitica","","","PVP sales 1 (985451); Storica Analitica visura per immobile - Catasto Fabbricati."
"visura-storica","CZ","CARAFFA DI CATANZARO","27","353","22417","F","","analitica","","","PVP sales 1 (985451); Storica Analitica visura per immobile - Catasto Fabbricati."
"visura-storica","CZ","CARAFFA DI CATANZARO","6","1027","3","F","","analitica","","","PVP sales 2 (4461266,4508703); Storica Analitica visura per immobile - Catasto Fabbricati."
"visura-storica","CZ","CARAFFA DI CATANZARO","6","1027","4","F","","analitica","","","PVP sales 2 (4461276,4508690); Storica Analitica visura per immobile - Catasto Fabbricati."
"visura-storica","CZ","CARAFFA DI CATANZARO","6","1029","1","F","","analitica","","","PVP sales 3 (2251927,4242025,4436775); Storica Analitica visura per immobile - Catasto Fabbricati."
"visura-storica","CZ","CARAFFA DI CATANZARO","6","44","16","F","","analitica","","","PVP sales 2 (2244027,4251084); Storica Analitica visura per immobile - Catasto Fabbricati."
"visura-storica","CZ","CARAFFA DI CATANZARO","7","255","3","F","","analitica","","","PVP sales 1 (2091791); Storica Analitica visura per immobile - Catasto Fabbricati."
"visura-storica","CZ","CARDINALE","5","686","1","F","","analitica","","","PVP sales 2 (4496261,4540233); Storica Analitica visura per immobile - Catasto Fabbricati."
"visura-storica","CZ","CARLOPOLI","6","239","","F","","analitica","","","PVP sales 3 (4424332,4466296,4537254); Storica Analitica visura per immobile - Catasto Fabbricati."
"visura-storica","CZ","CARLOPOLI","6","239","","T","","analitica","","","PVP sales 3 (4424332,4466296,4537254); Storica Analitica visura per immobile - Catasto Terreni."
"visura-storica","CZ","CARLOPOLI","6","383","4","F","","analitica","","","PVP sales 3 (4424298,4466356,4537287); Storica Analitica visura per immobile - Catasto Fabbricati."
"visura-storica","CZ","CARLOPOLI","6","384","","F","","analitica","","","PVP sales 3 (4424332,4466296,4537254); Storica Analitica visura per immobile - Catasto Fabbricati."
"visura-storica","CZ","CARLOPOLI","6","384","","T","","analitica","","","PVP sales 3 (4424332,4466296,4537254); Storica Analitica visura per immobile - Catasto Terreni."
"visura-storica","CZ","CARLOPOLI","8","455","14","F","","analitica","","","PVP sales 1 (4466644); Storica Analitica visura per immobile - Catasto Fabbricati."
"visura-storica","CZ","CATANZARO","1","184","","F","","analitica","","","PVP sales 4 (2243439,4225356,4494386,4525334); Storica Analitica visura per immobile - Catasto Fabbricati."
"visura-storica","CZ","CATANZARO","1","184","","T","","analitica","","","PVP sales 4 (2243439,4225356,4494386,4525334); Storica Analitica visura per immobile - Catasto Terreni."
"visura-storica","CZ","CATANZARO","1","630SUB","24","F","","analitica","","","PVP sales 2 (2251874,4258861); Storica Analitica visura per immobile - Catasto Fabbricati."
"visura-storica","CZ","CATANZARO","1","961","","F","","analitica","","","PVP sales 3 (2111484,2234417,4274792); Storica Analitica visura per immobile - Catasto Fabbricati."
"visura-storica","CZ","CATANZARO","1","961","","T","","analitica","","","PVP sales 3 (2111484,2234417,4274792); Storica Analitica visura per immobile - Catasto Terreni."
"visura-storica","CZ","CATANZARO","101","1184","6","F","","analitica","","","PVP sales 1 (4433212); Storica Analitica visura per immobile - Catasto Fabbricati."
"visura-storica","CZ","CATANZARO","101","1184","8","F","","analitica","","","PVP sales 1 (4433212); Storica Analitica visura per immobile - Catasto Fabbricati."
"visura-storica","CZ","CATANZARO","101","154","7","F","","analitica","","","PVP sales 1 (4497730); Storica Analitica visura per immobile - Catasto Fabbricati."
"visura-storica","CZ","CATANZARO","101","157","","F","","analitica","","","PVP sales 1 (4278388); Storica Analitica visura per immobile - Catasto Fabbricati."
"visura-storica","CZ","CATANZARO","101","157","","T","","analitica","","","PVP sales 1 (4278388); Storica Analitica visura per immobile - Catasto Terreni."
"visura-storica","CZ","CATANZARO","101","163","3","F","","analitica","","","PVP sales 1 (4467122); Storica Analitica visura per immobile - Catasto Fabbricati."
"visura-storica","CZ","CATANZARO","101","169","13","F","","analitica","","","PVP sales 1 (4552029); Storica Analitica visura per immobile - Catasto Fabbricati."
"visura-storica","CZ","CATANZARO","101","169","19","F","","analitica","","","PVP sales 1 (4552034); Storica Analitica visura per immobile - Catasto Fabbricati."
"visura-storica","CZ","CATANZARO","12","836","2","F","","analitica","","","PVP sales 1 (1755717); Storica Analitica visura per immobile - Catasto Fabbricati."
"visura-storica","CZ","CATANZARO","12","836","3","F","","analitica","","","PVP sales 1 (1755717); Storica Analitica visura per immobile - Catasto Fabbricati."
"visura-storica","CZ","CATANZARO","12","836","4","F","","analitica","","","PVP sales 1 (1755722); Storica Analitica visura per immobile - Catasto Fabbricati."
"visura-storica","CZ","CATANZARO","12","836","5","F","","analitica","","","PVP sales 1 (1755722); Storica Analitica visura per immobile - Catasto Fabbricati."
"visura-storica","CZ","CATANZARO","16","237","","F","","analitica","","","PVP sales 1 (504742); Storica Analitica visura per immobile - Catasto Fabbricati."
"visura-storica","CZ","CATANZARO","16","237","","T","","analitica","","","PVP sales 1 (504742); Storica Analitica visura per immobile - Catasto Terreni."
"visura-storica","CZ","CATANZARO","16","343","1","F","","analitica","","","PVP sales 2 (4458640,4566362); Storica Analitica visura per immobile - Catasto Fabbricati."
"visura-storica","CZ","CATANZARO","16","486","","F","","analitica","","","PVP sales 1 (4559051); Storica Analitica visura per immobile - Catasto Fabbricati."
"visura-storica","CZ","CATANZARO","16","486","","T","","analitica","","","PVP sales 1 (4559051); Storica Analitica visura per immobile - Catasto Terreni."
"visura-storica","CZ","CATANZARO","17","1124","8","F","","analitica","","","PVP sales 1 (4413953); Storica Analitica visura per immobile - Catasto Fabbricati."
"visura-storica","CZ","CATANZARO","17","255","3","F","","analitica","","","PVP sales 1 (4241059); Storica Analitica visura per immobile - Catasto Fabbricati."
"visura-storica","CZ","CATANZARO","17","395","1","F","","analitica","","","PVP sales 2 (2133629,2210558); Storica Analitica visura per immobile - Catasto Fabbricati."
"visura-storica","CZ","CATANZARO","17","395","2","F","","analitica","","","PVP sales 2 (2133623,2210569); Storica Analitica visura per immobile - Catasto Fabbricati."
"visura-storica","CZ","CATANZARO","17","517","","F","","analitica","","","PVP sales 1 (2142661); Storica Analitica visura per immobile - Catasto Fabbricati."
"visura-storica","CZ","CATANZARO","17","517","","T","","analitica","","","PVP sales 1 (2142661); Storica Analitica visura per immobile - Catasto Terreni."
"visura-storica","CZ","CATANZARO","17","571","5","F","","analitica","","","PVP sales 1 (4547221); Storica Analitica visura per immobile - Catasto Fabbricati."
"visura-storica","CZ","CATANZARO","19","249","8","F","","analitica","","","PVP sales 3 (4472327,4515251,4556791); Storica Analitica visura per immobile - Catasto Fabbricati."
"visura-storica","CZ","CATANZARO","19","291","25","F","","analitica","","","PVP sales 1 (4241059); Storica Analitica visura per immobile - Catasto Fabbricati."
"visura-storica","CZ","CATANZARO","19","295","9","F","","analitica","","","PVP sales 1 (4241059); Storica Analitica visura per immobile - Catasto Fabbricati."
"visura-storica","CZ","CATANZARO","19","548","24","F","","analitica","","","PVP sales 1 (4451431); Storica Analitica visura per immobile - Catasto Fabbricati."
"visura-storica","CZ","CATANZARO","19","548","25","F","","analitica","","","PVP sales 1 (4451431); Storica Analitica visura per immobile - Catasto Fabbricati."
"visura-storica","CZ","CATANZARO","2","736","7","F","","analitica","","","PVP sales 3 (2099045,2160684,2241789); Storica Analitica visura per immobile - Catasto Fabbricati."
"visura-storica","CZ","CATANZARO","20","455","12","F","","analitica","","","PVP sales 1 (477409); Storica Analitica visura per immobile - Catasto Fabbricati."
"visura-storica","CZ","CATANZARO","20","651","7","F","","analitica","","","PVP sales 4 (2242434,4269301,4414114,4481867); Storica Analitica visura per immobile - Catasto Fabbricati."
"visura-storica","CZ","CATANZARO","21","199","9","F","","analitica","","","PVP sales 1 (1829395); Storica Analitica visura per immobile - Catasto Fabbricati."
"visura-storica","CZ","CATANZARO","21","200","17","F","","analitica","","","PVP sales 1 (2157620); Storica Analitica visura per immobile - Catasto Fabbricati."
"visura-storica","CZ","CATANZARO","21","203","2","F","","analitica","","","PVP sales 3 (4480674,4515899,4565771); Storica Analitica visura per immobile - Catasto Fabbricati."
"visura-storica","CZ","CATANZARO","21","209","152","F","","analitica","","","PVP sales 1 (4241059); Storica Analitica visura per immobile - Catasto Fabbricati."
"visura-storica","CZ","CATANZARO","21","209","153","F","","analitica","","","PVP sales 1 (4241059); Storica Analitica visura per immobile - Catasto Fabbricati."
"visura-storica","CZ","CATANZARO","21","209","155","F","","analitica","","","PVP sales 1 (4241059); Storica Analitica visura per immobile - Catasto Fabbricati."
"visura-storica","CZ","CATANZARO","21","209","192","F","","analitica","","","PVP sales 1 (4241059); Storica Analitica visura per immobile - Catasto Fabbricati."
"visura-storica","CZ","CATANZARO","21","209","193","F","","analitica","","","PVP sales 1 (4241059); Storica Analitica visura per immobile - Catasto Fabbricati."
"visura-storica","CZ","CATANZARO","21","33","2","F","","analitica","","","PVP sales 1 (4519001); Storica Analitica visura per immobile - Catasto Fabbricati."
"visura-storica","CZ","CATANZARO","21","474","17","F","","analitica","","","PVP sales 1 (4454136); Storica Analitica visura per immobile - Catasto Fabbricati."
"visura-storica","CZ","CATANZARO","21","474","18","F","","analitica","","","PVP sales 1 (4454149); Storica Analitica visura per immobile - Catasto Fabbricati."
"visura-storica","CZ","CATANZARO","23","416","16","F","","analitica","","","PVP sales 1 (437909); Storica Analitica visura per immobile - Catasto Fabbricati."
"visura-storica","CZ","CATANZARO","24","138","","F","","analitica","","","PVP sales 1 (2144100); Storica Analitica visura per immobile - Catasto Fabbricati."
"visura-storica","CZ","CATANZARO","24","138","","T","","analitica","","","PVP sales 1 (2144100); Storica Analitica visura per immobile - Catasto Terreni."
"visura-storica","CZ","CATANZARO","24","341","1","F","","analitica","","","PVP sales 3 (4376912,4420878,4493815); Storica Analitica visura per immobile - Catasto Fabbricati."
"visura-storica","CZ","CATANZARO","24","464","3","F","","analitica","","","PVP sales 3 (1808452,1929825,4497922); Storica Analitica visura per immobile - Catasto Fabbricati."
"visura-storica","CZ","CATANZARO","24","525","1","F","","analitica","","","PVP sales 2 (4420878,4493815); Storica Analitica visura per immobile - Catasto Fabbricati."
"visura-storica","CZ","CATANZARO","24","525","2","F","","analitica","","","PVP sales 2 (4420878,4493815); Storica Analitica visura per immobile - Catasto Fabbricati."
"visura-storica","CZ","CATANZARO","24","526","3","F","","analitica","","","PVP sales 2 (4420878,4493815); Storica Analitica visura per immobile - Catasto Fabbricati."
"visura-storica","CZ","CATANZARO","24","527","","F","","analitica","","","PVP sales 2 (4420878,4493815); Storica Analitica visura per immobile - Catasto Fabbricati."
"visura-storica","CZ","CATANZARO","24","527","","T","","analitica","","","PVP sales 2 (4420878,4493815); Storica Analitica visura per immobile - Catasto Terreni."
"visura-storica","CZ","CATANZARO","25","292","2","F","","analitica","","","PVP sales 1 (2182832); Storica Analitica visura per immobile - Catasto Fabbricati."
"visura-storica","CZ","CATANZARO","26","847","3","F","","analitica","","","PVP sales 1 (174008); Storica Analitica visura per immobile - Catasto Fabbricati."
"visura-storica","CZ","CATANZARO","27","185","","F","","analitica","","","PVP sales 2 (2050942,4220430); Storica Analitica visura per immobile - Catasto Fabbricati."
"visura-storica","CZ","CATANZARO","27","185","","T","","analitica","","","PVP sales 2 (2050942,4220430); Storica Analitica visura per immobile - Catasto Terreni."
"visura-storica","CZ","CATANZARO","27","194","","F","","analitica","","","PVP sales 2 (2050942,4220430); Storica Analitica visura per immobile - Catasto Fabbricati."
"visura-storica","CZ","CATANZARO","27","194","","T","","analitica","","","PVP sales 2 (2050942,4220430); Storica Analitica visura per immobile - Catasto Terreni."
"visura-storica","CZ","CATANZARO","27","2571","","F","","analitica","","","PVP sales 2 (2050942,4220430); Storica Analitica visura per immobile - Catasto Fabbricati."
"visura-storica","CZ","CATANZARO","27","2571","","T","","analitica","","","PVP sales 2 (2050942,4220430); Storica Analitica visura per immobile - Catasto Terreni."
"visura-storica","CZ","CATANZARO","27","281","","F","","analitica","","","PVP sales 2 (2050942,4220430); Storica Analitica visura per immobile - Catasto Fabbricati."
"visura-storica","CZ","CATANZARO","27","281","","T","","analitica","","","PVP sales 2 (2050942,4220430); Storica Analitica visura per immobile - Catasto Terreni."
"visura-storica","CZ","CATANZARO","27","282","","F","","analitica","","","PVP sales 2 (2050942,4220430); Storica Analitica visura per immobile - Catasto Fabbricati."
"visura-storica","CZ","CATANZARO","27","282","","T","","analitica","","","PVP sales 2 (2050942,4220430); Storica Analitica visura per immobile - Catasto Terreni."
"visura-storica","CZ","CATANZARO","27","283","","F","","analitica","","","PVP sales 2 (2050942,4220430); Storica Analitica visura per immobile - Catasto Fabbricati."
"visura-storica","CZ","CATANZARO","27","283","","T","","analitica","","","PVP sales 2 (2050942,4220430); Storica Analitica visura per immobile - Catasto Terreni."
"visura-storica","CZ","CATANZARO","27","284","","F","","analitica","","","PVP sales 2 (2050942,4220430); Storica Analitica visura per immobile - Catasto Fabbricati."
"visura-storica","CZ","CATANZARO","27","284","","T","","analitica","","","PVP sales 2 (2050942,4220430); Storica Analitica visura per immobile - Catasto Terreni."
"visura-storica","CZ","CATANZARO","27","40","","F","","analitica","","","PVP sales 2 (2050942,4220430); Storica Analitica visura per immobile - Catasto Fabbricati."
"visura-storica","CZ","CATANZARO","27","40","","T","","analitica","","","PVP sales 2 (2050942,4220430); Storica Analitica visura per immobile - Catasto Terreni."
"visura-storica","CZ","CATANZARO","27","414","","F","","analitica","","","PVP sales 2 (2050942,4220430); Storica Analitica visura per immobile - Catasto Fabbricati."
"visura-storica","CZ","CATANZARO","27","414","","T","","analitica","","","PVP sales 2 (2050942,4220430); Storica Analitica visura per immobile - Catasto Terreni."
"visura-storica","CZ","CATANZARO","27","415","","F","","analitica","","","PVP sales 2 (2050942,4220430); Storica Analitica visura per immobile - Catasto Fabbricati."
"visura-storica","CZ","CATANZARO","27","415","","T","","analitica","","","PVP sales 2 (2050942,4220430); Storica Analitica visura per immobile - Catasto Terreni."
"visura-storica","CZ","CATANZARO","27","416","","F","","analitica","","","PVP sales 2 (2050942,4220430); Storica Analitica visura per immobile - Catasto Fabbricati."
"visura-storica","CZ","CATANZARO","27","416","","T","","analitica","","","PVP sales 2 (2050942,4220430); Storica Analitica visura per immobile - Catasto Terreni."
"visura-storica","CZ","CATANZARO","27","417","","F","","analitica","","","PVP sales 2 (2050942,4220430); Storica Analitica visura per immobile - Catasto Fabbricati."
"visura-storica","CZ","CATANZARO","27","417","","T","","analitica","","","PVP sales 2 (2050942,4220430); Storica Analitica visura per immobile - Catasto Terreni."
"visura-storica","CZ","CATANZARO","27","418","","F","","analitica","","","PVP sales 2 (2050942,4220430); Storica Analitica visura per immobile - Catasto Fabbricati."
"visura-storica","CZ","CATANZARO","27","418","","T","","analitica","","","PVP sales 2 (2050942,4220430); Storica Analitica visura per immobile - Catasto Terreni."
"visura-storica","CZ","CATANZARO","27","419","","F","","analitica","","","PVP sales 2 (2050942,4220430); Storica Analitica visura per immobile - Catasto Fabbricati."
"visura-storica","CZ","CATANZARO","27","419","","T","","analitica","","","PVP sales 2 (2050942,4220430); Storica Analitica visura per immobile - Catasto Terreni."
"visura-storica","CZ","CATANZARO","27","420","","F","","analitica","","","PVP sales 2 (2050942,4220430); Storica Analitica visura per immobile - Catasto Fabbricati."
"visura-storica","CZ","CATANZARO","27","420","","T","","analitica","","","PVP sales 2 (2050942,4220430); Storica Analitica visura per immobile - Catasto Terreni."
"visura-storica","CZ","CATANZARO","27","447","","F","","analitica","","","PVP sales 2 (2050942,4220430); Storica Analitica visura per immobile - Catasto Fabbricati."
"visura-storica","CZ","CATANZARO","27","447","","T","","analitica","","","PVP sales 2 (2050942,4220430); Storica Analitica visura per immobile - Catasto Terreni."
"visura-storica","CZ","CATANZARO","27","448","","F","","analitica","","","PVP sales 2 (2050942,4220430); Storica Analitica visura per immobile - Catasto Fabbricati."
"visura-storica","CZ","CATANZARO","27","448","","T","","analitica","","","PVP sales 2 (2050942,4220430); Storica Analitica visura per immobile - Catasto Terreni."
"visura-storica","CZ","CATANZARO","27","45","19","F","","analitica","","","PVP sales 3 (4453330,4490372,4542652); Storica Analitica visura per immobile - Catasto Fabbricati."
"visura-storica","CZ","CATANZARO","27","506","27","F","","analitica","","","PVP sales 2 (2098382,2164073); Storica Analitica visura per immobile - Catasto Fabbricati."
"visura-storica","CZ","CATANZARO","27","592","","F","","analitica","","","PVP sales 2 (2050942,4220430); Storica Analitica visura per immobile - Catasto Fabbricati."
"visura-storica","CZ","CATANZARO","27","592","","T","","analitica","","","PVP sales 2 (2050942,4220430); Storica Analitica visura per immobile - Catasto Terreni."
"visura-storica","CZ","CATANZARO","27","594","","F","","analitica","","","PVP sales 2 (2050942,4220430); Storica Analitica visura per immobile - Catasto Fabbricati."
"visura-storica","CZ","CATANZARO","27","594","","T","","analitica","","","PVP sales 2 (2050942,4220430); Storica Analitica visura per immobile - Catasto Terreni."
"visura-storica","CZ","CATANZARO","27","602","","F","","analitica","","","PVP sales 2 (2050942,4220430); Storica Analitica visura per immobile - Catasto Fabbricati."
"visura-storica","CZ","CATANZARO","27","602","","T","","analitica","","","PVP sales 2 (2050942,4220430); Storica Analitica visura per immobile - Catasto Terreni."
"visura-storica","CZ","CATANZARO","27","603","","F","","analitica","","","PVP sales 2 (2050942,4220430); Storica Analitica visura per immobile - Catasto Fabbricati."
"visura-storica","CZ","CATANZARO","27","603","","T","","analitica","","","PVP sales 2 (2050942,4220430); Storica Analitica visura per immobile - Catasto Terreni."
"visura-storica","CZ","CATANZARO","27","604","","F","","analitica","","","PVP sales 2 (2050942,4220430); Storica Analitica visura per immobile - Catasto Fabbricati."
"visura-storica","CZ","CATANZARO","27","604","","T","","analitica","","","PVP sales 2 (2050942,4220430); Storica Analitica visura per immobile - Catasto Terreni."
"visura-storica","CZ","CATANZARO","27","609","","F","","analitica","","","PVP sales 2 (2050942,4220430); Storica Analitica visura per immobile - Catasto Fabbricati."
"visura-storica","CZ","CATANZARO","27","609","","T","","analitica","","","PVP sales 2 (2050942,4220430); Storica Analitica visura per immobile - Catasto Terreni."
"visura-storica","CZ","CATANZARO","27","613","","F","","analitica","","","PVP sales 2 (2050942,4220430); Storica Analitica visura per immobile - Catasto Fabbricati."
"visura-storica","CZ","CATANZARO","27","613","","T","","analitica","","","PVP sales 2 (2050942,4220430); Storica Analitica visura per immobile - Catasto Terreni."
"visura-storica","CZ","CATANZARO","27","783","","F","","analitica","","","PVP sales 2 (2050942,4220430); Storica Analitica visura per immobile - Catasto Fabbricati."
"visura-storica","CZ","CATANZARO","27","783","","T","","analitica","","","PVP sales 2 (2050942,4220430); Storica Analitica visura per immobile - Catasto Terreni."
"visura-storica","CZ","CATANZARO","27","786","","F","","analitica","","","PVP sales 2 (2050942,4220430); Storica Analitica visura per immobile - Catasto Fabbricati."
"visura-storica","CZ","CATANZARO","27","786","","T","","analitica","","","PVP sales 2 (2050942,4220430); Storica Analitica visura per immobile - Catasto Terreni."
"visura-storica","CZ","CATANZARO","27","789","","F","","analitica","","","PVP sales 2 (2050942,4220430); Storica Analitica visura per immobile - Catasto Fabbricati."
"visura-storica","CZ","CATANZARO","27","789","","T","","analitica","","","PVP sales 2 (2050942,4220430); Storica Analitica visura per immobile - Catasto Terreni."
"visura-storica","CZ","CATANZARO","27","791","","F","","analitica","","","PVP sales 2 (2050942,4220430); Storica Analitica visura per immobile - Catasto Fabbricati."
"visura-storica","CZ","CATANZARO","27","791","","T","","analitica","","","PVP sales 2 (2050942,4220430); Storica Analitica visura per immobile - Catasto Terreni."
"visura-storica","CZ","CATANZARO","27","792","","F","","analitica","","","PVP sales 2 (2050942,4220430); Storica Analitica visura per immobile - Catasto Fabbricati."
"visura-storica","CZ","CATANZARO","27","792","","T","","analitica","","","PVP sales 2 (2050942,4220430); Storica Analitica visura per immobile - Catasto Terreni."
"visura-storica","CZ","CATANZARO","27","793","","F","","analitica","","","PVP sales 2 (2050942,4220430); Storica Analitica visura per immobile - Catasto Fabbricati."
"visura-storica","CZ","CATANZARO","27","793","","T","","analitica","","","PVP sales 2 (2050942,4220430); Storica Analitica visura per immobile - Catasto Terreni."
"visura-storica","CZ","CATANZARO","27","797","","F","","analitica","","","PVP sales 2 (2050942,4220430); Storica Analitica visura per immobile - Catasto Fabbricati."
"visura-storica","CZ","CATANZARO","27","797","","T","","analitica","","","PVP sales 2 (2050942,4220430); Storica Analitica visura per immobile - Catasto Terreni."
"visura-storica","CZ","CATANZARO","27","80","","F","","analitica","","","PVP sales 2 (2050942,4220430); Storica Analitica visura per immobile - Catasto Fabbricati."
"visura-storica","CZ","CATANZARO","27","80","","T","","analitica","","","PVP sales 2 (2050942,4220430); Storica Analitica visura per immobile - Catasto Terreni."
"visura-storica","CZ","CATANZARO","27","81","","F","","analitica","","","PVP sales 2 (2050942,4220430); Storica Analitica visura per immobile - Catasto Fabbricati."
"visura-storica","CZ","CATANZARO","27","81","","T","","analitica","","","PVP sales 2 (2050942,4220430); Storica Analitica visura per immobile - Catasto Terreni."
"visura-storica","CZ","CATANZARO","27","82","","F","","analitica","","","PVP sales 2 (2050942,4220430); Storica Analitica visura per immobile - Catasto Fabbricati."
"visura-storica","CZ","CATANZARO","27","82","","T","","analitica","","","PVP sales 2 (2050942,4220430); Storica Analitica visura per immobile - Catasto Terreni."
"visura-storica","CZ","CATANZARO","27","83","","F","","analitica","","","PVP sales 2 (2050942,4220430); Storica Analitica visura per immobile - Catasto Fabbricati."
"visura-storica","CZ","CATANZARO","27","83","","T","","analitica","","","PVP sales 2 (2050942,4220430); Storica Analitica visura per immobile - Catasto Terreni."
"visura-storica","CZ","CATANZARO","27","84","","F","","analitica","","","PVP sales 2 (2050942,4220430); Storica Analitica visura per immobile - Catasto Fabbricati."
"visura-storica","CZ","CATANZARO","27","84","","T","","analitica","","","PVP sales 2 (2050942,4220430); Storica Analitica visura per immobile - Catasto Terreni."
"visura-storica","CZ","CATANZARO","27","85","","F","","analitica","","","PVP sales 2 (2050942,4220430); Storica Analitica visura per immobile - Catasto Fabbricati."
"visura-storica","CZ","CATANZARO","27","85","","T","","analitica","","","PVP sales 2 (2050942,4220430); Storica Analitica visura per immobile - Catasto Terreni."
"visura-storica","CZ","CATANZARO","27","877","","F","","analitica","","","PVP sales 2 (2050942,4220430); Storica Analitica visura per immobile - Catasto Fabbricati."
"visura-storica","CZ","CATANZARO","27","877","","T","","analitica","","","PVP sales 2 (2050942,4220430); Storica Analitica visura per immobile - Catasto Terreni."
"visura-storica","CZ","CATANZARO","27","93","","F","","analitica","","","PVP sales 2 (2050942,4220430); Storica Analitica visura per immobile - Catasto Fabbricati."
"visura-storica","CZ","CATANZARO","27","93","","T","","analitica","","","PVP sales 2 (2050942,4220430); Storica Analitica visura per immobile - Catasto Terreni."
"visura-storica","CZ","CATANZARO","27","97","","F","","analitica","","","PVP sales 2 (2050942,4220430); Storica Analitica visura per immobile - Catasto Fabbricati."
"visura-storica","CZ","CATANZARO","27","97","","T","","analitica","","","PVP sales 2 (2050942,4220430); Storica Analitica visura per immobile - Catasto Terreni."
"visura-storica","CZ","CATANZARO","27","98","","F","","analitica","","","PVP sales 2 (2050942,4220430); Storica Analitica visura per immobile - Catasto Fabbricati."
"visura-storica","CZ","CATANZARO","27","98","","T","","analitica","","","PVP sales 2 (2050942,4220430); Storica Analitica visura per immobile - Catasto Terreni."
"visura-storica","CZ","CATANZARO","29","133","2","F","","analitica","","","PVP sales 1 (2128998); Storica Analitica visura per immobile - Catasto Fabbricati."
"visura-storica","CZ","CATANZARO","29","134","2","F","","analitica","","","PVP sales 1 (2128998); Storica Analitica visura per immobile - Catasto Fabbricati."
"visura-storica","CZ","CATANZARO","29","19","27","F","","analitica","","","PVP sales 2 (2168829,2258378); Storica Analitica visura per immobile - Catasto Fabbricati."
"visura-storica","CZ","CATANZARO","29","205","7","F","","analitica","","","PVP sales 3 (2128996,2218369,4229634); Storica Analitica visura per immobile - Catasto Fabbricati."
"visura-storica","CZ","CATANZARO","32","222","4","F","","analitica","","","PVP sales 1 (2149350); Storica Analitica visura per immobile - Catasto Fabbricati."
"visura-storica","CZ","CATANZARO","32","554","4","F","","analitica","","","PVP sales 4 (4414346,4462279,4514600,4554161); Storica Analitica visura per immobile - Catasto Fabbricati."
"visura-storica","CZ","CATANZARO","32","580","6","F","","analitica","","","PVP sales 1 (2178249); Storica Analitica visura per immobile - Catasto Fabbricati."
"visura-storica","CZ","CATANZARO","34","203","14","F","","analitica","","","PVP sales 2 (4250979,4394276); Storica Analitica visura per immobile - Catasto Fabbricati."
"visura-storica","CZ","CATANZARO","36","154","","F","","analitica","","","PVP sales 1 (2078014); Storica Analitica visura per immobile - Catasto Fabbricati."
"visura-storica","CZ","CATANZARO","36","154","","T","","analitica","","","PVP sales 1 (2078014); Storica Analitica visura per immobile - Catasto Terreni."
"visura-storica","CZ","CATANZARO","39","210","2","F","","analitica","","","PVP sales 1 (2122303); Storica Analitica visura per immobile - Catasto Fabbricati."
"visura-storica","CZ","CATANZARO","39","214","3","F","","analitica","","","PVP sales 2 (2243437,4225342); Storica Analitica visura per immobile - Catasto Fabbricati."
"visura-storica","CZ","CATANZARO","39","225","1","F","","analitica","","","PVP sales 3 (2110380,4242666,4427713); Storica Analitica visura per immobile - Catasto Fabbricati."
"visura-storica","CZ","CATANZARO","40","261","","F","","analitica","","","PVP sales 1 (4276061); Storica Analitica visura per immobile - Catasto Fabbricati."
"visura-storica","CZ","CATANZARO","40","261","","T","","analitica","","","PVP sales 1 (4276061); Storica Analitica visura per immobile - Catasto Terreni."
"visura-storica","CZ","CATANZARO","41","36","20","F","","analitica","","","PVP sales 1 (4563854); Storica Analitica visura per immobile - Catasto Fabbricati."
"visura-storica","CZ","CATANZARO","41","36","9","F","","analitica","","","PVP sales 1 (4563854); Storica Analitica visura per immobile - Catasto Fabbricati."
"visura-storica","CZ","CATANZARO","41","40","15","F","","analitica","","","PVP sales 1 (640801); Storica Analitica visura per immobile - Catasto Fabbricati."
"visura-storica","CZ","CATANZARO","43","1448","","F","","analitica","","","PVP sales 4 (2173207,4280357,4431036,4536060); Storica Analitica visura per immobile - Catasto Fabbricati."
"visura-storica","CZ","CATANZARO","43","1448","","T","","analitica","","","PVP sales 4 (2173207,4280357,4431036,4536060); Storica Analitica visura per immobile - Catasto Terreni."
"visura-storica","CZ","CATANZARO","43","194","29","F","","analitica","","","PVP sales 3 (2140093,2210728,4518980); Storica Analitica visura per immobile - Catasto Fabbricati."
"visura-storica","CZ","CATANZARO","43","208","3","F","","analitica","","","PVP sales 2 (433850,581631); Storica Analitica visura per immobile - Catasto Fabbricati."
"visura-storica","CZ","CATANZARO","43","2760","","F","","analitica","","","PVP sales 4 (2173211,4280379,4431054,4536083); Storica Analitica visura per immobile - Catasto Fabbricati."
"visura-storica","CZ","CATANZARO","43","2760","","T","","analitica","","","PVP sales 4 (2173211,4280379,4431054,4536083); Storica Analitica visura per immobile - Catasto Terreni."
"visura-storica","CZ","CATANZARO","43","2762","","F","","analitica","","","PVP sales 4 (2173211,4280379,4431054,4536083); Storica Analitica visura per immobile - Catasto Fabbricati."
"visura-storica","CZ","CATANZARO","43","2762","","T","","analitica","","","PVP sales 4 (2173211,4280379,4431054,4536083); Storica Analitica visura per immobile - Catasto Terreni."
"visura-storica","CZ","CATANZARO","43","2764","","F","","analitica","","","PVP sales 4 (2173211,4280379,4431054,4536083); Storica Analitica visura per immobile - Catasto Fabbricati."
"visura-storica","CZ","CATANZARO","43","2764","","T","","analitica","","","PVP sales 4 (2173211,4280379,4431054,4536083); Storica Analitica visura per immobile - Catasto Terreni."
"visura-storica","CZ","CATANZARO","43","2765","","F","","analitica","","","PVP sales 4 (2173211,4280379,4431054,4536083); Storica Analitica visura per immobile - Catasto Fabbricati."
"visura-storica","CZ","CATANZARO","43","2765","","T","","analitica","","","PVP sales 4 (2173211,4280379,4431054,4536083); Storica Analitica visura per immobile - Catasto Terreni."
"visura-storica","CZ","CATANZARO","43","2767","","F","","analitica","","","PVP sales 4 (2173211,4280379,4431054,4536083); Storica Analitica visura per immobile - Catasto Fabbricati."
"visura-storica","CZ","CATANZARO","43","2767","","T","","analitica","","","PVP sales 4 (2173211,4280379,4431054,4536083); Storica Analitica visura per immobile - Catasto Terreni."
"visura-storica","CZ","CATANZARO","43","2768","","F","","analitica","","","PVP sales 4 (2173211,4280379,4431054,4536083); Storica Analitica visura per immobile - Catasto Fabbricati."
"visura-storica","CZ","CATANZARO","43","2768","","T","","analitica","","","PVP sales 4 (2173211,4280379,4431054,4536083); Storica Analitica visura per immobile - Catasto Terreni."
"visura-storica","CZ","CATANZARO","43","310","2","F","","analitica","","","PVP sales 2 (4447599,4493024); Storica Analitica visura per immobile - Catasto Fabbricati."
"visura-storica","CZ","CATANZARO","43","311","8","F","","analitica","","","PVP sales 2 (471663,4221916); Storica Analitica visura per immobile - Catasto Fabbricati."
"visura-storica","CZ","CATANZARO","43","338","19","F","","analitica","","","PVP sales 4 (2108161,2190630,4473055,4527462); Storica Analitica visura per immobile - Catasto Fabbricati."
"visura-storica","CZ","CATANZARO","45","175","51","F","","analitica","","","PVP sales 1 (4212266); Storica Analitica visura per immobile - Catasto Fabbricati."
"visura-storica","CZ","CATANZARO","45","249","2","F","","analitica","","","PVP sales 2 (4477944,4522992); Storica Analitica visura per immobile - Catasto Fabbricati."
"visura-storica","CZ","CATANZARO","45","25","13","F","","analitica","","","PVP sales 1 (1486640); Storica Analitica visura per immobile - Catasto Fabbricati."
"visura-storica","CZ","CATANZARO","45","29","","F","","analitica","","","PVP sales 1 (1098210); Storica Analitica visura per immobile - Catasto Fabbricati."
"visura-storica","CZ","CATANZARO","45","29","","T","","analitica","","","PVP sales 1 (1098210); Storica Analitica visura per immobile - Catasto Terreni."
"visura-storica","CZ","CATANZARO","45","625","","F","","analitica","","","PVP sales 1 (1098215); Storica Analitica visura per immobile - Catasto Fabbricati."
"visura-storica","CZ","CATANZARO","45","625","","T","","analitica","","","PVP sales 1 (1098215); Storica Analitica visura per immobile - Catasto Terreni."
"visura-storica","CZ","CATANZARO","45","646","","F","","analitica","","","PVP sales 1 (1098220); Storica Analitica visura per immobile - Catasto Fabbricati."
"visura-storica","CZ","CATANZARO","45","646","","T","","analitica","","","PVP sales 1 (1098220); Storica Analitica visura per immobile - Catasto Terreni."
"visura-storica","CZ","CATANZARO","47","118","6","F","","analitica","","","PVP sales 3 (4418685,4463667,4500918); Storica Analitica visura per immobile - Catasto Fabbricati."
"visura-storica","CZ","CATANZARO","47","618","19","F","","analitica","","","PVP sales 1 (1196322); Storica Analitica visura per immobile - Catasto Fabbricati."
"visura-storica","CZ","CATANZARO","47","669","5","F","","analitica","","","PVP sales 1 (2173477); Storica Analitica visura per immobile - Catasto Fabbricati."
"visura-storica","CZ","CATANZARO","47","692","5","F","","analitica","","","PVP sales 4 (4422216,4460444,4509244,4555377); Storica Analitica visura per immobile - Catasto Fabbricati."
"visura-storica","CZ","CATANZARO","47","715","1105","F","","analitica","","","PVP sales 2 (4424855,4466031); Storica Analitica visura per immobile - Catasto Fabbricati."
"visura-storica","CZ","CATANZARO","47","898","22","F","","analitica","","","PVP sales 1 (2208089); Storica Analitica visura per immobile - Catasto Fabbricati."
"visura-storica","CZ","CATANZARO","48","1057","7","F","","analitica","","","PVP sales 2 (4441891,4497089); Storica Analitica visura per immobile - Catasto Fabbricati."
"visura-storica","CZ","CATANZARO","48","1061","8","F","","analitica","","","PVP sales 1 (1815214); Storica Analitica visura per immobile - Catasto Fabbricati."
"visura-storica","CZ","CATANZARO","48","1094","11","F","","analitica","","","PVP sales 2 (1687138,4226330); Storica Analitica visura per immobile - Catasto Fabbricati."
"visura-storica","CZ","CATANZARO","48","1123","5","F","","analitica","","","PVP sales 2 (4463664,4500932); Storica Analitica visura per immobile - Catasto Fabbricati."
"visura-storica","CZ","CATANZARO","48","1268","1","F","","analitica","","","PVP sales 1 (2119372); Storica Analitica visura per immobile - Catasto Fabbricati."
"visura-storica","CZ","CATANZARO","48","1328","7","F","","analitica","","","PVP sales 1 (4547794); Storica Analitica visura per immobile - Catasto Fabbricati."
"visura-storica","CZ","CATANZARO","48","1374","5","F","","analitica","","","PVP sales 1 (2139558); Storica Analitica visura per immobile - Catasto Fabbricati."
"visura-storica","CZ","CATANZARO","48","152","5","F","","analitica","","","PVP sales 1 (1687214); Storica Analitica visura per immobile - Catasto Fabbricati."
"visura-storica","CZ","CATANZARO","48","153","12","F","","analitica","","","PVP sales 2 (1527732,1687214); Storica Analitica visura per immobile - Catasto Fabbricati."
"visura-storica","CZ","CATANZARO","48","1677","13","F","","analitica","","","PVP sales 1 (4483681); Storica Analitica visura per immobile - Catasto Fabbricati."
"visura-storica","CZ","CATANZARO","48","1677","14","F","","analitica","","","PVP sales 1 (4483688); Storica Analitica visura per immobile - Catasto Fabbricati."
"visura-storica","CZ","CATANZARO","48","1757","","F","","analitica","","","PVP sales 1 (4276492); Storica Analitica visura per immobile - Catasto Fabbricati."
"visura-storica","CZ","CATANZARO","48","1757","","T","","analitica","","","PVP sales 1 (4276492); Storica Analitica visura per immobile - Catasto Terreni."
"visura-storica","CZ","CATANZARO","48","339","13","F","","analitica","","","PVP sales 2 (2097129,2164087); Storica Analitica visura per immobile - Catasto Fabbricati."
"visura-storica","CZ","CATANZARO","48","658","17","F","","analitica","","","PVP sales 2 (4446642,4489273); Storica Analitica visura per immobile - Catasto Fabbricati."
"visura-storica","CZ","CATANZARO","48","658","39","F","","analitica","","","PVP sales 2 (4446625,4489213); Storica Analitica visura per immobile - Catasto Fabbricati."
"visura-storica","CZ","CATANZARO","48","660","19","F","","analitica","","","PVP sales 2 (4446625,4489213); Storica Analitica visura per immobile - Catasto Fabbricati."
"visura-storica","CZ","CATANZARO","48","660","20","F","","analitica","","","PVP sales 2 (4446643,4489278); Storica Analitica visura per immobile - Catasto Fabbricati."
"visura-storica","CZ","CATANZARO","48","961","","F","","analitica","","","PVP sales 4 (4424069,4458157,4508821,4566790); Storica Analitica visura per immobile - Catasto Fabbricati."
"visura-storica","CZ","CATANZARO","48","961","","T","","analitica","","","PVP sales 4 (4424069,4458157,4508821,4566790); Storica Analitica visura per immobile - Catasto Terreni."
"visura-storica","CZ","CATANZARO","48","961","10","F","","analitica","","","PVP sales 2 (4477959,4522922); Storica Analitica visura per immobile - Catasto Fabbricati."
"visura-storica","CZ","CATANZARO","5","129","2","F","","analitica","","","PVP sales 3 (2133149,2256960,4489659); Storica Analitica visura per immobile - Catasto Fabbricati."
"visura-storica","CZ","CATANZARO","5","51","11","F","","analitica","","","PVP sales 3 (4494850,4516138,4566230); Storica Analitica visura per immobile - Catasto Fabbricati."
"visura-storica","CZ","CATANZARO","5","87","","F","","analitica","","","PVP sales 1 (4519003); Storica Analitica visura per immobile - Catasto Fabbricati."
"visura-storica","CZ","CATANZARO","5","87","","T","","analitica","","","PVP sales 1 (4519003); Storica Analitica visura per immobile - Catasto Terreni."
"visura-storica","CZ","CATANZARO","50","1049","249","F","","analitica","","","PVP sales 3 (4444510,4497839,4539960); Storica Analitica visura per immobile - Catasto Fabbricati."
"visura-storica","CZ","CATANZARO","50","215","1","F","","analitica","","","PVP sales 2 (2087037,4245403); Storica Analitica visura per immobile - Catasto Fabbricati."
"visura-storica","CZ","CATANZARO","50","266","4","F","","analitica","","","PVP sales 3 (4245363,4500796,4536264); Storica Analitica visura per immobile - Catasto Fabbricati."
"visura-storica","CZ","CATANZARO","51","437","6","F","","analitica","","","PVP sales 2 (4406868,4516842); Storica Analitica visura per immobile - Catasto Fabbricati."
"visura-storica","CZ","CATANZARO","51","596","","F","","analitica","","","PVP sales 2 (4245400,4500815); Storica Analitica visura per immobile - Catasto Fabbricati."
"visura-storica","CZ","CATANZARO","51","596","","T","","analitica","","","PVP sales 2 (4245400,4500815); Storica Analitica visura per immobile - Catasto Terreni."
"visura-storica","CZ","CATANZARO","51","597","","F","","analitica","","","PVP sales 2 (4245400,4500815); Storica Analitica visura per immobile - Catasto Fabbricati."
"visura-storica","CZ","CATANZARO","51","597","","T","","analitica","","","PVP sales 2 (4245400,4500815); Storica Analitica visura per immobile - Catasto Terreni."
"visura-storica","CZ","CATANZARO","56","149","9","F","","analitica","","","PVP sales 6 (2138814,2218248,4234508,4284911,4416520 +1 more); Storica Analitica visura per immobile - Catasto Fabbricati."
"visura-storica","CZ","CATANZARO","56","184","6","F","","analitica","","","PVP sales 2 (4423774,4489452); Storica Analitica visura per immobile - Catasto Fabbricati."
"visura-storica","CZ","CATANZARO","56","287","2","F","","analitica","","","PVP sales 3 (4221065,4430746,4506850); Storica Analitica visura per immobile - Catasto Fabbricati."
"visura-storica","CZ","CATANZARO","56","387","","F","","analitica","","","PVP sales 1 (2101350); Storica Analitica visura per immobile - Catasto Fabbricati."
"visura-storica","CZ","CATANZARO","56","387","","T","","analitica","","","PVP sales 1 (2101350); Storica Analitica visura per immobile - Catasto Terreni."
"visura-storica","CZ","CATANZARO","56","397","","F","","analitica","","","PVP sales 1 (838086); Storica Analitica visura per immobile - Catasto Fabbricati."
"visura-storica","CZ","CATANZARO","56","397","","T","","analitica","","","PVP sales 1 (838086); Storica Analitica visura per immobile - Catasto Terreni."
"visura-storica","CZ","CATANZARO","56","462","1","F","","analitica","","","PVP sales 3 (2110605,2182285,4211988); Storica Analitica visura per immobile - Catasto Fabbricati."
"visura-storica","CZ","CATANZARO","56","466","25","F","","analitica","","","PVP sales 2 (4497805,4548022); Storica Analitica visura per immobile - Catasto Fabbricati."
"visura-storica","CZ","CATANZARO","56","467","17","F","","analitica","","","PVP sales 2 (2105486,2158477); Storica Analitica visura per immobile - Catasto Fabbricati."
"visura-storica","CZ","CATANZARO","57","144","4","F","","analitica","","","PVP sales 1 (2222136); Storica Analitica visura per immobile - Catasto Fabbricati."
"visura-storica","CZ","CATANZARO","57","160","10","F","","analitica","","","PVP sales 2 (495872,1486757); Storica Analitica visura per immobile - Catasto Fabbricati."
"visura-storica","CZ","CATANZARO","57","160","15","F","","analitica","","","PVP sales 2 (497828,1486802); Storica Analitica visura per immobile - Catasto Fabbricati."
"visura-storica","CZ","CATANZARO","57","310","16","F","","analitica","","","PVP sales 1 (2103195); Storica Analitica visura per immobile - Catasto Fabbricati."
"visura-storica","CZ","CATANZARO","6","731","","F","","analitica","","","PVP sales 1 (1687100); Storica Analitica visura per immobile - Catasto Fabbricati."
"visura-storica","CZ","CATANZARO","6","731","","T","","analitica","","","PVP sales 1 (1687100); Storica Analitica visura per immobile - Catasto Terreni."
"visura-storica","CZ","CATANZARO","60","107","8","F","","analitica","","","PVP sales 3 (4418748,4473805,4520610); Storica Analitica visura per immobile - Catasto Fabbricati."
"visura-storica","CZ","CATANZARO","60","137","2","F","","analitica","","","PVP sales 1 (4216415); Storica Analitica visura per immobile - Catasto Fabbricati."
"visura-storica","CZ","CATANZARO","60","143","8","F","","analitica","","","PVP sales 2 (4444515,4497800); Storica Analitica visura per immobile - Catasto Fabbricati."
"visura-storica","CZ","CATANZARO","60","843","1","F","","analitica","","","PVP sales 1 (530462); Storica Analitica visura per immobile - Catasto Fabbricati."
"visura-storica","CZ","CATANZARO","61","11","4","F","","analitica","","","PVP sales 2 (2177522,4283836); Storica Analitica visura per immobile - Catasto Fabbricati."
"visura-storica","CZ","CATANZARO","61","316","3","F","","analitica","","","PVP sales 1 (4387359); Storica Analitica visura per immobile - Catasto Fabbricati."
"visura-storica","CZ","CATANZARO","61","78","16","F","","analitica","","","PVP sales 4 (4413394,4450981,4491750,4526607); Storica Analitica visura per immobile - Catasto Fabbricati."
"visura-storica","CZ","CATANZARO","64","10","150","F","","analitica","","","PVP sales 1 (2242071); Storica Analitica visura per immobile - Catasto Fabbricati."
"visura-storica","CZ","CATANZARO","64","105","36","F","","analitica","","","PVP sales 3 (2121483,2187603,4230308); Storica Analitica visura per immobile - Catasto Fabbricati."
"visura-storica","CZ","CATANZARO","64","1108","1","F","","analitica","","","PVP sales 1 (1553641); Storica Analitica visura per immobile - Catasto Fabbricati."
"visura-storica","CZ","CATANZARO","64","1127","1","F","","analitica","","","PVP sales 1 (1553641); Storica Analitica visura per immobile - Catasto Fabbricati."
"visura-storica","CZ","CATANZARO","64","148","","F","","analitica","","","PVP sales 2 (4220071,4259656); Storica Analitica visura per immobile - Catasto Fabbricati."
"visura-storica","CZ","CATANZARO","64","148","","T","","analitica","","","PVP sales 2 (4220071,4259656); Storica Analitica visura per immobile - Catasto Terreni."
"visura-storica","CZ","CATANZARO","64","329","126","F","","analitica","","","PVP sales 2 (4242010,4436774); Storica Analitica visura per immobile - Catasto Fabbricati."
"visura-storica","CZ","CATANZARO","64","333","1101","F","","analitica","","","PVP sales 4 (2091557,4466345,4508844,4557264); Storica Analitica visura per immobile - Catasto Fabbricati."
"visura-storica","CZ","CATANZARO","64","525","","F","","analitica","","","PVP sales 1 (4436377); Storica Analitica visura per immobile - Catasto Fabbricati."
"visura-storica","CZ","CATANZARO","64","525","","T","","analitica","","","PVP sales 1 (4436377); Storica Analitica visura per immobile - Catasto Terreni."
"visura-storica","CZ","CATANZARO","64","527","","F","","analitica","","","PVP sales 1 (4436377); Storica Analitica visura per immobile - Catasto Fabbricati."
"visura-storica","CZ","CATANZARO","64","527","","T","","analitica","","","PVP sales 1 (4436377); Storica Analitica visura per immobile - Catasto Terreni."
"visura-storica","CZ","CATANZARO","64","992","","F","","analitica","","","PVP sales 1 (1553641); Storica Analitica visura per immobile - Catasto Fabbricati."
"visura-storica","CZ","CATANZARO","64","992","","T","","analitica","","","PVP sales 1 (1553641); Storica Analitica visura per immobile - Catasto Terreni."
"visura-storica","CZ","CATANZARO","64","994","","F","","analitica","","","PVP sales 1 (1553641); Storica Analitica visura per immobile - Catasto Fabbricati."
"visura-storica","CZ","CATANZARO","64","994","","T","","analitica","","","PVP sales 1 (1553641); Storica Analitica visura per immobile - Catasto Terreni."
"visura-storica","CZ","CATANZARO","64","996","","F","","analitica","","","PVP sales 1 (1553641); Storica Analitica visura per immobile - Catasto Fabbricati."
"visura-storica","CZ","CATANZARO","64","996","","T","","analitica","","","PVP sales 1 (1553641); Storica Analitica visura per immobile - Catasto Terreni."
"visura-storica","CZ","CATANZARO","65","104","6","F","","analitica","","","PVP sales 3 (4409776,4466693,4527222); Storica Analitica visura per immobile - Catasto Fabbricati."
"visura-storica","CZ","CATANZARO","65","248","1105","F","","analitica","","","PVP sales 3 (4442052,4497209,4538257); Storica Analitica visura per immobile - Catasto Fabbricati."
"visura-storica","CZ","CATANZARO","65","248","4","F","","analitica","","","PVP sales 3 (4442074,4497275,4538291); Storica Analitica visura per immobile - Catasto Fabbricati."
"visura-storica","CZ","CATANZARO","65","659","","F","","analitica","","","PVP sales 1 (4458636); Storica Analitica visura per immobile - Catasto Fabbricati."
"visura-storica","CZ","CATANZARO","65","659","","T","","analitica","","","PVP sales 1 (4458636); Storica Analitica visura per immobile - Catasto Terreni."
"visura-storica","CZ","CATANZARO","65","744","1","F","","analitica","","","PVP sales 3 (4442074,4497275,4538291); Storica Analitica visura per immobile - Catasto Fabbricati."
"visura-storica","CZ","CATANZARO","65","744","2","F","","analitica","","","PVP sales 3 (4442074,4497275,4538291); Storica Analitica visura per immobile - Catasto Fabbricati."
"visura-storica","CZ","CATANZARO","66","291","","F","","analitica","","","PVP sales 1 (1687113); Storica Analitica visura per immobile - Catasto Fabbricati."
"visura-storica","CZ","CATANZARO","66","291","","T","","analitica","","","PVP sales 1 (1687113); Storica Analitica visura per immobile - Catasto Terreni."
"visura-storica","CZ","CATANZARO","66","573","2","F","","analitica","","","PVP sales 1 (2045331); Storica Analitica visura per immobile - Catasto Fabbricati."
"visura-storica","CZ","CATANZARO","66","574","","F","","analitica","","","PVP sales 1 (2045331); Storica Analitica visura per immobile - Catasto Fabbricati."
"visura-storica","CZ","CATANZARO","66","574","","T","","analitica","","","PVP sales 1 (2045331); Storica Analitica visura per immobile - Catasto Terreni."
"visura-storica","CZ","CATANZARO","69","165","","F","","analitica","","","PVP sales 1 (4273940); Storica Analitica visura per immobile - Catasto Fabbricati."
"visura-storica","CZ","CATANZARO","69","165","","T","","analitica","","","PVP sales 1 (4273940); Storica Analitica visura per immobile - Catasto Terreni."
"visura-storica","CZ","CATANZARO","69","165","1","F","","analitica","","","PVP sales 1 (4467394); Storica Analitica visura per immobile - Catasto Fabbricati."
"visura-storica","CZ","CATANZARO","69","165","1102","F","","analitica","","","PVP sales 1 (4467394); Storica Analitica visura per immobile - Catasto Fabbricati."
"visura-storica","CZ","CATANZARO","69","165","1103","F","","analitica","","","PVP sales 1 (4467394); Storica Analitica visura per immobile - Catasto Fabbricati."
"visura-storica","CZ","CATANZARO","69","165","1104","F","","analitica","","","PVP sales 1 (4467394); Storica Analitica visura per immobile - Catasto Fabbricati."
"visura-storica","CZ","CATANZARO","69","165","1105","F","","analitica","","","PVP sales 1 (4467394); Storica Analitica visura per immobile - Catasto Fabbricati."
"visura-storica","CZ","CATANZARO","69","165","1106","F","","analitica","","","PVP sales 1 (4467394); Storica Analitica visura per immobile - Catasto Fabbricati."
"visura-storica","CZ","CATANZARO","69","165","1107","F","","analitica","","","PVP sales 1 (4467394); Storica Analitica visura per immobile - Catasto Fabbricati."
"visura-storica","CZ","CATANZARO","69","206","","F","","analitica","","","PVP sales 1 (2142655); Storica Analitica visura per immobile - Catasto Fabbricati."
"visura-storica","CZ","CATANZARO","69","206","","T","","analitica","","","PVP sales 1 (2142655); Storica Analitica visura per immobile - Catasto Terreni."
"visura-storica","CZ","CATANZARO","69","209","2","F","","analitica","","","PVP sales 1 (2142596); Storica Analitica visura per immobile - Catasto Fabbricati."
"visura-storica","CZ","CATANZARO","69","209","3","F","","analitica","","","PVP sales 1 (2142596); Storica Analitica visura per immobile - Catasto Fabbricati."
"visura-storica","CZ","CATANZARO","69","361","12","F","","analitica","","","PVP sales 4 (774202,1535292,4415707,4451405); Storica Analitica visura per immobile - Catasto Fabbricati."
"visura-storica","CZ","CATANZARO","69","361","25","F","","analitica","","","PVP sales 4 (774202,1535292,4415707,4451405); Storica Analitica visura per immobile - Catasto Fabbricati."
"visura-storica","CZ","CATANZARO","69","619","","F","","analitica","","","PVP sales 1 (2142599); Storica Analitica visura per immobile - Catasto Fabbricati."
"visura-storica","CZ","CATANZARO","69","619","","T","","analitica","","","PVP sales 1 (2142599); Storica Analitica visura per immobile - Catasto Terreni."
"visura-storica","CZ","CATANZARO","69","84","","F","","analitica","","","PVP sales 1 (2142655); Storica Analitica visura per immobile - Catasto Fabbricati."
"visura-storica","CZ","CATANZARO","69","84","","T","","analitica","","","PVP sales 1 (2142655); Storica Analitica visura per immobile - Catasto Terreni."
"visura-storica","CZ","CATANZARO","69","843","","F","","analitica","","","PVP sales 1 (4218429); Storica Analitica visura per immobile - Catasto Fabbricati."
"visura-storica","CZ","CATANZARO","69","843","","T","","analitica","","","PVP sales 1 (4218429); Storica Analitica visura per immobile - Catasto Terreni."
"visura-storica","CZ","CATANZARO","69","843","82","F","","analitica","","","PVP sales 2 (4446839,4553772); Storica Analitica visura per immobile - Catasto Fabbricati."
"visura-storica","CZ","CATANZARO","69","898","63","F","","analitica","","","PVP sales 5 (4388541,4428377,4467740,4500321,4548978); Storica Analitica visura per immobile - Catasto Fabbricati."
"visura-storica","CZ","CATANZARO","7","1219","5","F","","analitica","","","PVP sales 1 (4451481); Storica Analitica visura per immobile - Catasto Fabbricati."
"visura-storica","CZ","CATANZARO","70","183","3","F","","analitica","","","PVP sales 1 (4541339); Storica Analitica visura per immobile - Catasto Fabbricati."
"visura-storica","CZ","CATANZARO","70","312","4","F","","analitica","","","PVP sales 3 (4248814,4367691,4446797); Storica Analitica visura per immobile - Catasto Fabbricati."
"visura-storica","CZ","CATANZARO","71","1003","3","F","","analitica","","","PVP sales 1 (4569412); Storica Analitica visura per immobile - Catasto Fabbricati."
"visura-storica","CZ","CATANZARO","71","264","2","F","","analitica","","","PVP sales 2 (4497345,4534649); Storica Analitica visura per immobile - Catasto Fabbricati."
"visura-storica","CZ","CATANZARO","73","131","8","F","","analitica","","","PVP sales 5 (2256864,4258428,4400562,4477886,4546038); Storica Analitica visura per immobile - Catasto Fabbricati."
"visura-storica","CZ","CATANZARO","73","181","10","F","","analitica","","","PVP sales 2 (2069126,2142701); Storica Analitica visura per immobile - Catasto Fabbricati."
"visura-storica","CZ","CATANZARO","73","181","6","F","","analitica","","","PVP sales 2 (2069126,2142701); Storica Analitica visura per immobile - Catasto Fabbricati."
"visura-storica","CZ","CATANZARO","73","283","8","F","","analitica","","","PVP sales 2 (2130484,4242400); Storica Analitica visura per immobile - Catasto Fabbricati."
"visura-storica","CZ","CATANZARO","73","366","12","F","","analitica","","","PVP sales 3 (4265388,4451018,4502772); Storica Analitica visura per immobile - Catasto Fabbricati."
"visura-storica","CZ","CATANZARO","73","366","17","F","","analitica","","","PVP sales 1 (4265414); Storica Analitica visura per immobile - Catasto Fabbricati."
"visura-storica","CZ","CATANZARO","73","366","27","F","","analitica","","","PVP sales 1 (4451035); Storica Analitica visura per immobile - Catasto Fabbricati."
"visura-storica","CZ","CATANZARO","73","573","31","F","","analitica","","","PVP sales 1 (4233818); Storica Analitica visura per immobile - Catasto Fabbricati."
"visura-storica","CZ","CATANZARO","73","867","","F","","analitica","","","PVP sales 1 (4218879); Storica Analitica visura per immobile - Catasto Fabbricati."
"visura-storica","CZ","CATANZARO","73","867","","T","","analitica","","","PVP sales 1 (4218879); Storica Analitica visura per immobile - Catasto Terreni."
"visura-storica","CZ","CATANZARO","74","151","23","F","","analitica","","","PVP sales 4 (2249137,4270000,4456240,4536376); Storica Analitica visura per immobile - Catasto Fabbricati."
"visura-storica","CZ","CATANZARO","74","162","4","F","","analitica","","","PVP sales 2 (4427288,4475178); Storica Analitica visura per immobile - Catasto Fabbricati."
"visura-storica","CZ","CATANZARO","74","271","3","F","","analitica","","","PVP sales 1 (2210230); Storica Analitica visura per immobile - Catasto Fabbricati."
"visura-storica","CZ","CATANZARO","74","271","7","F","","analitica","","","PVP sales 1 (2210234); Storica Analitica visura per immobile - Catasto Fabbricati."
"visura-storica","CZ","CATANZARO","74","311","16","F","","analitica","","","PVP sales 1 (4246200); Storica Analitica visura per immobile - Catasto Fabbricati."
"visura-storica","CZ","CATANZARO","74","311","21","F","","analitica","","","PVP sales 1 (4443497); Storica Analitica visura per immobile - Catasto Fabbricati."
"visura-storica","CZ","CATANZARO","74","565","12","F","","analitica","","","PVP sales 3 (1662326,1848976,1931606); Storica Analitica visura per immobile - Catasto Fabbricati."
"visura-storica","CZ","CATANZARO","74","689","12","F","","analitica","","","PVP sales 1 (4520965); Storica Analitica visura per immobile - Catasto Fabbricati."
"visura-storica","CZ","CATANZARO","75","283","5","F","","analitica","","","PVP sales 3 (1976332,2130491,4242424); Storica Analitica visura per immobile - Catasto Fabbricati."
"visura-storica","CZ","CATANZARO","79","240","12","F","","analitica","","","PVP sales 4 (4403944,4469331,4523625,4568994); Storica Analitica visura per immobile - Catasto Fabbricati."
"visura-storica","CZ","CATANZARO","79","34","3","F","","analitica","","","PVP sales 1 (2092240); Storica Analitica visura per immobile - Catasto Fabbricati."
"visura-storica","CZ","CATANZARO","79","439","7","F","","analitica","","","PVP sales 3 (4423115,4466030,4516702); Storica Analitica visura per immobile - Catasto Fabbricati."
"visura-storica","CZ","CATANZARO","79","476","5","F","","analitica","","","PVP sales 3 (2132729,4231503,4458053); Storica Analitica visura per immobile - Catasto Fabbricati."
"visura-storica","CZ","CATANZARO","79","660","11","F","","analitica","","","PVP sales 1 (1691033); Storica Analitica visura per immobile - Catasto Fabbricati."
"visura-storica","CZ","CATANZARO","79","660","23","F","","analitica","","","PVP sales 1 (1691037); Storica Analitica visura per immobile - Catasto Fabbricati."
"visura-storica","CZ","CATANZARO","79","660","24","F","","analitica","","","PVP sales 1 (1691040); Storica Analitica visura per immobile - Catasto Fabbricati."
"visura-storica","CZ","CATANZARO","79","660","8","F","","analitica","","","PVP sales 1 (1691026); Storica Analitica visura per immobile - Catasto Fabbricati."
"visura-storica","CZ","CATANZARO","79","676","10","F","","analitica","","","PVP sales 3 (4444241,4506942,4550967); Storica Analitica visura per immobile - Catasto Fabbricati."
"visura-storica","CZ","CATANZARO","80","14","3","F","","analitica","","","PVP sales 1 (394423); Storica Analitica visura per immobile - Catasto Fabbricati."
"visura-storica","CZ","CATANZARO","80","14","4","F","","analitica","","","PVP sales 1 (394423); Storica Analitica visura per immobile - Catasto Fabbricati."
"visura-storica","CZ","CATANZARO","80","14","5","F","","analitica","","","PVP sales 1 (394423); Storica Analitica visura per immobile - Catasto Fabbricati."
"visura-storica","CZ","CATANZARO","82","14","1102","F","","analitica","","","PVP sales 2 (4411676,4475006); Storica Analitica visura per immobile - Catasto Fabbricati."
"visura-storica","CZ","CATANZARO","82","14","1105","F","","analitica","","","PVP sales 2 (4411676,4475006); Storica Analitica visura per immobile - Catasto Fabbricati."
"visura-storica","CZ","CATANZARO","82","92","5","F","","analitica","","","PVP sales 1 (2095641); Storica Analitica visura per immobile - Catasto Fabbricati."
"visura-storica","CZ","CATANZARO","82","92","6","F","","analitica","","","PVP sales 1 (2095641); Storica Analitica visura per immobile - Catasto Fabbricati."
"visura-storica","CZ","CATANZARO","82","92","7","F","","analitica","","","PVP sales 1 (2095641); Storica Analitica visura per immobile - Catasto Fabbricati."
"visura-storica","CZ","CATANZARO","83","15","","F","","analitica","","","PVP sales 6 (2128997,2218373,4229631,4442816,4500420 +1 more); Storica Analitica visura per immobile - Catasto Fabbricati."
"visura-storica","CZ","CATANZARO","83","15","","T","","analitica","","","PVP sales 6 (2128997,2218373,4229631,4442816,4500420 +1 more); Storica Analitica visura per immobile - Catasto Terreni."
"visura-storica","CZ","CATANZARO","83","1784","","F","","analitica","","","PVP sales 6 (2128997,2218373,4229631,4442816,4500420 +1 more); Storica Analitica visura per immobile - Catasto Fabbricati."
"visura-storica","CZ","CATANZARO","83","1784","","T","","analitica","","","PVP sales 6 (2128997,2218373,4229631,4442816,4500420 +1 more); Storica Analitica visura per immobile - Catasto Terreni."
"visura-storica","CZ","CATANZARO","83","1815","3","F","","analitica","","","PVP sales 2 (4432341,4541082); Storica Analitica visura per immobile - Catasto Fabbricati."
"visura-storica","CZ","CATANZARO","83","234","","F","","analitica","","","PVP sales 2 (4411677,4475011); Storica Analitica visura per immobile - Catasto Fabbricati."
"visura-storica","CZ","CATANZARO","83","234","","T","","analitica","","","PVP sales 2 (4411677,4475011); Storica Analitica visura per immobile - Catasto Terreni."
"visura-storica","CZ","CATANZARO","83","710","","F","","analitica","","","PVP sales 1 (1670261); Storica Analitica visura per immobile - Catasto Fabbricati."
"visura-storica","CZ","CATANZARO","83","710","","T","","analitica","","","PVP sales 1 (1670261); Storica Analitica visura per immobile - Catasto Terreni."
"visura-storica","CZ","CATANZARO","83","712","","F","","analitica","","","PVP sales 1 (1670261); Storica Analitica visura per immobile - Catasto Fabbricati."
"visura-storica","CZ","CATANZARO","83","712","","T","","analitica","","","PVP sales 1 (1670261); Storica Analitica visura per immobile - Catasto Terreni."
"visura-storica","CZ","CATANZARO","83","942","","F","","analitica","","","PVP sales 3 (4411678,4475023,4539857); Storica Analitica visura per immobile - Catasto Fabbricati."
"visura-storica","CZ","CATANZARO","83","942","","T","","analitica","","","PVP sales 3 (4411678,4475023,4539857); Storica Analitica visura per immobile - Catasto Terreni."
"visura-storica","CZ","CATANZARO","86","1091","162","F","","analitica","","","PVP sales 1 (2096301); Storica Analitica visura per immobile - Catasto Fabbricati."
"visura-storica","CZ","CATANZARO","86","1091","72","F","","analitica","","","PVP sales 1 (2096301); Storica Analitica visura per immobile - Catasto Fabbricati."
"visura-storica","CZ","CATANZARO","86","1338","21","F","","analitica","","","PVP sales 1 (4532802); Storica Analitica visura per immobile - Catasto Fabbricati."
"visura-storica","CZ","CATANZARO","86","20","","F","","analitica","","","PVP sales 1 (1656918); Storica Analitica visura per immobile - Catasto Fabbricati."
"visura-storica","CZ","CATANZARO","86","20","","T","","analitica","","","PVP sales 1 (1656918); Storica Analitica visura per immobile - Catasto Terreni."
"visura-storica","CZ","CATANZARO","86","256","2","F","","analitica","","","PVP sales 1 (1819954); Storica Analitica visura per immobile - Catasto Fabbricati."
"visura-storica","CZ","CATANZARO","86","416","1101","F","","analitica","","","PVP sales 2 (294547,2075211); Storica Analitica visura per immobile - Catasto Fabbricati."
"visura-storica","CZ","CATANZARO","86","545","","F","","analitica","","","PVP sales 1 (436238); Storica Analitica visura per immobile - Catasto Fabbricati."
"visura-storica","CZ","CATANZARO","86","545","","T","","analitica","","","PVP sales 1 (436238); Storica Analitica visura per immobile - Catasto Terreni."
"visura-storica","CZ","CATANZARO","86","545","21","F","","analitica","","","PVP sales 1 (436352); Storica Analitica visura per immobile - Catasto Fabbricati."
"visura-storica","CZ","CATANZARO","87","121","8","F","","analitica","","","PVP sales 2 (4448744,4552750); Storica Analitica visura per immobile - Catasto Fabbricati."
"visura-storica","CZ","CATANZARO","89","149","28","F","","analitica","","","PVP sales 1 (4255844); Storica Analitica visura per immobile - Catasto Fabbricati."
"visura-storica","CZ","CATANZARO","89","284","16","F","","analitica","","","PVP sales 1 (448943); Storica Analitica visura per immobile - Catasto Fabbricati."
"visura-storica","CZ","CATANZARO","90","1453","","F","","analitica","","","PVP sales 1 (2113894); Storica Analitica visura per immobile - Catasto Fabbricati."
"visura-storica","CZ","CATANZARO","90","1453","","T","","analitica","","","PVP sales 1 (2113894); Storica Analitica visura per immobile - Catasto Terreni."
"visura-storica","CZ","CATANZARO","90","272","10","F","","analitica","","","PVP sales 1 (4526807); Storica Analitica visura per immobile - Catasto Fabbricati."
"visura-storica","CZ","CATANZARO","92","496","4","F","","analitica","","","PVP sales 1 (4518561); Storica Analitica visura per immobile - Catasto Fabbricati."
"visura-storica","CZ","CATANZARO","92","496","5","F","","analitica","","","PVP sales 1 (4518561); Storica Analitica visura per immobile - Catasto Fabbricati."
"visura-storica","CZ","CATANZARO","93","1048","11","F","","analitica","","","PVP sales 2 (2185892,4229777); Storica Analitica visura per immobile - Catasto Fabbricati."
"visura-storica","CZ","CATANZARO","93","1048","12","F","","analitica","","","PVP sales 2 (2185893,4229779); Storica Analitica visura per immobile - Catasto Fabbricati."
"visura-storica","CZ","CATANZARO","93","1048","17","F","","analitica","","","PVP sales 2 (2185895,4229782); Storica Analitica visura per immobile - Catasto Fabbricati."
"visura-storica","CZ","CATANZARO","93","1048","9","F","","analitica","","","PVP sales 2 (2185891,4229775); Storica Analitica visura per immobile - Catasto Fabbricati."
"visura-storica","CZ","CATANZARO","93","729","1105","F","","analitica","","","PVP sales 1 (733801); Storica Analitica visura per immobile - Catasto Fabbricati."
"visura-storica","CZ","CATANZARO","95","222","4","F","","analitica","","","PVP sales 1 (2097291); Storica Analitica visura per immobile - Catasto Fabbricati."
"visura-storica","CZ","CATANZARO","95","717","6","F","","analitica","","","PVP sales 1 (1550660); Storica Analitica visura per immobile - Catasto Fabbricati."
"visura-storica","CZ","CATANZARO","95","960","1","F","","analitica","","","PVP sales 1 (4278461); Storica Analitica visura per immobile - Catasto Fabbricati."
"visura-storica","CZ","CATANZARO","95","960","17","F","","analitica","","","PVP sales 1 (4278409); Storica Analitica visura per immobile - Catasto Fabbricati."
"visura-storica","CZ","CATANZARO","95","960","5","F","","analitica","","","PVP sales 1 (4278432); Storica Analitica visura per immobile - Catasto Fabbricati."
"visura-storica","CZ","CATANZARO","96","1035","6","F","","analitica","","","PVP sales 1 (1663240); Storica Analitica visura per immobile - Catasto Fabbricati."
"visura-storica","CZ","CATANZARO","96","1035","7","F","","analitica","","","PVP sales 1 (1663234); Storica Analitica visura per immobile - Catasto Fabbricati."
"visura-storica","CZ","CATANZARO","97","406","","F","","analitica","","","PVP sales 1 (352535); Storica Analitica visura per immobile - Catasto Fabbricati."
"visura-storica","CZ","CATANZARO","97","406","","T","","analitica","","","PVP sales 1 (352535); Storica Analitica visura per immobile - Catasto Terreni."
"visura-storica","CZ","CATANZARO","97","408","","F","","analitica","","","PVP sales 1 (352535); Storica Analitica visura per immobile - Catasto Fabbricati."
"visura-storica","CZ","CATANZARO","97","408","","T","","analitica","","","PVP sales 1 (352535); Storica Analitica visura per immobile - Catasto Terreni."
"visura-storica","CZ","CATANZARO","97","420","","F","","analitica","","","PVP sales 1 (352535); Storica Analitica visura per immobile - Catasto Fabbricati."
"visura-storica","CZ","CATANZARO","97","420","","T","","analitica","","","PVP sales 1 (352535); Storica Analitica visura per immobile - Catasto Terreni."
"visura-storica","CZ","CATANZARO","98","1016","29","F","","analitica","","","PVP sales 2 (2133504,4406842); Storica Analitica visura per immobile - Catasto Fabbricati."
"visura-storica","CZ","CATANZARO","98","1036","15","F","","analitica","","","PVP sales 1 (416248); Storica Analitica visura per immobile - Catasto Fabbricati."
"visura-storica","CZ","CATANZARO","98","1036","23","F","","analitica","","","PVP sales 1 (416248); Storica Analitica visura per immobile - Catasto Fabbricati."
"visura-storica","CZ","CATANZARO","98","1036","24","F","","analitica","","","PVP sales 1 (416337); Storica Analitica visura per immobile - Catasto Fabbricati."
"visura-storica","CZ","CATANZARO","98","1036","50","F","","analitica","","","PVP sales 1 (416337); Storica Analitica visura per immobile - Catasto Fabbricati."
"visura-storica","CZ","CATANZARO","98","1056","3","F","","analitica","","","PVP sales 3 (2097532,2164315,4261185); Storica Analitica visura per immobile - Catasto Fabbricati."
"visura-storica","CZ","CATANZARO","98","227","14","F","","analitica","","","PVP sales 1 (4425534); Storica Analitica visura per immobile - Catasto Fabbricati."
"visura-storica","CZ","CATANZARO","99","218","22","F","","analitica","","","PVP sales 1 (4224333); Storica Analitica visura per immobile - Catasto Fabbricati."
"visura-storica","CZ","CENADI","13","33","2","F","","analitica","","","PVP sales 1 (4465066); Storica Analitica visura per immobile - Catasto Fabbricati."
"visura-storica","CZ","CENADI","13","34","","F","","analitica","","","PVP sales 1 (4465066); Storica Analitica visura per immobile - Catasto Fabbricati."
"visura-storica","CZ","CENADI","13","34","","T","","analitica","","","PVP sales 1 (4465066); Storica Analitica visura per immobile - Catasto Terreni."
"visura-storica","CZ","CENTRACHE","8","285","1","F","","analitica","","","PVP sales 4 (4426426,4460057,4506478,4565514); Storica Analitica visura per immobile - Catasto Fabbricati."
"visura-storica","CZ","CENTRACHE","8","285","2","F","","analitica","","","PVP sales 4 (4426426,4460057,4506478,4565514); Storica Analitica visura per immobile - Catasto Fabbricati."
"visura-storica","CZ","CENTRACHE","8","286","","F","","analitica","","","PVP sales 4 (4426426,4460057,4506478,4565514); Storica Analitica visura per immobile - Catasto Fabbricati."
"visura-storica","CZ","CENTRACHE","8","286","","T","","analitica","","","PVP sales 4 (4426426,4460057,4506478,4565514); Storica Analitica visura per immobile - Catasto Terreni."
"visura-storica","CZ","CHIARAVALLE CENTRALE","18","21","","F","","analitica","","","PVP sales 1 (925239); Storica Analitica visura per immobile - Catasto Fabbricati."
"visura-storica","CZ","CHIARAVALLE CENTRALE","18","21","","T","","analitica","","","PVP sales 1 (925239); Storica Analitica visura per immobile - Catasto Terreni."
"visura-storica","CZ","CHIARAVALLE CENTRALE","18","22","","F","","analitica","","","PVP sales 1 (925239); Storica Analitica visura per immobile - Catasto Fabbricati."
"visura-storica","CZ","CHIARAVALLE CENTRALE","18","22","","T","","analitica","","","PVP sales 1 (925239); Storica Analitica visura per immobile - Catasto Terreni."
"visura-storica","CZ","CHIARAVALLE CENTRALE","18","227","","F","","analitica","","","PVP sales 1 (925232); Storica Analitica visura per immobile - Catasto Fabbricati."
"visura-storica","CZ","CHIARAVALLE CENTRALE","18","227","","T","","analitica","","","PVP sales 1 (925232); Storica Analitica visura per immobile - Catasto Terreni."
"visura-storica","CZ","CHIARAVALLE CENTRALE","18","235","","F","","analitica","","","PVP sales 1 (925225); Storica Analitica visura per immobile - Catasto Fabbricati."
"visura-storica","CZ","CHIARAVALLE CENTRALE","18","235","","T","","analitica","","","PVP sales 1 (925225); Storica Analitica visura per immobile - Catasto Terreni."
"visura-storica","CZ","CHIARAVALLE CENTRALE","18","28","","F","","analitica","","","PVP sales 1 (925239); Storica Analitica visura per immobile - Catasto Fabbricati."
"visura-storica","CZ","CHIARAVALLE CENTRALE","18","28","","T","","analitica","","","PVP sales 1 (925239); Storica Analitica visura per immobile - Catasto Terreni."
"visura-storica","CZ","CHIARAVALLE CENTRALE","18","328","","F","","analitica","","","PVP sales 1 (925239); Storica Analitica visura per immobile - Catasto Fabbricati."
"visura-storica","CZ","CHIARAVALLE CENTRALE","18","328","","T","","analitica","","","PVP sales 1 (925239); Storica Analitica visura per immobile - Catasto Terreni."
"visura-storica","CZ","CHIARAVALLE CENTRALE","18","330","","F","","analitica","","","PVP sales 1 (925239); Storica Analitica visura per immobile - Catasto Fabbricati."
"visura-storica","CZ","CHIARAVALLE CENTRALE","18","330","","T","","analitica","","","PVP sales 1 (925239); Storica Analitica visura per immobile - Catasto Terreni."
"visura-storica","CZ","CHIARAVALLE CENTRALE","18","67","","F","","analitica","","","PVP sales 1 (925232); Storica Analitica visura per immobile - Catasto Fabbricati."
"visura-storica","CZ","CHIARAVALLE CENTRALE","18","67","","T","","analitica","","","PVP sales 1 (925232); Storica Analitica visura per immobile - Catasto Terreni."
"visura-storica","CZ","CHIARAVALLE CENTRALE","32","391","13","F","","analitica","","","PVP sales 4 (2083264,2147993,4216391,4450252); Storica Analitica visura per immobile - Catasto Fabbricati."
"visura-storica","CZ","CHIARAVALLE CENTRALE","32","409","4","F","","analitica","","","PVP sales 3 (4414456,4474671,4519805); Storica Analitica visura per immobile - Catasto Fabbricati."
"visura-storica","CZ","CHIARAVALLE CENTRALE","32","585","4","F","","analitica","","","PVP sales 1 (4522557); Storica Analitica visura per immobile - Catasto Fabbricati."
"visura-storica","CZ","CHIARAVALLE CENTRALE","32","990","","F","","analitica","","","PVP sales 1 (4455849); Storica Analitica visura per immobile - Catasto Fabbricati."
"visura-storica","CZ","CHIARAVALLE CENTRALE","32","990","","T","","analitica","","","PVP sales 1 (4455849); Storica Analitica visura per immobile - Catasto Terreni."
"visura-storica","CZ","CHIARAVALLE CENTRALE","33","161","10","F","","analitica","","","PVP sales 4 (2108923,2197447,4236262,4497472); Storica Analitica visura per immobile - Catasto Fabbricati."
"visura-storica","CZ","CHIARAVALLE CENTRALE","33","384","1101","F","","analitica","","","PVP sales 1 (4542571); Storica Analitica visura per immobile - Catasto Fabbricati."
"visura-storica","CZ","CHIARAVALLE CENTRALE","33","398","","F","","analitica","","","PVP sales 3 (4403967,4469309,4528280); Storica Analitica visura per immobile - Catasto Fabbricati."
"visura-storica","CZ","CHIARAVALLE CENTRALE","33","398","","T","","analitica","","","PVP sales 3 (4403967,4469309,4528280); Storica Analitica visura per immobile - Catasto Terreni."
"visura-storica","CZ","CHIARAVALLE CENTRALE","33","788","1","F","","analitica","","","PVP sales 3 (4403967,4469309,4528280); Storica Analitica visura per immobile - Catasto Fabbricati."
"visura-storica","CZ","CHIARAVALLE CENTRALE","34","120","","F","","analitica","","","PVP sales 1 (2169505); Storica Analitica visura per immobile - Catasto Fabbricati."
"visura-storica","CZ","CHIARAVALLE CENTRALE","34","120","","T","","analitica","","","PVP sales 1 (2169505); Storica Analitica visura per immobile - Catasto Terreni."
"visura-storica","CZ","CHIARAVALLE CENTRALE","34","211","1","F","","analitica","","","PVP sales 2 (4455921,4534103); Storica Analitica visura per immobile - Catasto Fabbricati."
"visura-storica","CZ","CHIARAVALLE CENTRALE","34","211","5","F","","analitica","","","PVP sales 1 (4534010); Storica Analitica visura per immobile - Catasto Fabbricati."
"visura-storica","CZ","CHIARAVALLE CENTRALE","34","211","6","F","","analitica","","","PVP sales 1 (4534046); Storica Analitica visura per immobile - Catasto Fabbricati."
"visura-storica","CZ","CHIARAVALLE CENTRALE","34","211","7","F","","analitica","","","PVP sales 2 (4455871,4534020); Storica Analitica visura per immobile - Catasto Fabbricati."
"visura-storica","CZ","CHIARAVALLE CENTRALE","34","235","3","F","","analitica","","","PVP sales 2 (4455853,4533937); Storica Analitica visura per immobile - Catasto Fabbricati."
"visura-storica","CZ","CHIARAVALLE CENTRALE","34","562","5","F","","analitica","","","PVP sales 2 (4455823,4533912); Storica Analitica visura per immobile - Catasto Fabbricati."
"visura-storica","CZ","CHIARAVALLE CENTRALE","34","563","","F","","analitica","","","PVP sales 1 (4455788); Storica Analitica visura per immobile - Catasto Fabbricati."
"visura-storica","CZ","CHIARAVALLE CENTRALE","34","563","","T","","analitica","","","PVP sales 1 (4455788); Storica Analitica visura per immobile - Catasto Terreni."
"visura-storica","CZ","CHIARAVALLE CENTRALE","34","63","","F","","analitica","","","PVP sales 1 (4533853); Storica Analitica visura per immobile - Catasto Fabbricati."
"visura-storica","CZ","CHIARAVALLE CENTRALE","34","63","","T","","analitica","","","PVP sales 1 (4533853); Storica Analitica visura per immobile - Catasto Terreni."
"visura-storica","CZ","CHIARAVALLE CENTRALE","34","717","","F","","analitica","","","PVP sales 2 (4455788,4533853); Storica Analitica visura per immobile - Catasto Fabbricati."
"visura-storica","CZ","CHIARAVALLE CENTRALE","34","717","","T","","analitica","","","PVP sales 2 (4455788,4533853); Storica Analitica visura per immobile - Catasto Terreni."
"visura-storica","CZ","CHIARAVALLE CENTRALE","35","1157","3","F","","analitica","","","PVP sales 1 (2078114); Storica Analitica visura per immobile - Catasto Fabbricati."
"visura-storica","CZ","CHIARAVALLE CENTRALE","35","1204","","F","","analitica","","","PVP sales 3 (2148777,4278524,4455768); Storica Analitica visura per immobile - Catasto Fabbricati."
"visura-storica","CZ","CHIARAVALLE CENTRALE","35","1204","","T","","analitica","","","PVP sales 3 (2148777,4278524,4455768); Storica Analitica visura per immobile - Catasto Terreni."
"visura-storica","CZ","CHIARAVALLE CENTRALE","35","121","","F","","analitica","","","PVP sales 2 (4455857,4533950); Storica Analitica visura per immobile - Catasto Fabbricati."
"visura-storica","CZ","CHIARAVALLE CENTRALE","35","121","","T","","analitica","","","PVP sales 2 (4455857,4533950); Storica Analitica visura per immobile - Catasto Terreni."
"visura-storica","CZ","CHIARAVALLE CENTRALE","35","529","","F","","analitica","","","PVP sales 1 (4248026); Storica Analitica visura per immobile - Catasto Fabbricati."
"visura-storica","CZ","CHIARAVALLE CENTRALE","35","529","","T","","analitica","","","PVP sales 1 (4248026); Storica Analitica visura per immobile - Catasto Terreni."
"visura-storica","CZ","CHIARAVALLE CENTRALE","35","529","19","F","","analitica","","","PVP sales 1 (2090205); Storica Analitica visura per immobile - Catasto Fabbricati."
"visura-storica","CZ","CHIARAVALLE CENTRALE","35","751","","F","","analitica","","","PVP sales 2 (4455857,4533950); Storica Analitica visura per immobile - Catasto Fabbricati."
"visura-storica","CZ","CHIARAVALLE CENTRALE","35","751","","T","","analitica","","","PVP sales 2 (4455857,4533950); Storica Analitica visura per immobile - Catasto Terreni."
"visura-storica","CZ","CHIARAVALLE CENTRALE","35","999","5","F","","analitica","","","PVP sales 1 (1190119); Storica Analitica visura per immobile - Catasto Fabbricati."
"visura-storica","CZ","CHIARAVALLE CENTRALE","35","999","7","F","","analitica","","","PVP sales 1 (1190123); Storica Analitica visura per immobile - Catasto Fabbricati."
"visura-storica","CZ","CHIARAVALLE CENTRALE","39","711","1","F","","analitica","","","PVP sales 2 (4485213,4566657); Storica Analitica visura per immobile - Catasto Fabbricati."
"visura-storica","CZ","CHIARAVALLE CENTRALE","39","711","2","F","","analitica","","","PVP sales 2 (4485213,4566657); Storica Analitica visura per immobile - Catasto Fabbricati."
"visura-storica","CZ","CHIARAVALLE CENTRALE","40","1039","","F","","analitica","","","PVP sales 1 (4534107); Storica Analitica visura per immobile - Catasto Fabbricati."
"visura-storica","CZ","CHIARAVALLE CENTRALE","40","1039","","T","","analitica","","","PVP sales 1 (4534107); Storica Analitica visura per immobile - Catasto Terreni."
"visura-storica","CZ","CHIARAVALLE CENTRALE","40","1082","2","F","","analitica","","","PVP sales 1 (66272); Storica Analitica visura per immobile - Catasto Fabbricati."
"visura-storica","CZ","CHIARAVALLE CENTRALE","40","694","2","F","","analitica","","","PVP sales 1 (2102297); Storica Analitica visura per immobile - Catasto Fabbricati."
"visura-storica","CZ","CHIARAVALLE CENTRALE","40","694","4","F","","analitica","","","PVP sales 1 (2102297); Storica Analitica visura per immobile - Catasto Fabbricati."
"visura-storica","CZ","CHIARAVALLE CENTRALE","5","709","","F","","analitica","","","PVP sales 1 (547691); Storica Analitica visura per immobile - Catasto Fabbricati."
"visura-storica","CZ","CHIARAVALLE CENTRALE","5","709","","T","","analitica","","","PVP sales 1 (547691); Storica Analitica visura per immobile - Catasto Terreni."
"visura-storica","CZ","CHIARAVALLE CENTRALE","5","739","","F","","analitica","","","PVP sales 1 (547691); Storica Analitica visura per immobile - Catasto Fabbricati."
"visura-storica","CZ","CHIARAVALLE CENTRALE","5","739","","T","","analitica","","","PVP sales 1 (547691); Storica Analitica visura per immobile - Catasto Terreni."
"visura-storica","CZ","CHIARAVALLE CENTRALE","5","740","","F","","analitica","","","PVP sales 1 (547691); Storica Analitica visura per immobile - Catasto Fabbricati."
"visura-storica","CZ","CHIARAVALLE CENTRALE","5","740","","T","","analitica","","","PVP sales 1 (547691); Storica Analitica visura per immobile - Catasto Terreni."
"visura-storica","CZ","CHIARAVALLE CENTRALE","5","741","","F","","analitica","","","PVP sales 1 (547691); Storica Analitica visura per immobile - Catasto Fabbricati."
"visura-storica","CZ","CHIARAVALLE CENTRALE","5","741","","T","","analitica","","","PVP sales 1 (547691); Storica Analitica visura per immobile - Catasto Terreni."
"visura-storica","CZ","CHIARAVALLE CENTRALE","5","744","","F","","analitica","","","PVP sales 1 (547691); Storica Analitica visura per immobile - Catasto Fabbricati."
"visura-storica","CZ","CHIARAVALLE CENTRALE","5","744","","T","","analitica","","","PVP sales 1 (547691); Storica Analitica visura per immobile - Catasto Terreni."
"visura-storica","CZ","CHIARAVALLE CENTRALE","5","747","","F","","analitica","","","PVP sales 1 (547691); Storica Analitica visura per immobile - Catasto Fabbricati."
"visura-storica","CZ","CHIARAVALLE CENTRALE","5","747","","T","","analitica","","","PVP sales 1 (547691); Storica Analitica visura per immobile - Catasto Terreni."
"visura-storica","CZ","CHIARAVALLE CENTRALE","5","752","","F","","analitica","","","PVP sales 1 (547691); Storica Analitica visura per immobile - Catasto Fabbricati."
"visura-storica","CZ","CHIARAVALLE CENTRALE","5","752","","T","","analitica","","","PVP sales 1 (547691); Storica Analitica visura per immobile - Catasto Terreni."
"visura-storica","CZ","CICALA","10","638","1","F","","analitica","","","PVP sales 2 (4244802,4444410); Storica Analitica visura per immobile - Catasto Fabbricati."
"visura-storica","CZ","CICALA","11","751","7","F","","analitica","","","PVP sales 5 (2091839,2186095,4243182,4392379,4472388); Storica Analitica visura per immobile - Catasto Fabbricati."
"visura-storica","CZ","CICALA","11","819","10","F","","analitica","","","PVP sales 2 (2113745,2242788); Storica Analitica visura per immobile - Catasto Fabbricati."
"visura-storica","CZ","CICALA","11","819","11","F","","analitica","","","PVP sales 3 (1958654,2113746,2242787); Storica Analitica visura per immobile - Catasto Fabbricati."
"visura-storica","CZ","CICALA","11","819","12","F","","analitica","","","PVP sales 3 (1958648,2113739,2242784); Storica Analitica visura per immobile - Catasto Fabbricati."
"visura-storica","CZ","CICALA","11","819","3","F","","analitica","","","PVP sales 3 (1958644,2113735,2242781); Storica Analitica visura per immobile - Catasto Fabbricati."
"visura-storica","CZ","CICALA","11","819","4","F","","analitica","","","PVP sales 3 (1958646,2113737,2242783); Storica Analitica visura per immobile - Catasto Fabbricati."
"visura-storica","CZ","CICALA","11","819","5","F","","analitica","","","PVP sales 3 (1958647,2113738,2242784); Storica Analitica visura per immobile - Catasto Fabbricati."
"visura-storica","CZ","CICALA","11","819","6","F","","analitica","","","PVP sales 3 (1958649,2113741,2242787); Storica Analitica visura per immobile - Catasto Fabbricati."
"visura-storica","CZ","CICALA","11","819","7","F","","analitica","","","PVP sales 5 (904797,1571517,1958650,2113742,2242788); Storica Analitica visura per immobile - Catasto Fabbricati."
"visura-storica","CZ","CICALA","11","819","8","F","","analitica","","","PVP sales 2 (1958651,2113743); Storica Analitica visura per immobile - Catasto Fabbricati."
"visura-storica","CZ","CICALA","11","819","9","F","","analitica","","","PVP sales 3 (1958652,2113744,2242788); Storica Analitica visura per immobile - Catasto Fabbricati."
"visura-storica","CZ","CICALA","11","874","10","F","","analitica","","","PVP sales 3 (1958662,2113746,2242799); Storica Analitica visura per immobile - Catasto Fabbricati."
"visura-storica","CZ","CICALA","11","874","11","F","","analitica","","","PVP sales 3 (1958662,2113746,2242799); Storica Analitica visura per immobile - Catasto Fabbricati."
"visura-storica","CZ","CICALA","11","874","2","F","","analitica","","","PVP sales 3 (1958656,2113747,2242794); Storica Analitica visura per immobile - Catasto Fabbricati."
"visura-storica","CZ","CICALA","11","874","3","F","","analitica","","","PVP sales 3 (1958657,2113748,2242795); Storica Analitica visura per immobile - Catasto Fabbricati."
"visura-storica","CZ","CICALA","11","874","4","F","","analitica","","","PVP sales 3 (1958658,2113748,2242795); Storica Analitica visura per immobile - Catasto Fabbricati."
"visura-storica","CZ","CICALA","11","874","7","F","","analitica","","","PVP sales 3 (1958660,2113800,2242797); Storica Analitica visura per immobile - Catasto Fabbricati."
"visura-storica","CZ","CICALA","11","874","8","F","","analitica","","","PVP sales 3 (1958661,2113801,2242798); Storica Analitica visura per immobile - Catasto Fabbricati."
"visura-storica","CZ","CICALA","3","153","","F","","analitica","","","PVP sales 3 (4456505,4503754,4557227); Storica Analitica visura per immobile - Catasto Fabbricati."
"visura-storica","CZ","CICALA","3","153","","T","","analitica","","","PVP sales 3 (4456505,4503754,4557227); Storica Analitica visura per immobile - Catasto Terreni."
"visura-storica","CZ","CICALA","3","24","","F","","analitica","","","PVP sales 3 (4456505,4503754,4557227); Storica Analitica visura per immobile - Catasto Fabbricati."
"visura-storica","CZ","CICALA","3","24","","T","","analitica","","","PVP sales 3 (4456505,4503754,4557227); Storica Analitica visura per immobile - Catasto Terreni."
"visura-storica","CZ","CICALA","3","26","","F","","analitica","","","PVP sales 3 (4456505,4503754,4557227); Storica Analitica visura per immobile - Catasto Fabbricati."
"visura-storica","CZ","CICALA","3","26","","T","","analitica","","","PVP sales 3 (4456505,4503754,4557227); Storica Analitica visura per immobile - Catasto Terreni."
"visura-storica","CZ","CICALA","3","336","","F","","analitica","","","PVP sales 3 (4456505,4503754,4557227); Storica Analitica visura per immobile - Catasto Fabbricati."
"visura-storica","CZ","CICALA","3","336","","T","","analitica","","","PVP sales 3 (4456505,4503754,4557227); Storica Analitica visura per immobile - Catasto Terreni."
"visura-storica","CZ","CICALA","3","62","","F","","analitica","","","PVP sales 3 (4456505,4503754,4557227); Storica Analitica visura per immobile - Catasto Fabbricati."
"visura-storica","CZ","CICALA","3","62","","T","","analitica","","","PVP sales 3 (4456505,4503754,4557227); Storica Analitica visura per immobile - Catasto Terreni."
"visura-storica","CZ","CICALA","3","65","","F","","analitica","","","PVP sales 3 (4456505,4503754,4557227); Storica Analitica visura per immobile - Catasto Fabbricati."
"visura-storica","CZ","CICALA","3","65","","T","","analitica","","","PVP sales 3 (4456505,4503754,4557227); Storica Analitica visura per immobile - Catasto Terreni."
"visura-storica","CZ","CICALA","3","66","","F","","analitica","","","PVP sales 3 (4456505,4503754,4557227); Storica Analitica visura per immobile - Catasto Fabbricati."
"visura-storica","CZ","CICALA","3","66","","T","","analitica","","","PVP sales 3 (4456505,4503754,4557227); Storica Analitica visura per immobile - Catasto Terreni."
"visura-storica","CZ","CICALA","3","67","","F","","analitica","","","PVP sales 3 (4456505,4503754,4557227); Storica Analitica visura per immobile - Catasto Fabbricati."
"visura-storica","CZ","CICALA","3","67","","T","","analitica","","","PVP sales 3 (4456505,4503754,4557227); Storica Analitica visura per immobile - Catasto Terreni."
"visura-storica","CZ","CICALA","3","68","","F","","analitica","","","PVP sales 3 (4456505,4503754,4557227); Storica Analitica visura per immobile - Catasto Fabbricati."
"visura-storica","CZ","CICALA","3","68","","T","","analitica","","","PVP sales 3 (4456505,4503754,4557227); Storica Analitica visura per immobile - Catasto Terreni."
"visura-storica","CZ","CICALA","3","69","","F","","analitica","","","PVP sales 3 (4456505,4503754,4557227); Storica Analitica visura per immobile - Catasto Fabbricati."
"visura-storica","CZ","CICALA","3","69","","T","","analitica","","","PVP sales 3 (4456505,4503754,4557227); Storica Analitica visura per immobile - Catasto Terreni."
"visura-storica","CZ","CICALA","3","70","","F","","analitica","","","PVP sales 3 (4456505,4503754,4557227); Storica Analitica visura per immobile - Catasto Fabbricati."
"visura-storica","CZ","CICALA","3","70","","T","","analitica","","","PVP sales 3 (4456505,4503754,4557227); Storica Analitica visura per immobile - Catasto Terreni."
"visura-storica","CZ","CICALA","3","71","","F","","analitica","","","PVP sales 3 (4456505,4503754,4557227); Storica Analitica visura per immobile - Catasto Fabbricati."
"visura-storica","CZ","CICALA","3","71","","T","","analitica","","","PVP sales 3 (4456505,4503754,4557227); Storica Analitica visura per immobile - Catasto Terreni."
"visura-storica","CZ","CONFLENTI","41","246","2","F","","analitica","","","PVP sales 2 (1953606,4271699); Storica Analitica visura per immobile - Catasto Fabbricati."
"visura-storica","CZ","CORTALE","18","366","10","F","","analitica","","","PVP sales 4 (1922564,2111267,4424759,4537728); Storica Analitica visura per immobile - Catasto Fabbricati."
"visura-storica","CZ","CORTALE","19","121","1","F","","analitica","","","PVP sales 1 (4509816); Storica Analitica visura per immobile - Catasto Fabbricati."
"visura-storica","CZ","CORTALE","19","121","2","F","","analitica","","","PVP sales 1 (4509816); Storica Analitica visura per immobile - Catasto Fabbricati."
"visura-storica","CZ","CROPANI","19","152","4","F","","analitica","","","PVP sales 3 (2117311,2186391,2258399); Storica Analitica visura per immobile - Catasto Fabbricati."
"visura-storica","CZ","CROPANI","19","152","5","F","","analitica","","","PVP sales 3 (2117311,2186391,2258399); Storica Analitica visura per immobile - Catasto Fabbricati."
"visura-storica","CZ","CROPANI","19","152","6","F","","analitica","","","PVP sales 3 (2117311,2186391,2258399); Storica Analitica visura per immobile - Catasto Fabbricati."
"visura-storica","CZ","CROPANI","21","114","","F","","analitica","","","PVP sales 1 (4487496); Storica Analitica visura per immobile - Catasto Fabbricati."
"visura-storica","CZ","CROPANI","21","114","","T","","analitica","","","PVP sales 1 (4487496); Storica Analitica visura per immobile - Catasto Terreni."
"visura-storica","CZ","CROPANI","21","122","","F","","analitica","","","PVP sales 1 (4487496); Storica Analitica visura per immobile - Catasto Fabbricati."
"visura-storica","CZ","CROPANI","21","122","","T","","analitica","","","PVP sales 1 (4487496); Storica Analitica visura per immobile - Catasto Terreni."
"visura-storica","CZ","CROPANI","27","287","","F","","analitica","","","PVP sales 2 (2081009,2162216); Storica Analitica visura per immobile - Catasto Fabbricati."
"visura-storica","CZ","CROPANI","27","287","","T","","analitica","","","PVP sales 2 (2081009,2162216); Storica Analitica visura per immobile - Catasto Terreni."
"visura-storica","CZ","CROPANI","31","2886","13","F","","analitica","","","PVP sales 3 (2092229,2145700,4259038); Storica Analitica visura per immobile - Catasto Fabbricati."
"visura-storica","CZ","CROPANI","31","2886","28","F","","analitica","","","PVP sales 3 (4462406,4513653,4558069); Storica Analitica visura per immobile - Catasto Fabbricati."
"visura-storica","CZ","CROPANI","31","354","7","F","","analitica","","","PVP sales 1 (2129889); Storica Analitica visura per immobile - Catasto Fabbricati."
"visura-storica","CZ","CROPANI","31","4468","","F","","analitica","","","PVP sales 1 (2244035); Storica Analitica visura per immobile - Catasto Fabbricati."
"visura-storica","CZ","CROPANI","31","4468","","T","","analitica","","","PVP sales 1 (2244035); Storica Analitica visura per immobile - Catasto Terreni."
"visura-storica","CZ","CROPANI","31","471","4","F","","analitica","","","PVP sales 1 (2132740); Storica Analitica visura per immobile - Catasto Fabbricati."
"visura-storica","CZ","CROPANI","31","823","18","F","","analitica","","","PVP sales 3 (2118959,2208217,4257395); Storica Analitica visura per immobile - Catasto Fabbricati."
"visura-storica","CZ","CROPANI","31","823","19","F","","analitica","","","PVP sales 3 (2118962,2208219,4257407); Storica Analitica visura per immobile - Catasto Fabbricati."
"visura-storica","CZ","CROPANI","31","823","2","F","","analitica","","","PVP sales 3 (2118956,2208215,4257366); Storica Analitica visura per immobile - Catasto Fabbricati."
"visura-storica","CZ","CROPANI","31","823","20","F","","analitica","","","PVP sales 3 (2118966,2208223,4257430); Storica Analitica visura per immobile - Catasto Fabbricati."
"visura-storica","CZ","CROPANI","31","823","21","F","","analitica","","","PVP sales 4 (2118968,2208224,4257435,4472762); Storica Analitica visura per immobile - Catasto Fabbricati."
"visura-storica","CZ","CROPANI","31","823","22","F","","analitica","","","PVP sales 3 (2118890,2208149,4257276); Storica Analitica visura per immobile - Catasto Fabbricati."
"visura-storica","CZ","CROPANI","31","823","25","F","","analitica","","","PVP sales 3 (2118897,2208159,4257303); Storica Analitica visura per immobile - Catasto Fabbricati."
"visura-storica","CZ","CROPANI","31","823","26","F","","analitica","","","PVP sales 4 (2118972,2208226,4257446,4472775); Storica Analitica visura per immobile - Catasto Fabbricati."
"visura-storica","CZ","CROPANI","31","823","27","F","","analitica","","","PVP sales 3 (2118979,2208227,4257473); Storica Analitica visura per immobile - Catasto Fabbricati."
"visura-storica","CZ","CROPANI","31","823","28","F","","analitica","","","PVP sales 4 (2118985,2208231,4257479,4472786); Storica Analitica visura per immobile - Catasto Fabbricati."
"visura-storica","CZ","CROPANI","31","823","29","F","","analitica","","","PVP sales 3 (2118990,2208233,4257483); Storica Analitica visura per immobile - Catasto Fabbricati."
"visura-storica","CZ","CROPANI","31","823","30","F","","analitica","","","PVP sales 3 (2118899,2208163,4257333); Storica Analitica visura per immobile - Catasto Fabbricati."
"visura-storica","CZ","CROPANI","31","823","33","F","","analitica","","","PVP sales 3 (2118953,2208165,4257357); Storica Analitica visura per immobile - Catasto Fabbricati."
"visura-storica","CZ","CURINGA","18","605","","F","","analitica","","","PVP sales 1 (2176640); Storica Analitica visura per immobile - Catasto Fabbricati."
"visura-storica","CZ","CURINGA","18","605","","T","","analitica","","","PVP sales 1 (2176640); Storica Analitica visura per immobile - Catasto Terreni."
"visura-storica","CZ","CURINGA","18","605","14","F","","analitica","","","PVP sales 1 (2176707); Storica Analitica visura per immobile - Catasto Fabbricati."
"visura-storica","CZ","CURINGA","18","605","17","F","","analitica","","","PVP sales 1 (2176707); Storica Analitica visura per immobile - Catasto Fabbricati."
"visura-storica","CZ","CURINGA","25","1162","","F","","analitica","","","PVP sales 3 (2145813,2234654,4251523); Storica Analitica visura per immobile - Catasto Fabbricati."
"visura-storica","CZ","CURINGA","25","1162","","T","","analitica","","","PVP sales 3 (2145813,2234654,4251523); Storica Analitica visura per immobile - Catasto Terreni."
"visura-storica","CZ","CURINGA","27","856","3","F","","analitica","","","PVP sales 4 (4272744,4419126,4484160,4525537); Storica Analitica visura per immobile - Catasto Fabbricati."
"visura-storica","CZ","CURINGA","27","856","5","F","","analitica","","","PVP sales 4 (4277182,4419132,4484170,4525529); Storica Analitica visura per immobile - Catasto Fabbricati."
"visura-storica","CZ","CURINGA","37","233","","F","","analitica","","","PVP sales 1 (4479093); Storica Analitica visura per immobile - Catasto Fabbricati."
"visura-storica","CZ","CURINGA","37","233","","T","","analitica","","","PVP sales 1 (4479093); Storica Analitica visura per immobile - Catasto Terreni."
"visura-storica","CZ","CURINGA","39","706","","F","","analitica","","","PVP sales 1 (4479113); Storica Analitica visura per immobile - Catasto Fabbricati."
"visura-storica","CZ","CURINGA","39","706","","T","","analitica","","","PVP sales 1 (4479113); Storica Analitica visura per immobile - Catasto Terreni."
"visura-storica","CZ","CURINGA","42","10","","F","","analitica","","","PVP sales 4 (4412076,4458561,4508122,4546880); Storica Analitica visura per immobile - Catasto Fabbricati."
"visura-storica","CZ","CURINGA","42","10","","T","","analitica","","","PVP sales 4 (4412076,4458561,4508122,4546880); Storica Analitica visura per immobile - Catasto Terreni."
"visura-storica","CZ","CURINGA","42","11","","F","","analitica","","","PVP sales 4 (4412076,4458561,4508122,4546880); Storica Analitica visura per immobile - Catasto Fabbricati."
"visura-storica","CZ","CURINGA","42","11","","T","","analitica","","","PVP sales 4 (4412076,4458561,4508122,4546880); Storica Analitica visura per immobile - Catasto Terreni."
"visura-storica","CZ","CURINGA","43","22","","F","","analitica","","","PVP sales 4 (4412076,4458561,4508122,4546880); Storica Analitica visura per immobile - Catasto Fabbricati."
"visura-storica","CZ","CURINGA","43","22","","T","","analitica","","","PVP sales 4 (4412076,4458561,4508122,4546880); Storica Analitica visura per immobile - Catasto Terreni."
"visura-storica","CZ","DAVOLI","11","473","1","F","","analitica","","","PVP sales 1 (2092293); Storica Analitica visura per immobile - Catasto Fabbricati."
"visura-storica","CZ","DAVOLI","11","844","1000","F","","analitica","","","PVP sales 3 (4224288,4276153,4497835); Storica Analitica visura per immobile - Catasto Fabbricati."
"visura-storica","CZ","DAVOLI","11","845","1","F","","analitica","","","PVP sales 3 (4224288,4276153,4497835); Storica Analitica visura per immobile - Catasto Fabbricati."
"visura-storica","CZ","DAVOLI","11","901","3","F","","analitica","","","PVP sales 3 (4445137,4485324,4519970); Storica Analitica visura per immobile - Catasto Fabbricati."
"visura-storica","CZ","DAVOLI","11","901","4","F","","analitica","","","PVP sales 3 (4445137,4485324,4519970); Storica Analitica visura per immobile - Catasto Fabbricati."
"visura-storica","CZ","DAVOLI","14","821","3","F","","analitica","","","PVP sales 1 (4550596); Storica Analitica visura per immobile - Catasto Fabbricati."
"visura-storica","CZ","DAVOLI","17","439","","F","","analitica","","","PVP sales 1 (2082646); Storica Analitica visura per immobile - Catasto Fabbricati."
"visura-storica","CZ","DAVOLI","17","439","","T","","analitica","","","PVP sales 1 (2082646); Storica Analitica visura per immobile - Catasto Terreni."
"visura-storica","CZ","DAVOLI","3","209","","F","","analitica","","","PVP sales 1 (825376); Storica Analitica visura per immobile - Catasto Fabbricati."
"visura-storica","CZ","DAVOLI","3","209","","T","","analitica","","","PVP sales 1 (825376); Storica Analitica visura per immobile - Catasto Terreni."
"visura-storica","CZ","DAVOLI","3","210","","F","","analitica","","","PVP sales 1 (825376); Storica Analitica visura per immobile - Catasto Fabbricati."
"visura-storica","CZ","DAVOLI","3","210","","T","","analitica","","","PVP sales 1 (825376); Storica Analitica visura per immobile - Catasto Terreni."
"visura-storica","CZ","DAVOLI","3","27","","F","","analitica","","","PVP sales 1 (2095371); Storica Analitica visura per immobile - Catasto Fabbricati."
"visura-storica","CZ","DAVOLI","3","27","","T","","analitica","","","PVP sales 1 (2095371); Storica Analitica visura per immobile - Catasto Terreni."
"visura-storica","CZ","DAVOLI","3","49","","F","","analitica","","","PVP sales 1 (2095379); Storica Analitica visura per immobile - Catasto Fabbricati."
"visura-storica","CZ","DAVOLI","3","49","","T","","analitica","","","PVP sales 1 (2095379); Storica Analitica visura per immobile - Catasto Terreni."
"visura-storica","CZ","DAVOLI","3","513","","F","","analitica","","","PVP sales 1 (2095379); Storica Analitica visura per immobile - Catasto Fabbricati."
"visura-storica","CZ","DAVOLI","3","513","","T","","analitica","","","PVP sales 1 (2095379); Storica Analitica visura per immobile - Catasto Terreni."
"visura-storica","CZ","DAVOLI","3","517","","F","","analitica","","","PVP sales 1 (2095379); Storica Analitica visura per immobile - Catasto Fabbricati."
"visura-storica","CZ","DAVOLI","3","517","","T","","analitica","","","PVP sales 1 (2095379); Storica Analitica visura per immobile - Catasto Terreni."
"visura-storica","CZ","DAVOLI","3","531","","F","","analitica","","","PVP sales 1 (2095383); Storica Analitica visura per immobile - Catasto Fabbricati."
"visura-storica","CZ","DAVOLI","3","531","","T","","analitica","","","PVP sales 1 (2095383); Storica Analitica visura per immobile - Catasto Terreni."
"visura-storica","CZ","DAVOLI","4","426","5","F","","analitica","","","PVP sales 1 (4531001); Storica Analitica visura per immobile - Catasto Fabbricati."
"visura-storica","CZ","DAVOLI","6","1106","","F","","analitica","","","PVP sales 1 (4553161); Storica Analitica visura per immobile - Catasto Fabbricati."
"visura-storica","CZ","DAVOLI","6","1106","1104","F","","analitica","","","PVP sales 1 (4459140); Storica Analitica visura per immobile - Catasto Fabbricati."
"visura-storica","CZ","DAVOLI","6","1106","57","F","","analitica","","","PVP sales 1 (1443374); Storica Analitica visura per immobile - Catasto Fabbricati."
"visura-storica","CZ","DAVOLI","6","1737","8","F","","analitica","","","PVP sales 2 (4442647,4503541); Storica Analitica visura per immobile - Catasto Fabbricati."
"visura-storica","CZ","DAVOLI","6","2020","1","F","","analitica","","","PVP sales 1 (377725); Storica Analitica visura per immobile - Catasto Fabbricati."
"visura-storica","CZ","DAVOLI","6","2321","5","F","","analitica","","","PVP sales 1 (2170655); Storica Analitica visura per immobile - Catasto Fabbricati."
"visura-storica","CZ","DAVOLI","6","642","21","F","","analitica","","","PVP sales 1 (2092292); Storica Analitica visura per immobile - Catasto Fabbricati."
"visura-storica","CZ","DAVOLI","6","712","2","F","","analitica","","","PVP sales 1 (2096446); Storica Analitica visura per immobile - Catasto Fabbricati."
"visura-storica","CZ","DAVOLI","6","942","11","F","","analitica","","","PVP sales 2 (2093569,4254341); Storica Analitica visura per immobile - Catasto Fabbricati."
"visura-storica","CZ","DAVOLI","6","942","14","F","","analitica","","","PVP sales 2 (2095323,4254355); Storica Analitica visura per immobile - Catasto Fabbricati."
"visura-storica","CZ","DAVOLI","6","942","26","F","","analitica","","","PVP sales 2 (2095323,4254355); Storica Analitica visura per immobile - Catasto Fabbricati."
"visura-storica","CZ","DAVOLI","6","942","28","F","","analitica","","","PVP sales 2 (2093569,4254341); Storica Analitica visura per immobile - Catasto Fabbricati."
"visura-storica","CZ","DECOLLATURA","15","209","","F","","analitica","","","PVP sales 1 (4419065); Storica Analitica visura per immobile - Catasto Fabbricati."
"visura-storica","CZ","DECOLLATURA","15","209","","T","","analitica","","","PVP sales 1 (4419065); Storica Analitica visura per immobile - Catasto Terreni."
"visura-storica","CZ","DECOLLATURA","20","475","3","F","","analitica","","","PVP sales 5 (2179100,4271264,4430989,4478760,4534490); Storica Analitica visura per immobile - Catasto Fabbricati."
"visura-storica","CZ","DECOLLATURA","26","123","","F","","analitica","","","PVP sales 3 (4416227,4478571,4558278); Storica Analitica visura per immobile - Catasto Fabbricati."
"visura-storica","CZ","DECOLLATURA","26","123","","T","","analitica","","","PVP sales 3 (4416227,4478571,4558278); Storica Analitica visura per immobile - Catasto Terreni."
"visura-storica","CZ","DECOLLATURA","26","515","","F","","analitica","","","PVP sales 3 (4416227,4478571,4558278); Storica Analitica visura per immobile - Catasto Fabbricati."
"visura-storica","CZ","DECOLLATURA","26","515","","T","","analitica","","","PVP sales 3 (4416227,4478571,4558278); Storica Analitica visura per immobile - Catasto Terreni."
"visura-storica","CZ","DECOLLATURA","27","31","","F","","analitica","","","PVP sales 3 (4416227,4478571,4558278); Storica Analitica visura per immobile - Catasto Fabbricati."
"visura-storica","CZ","DECOLLATURA","27","31","","T","","analitica","","","PVP sales 3 (4416227,4478571,4558278); Storica Analitica visura per immobile - Catasto Terreni."
"visura-storica","CZ","DECOLLATURA","57","331","","F","","analitica","","","PVP sales 2 (313317,823984); Storica Analitica visura per immobile - Catasto Fabbricati."
"visura-storica","CZ","DECOLLATURA","57","331","","T","","analitica","","","PVP sales 2 (313317,823984); Storica Analitica visura per immobile - Catasto Terreni."
"visura-storica","CZ","DECOLLATURA","57","332","","F","","analitica","","","PVP sales 2 (313317,823984); Storica Analitica visura per immobile - Catasto Fabbricati."
"visura-storica","CZ","DECOLLATURA","57","332","","T","","analitica","","","PVP sales 2 (313317,823984); Storica Analitica visura per immobile - Catasto Terreni."
"visura-storica","CZ","DECOLLATURA","57","333","","F","","analitica","","","PVP sales 2 (313317,823984); Storica Analitica visura per immobile - Catasto Fabbricati."
"visura-storica","CZ","DECOLLATURA","57","333","","T","","analitica","","","PVP sales 2 (313317,823984); Storica Analitica visura per immobile - Catasto Terreni."
"visura-storica","CZ","DECOLLATURA","57","334","","F","","analitica","","","PVP sales 2 (313317,823984); Storica Analitica visura per immobile - Catasto Fabbricati."
"visura-storica","CZ","DECOLLATURA","57","334","","T","","analitica","","","PVP sales 2 (313317,823984); Storica Analitica visura per immobile - Catasto Terreni."
"visura-storica","CZ","DECOLLATURA","57","609","","F","","analitica","","","PVP sales 2 (313317,823984); Storica Analitica visura per immobile - Catasto Fabbricati."
"visura-storica","CZ","DECOLLATURA","57","609","","T","","analitica","","","PVP sales 2 (313317,823984); Storica Analitica visura per immobile - Catasto Terreni."
"visura-storica","CZ","DECOLLATURA","57","611","","F","","analitica","","","PVP sales 2 (313317,823984); Storica Analitica visura per immobile - Catasto Fabbricati."
"visura-storica","CZ","DECOLLATURA","57","611","","T","","analitica","","","PVP sales 2 (313317,823984); Storica Analitica visura per immobile - Catasto Terreni."
"visura-storica","CZ","DECOLLATURA","58","186","3","F","","analitica","","","PVP sales 2 (4419093,4525519); Storica Analitica visura per immobile - Catasto Fabbricati."
"visura-storica","CZ","FALERNA","10","104","","F","","analitica","","","PVP sales 2 (1529080,1677422); Storica Analitica visura per immobile - Catasto Fabbricati."
"visura-storica","CZ","FALERNA","10","104","","T","","analitica","","","PVP sales 2 (1529080,1677422); Storica Analitica visura per immobile - Catasto Terreni."
"visura-storica","CZ","FALERNA","10","196","","F","","analitica","","","PVP sales 2 (1529080,1677422); Storica Analitica visura per immobile - Catasto Fabbricati."
"visura-storica","CZ","FALERNA","10","196","","T","","analitica","","","PVP sales 2 (1529080,1677422); Storica Analitica visura per immobile - Catasto Terreni."
"visura-storica","CZ","FALERNA","10","419","","F","","analitica","","","PVP sales 2 (1529080,1677422); Storica Analitica visura per immobile - Catasto Fabbricati."
"visura-storica","CZ","FALERNA","10","419","","T","","analitica","","","PVP sales 2 (1529080,1677422); Storica Analitica visura per immobile - Catasto Terreni."
"visura-storica","CZ","FALERNA","10","598","","F","","analitica","","","PVP sales 2 (1529080,1677422); Storica Analitica visura per immobile - Catasto Fabbricati."
"visura-storica","CZ","FALERNA","10","598","","T","","analitica","","","PVP sales 2 (1529080,1677422); Storica Analitica visura per immobile - Catasto Terreni."
"visura-storica","CZ","FALERNA","14","260","4","F","","analitica","","","PVP sales 1 (2144004); Storica Analitica visura per immobile - Catasto Fabbricati."
"visura-storica","CZ","FALERNA","14","449","","F","","analitica","","","PVP sales 1 (1630553); Storica Analitica visura per immobile - Catasto Fabbricati."
"visura-storica","CZ","FALERNA","14","449","","T","","analitica","","","PVP sales 1 (1630553); Storica Analitica visura per immobile - Catasto Terreni."
"visura-storica","CZ","FALERNA","23","3162","","F","","analitica","","","PVP sales 1 (775536); Storica Analitica visura per immobile - Catasto Fabbricati."
"visura-storica","CZ","FALERNA","23","3162","","T","","analitica","","","PVP sales 1 (775536); Storica Analitica visura per immobile - Catasto Terreni."
"visura-storica","CZ","FALERNA","23","3427","","F","","analitica","","","PVP sales 1 (511361); Storica Analitica visura per immobile - Catasto Fabbricati."
"visura-storica","CZ","FALERNA","23","3427","","T","","analitica","","","PVP sales 1 (511361); Storica Analitica visura per immobile - Catasto Terreni."
"visura-storica","CZ","FEROLETO ANTICO","15","323","","F","","analitica","","","PVP sales 2 (4450871,4490503); Storica Analitica visura per immobile - Catasto Fabbricati."
"visura-storica","CZ","FEROLETO ANTICO","15","323","","T","","analitica","","","PVP sales 2 (4450871,4490503); Storica Analitica visura per immobile - Catasto Terreni."
"visura-storica","CZ","FEROLETO ANTICO","15","341","","F","","analitica","","","PVP sales 2 (4450871,4490503); Storica Analitica visura per immobile - Catasto Fabbricati."
"visura-storica","CZ","FEROLETO ANTICO","15","341","","T","","analitica","","","PVP sales 2 (4450871,4490503); Storica Analitica visura per immobile - Catasto Terreni."
"visura-storica","CZ","FEROLETO ANTICO","15","342","","F","","analitica","","","PVP sales 2 (4450871,4490503); Storica Analitica visura per immobile - Catasto Fabbricati."
"visura-storica","CZ","FEROLETO ANTICO","15","342","","T","","analitica","","","PVP sales 2 (4450871,4490503); Storica Analitica visura per immobile - Catasto Terreni."
"visura-storica","CZ","FEROLETO ANTICO","15","817","","F","","analitica","","","PVP sales 2 (4450871,4490503); Storica Analitica visura per immobile - Catasto Fabbricati."
"visura-storica","CZ","FEROLETO ANTICO","15","817","","T","","analitica","","","PVP sales 2 (4450871,4490503); Storica Analitica visura per immobile - Catasto Terreni."
"visura-storica","CZ","FEROLETO ANTICO","23","464","","F","","analitica","","","PVP sales 1 (681442); Storica Analitica visura per immobile - Catasto Fabbricati."
"visura-storica","CZ","FEROLETO ANTICO","23","464","","T","","analitica","","","PVP sales 1 (681442); Storica Analitica visura per immobile - Catasto Terreni."
"visura-storica","CZ","FEROLETO ANTICO","24","373","","F","","analitica","","","PVP sales 2 (4438811,4491630); Storica Analitica visura per immobile - Catasto Fabbricati."
"visura-storica","CZ","FEROLETO ANTICO","24","373","","T","","analitica","","","PVP sales 2 (4438811,4491630); Storica Analitica visura per immobile - Catasto Terreni."
"visura-storica","CZ","FEROLETO ANTICO","24","380","","F","","analitica","","","PVP sales 2 (4438811,4491630); Storica Analitica visura per immobile - Catasto Fabbricati."
"visura-storica","CZ","FEROLETO ANTICO","24","380","","T","","analitica","","","PVP sales 2 (4438811,4491630); Storica Analitica visura per immobile - Catasto Terreni."
"visura-storica","CZ","FEROLETO ANTICO","24","382","","F","","analitica","","","PVP sales 2 (4438835,4491658); Storica Analitica visura per immobile - Catasto Fabbricati."
"visura-storica","CZ","FEROLETO ANTICO","24","382","","T","","analitica","","","PVP sales 2 (4438835,4491658); Storica Analitica visura per immobile - Catasto Terreni."
"visura-storica","CZ","FEROLETO ANTICO","24","384","","F","","analitica","","","PVP sales 2 (4438835,4491658); Storica Analitica visura per immobile - Catasto Fabbricati."
"visura-storica","CZ","FEROLETO ANTICO","24","384","","T","","analitica","","","PVP sales 2 (4438835,4491658); Storica Analitica visura per immobile - Catasto Terreni."
"visura-storica","CZ","FEROLETO ANTICO","30","37","","F","","analitica","","","PVP sales 2 (914845,4442645); Storica Analitica visura per immobile - Catasto Fabbricati."
"visura-storica","CZ","FEROLETO ANTICO","30","37","","T","","analitica","","","PVP sales 2 (914845,4442645); Storica Analitica visura per immobile - Catasto Terreni."
"visura-storica","CZ","FEROLETO ANTICO","30","39","","F","","analitica","","","PVP sales 2 (914845,4442645); Storica Analitica visura per immobile - Catasto Fabbricati."
"visura-storica","CZ","FEROLETO ANTICO","30","39","","T","","analitica","","","PVP sales 2 (914845,4442645); Storica Analitica visura per immobile - Catasto Terreni."
"visura-storica","CZ","FOSSATO SERRALTA","1","107","","F","","analitica","","","PVP sales 1 (2133512); Storica Analitica visura per immobile - Catasto Fabbricati."
"visura-storica","CZ","FOSSATO SERRALTA","1","107","","T","","analitica","","","PVP sales 1 (2133512); Storica Analitica visura per immobile - Catasto Terreni."
"visura-storica","CZ","FOSSATO SERRALTA","1","108","","F","","analitica","","","PVP sales 1 (2133512); Storica Analitica visura per immobile - Catasto Fabbricati."
"visura-storica","CZ","FOSSATO SERRALTA","1","108","","T","","analitica","","","PVP sales 1 (2133512); Storica Analitica visura per immobile - Catasto Terreni."
"visura-storica","CZ","FOSSATO SERRALTA","14","384","1107","F","","analitica","","","PVP sales 4 (2227848,4236233,4413869,4457106); Storica Analitica visura per immobile - Catasto Fabbricati."
"visura-storica","CZ","GASPERINA","10","725","1","F","","analitica","","","PVP sales 3 (4405328,4497288,4544718); Storica Analitica visura per immobile - Catasto Fabbricati."
"visura-storica","CZ","GASPERINA","10","725","2","F","","analitica","","","PVP sales 3 (4405328,4497288,4544718); Storica Analitica visura per immobile - Catasto Fabbricati."
"visura-storica","CZ","GASPERINA","10","725","3","F","","analitica","","","PVP sales 3 (4405372,4497293,4544714); Storica Analitica visura per immobile - Catasto Fabbricati."
"visura-storica","CZ","GASPERINA","11","388","12","F","","analitica","","","PVP sales 1 (377038); Storica Analitica visura per immobile - Catasto Fabbricati."
"visura-storica","CZ","GASPERINA","11","388","4","F","","analitica","","","PVP sales 1 (377038); Storica Analitica visura per immobile - Catasto Fabbricati."
"visura-storica","CZ","GASPERINA","11","388","5","F","","analitica","","","PVP sales 1 (377038); Storica Analitica visura per immobile - Catasto Fabbricati."
"visura-storica","CZ","GASPERINA","11","388","9","F","","analitica","","","PVP sales 1 (377038); Storica Analitica visura per immobile - Catasto Fabbricati."
"visura-storica","CZ","GASPERINA","20","306","2","F","","analitica","","","PVP sales 1 (4245306); Storica Analitica visura per immobile - Catasto Fabbricati."
"visura-storica","CZ","GASPERINA","5","156","8","F","","analitica","","","PVP sales 1 (2068082); Storica Analitica visura per immobile - Catasto Fabbricati."
"visura-storica","CZ","GASPERINA","5","156","9","F","","analitica","","","PVP sales 1 (2068092); Storica Analitica visura per immobile - Catasto Fabbricati."
"visura-storica","CZ","GASPERINA","9","564","19","F","","analitica","","","PVP sales 2 (2077690,2138117); Storica Analitica visura per immobile - Catasto Fabbricati."
"visura-storica","CZ","GASPERINA","9","564","6","F","","analitica","","","PVP sales 2 (2077690,2138117); Storica Analitica visura per immobile - Catasto Fabbricati."
"visura-storica","CZ","GIMIGLIANO","10","201","4","F","","analitica","","","PVP sales 1 (4278454); Storica Analitica visura per immobile - Catasto Fabbricati."
"visura-storica","CZ","GIMIGLIANO","10","559","2","F","","analitica","","","PVP sales 1 (4278500); Storica Analitica visura per immobile - Catasto Fabbricati."
"visura-storica","CZ","GIMIGLIANO","10","559","3","F","","analitica","","","PVP sales 1 (4278514); Storica Analitica visura per immobile - Catasto Fabbricati."
"visura-storica","CZ","GIMIGLIANO","10","559","5","F","","analitica","","","PVP sales 1 (4278552); Storica Analitica visura per immobile - Catasto Fabbricati."
"visura-storica","CZ","GIMIGLIANO","10","559","6","F","","analitica","","","PVP sales 1 (4278563); Storica Analitica visura per immobile - Catasto Fabbricati."
"visura-storica","CZ","GIMIGLIANO","20","156","","F","","analitica","","","PVP sales 1 (4513783); Storica Analitica visura per immobile - Catasto Fabbricati."
"visura-storica","CZ","GIMIGLIANO","20","156","","T","","analitica","","","PVP sales 1 (4513783); Storica Analitica visura per immobile - Catasto Terreni."
"visura-storica","CZ","GIMIGLIANO","20","413","","F","","analitica","","","PVP sales 1 (4513783); Storica Analitica visura per immobile - Catasto Fabbricati."
"visura-storica","CZ","GIMIGLIANO","20","413","","T","","analitica","","","PVP sales 1 (4513783); Storica Analitica visura per immobile - Catasto Terreni."
"visura-storica","CZ","GIMIGLIANO","20","422","","F","","analitica","","","PVP sales 1 (4513783); Storica Analitica visura per immobile - Catasto Fabbricati."
"visura-storica","CZ","GIMIGLIANO","20","422","","T","","analitica","","","PVP sales 1 (4513783); Storica Analitica visura per immobile - Catasto Terreni."
"visura-storica","CZ","GIMIGLIANO","20","425","","F","","analitica","","","PVP sales 1 (4513783); Storica Analitica visura per immobile - Catasto Fabbricati."
"visura-storica","CZ","GIMIGLIANO","20","425","","T","","analitica","","","PVP sales 1 (4513783); Storica Analitica visura per immobile - Catasto Terreni."
"visura-storica","CZ","GIMIGLIANO","32","250","","F","","analitica","","","PVP sales 4 (2119762,2119802,2228438,2228443); Storica Analitica visura per immobile - Catasto Fabbricati."
"visura-storica","CZ","GIMIGLIANO","32","250","","T","","analitica","","","PVP sales 4 (2119762,2119802,2228438,2228443); Storica Analitica visura per immobile - Catasto Terreni."
"visura-storica","CZ","GIMIGLIANO","32","269","1","F","","analitica","","","PVP sales 2 (2119748,2228445); Storica Analitica visura per immobile - Catasto Fabbricati."
"visura-storica","CZ","GIMIGLIANO","32","461","2","F","","analitica","","","PVP sales 3 (4459616,4513760,4563984); Storica Analitica visura per immobile - Catasto Fabbricati."
"visura-storica","CZ","GIMIGLIANO","32","556","4","F","","analitica","","","PVP sales 2 (4449486,4497831); Storica Analitica visura per immobile - Catasto Fabbricati."
"visura-storica","CZ","GIMIGLIANO","32","556","5","F","","analitica","","","PVP sales 2 (4449450,4497828); Storica Analitica visura per immobile - Catasto Fabbricati."
"visura-storica","CZ","GIMIGLIANO","34","192","2","F","","analitica","","","PVP sales 1 (4515469); Storica Analitica visura per immobile - Catasto Fabbricati."
"visura-storica","CZ","GIMIGLIANO","54","359","","F","","analitica","","","PVP sales 2 (2077913,2141646); Storica Analitica visura per immobile - Catasto Fabbricati."
"visura-storica","CZ","GIMIGLIANO","54","359","","T","","analitica","","","PVP sales 2 (2077913,2141646); Storica Analitica visura per immobile - Catasto Terreni."
"visura-storica","CZ","GIMIGLIANO","54","416","3","F","","analitica","","","PVP sales 2 (2077913,2141646); Storica Analitica visura per immobile - Catasto Fabbricati."
"visura-storica","CZ","GIMIGLIANO","55","114","2","F","","analitica","","","PVP sales 4 (2173213,4280367,4431065,4536066); Storica Analitica visura per immobile - Catasto Fabbricati."
"visura-storica","CZ","GIRIFALCO","11","1652","3","F","","analitica","","","PVP sales 1 (600632); Storica Analitica visura per immobile - Catasto Fabbricati."
"visura-storica","CZ","GIRIFALCO","11","709","9","F","","analitica","","","PVP sales 1 (4479667); Storica Analitica visura per immobile - Catasto Fabbricati."
"visura-storica","CZ","GIRIFALCO","11","73","1","F","","analitica","","","PVP sales 1 (838030); Storica Analitica visura per immobile - Catasto Fabbricati."
"visura-storica","CZ","GIRIFALCO","18","1609","","F","","analitica","","","PVP sales 3 (1494333,2063225,2109095); Storica Analitica visura per immobile - Catasto Fabbricati."
"visura-storica","CZ","GIRIFALCO","18","1609","","T","","analitica","","","PVP sales 3 (1494333,2063225,2109095); Storica Analitica visura per immobile - Catasto Terreni."
"visura-storica","CZ","GIRIFALCO","18","721","1","F","","analitica","","","PVP sales 1 (4529864); Storica Analitica visura per immobile - Catasto Fabbricati."
"visura-storica","CZ","GIRIFALCO","32","222","1","F","","analitica","","","PVP sales 3 (2144402,2241970,4251774); Storica Analitica visura per immobile - Catasto Fabbricati."
"visura-storica","CZ","GIZZERIA","11","727","5","F","","analitica","","","PVP sales 2 (4496012,4534522); Storica Analitica visura per immobile - Catasto Fabbricati."
"visura-storica","CZ","GIZZERIA","16","46","","F","","analitica","","","PVP sales 3 (1550800,2155179,4408786); Storica Analitica visura per immobile - Catasto Fabbricati."
"visura-storica","CZ","GIZZERIA","16","46","","T","","analitica","","","PVP sales 3 (1550800,2155179,4408786); Storica Analitica visura per immobile - Catasto Terreni."
"visura-storica","CZ","GIZZERIA","16","85","","F","","analitica","","","PVP sales 3 (1550800,2155179,4408786); Storica Analitica visura per immobile - Catasto Fabbricati."
"visura-storica","CZ","GIZZERIA","16","85","","T","","analitica","","","PVP sales 3 (1550800,2155179,4408786); Storica Analitica visura per immobile - Catasto Terreni."
"visura-storica","CZ","GIZZERIA","19","548","24","F","","analitica","","","PVP sales 1 (4500837); Storica Analitica visura per immobile - Catasto Fabbricati."
"visura-storica","CZ","GIZZERIA","19","548","25","F","","analitica","","","PVP sales 1 (4500837); Storica Analitica visura per immobile - Catasto Fabbricati."
"visura-storica","CZ","GIZZERIA","26","636","","F","","analitica","","","PVP sales 1 (4544437); Storica Analitica visura per immobile - Catasto Fabbricati."
"visura-storica","CZ","GIZZERIA","26","636","","T","","analitica","","","PVP sales 1 (4544437); Storica Analitica visura per immobile - Catasto Terreni."
"visura-storica","CZ","GIZZERIA","26","637","","F","","analitica","","","PVP sales 1 (4544458); Storica Analitica visura per immobile - Catasto Fabbricati."
"visura-storica","CZ","GIZZERIA","26","637","","T","","analitica","","","PVP sales 1 (4544458); Storica Analitica visura per immobile - Catasto Terreni."
"visura-storica","CZ","GIZZERIA","36","1280","6","F","","analitica","","","PVP sales 2 (4432028,4491590); Storica Analitica visura per immobile - Catasto Fabbricati."
"visura-storica","CZ","GIZZERIA","36","1388","","F","","analitica","","","PVP sales 3 (2092791,2092796,2092852); Storica Analitica visura per immobile - Catasto Fabbricati."
"visura-storica","CZ","GIZZERIA","36","1388","","T","","analitica","","","PVP sales 3 (2092791,2092796,2092852); Storica Analitica visura per immobile - Catasto Terreni."
"visura-storica","CZ","GIZZERIA","36","1482","1","F","","analitica","","","PVP sales 1 (4531964); Storica Analitica visura per immobile - Catasto Fabbricati."
"visura-storica","CZ","GIZZERIA","36","203","29","F","","analitica","","","PVP sales 1 (4544440); Storica Analitica visura per immobile - Catasto Fabbricati."
"visura-storica","CZ","GIZZERIA","37","191","18","F","","analitica","","","PVP sales 3 (4464970,4512654,4562216); Storica Analitica visura per immobile - Catasto Fabbricati."
"visura-storica","CZ","GIZZERIA","37","191","28","F","","analitica","","","PVP sales 3 (4446880,4504342,4553978); Storica Analitica visura per immobile - Catasto Fabbricati."
"visura-storica","CZ","GIZZERIA","37","191","54","F","","analitica","","","PVP sales 3 (4464970,4512654,4562216); Storica Analitica visura per immobile - Catasto Fabbricati."
"visura-storica","CZ","GIZZERIA","37","857","","F","","analitica","","","PVP sales 2 (1428156,1621631); Storica Analitica visura per immobile - Catasto Fabbricati."
"visura-storica","CZ","GIZZERIA","37","857","","T","","analitica","","","PVP sales 2 (1428156,1621631); Storica Analitica visura per immobile - Catasto Terreni."
"visura-storica","CZ","GIZZERIA","37","858","","F","","analitica","","","PVP sales 2 (1428156,1621631); Storica Analitica visura per immobile - Catasto Fabbricati."
"visura-storica","CZ","GIZZERIA","37","858","","T","","analitica","","","PVP sales 2 (1428156,1621631); Storica Analitica visura per immobile - Catasto Terreni."
"visura-storica","CZ","GIZZERIA","37","859","1","F","","analitica","","","PVP sales 2 (1428156,1621631); Storica Analitica visura per immobile - Catasto Fabbricati."
"visura-storica","CZ","GIZZERIA","37","859","2","F","","analitica","","","PVP sales 2 (1428156,1621631); Storica Analitica visura per immobile - Catasto Fabbricati."
"visura-storica","CZ","GUARDAVALLE","29","650","3","F","","analitica","","","PVP sales 1 (1492180); Storica Analitica visura per immobile - Catasto Fabbricati."
"visura-storica","CZ","GUARDAVALLE","30","1544","3","F","","analitica","","","PVP sales 1 (4244132); Storica Analitica visura per immobile - Catasto Fabbricati."
"visura-storica","CZ","GUARDAVALLE","30","429","3","F","","analitica","","","PVP sales 3 (2089564,4402129,4456355); Storica Analitica visura per immobile - Catasto Fabbricati."
"visura-storica","CZ","GUARDAVALLE","60","157","4","F","","analitica","","","PVP sales 1 (1578046); Storica Analitica visura per immobile - Catasto Fabbricati."
"visura-storica","CZ","GUARDAVALLE","60","157","6","F","","analitica","","","PVP sales 1 (1578046); Storica Analitica visura per immobile - Catasto Fabbricati."
"visura-storica","CZ","GUARDAVALLE","60","351","3","F","","analitica","","","PVP sales 1 (2169144); Storica Analitica visura per immobile - Catasto Fabbricati."
"visura-storica","CZ","GUARDAVALLE","60","351","4","F","","analitica","","","PVP sales 1 (2169144); Storica Analitica visura per immobile - Catasto Fabbricati."
"visura-storica","CZ","GUARDAVALLE","60","351","5","F","","analitica","","","PVP sales 1 (2169144); Storica Analitica visura per immobile - Catasto Fabbricati."
"visura-storica","CZ","GUARDAVALLE","60","351","6","F","","analitica","","","PVP sales 1 (2169144); Storica Analitica visura per immobile - Catasto Fabbricati."
"visura-storica","CZ","GUARDAVALLE","60","351","7","F","","analitica","","","PVP sales 1 (2169144); Storica Analitica visura per immobile - Catasto Fabbricati."
"visura-storica","CZ","GUARDAVALLE","60","351","9","F","","analitica","","","PVP sales 1 (2169144); Storica Analitica visura per immobile - Catasto Fabbricati."
"visura-storica","CZ","GUARDAVALLE","64","37","","F","","analitica","","","PVP sales 3 (2097219,2143774,4242412); Storica Analitica visura per immobile - Catasto Fabbricati."
"visura-storica","CZ","GUARDAVALLE","64","37","","T","","analitica","","","PVP sales 3 (2097219,2143774,4242412); Storica Analitica visura per immobile - Catasto Terreni."
"visura-storica","CZ","GUARDAVALLE","64","38","","F","","analitica","","","PVP sales 3 (2097219,2143774,4242412); Storica Analitica visura per immobile - Catasto Fabbricati."
"visura-storica","CZ","GUARDAVALLE","64","38","","T","","analitica","","","PVP sales 3 (2097219,2143774,4242412); Storica Analitica visura per immobile - Catasto Terreni."
"visura-storica","CZ","GUARDAVALLE","64","39","","F","","analitica","","","PVP sales 3 (2097219,2143774,4242412); Storica Analitica visura per immobile - Catasto Fabbricati."
"visura-storica","CZ","GUARDAVALLE","64","39","","T","","analitica","","","PVP sales 3 (2097219,2143774,4242412); Storica Analitica visura per immobile - Catasto Terreni."
"visura-storica","CZ","ISCA SULLO IONIO","1","511","1","F","","analitica","","","PVP sales 1 (4490320); Storica Analitica visura per immobile - Catasto Fabbricati."
"visura-storica","CZ","ISCA SULLO IONIO","1","511","2","F","","analitica","","","PVP sales 1 (4490320); Storica Analitica visura per immobile - Catasto Fabbricati."
"visura-storica","CZ","ISCA SULLO IONIO","19","190","8","F","","analitica","","","PVP sales 2 (2113258,2186727); Storica Analitica visura per immobile - Catasto Fabbricati."
"visura-storica","CZ","ISCA SULLO IONIO","19","190","9","F","","analitica","","","PVP sales 2 (2113253,2186725); Storica Analitica visura per immobile - Catasto Fabbricati."
"visura-storica","CZ","ISCA SULLO IONIO","23","163","6","F","","analitica","","","PVP sales 1 (4426407); Storica Analitica visura per immobile - Catasto Fabbricati."
"visura-storica","CZ","ISCA SULLO IONIO","24","351","13","F","","analitica","","","PVP sales 2 (4490376,4534976); Storica Analitica visura per immobile - Catasto Fabbricati."
"visura-storica","CZ","ISCA SULLO IONIO","24","351","7","F","","analitica","","","PVP sales 2 (4490376,4534976); Storica Analitica visura per immobile - Catasto Fabbricati."
"visura-storica","CZ","ISCA SULLO IONIO","5","401","","F","","analitica","","","PVP sales 1 (4490309); Storica Analitica visura per immobile - Catasto Fabbricati."
"visura-storica","CZ","ISCA SULLO IONIO","5","401","","T","","analitica","","","PVP sales 1 (4490309); Storica Analitica visura per immobile - Catasto Terreni."
"visura-storica","CZ","ISCA SULLO IONIO","5","423","","F","","analitica","","","PVP sales 2 (4490320,4534994); Storica Analitica visura per immobile - Catasto Fabbricati."
"visura-storica","CZ","ISCA SULLO IONIO","5","423","","T","","analitica","","","PVP sales 2 (4490320,4534994); Storica Analitica visura per immobile - Catasto Terreni."
"visura-storica","CZ","ISCA SULLO IONIO","5","426","","F","","analitica","","","PVP sales 1 (4490309); Storica Analitica visura per immobile - Catasto Fabbricati."
"visura-storica","CZ","ISCA SULLO IONIO","5","426","","T","","analitica","","","PVP sales 1 (4490309); Storica Analitica visura per immobile - Catasto Terreni."
"visura-storica","CZ","ISCA SULLO IONIO","5","429","","F","","analitica","","","PVP sales 1 (4490309); Storica Analitica visura per immobile - Catasto Fabbricati."
"visura-storica","CZ","ISCA SULLO IONIO","5","429","","T","","analitica","","","PVP sales 1 (4490309); Storica Analitica visura per immobile - Catasto Terreni."
"visura-storica","CZ","ISCA SULLO IONIO","5","510","","F","","analitica","","","PVP sales 2 (4490320,4534994); Storica Analitica visura per immobile - Catasto Fabbricati."
"visura-storica","CZ","ISCA SULLO IONIO","5","510","","T","","analitica","","","PVP sales 2 (4490320,4534994); Storica Analitica visura per immobile - Catasto Terreni."
"visura-storica","CZ","ISCA SULLO IONIO","5","511","1","F","","analitica","","","PVP sales 2 (4490320,4534994); Storica Analitica visura per immobile - Catasto Fabbricati."
"visura-storica","CZ","ISCA SULLO IONIO","5","511","2","F","","analitica","","","PVP sales 1 (4534994); Storica Analitica visura per immobile - Catasto Fabbricati."
"visura-storica","CZ","LAMEZIA TERME","1","416","14","F","","analitica","","","PVP sales 1 (1850844); Storica Analitica visura per immobile - Catasto Fabbricati."
"visura-storica","CZ","LAMEZIA TERME","12","1105","1","F","","analitica","","","PVP sales 2 (4230865,4418752); Storica Analitica visura per immobile - Catasto Fabbricati."
"visura-storica","CZ","LAMEZIA TERME","12","1112","2","F","","analitica","","","PVP sales 2 (4230865,4418752); Storica Analitica visura per immobile - Catasto Fabbricati."
"visura-storica","CZ","LAMEZIA TERME","12","1112","3","F","","analitica","","","PVP sales 2 (4230865,4418752); Storica Analitica visura per immobile - Catasto Fabbricati."
"visura-storica","CZ","LAMEZIA TERME","12","1230","2","F","","analitica","","","PVP sales 2 (4230865,4418752); Storica Analitica visura per immobile - Catasto Fabbricati."
"visura-storica","CZ","LAMEZIA TERME","12","1239","","F","","analitica","","","PVP sales 2 (4230865,4418752); Storica Analitica visura per immobile - Catasto Fabbricati."
"visura-storica","CZ","LAMEZIA TERME","12","1239","","T","","analitica","","","PVP sales 2 (4230865,4418752); Storica Analitica visura per immobile - Catasto Terreni."
"visura-storica","CZ","LAMEZIA TERME","12","1240","","F","","analitica","","","PVP sales 2 (4230865,4418752); Storica Analitica visura per immobile - Catasto Fabbricati."
"visura-storica","CZ","LAMEZIA TERME","12","1240","","T","","analitica","","","PVP sales 2 (4230865,4418752); Storica Analitica visura per immobile - Catasto Terreni."
"visura-storica","CZ","LAMEZIA TERME","12","271","1","F","","analitica","","","PVP sales 2 (878678,1011233); Storica Analitica visura per immobile - Catasto Fabbricati."
"visura-storica","CZ","LAMEZIA TERME","14","179","28","F","","analitica","","","PVP sales 1 (305847); Storica Analitica visura per immobile - Catasto Fabbricati."
"visura-storica","CZ","LAMEZIA TERME","14","179","7","F","","analitica","","","PVP sales 1 (305847); Storica Analitica visura per immobile - Catasto Fabbricati."
"visura-storica","CZ","LAMEZIA TERME","14","923","87","F","","analitica","","","PVP sales 1 (4432050); Storica Analitica visura per immobile - Catasto Fabbricati."
"visura-storica","CZ","LAMEZIA TERME","14","923","88","F","","analitica","","","PVP sales 1 (4432037); Storica Analitica visura per immobile - Catasto Fabbricati."
"visura-storica","CZ","LAMEZIA TERME","14","924","","F","","analitica","","","PVP sales 1 (4432052); Storica Analitica visura per immobile - Catasto Fabbricati."
"visura-storica","CZ","LAMEZIA TERME","14","924","","T","","analitica","","","PVP sales 1 (4432052); Storica Analitica visura per immobile - Catasto Terreni."
"visura-storica","CZ","LAMEZIA TERME","16","1091","2","F","","analitica","","","PVP sales 3 (1529078,1677539,4504333); Storica Analitica visura per immobile - Catasto Fabbricati."
"visura-storica","CZ","LAMEZIA TERME","16","693","1","F","","analitica","","","PVP sales 1 (4558731); Storica Analitica visura per immobile - Catasto Fabbricati."
"visura-storica","CZ","LAMEZIA TERME","16","693","3","F","","analitica","","","PVP sales 1 (4558826); Storica Analitica visura per immobile - Catasto Fabbricati."
"visura-storica","CZ","LAMEZIA TERME","16","693","4","F","","analitica","","","PVP sales 1 (4558837); Storica Analitica visura per immobile - Catasto Fabbricati."
"visura-storica","CZ","LAMEZIA TERME","16","693","8","F","","analitica","","","PVP sales 1 (4558842); Storica Analitica visura per immobile - Catasto Fabbricati."
"visura-storica","CZ","LAMEZIA TERME","20","365","26","F","","analitica","","","PVP sales 1 (2143917); Storica Analitica visura per immobile - Catasto Fabbricati."
"visura-storica","CZ","LAMEZIA TERME","20","455","25","F","","analitica","","","PVP sales 2 (4467443,4536263); Storica Analitica visura per immobile - Catasto Fabbricati."
"visura-storica","CZ","LAMEZIA TERME","20","455","29","F","","analitica","","","PVP sales 2 (4467443,4536263); Storica Analitica visura per immobile - Catasto Fabbricati."
"visura-storica","CZ","LAMEZIA TERME","20","784","","F","","analitica","","","PVP sales 2 (1502808,1688583); Storica Analitica visura per immobile - Catasto Fabbricati."
"visura-storica","CZ","LAMEZIA TERME","20","784","","T","","analitica","","","PVP sales 2 (1502808,1688583); Storica Analitica visura per immobile - Catasto Terreni."
"visura-storica","CZ","LAMEZIA TERME","20","784","41","F","","analitica","","","PVP sales 2 (1502745,1688571); Storica Analitica visura per immobile - Catasto Fabbricati."
"visura-storica","CZ","LAMEZIA TERME","21","381","1101","F","","analitica","","","PVP sales 1 (4534234); Storica Analitica visura per immobile - Catasto Fabbricati."
"visura-storica","CZ","LAMEZIA TERME","21","82","12","F","","analitica","","","PVP sales 2 (4415424,4511439); Storica Analitica visura per immobile - Catasto Fabbricati."
"visura-storica","CZ","LAMEZIA TERME","23","234","18","F","","analitica","","","PVP sales 1 (739962); Storica Analitica visura per immobile - Catasto Fabbricati."
"visura-storica","CZ","LAMEZIA TERME","23","289","184","F","","analitica","","","PVP sales 1 (2095402); Storica Analitica visura per immobile - Catasto Fabbricati."
"visura-storica","CZ","LAMEZIA TERME","23","289","31","F","","analitica","","","PVP sales 1 (2095402); Storica Analitica visura per immobile - Catasto Fabbricati."
"visura-storica","CZ","LAMEZIA TERME","24","1043","1","F","","analitica","","","PVP sales 1 (863869); Storica Analitica visura per immobile - Catasto Fabbricati."
"visura-storica","CZ","LAMEZIA TERME","24","1174","","F","","analitica","","","PVP sales 1 (4248699); Storica Analitica visura per immobile - Catasto Fabbricati."
"visura-storica","CZ","LAMEZIA TERME","24","1174","","T","","analitica","","","PVP sales 1 (4248699); Storica Analitica visura per immobile - Catasto Terreni."
"visura-storica","CZ","LAMEZIA TERME","24","1321","4","F","","analitica","","","PVP sales 3 (2086022,2185285,4243978); Storica Analitica visura per immobile - Catasto Fabbricati."
"visura-storica","CZ","LAMEZIA TERME","24","15","","F","","analitica","","","PVP sales 1 (4248716); Storica Analitica visura per immobile - Catasto Fabbricati."
"visura-storica","CZ","LAMEZIA TERME","24","15","","T","","analitica","","","PVP sales 1 (4248716); Storica Analitica visura per immobile - Catasto Terreni."
"visura-storica","CZ","LAMEZIA TERME","24","16","","F","","analitica","","","PVP sales 1 (4248716); Storica Analitica visura per immobile - Catasto Fabbricati."
"visura-storica","CZ","LAMEZIA TERME","24","16","","T","","analitica","","","PVP sales 1 (4248716); Storica Analitica visura per immobile - Catasto Terreni."
"visura-storica","CZ","LAMEZIA TERME","24","164","","F","","analitica","","","PVP sales 1 (4248699); Storica Analitica visura per immobile - Catasto Fabbricati."
"visura-storica","CZ","LAMEZIA TERME","24","164","","T","","analitica","","","PVP sales 1 (4248699); Storica Analitica visura per immobile - Catasto Terreni."
"visura-storica","CZ","LAMEZIA TERME","24","2096","","F","","analitica","","","PVP sales 1 (2100996); Storica Analitica visura per immobile - Catasto Fabbricati."
"visura-storica","CZ","LAMEZIA TERME","24","2096","","T","","analitica","","","PVP sales 1 (2100996); Storica Analitica visura per immobile - Catasto Terreni."
"visura-storica","CZ","LAMEZIA TERME","24","601","29","F","","analitica","","","PVP sales 1 (4517914); Storica Analitica visura per immobile - Catasto Fabbricati."
"visura-storica","CZ","LAMEZIA TERME","24","774","14","F","","analitica","","","PVP sales 2 (4462092,4517894); Storica Analitica visura per immobile - Catasto Fabbricati."
"visura-storica","CZ","LAMEZIA TERME","24","798","","F","","analitica","","","PVP sales 2 (4276515,4276516); Storica Analitica visura per immobile - Catasto Fabbricati."
"visura-storica","CZ","LAMEZIA TERME","24","798","","T","","analitica","","","PVP sales 2 (4276515,4276516); Storica Analitica visura per immobile - Catasto Terreni."
"visura-storica","CZ","LAMEZIA TERME","27","31","","F","","analitica","","","PVP sales 2 (4251665,4454990); Storica Analitica visura per immobile - Catasto Fabbricati."
"visura-storica","CZ","LAMEZIA TERME","27","31","","T","","analitica","","","PVP sales 2 (4251665,4454990); Storica Analitica visura per immobile - Catasto Terreni."
"visura-storica","CZ","LAMEZIA TERME","27","85","1","F","","analitica","","","PVP sales 4 (1958601,2053292,2118884,2251869); Storica Analitica visura per immobile - Catasto Fabbricati."
"visura-storica","CZ","LAMEZIA TERME","27","85","2","F","","analitica","","","PVP sales 2 (1447930,1642240); Storica Analitica visura per immobile - Catasto Fabbricati."
"visura-storica","CZ","LAMEZIA TERME","31","548","1107","F","","analitica","","","PVP sales 2 (2085956,2156110); Storica Analitica visura per immobile - Catasto Fabbricati."
"visura-storica","CZ","LAMEZIA TERME","31","548","1108","F","","analitica","","","PVP sales 2 (2085956,2156110); Storica Analitica visura per immobile - Catasto Fabbricati."
"visura-storica","CZ","LAMEZIA TERME","31","554","5","F","","analitica","","","PVP sales 1 (4478672); Storica Analitica visura per immobile - Catasto Fabbricati."
"visura-storica","CZ","LAMEZIA TERME","32","109","4","F","","analitica","","","PVP sales 1 (4485863); Storica Analitica visura per immobile - Catasto Fabbricati."
"visura-storica","CZ","LAMEZIA TERME","32","112","","F","","analitica","","","PVP sales 3 (4415781,4457537,4533807); Storica Analitica visura per immobile - Catasto Fabbricati."
"visura-storica","CZ","LAMEZIA TERME","32","112","","T","","analitica","","","PVP sales 3 (4415781,4457537,4533807); Storica Analitica visura per immobile - Catasto Terreni."
"visura-storica","CZ","LAMEZIA TERME","32","116","","F","","analitica","","","PVP sales 3 (4415781,4457537,4533807); Storica Analitica visura per immobile - Catasto Fabbricati."
"visura-storica","CZ","LAMEZIA TERME","32","116","","T","","analitica","","","PVP sales 3 (4415781,4457537,4533807); Storica Analitica visura per immobile - Catasto Terreni."
"visura-storica","CZ","LAMEZIA TERME","32","117","1","F","","analitica","","","PVP sales 3 (4415805,4457543,4534443); Storica Analitica visura per immobile - Catasto Fabbricati."
"visura-storica","CZ","LAMEZIA TERME","32","117","2","F","","analitica","","","PVP sales 3 (4415805,4457543,4534443); Storica Analitica visura per immobile - Catasto Fabbricati."
"visura-storica","CZ","LAMEZIA TERME","32","117","3","F","","analitica","","","PVP sales 3 (4415805,4457543,4534443); Storica Analitica visura per immobile - Catasto Fabbricati."
"visura-storica","CZ","LAMEZIA TERME","32","2125","","F","","analitica","","","PVP sales 1 (4472707); Storica Analitica visura per immobile - Catasto Fabbricati."
"visura-storica","CZ","LAMEZIA TERME","32","2125","","T","","analitica","","","PVP sales 1 (4472707); Storica Analitica visura per immobile - Catasto Terreni."
"visura-storica","CZ","LAMEZIA TERME","32","2126","","F","","analitica","","","PVP sales 1 (4472707); Storica Analitica visura per immobile - Catasto Fabbricati."
"visura-storica","CZ","LAMEZIA TERME","32","2126","","T","","analitica","","","PVP sales 1 (4472707); Storica Analitica visura per immobile - Catasto Terreni."
"visura-storica","CZ","LAMEZIA TERME","32","36","","F","","analitica","","","PVP sales 1 (796889); Storica Analitica visura per immobile - Catasto Fabbricati."
"visura-storica","CZ","LAMEZIA TERME","32","36","","T","","analitica","","","PVP sales 1 (796889); Storica Analitica visura per immobile - Catasto Terreni."
"visura-storica","CZ","LAMEZIA TERME","32","65","","F","","analitica","","","PVP sales 3 (4415781,4457537,4533807); Storica Analitica visura per immobile - Catasto Fabbricati."
"visura-storica","CZ","LAMEZIA TERME","32","65","","T","","analitica","","","PVP sales 3 (4415781,4457537,4533807); Storica Analitica visura per immobile - Catasto Terreni."
"visura-storica","CZ","LAMEZIA TERME","32","66","","F","","analitica","","","PVP sales 3 (4415781,4457537,4533807); Storica Analitica visura per immobile - Catasto Fabbricati."
"visura-storica","CZ","LAMEZIA TERME","32","66","","T","","analitica","","","PVP sales 3 (4415781,4457537,4533807); Storica Analitica visura per immobile - Catasto Terreni."
"visura-storica","CZ","LAMEZIA TERME","32","920","8","F","","analitica","","","PVP sales 4 (4241472,4415821,4453434,4506907); Storica Analitica visura per immobile - Catasto Fabbricati."
"visura-storica","CZ","LAMEZIA TERME","32","931","19","F","","analitica","","","PVP sales 1 (4472707); Storica Analitica visura per immobile - Catasto Fabbricati."
"visura-storica","CZ","LAMEZIA TERME","32","931","25","F","","analitica","","","PVP sales 1 (4472777); Storica Analitica visura per immobile - Catasto Fabbricati."
"visura-storica","CZ","LAMEZIA TERME","32","931","27","F","","analitica","","","PVP sales 1 (4472777); Storica Analitica visura per immobile - Catasto Fabbricati."
"visura-storica","CZ","LAMEZIA TERME","32","931","8","F","","analitica","","","PVP sales 1 (4472767); Storica Analitica visura per immobile - Catasto Fabbricati."
"visura-storica","CZ","LAMEZIA TERME","32","932","20","F","","analitica","","","PVP sales 1 (4472707); Storica Analitica visura per immobile - Catasto Fabbricati."
"visura-storica","CZ","LAMEZIA TERME","32","943","","F","","analitica","","","PVP sales 2 (2203136,2203211); Storica Analitica visura per immobile - Catasto Fabbricati."
"visura-storica","CZ","LAMEZIA TERME","32","943","","T","","analitica","","","PVP sales 2 (2203136,2203211); Storica Analitica visura per immobile - Catasto Terreni."
"visura-storica","CZ","LAMEZIA TERME","32","943","4","F","","analitica","","","PVP sales 1 (2118576); Storica Analitica visura per immobile - Catasto Fabbricati."
"visura-storica","CZ","LAMEZIA TERME","32","943","8","F","","analitica","","","PVP sales 2 (2068984,2123986); Storica Analitica visura per immobile - Catasto Fabbricati."
"visura-storica","CZ","LAMEZIA TERME","34","222","1","F","","analitica","","","PVP sales 3 (4445317,4488401,4529229); Storica Analitica visura per immobile - Catasto Fabbricati."
"visura-storica","CZ","LAMEZIA TERME","34","222","2","F","","analitica","","","PVP sales 3 (4445356,4488441,4529253); Storica Analitica visura per immobile - Catasto Fabbricati."
"visura-storica","CZ","LAMEZIA TERME","34","364","1","F","","analitica","","","PVP sales 1 (4424799); Storica Analitica visura per immobile - Catasto Fabbricati."
"visura-storica","CZ","LAMEZIA TERME","34","364","2","F","","analitica","","","PVP sales 1 (4424806); Storica Analitica visura per immobile - Catasto Fabbricati."
"visura-storica","CZ","LAMEZIA TERME","37","1513","8","F","","analitica","","","PVP sales 1 (4544420); Storica Analitica visura per immobile - Catasto Fabbricati."
"visura-storica","CZ","LAMEZIA TERME","37","1513","9","F","","analitica","","","PVP sales 1 (4544420); Storica Analitica visura per immobile - Catasto Fabbricati."
"visura-storica","CZ","LAMEZIA TERME","37","1596","1","F","","analitica","","","PVP sales 4 (863974,4407929,4479229,4558157); Storica Analitica visura per immobile - Catasto Fabbricati."
"visura-storica","CZ","LAMEZIA TERME","37","1694","","F","","analitica","","","PVP sales 1 (4432037); Storica Analitica visura per immobile - Catasto Fabbricati."
"visura-storica","CZ","LAMEZIA TERME","37","1694","","T","","analitica","","","PVP sales 1 (4432037); Storica Analitica visura per immobile - Catasto Terreni."
"visura-storica","CZ","LAMEZIA TERME","37","1814","1","F","","analitica","","","PVP sales 2 (4406721,4466228); Storica Analitica visura per immobile - Catasto Fabbricati."
"visura-storica","CZ","LAMEZIA TERME","37","2073","1","F","","analitica","","","PVP sales 1 (4544434); Storica Analitica visura per immobile - Catasto Fabbricati."
"visura-storica","CZ","LAMEZIA TERME","37","2073","2","F","","analitica","","","PVP sales 1 (4544434); Storica Analitica visura per immobile - Catasto Fabbricati."
"visura-storica","CZ","LAMEZIA TERME","37","233","","F","","analitica","","","PVP sales 4 (2097027,2132210,2182155,2243848); Storica Analitica visura per immobile - Catasto Fabbricati."
"visura-storica","CZ","LAMEZIA TERME","37","233","","T","","analitica","","","PVP sales 4 (2097027,2132210,2182155,2243848); Storica Analitica visura per immobile - Catasto Terreni."
"visura-storica","CZ","LAMEZIA TERME","37","488","2","F","","analitica","","","PVP sales 1 (4240483); Storica Analitica visura per immobile - Catasto Fabbricati."
"visura-storica","CZ","LAMEZIA TERME","37","488","20","F","","analitica","","","PVP sales 1 (4240507); Storica Analitica visura per immobile - Catasto Fabbricati."
"visura-storica","CZ","LAMEZIA TERME","37","488","21","F","","analitica","","","PVP sales 1 (4240482); Storica Analitica visura per immobile - Catasto Fabbricati."
"visura-storica","CZ","LAMEZIA TERME","37","488","23","F","","analitica","","","PVP sales 1 (4240503); Storica Analitica visura per immobile - Catasto Fabbricati."
"visura-storica","CZ","LAMEZIA TERME","37","719","","F","","analitica","","","PVP sales 1 (4432038); Storica Analitica visura per immobile - Catasto Fabbricati."
"visura-storica","CZ","LAMEZIA TERME","37","719","","T","","analitica","","","PVP sales 1 (4432038); Storica Analitica visura per immobile - Catasto Terreni."
"visura-storica","CZ","LAMEZIA TERME","37","830","","F","","analitica","","","PVP sales 1 (4432037); Storica Analitica visura per immobile - Catasto Fabbricati."
"visura-storica","CZ","LAMEZIA TERME","37","830","","T","","analitica","","","PVP sales 1 (4432037); Storica Analitica visura per immobile - Catasto Terreni."
"visura-storica","CZ","LAMEZIA TERME","37","929","3","F","","analitica","","","PVP sales 1 (4544438); Storica Analitica visura per immobile - Catasto Fabbricati."
"visura-storica","CZ","LAMEZIA TERME","37","929","7","F","","analitica","","","PVP sales 1 (4544436); Storica Analitica visura per immobile - Catasto Fabbricati."
"visura-storica","CZ","LAMEZIA TERME","38","883","3","F","","analitica","","","PVP sales 1 (4515825); Storica Analitica visura per immobile - Catasto Fabbricati."
"visura-storica","CZ","LAMEZIA TERME","39","706","","F","","analitica","","","PVP sales 4 (2096890,2132152,2182079,2243834); Storica Analitica visura per immobile - Catasto Fabbricati."
"visura-storica","CZ","LAMEZIA TERME","39","706","","T","","analitica","","","PVP sales 4 (2096890,2132152,2182079,2243834); Storica Analitica visura per immobile - Catasto Terreni."
"visura-storica","CZ","LAMEZIA TERME","41","33","10","F","","analitica","","","PVP sales 1 (4515809); Storica Analitica visura per immobile - Catasto Fabbricati."
"visura-storica","CZ","LAMEZIA TERME","43","333","","F","","analitica","","","PVP sales 1 (4558871); Storica Analitica visura per immobile - Catasto Fabbricati."
"visura-storica","CZ","LAMEZIA TERME","43","333","","T","","analitica","","","PVP sales 1 (4558871); Storica Analitica visura per immobile - Catasto Terreni."
"visura-storica","CZ","LAMEZIA TERME","43","538","","F","","analitica","","","PVP sales 1 (4558877); Storica Analitica visura per immobile - Catasto Fabbricati."
"visura-storica","CZ","LAMEZIA TERME","43","538","","T","","analitica","","","PVP sales 1 (4558877); Storica Analitica visura per immobile - Catasto Terreni."
"visura-storica","CZ","LAMEZIA TERME","43","539","","F","","analitica","","","PVP sales 1 (4558861); Storica Analitica visura per immobile - Catasto Fabbricati."
"visura-storica","CZ","LAMEZIA TERME","43","539","","T","","analitica","","","PVP sales 1 (4558861); Storica Analitica visura per immobile - Catasto Terreni."
"visura-storica","CZ","LAMEZIA TERME","43","540","","F","","analitica","","","PVP sales 1 (4558883); Storica Analitica visura per immobile - Catasto Fabbricati."
"visura-storica","CZ","LAMEZIA TERME","43","540","","T","","analitica","","","PVP sales 1 (4558883); Storica Analitica visura per immobile - Catasto Terreni."
"visura-storica","CZ","LAMEZIA TERME","43","541","","F","","analitica","","","PVP sales 1 (4558892); Storica Analitica visura per immobile - Catasto Fabbricati."
"visura-storica","CZ","LAMEZIA TERME","43","541","","T","","analitica","","","PVP sales 1 (4558892); Storica Analitica visura per immobile - Catasto Terreni."
"visura-storica","CZ","LAMEZIA TERME","43","543","","F","","analitica","","","PVP sales 1 (4558849); Storica Analitica visura per immobile - Catasto Fabbricati."
"visura-storica","CZ","LAMEZIA TERME","43","543","","T","","analitica","","","PVP sales 1 (4558849); Storica Analitica visura per immobile - Catasto Terreni."
"visura-storica","CZ","LAMEZIA TERME","43","637","","F","","analitica","","","PVP sales 1 (4544443); Storica Analitica visura per immobile - Catasto Fabbricati."
"visura-storica","CZ","LAMEZIA TERME","43","637","","T","","analitica","","","PVP sales 1 (4544443); Storica Analitica visura per immobile - Catasto Terreni."
"visura-storica","CZ","LAMEZIA TERME","44","1308","","F","","analitica","","","PVP sales 2 (434990,794766); Storica Analitica visura per immobile - Catasto Fabbricati."
"visura-storica","CZ","LAMEZIA TERME","44","1308","","T","","analitica","","","PVP sales 2 (434990,794766); Storica Analitica visura per immobile - Catasto Terreni."
"visura-storica","CZ","LAMEZIA TERME","44","1309","","F","","analitica","","","PVP sales 2 (434990,794766); Storica Analitica visura per immobile - Catasto Fabbricati."
"visura-storica","CZ","LAMEZIA TERME","44","1309","","T","","analitica","","","PVP sales 2 (434990,794766); Storica Analitica visura per immobile - Catasto Terreni."
"visura-storica","CZ","LAMEZIA TERME","44","162","","F","","analitica","","","PVP sales 2 (434990,794766); Storica Analitica visura per immobile - Catasto Fabbricati."
"visura-storica","CZ","LAMEZIA TERME","44","162","","T","","analitica","","","PVP sales 2 (434990,794766); Storica Analitica visura per immobile - Catasto Terreni."
"visura-storica","CZ","LAMEZIA TERME","44","164","","F","","analitica","","","PVP sales 2 (434990,794766); Storica Analitica visura per immobile - Catasto Fabbricati."
"visura-storica","CZ","LAMEZIA TERME","44","164","","T","","analitica","","","PVP sales 2 (434990,794766); Storica Analitica visura per immobile - Catasto Terreni."
"visura-storica","CZ","LAMEZIA TERME","44","204","","F","","analitica","","","PVP sales 1 (588018); Storica Analitica visura per immobile - Catasto Fabbricati."
"visura-storica","CZ","LAMEZIA TERME","44","204","","T","","analitica","","","PVP sales 1 (588018); Storica Analitica visura per immobile - Catasto Terreni."
"visura-storica","CZ","LAMEZIA TERME","44","545","","F","","analitica","","","PVP sales 2 (434990,794766); Storica Analitica visura per immobile - Catasto Fabbricati."
"visura-storica","CZ","LAMEZIA TERME","44","545","","T","","analitica","","","PVP sales 2 (434990,794766); Storica Analitica visura per immobile - Catasto Terreni."
"visura-storica","CZ","LAMEZIA TERME","44","555","","F","","analitica","","","PVP sales 2 (434990,794766); Storica Analitica visura per immobile - Catasto Fabbricati."
"visura-storica","CZ","LAMEZIA TERME","44","555","","T","","analitica","","","PVP sales 2 (434990,794766); Storica Analitica visura per immobile - Catasto Terreni."
"visura-storica","CZ","LAMEZIA TERME","44","658","4","F","","analitica","","","PVP sales 4 (739945,2068202,4388022,4496815); Storica Analitica visura per immobile - Catasto Fabbricati."
"visura-storica","CZ","LAMEZIA TERME","44","717","","F","","analitica","","","PVP sales 2 (434990,794766); Storica Analitica visura per immobile - Catasto Fabbricati."
"visura-storica","CZ","LAMEZIA TERME","44","717","","T","","analitica","","","PVP sales 2 (434990,794766); Storica Analitica visura per immobile - Catasto Terreni."
"visura-storica","CZ","LAMEZIA TERME","44","720","","F","","analitica","","","PVP sales 2 (434990,794766); Storica Analitica visura per immobile - Catasto Fabbricati."
"visura-storica","CZ","LAMEZIA TERME","44","720","","T","","analitica","","","PVP sales 2 (434990,794766); Storica Analitica visura per immobile - Catasto Terreni."
"visura-storica","CZ","LAMEZIA TERME","44","724","","F","","analitica","","","PVP sales 2 (434990,794766); Storica Analitica visura per immobile - Catasto Fabbricati."
"visura-storica","CZ","LAMEZIA TERME","44","724","","T","","analitica","","","PVP sales 2 (434990,794766); Storica Analitica visura per immobile - Catasto Terreni."
"visura-storica","CZ","LAMEZIA TERME","44","728","","F","","analitica","","","PVP sales 2 (434990,794766); Storica Analitica visura per immobile - Catasto Fabbricati."
"visura-storica","CZ","LAMEZIA TERME","44","728","","T","","analitica","","","PVP sales 2 (434990,794766); Storica Analitica visura per immobile - Catasto Terreni."
"visura-storica","CZ","LAMEZIA TERME","45","375","2","F","","analitica","","","PVP sales 1 (2246373); Storica Analitica visura per immobile - Catasto Fabbricati."
"visura-storica","CZ","LAMEZIA TERME","45","376","2","F","","analitica","","","PVP sales 1 (2246373); Storica Analitica visura per immobile - Catasto Fabbricati."
"visura-storica","CZ","LAMEZIA TERME","46","221","","F","","analitica","","","PVP sales 1 (4286005); Storica Analitica visura per immobile - Catasto Fabbricati."
"visura-storica","CZ","LAMEZIA TERME","46","221","","T","","analitica","","","PVP sales 1 (4286005); Storica Analitica visura per immobile - Catasto Terreni."
"visura-storica","CZ","LAMEZIA TERME","46","222","","F","","analitica","","","PVP sales 1 (4286005); Storica Analitica visura per immobile - Catasto Fabbricati."
"visura-storica","CZ","LAMEZIA TERME","46","222","","T","","analitica","","","PVP sales 1 (4286005); Storica Analitica visura per immobile - Catasto Terreni."
"visura-storica","CZ","LAMEZIA TERME","46","223","","F","","analitica","","","PVP sales 1 (4286005); Storica Analitica visura per immobile - Catasto Fabbricati."
"visura-storica","CZ","LAMEZIA TERME","46","223","","T","","analitica","","","PVP sales 1 (4286005); Storica Analitica visura per immobile - Catasto Terreni."
"visura-storica","CZ","LAMEZIA TERME","46","255","","F","","analitica","","","PVP sales 1 (4286005); Storica Analitica visura per immobile - Catasto Fabbricati."
"visura-storica","CZ","LAMEZIA TERME","46","255","","T","","analitica","","","PVP sales 1 (4286005); Storica Analitica visura per immobile - Catasto Terreni."
"visura-storica","CZ","LAMEZIA TERME","46","276","","F","","analitica","","","PVP sales 1 (4286008); Storica Analitica visura per immobile - Catasto Fabbricati."
"visura-storica","CZ","LAMEZIA TERME","46","276","","T","","analitica","","","PVP sales 1 (4286008); Storica Analitica visura per immobile - Catasto Terreni."
"visura-storica","CZ","LAMEZIA TERME","46","277","","F","","analitica","","","PVP sales 1 (4286008); Storica Analitica visura per immobile - Catasto Fabbricati."
"visura-storica","CZ","LAMEZIA TERME","46","277","","T","","analitica","","","PVP sales 1 (4286008); Storica Analitica visura per immobile - Catasto Terreni."
"visura-storica","CZ","LAMEZIA TERME","47","309","","F","","analitica","","","PVP sales 1 (4286036); Storica Analitica visura per immobile - Catasto Fabbricati."
"visura-storica","CZ","LAMEZIA TERME","47","309","","T","","analitica","","","PVP sales 1 (4286036); Storica Analitica visura per immobile - Catasto Terreni."
"visura-storica","CZ","LAMEZIA TERME","47","342","1","F","","analitica","","","PVP sales 4 (870456,4408329,4478646,4558229); Storica Analitica visura per immobile - Catasto Fabbricati."
"visura-storica","CZ","LAMEZIA TERME","47","342","2","F","","analitica","","","PVP sales 4 (870456,4408329,4478646,4558229); Storica Analitica visura per immobile - Catasto Fabbricati."
"visura-storica","CZ","LAMEZIA TERME","47","342","3","F","","analitica","","","PVP sales 4 (870456,4408329,4478646,4558229); Storica Analitica visura per immobile - Catasto Fabbricati."
"visura-storica","CZ","LAMEZIA TERME","47","379","","F","","analitica","","","PVP sales 1 (4286015); Storica Analitica visura per immobile - Catasto Fabbricati."
"visura-storica","CZ","LAMEZIA TERME","47","379","","T","","analitica","","","PVP sales 1 (4286015); Storica Analitica visura per immobile - Catasto Terreni."
"visura-storica","CZ","LAMEZIA TERME","47","380","","F","","analitica","","","PVP sales 1 (4285964); Storica Analitica visura per immobile - Catasto Fabbricati."
"visura-storica","CZ","LAMEZIA TERME","47","380","","T","","analitica","","","PVP sales 1 (4285964); Storica Analitica visura per immobile - Catasto Terreni."
"visura-storica","CZ","LAMEZIA TERME","47","381","","F","","analitica","","","PVP sales 1 (4285964); Storica Analitica visura per immobile - Catasto Fabbricati."
"visura-storica","CZ","LAMEZIA TERME","47","381","","T","","analitica","","","PVP sales 1 (4285964); Storica Analitica visura per immobile - Catasto Terreni."
"visura-storica","CZ","LAMEZIA TERME","47","382","","F","","analitica","","","PVP sales 1 (4285964); Storica Analitica visura per immobile - Catasto Fabbricati."
"visura-storica","CZ","LAMEZIA TERME","47","382","","T","","analitica","","","PVP sales 1 (4285964); Storica Analitica visura per immobile - Catasto Terreni."
"visura-storica","CZ","LAMEZIA TERME","47","383","","F","","analitica","","","PVP sales 1 (4286013); Storica Analitica visura per immobile - Catasto Fabbricati."
"visura-storica","CZ","LAMEZIA TERME","47","383","","T","","analitica","","","PVP sales 1 (4286013); Storica Analitica visura per immobile - Catasto Terreni."
"visura-storica","CZ","LAMEZIA TERME","47","384","","F","","analitica","","","PVP sales 1 (4285964); Storica Analitica visura per immobile - Catasto Fabbricati."
"visura-storica","CZ","LAMEZIA TERME","47","384","","T","","analitica","","","PVP sales 1 (4285964); Storica Analitica visura per immobile - Catasto Terreni."
"visura-storica","CZ","LAMEZIA TERME","47","390","1","F","","analitica","","","PVP sales 4 (863980,4407994,4479243,4558180); Storica Analitica visura per immobile - Catasto Fabbricati."
"visura-storica","CZ","LAMEZIA TERME","47","397/PARTE","","F","","analitica","","","PVP sales 1 (4286013); Storica Analitica visura per immobile - Catasto Fabbricati."
"visura-storica","CZ","LAMEZIA TERME","47","397/PARTE","","T","","analitica","","","PVP sales 1 (4286013); Storica Analitica visura per immobile - Catasto Terreni."
"visura-storica","CZ","LAMEZIA TERME","47","398/PARTE","","F","","analitica","","","PVP sales 1 (4286036); Storica Analitica visura per immobile - Catasto Fabbricati."
"visura-storica","CZ","LAMEZIA TERME","47","398/PARTE","","T","","analitica","","","PVP sales 1 (4286036); Storica Analitica visura per immobile - Catasto Terreni."
"visura-storica","CZ","LAMEZIA TERME","47","400","","F","","analitica","","","PVP sales 1 (4286013); Storica Analitica visura per immobile - Catasto Fabbricati."
"visura-storica","CZ","LAMEZIA TERME","47","400","","T","","analitica","","","PVP sales 1 (4286013); Storica Analitica visura per immobile - Catasto Terreni."
"visura-storica","CZ","LAMEZIA TERME","49","620","","F","","analitica","","","PVP sales 1 (4558868); Storica Analitica visura per immobile - Catasto Fabbricati."
"visura-storica","CZ","LAMEZIA TERME","49","620","","T","","analitica","","","PVP sales 1 (4558868); Storica Analitica visura per immobile - Catasto Terreni."
"visura-storica","CZ","LAMEZIA TERME","50","483","","F","","analitica","","","PVP sales 1 (2101055); Storica Analitica visura per immobile - Catasto Fabbricati."
"visura-storica","CZ","LAMEZIA TERME","50","483","","T","","analitica","","","PVP sales 1 (2101055); Storica Analitica visura per immobile - Catasto Terreni."
"visura-storica","CZ","LAMEZIA TERME","50","486","","F","","analitica","","","PVP sales 1 (2101055); Storica Analitica visura per immobile - Catasto Fabbricati."
"visura-storica","CZ","LAMEZIA TERME","50","486","","T","","analitica","","","PVP sales 1 (2101055); Storica Analitica visura per immobile - Catasto Terreni."
"visura-storica","CZ","LAMEZIA TERME","50","489","","F","","analitica","","","PVP sales 1 (2101055); Storica Analitica visura per immobile - Catasto Fabbricati."
"visura-storica","CZ","LAMEZIA TERME","50","489","","T","","analitica","","","PVP sales 1 (2101055); Storica Analitica visura per immobile - Catasto Terreni."
"visura-storica","CZ","LAMEZIA TERME","50","492","","F","","analitica","","","PVP sales 1 (2101055); Storica Analitica visura per immobile - Catasto Fabbricati."
"visura-storica","CZ","LAMEZIA TERME","50","492","","T","","analitica","","","PVP sales 1 (2101055); Storica Analitica visura per immobile - Catasto Terreni."
"visura-storica","CZ","LAMEZIA TERME","50","555","","F","","analitica","","","PVP sales 1 (2101055); Storica Analitica visura per immobile - Catasto Fabbricati."
"visura-storica","CZ","LAMEZIA TERME","50","555","","T","","analitica","","","PVP sales 1 (2101055); Storica Analitica visura per immobile - Catasto Terreni."
"visura-storica","CZ","LAMEZIA TERME","50","584","","F","","analitica","","","PVP sales 1 (2101055); Storica Analitica visura per immobile - Catasto Fabbricati."
"visura-storica","CZ","LAMEZIA TERME","50","584","","T","","analitica","","","PVP sales 1 (2101055); Storica Analitica visura per immobile - Catasto Terreni."
"visura-storica","CZ","LAMEZIA TERME","50","783","","F","","analitica","","","PVP sales 1 (393957); Storica Analitica visura per immobile - Catasto Fabbricati."
"visura-storica","CZ","LAMEZIA TERME","50","783","","T","","analitica","","","PVP sales 1 (393957); Storica Analitica visura per immobile - Catasto Terreni."
"visura-storica","CZ","LAMEZIA TERME","50","784","","F","","analitica","","","PVP sales 1 (393957); Storica Analitica visura per immobile - Catasto Fabbricati."
"visura-storica","CZ","LAMEZIA TERME","50","784","","T","","analitica","","","PVP sales 1 (393957); Storica Analitica visura per immobile - Catasto Terreni."
"visura-storica","CZ","LAMEZIA TERME","50","786","","F","","analitica","","","PVP sales 1 (393957); Storica Analitica visura per immobile - Catasto Fabbricati."
"visura-storica","CZ","LAMEZIA TERME","50","786","","T","","analitica","","","PVP sales 1 (393957); Storica Analitica visura per immobile - Catasto Terreni."
"visura-storica","CZ","LAMEZIA TERME","50","827","1","F","","analitica","","","PVP sales 1 (2068990); Storica Analitica visura per immobile - Catasto Fabbricati."
"visura-storica","CZ","LAMEZIA TERME","50","827","2","F","","analitica","","","PVP sales 1 (2068990); Storica Analitica visura per immobile - Catasto Fabbricati."
"visura-storica","CZ","LAMEZIA TERME","50","827","3","F","","analitica","","","PVP sales 1 (2068990); Storica Analitica visura per immobile - Catasto Fabbricati."
"visura-storica","CZ","LAMEZIA TERME","50","873","1","F","","analitica","","","PVP sales 2 (1678811,1922580); Storica Analitica visura per immobile - Catasto Fabbricati."
"visura-storica","CZ","LAMEZIA TERME","52","28","","F","","analitica","","","PVP sales 5 (2072533,2179104,4430978,4491118,4534518); Storica Analitica visura per immobile - Catasto Fabbricati."
"visura-storica","CZ","LAMEZIA TERME","52","28","","T","","analitica","","","PVP sales 5 (2072533,2179104,4430978,4491118,4534518); Storica Analitica visura per immobile - Catasto Terreni."
"visura-storica","CZ","LAMEZIA TERME","52","529","","F","","analitica","","","PVP sales 1 (576993); Storica Analitica visura per immobile - Catasto Fabbricati."
"visura-storica","CZ","LAMEZIA TERME","52","529","","T","","analitica","","","PVP sales 1 (576993); Storica Analitica visura per immobile - Catasto Terreni."
"visura-storica","CZ","LAMEZIA TERME","52","574","","F","","analitica","","","PVP sales 2 (2186181,4244003); Storica Analitica visura per immobile - Catasto Fabbricati."
"visura-storica","CZ","LAMEZIA TERME","52","574","","T","","analitica","","","PVP sales 2 (2186181,4244003); Storica Analitica visura per immobile - Catasto Terreni."
"visura-storica","CZ","LAMEZIA TERME","58","252","","F","","analitica","","","PVP sales 1 (4544444); Storica Analitica visura per immobile - Catasto Fabbricati."
"visura-storica","CZ","LAMEZIA TERME","58","252","","T","","analitica","","","PVP sales 1 (4544444); Storica Analitica visura per immobile - Catasto Terreni."
"visura-storica","CZ","LAMEZIA TERME","58","254","","F","","analitica","","","PVP sales 1 (4544444); Storica Analitica visura per immobile - Catasto Fabbricati."
"visura-storica","CZ","LAMEZIA TERME","58","254","","T","","analitica","","","PVP sales 1 (4544444); Storica Analitica visura per immobile - Catasto Terreni."
"visura-storica","CZ","LAMEZIA TERME","58","44","","F","","analitica","","","PVP sales 1 (4544444); Storica Analitica visura per immobile - Catasto Fabbricati."
"visura-storica","CZ","LAMEZIA TERME","58","44","","T","","analitica","","","PVP sales 1 (4544444); Storica Analitica visura per immobile - Catasto Terreni."
"visura-storica","CZ","LAMEZIA TERME","58","46","","F","","analitica","","","PVP sales 1 (4544444); Storica Analitica visura per immobile - Catasto Fabbricati."
"visura-storica","CZ","LAMEZIA TERME","58","46","","T","","analitica","","","PVP sales 1 (4544444); Storica Analitica visura per immobile - Catasto Terreni."
"visura-storica","CZ","LAMEZIA TERME","58","48","","F","","analitica","","","PVP sales 1 (4544444); Storica Analitica visura per immobile - Catasto Fabbricati."
"visura-storica","CZ","LAMEZIA TERME","58","48","","T","","analitica","","","PVP sales 1 (4544444); Storica Analitica visura per immobile - Catasto Terreni."
"visura-storica","CZ","LAMEZIA TERME","58","596","2","F","","analitica","","","PVP sales 1 (4544444); Storica Analitica visura per immobile - Catasto Fabbricati."
"visura-storica","CZ","LAMEZIA TERME","58","597","2","F","","analitica","","","PVP sales 1 (4544444); Storica Analitica visura per immobile - Catasto Fabbricati."
"visura-storica","CZ","LAMEZIA TERME","58","665","","F","","analitica","","","PVP sales 1 (4544444); Storica Analitica visura per immobile - Catasto Fabbricati."
"visura-storica","CZ","LAMEZIA TERME","58","665","","T","","analitica","","","PVP sales 1 (4544444); Storica Analitica visura per immobile - Catasto Terreni."
"visura-storica","CZ","LAMEZIA TERME","58","666","","F","","analitica","","","PVP sales 1 (4544444); Storica Analitica visura per immobile - Catasto Fabbricati."
"visura-storica","CZ","LAMEZIA TERME","58","666","","T","","analitica","","","PVP sales 1 (4544444); Storica Analitica visura per immobile - Catasto Terreni."
"visura-storica","CZ","LAMEZIA TERME","58","668","","F","","analitica","","","PVP sales 1 (4544444); Storica Analitica visura per immobile - Catasto Fabbricati."
"visura-storica","CZ","LAMEZIA TERME","58","668","","T","","analitica","","","PVP sales 1 (4544444); Storica Analitica visura per immobile - Catasto Terreni."
"visura-storica","CZ","LAMEZIA TERME","6","11","","F","","analitica","","","PVP sales 2 (4458292,4531205); Storica Analitica visura per immobile - Catasto Fabbricati."
"visura-storica","CZ","LAMEZIA TERME","6","11","","T","","analitica","","","PVP sales 2 (4458292,4531205); Storica Analitica visura per immobile - Catasto Terreni."
"visura-storica","CZ","LAMEZIA TERME","6","655","2","F","","analitica","","","PVP sales 2 (4458262,4531177); Storica Analitica visura per immobile - Catasto Fabbricati."
"visura-storica","CZ","LAMEZIA TERME","6","655","3","F","","analitica","","","PVP sales 2 (4458272,4531194); Storica Analitica visura per immobile - Catasto Fabbricati."
"visura-storica","CZ","LAMEZIA TERME","6","680","","F","","analitica","","","PVP sales 2 (4458292,4531205); Storica Analitica visura per immobile - Catasto Fabbricati."
"visura-storica","CZ","LAMEZIA TERME","6","680","","T","","analitica","","","PVP sales 2 (4458292,4531205); Storica Analitica visura per immobile - Catasto Terreni."
"visura-storica","CZ","LAMEZIA TERME","6","683","","F","","analitica","","","PVP sales 2 (4458284,4531239); Storica Analitica visura per immobile - Catasto Fabbricati."
"visura-storica","CZ","LAMEZIA TERME","6","683","","T","","analitica","","","PVP sales 2 (4458284,4531239); Storica Analitica visura per immobile - Catasto Terreni."
"visura-storica","CZ","LAMEZIA TERME","6","692","","F","","analitica","","","PVP sales 2 (4458284,4531239); Storica Analitica visura per immobile - Catasto Fabbricati."
"visura-storica","CZ","LAMEZIA TERME","6","692","","T","","analitica","","","PVP sales 2 (4458284,4531239); Storica Analitica visura per immobile - Catasto Terreni."
"visura-storica","CZ","LAMEZIA TERME","6","696","","F","","analitica","","","PVP sales 2 (4458284,4531239); Storica Analitica visura per immobile - Catasto Fabbricati."
"visura-storica","CZ","LAMEZIA TERME","6","696","","T","","analitica","","","PVP sales 2 (4458284,4531239); Storica Analitica visura per immobile - Catasto Terreni."
"visura-storica","CZ","LAMEZIA TERME","74","412","","F","","analitica","","","PVP sales 2 (2244263,4260823); Storica Analitica visura per immobile - Catasto Fabbricati."
"visura-storica","CZ","LAMEZIA TERME","74","412","","T","","analitica","","","PVP sales 2 (2244263,4260823); Storica Analitica visura per immobile - Catasto Terreni."
"visura-storica","CZ","LAMEZIA TERME","74","426","1","F","","analitica","","","PVP sales 2 (2244263,4260823); Storica Analitica visura per immobile - Catasto Fabbricati."
"visura-storica","CZ","LAMEZIA TERME","75","515","","F","","analitica","","","PVP sales 1 (4432941); Storica Analitica visura per immobile - Catasto Fabbricati."
"visura-storica","CZ","LAMEZIA TERME","75","515","","T","","analitica","","","PVP sales 1 (4432941); Storica Analitica visura per immobile - Catasto Terreni."
"visura-storica","CZ","LAMEZIA TERME","8","429","4","F","","analitica","","","PVP sales 1 (2099055); Storica Analitica visura per immobile - Catasto Fabbricati."
"visura-storica","CZ","LAMEZIA TERME","8","429","8","F","","analitica","","","PVP sales 1 (2240632); Storica Analitica visura per immobile - Catasto Fabbricati."
"visura-storica","CZ","LAMEZIA TERME","81","1680","9","F","","analitica","","","PVP sales 3 (305816,439394,1581963); Storica Analitica visura per immobile - Catasto Fabbricati."
"visura-storica","CZ","LAMEZIA TERME","81","2174","1","F","","analitica","","","PVP sales 1 (4483136); Storica Analitica visura per immobile - Catasto Fabbricati."
"visura-storica","CZ","LAMEZIA TERME","81","427","22","F","","analitica","","","PVP sales 3 (4420971,4465945,4552296); Storica Analitica visura per immobile - Catasto Fabbricati."
"visura-storica","CZ","LAMEZIA TERME","85","1919","1","F","","analitica","","","PVP sales 3 (2118889,4462086,4517868); Storica Analitica visura per immobile - Catasto Fabbricati."
"visura-storica","CZ","LAMEZIA TERME","85","1919","6","F","","analitica","","","PVP sales 1 (866474); Storica Analitica visura per immobile - Catasto Fabbricati."
"visura-storica","CZ","LAMEZIA TERME","85","1919","9","F","","analitica","","","PVP sales 1 (867525); Storica Analitica visura per immobile - Catasto Fabbricati."
"visura-storica","CZ","LAMEZIA TERME","9","1046","20","F","","analitica","","","PVP sales 2 (4465590,4511441); Storica Analitica visura per immobile - Catasto Fabbricati."
"visura-storica","CZ","LAMEZIA TERME","9","137","","F","","analitica","","","PVP sales 1 (425091); Storica Analitica visura per immobile - Catasto Fabbricati."
"visura-storica","CZ","LAMEZIA TERME","9","137","","T","","analitica","","","PVP sales 1 (425091); Storica Analitica visura per immobile - Catasto Terreni."
"visura-storica","CZ","LAMEZIA TERME","9","137","2","F","","analitica","","","PVP sales 1 (434962); Storica Analitica visura per immobile - Catasto Fabbricati."
"visura-storica","CZ","LAMEZIA TERME","9","2883","1","F","","analitica","","","PVP sales 2 (499825,1412406); Storica Analitica visura per immobile - Catasto Fabbricati."
"visura-storica","CZ","LAMEZIA TERME","9","34","1101","F","","analitica","","","PVP sales 2 (2243957,4523886); Storica Analitica visura per immobile - Catasto Fabbricati."
"visura-storica","CZ","LAMEZIA TERME","9","928","5","F","","analitica","","","PVP sales 2 (4442232,4514580); Storica Analitica visura per immobile - Catasto Fabbricati."
"visura-storica","CZ","LAMEZIA TERME","13","384","","F","","analitica","NICASTRO","","PVP sales 2 (4395805,4466295); Storica Analitica visura per immobile - Catasto Fabbricati."
"visura-storica","CZ","LAMEZIA TERME","13","384","","T","","analitica","NICASTRO","","PVP sales 2 (4395805,4466295); Storica Analitica visura per immobile - Catasto Terreni."
"visura-storica","CZ","LAMEZIA TERME","13","541","5","F","","analitica","NICASTRO","","PVP sales 1 (1812530); Storica Analitica visura per immobile - Catasto Fabbricati."
"visura-storica","CZ","LAMEZIA TERME","13","55","5","F","","analitica","NICASTRO","","PVP sales 1 (1812530); Storica Analitica visura per immobile - Catasto Fabbricati."
"visura-storica","CZ","LAMEZIA TERME","15","1299","3","F","","analitica","NICASTRO","","PVP sales 3 (4244780,4406695,4484155); Storica Analitica visura per immobile - Catasto Fabbricati."
"visura-storica","CZ","LAMEZIA TERME","18","139","2","F","","analitica","NICASTRO","","PVP sales 3 (1678804,1922571,2019450); Storica Analitica visura per immobile - Catasto Fabbricati."
"visura-storica","CZ","LAMEZIA TERME","18","239","1","F","","analitica","NICASTRO","","PVP sales 1 (377027); Storica Analitica visura per immobile - Catasto Fabbricati."
"visura-storica","CZ","LAMEZIA TERME","18","239","2","F","","analitica","NICASTRO","","PVP sales 1 (377027); Storica Analitica visura per immobile - Catasto Fabbricati."
"visura-storica","CZ","LAMEZIA TERME","19","319/320","1101","F","","analitica","NICASTRO","","PVP sales 1 (1418890); Storica Analitica visura per immobile - Catasto Fabbricati."
"visura-storica","CZ","LAMEZIA TERME","19","320","1102","F","","analitica","NICASTRO","","PVP sales 1 (1418890); Storica Analitica visura per immobile - Catasto Fabbricati."
"visura-storica","CZ","LAMEZIA TERME","19","341","6","F","","analitica","NICASTRO","","PVP sales 2 (4438832,4491621); Storica Analitica visura per immobile - Catasto Fabbricati."
"visura-storica","CZ","LAMEZIA TERME","19","341","8","F","","analitica","NICASTRO","","PVP sales 2 (4438832,4491621); Storica Analitica visura per immobile - Catasto Fabbricati."
"visura-storica","CZ","LAMEZIA TERME","20","334","1102","F","","analitica","NICASTRO","","PVP sales 1 (1418881); Storica Analitica visura per immobile - Catasto Fabbricati."
"visura-storica","CZ","LAMEZIA TERME","20","334","88","F","","analitica","NICASTRO","","PVP sales 1 (1418789); Storica Analitica visura per immobile - Catasto Fabbricati."
"visura-storica","CZ","LAMEZIA TERME","21","208","7","F","","analitica","NICASTRO","","PVP sales 2 (1594642,1678781); Storica Analitica visura per immobile - Catasto Fabbricati."
"visura-storica","CZ","LAMEZIA TERME","21","208","8","F","","analitica","NICASTRO","","PVP sales 2 (1594714,1678792); Storica Analitica visura per immobile - Catasto Fabbricati."
"visura-storica","CZ","LAMEZIA TERME","21","478","11","F","","analitica","NICASTRO","","PVP sales 3 (4444488,4498654,4549152); Storica Analitica visura per immobile - Catasto Fabbricati."
"visura-storica","CZ","LAMEZIA TERME","21","531","18","F","","analitica","NICASTRO","","PVP sales 3 (4411518,4478703,4558294); Storica Analitica visura per immobile - Catasto Fabbricati."
"visura-storica","CZ","LAMEZIA TERME","21","621","1","F","","analitica","NICASTRO","","PVP sales 2 (1678773,1823483); Storica Analitica visura per immobile - Catasto Fabbricati."
"visura-storica","CZ","LAMEZIA TERME","24","472","1","F","","analitica","NICASTRO","","PVP sales 3 (4422703,4462512,4552260); Storica Analitica visura per immobile - Catasto Fabbricati."
"visura-storica","CZ","LAMEZIA TERME","25","134","","F","","analitica","NICASTRO","","PVP sales 5 (1917677,2077848,2162648,4243190,4404034); Storica Analitica visura per immobile - Catasto Fabbricati."
"visura-storica","CZ","LAMEZIA TERME","25","134","","T","","analitica","NICASTRO","","PVP sales 5 (1917677,2077848,2162648,4243190,4404034); Storica Analitica visura per immobile - Catasto Terreni."
"visura-storica","CZ","LAMEZIA TERME","26","353","10","F","","analitica","NICASTRO","","PVP sales 2 (1851992,2119270); Storica Analitica visura per immobile - Catasto Fabbricati."
"visura-storica","CZ","LAMEZIA TERME","26","353","11","F","","analitica","NICASTRO","","PVP sales 2 (1851995,1986093); Storica Analitica visura per immobile - Catasto Fabbricati."
"visura-storica","CZ","LAMEZIA TERME","26","353","12","F","","analitica","NICASTRO","","PVP sales 2 (1851998,1986094); Storica Analitica visura per immobile - Catasto Fabbricati."
"visura-storica","CZ","LAMEZIA TERME","26","353","3","F","","analitica","NICASTRO","","PVP sales 3 (1851696,1986082,2119265); Storica Analitica visura per immobile - Catasto Fabbricati."
"visura-storica","CZ","LAMEZIA TERME","26","353","4","F","","analitica","NICASTRO","","PVP sales 3 (1851972,1986086,2119266); Storica Analitica visura per immobile - Catasto Fabbricati."
"visura-storica","CZ","LAMEZIA TERME","26","353","5","F","","analitica","NICASTRO","","PVP sales 2 (1851976,1986087); Storica Analitica visura per immobile - Catasto Fabbricati."
"visura-storica","CZ","LAMEZIA TERME","26","353","6","F","","analitica","NICASTRO","","PVP sales 1 (1851978); Storica Analitica visura per immobile - Catasto Fabbricati."
"visura-storica","CZ","LAMEZIA TERME","26","353","7","F","","analitica","NICASTRO","","PVP sales 3 (1851981,1986088,2119267); Storica Analitica visura per immobile - Catasto Fabbricati."
"visura-storica","CZ","LAMEZIA TERME","26","353","8","F","","analitica","NICASTRO","","PVP sales 2 (1851984,2119268); Storica Analitica visura per immobile - Catasto Fabbricati."
"visura-storica","CZ","LAMEZIA TERME","26","353","9","F","","analitica","NICASTRO","","PVP sales 2 (1851987,1986091); Storica Analitica visura per immobile - Catasto Fabbricati."
"visura-storica","CZ","LAMEZIA TERME","26","354","","F","","analitica","NICASTRO","","PVP sales 9 (1852051,1852054,1852058,1986095,1986096 +4 more); Storica Analitica visura per immobile - Catasto Fabbricati."
"visura-storica","CZ","LAMEZIA TERME","26","354","","T","","analitica","NICASTRO","","PVP sales 9 (1852051,1852054,1852058,1986095,1986096 +4 more); Storica Analitica visura per immobile - Catasto Terreni."
"visura-storica","CZ","LAMEZIA TERME","26","418","2","F","","analitica","NICASTRO","","PVP sales 1 (2243972); Storica Analitica visura per immobile - Catasto Fabbricati."
"visura-storica","CZ","LAMEZIA TERME","26","418","3","F","","analitica","NICASTRO","","PVP sales 1 (2243972); Storica Analitica visura per immobile - Catasto Fabbricati."
"visura-storica","CZ","LAMEZIA TERME","26","418","4","F","","analitica","NICASTRO","","PVP sales 1 (2243972); Storica Analitica visura per immobile - Catasto Fabbricati."
"visura-storica","CZ","LAMEZIA TERME","26","418","5","F","","analitica","NICASTRO","","PVP sales 1 (2243972); Storica Analitica visura per immobile - Catasto Fabbricati."
"visura-storica","CZ","LAMEZIA TERME","26","418","6","F","","analitica","NICASTRO","","PVP sales 1 (2243972); Storica Analitica visura per immobile - Catasto Fabbricati."
"visura-storica","CZ","LAMEZIA TERME","31","1109","2","F","","analitica","NICASTRO","","PVP sales 4 (2109336,4411998,4483659,4526192); Storica Analitica visura per immobile - Catasto Fabbricati."
"visura-storica","CZ","LAMEZIA TERME","31","1109","3","F","","analitica","NICASTRO","","PVP sales 3 (4412035,4483741,4526197); Storica Analitica visura per immobile - Catasto Fabbricati."
"visura-storica","CZ","LAMEZIA TERME","31","203","","F","","analitica","NICASTRO","","PVP sales 1 (2150653); Storica Analitica visura per immobile - Catasto Fabbricati."
"visura-storica","CZ","LAMEZIA TERME","31","203","","T","","analitica","NICASTRO","","PVP sales 1 (2150653); Storica Analitica visura per immobile - Catasto Terreni."
"visura-storica","CZ","LAMEZIA TERME","31","204","2","F","","analitica","NICASTRO","","PVP sales 1 (2150583); Storica Analitica visura per immobile - Catasto Fabbricati."
"visura-storica","CZ","LAMEZIA TERME","31","204","3","F","","analitica","NICASTRO","","PVP sales 1 (2150595); Storica Analitica visura per immobile - Catasto Fabbricati."
"visura-storica","CZ","LAMEZIA TERME","31","929","","F","","analitica","NICASTRO","","PVP sales 1 (1490650); Storica Analitica visura per immobile - Catasto Fabbricati."
"visura-storica","CZ","LAMEZIA TERME","31","929","","T","","analitica","NICASTRO","","PVP sales 1 (1490650); Storica Analitica visura per immobile - Catasto Terreni."
"visura-storica","CZ","LAMEZIA TERME","31","952","","F","","analitica","NICASTRO","","PVP sales 1 (2150653); Storica Analitica visura per immobile - Catasto Fabbricati."
"visura-storica","CZ","LAMEZIA TERME","31","952","","T","","analitica","NICASTRO","","PVP sales 1 (2150653); Storica Analitica visura per immobile - Catasto Terreni."
"visura-storica","CZ","LAMEZIA TERME","32","7","1","F","","analitica","NICASTRO","","PVP sales 1 (4523511); Storica Analitica visura per immobile - Catasto Fabbricati."
"visura-storica","CZ","LAMEZIA TERME","32","926","31","F","","analitica","NICASTRO","","PVP sales 1 (4529226); Storica Analitica visura per immobile - Catasto Fabbricati."
"visura-storica","CZ","LAMEZIA TERME","32","926","38","F","","analitica","NICASTRO","","PVP sales 1 (4529238); Storica Analitica visura per immobile - Catasto Fabbricati."
"visura-storica","CZ","LAMEZIA TERME","36","363","","F","","analitica","NICASTRO","","PVP sales 1 (4530643); Storica Analitica visura per immobile - Catasto Fabbricati."
"visura-storica","CZ","LAMEZIA TERME","36","363","","T","","analitica","NICASTRO","","PVP sales 1 (4530643); Storica Analitica visura per immobile - Catasto Terreni."
"visura-storica","CZ","LAMEZIA TERME","37","1513","5","F","","analitica","NICASTRO","","PVP sales 1 (2150555); Storica Analitica visura per immobile - Catasto Fabbricati."
"visura-storica","CZ","LAMEZIA TERME","37","1513","6","F","","analitica","NICASTRO","","PVP sales 1 (2150555); Storica Analitica visura per immobile - Catasto Fabbricati."
"visura-storica","CZ","LAMEZIA TERME","37","1513","7","F","","analitica","NICASTRO","","PVP sales 1 (2150555); Storica Analitica visura per immobile - Catasto Fabbricati."
"visura-storica","CZ","LAMEZIA TERME","37","1513","8","F","","analitica","NICASTRO","","PVP sales 1 (2150555); Storica Analitica visura per immobile - Catasto Fabbricati."
"visura-storica","CZ","LAMEZIA TERME","37","1513","9","F","","analitica","NICASTRO","","PVP sales 1 (2150555); Storica Analitica visura per immobile - Catasto Fabbricati."
"visura-storica","CZ","LAMEZIA TERME","37","1568","","F","","analitica","NICASTRO","","PVP sales 1 (2150555); Storica Analitica visura per immobile - Catasto Fabbricati."
"visura-storica","CZ","LAMEZIA TERME","37","1568","","T","","analitica","NICASTRO","","PVP sales 1 (2150555); Storica Analitica visura per immobile - Catasto Terreni."
"visura-storica","CZ","LAMEZIA TERME","37","1717","","F","","analitica","NICASTRO","","PVP sales 1 (1490671); Storica Analitica visura per immobile - Catasto Fabbricati."
"visura-storica","CZ","LAMEZIA TERME","37","1717","","T","","analitica","NICASTRO","","PVP sales 1 (1490671); Storica Analitica visura per immobile - Catasto Terreni."
"visura-storica","CZ","LAMEZIA TERME","37","929","3","F","","analitica","NICASTRO","","PVP sales 1 (2150572); Storica Analitica visura per immobile - Catasto Fabbricati."
"visura-storica","CZ","LAMEZIA TERME","37","963","5","F","","analitica","NICASTRO","","PVP sales 3 (4424663,4466849,4502344); Storica Analitica visura per immobile - Catasto Fabbricati."
"visura-storica","CZ","LAMEZIA TERME","39","619","11","F","","analitica","NICASTRO","","PVP sales 7 (1443049,1642216,1851593,2002027,2104152 +2 more); Storica Analitica visura per immobile - Catasto Fabbricati."
"visura-storica","CZ","LAMEZIA TERME","39","619","5","F","","analitica","NICASTRO","","PVP sales 7 (1443049,1642216,1851593,2002027,2104152 +2 more); Storica Analitica visura per immobile - Catasto Fabbricati."
"visura-storica","CZ","LAMEZIA TERME","41","418","4","F","","analitica","NICASTRO","","PVP sales 1 (1490551); Storica Analitica visura per immobile - Catasto Fabbricati."
"visura-storica","CZ","LAMEZIA TERME","44","714","1","F","","analitica","NICASTRO","","PVP sales 1 (2110244); Storica Analitica visura per immobile - Catasto Fabbricati."
"visura-storica","CZ","LAMEZIA TERME","44","727","16","F","","analitica","NICASTRO","","PVP sales 1 (2110244); Storica Analitica visura per immobile - Catasto Fabbricati."
"visura-storica","CZ","LAMEZIA TERME","51","551","","F","","analitica","NICASTRO","","PVP sales 1 (2093368); Storica Analitica visura per immobile - Catasto Fabbricati."
"visura-storica","CZ","LAMEZIA TERME","51","551","","T","","analitica","NICASTRO","","PVP sales 1 (2093368); Storica Analitica visura per immobile - Catasto Terreni."
"visura-storica","CZ","LAMEZIA TERME","52","463","1","F","","analitica","SAMBIASE","","PVP sales 2 (2186172,4243992); Storica Analitica visura per immobile - Catasto Fabbricati."
"visura-storica","CZ","LAMEZIA TERME","68","31","1","F","","analitica","SAMBIASE","","PVP sales 3 (4432031,4488903,4571343); Storica Analitica visura per immobile - Catasto Fabbricati."
"visura-storica","CZ","LAMEZIA TERME","73","119","3","F","","analitica","SAMBIASE","","PVP sales 1 (1129077); Storica Analitica visura per immobile - Catasto Fabbricati."
"visura-storica","CZ","LAMEZIA TERME","75","211","2","F","","analitica","SAMBIASE","","PVP sales 1 (1678809); Storica Analitica visura per immobile - Catasto Fabbricati."
"visura-storica","CZ","LAMEZIA TERME","75","211","3","F","","analitica","SAMBIASE","","PVP sales 1 (1678809); Storica Analitica visura per immobile - Catasto Fabbricati."
"visura-storica","CZ","LAMEZIA TERME","75","212","2","F","","analitica","SAMBIASE","","PVP sales 1 (1678809); Storica Analitica visura per immobile - Catasto Fabbricati."
"visura-storica","CZ","LAMEZIA TERME","75","212","3","F","","analitica","SAMBIASE","","PVP sales 1 (1678809); Storica Analitica visura per immobile - Catasto Fabbricati."
"visura-storica","CZ","LAMEZIA TERME","75","916","17","F","","analitica","SAMBIASE","","PVP sales 1 (1285586); Storica Analitica visura per immobile - Catasto Fabbricati."
"visura-storica","CZ","LAMEZIA TERME","82","296","6","F","","analitica","SAMBIASE","","PVP sales 1 (2110312); Storica Analitica visura per immobile - Catasto Fabbricati."
"visura-storica","CZ","LAMEZIA TERME","82","725","","F","","analitica","SAMBIASE","","PVP sales 1 (2110312); Storica Analitica visura per immobile - Catasto Fabbricati."
"visura-storica","CZ","LAMEZIA TERME","82","725","","T","","analitica","SAMBIASE","","PVP sales 1 (2110312); Storica Analitica visura per immobile - Catasto Terreni."
"visura-storica","CZ","LAMEZIA TERME","82","726","","F","","analitica","SAMBIASE","","PVP sales 1 (2110312); Storica Analitica visura per immobile - Catasto Fabbricati."
"visura-storica","CZ","LAMEZIA TERME","82","726","","T","","analitica","SAMBIASE","","PVP sales 1 (2110312); Storica Analitica visura per immobile - Catasto Terreni."
"visura-storica","CZ","LAMEZIA TERME","82","728","","F","","analitica","SAMBIASE","","PVP sales 1 (2110312); Storica Analitica visura per immobile - Catasto Fabbricati."
"visura-storica","CZ","LAMEZIA TERME","82","728","","T","","analitica","SAMBIASE","","PVP sales 1 (2110312); Storica Analitica visura per immobile - Catasto Terreni."
"visura-storica","CZ","LAMEZIA TERME","82","731","","F","","analitica","SAMBIASE","","PVP sales 1 (2110312); Storica Analitica visura per immobile - Catasto Fabbricati."
"visura-storica","CZ","LAMEZIA TERME","82","731","","T","","analitica","SAMBIASE","","PVP sales 1 (2110312); Storica Analitica visura per immobile - Catasto Terreni."
"visura-storica","CZ","LAMEZIA TERME","83","1235","40","F","","analitica","SAMBIASE","","PVP sales 1 (4451594); Storica Analitica visura per immobile - Catasto Fabbricati."
"visura-storica","CZ","LAMEZIA TERME","83","1235","8","F","","analitica","SAMBIASE","","PVP sales 1 (4451456); Storica Analitica visura per immobile - Catasto Fabbricati."
"visura-storica","CZ","LAMEZIA TERME","83","1235","9","F","","analitica","SAMBIASE","","PVP sales 1 (4451467); Storica Analitica visura per immobile - Catasto Fabbricati."
"visura-storica","CZ","LAMEZIA TERME","83","309","1","F","","analitica","SAMBIASE","","PVP sales 2 (4452437,4519027); Storica Analitica visura per immobile - Catasto Fabbricati."
"visura-storica","CZ","LAMEZIA TERME","83","315","1","F","","analitica","SAMBIASE","","PVP sales 2 (4452437,4519027); Storica Analitica visura per immobile - Catasto Fabbricati."
"visura-storica","CZ","LAMEZIA TERME","83","631","3","F","","analitica","SAMBIASE","","PVP sales 1 (4523876); Storica Analitica visura per immobile - Catasto Fabbricati."
"visura-storica","CZ","LAMEZIA TERME","84","1136","45","F","","analitica","SAMBIASE","","PVP sales 2 (2110316,4530028); Storica Analitica visura per immobile - Catasto Fabbricati."
"visura-storica","CZ","LAMEZIA TERME","85","1927","22","F","","analitica","SAMBIASE","","PVP sales 3 (4358770,4452464,4504373); Storica Analitica visura per immobile - Catasto Fabbricati."
"visura-storica","CZ","LAMEZIA TERME","85","1927","7","F","","analitica","SAMBIASE","","PVP sales 3 (4358778,4452446,4504372); Storica Analitica visura per immobile - Catasto Fabbricati."
"visura-storica","CZ","LAMEZIA TERME","85","1927","8","F","","analitica","SAMBIASE","","PVP sales 3 (4358765,4452448,4504343); Storica Analitica visura per immobile - Catasto Fabbricati."
"visura-storica","CZ","LAMEZIA TERME","85","1999","5","F","","analitica","SAMBIASE","","PVP sales 1 (4458782); Storica Analitica visura per immobile - Catasto Fabbricati."
"visura-storica","CZ","LAMEZIA TERME","97","633","","F","","analitica","SAMBIASE","","PVP sales 3 (1594857,1678796,1823492); Storica Analitica visura per immobile - Catasto Fabbricati."
"visura-storica","CZ","LAMEZIA TERME","97","633","","T","","analitica","SAMBIASE","","PVP sales 3 (1594857,1678796,1823492); Storica Analitica visura per immobile - Catasto Terreni."
"visura-storica","CZ","MAGISANO","22","308","10","F","","analitica","","","PVP sales 1 (4281378); Storica Analitica visura per immobile - Catasto Fabbricati."
"visura-storica","CZ","MAGISANO","22","308","1102","F","","analitica","","","PVP sales 1 (4281378); Storica Analitica visura per immobile - Catasto Fabbricati."
"visura-storica","CZ","MAGISANO","22","308","14","F","","analitica","","","PVP sales 1 (4281378); Storica Analitica visura per immobile - Catasto Fabbricati."
"visura-storica","CZ","MAGISANO","22","308","9","F","","analitica","","","PVP sales 1 (4281378); Storica Analitica visura per immobile - Catasto Fabbricati."
"visura-storica","CZ","MAGISANO","22","405","","F","","analitica","","","PVP sales 1 (4281390); Storica Analitica visura per immobile - Catasto Fabbricati."
"visura-storica","CZ","MAGISANO","22","405","","T","","analitica","","","PVP sales 1 (4281390); Storica Analitica visura per immobile - Catasto Terreni."
"visura-storica","CZ","MAGISANO","22","409","","F","","analitica","","","PVP sales 1 (4281390); Storica Analitica visura per immobile - Catasto Fabbricati."
"visura-storica","CZ","MAGISANO","22","409","","T","","analitica","","","PVP sales 1 (4281390); Storica Analitica visura per immobile - Catasto Terreni."
"visura-storica","CZ","MAGISANO","22","435","3","F","","analitica","","","PVP sales 1 (4281390); Storica Analitica visura per immobile - Catasto Fabbricati."
"visura-storica","CZ","MAGISANO","22","435","4","F","","analitica","","","PVP sales 1 (4281390); Storica Analitica visura per immobile - Catasto Fabbricati."
"visura-storica","CZ","MAGISANO","22","490","","F","","analitica","","","PVP sales 1 (4281390); Storica Analitica visura per immobile - Catasto Fabbricati."
"visura-storica","CZ","MAGISANO","22","490","","T","","analitica","","","PVP sales 1 (4281390); Storica Analitica visura per immobile - Catasto Terreni."
"visura-storica","CZ","MAGISANO","24","320","","F","","analitica","","","PVP sales 4 (2116546,4230902,4485224,4566660); Storica Analitica visura per immobile - Catasto Fabbricati."
"visura-storica","CZ","MAGISANO","24","320","","T","","analitica","","","PVP sales 4 (2116546,4230902,4485224,4566660); Storica Analitica visura per immobile - Catasto Terreni."
"visura-storica","CZ","MAGISANO","7","53","","F","","analitica","","","PVP sales 2 (4269042,4527100); Storica Analitica visura per immobile - Catasto Fabbricati."
"visura-storica","CZ","MAGISANO","7","53","","T","","analitica","","","PVP sales 2 (4269042,4527100); Storica Analitica visura per immobile - Catasto Terreni."
"visura-storica","CZ","MAIDA","20","211","","F","","analitica","","","PVP sales 2 (2148462,2260397); Storica Analitica visura per immobile - Catasto Fabbricati."
"visura-storica","CZ","MAIDA","20","211","","T","","analitica","","","PVP sales 2 (2148462,2260397); Storica Analitica visura per immobile - Catasto Terreni."
"visura-storica","CZ","MAIDA","20","216","","F","","analitica","","","PVP sales 2 (2148462,2260397); Storica Analitica visura per immobile - Catasto Fabbricati."
"visura-storica","CZ","MAIDA","20","216","","T","","analitica","","","PVP sales 2 (2148462,2260397); Storica Analitica visura per immobile - Catasto Terreni."
"visura-storica","CZ","MAIDA","20","226","","F","","analitica","","","PVP sales 2 (2148462,2260397); Storica Analitica visura per immobile - Catasto Fabbricati."
"visura-storica","CZ","MAIDA","20","226","","T","","analitica","","","PVP sales 2 (2148462,2260397); Storica Analitica visura per immobile - Catasto Terreni."
"visura-storica","CZ","MAIDA","20","235","","F","","analitica","","","PVP sales 2 (2148462,2260397); Storica Analitica visura per immobile - Catasto Fabbricati."
"visura-storica","CZ","MAIDA","20","235","","T","","analitica","","","PVP sales 2 (2148462,2260397); Storica Analitica visura per immobile - Catasto Terreni."
"visura-storica","CZ","MAIDA","20","437","","F","","analitica","","","PVP sales 1 (2072544); Storica Analitica visura per immobile - Catasto Fabbricati."
"visura-storica","CZ","MAIDA","20","437","","T","","analitica","","","PVP sales 1 (2072544); Storica Analitica visura per immobile - Catasto Terreni."
"visura-storica","CZ","MAIDA","20","438","","F","","analitica","","","PVP sales 1 (2072544); Storica Analitica visura per immobile - Catasto Fabbricati."
"visura-storica","CZ","MAIDA","20","438","","T","","analitica","","","PVP sales 1 (2072544); Storica Analitica visura per immobile - Catasto Terreni."
"visura-storica","CZ","MAIDA","20","439","","F","","analitica","","","PVP sales 1 (2072544); Storica Analitica visura per immobile - Catasto Fabbricati."
"visura-storica","CZ","MAIDA","20","439","","T","","analitica","","","PVP sales 1 (2072544); Storica Analitica visura per immobile - Catasto Terreni."
"visura-storica","CZ","MAIDA","20","476","","F","","analitica","","","PVP sales 1 (4444138); Storica Analitica visura per immobile - Catasto Fabbricati."
"visura-storica","CZ","MAIDA","20","476","","T","","analitica","","","PVP sales 1 (4444138); Storica Analitica visura per immobile - Catasto Terreni."
"visura-storica","CZ","MAIDA","41","17","","F","","analitica","","","PVP sales 3 (2039081,2093634,2162974); Storica Analitica visura per immobile - Catasto Fabbricati."
"visura-storica","CZ","MAIDA","41","17","","T","","analitica","","","PVP sales 3 (2039081,2093634,2162974); Storica Analitica visura per immobile - Catasto Terreni."
"visura-storica","CZ","MAIDA","41","49","","F","","analitica","","","PVP sales 3 (2039081,2093634,2162974); Storica Analitica visura per immobile - Catasto Fabbricati."
"visura-storica","CZ","MAIDA","41","49","","T","","analitica","","","PVP sales 3 (2039081,2093634,2162974); Storica Analitica visura per immobile - Catasto Terreni."
"visura-storica","CZ","MAIDA","41","7","","F","","analitica","","","PVP sales 3 (2039081,2093634,2162974); Storica Analitica visura per immobile - Catasto Fabbricati."
"visura-storica","CZ","MAIDA","41","7","","T","","analitica","","","PVP sales 3 (2039081,2093634,2162974); Storica Analitica visura per immobile - Catasto Terreni."
"visura-storica","CZ","MAIDA","53","617","","F","","analitica","","","PVP sales 4 (1591963,1591977,1591980,1591983); Storica Analitica visura per immobile - Catasto Fabbricati."
"visura-storica","CZ","MAIDA","53","617","","T","","analitica","","","PVP sales 4 (1591963,1591977,1591980,1591983); Storica Analitica visura per immobile - Catasto Terreni."
"visura-storica","CZ","MAIDA","53","895","","F","","analitica","","","PVP sales 1 (4225789); Storica Analitica visura per immobile - Catasto Fabbricati."
"visura-storica","CZ","MAIDA","53","895","","T","","analitica","","","PVP sales 1 (4225789); Storica Analitica visura per immobile - Catasto Terreni."
"visura-storica","CZ","MAIDA","59","194","10","F","","analitica","","","PVP sales 2 (436323,1780549); Storica Analitica visura per immobile - Catasto Fabbricati."
"visura-storica","CZ","MARCELLINARA","10","44","","F","","analitica","","","PVP sales 1 (1098206); Storica Analitica visura per immobile - Catasto Fabbricati."
"visura-storica","CZ","MARCELLINARA","10","44","","T","","analitica","","","PVP sales 1 (1098206); Storica Analitica visura per immobile - Catasto Terreni."
"visura-storica","CZ","MARCELLINARA","10","46","","F","","analitica","","","PVP sales 1 (1098209); Storica Analitica visura per immobile - Catasto Fabbricati."
"visura-storica","CZ","MARCELLINARA","10","46","","T","","analitica","","","PVP sales 1 (1098209); Storica Analitica visura per immobile - Catasto Terreni."
"visura-storica","CZ","MARCELLINARA","15","126","","F","","analitica","","","PVP sales 1 (4214736); Storica Analitica visura per immobile - Catasto Fabbricati."
"visura-storica","CZ","MARCELLINARA","15","126","","T","","analitica","","","PVP sales 1 (4214736); Storica Analitica visura per immobile - Catasto Terreni."
"visura-storica","CZ","MARCELLINARA","16","153","","F","","analitica","","","PVP sales 1 (2170524); Storica Analitica visura per immobile - Catasto Fabbricati."
"visura-storica","CZ","MARCELLINARA","16","153","","T","","analitica","","","PVP sales 1 (2170524); Storica Analitica visura per immobile - Catasto Terreni."
"visura-storica","CZ","MARCELLINARA","2","306","5","F","","analitica","","","PVP sales 1 (1930074); Storica Analitica visura per immobile - Catasto Fabbricati."
"visura-storica","CZ","MARCELLINARA","2","70","","F","","analitica","","","PVP sales 1 (1097244); Storica Analitica visura per immobile - Catasto Fabbricati."
"visura-storica","CZ","MARCELLINARA","2","70","","T","","analitica","","","PVP sales 1 (1097244); Storica Analitica visura per immobile - Catasto Terreni."
"visura-storica","CZ","MARCELLINARA","2","989","4","F","","analitica","","","PVP sales 3 (2151505,2258318,4247076); Storica Analitica visura per immobile - Catasto Fabbricati."
"visura-storica","CZ","MARCELLINARA","3","458","1101","F","","analitica","","","PVP sales 2 (4516632,4562609); Storica Analitica visura per immobile - Catasto Fabbricati."
"visura-storica","CZ","MARCELLINARA","3","579","8","F","","analitica","","","PVP sales 3 (2082432,2149280,2251677); Storica Analitica visura per immobile - Catasto Fabbricati."
"visura-storica","CZ","MARCELLINARA","5","707","","F","","analitica","","","PVP sales 3 (2127706,2221459,4242380); Storica Analitica visura per immobile - Catasto Fabbricati."
"visura-storica","CZ","MARCELLINARA","5","707","","T","","analitica","","","PVP sales 3 (2127706,2221459,4242380); Storica Analitica visura per immobile - Catasto Terreni."
"visura-storica","CZ","MARCELLINARA","6","107","","F","","analitica","","","PVP sales 1 (1097244); Storica Analitica visura per immobile - Catasto Fabbricati."
"visura-storica","CZ","MARCELLINARA","6","107","","T","","analitica","","","PVP sales 1 (1097244); Storica Analitica visura per immobile - Catasto Terreni."
"visura-storica","CZ","MARCELLINARA","6","150","","T","","analitica","","","PVP sales 1 (4512805); Storica Analitica visura per immobile - Catasto Terreni."
"visura-storica","CZ","MARCELLINARA","6","150","1","F","","analitica","","","PVP sales 1 (4512805); Storica Analitica visura per immobile - Catasto Fabbricati."
"visura-storica","CZ","MARCELLINARA","6","150","2","F","","analitica","","","PVP sales 1 (4512805); Storica Analitica visura per immobile - Catasto Fabbricati."
"visura-storica","CZ","MARCELLINARA","6","278","","F","","analitica","","","PVP sales 1 (2179645); Storica Analitica visura per immobile - Catasto Fabbricati."
"visura-storica","CZ","MARCELLINARA","6","278","","T","","analitica","","","PVP sales 1 (2179645); Storica Analitica visura per immobile - Catasto Terreni."
"visura-storica","CZ","MARCELLINARA","6","287","","F","","analitica","","","PVP sales 1 (644037); Storica Analitica visura per immobile - Catasto Fabbricati."
"visura-storica","CZ","MARCELLINARA","6","287","","T","","analitica","","","PVP sales 1 (644037); Storica Analitica visura per immobile - Catasto Terreni."
"visura-storica","CZ","MARCELLINARA","6","726","","F","","analitica","","","PVP sales 16 (2127624,2127641,2127649,2127716,2220446 +11 more); Storica Analitica visura per immobile - Catasto Fabbricati."
"visura-storica","CZ","MARCELLINARA","6","726","","T","","analitica","","","PVP sales 16 (2127624,2127641,2127649,2127716,2220446 +11 more); Storica Analitica visura per immobile - Catasto Terreni."
"visura-storica","CZ","MARCELLINARA","7","757","","F","","analitica","","","PVP sales 1 (4258699); Storica Analitica visura per immobile - Catasto Fabbricati."
"visura-storica","CZ","MARCELLINARA","7","757","","T","","analitica","","","PVP sales 1 (4258699); Storica Analitica visura per immobile - Catasto Terreni."
"visura-storica","CZ","MARCELLINARA","7","757","1","F","","analitica","","","PVP sales 2 (2218678,4418272); Storica Analitica visura per immobile - Catasto Fabbricati."
"visura-storica","CZ","MARCELLINARA","7","811","","F","","analitica","","","PVP sales 1 (1098202); Storica Analitica visura per immobile - Catasto Fabbricati."
"visura-storica","CZ","MARCELLINARA","7","811","","T","","analitica","","","PVP sales 1 (1098202); Storica Analitica visura per immobile - Catasto Terreni."
"visura-storica","CZ","MARCELLINARA","7","815","","F","","analitica","","","PVP sales 1 (1097246); Storica Analitica visura per immobile - Catasto Fabbricati."
"visura-storica","CZ","MARCELLINARA","7","815","","T","","analitica","","","PVP sales 1 (1097246); Storica Analitica visura per immobile - Catasto Terreni."
"visura-storica","CZ","MONTAURO","10","17","","F","","analitica","","","PVP sales 4 (2080993,2235545,4432072,4482469); Storica Analitica visura per immobile - Catasto Fabbricati."
"visura-storica","CZ","MONTAURO","10","17","","T","","analitica","","","PVP sales 4 (2080993,2235545,4432072,4482469); Storica Analitica visura per immobile - Catasto Terreni."
"visura-storica","CZ","MONTAURO","15","314","1","F","","analitica","","","PVP sales 2 (2145310,4468141); Storica Analitica visura per immobile - Catasto Fabbricati."
"visura-storica","CZ","MONTAURO","15","314","2","F","","analitica","","","PVP sales 2 (2145310,4468141); Storica Analitica visura per immobile - Catasto Fabbricati."
"visura-storica","CZ","MONTAURO","15","621","2","F","","analitica","","","PVP sales 1 (4454170); Storica Analitica visura per immobile - Catasto Fabbricati."
"visura-storica","CZ","MONTAURO","6","120","3","F","","analitica","","","PVP sales 1 (4553022); Storica Analitica visura per immobile - Catasto Fabbricati."
"visura-storica","CZ","MONTAURO","6","120","8","F","","analitica","","","PVP sales 1 (4553034); Storica Analitica visura per immobile - Catasto Fabbricati."
"visura-storica","CZ","MONTAURO","7","239","2","F","","analitica","","","PVP sales 1 (4527878); Storica Analitica visura per immobile - Catasto Fabbricati."
"visura-storica","CZ","MONTAURO","7","239","4","F","","analitica","","","PVP sales 1 (4527891); Storica Analitica visura per immobile - Catasto Fabbricati."
"visura-storica","CZ","MONTEPAONE","11","1805","","F","","analitica","","","PVP sales 1 (2134205); Storica Analitica visura per immobile - Catasto Fabbricati."
"visura-storica","CZ","MONTEPAONE","11","1805","","T","","analitica","","","PVP sales 1 (2134205); Storica Analitica visura per immobile - Catasto Terreni."
"visura-storica","CZ","MONTEPAONE","11","660","24","F","","analitica","","","PVP sales 1 (4401938); Storica Analitica visura per immobile - Catasto Fabbricati."
"visura-storica","CZ","MONTEPAONE","15","761","1","F","","analitica","","","PVP sales 3 (4414777,4474698,4519825); Storica Analitica visura per immobile - Catasto Fabbricati."
"visura-storica","CZ","MONTEPAONE","15","840","","F","","analitica","","","PVP sales 2 (2182619,4250036); Storica Analitica visura per immobile - Catasto Fabbricati."
"visura-storica","CZ","MONTEPAONE","15","840","","T","","analitica","","","PVP sales 2 (2182619,4250036); Storica Analitica visura per immobile - Catasto Terreni."
"visura-storica","CZ","MONTEPAONE","18","383","11","F","","analitica","","","PVP sales 1 (4462924); Storica Analitica visura per immobile - Catasto Fabbricati."
"visura-storica","CZ","MONTEPAONE","18","383","12","F","","analitica","","","PVP sales 1 (4462932); Storica Analitica visura per immobile - Catasto Fabbricati."
"visura-storica","CZ","MONTEPAONE","18","466","15","F","","analitica","","","PVP sales 1 (4257741); Storica Analitica visura per immobile - Catasto Fabbricati."
"visura-storica","CZ","MOTTA SANTA LUCIA","13","647","2","F","","analitica","","","PVP sales 3 (4408097,4478633,4517516); Storica Analitica visura per immobile - Catasto Fabbricati."
"visura-storica","CZ","MOTTA SANTA LUCIA","13","647","3","F","","analitica","","","PVP sales 3 (4408095,4478589,4517514); Storica Analitica visura per immobile - Catasto Fabbricati."
"visura-storica","CZ","MOTTA SANTA LUCIA","14","71","","F","","analitica","","","PVP sales 2 (4448641,4504375); Storica Analitica visura per immobile - Catasto Fabbricati."
"visura-storica","CZ","MOTTA SANTA LUCIA","14","71","","T","","analitica","","","PVP sales 2 (4448641,4504375); Storica Analitica visura per immobile - Catasto Terreni."
"visura-storica","CZ","NOCERA TERINESE","20","206","14","F","","analitica","","","PVP sales 1 (4487329); Storica Analitica visura per immobile - Catasto Fabbricati."
"visura-storica","CZ","NOCERA TERINESE","32","222","77","F","","analitica","","","PVP sales 1 (4215835); Storica Analitica visura per immobile - Catasto Fabbricati."
"visura-storica","CZ","NOCERA TERINESE","32","459","","F","","analitica","","","PVP sales 1 (4232759); Storica Analitica visura per immobile - Catasto Fabbricati."
"visura-storica","CZ","NOCERA TERINESE","32","459","","T","","analitica","","","PVP sales 1 (4232759); Storica Analitica visura per immobile - Catasto Terreni."
"visura-storica","CZ","NOCERA TERINESE","32","460","","F","","analitica","","","PVP sales 1 (4232759); Storica Analitica visura per immobile - Catasto Fabbricati."
"visura-storica","CZ","NOCERA TERINESE","32","460","","T","","analitica","","","PVP sales 1 (4232759); Storica Analitica visura per immobile - Catasto Terreni."
"visura-storica","CZ","NOCERA TERINESE","32","461","","F","","analitica","","","PVP sales 1 (4232759); Storica Analitica visura per immobile - Catasto Fabbricati."
"visura-storica","CZ","NOCERA TERINESE","32","461","","T","","analitica","","","PVP sales 1 (4232759); Storica Analitica visura per immobile - Catasto Terreni."
"visura-storica","CZ","NOCERA TERINESE","32","462","","F","","analitica","","","PVP sales 1 (4232759); Storica Analitica visura per immobile - Catasto Fabbricati."
"visura-storica","CZ","NOCERA TERINESE","32","462","","T","","analitica","","","PVP sales 1 (4232759); Storica Analitica visura per immobile - Catasto Terreni."
"visura-storica","CZ","NOCERA TERINESE","32","473","","F","","analitica","","","PVP sales 3 (4451965,4491591,4530124); Storica Analitica visura per immobile - Catasto Fabbricati."
"visura-storica","CZ","NOCERA TERINESE","32","473","","T","","analitica","","","PVP sales 3 (4451965,4491591,4530124); Storica Analitica visura per immobile - Catasto Terreni."
"visura-storica","CZ","NOCERA TERINESE","32","474","","F","","analitica","","","PVP sales 3 (4451965,4491591,4530124); Storica Analitica visura per immobile - Catasto Fabbricati."
"visura-storica","CZ","NOCERA TERINESE","32","474","","T","","analitica","","","PVP sales 3 (4451965,4491591,4530124); Storica Analitica visura per immobile - Catasto Terreni."
"visura-storica","CZ","NOCERA TERINESE","32","475","","F","","analitica","","","PVP sales 3 (4451965,4491591,4530124); Storica Analitica visura per immobile - Catasto Fabbricati."
"visura-storica","CZ","NOCERA TERINESE","32","475","","T","","analitica","","","PVP sales 3 (4451965,4491591,4530124); Storica Analitica visura per immobile - Catasto Terreni."
"visura-storica","CZ","NOCERA TERINESE","32","476","","F","","analitica","","","PVP sales 3 (4451965,4491591,4530124); Storica Analitica visura per immobile - Catasto Fabbricati."
"visura-storica","CZ","NOCERA TERINESE","32","476","","T","","analitica","","","PVP sales 3 (4451965,4491591,4530124); Storica Analitica visura per immobile - Catasto Terreni."
"visura-storica","CZ","NOCERA TERINESE","32","477","","F","","analitica","","","PVP sales 3 (4451965,4491591,4530124); Storica Analitica visura per immobile - Catasto Fabbricati."
"visura-storica","CZ","NOCERA TERINESE","32","477","","T","","analitica","","","PVP sales 3 (4451965,4491591,4530124); Storica Analitica visura per immobile - Catasto Terreni."
"visura-storica","CZ","NOCERA TERINESE","33","248","11","F","","analitica","","","PVP sales 3 (2154807,4271303,4431000); Storica Analitica visura per immobile - Catasto Fabbricati."
"visura-storica","CZ","NOCERA TERINESE","45","422","16","F","","analitica","","","PVP sales 2 (4444102,4510749); Storica Analitica visura per immobile - Catasto Fabbricati."
"visura-storica","CZ","NOCERA TERINESE","45","422","17","F","","analitica","","","PVP sales 2 (4444185,4510756); Storica Analitica visura per immobile - Catasto Fabbricati."
"visura-storica","CZ","NOCERA TERINESE","45","69","2","F","","analitica","","","PVP sales 1 (1535449); Storica Analitica visura per immobile - Catasto Fabbricati."
"visura-storica","CZ","NOCERA TERINESE","45","69","3","F","","analitica","","","PVP sales 1 (1535505); Storica Analitica visura per immobile - Catasto Fabbricati."
"visura-storica","CZ","NOCERA TERINESE","45","8","40","F","","analitica","","","PVP sales 4 (2173044,2242845,4265255,4486608); Storica Analitica visura per immobile - Catasto Fabbricati."
"visura-storica","CZ","PALERMITI","14","140","","F","","analitica","","","PVP sales 1 (767401); Storica Analitica visura per immobile - Catasto Fabbricati."
"visura-storica","CZ","PALERMITI","14","140","","T","","analitica","","","PVP sales 1 (767401); Storica Analitica visura per immobile - Catasto Terreni."
"visura-storica","CZ","PALERMITI","14","392","","F","","analitica","","","PVP sales 1 (767401); Storica Analitica visura per immobile - Catasto Fabbricati."
"visura-storica","CZ","PALERMITI","14","392","","T","","analitica","","","PVP sales 1 (767401); Storica Analitica visura per immobile - Catasto Terreni."
"visura-storica","CZ","PALERMITI","14","397","","F","","analitica","","","PVP sales 1 (767401); Storica Analitica visura per immobile - Catasto Fabbricati."
"visura-storica","CZ","PALERMITI","14","397","","T","","analitica","","","PVP sales 1 (767401); Storica Analitica visura per immobile - Catasto Terreni."
"visura-storica","CZ","PALERMITI","14","507","1","F","","analitica","","","PVP sales 1 (767401); Storica Analitica visura per immobile - Catasto Fabbricati."
"visura-storica","CZ","PALERMITI","15","339","3","F","","analitica","","","PVP sales 1 (4560241); Storica Analitica visura per immobile - Catasto Fabbricati."
"visura-storica","CZ","PALERMITI","8","313","","F","","analitica","","","PVP sales 1 (767393); Storica Analitica visura per immobile - Catasto Fabbricati."
"visura-storica","CZ","PALERMITI","8","313","","T","","analitica","","","PVP sales 1 (767393); Storica Analitica visura per immobile - Catasto Terreni."
"visura-storica","CZ","PALERMITI","8","806","1","F","","analitica","","","PVP sales 1 (767393); Storica Analitica visura per immobile - Catasto Fabbricati."
"visura-storica","CZ","PETRIZZI","2","160","","F","","analitica","","","PVP sales 1 (4442020); Storica Analitica visura per immobile - Catasto Fabbricati."
"visura-storica","CZ","PETRIZZI","2","160","","T","","analitica","","","PVP sales 1 (4442020); Storica Analitica visura per immobile - Catasto Terreni."
"visura-storica","CZ","PETRIZZI","2","162","","F","","analitica","","","PVP sales 1 (4442020); Storica Analitica visura per immobile - Catasto Fabbricati."
"visura-storica","CZ","PETRIZZI","2","162","","T","","analitica","","","PVP sales 1 (4442020); Storica Analitica visura per immobile - Catasto Terreni."
"visura-storica","CZ","PETRIZZI","2","163","","F","","analitica","","","PVP sales 1 (4442020); Storica Analitica visura per immobile - Catasto Fabbricati."
"visura-storica","CZ","PETRIZZI","2","163","","T","","analitica","","","PVP sales 1 (4442020); Storica Analitica visura per immobile - Catasto Terreni."
"visura-storica","CZ","PETRIZZI","2","164","","F","","analitica","","","PVP sales 1 (4442020); Storica Analitica visura per immobile - Catasto Fabbricati."
"visura-storica","CZ","PETRIZZI","2","164","","T","","analitica","","","PVP sales 1 (4442020); Storica Analitica visura per immobile - Catasto Terreni."
"visura-storica","CZ","PETRIZZI","2","169","","F","","analitica","","","PVP sales 1 (4442020); Storica Analitica visura per immobile - Catasto Fabbricati."
"visura-storica","CZ","PETRIZZI","2","169","","T","","analitica","","","PVP sales 1 (4442020); Storica Analitica visura per immobile - Catasto Terreni."
"visura-storica","CZ","PETRIZZI","2","197","","F","","analitica","","","PVP sales 1 (4442020); Storica Analitica visura per immobile - Catasto Fabbricati."
"visura-storica","CZ","PETRIZZI","2","197","","T","","analitica","","","PVP sales 1 (4442020); Storica Analitica visura per immobile - Catasto Terreni."
"visura-storica","CZ","PETRIZZI","2","200","","F","","analitica","","","PVP sales 1 (4442020); Storica Analitica visura per immobile - Catasto Fabbricati."
"visura-storica","CZ","PETRIZZI","2","200","","T","","analitica","","","PVP sales 1 (4442020); Storica Analitica visura per immobile - Catasto Terreni."
"visura-storica","CZ","PETRIZZI","2","238","","F","","analitica","","","PVP sales 1 (4442020); Storica Analitica visura per immobile - Catasto Fabbricati."
"visura-storica","CZ","PETRIZZI","2","238","","T","","analitica","","","PVP sales 1 (4442020); Storica Analitica visura per immobile - Catasto Terreni."
"visura-storica","CZ","PETRIZZI","2","241","","F","","analitica","","","PVP sales 1 (4442020); Storica Analitica visura per immobile - Catasto Fabbricati."
"visura-storica","CZ","PETRIZZI","2","241","","T","","analitica","","","PVP sales 1 (4442020); Storica Analitica visura per immobile - Catasto Terreni."
"visura-storica","CZ","PETRIZZI","2","242","","F","","analitica","","","PVP sales 1 (4442020); Storica Analitica visura per immobile - Catasto Fabbricati."
"visura-storica","CZ","PETRIZZI","2","242","","T","","analitica","","","PVP sales 1 (4442020); Storica Analitica visura per immobile - Catasto Terreni."
"visura-storica","CZ","PETRIZZI","2","54","","F","","analitica","","","PVP sales 1 (4442020); Storica Analitica visura per immobile - Catasto Fabbricati."
"visura-storica","CZ","PETRIZZI","2","54","","T","","analitica","","","PVP sales 1 (4442020); Storica Analitica visura per immobile - Catasto Terreni."
"visura-storica","CZ","PETRIZZI","5","517","8","F","","analitica","","","PVP sales 3 (4448662,4491971,4542901); Storica Analitica visura per immobile - Catasto Fabbricati."
"visura-storica","CZ","PETRIZZI","8","38","","F","","analitica","","","PVP sales 1 (2227485); Storica Analitica visura per immobile - Catasto Fabbricati."
"visura-storica","CZ","PETRIZZI","8","38","","T","","analitica","","","PVP sales 1 (2227485); Storica Analitica visura per immobile - Catasto Terreni."
"visura-storica","CZ","PETRONÀ","26","472","1","F","","analitica","","","PVP sales 2 (4417297,4458609); Storica Analitica visura per immobile - Catasto Fabbricati."
"visura-storica","CZ","PETRONÀ","27","37","1","F","","analitica","","","PVP sales 2 (4410178,4491178); Storica Analitica visura per immobile - Catasto Fabbricati."
"visura-storica","CZ","PETRONÀ","27","37","2","F","","analitica","","","PVP sales 2 (4410178,4491178); Storica Analitica visura per immobile - Catasto Fabbricati."
"visura-storica","CZ","PETRONÀ","27","37","3","F","","analitica","","","PVP sales 2 (4410228,4491163); Storica Analitica visura per immobile - Catasto Fabbricati."
"visura-storica","CZ","PETRONÀ","27","37","4","F","","analitica","","","PVP sales 2 (4410228,4491163); Storica Analitica visura per immobile - Catasto Fabbricati."
"visura-storica","CZ","PETRONÀ","32","193","","F","","analitica","","","PVP sales 2 (4410238,4491179); Storica Analitica visura per immobile - Catasto Fabbricati."
"visura-storica","CZ","PETRONÀ","32","193","","T","","analitica","","","PVP sales 2 (4410238,4491179); Storica Analitica visura per immobile - Catasto Terreni."
"visura-storica","CZ","PETRONÀ","32","194","","F","","analitica","","","PVP sales 2 (4410238,4491179); Storica Analitica visura per immobile - Catasto Fabbricati."
"visura-storica","CZ","PETRONÀ","32","194","","T","","analitica","","","PVP sales 2 (4410238,4491179); Storica Analitica visura per immobile - Catasto Terreni."
"visura-storica","CZ","PETRONÀ","32","399","","F","","analitica","","","PVP sales 2 (4410238,4491179); Storica Analitica visura per immobile - Catasto Fabbricati."
"visura-storica","CZ","PETRONÀ","32","399","","T","","analitica","","","PVP sales 2 (4410238,4491179); Storica Analitica visura per immobile - Catasto Terreni."
"visura-storica","CZ","PIANOPOLI","3","155","10","F","","analitica","","","PVP sales 1 (578741); Storica Analitica visura per immobile - Catasto Fabbricati."
"visura-storica","CZ","PIANOPOLI","3","281","3","F","","analitica","","","PVP sales 3 (1440068,1581881,1762662); Storica Analitica visura per immobile - Catasto Fabbricati."
"visura-storica","CZ","PIANOPOLI","3","281","7","F","","analitica","","","PVP sales 3 (1440068,1581881,1762662); Storica Analitica visura per immobile - Catasto Fabbricati."
"visura-storica","CZ","PIANOPOLI","4","149","6","F","","analitica","","","PVP sales 1 (764636); Storica Analitica visura per immobile - Catasto Fabbricati."
"visura-storica","CZ","PIANOPOLI","5","1009","","F","","analitica","","","PVP sales 4 (4421553,4466894,4498893,4532877); Storica Analitica visura per immobile - Catasto Fabbricati."
"visura-storica","CZ","PIANOPOLI","5","1009","","T","","analitica","","","PVP sales 4 (4421553,4466894,4498893,4532877); Storica Analitica visura per immobile - Catasto Terreni."
"visura-storica","CZ","PIANOPOLI","5","1016","","F","","analitica","","","PVP sales 4 (4421553,4466894,4498893,4532877); Storica Analitica visura per immobile - Catasto Fabbricati."
"visura-storica","CZ","PIANOPOLI","5","1016","","T","","analitica","","","PVP sales 4 (4421553,4466894,4498893,4532877); Storica Analitica visura per immobile - Catasto Terreni."
"visura-storica","CZ","PIANOPOLI","5","1048","","F","","analitica","","","PVP sales 4 (4421553,4466894,4498893,4532877); Storica Analitica visura per immobile - Catasto Fabbricati."
"visura-storica","CZ","PIANOPOLI","5","1048","","T","","analitica","","","PVP sales 4 (4421553,4466894,4498893,4532877); Storica Analitica visura per immobile - Catasto Terreni."
"visura-storica","CZ","PIANOPOLI","5","1063","4","F","","analitica","","","PVP sales 1 (4471551); Storica Analitica visura per immobile - Catasto Fabbricati."
"visura-storica","CZ","PIANOPOLI","5","906","","F","","analitica","","","PVP sales 4 (4421553,4466894,4498893,4532877); Storica Analitica visura per immobile - Catasto Fabbricati."
"visura-storica","CZ","PIANOPOLI","5","906","","T","","analitica","","","PVP sales 4 (4421553,4466894,4498893,4532877); Storica Analitica visura per immobile - Catasto Terreni."
"visura-storica","CZ","PIANOPOLI","6","1012","","F","","analitica","","","PVP sales 1 (1604854); Storica Analitica visura per immobile - Catasto Fabbricati."
"visura-storica","CZ","PIANOPOLI","6","1012","","T","","analitica","","","PVP sales 1 (1604854); Storica Analitica visura per immobile - Catasto Terreni."
"visura-storica","CZ","PIANOPOLI","6","1012","1","F","","analitica","","","PVP sales 1 (1604854); Storica Analitica visura per immobile - Catasto Fabbricati."
"visura-storica","CZ","PIANOPOLI","6","1012","17","F","","analitica","","","PVP sales 1 (1604854); Storica Analitica visura per immobile - Catasto Fabbricati."
"visura-storica","CZ","PIANOPOLI","6","771","12","F","","analitica","","","PVP sales 1 (2054663); Storica Analitica visura per immobile - Catasto Fabbricati."
"visura-storica","CZ","PIANOPOLI","6","771","7","F","","analitica","","","PVP sales 1 (2054663); Storica Analitica visura per immobile - Catasto Fabbricati."
"visura-storica","CZ","PIANOPOLI","6","773","12","F","","analitica","","","PVP sales 1 (2054663); Storica Analitica visura per immobile - Catasto Fabbricati."
"visura-storica","CZ","PIANOPOLI","9","451","","F","","analitica","","","PVP sales 3 (1440087,1581897,1762670); Storica Analitica visura per immobile - Catasto Fabbricati."
"visura-storica","CZ","PIANOPOLI","9","451","","T","","analitica","","","PVP sales 3 (1440087,1581897,1762670); Storica Analitica visura per immobile - Catasto Terreni."
"visura-storica","CZ","PIANOPOLI","9","567","","F","","analitica","","","PVP sales 1 (764636); Storica Analitica visura per immobile - Catasto Fabbricati."
"visura-storica","CZ","PIANOPOLI","9","567","","T","","analitica","","","PVP sales 1 (764636); Storica Analitica visura per immobile - Catasto Terreni."
"visura-storica","CZ","PIANOPOLI","9","571","","F","","analitica","","","PVP sales 1 (764636); Storica Analitica visura per immobile - Catasto Fabbricati."
"visura-storica","CZ","PIANOPOLI","9","571","","T","","analitica","","","PVP sales 1 (764636); Storica Analitica visura per immobile - Catasto Terreni."
"visura-storica","CZ","PIANOPOLI","9","880","","F","","analitica","","","PVP sales 3 (1440087,1581897,1762670); Storica Analitica visura per immobile - Catasto Fabbricati."
"visura-storica","CZ","PIANOPOLI","9","880","","T","","analitica","","","PVP sales 3 (1440087,1581897,1762670); Storica Analitica visura per immobile - Catasto Terreni."
"visura-storica","CZ","PIANOPOLI","9","882","","F","","analitica","","","PVP sales 3 (1440087,1581897,1762670); Storica Analitica visura per immobile - Catasto Fabbricati."
"visura-storica","CZ","PIANOPOLI","9","882","","T","","analitica","","","PVP sales 3 (1440087,1581897,1762670); Storica Analitica visura per immobile - Catasto Terreni."
"visura-storica","CZ","PIANOPOLI","9","883","","F","","analitica","","","PVP sales 3 (1440087,1581897,1762670); Storica Analitica visura per immobile - Catasto Fabbricati."
"visura-storica","CZ","PIANOPOLI","9","883","","T","","analitica","","","PVP sales 3 (1440087,1581897,1762670); Storica Analitica visura per immobile - Catasto Terreni."
"visura-storica","CZ","PIANOPOLI","9","885","","F","","analitica","","","PVP sales 3 (1440087,1581897,1762670); Storica Analitica visura per immobile - Catasto Fabbricati."
"visura-storica","CZ","PIANOPOLI","9","885","","T","","analitica","","","PVP sales 3 (1440087,1581897,1762670); Storica Analitica visura per immobile - Catasto Terreni."
"visura-storica","CZ","PIANOPOLI","9","887","","F","","analitica","","","PVP sales 3 (1440087,1581897,1762670); Storica Analitica visura per immobile - Catasto Fabbricati."
"visura-storica","CZ","PIANOPOLI","9","887","","T","","analitica","","","PVP sales 3 (1440087,1581897,1762670); Storica Analitica visura per immobile - Catasto Terreni."
"visura-storica","CZ","PLATANIA","23","715","3","F","","analitica","","","PVP sales 4 (4244814,4444477,4498648,4549162); Storica Analitica visura per immobile - Catasto Fabbricati."
"visura-storica","CZ","PLATANIA","23","715","4","F","","analitica","","","PVP sales 4 (4244822,4444483,4498669,4549145); Storica Analitica visura per immobile - Catasto Fabbricati."
"visura-storica","CZ","PLATANIA","29","295","1","F","","analitica","","","PVP sales 3 (2099057,4458794,4536333); Storica Analitica visura per immobile - Catasto Fabbricati."
"visura-storica","CZ","PLATANIA","29","295","2","F","","analitica","","","PVP sales 3 (2099057,4458794,4536333); Storica Analitica visura per immobile - Catasto Fabbricati."
"visura-storica","CZ","PLATANIA","29","350","","F","","analitica","","","PVP sales 3 (2099060,4458800,4536399); Storica Analitica visura per immobile - Catasto Fabbricati."
"visura-storica","CZ","PLATANIA","29","350","","T","","analitica","","","PVP sales 3 (2099060,4458800,4536399); Storica Analitica visura per immobile - Catasto Terreni."
"visura-storica","CZ","PLATANIA","5","560","1","F","","analitica","","","PVP sales 2 (4431999,4542019); Storica Analitica visura per immobile - Catasto Fabbricati."
"visura-storica","CZ","PLATANIA","5","560","2","F","","analitica","","","PVP sales 2 (4431999,4542019); Storica Analitica visura per immobile - Catasto Fabbricati."
"visura-storica","CZ","PLATANIA","5","560","9","F","","analitica","","","PVP sales 2 (4431999,4542019); Storica Analitica visura per immobile - Catasto Fabbricati."
"visura-storica","CZ","PLATANIA","6","560","1","F","","analitica","","","PVP sales 7 (1604596,1721588,1881645,1981906,2067981 +2 more); Storica Analitica visura per immobile - Catasto Fabbricati."
"visura-storica","CZ","PLATANIA","6","560","2","F","","analitica","","","PVP sales 14 (1604128,1604596,1721525,1721588,1881634 +9 more); Storica Analitica visura per immobile - Catasto Fabbricati."
"visura-storica","CZ","PLATANIA","6","560","6","F","","analitica","","","PVP sales 9 (1604128,1721525,1881634,1981904,2067884 +4 more); Storica Analitica visura per immobile - Catasto Fabbricati."
"visura-storica","CZ","PLATANIA","6","560","9","F","","analitica","","","PVP sales 7 (1604596,1721588,1881645,1981906,2067981 +2 more); Storica Analitica visura per immobile - Catasto Fabbricati."
"visura-storica","CZ","SAN MANGO D'AQUINO","7","1219","5","F","","analitica","","","PVP sales 1 (4500825); Storica Analitica visura per immobile - Catasto Fabbricati."
"visura-storica","CZ","SAN PIETRO A MAIDA","11","984","5","F","","analitica","","","PVP sales 2 (2102489,2259493); Storica Analitica visura per immobile - Catasto Fabbricati."
"visura-storica","CZ","SAN PIETRO A MAIDA","13","1524","12","F","","analitica","","","PVP sales 7 (1476843,1783145,2097539,2164769,4244135 +2 more); Storica Analitica visura per immobile - Catasto Fabbricati."
"visura-storica","CZ","SAN PIETRO A MAIDA","13","1524","13","F","","analitica","","","PVP sales 6 (1476858,1783210,2164770,4244121,4407604 +1 more); Storica Analitica visura per immobile - Catasto Fabbricati."
"visura-storica","CZ","SAN PIETRO A MAIDA","13","1524","9","F","","analitica","","","PVP sales 7 (1476819,1783098,2097298,2164765,4244134 +2 more); Storica Analitica visura per immobile - Catasto Fabbricati."
"visura-storica","CZ","SAN PIETRO A MAIDA","14","527","8","F","","analitica","","","PVP sales 3 (4409581,4498677,4549175); Storica Analitica visura per immobile - Catasto Fabbricati."
"visura-storica","CZ","SAN PIETRO A MAIDA","14","898","31","F","","analitica","","","PVP sales 3 (4410938,4464751,4517435); Storica Analitica visura per immobile - Catasto Fabbricati."
"visura-storica","CZ","SAN PIETRO A MAIDA","5","341","3","F","","analitica","","","PVP sales 3 (4246789,4405447,4453611); Storica Analitica visura per immobile - Catasto Fabbricati."
"visura-storica","CZ","SAN PIETRO A MAIDA","5","341","4","F","","analitica","","","PVP sales 3 (4246767,4405488,4453636); Storica Analitica visura per immobile - Catasto Fabbricati."
"visura-storica","CZ","SAN PIETRO A MAIDA","5","341","5","F","","analitica","","","PVP sales 3 (4246789,4405447,4453611); Storica Analitica visura per immobile - Catasto Fabbricati."
"visura-storica","CZ","SAN PIETRO A MAIDA","5","473","4","F","","analitica","","","PVP sales 2 (519310,1582936); Storica Analitica visura per immobile - Catasto Fabbricati."
"visura-storica","CZ","SAN PIETRO A MAIDA","5","473","5","F","","analitica","","","PVP sales 2 (519327,1582940); Storica Analitica visura per immobile - Catasto Fabbricati."
"visura-storica","CZ","SAN PIETRO A MAIDA","5","473","9","F","","analitica","","","PVP sales 2 (518917,1582930); Storica Analitica visura per immobile - Catasto Fabbricati."
"visura-storica","CZ","SAN PIETRO APOSTOLO","11","121","","F","","analitica","","","PVP sales 1 (4557446); Storica Analitica visura per immobile - Catasto Fabbricati."
"visura-storica","CZ","SAN PIETRO APOSTOLO","11","121","","T","","analitica","","","PVP sales 1 (4557446); Storica Analitica visura per immobile - Catasto Terreni."
"visura-storica","CZ","SAN PIETRO APOSTOLO","11","381","5","F","","analitica","","","PVP sales 1 (4557446); Storica Analitica visura per immobile - Catasto Fabbricati."
"visura-storica","CZ","SAN PIETRO APOSTOLO","11","381","6","F","","analitica","","","PVP sales 1 (4557446); Storica Analitica visura per immobile - Catasto Fabbricati."
"visura-storica","CZ","SAN PIETRO APOSTOLO","11","409","","F","","analitica","","","PVP sales 1 (4557446); Storica Analitica visura per immobile - Catasto Fabbricati."
"visura-storica","CZ","SAN PIETRO APOSTOLO","11","409","","T","","analitica","","","PVP sales 1 (4557446); Storica Analitica visura per immobile - Catasto Terreni."
"visura-storica","CZ","SAN PIETRO APOSTOLO","11","498","1","F","","analitica","","","PVP sales 1 (4557446); Storica Analitica visura per immobile - Catasto Fabbricati."
"visura-storica","CZ","SAN PIETRO APOSTOLO","7","1023","10","F","","analitica","","","PVP sales 3 (2090599,4257111,4459056); Storica Analitica visura per immobile - Catasto Fabbricati."
"visura-storica","CZ","SAN SOSTENE","8","1871","26","F","","analitica","","","PVP sales 1 (4224569); Storica Analitica visura per immobile - Catasto Fabbricati."
"visura-storica","CZ","SAN SOSTENE","8","1871","33","F","","analitica","","","PVP sales 1 (4224569); Storica Analitica visura per immobile - Catasto Fabbricati."
"visura-storica","CZ","SAN SOSTENE","8","1871","64","F","","analitica","","","PVP sales 2 (2135310,2221842); Storica Analitica visura per immobile - Catasto Fabbricati."
"visura-storica","CZ","SAN SOSTENE","8","1887","1","F","","analitica","","","PVP sales 1 (2158528); Storica Analitica visura per immobile - Catasto Fabbricati."
"visura-storica","CZ","SAN SOSTENE","8","1887","14","F","","analitica","","","PVP sales 2 (2158537,2259447); Storica Analitica visura per immobile - Catasto Fabbricati."
"visura-storica","CZ","SAN SOSTENE","8","1887","15","F","","analitica","","","PVP sales 2 (2158537,2259447); Storica Analitica visura per immobile - Catasto Fabbricati."
"visura-storica","CZ","SAN SOSTENE","8","1887","3","F","","analitica","","","PVP sales 2 (2158532,2259151); Storica Analitica visura per immobile - Catasto Fabbricati."
"visura-storica","CZ","SAN SOSTENE","8","1887","37","F","","analitica","","","PVP sales 1 (2158539); Storica Analitica visura per immobile - Catasto Fabbricati."
"visura-storica","CZ","SAN SOSTENE","8","1887","38","F","","analitica","","","PVP sales 1 (2158545); Storica Analitica visura per immobile - Catasto Fabbricati."
"visura-storica","CZ","SAN SOSTENE","8","1887","4","F","","analitica","","","PVP sales 2 (2158532,2259151); Storica Analitica visura per immobile - Catasto Fabbricati."
"visura-storica","CZ","SAN SOSTENE","89","1871","39","F","","analitica","","","PVP sales 2 (2166854,4251132); Storica Analitica visura per immobile - Catasto Fabbricati."
"visura-storica","CZ","SAN SOSTENE","89","1871","41","F","","analitica","","","PVP sales 2 (2166863,4251142); Storica Analitica visura per immobile - Catasto Fabbricati."
"visura-storica","CZ","SAN SOSTENE","89","1871","43","F","","analitica","","","PVP sales 2 (2166904,4251146); Storica Analitica visura per immobile - Catasto Fabbricati."
"visura-storica","CZ","SAN SOSTENE","89","1871","44","F","","analitica","","","PVP sales 2 (2166909,4251143); Storica Analitica visura per immobile - Catasto Fabbricati."
"visura-storica","CZ","SAN SOSTENE","89","1871","45","F","","analitica","","","PVP sales 2 (2166915,4251145); Storica Analitica visura per immobile - Catasto Fabbricati."
"visura-storica","CZ","SAN SOSTENE","89","1871","46","F","","analitica","","","PVP sales 2 (2166923,4251112); Storica Analitica visura per immobile - Catasto Fabbricati."
"visura-storica","CZ","SANT'ANDREA APOSTOLO DELLO IONIO","22","945","19","F","","analitica","","","PVP sales 2 (4497062,4534896); Storica Analitica visura per immobile - Catasto Fabbricati."
"visura-storica","CZ","SANT'ANDREA APOSTOLO DELLO IONIO","23","134","11","F","","analitica","","","PVP sales 3 (2139416,2223164,4234616); Storica Analitica visura per immobile - Catasto Fabbricati."
"visura-storica","CZ","SANT'ANDREA APOSTOLO DELLO IONIO","23","66","","F","","analitica","","","PVP sales 1 (2243359); Storica Analitica visura per immobile - Catasto Fabbricati."
"visura-storica","CZ","SANT'ANDREA APOSTOLO DELLO IONIO","23","66","","T","","analitica","","","PVP sales 1 (2243359); Storica Analitica visura per immobile - Catasto Terreni."
"visura-storica","CZ","SANTA CATERINA DELLO IONIO","10","137","","F","","analitica","","","PVP sales 4 (2134852,4283580,4449390,4527931); Storica Analitica visura per immobile - Catasto Fabbricati."
"visura-storica","CZ","SANTA CATERINA DELLO IONIO","10","137","","T","","analitica","","","PVP sales 4 (2134852,4283580,4449390,4527931); Storica Analitica visura per immobile - Catasto Terreni."
"visura-storica","CZ","SANTA CATERINA DELLO IONIO","10","138","","F","","analitica","","","PVP sales 4 (2134852,4283580,4449390,4527931); Storica Analitica visura per immobile - Catasto Fabbricati."
"visura-storica","CZ","SANTA CATERINA DELLO IONIO","10","138","","T","","analitica","","","PVP sales 4 (2134852,4283580,4449390,4527931); Storica Analitica visura per immobile - Catasto Terreni."
"visura-storica","CZ","SANTA CATERINA DELLO IONIO","10","141","","F","","analitica","","","PVP sales 4 (2134852,4283580,4449390,4527931); Storica Analitica visura per immobile - Catasto Fabbricati."
"visura-storica","CZ","SANTA CATERINA DELLO IONIO","10","141","","T","","analitica","","","PVP sales 4 (2134852,4283580,4449390,4527931); Storica Analitica visura per immobile - Catasto Terreni."
"visura-storica","CZ","SANTA CATERINA DELLO IONIO","10","175","","F","","analitica","","","PVP sales 4 (2134852,4283580,4449390,4527931); Storica Analitica visura per immobile - Catasto Fabbricati."
"visura-storica","CZ","SANTA CATERINA DELLO IONIO","10","175","","T","","analitica","","","PVP sales 4 (2134852,4283580,4449390,4527931); Storica Analitica visura per immobile - Catasto Terreni."
"visura-storica","CZ","SANTA CATERINA DELLO IONIO","10","315","","F","","analitica","","","PVP sales 3 (2134861,4283560,4449391); Storica Analitica visura per immobile - Catasto Fabbricati."
"visura-storica","CZ","SANTA CATERINA DELLO IONIO","10","315","","T","","analitica","","","PVP sales 3 (2134861,4283560,4449391); Storica Analitica visura per immobile - Catasto Terreni."
"visura-storica","CZ","SANTA CATERINA DELLO IONIO","10","60","","F","","analitica","","","PVP sales 3 (2134861,4283560,4449391); Storica Analitica visura per immobile - Catasto Fabbricati."
"visura-storica","CZ","SANTA CATERINA DELLO IONIO","10","60","","T","","analitica","","","PVP sales 3 (2134861,4283560,4449391); Storica Analitica visura per immobile - Catasto Terreni."
"visura-storica","CZ","SANTA CATERINA DELLO IONIO","13","24","","F","","analitica","","","PVP sales 4 (2134793,4283563,4449389,4527910); Storica Analitica visura per immobile - Catasto Fabbricati."
"visura-storica","CZ","SANTA CATERINA DELLO IONIO","13","24","","T","","analitica","","","PVP sales 4 (2134793,4283563,4449389,4527910); Storica Analitica visura per immobile - Catasto Terreni."
"visura-storica","CZ","SANTA CATERINA DELLO IONIO","13","25","","F","","analitica","","","PVP sales 4 (2134793,4283563,4449389,4527910); Storica Analitica visura per immobile - Catasto Fabbricati."
"visura-storica","CZ","SANTA CATERINA DELLO IONIO","13","25","","T","","analitica","","","PVP sales 4 (2134793,4283563,4449389,4527910); Storica Analitica visura per immobile - Catasto Terreni."
"visura-storica","CZ","SANTA CATERINA DELLO IONIO","13","38","","F","","analitica","","","PVP sales 4 (2134793,4283563,4449389,4527910); Storica Analitica visura per immobile - Catasto Fabbricati."
"visura-storica","CZ","SANTA CATERINA DELLO IONIO","13","38","","T","","analitica","","","PVP sales 4 (2134793,4283563,4449389,4527910); Storica Analitica visura per immobile - Catasto Terreni."
"visura-storica","CZ","SANTA CATERINA DELLO IONIO","13","39","","F","","analitica","","","PVP sales 4 (2134793,4283563,4449389,4527910); Storica Analitica visura per immobile - Catasto Fabbricati."
"visura-storica","CZ","SANTA CATERINA DELLO IONIO","13","39","","T","","analitica","","","PVP sales 4 (2134793,4283563,4449389,4527910); Storica Analitica visura per immobile - Catasto Terreni."
"visura-storica","CZ","SANTA CATERINA DELLO IONIO","13","48","","F","","analitica","","","PVP sales 4 (2134793,4283563,4449389,4527910); Storica Analitica visura per immobile - Catasto Fabbricati."
"visura-storica","CZ","SANTA CATERINA DELLO IONIO","13","48","","T","","analitica","","","PVP sales 4 (2134793,4283563,4449389,4527910); Storica Analitica visura per immobile - Catasto Terreni."
"visura-storica","CZ","SANTA CATERINA DELLO IONIO","21","518","1","F","","analitica","","","PVP sales 4 (2134788,4283575,4449394,4527911); Storica Analitica visura per immobile - Catasto Fabbricati."
"visura-storica","CZ","SANTA CATERINA DELLO IONIO","24","46","","F","","analitica","","","PVP sales 1 (2144038); Storica Analitica visura per immobile - Catasto Fabbricati."
"visura-storica","CZ","SANTA CATERINA DELLO IONIO","24","46","","T","","analitica","","","PVP sales 1 (2144038); Storica Analitica visura per immobile - Catasto Terreni."
"visura-storica","CZ","SANTA CATERINA DELLO IONIO","24","47","","F","","analitica","","","PVP sales 1 (2144038); Storica Analitica visura per immobile - Catasto Fabbricati."
"visura-storica","CZ","SANTA CATERINA DELLO IONIO","24","47","","T","","analitica","","","PVP sales 1 (2144038); Storica Analitica visura per immobile - Catasto Terreni."
"visura-storica","CZ","SANTA CATERINA DELLO IONIO","24","48","","F","","analitica","","","PVP sales 1 (2144038); Storica Analitica visura per immobile - Catasto Fabbricati."
"visura-storica","CZ","SANTA CATERINA DELLO IONIO","24","48","","T","","analitica","","","PVP sales 1 (2144038); Storica Analitica visura per immobile - Catasto Terreni."
"visura-storica","CZ","SANTA CATERINA DELLO IONIO","34","1089","18","F","","analitica","","","PVP sales 1 (2144016); Storica Analitica visura per immobile - Catasto Fabbricati."
"visura-storica","CZ","SANTA CATERINA DELLO IONIO","34","1089","19","F","","analitica","","","PVP sales 1 (2144016); Storica Analitica visura per immobile - Catasto Fabbricati."
"visura-storica","CZ","SANTA CATERINA DELLO IONIO","34","1089","20","F","","analitica","","","PVP sales 1 (2144016); Storica Analitica visura per immobile - Catasto Fabbricati."
"visura-storica","CZ","SANTA CATERINA DELLO IONIO","34","1089","21","F","","analitica","","","PVP sales 1 (2144016); Storica Analitica visura per immobile - Catasto Fabbricati."
"visura-storica","CZ","SATRIANO","1","663","16","F","","analitica","","","PVP sales 1 (100121); Storica Analitica visura per immobile - Catasto Fabbricati."
"visura-storica","CZ","SATRIANO","1","982","11","F","","analitica","","","PVP sales 1 (4545517); Storica Analitica visura per immobile - Catasto Fabbricati."
"visura-storica","CZ","SATRIANO","1","982","12","F","","analitica","","","PVP sales 2 (4487621,4545542); Storica Analitica visura per immobile - Catasto Fabbricati."
"visura-storica","CZ","SATRIANO","1","982","5","F","","analitica","","","PVP sales 2 (4487565,4544953); Storica Analitica visura per immobile - Catasto Fabbricati."
"visura-storica","CZ","SATRIANO","1","982","6","F","","analitica","","","PVP sales 2 (4487542,4545011); Storica Analitica visura per immobile - Catasto Fabbricati."
"visura-storica","CZ","SATRIANO","1","982","7","F","","analitica","","","PVP sales 2 (4489370,4545016); Storica Analitica visura per immobile - Catasto Fabbricati."
"visura-storica","CZ","SATRIANO","1","982","8","F","","analitica","","","PVP sales 2 (4487578,4545048); Storica Analitica visura per immobile - Catasto Fabbricati."
"visura-storica","CZ","SATRIANO","1","982","9","F","","analitica","","","PVP sales 2 (4487583,4545522); Storica Analitica visura per immobile - Catasto Fabbricati."
"visura-storica","CZ","SATRIANO","18","465","3","F","","analitica","","","PVP sales 1 (270394); Storica Analitica visura per immobile - Catasto Fabbricati."
"visura-storica","CZ","SATRIANO","18","465","7","F","","analitica","","","PVP sales 1 (270394); Storica Analitica visura per immobile - Catasto Fabbricati."
"visura-storica","CZ","SATRIANO","2","1215","6","F","","analitica","","","PVP sales 1 (2214639); Storica Analitica visura per immobile - Catasto Fabbricati."
"visura-storica","CZ","SATRIANO","2","1407","","F","","analitica","","","PVP sales 3 (2214643,4368505,4458589); Storica Analitica visura per immobile - Catasto Fabbricati."
"visura-storica","CZ","SATRIANO","2","1407","","T","","analitica","","","PVP sales 3 (2214643,4368505,4458589); Storica Analitica visura per immobile - Catasto Terreni."
"visura-storica","CZ","SATRIANO","2","394","80","F","","analitica","","","PVP sales 1 (2214646); Storica Analitica visura per immobile - Catasto Fabbricati."
"visura-storica","CZ","SATRIANO","2","395","80","F","","analitica","","","PVP sales 1 (2214647); Storica Analitica visura per immobile - Catasto Fabbricati."
"visura-storica","CZ","SATRIANO","2","398","80","F","","analitica","","","PVP sales 1 (2214645); Storica Analitica visura per immobile - Catasto Fabbricati."
"visura-storica","CZ","SATRIANO","2","655","2","F","","analitica","","","PVP sales 3 (4462931,4501695,4546851); Storica Analitica visura per immobile - Catasto Fabbricati."
"visura-storica","CZ","SATRIANO","2","655","4","F","","analitica","","","PVP sales 3 (4462931,4501695,4546851); Storica Analitica visura per immobile - Catasto Fabbricati."
"visura-storica","CZ","SATRIANO","2","765","15","F","","analitica","","","PVP sales 2 (2110495,2207762); Storica Analitica visura per immobile - Catasto Fabbricati."
"visura-storica","CZ","SATRIANO","2","806","","F","","analitica","","","PVP sales 1 (2083187); Storica Analitica visura per immobile - Catasto Fabbricati."
"visura-storica","CZ","SATRIANO","2","806","","T","","analitica","","","PVP sales 1 (2083187); Storica Analitica visura per immobile - Catasto Terreni."
"visura-storica","CZ","SATRIANO","2","812","1105","F","","analitica","","","PVP sales 3 (2083198,2147985,4216338); Storica Analitica visura per immobile - Catasto Fabbricati."
"visura-storica","CZ","SATRIANO","2","91","12","F","","analitica","","","PVP sales 2 (2187663,4230369); Storica Analitica visura per immobile - Catasto Fabbricati."
"visura-storica","CZ","SATRIANO","2","91","13","F","","analitica","","","PVP sales 2 (2187668,4230373); Storica Analitica visura per immobile - Catasto Fabbricati."
"visura-storica","CZ","SATRIANO","2","91","14","F","","analitica","","","PVP sales 1 (4551562); Storica Analitica visura per immobile - Catasto Fabbricati."
"visura-storica","CZ","SATRIANO","2","91","3","F","","analitica","","","PVP sales 2 (2187597,4230344); Storica Analitica visura per immobile - Catasto Fabbricati."
"visura-storica","CZ","SATRIANO","2","91","4","F","","analitica","","","PVP sales 2 (2187656,4230347); Storica Analitica visura per immobile - Catasto Fabbricati."
"visura-storica","CZ","SATRIANO","2","91","6","F","","analitica","","","PVP sales 2 (2187582,4230319); Storica Analitica visura per immobile - Catasto Fabbricati."
"visura-storica","CZ","SATRIANO","2","91","7","F","","analitica","","","PVP sales 2 (2187591,4230323); Storica Analitica visura per immobile - Catasto Fabbricati."
"visura-storica","CZ","SATRIANO","3","506","27","F","","analitica","","","PVP sales 1 (4551565); Storica Analitica visura per immobile - Catasto Fabbricati."
"visura-storica","CZ","SATRIANO","3","506","28","F","","analitica","","","PVP sales 3 (2187675,4230352,4551613); Storica Analitica visura per immobile - Catasto Fabbricati."
"visura-storica","CZ","SATRIANO","3","506","44","F","","analitica","","","PVP sales 1 (4551612); Storica Analitica visura per immobile - Catasto Fabbricati."
"visura-storica","CZ","SATRIANO","3","641","21","F","","analitica","","","PVP sales 1 (4233805); Storica Analitica visura per immobile - Catasto Fabbricati."
"visura-storica","CZ","SATRIANO","9","387","4","F","","analitica","","","PVP sales 1 (1646320); Storica Analitica visura per immobile - Catasto Fabbricati."
"visura-storica","CZ","SELLIA","8","180","4","F","","analitica","","","PVP sales 2 (4410927,4474160); Storica Analitica visura per immobile - Catasto Fabbricati."
"visura-storica","CZ","SELLIA MARINA","10","127","5","F","","analitica","","","PVP sales 1 (4253161); Storica Analitica visura per immobile - Catasto Fabbricati."
"visura-storica","CZ","SELLIA MARINA","11","206","3","F","","analitica","","","PVP sales 1 (2121130); Storica Analitica visura per immobile - Catasto Fabbricati."
"visura-storica","CZ","SELLIA MARINA","12","860","3","F","","analitica","","","PVP sales 1 (2244024); Storica Analitica visura per immobile - Catasto Fabbricati."
"visura-storica","CZ","SELLIA MARINA","12","860","4","F","","analitica","","","PVP sales 1 (2244024); Storica Analitica visura per immobile - Catasto Fabbricati."
"visura-storica","CZ","SELLIA MARINA","14","927","1","F","","analitica","","","PVP sales 1 (4247862); Storica Analitica visura per immobile - Catasto Fabbricati."
"visura-storica","CZ","SELLIA MARINA","14","927","2","F","","analitica","","","PVP sales 1 (4247862); Storica Analitica visura per immobile - Catasto Fabbricati."
"visura-storica","CZ","SELLIA MARINA","14","927","3","F","","analitica","","","PVP sales 1 (4247862); Storica Analitica visura per immobile - Catasto Fabbricati."
"visura-storica","CZ","SELLIA MARINA","14","927","4","F","","analitica","","","PVP sales 1 (4247862); Storica Analitica visura per immobile - Catasto Fabbricati."
"visura-storica","CZ","SELLIA MARINA","15","134","13","F","","analitica","","","PVP sales 1 (4531536); Storica Analitica visura per immobile - Catasto Fabbricati."
"visura-storica","CZ","SELLIA MARINA","15","237","","F","","analitica","","","PVP sales 9 (966473,966498,968131,968153,968155 +4 more); Storica Analitica visura per immobile - Catasto Fabbricati."
"visura-storica","CZ","SELLIA MARINA","15","237","","T","","analitica","","","PVP sales 9 (966473,966498,968131,968153,968155 +4 more); Storica Analitica visura per immobile - Catasto Terreni."
"visura-storica","CZ","SELLIA MARINA","15","238","","F","","analitica","","","PVP sales 1 (968169); Storica Analitica visura per immobile - Catasto Fabbricati."
"visura-storica","CZ","SELLIA MARINA","15","238","","T","","analitica","","","PVP sales 1 (968169); Storica Analitica visura per immobile - Catasto Terreni."
"visura-storica","CZ","SELLIA MARINA","17","1688","","F","","analitica","","","PVP sales 1 (2091493); Storica Analitica visura per immobile - Catasto Fabbricati."
"visura-storica","CZ","SELLIA MARINA","17","1688","","T","","analitica","","","PVP sales 1 (2091493); Storica Analitica visura per immobile - Catasto Terreni."
"visura-storica","CZ","SELLIA MARINA","17","1692","","F","","analitica","","","PVP sales 1 (2091493); Storica Analitica visura per immobile - Catasto Fabbricati."
"visura-storica","CZ","SELLIA MARINA","17","1692","","T","","analitica","","","PVP sales 1 (2091493); Storica Analitica visura per immobile - Catasto Terreni."
"visura-storica","CZ","SELLIA MARINA","17","1843","","F","","analitica","","","PVP sales 1 (2091484); Storica Analitica visura per immobile - Catasto Fabbricati."
"visura-storica","CZ","SELLIA MARINA","17","1843","","T","","analitica","","","PVP sales 1 (2091484); Storica Analitica visura per immobile - Catasto Terreni."
"visura-storica","CZ","SELLIA MARINA","17","1866","","F","","analitica","","","PVP sales 1 (2091472); Storica Analitica visura per immobile - Catasto Fabbricati."
"visura-storica","CZ","SELLIA MARINA","17","1866","","T","","analitica","","","PVP sales 1 (2091472); Storica Analitica visura per immobile - Catasto Terreni."
"visura-storica","CZ","SELLIA MARINA","17","1870","","F","","analitica","","","PVP sales 1 (2091484); Storica Analitica visura per immobile - Catasto Fabbricati."
"visura-storica","CZ","SELLIA MARINA","17","1870","","T","","analitica","","","PVP sales 1 (2091484); Storica Analitica visura per immobile - Catasto Terreni."
"visura-storica","CZ","SELLIA MARINA","17","1886","","F","","analitica","","","PVP sales 1 (2091484); Storica Analitica visura per immobile - Catasto Fabbricati."
"visura-storica","CZ","SELLIA MARINA","17","1886","","T","","analitica","","","PVP sales 1 (2091484); Storica Analitica visura per immobile - Catasto Terreni."
"visura-storica","CZ","SELLIA MARINA","17","1937","","F","","analitica","","","PVP sales 1 (2091493); Storica Analitica visura per immobile - Catasto Fabbricati."
"visura-storica","CZ","SELLIA MARINA","17","1937","","T","","analitica","","","PVP sales 1 (2091493); Storica Analitica visura per immobile - Catasto Terreni."
"visura-storica","CZ","SELLIA MARINA","18","1612","","F","","analitica","","","PVP sales 1 (4454852); Storica Analitica visura per immobile - Catasto Fabbricati."
"visura-storica","CZ","SELLIA MARINA","18","1612","","T","","analitica","","","PVP sales 1 (4454852); Storica Analitica visura per immobile - Catasto Terreni."
"visura-storica","CZ","SELLIA MARINA","18","6","1","F","","analitica","","","PVP sales 3 (4440909,4486700,4526235); Storica Analitica visura per immobile - Catasto Fabbricati."
"visura-storica","CZ","SELLIA MARINA","18","6","10","F","","analitica","","","PVP sales 3 (4440909,4486700,4526235); Storica Analitica visura per immobile - Catasto Fabbricati."
"visura-storica","CZ","SELLIA MARINA","18","6","2","F","","analitica","","","PVP sales 3 (4440908,4486697,4526234); Storica Analitica visura per immobile - Catasto Fabbricati."
"visura-storica","CZ","SELLIA MARINA","18","6","3","F","","analitica","","","PVP sales 3 (4440907,4486693,4526251); Storica Analitica visura per immobile - Catasto Fabbricati."
"visura-storica","CZ","SELLIA MARINA","18","6","4","F","","analitica","","","PVP sales 3 (4440906,4486674,4526230); Storica Analitica visura per immobile - Catasto Fabbricati."
"visura-storica","CZ","SELLIA MARINA","18","6","5","F","","analitica","","","PVP sales 3 (4440905,4486672,4526233); Storica Analitica visura per immobile - Catasto Fabbricati."
"visura-storica","CZ","SELLIA MARINA","18","6","6","F","","analitica","","","PVP sales 3 (4440904,4486649,4526228); Storica Analitica visura per immobile - Catasto Fabbricati."
"visura-storica","CZ","SELLIA MARINA","18","6","7","F","","analitica","","","PVP sales 3 (4440903,4486669,4526227); Storica Analitica visura per immobile - Catasto Fabbricati."
"visura-storica","CZ","SELLIA MARINA","18","6","8","F","","analitica","","","PVP sales 3 (4440902,4486664,4526232); Storica Analitica visura per immobile - Catasto Fabbricati."
"visura-storica","CZ","SELLIA MARINA","18","704","2","F","","analitica","","","PVP sales 1 (4454852); Storica Analitica visura per immobile - Catasto Fabbricati."
"visura-storica","CZ","SELLIA MARINA","18","704","3","F","","analitica","","","PVP sales 1 (4454852); Storica Analitica visura per immobile - Catasto Fabbricati."
"visura-storica","CZ","SELLIA MARINA","18","704","4","F","","analitica","","","PVP sales 1 (4454852); Storica Analitica visura per immobile - Catasto Fabbricati."
"visura-storica","CZ","SELLIA MARINA","18","704","5","F","","analitica","","","PVP sales 1 (4454852); Storica Analitica visura per immobile - Catasto Fabbricati."
"visura-storica","CZ","SELLIA MARINA","18","704","6","F","","analitica","","","PVP sales 1 (4454852); Storica Analitica visura per immobile - Catasto Fabbricati."
"visura-storica","CZ","SELLIA MARINA","18","704","7","F","","analitica","","","PVP sales 1 (4454852); Storica Analitica visura per immobile - Catasto Fabbricati."
"visura-storica","CZ","SELLIA MARINA","18","905","","F","","analitica","","","PVP sales 2 (433856,704520); Storica Analitica visura per immobile - Catasto Fabbricati."
"visura-storica","CZ","SELLIA MARINA","18","905","","T","","analitica","","","PVP sales 2 (433856,704520); Storica Analitica visura per immobile - Catasto Terreni."
"visura-storica","CZ","SELLIA MARINA","19","459","","F","","analitica","","","PVP sales 4 (2074220,2138771,2254449,4279375); Storica Analitica visura per immobile - Catasto Fabbricati."
"visura-storica","CZ","SELLIA MARINA","19","459","","T","","analitica","","","PVP sales 4 (2074220,2138771,2254449,4279375); Storica Analitica visura per immobile - Catasto Terreni."
"visura-storica","CZ","SELLIA MARINA","20","477","3","F","","analitica","","","PVP sales 1 (2154555); Storica Analitica visura per immobile - Catasto Fabbricati."
"visura-storica","CZ","SELLIA MARINA","20","477","5","F","","analitica","","","PVP sales 1 (2154555); Storica Analitica visura per immobile - Catasto Fabbricati."
"visura-storica","CZ","SELLIA MARINA","5","116","3","F","","analitica","","","PVP sales 1 (2126304); Storica Analitica visura per immobile - Catasto Fabbricati."
"visura-storica","CZ","SELLIA MARINA","5","1226","","F","","analitica","","","PVP sales 3 (1924010,2013799,4247127); Storica Analitica visura per immobile - Catasto Fabbricati."
"visura-storica","CZ","SELLIA MARINA","5","1226","","T","","analitica","","","PVP sales 3 (1924010,2013799,4247127); Storica Analitica visura per immobile - Catasto Terreni."
"visura-storica","CZ","SELLIA MARINA","5","692","1","F","","analitica","","","PVP sales 1 (1845897); Storica Analitica visura per immobile - Catasto Fabbricati."
"visura-storica","CZ","SELLIA MARINA","5","692","10","F","","analitica","","","PVP sales 1 (1845897); Storica Analitica visura per immobile - Catasto Fabbricati."
"visura-storica","CZ","SELLIA MARINA","5","692","11","F","","analitica","","","PVP sales 1 (1845897); Storica Analitica visura per immobile - Catasto Fabbricati."
"visura-storica","CZ","SELLIA MARINA","5","692","4","F","","analitica","","","PVP sales 1 (1845897); Storica Analitica visura per immobile - Catasto Fabbricati."
"visura-storica","CZ","SELLIA MARINA","5","692","5","F","","analitica","","","PVP sales 1 (1845897); Storica Analitica visura per immobile - Catasto Fabbricati."
"visura-storica","CZ","SELLIA MARINA","5","692","6","F","","analitica","","","PVP sales 1 (1845897); Storica Analitica visura per immobile - Catasto Fabbricati."
"visura-storica","CZ","SELLIA MARINA","5","692","7","F","","analitica","","","PVP sales 1 (1845897); Storica Analitica visura per immobile - Catasto Fabbricati."
"visura-storica","CZ","SELLIA MARINA","5","692","9","F","","analitica","","","PVP sales 1 (1845897); Storica Analitica visura per immobile - Catasto Fabbricati."
"visura-storica","CZ","SELLIA MARINA","5","847","4","F","","analitica","","","PVP sales 3 (2091551,2162958,4426505); Storica Analitica visura per immobile - Catasto Fabbricati."
"visura-storica","CZ","SELLIA MARINA","7","516","3","F","","analitica","","","PVP sales 2 (4458093,4549204); Storica Analitica visura per immobile - Catasto Fabbricati."
"visura-storica","CZ","SELLIA MARINA","7","825","4","F","","analitica","","","PVP sales 2 (4467100,4510943); Storica Analitica visura per immobile - Catasto Fabbricati."
"visura-storica","CZ","SELLIA MARINA","7","825","6","F","","analitica","","","PVP sales 2 (4467100,4510943); Storica Analitica visura per immobile - Catasto Fabbricati."
"visura-storica","CZ","SELLIA MARINA","9","276","8","F","","analitica","","","PVP sales 2 (4495697,4525308); Storica Analitica visura per immobile - Catasto Fabbricati."
"visura-storica","CZ","SELLIA MARINA","9","449","1","F","","analitica","","","PVP sales 2 (1854745,2006103); Storica Analitica visura per immobile - Catasto Fabbricati."
"visura-storica","CZ","SELLIA MARINA","9","449","2","F","","analitica","","","PVP sales 2 (1854745,2006103); Storica Analitica visura per immobile - Catasto Fabbricati."
"visura-storica","CZ","SELLIA MARINA","9","449","3","F","","analitica","","","PVP sales 2 (1854745,2006103); Storica Analitica visura per immobile - Catasto Fabbricati."
"visura-storica","CZ","SERRASTRETTA","42","562","","F","","analitica","","","PVP sales 2 (4508052,4553897); Storica Analitica visura per immobile - Catasto Fabbricati."
"visura-storica","CZ","SERRASTRETTA","42","562","","T","","analitica","","","PVP sales 2 (4508052,4553897); Storica Analitica visura per immobile - Catasto Terreni."
"visura-storica","CZ","SERRASTRETTA","54","65","9","F","","analitica","","","PVP sales 2 (4508030,4553880); Storica Analitica visura per immobile - Catasto Fabbricati."
"visura-storica","CZ","SERRASTRETTA","54","982","1","F","","analitica","","","PVP sales 2 (4508035,4553888); Storica Analitica visura per immobile - Catasto Fabbricati."
"visura-storica","CZ","SERRASTRETTA","54","982","2","F","","analitica","","","PVP sales 2 (4508035,4553888); Storica Analitica visura per immobile - Catasto Fabbricati."
"visura-storica","CZ","SERRASTRETTA","63","2","4","F","","analitica","","","PVP sales 2 (4444964,4508926); Storica Analitica visura per immobile - Catasto Fabbricati."
"visura-storica","CZ","SERRASTRETTA","63","2","7","F","","analitica","","","PVP sales 2 (4444971,4508970); Storica Analitica visura per immobile - Catasto Fabbricati."
"visura-storica","CZ","SERRASTRETTA","63","2","9","F","","analitica","","","PVP sales 2 (4444971,4508970); Storica Analitica visura per immobile - Catasto Fabbricati."
"visura-storica","CZ","SERRASTRETTA","63","240","","F","","analitica","","","PVP sales 2 (4444995,4508903); Storica Analitica visura per immobile - Catasto Fabbricati."
"visura-storica","CZ","SERRASTRETTA","63","240","","T","","analitica","","","PVP sales 2 (4444995,4508903); Storica Analitica visura per immobile - Catasto Terreni."
"visura-storica","CZ","SERRASTRETTA","63","241","","F","","analitica","","","PVP sales 2 (4508038,4553880); Storica Analitica visura per immobile - Catasto Fabbricati."
"visura-storica","CZ","SERRASTRETTA","63","241","","T","","analitica","","","PVP sales 2 (4508038,4553880); Storica Analitica visura per immobile - Catasto Terreni."
"visura-storica","CZ","SERRASTRETTA","63","3","","F","","analitica","","","PVP sales 2 (4508037,4553900); Storica Analitica visura per immobile - Catasto Fabbricati."
"visura-storica","CZ","SERRASTRETTA","63","3","","T","","analitica","","","PVP sales 2 (4508037,4553900); Storica Analitica visura per immobile - Catasto Terreni."
"visura-storica","CZ","SERRASTRETTA","8","191","","F","","analitica","","","PVP sales 2 (4419114,4525488); Storica Analitica visura per immobile - Catasto Fabbricati."
"visura-storica","CZ","SERRASTRETTA","8","191","","T","","analitica","","","PVP sales 2 (4419114,4525488); Storica Analitica visura per immobile - Catasto Terreni."
"visura-storica","CZ","SERRASTRETTA","8","245","","F","","analitica","","","PVP sales 2 (4419114,4525488); Storica Analitica visura per immobile - Catasto Fabbricati."
"visura-storica","CZ","SERRASTRETTA","8","245","","T","","analitica","","","PVP sales 2 (4419114,4525488); Storica Analitica visura per immobile - Catasto Terreni."
"visura-storica","CZ","SERRASTRETTA","8","66","","F","","analitica","","","PVP sales 2 (4419114,4525488); Storica Analitica visura per immobile - Catasto Fabbricati."
"visura-storica","CZ","SERRASTRETTA","8","66","","T","","analitica","","","PVP sales 2 (4419114,4525488); Storica Analitica visura per immobile - Catasto Terreni."
"visura-storica","CZ","SERSALE","19","55","1101","F","","analitica","","","PVP sales 2 (4255911,4496415); Storica Analitica visura per immobile - Catasto Fabbricati."
"visura-storica","CZ","SERSALE","20","136","6","F","","analitica","","","PVP sales 1 (4524911); Storica Analitica visura per immobile - Catasto Fabbricati."
"visura-storica","CZ","SERSALE","20","445","","F","","analitica","","","PVP sales 5 (2068096,2248667,4251169,4495478,4549216); Storica Analitica visura per immobile - Catasto Fabbricati."
"visura-storica","CZ","SERSALE","20","445","","T","","analitica","","","PVP sales 5 (2068096,2248667,4251169,4495478,4549216); Storica Analitica visura per immobile - Catasto Terreni."
"visura-storica","CZ","SERSALE","20","978","1101","F","","analitica","","","PVP sales 1 (4269041); Storica Analitica visura per immobile - Catasto Fabbricati."
"visura-storica","CZ","SERSALE","20","978","6","F","","analitica","","","PVP sales 1 (4269054); Storica Analitica visura per immobile - Catasto Fabbricati."
"visura-storica","CZ","SERSALE","20","978","7","F","","analitica","","","PVP sales 1 (4269062); Storica Analitica visura per immobile - Catasto Fabbricati."
"visura-storica","CZ","SERSALE","21","141","3","F","","analitica","","","PVP sales 1 (4441964); Storica Analitica visura per immobile - Catasto Fabbricati."
"visura-storica","CZ","SERSALE","21","141","4","F","","analitica","","","PVP sales 1 (4441964); Storica Analitica visura per immobile - Catasto Fabbricati."
"visura-storica","CZ","SERSALE","21","141","5","F","","analitica","","","PVP sales 1 (4441964); Storica Analitica visura per immobile - Catasto Fabbricati."
"visura-storica","CZ","SERSALE","21","141","6","F","","analitica","","","PVP sales 1 (4442172); Storica Analitica visura per immobile - Catasto Fabbricati."
"visura-storica","CZ","SERSALE","21","461","","T","","analitica","","","PVP sales 1 (4222639); Storica Analitica visura per immobile - Catasto Terreni."
"visura-storica","CZ","SERSALE","21","461","3","F","","analitica","","","PVP sales 1 (4222639); Storica Analitica visura per immobile - Catasto Fabbricati."
"visura-storica","CZ","SERSALE","26","595","3","F","","analitica","","","PVP sales 3 (4425344,4476815,4543719); Storica Analitica visura per immobile - Catasto Fabbricati."
"visura-storica","CZ","SERSALE","27","392","1","F","","analitica","","","PVP sales 1 (4231576); Storica Analitica visura per immobile - Catasto Fabbricati."
"visura-storica","CZ","SERSALE","27","392","10","F","","analitica","","","PVP sales 1 (4231563); Storica Analitica visura per immobile - Catasto Fabbricati."
"visura-storica","CZ","SERSALE","27","392","2","F","","analitica","","","PVP sales 1 (4231579); Storica Analitica visura per immobile - Catasto Fabbricati."
"visura-storica","CZ","SERSALE","27","392","8","F","","analitica","","","PVP sales 2 (4231580,4285071); Storica Analitica visura per immobile - Catasto Fabbricati."
"visura-storica","CZ","SERSALE","27","928","1","F","","analitica","","","PVP sales 4 (4282508,4449250,4503964,4555477); Storica Analitica visura per immobile - Catasto Fabbricati."
"visura-storica","CZ","SERSALE","27","928","3","F","","analitica","","","PVP sales 4 (4282508,4449250,4503964,4555477); Storica Analitica visura per immobile - Catasto Fabbricati."
"visura-storica","CZ","SERSALE","27","928","5","F","","analitica","","","PVP sales 4 (4282508,4449250,4503964,4555477); Storica Analitica visura per immobile - Catasto Fabbricati."
"visura-storica","CZ","SERSALE","28","21","","F","","analitica","","","PVP sales 2 (2070321,2194060); Storica Analitica visura per immobile - Catasto Fabbricati."
"visura-storica","CZ","SERSALE","28","21","","T","","analitica","","","PVP sales 2 (2070321,2194060); Storica Analitica visura per immobile - Catasto Terreni."
"visura-storica","CZ","SERSALE","28","22","","F","","analitica","","","PVP sales 2 (2070336,2194069); Storica Analitica visura per immobile - Catasto Fabbricati."
"visura-storica","CZ","SERSALE","28","22","","T","","analitica","","","PVP sales 2 (2070336,2194069); Storica Analitica visura per immobile - Catasto Terreni."
"visura-storica","CZ","SERSALE","28","23","","F","","analitica","","","PVP sales 2 (2070403,2194074); Storica Analitica visura per immobile - Catasto Fabbricati."
"visura-storica","CZ","SERSALE","28","23","","T","","analitica","","","PVP sales 2 (2070403,2194074); Storica Analitica visura per immobile - Catasto Terreni."
"visura-storica","CZ","SERSALE","28","35","","F","","analitica","","","PVP sales 2 (2070385,2194078); Storica Analitica visura per immobile - Catasto Fabbricati."
"visura-storica","CZ","SERSALE","28","35","","T","","analitica","","","PVP sales 2 (2070385,2194078); Storica Analitica visura per immobile - Catasto Terreni."
"visura-storica","CZ","SERSALE","28","437","10","F","","analitica","","","PVP sales 5 (2070041,2193995,4421368,4501066,4556737); Storica Analitica visura per immobile - Catasto Fabbricati."
"visura-storica","CZ","SERSALE","28","437","11","F","","analitica","","","PVP sales 5 (2070153,2194050,4421353,4501116,4556773); Storica Analitica visura per immobile - Catasto Fabbricati."
"visura-storica","CZ","SERSALE","28","437","12","F","","analitica","","","PVP sales 4 (2070014,2193984,4421293,4556617); Storica Analitica visura per immobile - Catasto Fabbricati."
"visura-storica","CZ","SERSALE","28","437","13","F","","analitica","","","PVP sales 6 (2070025,2193991,4421325,4501012,4501059 +1 more); Storica Analitica visura per immobile - Catasto Fabbricati."
"visura-storica","CZ","SERSALE","28","437","6","F","","analitica","","","PVP sales 5 (2070249,2194054,4421396,4501160,4556795); Storica Analitica visura per immobile - Catasto Fabbricati."
"visura-storica","CZ","SERSALE","28","437","7","F","","analitica","","","PVP sales 5 (2070309,2194055,4421364,4501165,4556802); Storica Analitica visura per immobile - Catasto Fabbricati."
"visura-storica","CZ","SETTINGIANO","12","721","2","F","","analitica","","","PVP sales 2 (4443202,4494225); Storica Analitica visura per immobile - Catasto Fabbricati."
"visura-storica","CZ","SETTINGIANO","12","721","4","F","","analitica","","","PVP sales 2 (4443202,4494225); Storica Analitica visura per immobile - Catasto Fabbricati."
"visura-storica","CZ","SETTINGIANO","12","721","7","F","","analitica","","","PVP sales 2 (4443202,4494225); Storica Analitica visura per immobile - Catasto Fabbricati."
"visura-storica","CZ","SETTINGIANO","12","721","8","F","","analitica","","","PVP sales 2 (4443202,4494225); Storica Analitica visura per immobile - Catasto Fabbricati."
"visura-storica","CZ","SETTINGIANO","13","517","1","F","","analitica","","","PVP sales 4 (1851735,1980124,2130478,4242406); Storica Analitica visura per immobile - Catasto Fabbricati."
"visura-storica","CZ","SETTINGIANO","13","517","2","F","","analitica","","","PVP sales 4 (1851735,1980124,2130478,4242406); Storica Analitica visura per immobile - Catasto Fabbricati."
"visura-storica","CZ","SETTINGIANO","13","517","3","F","","analitica","","","PVP sales 4 (1851735,1980124,2130478,4242406); Storica Analitica visura per immobile - Catasto Fabbricati."
"visura-storica","CZ","SETTINGIANO","13","659","1","F","","analitica","","","PVP sales 2 (4434843,4489485); Storica Analitica visura per immobile - Catasto Fabbricati."
"visura-storica","CZ","SETTINGIANO","15","834","","F","","analitica","","","PVP sales 2 (4215308,4264348); Storica Analitica visura per immobile - Catasto Fabbricati."
"visura-storica","CZ","SETTINGIANO","15","834","","T","","analitica","","","PVP sales 2 (4215308,4264348); Storica Analitica visura per immobile - Catasto Terreni."
"visura-storica","CZ","SETTINGIANO","15","835","","F","","analitica","","","PVP sales 2 (4215308,4264348); Storica Analitica visura per immobile - Catasto Fabbricati."
"visura-storica","CZ","SETTINGIANO","15","835","","T","","analitica","","","PVP sales 2 (4215308,4264348); Storica Analitica visura per immobile - Catasto Terreni."
"visura-storica","CZ","SETTINGIANO","15","836","","F","","analitica","","","PVP sales 2 (4215308,4264348); Storica Analitica visura per immobile - Catasto Fabbricati."
"visura-storica","CZ","SETTINGIANO","15","836","","T","","analitica","","","PVP sales 2 (4215308,4264348); Storica Analitica visura per immobile - Catasto Terreni."
"visura-storica","CZ","SETTINGIANO","15","837","","F","","analitica","","","PVP sales 2 (4215308,4264348); Storica Analitica visura per immobile - Catasto Fabbricati."
"visura-storica","CZ","SETTINGIANO","15","837","","T","","analitica","","","PVP sales 2 (4215308,4264348); Storica Analitica visura per immobile - Catasto Terreni."
"visura-storica","CZ","SETTINGIANO","16","118","4","F","","analitica","","","PVP sales 1 (2133763); Storica Analitica visura per immobile - Catasto Fabbricati."
"visura-storica","CZ","SETTINGIANO","16","118","5","F","","analitica","","","PVP sales 4 (2133766,2190701,4485271,4569392); Storica Analitica visura per immobile - Catasto Fabbricati."
"visura-storica","CZ","SETTINGIANO","16","118","6","F","","analitica","","","PVP sales 4 (2133770,2190733,4485273,4569385); Storica Analitica visura per immobile - Catasto Fabbricati."
"visura-storica","CZ","SETTINGIANO","2","392","","F","","analitica","","","PVP sales 2 (2082526,2135200); Storica Analitica visura per immobile - Catasto Fabbricati."
"visura-storica","CZ","SETTINGIANO","2","392","","T","","analitica","","","PVP sales 2 (2082526,2135200); Storica Analitica visura per immobile - Catasto Terreni."
"visura-storica","CZ","SETTINGIANO","2","453","","F","","analitica","","","PVP sales 2 (2082442,2135205); Storica Analitica visura per immobile - Catasto Fabbricati."
"visura-storica","CZ","SETTINGIANO","2","453","","T","","analitica","","","PVP sales 2 (2082442,2135205); Storica Analitica visura per immobile - Catasto Terreni."
"visura-storica","CZ","SIMERI CRICHI","10","38","","F","","analitica","","","PVP sales 2 (2080972,2235610); Storica Analitica visura per immobile - Catasto Fabbricati."
"visura-storica","CZ","SIMERI CRICHI","10","38","","T","","analitica","","","PVP sales 2 (2080972,2235610); Storica Analitica visura per immobile - Catasto Terreni."
"visura-storica","CZ","SIMERI CRICHI","10","39","","F","","analitica","","","PVP sales 2 (2080972,2235610); Storica Analitica visura per immobile - Catasto Fabbricati."
"visura-storica","CZ","SIMERI CRICHI","10","39","","T","","analitica","","","PVP sales 2 (2080972,2235610); Storica Analitica visura per immobile - Catasto Terreni."
"visura-storica","CZ","SIMERI CRICHI","10","56","","F","","analitica","","","PVP sales 2 (2080972,2235610); Storica Analitica visura per immobile - Catasto Fabbricati."
"visura-storica","CZ","SIMERI CRICHI","10","56","","T","","analitica","","","PVP sales 2 (2080972,2235610); Storica Analitica visura per immobile - Catasto Terreni."
"visura-storica","CZ","SIMERI CRICHI","10","67","","F","","analitica","","","PVP sales 2 (2080972,2235610); Storica Analitica visura per immobile - Catasto Fabbricati."
"visura-storica","CZ","SIMERI CRICHI","10","67","","T","","analitica","","","PVP sales 2 (2080972,2235610); Storica Analitica visura per immobile - Catasto Terreni."
"visura-storica","CZ","SIMERI CRICHI","12","1","","F","","analitica","","","PVP sales 1 (4559431); Storica Analitica visura per immobile - Catasto Fabbricati."
"visura-storica","CZ","SIMERI CRICHI","12","1","","T","","analitica","","","PVP sales 1 (4559431); Storica Analitica visura per immobile - Catasto Terreni."
"visura-storica","CZ","SIMERI CRICHI","12","10","","F","","analitica","","","PVP sales 1 (4559431); Storica Analitica visura per immobile - Catasto Fabbricati."
"visura-storica","CZ","SIMERI CRICHI","12","10","","T","","analitica","","","PVP sales 1 (4559431); Storica Analitica visura per immobile - Catasto Terreni."
"visura-storica","CZ","SIMERI CRICHI","12","11","","F","","analitica","","","PVP sales 1 (4559431); Storica Analitica visura per immobile - Catasto Fabbricati."
"visura-storica","CZ","SIMERI CRICHI","12","11","","T","","analitica","","","PVP sales 1 (4559431); Storica Analitica visura per immobile - Catasto Terreni."
"visura-storica","CZ","SIMERI CRICHI","12","12","","F","","analitica","","","PVP sales 1 (4559431); Storica Analitica visura per immobile - Catasto Fabbricati."
"visura-storica","CZ","SIMERI CRICHI","12","12","","T","","analitica","","","PVP sales 1 (4559431); Storica Analitica visura per immobile - Catasto Terreni."
"visura-storica","CZ","SIMERI CRICHI","12","14","","F","","analitica","","","PVP sales 1 (4559431); Storica Analitica visura per immobile - Catasto Fabbricati."
"visura-storica","CZ","SIMERI CRICHI","12","14","","T","","analitica","","","PVP sales 1 (4559431); Storica Analitica visura per immobile - Catasto Terreni."
"visura-storica","CZ","SIMERI CRICHI","12","19","","F","","analitica","","","PVP sales 1 (4559431); Storica Analitica visura per immobile - Catasto Fabbricati."
"visura-storica","CZ","SIMERI CRICHI","12","19","","T","","analitica","","","PVP sales 1 (4559431); Storica Analitica visura per immobile - Catasto Terreni."
"visura-storica","CZ","SIMERI CRICHI","12","2","","F","","analitica","","","PVP sales 1 (4559431); Storica Analitica visura per immobile - Catasto Fabbricati."
"visura-storica","CZ","SIMERI CRICHI","12","2","","T","","analitica","","","PVP sales 1 (4559431); Storica Analitica visura per immobile - Catasto Terreni."
"visura-storica","CZ","SIMERI CRICHI","12","20","","F","","analitica","","","PVP sales 1 (4559431); Storica Analitica visura per immobile - Catasto Fabbricati."
"visura-storica","CZ","SIMERI CRICHI","12","20","","T","","analitica","","","PVP sales 1 (4559431); Storica Analitica visura per immobile - Catasto Terreni."
"visura-storica","CZ","SIMERI CRICHI","12","5","","F","","analitica","","","PVP sales 1 (4559431); Storica Analitica visura per immobile - Catasto Fabbricati."
"visura-storica","CZ","SIMERI CRICHI","12","5","","T","","analitica","","","PVP sales 1 (4559431); Storica Analitica visura per immobile - Catasto Terreni."
"visura-storica","CZ","SIMERI CRICHI","12","97","","F","","analitica","","","PVP sales 1 (4559431); Storica Analitica visura per immobile - Catasto Fabbricati."
"visura-storica","CZ","SIMERI CRICHI","12","97","","T","","analitica","","","PVP sales 1 (4559431); Storica Analitica visura per immobile - Catasto Terreni."
"visura-storica","CZ","SIMERI CRICHI","12","98","","F","","analitica","","","PVP sales 1 (4559431); Storica Analitica visura per immobile - Catasto Fabbricati."
"visura-storica","CZ","SIMERI CRICHI","12","98","","T","","analitica","","","PVP sales 1 (4559431); Storica Analitica visura per immobile - Catasto Terreni."
"visura-storica","CZ","SIMERI CRICHI","19","156","","F","","analitica","","","PVP sales 2 (2080953,2235531); Storica Analitica visura per immobile - Catasto Fabbricati."
"visura-storica","CZ","SIMERI CRICHI","19","156","","T","","analitica","","","PVP sales 2 (2080953,2235531); Storica Analitica visura per immobile - Catasto Terreni."
"visura-storica","CZ","SIMERI CRICHI","19","197","","F","","analitica","","","PVP sales 2 (2080953,2235531); Storica Analitica visura per immobile - Catasto Fabbricati."
"visura-storica","CZ","SIMERI CRICHI","19","197","","T","","analitica","","","PVP sales 2 (2080953,2235531); Storica Analitica visura per immobile - Catasto Terreni."
"visura-storica","CZ","SIMERI CRICHI","20","1157","3","F","","analitica","","","PVP sales 2 (4498785,4548707); Storica Analitica visura per immobile - Catasto Fabbricati."
"visura-storica","CZ","SIMERI CRICHI","20","1158","","F","","analitica","","","PVP sales 1 (4548707); Storica Analitica visura per immobile - Catasto Fabbricati."
"visura-storica","CZ","SIMERI CRICHI","20","1158","","T","","analitica","","","PVP sales 2 (4498785,4548707); Storica Analitica visura per immobile - Catasto Terreni."
"visura-storica","CZ","SIMERI CRICHI","20","1181","","F","","analitica","","","PVP sales 1 (2080505); Storica Analitica visura per immobile - Catasto Fabbricati."
"visura-storica","CZ","SIMERI CRICHI","20","1181","","T","","analitica","","","PVP sales 1 (2080505); Storica Analitica visura per immobile - Catasto Terreni."
"visura-storica","CZ","SIMERI CRICHI","20","1480","","F","","analitica","","","PVP sales 1 (2191341); Storica Analitica visura per immobile - Catasto Fabbricati."
"visura-storica","CZ","SIMERI CRICHI","20","1480","","T","","analitica","","","PVP sales 1 (2191341); Storica Analitica visura per immobile - Catasto Terreni."
"visura-storica","CZ","SIMERI CRICHI","20","1481","","F","","analitica","","","PVP sales 1 (2191341); Storica Analitica visura per immobile - Catasto Fabbricati."
"visura-storica","CZ","SIMERI CRICHI","20","1481","","T","","analitica","","","PVP sales 1 (2191341); Storica Analitica visura per immobile - Catasto Terreni."
"visura-storica","CZ","SIMERI CRICHI","20","688","","F","","analitica","","","PVP sales 1 (2080505); Storica Analitica visura per immobile - Catasto Fabbricati."
"visura-storica","CZ","SIMERI CRICHI","20","688","","T","","analitica","","","PVP sales 1 (2080505); Storica Analitica visura per immobile - Catasto Terreni."
"visura-storica","CZ","SIMERI CRICHI","20","689","","F","","analitica","","","PVP sales 1 (2080505); Storica Analitica visura per immobile - Catasto Fabbricati."
"visura-storica","CZ","SIMERI CRICHI","20","689","","T","","analitica","","","PVP sales 1 (2080505); Storica Analitica visura per immobile - Catasto Terreni."
"visura-storica","CZ","SIMERI CRICHI","20","691","","F","","analitica","","","PVP sales 1 (2080505); Storica Analitica visura per immobile - Catasto Fabbricati."
"visura-storica","CZ","SIMERI CRICHI","20","691","","T","","analitica","","","PVP sales 1 (2080505); Storica Analitica visura per immobile - Catasto Terreni."
"visura-storica","CZ","SIMERI CRICHI","20","840","","F","","analitica","","","PVP sales 1 (2080505); Storica Analitica visura per immobile - Catasto Fabbricati."
"visura-storica","CZ","SIMERI CRICHI","20","840","","T","","analitica","","","PVP sales 1 (2080505); Storica Analitica visura per immobile - Catasto Terreni."
"visura-storica","CZ","SIMERI CRICHI","20","918","","F","","analitica","","","PVP sales 1 (2191337); Storica Analitica visura per immobile - Catasto Fabbricati."
"visura-storica","CZ","SIMERI CRICHI","20","918","","T","","analitica","","","PVP sales 1 (2191337); Storica Analitica visura per immobile - Catasto Terreni."
"visura-storica","CZ","SIMERI CRICHI","20","920","","F","","analitica","","","PVP sales 1 (2191337); Storica Analitica visura per immobile - Catasto Fabbricati."
"visura-storica","CZ","SIMERI CRICHI","20","920","","T","","analitica","","","PVP sales 1 (2191337); Storica Analitica visura per immobile - Catasto Terreni."
"visura-storica","CZ","SIMERI CRICHI","20","921","","F","","analitica","","","PVP sales 1 (2191337); Storica Analitica visura per immobile - Catasto Fabbricati."
"visura-storica","CZ","SIMERI CRICHI","20","921","","T","","analitica","","","PVP sales 1 (2191337); Storica Analitica visura per immobile - Catasto Terreni."
"visura-storica","CZ","SIMERI CRICHI","20","922","","F","","analitica","","","PVP sales 1 (2191337); Storica Analitica visura per immobile - Catasto Fabbricati."
"visura-storica","CZ","SIMERI CRICHI","20","922","","T","","analitica","","","PVP sales 1 (2191337); Storica Analitica visura per immobile - Catasto Terreni."
"visura-storica","CZ","SIMERI CRICHI","20","923","","F","","analitica","","","PVP sales 1 (2191337); Storica Analitica visura per immobile - Catasto Fabbricati."
"visura-storica","CZ","SIMERI CRICHI","20","923","","T","","analitica","","","PVP sales 1 (2191337); Storica Analitica visura per immobile - Catasto Terreni."
"visura-storica","CZ","SIMERI CRICHI","23","564","3","F","","analitica","","","PVP sales 2 (2091682,2158943); Storica Analitica visura per immobile - Catasto Fabbricati."
"visura-storica","CZ","SIMERI CRICHI","24","323","2","F","","analitica","","","PVP sales 1 (4548043); Storica Analitica visura per immobile - Catasto Fabbricati."
"visura-storica","CZ","SIMERI CRICHI","24","323","3","F","","analitica","","","PVP sales 1 (4548072); Storica Analitica visura per immobile - Catasto Fabbricati."
"visura-storica","CZ","SIMERI CRICHI","24","720","","F","","analitica","","","PVP sales 1 (4548043); Storica Analitica visura per immobile - Catasto Fabbricati."
"visura-storica","CZ","SIMERI CRICHI","24","720","","T","","analitica","","","PVP sales 1 (4548043); Storica Analitica visura per immobile - Catasto Terreni."
"visura-storica","CZ","SIMERI CRICHI","24","890","","F","","analitica","","","PVP sales 1 (2259527); Storica Analitica visura per immobile - Catasto Fabbricati."
"visura-storica","CZ","SIMERI CRICHI","24","890","","T","","analitica","","","PVP sales 1 (2259527); Storica Analitica visura per immobile - Catasto Terreni."
"visura-storica","CZ","SIMERI CRICHI","24","891","","F","","analitica","","","PVP sales 1 (2259527); Storica Analitica visura per immobile - Catasto Fabbricati."
"visura-storica","CZ","SIMERI CRICHI","24","891","","T","","analitica","","","PVP sales 1 (2259527); Storica Analitica visura per immobile - Catasto Terreni."
"visura-storica","CZ","SIMERI CRICHI","24","892","","F","","analitica","","","PVP sales 1 (2259527); Storica Analitica visura per immobile - Catasto Fabbricati."
"visura-storica","CZ","SIMERI CRICHI","24","892","","T","","analitica","","","PVP sales 1 (2259527); Storica Analitica visura per immobile - Catasto Terreni."
"visura-storica","CZ","SIMERI CRICHI","24","893","","F","","analitica","","","PVP sales 1 (2259527); Storica Analitica visura per immobile - Catasto Fabbricati."
"visura-storica","CZ","SIMERI CRICHI","24","893","","T","","analitica","","","PVP sales 1 (2259527); Storica Analitica visura per immobile - Catasto Terreni."
"visura-storica","CZ","SIMERI CRICHI","24","894","","F","","analitica","","","PVP sales 1 (2259527); Storica Analitica visura per immobile - Catasto Fabbricati."
"visura-storica","CZ","SIMERI CRICHI","24","894","","T","","analitica","","","PVP sales 1 (2259527); Storica Analitica visura per immobile - Catasto Terreni."
"visura-storica","CZ","SIMERI CRICHI","24","895","","F","","analitica","","","PVP sales 1 (2259527); Storica Analitica visura per immobile - Catasto Fabbricati."
"visura-storica","CZ","SIMERI CRICHI","24","895","","T","","analitica","","","PVP sales 1 (2259527); Storica Analitica visura per immobile - Catasto Terreni."
"visura-storica","CZ","SIMERI CRICHI","25","115","","F","","analitica","","","PVP sales 1 (4240967); Storica Analitica visura per immobile - Catasto Fabbricati."
"visura-storica","CZ","SIMERI CRICHI","25","115","","T","","analitica","","","PVP sales 1 (4240967); Storica Analitica visura per immobile - Catasto Terreni."
"visura-storica","CZ","SIMERI CRICHI","25","121","","F","","analitica","","","PVP sales 1 (4240967); Storica Analitica visura per immobile - Catasto Fabbricati."
"visura-storica","CZ","SIMERI CRICHI","25","121","","T","","analitica","","","PVP sales 1 (4240967); Storica Analitica visura per immobile - Catasto Terreni."
"visura-storica","CZ","SIMERI CRICHI","25","125","","F","","analitica","","","PVP sales 1 (4240967); Storica Analitica visura per immobile - Catasto Fabbricati."
"visura-storica","CZ","SIMERI CRICHI","25","125","","T","","analitica","","","PVP sales 1 (4240967); Storica Analitica visura per immobile - Catasto Terreni."
"visura-storica","CZ","SIMERI CRICHI","26","1317","61","F","","analitica","","","PVP sales 1 (2185069); Storica Analitica visura per immobile - Catasto Fabbricati."
"visura-storica","CZ","SIMERI CRICHI","27","1575","","F","","analitica","","","PVP sales 1 (1137769); Storica Analitica visura per immobile - Catasto Fabbricati."
"visura-storica","CZ","SIMERI CRICHI","27","1575","","T","","analitica","","","PVP sales 1 (1137769); Storica Analitica visura per immobile - Catasto Terreni."
"visura-storica","CZ","SIMERI CRICHI","27","162","18","F","","analitica","","","PVP sales 2 (4510817,4558671); Storica Analitica visura per immobile - Catasto Fabbricati."
"visura-storica","CZ","SIMERI CRICHI","27","162","19","F","","analitica","","","PVP sales 2 (4510800,4558663); Storica Analitica visura per immobile - Catasto Fabbricati."
"visura-storica","CZ","SIMERI CRICHI","27","2394","","F","","analitica","","","PVP sales 1 (1137771); Storica Analitica visura per immobile - Catasto Fabbricati."
"visura-storica","CZ","SIMERI CRICHI","27","2394","","T","","analitica","","","PVP sales 1 (1137771); Storica Analitica visura per immobile - Catasto Terreni."
"visura-storica","CZ","SIMERI CRICHI","4","522","1","F","","analitica","","","PVP sales 2 (2083120,2147891); Storica Analitica visura per immobile - Catasto Fabbricati."
"visura-storica","CZ","SIMERI CRICHI","4","522","2","F","","analitica","","","PVP sales 2 (2083167,2147952); Storica Analitica visura per immobile - Catasto Fabbricati."
"visura-storica","CZ","SIMERI CRICHI","4","522","3","F","","analitica","","","PVP sales 2 (2083178,2147968); Storica Analitica visura per immobile - Catasto Fabbricati."
"visura-storica","CZ","SORBO SAN BASILE","28","14","","F","","analitica","","","PVP sales 5 (2113443,2186151,4238998,4442166,4495016); Storica Analitica visura per immobile - Catasto Fabbricati."
"visura-storica","CZ","SORBO SAN BASILE","28","14","","T","","analitica","","","PVP sales 5 (2113443,2186151,4238998,4442166,4495016); Storica Analitica visura per immobile - Catasto Terreni."
"visura-storica","CZ","SORBO SAN BASILE","28","15","1","F","","analitica","","","PVP sales 5 (2113443,2186151,4238998,4442166,4495016); Storica Analitica visura per immobile - Catasto Fabbricati."
"visura-storica","CZ","SORBO SAN BASILE","28","17","","F","","analitica","","","PVP sales 5 (2113443,2186151,4238998,4442166,4495016); Storica Analitica visura per immobile - Catasto Fabbricati."
"visura-storica","CZ","SORBO SAN BASILE","28","17","","T","","analitica","","","PVP sales 5 (2113443,2186151,4238998,4442166,4495016); Storica Analitica visura per immobile - Catasto Terreni."
"visura-storica","CZ","SORBO SAN BASILE","28","18","","F","","analitica","","","PVP sales 5 (2113443,2186151,4238998,4442166,4495016); Storica Analitica visura per immobile - Catasto Fabbricati."
"visura-storica","CZ","SORBO SAN BASILE","28","18","","T","","analitica","","","PVP sales 5 (2113443,2186151,4238998,4442166,4495016); Storica Analitica visura per immobile - Catasto Terreni."
"visura-storica","CZ","SORBO SAN BASILE","28","19","","F","","analitica","","","PVP sales 5 (2113443,2186151,4238998,4442166,4495016); Storica Analitica visura per immobile - Catasto Fabbricati."
"visura-storica","CZ","SORBO SAN BASILE","28","19","","T","","analitica","","","PVP sales 5 (2113443,2186151,4238998,4442166,4495016); Storica Analitica visura per immobile - Catasto Terreni."
"visura-storica","CZ","SORBO SAN BASILE","28","21","","F","","analitica","","","PVP sales 5 (2113443,2186151,4238998,4442166,4495016); Storica Analitica visura per immobile - Catasto Fabbricati."
"visura-storica","CZ","SORBO SAN BASILE","28","21","","T","","analitica","","","PVP sales 5 (2113443,2186151,4238998,4442166,4495016); Storica Analitica visura per immobile - Catasto Terreni."
"visura-storica","CZ","SORBO SAN BASILE","28","24","1","F","","analitica","","","PVP sales 5 (2113443,2186151,4238998,4442166,4495016); Storica Analitica visura per immobile - Catasto Fabbricati."
"visura-storica","CZ","SORBO SAN BASILE","28","24","2","F","","analitica","","","PVP sales 5 (2113443,2186151,4238998,4442166,4495016); Storica Analitica visura per immobile - Catasto Fabbricati."
"visura-storica","CZ","SORBO SAN BASILE","28","24","3","F","","analitica","","","PVP sales 5 (2113443,2186151,4238998,4442166,4495016); Storica Analitica visura per immobile - Catasto Fabbricati."
"visura-storica","CZ","SORBO SAN BASILE","28","25","1","F","","analitica","","","PVP sales 5 (2113443,2186151,4238998,4442166,4495016); Storica Analitica visura per immobile - Catasto Fabbricati."
"visura-storica","CZ","SORBO SAN BASILE","28","26","1","F","","analitica","","","PVP sales 5 (2113443,2186151,4238998,4442166,4495016); Storica Analitica visura per immobile - Catasto Fabbricati."
"visura-storica","CZ","SORBO SAN BASILE","28","27","1","F","","analitica","","","PVP sales 5 (2113443,2186151,4238998,4442166,4495016); Storica Analitica visura per immobile - Catasto Fabbricati."
"visura-storica","CZ","SORBO SAN BASILE","28","27","2","F","","analitica","","","PVP sales 5 (2113443,2186151,4238998,4442166,4495016); Storica Analitica visura per immobile - Catasto Fabbricati."
"visura-storica","CZ","SORBO SAN BASILE","28","28","1","F","","analitica","","","PVP sales 5 (2113443,2186151,4238998,4442166,4495016); Storica Analitica visura per immobile - Catasto Fabbricati."
"visura-storica","CZ","SORBO SAN BASILE","28","28","2","F","","analitica","","","PVP sales 5 (2113443,2186151,4238998,4442166,4495016); Storica Analitica visura per immobile - Catasto Fabbricati."
"visura-storica","CZ","SORBO SAN BASILE","28","29","2","F","","analitica","","","PVP sales 5 (2113443,2186151,4238998,4442166,4495016); Storica Analitica visura per immobile - Catasto Fabbricati."
"visura-storica","CZ","SORBO SAN BASILE","28","29","3","F","","analitica","","","PVP sales 5 (2113443,2186151,4238998,4442166,4495016); Storica Analitica visura per immobile - Catasto Fabbricati."
"visura-storica","CZ","SORBO SAN BASILE","28","29","4","F","","analitica","","","PVP sales 5 (2113443,2186151,4238998,4442166,4495016); Storica Analitica visura per immobile - Catasto Fabbricati."
"visura-storica","CZ","SORBO SAN BASILE","28","30","1","F","","analitica","","","PVP sales 5 (2113443,2186151,4238998,4442166,4495016); Storica Analitica visura per immobile - Catasto Fabbricati."
"visura-storica","CZ","SORBO SAN BASILE","28","30","2","F","","analitica","","","PVP sales 5 (2113443,2186151,4238998,4442166,4495016); Storica Analitica visura per immobile - Catasto Fabbricati."
"visura-storica","CZ","SORBO SAN BASILE","28","30","3","F","","analitica","","","PVP sales 5 (2113443,2186151,4238998,4442166,4495016); Storica Analitica visura per immobile - Catasto Fabbricati."
"visura-storica","CZ","SORBO SAN BASILE","3","57","","F","","analitica","","","PVP sales 3 (4451137,4491712,4523437); Storica Analitica visura per immobile - Catasto Fabbricati."
"visura-storica","CZ","SORBO SAN BASILE","3","57","","T","","analitica","","","PVP sales 3 (4451137,4491712,4523437); Storica Analitica visura per immobile - Catasto Terreni."
"visura-storica","CZ","SORBO SAN BASILE","3","58","","F","","analitica","","","PVP sales 3 (4451137,4491712,4523437); Storica Analitica visura per immobile - Catasto Fabbricati."
"visura-storica","CZ","SORBO SAN BASILE","3","58","","T","","analitica","","","PVP sales 3 (4451137,4491712,4523437); Storica Analitica visura per immobile - Catasto Terreni."
"visura-storica","CZ","SORBO SAN BASILE","3","66","","F","","analitica","","","PVP sales 3 (4451137,4491712,4523437); Storica Analitica visura per immobile - Catasto Fabbricati."
"visura-storica","CZ","SORBO SAN BASILE","3","66","","T","","analitica","","","PVP sales 3 (4451137,4491712,4523437); Storica Analitica visura per immobile - Catasto Terreni."
"visura-storica","CZ","SORBO SAN BASILE","3","67","","F","","analitica","","","PVP sales 4 (4451137,4491712,4523437,4570445); Storica Analitica visura per immobile - Catasto Fabbricati."
"visura-storica","CZ","SORBO SAN BASILE","3","67","","T","","analitica","","","PVP sales 4 (4451137,4491712,4523437,4570445); Storica Analitica visura per immobile - Catasto Terreni."
"visura-storica","CZ","SORBO SAN BASILE","55","109","","F","","analitica","","","PVP sales 1 (2133394); Storica Analitica visura per immobile - Catasto Fabbricati."
"visura-storica","CZ","SORBO SAN BASILE","55","109","","T","","analitica","","","PVP sales 1 (2133394); Storica Analitica visura per immobile - Catasto Terreni."
"visura-storica","CZ","SORBO SAN BASILE","55","110","","F","","analitica","","","PVP sales 1 (2133394); Storica Analitica visura per immobile - Catasto Fabbricati."
"visura-storica","CZ","SORBO SAN BASILE","55","110","","T","","analitica","","","PVP sales 1 (2133394); Storica Analitica visura per immobile - Catasto Terreni."
"visura-storica","CZ","SORBO SAN BASILE","55","111","","F","","analitica","","","PVP sales 1 (2133394); Storica Analitica visura per immobile - Catasto Fabbricati."
"visura-storica","CZ","SORBO SAN BASILE","55","111","","T","","analitica","","","PVP sales 1 (2133394); Storica Analitica visura per immobile - Catasto Terreni."
"visura-storica","CZ","SORBO SAN BASILE","55","112","","F","","analitica","","","PVP sales 1 (2133394); Storica Analitica visura per immobile - Catasto Fabbricati."
"visura-storica","CZ","SORBO SAN BASILE","55","112","","T","","analitica","","","PVP sales 1 (2133394); Storica Analitica visura per immobile - Catasto Terreni."
"visura-storica","CZ","SORBO SAN BASILE","7","51","","F","","analitica","","","PVP sales 2 (2203119,4276121); Storica Analitica visura per immobile - Catasto Fabbricati."
"visura-storica","CZ","SORBO SAN BASILE","7","51","","T","","analitica","","","PVP sales 2 (2203119,4276121); Storica Analitica visura per immobile - Catasto Terreni."
"visura-storica","CZ","SORBO SAN BASILE","7","53","","F","","analitica","","","PVP sales 2 (2203074,4276118); Storica Analitica visura per immobile - Catasto Fabbricati."
"visura-storica","CZ","SORBO SAN BASILE","7","53","","T","","analitica","","","PVP sales 2 (2203074,4276118); Storica Analitica visura per immobile - Catasto Terreni."
"visura-storica","CZ","SORBO SAN BASILE","7","57","","F","","analitica","","","PVP sales 2 (2203152,4276080); Storica Analitica visura per immobile - Catasto Fabbricati."
"visura-storica","CZ","SORBO SAN BASILE","7","57","","T","","analitica","","","PVP sales 2 (2203152,4276080); Storica Analitica visura per immobile - Catasto Terreni."
"visura-storica","CZ","SOVERATO","1","239","","F","","analitica","","","PVP sales 3 (2080517,2202013,4219649); Storica Analitica visura per immobile - Catasto Fabbricati."
"visura-storica","CZ","SOVERATO","1","239","","T","","analitica","","","PVP sales 3 (2080517,2202013,4219649); Storica Analitica visura per immobile - Catasto Terreni."
"visura-storica","CZ","SOVERATO","1","319","","F","","analitica","","","PVP sales 3 (2080517,2202013,4219649); Storica Analitica visura per immobile - Catasto Fabbricati."
"visura-storica","CZ","SOVERATO","1","319","","T","","analitica","","","PVP sales 3 (2080517,2202013,4219649); Storica Analitica visura per immobile - Catasto Terreni."
"visura-storica","CZ","SOVERATO","1","320","1","F","","analitica","","","PVP sales 3 (2080487,2201968,4219652); Storica Analitica visura per immobile - Catasto Fabbricati."
"visura-storica","CZ","SOVERATO","1","320","2","F","","analitica","","","PVP sales 2 (2080491,2201969); Storica Analitica visura per immobile - Catasto Fabbricati."
"visura-storica","CZ","SOVERATO","1","320","5","F","","analitica","","","PVP sales 3 (2080487,2201968,4219652); Storica Analitica visura per immobile - Catasto Fabbricati."
"visura-storica","CZ","SOVERATO","1","321","2","F","","analitica","","","PVP sales 6 (1718230,2080525,2080526,2202017,4219674 +1 more); Storica Analitica visura per immobile - Catasto Fabbricati."
"visura-storica","CZ","SOVERATO","1","321","4","F","","analitica","","","PVP sales 3 (1718230,2080526,4220918); Storica Analitica visura per immobile - Catasto Fabbricati."
"visura-storica","CZ","SOVERATO","12","38","21","F","","analitica","","","PVP sales 1 (2187680); Storica Analitica visura per immobile - Catasto Fabbricati."
"visura-storica","CZ","SOVERATO","12","5","6","F","","analitica","","","PVP sales 1 (840698); Storica Analitica visura per immobile - Catasto Fabbricati."
"visura-storica","CZ","SOVERATO","13","266","14","F","","analitica","","","PVP sales 2 (348716,460902); Storica Analitica visura per immobile - Catasto Fabbricati."
"visura-storica","CZ","SOVERATO","13","266","4","F","","analitica","","","PVP sales 2 (347999,462263); Storica Analitica visura per immobile - Catasto Fabbricati."
"visura-storica","CZ","SOVERATO","13","266","6","F","","analitica","","","PVP sales 1 (462241); Storica Analitica visura per immobile - Catasto Fabbricati."
"visura-storica","CZ","SOVERATO","13","54","24","F","","analitica","","","PVP sales 1 (4221932); Storica Analitica visura per immobile - Catasto Fabbricati."
"visura-storica","CZ","SOVERATO","4","365","3","F","","analitica","","","PVP sales 1 (1673025); Storica Analitica visura per immobile - Catasto Fabbricati."
"visura-storica","CZ","SOVERATO","5","1642","1","F","","analitica","","","PVP sales 1 (4266055); Storica Analitica visura per immobile - Catasto Fabbricati."
"visura-storica","CZ","SOVERATO","8","485","5","F","","analitica","","","PVP sales 2 (4497016,4534886); Storica Analitica visura per immobile - Catasto Fabbricati."
"visura-storica","CZ","SOVERIA MANNELLI","10","307","","F","","analitica","","","PVP sales 2 (4513863,4569532); Storica Analitica visura per immobile - Catasto Fabbricati."
"visura-storica","CZ","SOVERIA MANNELLI","10","307","","T","","analitica","","","PVP sales 2 (4513863,4569532); Storica Analitica visura per immobile - Catasto Terreni."
"visura-storica","CZ","SOVERIA MANNELLI","10","556","","F","","analitica","","","PVP sales 1 (369649); Storica Analitica visura per immobile - Catasto Fabbricati."
"visura-storica","CZ","SOVERIA MANNELLI","10","556","","T","","analitica","","","PVP sales 1 (369649); Storica Analitica visura per immobile - Catasto Terreni."
"visura-storica","CZ","SOVERIA MANNELLI","10","556","1","F","","analitica","","","PVP sales 1 (369649); Storica Analitica visura per immobile - Catasto Fabbricati."
"visura-storica","CZ","SOVERIA MANNELLI","10","829","","F","","analitica","","","PVP sales 2 (4513863,4569532); Storica Analitica visura per immobile - Catasto Fabbricati."
"visura-storica","CZ","SOVERIA MANNELLI","10","829","","T","","analitica","","","PVP sales 2 (4513863,4569532); Storica Analitica visura per immobile - Catasto Terreni."
"visura-storica","CZ","SOVERIA MANNELLI","29","411","","F","","analitica","","","PVP sales 3 (4257509,4471214,4533997); Storica Analitica visura per immobile - Catasto Fabbricati."
"visura-storica","CZ","SOVERIA MANNELLI","29","411","","T","","analitica","","","PVP sales 3 (4257509,4471214,4533997); Storica Analitica visura per immobile - Catasto Terreni."
"visura-storica","CZ","SOVERIA MANNELLI","8","600","","F","","analitica","","","PVP sales 3 (514488,1524470,1688713); Storica Analitica visura per immobile - Catasto Fabbricati."
"visura-storica","CZ","SOVERIA MANNELLI","8","600","","T","","analitica","","","PVP sales 3 (514488,1524470,1688713); Storica Analitica visura per immobile - Catasto Terreni."
"visura-storica","CZ","SOVERIA MANNELLI","8","602","","F","","analitica","","","PVP sales 3 (514488,1524470,1688713); Storica Analitica visura per immobile - Catasto Fabbricati."
"visura-storica","CZ","SOVERIA MANNELLI","8","602","","T","","analitica","","","PVP sales 3 (514488,1524470,1688713); Storica Analitica visura per immobile - Catasto Terreni."
"visura-storica","CZ","SOVERIA MANNELLI","8","799","1","F","","analitica","","","PVP sales 1 (1842745); Storica Analitica visura per immobile - Catasto Fabbricati."
"visura-storica","CZ","SOVERIA SIMERI","10","181","1","F","","analitica","","","PVP sales 1 (4234531); Storica Analitica visura per immobile - Catasto Fabbricati."
"visura-storica","CZ","SOVERIA SIMERI","10","191","","F","","analitica","","","PVP sales 1 (2218055); Storica Analitica visura per immobile - Catasto Fabbricati."
"visura-storica","CZ","SOVERIA SIMERI","10","191","","T","","analitica","","","PVP sales 1 (2218055); Storica Analitica visura per immobile - Catasto Terreni."
"visura-storica","CZ","SOVERIA SIMERI","10","191","3","F","","analitica","","","PVP sales 4 (2218117,4234536,4440912,4495430); Storica Analitica visura per immobile - Catasto Fabbricati."
"visura-storica","CZ","SOVERIA SIMERI","10","191","4","F","","analitica","","","PVP sales 4 (2218117,4234536,4440912,4495430); Storica Analitica visura per immobile - Catasto Fabbricati."
"visura-storica","CZ","SOVERIA SIMERI","10","204","","F","","analitica","","","PVP sales 5 (2218055,2218117,4234536,4440912,4495430); Storica Analitica visura per immobile - Catasto Fabbricati."
"visura-storica","CZ","SOVERIA SIMERI","10","204","","T","","analitica","","","PVP sales 5 (2218055,2218117,4234536,4440912,4495430); Storica Analitica visura per immobile - Catasto Terreni."
"visura-storica","CZ","SOVERIA SIMERI","10","23","","F","","analitica","","","PVP sales 5 (2218055,2218117,4234536,4440912,4495430); Storica Analitica visura per immobile - Catasto Fabbricati."
"visura-storica","CZ","SOVERIA SIMERI","10","23","","T","","analitica","","","PVP sales 5 (2218055,2218117,4234536,4440912,4495430); Storica Analitica visura per immobile - Catasto Terreni."
"visura-storica","CZ","SOVERIA SIMERI","5","344","3","F","","analitica","","","PVP sales 4 (4247920,4426481,4485616,4527938); Storica Analitica visura per immobile - Catasto Fabbricati."
"visura-storica","CZ","SOVERIA SIMERI","5","630","3","F","","analitica","","","PVP sales 2 (2151551,2255956); Storica Analitica visura per immobile - Catasto Fabbricati."
"visura-storica","CZ","SOVERIA SIMERI","5","630","5","F","","analitica","","","PVP sales 2 (2151551,2255956); Storica Analitica visura per immobile - Catasto Fabbricati."
"visura-storica","CZ","SOVERIA SIMERI","5","630","7","F","","analitica","","","PVP sales 2 (2151551,2255956); Storica Analitica visura per immobile - Catasto Fabbricati."
"visura-storica","CZ","SOVERIA SIMERI","6","106","4","F","","analitica","","","PVP sales 3 (2075659,2148586,2245161); Storica Analitica visura per immobile - Catasto Fabbricati."
"visura-storica","CZ","SOVERIA SIMERI","6","106","6","F","","analitica","","","PVP sales 3 (2075659,2148586,2245161); Storica Analitica visura per immobile - Catasto Fabbricati."
"visura-storica","CZ","SQUILLACE","19","177","2","F","","analitica","","","PVP sales 1 (4446630); Storica Analitica visura per immobile - Catasto Fabbricati."
"visura-storica","CZ","SQUILLACE","30","116","6","F","","analitica","","","PVP sales 2 (2259116,4254545); Storica Analitica visura per immobile - Catasto Fabbricati."
"visura-storica","CZ","SQUILLACE","30","256/257","1","F","","analitica","","","PVP sales 5 (1696013,1803764,1891726,1986812,2132216); Storica Analitica visura per immobile - Catasto Fabbricati."
"visura-storica","CZ","SQUILLACE","30","272","","F","","analitica","","","PVP sales 1 (4523557); Storica Analitica visura per immobile - Catasto Fabbricati."
"visura-storica","CZ","SQUILLACE","30","272","","T","","analitica","","","PVP sales 1 (4523557); Storica Analitica visura per immobile - Catasto Terreni."
"visura-storica","CZ","SQUILLACE","30","352","8","F","","analitica","","","PVP sales 1 (4232229); Storica Analitica visura per immobile - Catasto Fabbricati."
"visura-storica","CZ","SQUILLACE","30","352","9","F","","analitica","","","PVP sales 1 (4232229); Storica Analitica visura per immobile - Catasto Fabbricati."
"visura-storica","CZ","SQUILLACE","30","568","34","F","","analitica","","","PVP sales 2 (2259116,4254545); Storica Analitica visura per immobile - Catasto Fabbricati."
"visura-storica","CZ","SQUILLACE","30","568","35","F","","analitica","","","PVP sales 2 (2259076,4254567); Storica Analitica visura per immobile - Catasto Fabbricati."
"visura-storica","CZ","STALETTÌ","11","243","","F","","analitica","","","PVP sales 1 (2083833); Storica Analitica visura per immobile - Catasto Fabbricati."
"visura-storica","CZ","STALETTÌ","11","243","","T","","analitica","","","PVP sales 1 (2083833); Storica Analitica visura per immobile - Catasto Terreni."
"visura-storica","CZ","STALETTÌ","11","253","","F","","analitica","","","PVP sales 1 (2094055); Storica Analitica visura per immobile - Catasto Fabbricati."
"visura-storica","CZ","STALETTÌ","11","253","","T","","analitica","","","PVP sales 1 (2094055); Storica Analitica visura per immobile - Catasto Terreni."
"visura-storica","CZ","STALETTÌ","11","424","","F","","analitica","","","PVP sales 1 (2083833); Storica Analitica visura per immobile - Catasto Fabbricati."
"visura-storica","CZ","STALETTÌ","11","424","","T","","analitica","","","PVP sales 1 (2083833); Storica Analitica visura per immobile - Catasto Terreni."
"visura-storica","CZ","STALETTÌ","11","843","","F","","analitica","","","PVP sales 1 (2083833); Storica Analitica visura per immobile - Catasto Fabbricati."
"visura-storica","CZ","STALETTÌ","11","843","","T","","analitica","","","PVP sales 1 (2083833); Storica Analitica visura per immobile - Catasto Terreni."
"visura-storica","CZ","STALETTÌ","11","846","","F","","analitica","","","PVP sales 1 (2083833); Storica Analitica visura per immobile - Catasto Fabbricati."
"visura-storica","CZ","STALETTÌ","11","846","","T","","analitica","","","PVP sales 1 (2083833); Storica Analitica visura per immobile - Catasto Terreni."
"visura-storica","CZ","STALETTÌ","11","848","","F","","analitica","","","PVP sales 1 (2083833); Storica Analitica visura per immobile - Catasto Fabbricati."
"visura-storica","CZ","STALETTÌ","11","848","","T","","analitica","","","PVP sales 1 (2083833); Storica Analitica visura per immobile - Catasto Terreni."
"visura-storica","CZ","STALETTÌ","11","851","","F","","analitica","","","PVP sales 1 (2083833); Storica Analitica visura per immobile - Catasto Fabbricati."
"visura-storica","CZ","STALETTÌ","11","851","","T","","analitica","","","PVP sales 1 (2083833); Storica Analitica visura per immobile - Catasto Terreni."
"visura-storica","CZ","STALETTÌ","11","856","7","F","","analitica","","","PVP sales 1 (2120425); Storica Analitica visura per immobile - Catasto Fabbricati."
"visura-storica","CZ","STALETTÌ","11","860","1","F","","analitica","","","PVP sales 1 (2120425); Storica Analitica visura per immobile - Catasto Fabbricati."
"visura-storica","CZ","STALETTÌ","11","860","10","F","","analitica","","","PVP sales 1 (2120425); Storica Analitica visura per immobile - Catasto Fabbricati."
"visura-storica","CZ","STALETTÌ","11","860","11","F","","analitica","","","PVP sales 1 (2120425); Storica Analitica visura per immobile - Catasto Fabbricati."
"visura-storica","CZ","STALETTÌ","11","860","12","F","","analitica","","","PVP sales 1 (2120425); Storica Analitica visura per immobile - Catasto Fabbricati."
"visura-storica","CZ","STALETTÌ","11","860","13","F","","analitica","","","PVP sales 1 (2120425); Storica Analitica visura per immobile - Catasto Fabbricati."
"visura-storica","CZ","STALETTÌ","11","860","14","F","","analitica","","","PVP sales 1 (2120425); Storica Analitica visura per immobile - Catasto Fabbricati."
"visura-storica","CZ","STALETTÌ","11","860","15","F","","analitica","","","PVP sales 1 (2120425); Storica Analitica visura per immobile - Catasto Fabbricati."
"visura-storica","CZ","STALETTÌ","11","860","16","F","","analitica","","","PVP sales 1 (2120425); Storica Analitica visura per immobile - Catasto Fabbricati."
"visura-storica","CZ","STALETTÌ","11","860","17","F","","analitica","","","PVP sales 1 (2120425); Storica Analitica visura per immobile - Catasto Fabbricati."
"visura-storica","CZ","STALETTÌ","11","860","19","F","","analitica","","","PVP sales 1 (2120425); Storica Analitica visura per immobile - Catasto Fabbricati."
"visura-storica","CZ","STALETTÌ","11","860","2","F","","analitica","","","PVP sales 1 (2120425); Storica Analitica visura per immobile - Catasto Fabbricati."
"visura-storica","CZ","STALETTÌ","11","860","20","F","","analitica","","","PVP sales 1 (2120425); Storica Analitica visura per immobile - Catasto Fabbricati."
"visura-storica","CZ","STALETTÌ","11","860","21","F","","analitica","","","PVP sales 1 (2120425); Storica Analitica visura per immobile - Catasto Fabbricati."
"visura-storica","CZ","STALETTÌ","11","860","3","F","","analitica","","","PVP sales 1 (2120425); Storica Analitica visura per immobile - Catasto Fabbricati."
"visura-storica","CZ","STALETTÌ","11","860","34","F","","analitica","","","PVP sales 1 (2120425); Storica Analitica visura per immobile - Catasto Fabbricati."
"visura-storica","CZ","STALETTÌ","11","860","36","F","","analitica","","","PVP sales 1 (2120425); Storica Analitica visura per immobile - Catasto Fabbricati."
"visura-storica","CZ","STALETTÌ","11","860","37","F","","analitica","","","PVP sales 1 (2120425); Storica Analitica visura per immobile - Catasto Fabbricati."
"visura-storica","CZ","STALETTÌ","11","860","38","F","","analitica","","","PVP sales 1 (2120425); Storica Analitica visura per immobile - Catasto Fabbricati."
"visura-storica","CZ","STALETTÌ","11","860","4","F","","analitica","","","PVP sales 1 (2120425); Storica Analitica visura per immobile - Catasto Fabbricati."
"visura-storica","CZ","STALETTÌ","11","860","5","F","","analitica","","","PVP sales 1 (2120425); Storica Analitica visura per immobile - Catasto Fabbricati."
"visura-storica","CZ","STALETTÌ","11","860","6","F","","analitica","","","PVP sales 1 (2120425); Storica Analitica visura per immobile - Catasto Fabbricati."
"visura-storica","CZ","STALETTÌ","11","860","7","F","","analitica","","","PVP sales 1 (2120425); Storica Analitica visura per immobile - Catasto Fabbricati."
"visura-storica","CZ","STALETTÌ","11","860","8","F","","analitica","","","PVP sales 1 (2120425); Storica Analitica visura per immobile - Catasto Fabbricati."
"visura-storica","CZ","STALETTÌ","11","860","9","F","","analitica","","","PVP sales 1 (2120425); Storica Analitica visura per immobile - Catasto Fabbricati."
"visura-storica","CZ","STALETTÌ","11","873","","F","","analitica","","","PVP sales 1 (2120425); Storica Analitica visura per immobile - Catasto Fabbricati."
"visura-storica","CZ","STALETTÌ","11","873","","T","","analitica","","","PVP sales 1 (2120425); Storica Analitica visura per immobile - Catasto Terreni."
"visura-storica","CZ","STALETTÌ","11","921","","F","","analitica","","","PVP sales 1 (1433211); Storica Analitica visura per immobile - Catasto Fabbricati."
"visura-storica","CZ","STALETTÌ","11","921","","T","","analitica","","","PVP sales 1 (1433211); Storica Analitica visura per immobile - Catasto Terreni."
"visura-storica","CZ","STALETTÌ","11","922","","F","","analitica","","","PVP sales 1 (1433211); Storica Analitica visura per immobile - Catasto Fabbricati."
"visura-storica","CZ","STALETTÌ","11","922","","T","","analitica","","","PVP sales 1 (1433211); Storica Analitica visura per immobile - Catasto Terreni."
"visura-storica","CZ","STALETTÌ","11","984","","F","","analitica","","","PVP sales 1 (1433211); Storica Analitica visura per immobile - Catasto Fabbricati."
"visura-storica","CZ","STALETTÌ","11","984","","T","","analitica","","","PVP sales 1 (1433211); Storica Analitica visura per immobile - Catasto Terreni."
"visura-storica","CZ","STALETTÌ","11","985","","F","","analitica","","","PVP sales 1 (1433211); Storica Analitica visura per immobile - Catasto Fabbricati."
"visura-storica","CZ","STALETTÌ","11","985","","T","","analitica","","","PVP sales 1 (1433211); Storica Analitica visura per immobile - Catasto Terreni."
"visura-storica","CZ","STALETTÌ","11","986","","F","","analitica","","","PVP sales 1 (1433211); Storica Analitica visura per immobile - Catasto Fabbricati."
"visura-storica","CZ","STALETTÌ","11","986","","T","","analitica","","","PVP sales 1 (1433211); Storica Analitica visura per immobile - Catasto Terreni."
"visura-storica","CZ","STALETTÌ","13","139","10","F","","analitica","","","PVP sales 1 (4448567); Storica Analitica visura per immobile - Catasto Fabbricati."
"visura-storica","CZ","STALETTÌ","13","139","11","F","","analitica","","","PVP sales 1 (4448567); Storica Analitica visura per immobile - Catasto Fabbricati."
"visura-storica","CZ","STALETTÌ","13","139","45","F","","analitica","","","PVP sales 1 (4448567); Storica Analitica visura per immobile - Catasto Fabbricati."
"visura-storica","CZ","STALETTÌ","4","21","1","F","","analitica","","","PVP sales 1 (4462918); Storica Analitica visura per immobile - Catasto Fabbricati."
"visura-storica","CZ","STALETTÌ","4","21","4","F","","analitica","","","PVP sales 1 (4462918); Storica Analitica visura per immobile - Catasto Fabbricati."
"visura-storica","CZ","STALETTÌ","4","21","5","F","","analitica","","","PVP sales 1 (4462918); Storica Analitica visura per immobile - Catasto Fabbricati."
"visura-storica","CZ","STALETTÌ","4","21","7","F","","analitica","","","PVP sales 1 (4462918); Storica Analitica visura per immobile - Catasto Fabbricati."
"visura-storica","CZ","STALETTÌ","4","21","8","F","","analitica","","","PVP sales 1 (4462918); Storica Analitica visura per immobile - Catasto Fabbricati."
"visura-storica","CZ","STALETTÌ","4","901","1","F","","analitica","","","PVP sales 1 (450578); Storica Analitica visura per immobile - Catasto Fabbricati."
"visura-storica","CZ","STALETTÌ","5","376","","F","","analitica","","","PVP sales 1 (2119382); Storica Analitica visura per immobile - Catasto Fabbricati."
"visura-storica","CZ","STALETTÌ","5","376","","T","","analitica","","","PVP sales 1 (2119382); Storica Analitica visura per immobile - Catasto Terreni."
"visura-storica","CZ","STALETTÌ","5","381","2","F","","analitica","","","PVP sales 1 (4210687); Storica Analitica visura per immobile - Catasto Fabbricati."
"visura-storica","CZ","STALETTÌ","9","191","18","F","","analitica","","","PVP sales 2 (2160807,2253703); Storica Analitica visura per immobile - Catasto Fabbricati."
"visura-storica","CZ","TAVERNA","10","388","1","F","","analitica","","","PVP sales 2 (4432240,4497890); Storica Analitica visura per immobile - Catasto Fabbricati."
"visura-storica","CZ","TAVERNA","10","407","","F","","analitica","","","PVP sales 3 (2260864,4280653,4462699); Storica Analitica visura per immobile - Catasto Fabbricati."
"visura-storica","CZ","TAVERNA","10","407","","T","","analitica","","","PVP sales 3 (2260864,4280653,4462699); Storica Analitica visura per immobile - Catasto Terreni."
"visura-storica","CZ","TAVERNA","26","43","","F","","analitica","","","PVP sales 4 (2114566,2224745,4255774,4458393); Storica Analitica visura per immobile - Catasto Fabbricati."
"visura-storica","CZ","TAVERNA","26","43","","T","","analitica","","","PVP sales 5 (71252,2114566,2224745,4255774,4458393); Storica Analitica visura per immobile - Catasto Terreni."
"visura-storica","CZ","TAVERNA","26","725","","F","","analitica","","","PVP sales 4 (2114566,2224745,4255774,4458393); Storica Analitica visura per immobile - Catasto Fabbricati."
"visura-storica","CZ","TAVERNA","26","725","","T","","analitica","","","PVP sales 5 (71252,2114566,2224745,4255774,4458393); Storica Analitica visura per immobile - Catasto Terreni."
"visura-storica","CZ","TAVERNA","31","11","","F","","analitica","","","PVP sales 1 (2114570); Storica Analitica visura per immobile - Catasto Fabbricati."
"visura-storica","CZ","TAVERNA","31","11","","T","","analitica","","","PVP sales 1 (2114570); Storica Analitica visura per immobile - Catasto Terreni."
"visura-storica","CZ","TAVERNA","31","277","","F","","analitica","","","PVP sales 1 (2114570); Storica Analitica visura per immobile - Catasto Fabbricati."
"visura-storica","CZ","TAVERNA","31","277","","T","","analitica","","","PVP sales 1 (2114570); Storica Analitica visura per immobile - Catasto Terreni."
"visura-storica","CZ","TAVERNA","31","289","","F","","analitica","","","PVP sales 1 (2114570); Storica Analitica visura per immobile - Catasto Fabbricati."
"visura-storica","CZ","TAVERNA","31","289","","T","","analitica","","","PVP sales 1 (2114570); Storica Analitica visura per immobile - Catasto Terreni."
"visura-storica","CZ","TAVERNA","35","514","27","F","","analitica","","","PVP sales 3 (2110673,2209623,4241592); Storica Analitica visura per immobile - Catasto Fabbricati."
"visura-storica","CZ","TAVERNA","35","514","28","F","","analitica","","","PVP sales 3 (2110679,2209625,4241616); Storica Analitica visura per immobile - Catasto Fabbricati."
"visura-storica","CZ","TAVERNA","35","514","35","F","","analitica","","","PVP sales 3 (1966372,2110667,2209620); Storica Analitica visura per immobile - Catasto Fabbricati."
"visura-storica","CZ","TAVERNA","35","514","7","F","","analitica","","","PVP sales 3 (1966292,2110598,2209606); Storica Analitica visura per immobile - Catasto Fabbricati."
"visura-storica","CZ","TAVERNA","35","514","8","F","","analitica","","","PVP sales 3 (1966363,2110657,2209610); Storica Analitica visura per immobile - Catasto Fabbricati."
"visura-storica","CZ","TAVERNA","35","514","9","F","","analitica","","","PVP sales 3 (1966368,2110662,2209615); Storica Analitica visura per immobile - Catasto Fabbricati."
"visura-storica","CZ","TAVERNA","35","862","5","F","","analitica","","","PVP sales 1 (2053868); Storica Analitica visura per immobile - Catasto Fabbricati."
"visura-storica","CZ","TAVERNA","35","940","1","F","","analitica","","","PVP sales 3 (4230759,4430682,4475169); Storica Analitica visura per immobile - Catasto Fabbricati."
"visura-storica","CZ","TAVERNA","37","398","","F","","analitica","","","PVP sales 1 (794701); Storica Analitica visura per immobile - Catasto Fabbricati."
"visura-storica","CZ","TAVERNA","37","398","","T","","analitica","","","PVP sales 1 (794701); Storica Analitica visura per immobile - Catasto Terreni."
"visura-storica","CZ","TAVERNA","37","398","30","F","","analitica","","","PVP sales 1 (435907); Storica Analitica visura per immobile - Catasto Fabbricati."
"visura-storica","CZ","TAVERNA","37","398","37","F","","analitica","","","PVP sales 1 (435907); Storica Analitica visura per immobile - Catasto Fabbricati."
"visura-storica","CZ","TAVERNA","43","239","7","F","","analitica","","","PVP sales 3 (2083507,2145850,2252071); Storica Analitica visura per immobile - Catasto Fabbricati."
"visura-storica","CZ","TAVERNA","43","239","8","F","","analitica","","","PVP sales 3 (2083507,2145850,2252071); Storica Analitica visura per immobile - Catasto Fabbricati."
"visura-storica","CZ","TAVERNA","43","240","","F","","analitica","","","PVP sales 3 (2083517,2145863,2252075); Storica Analitica visura per immobile - Catasto Fabbricati."
"visura-storica","CZ","TAVERNA","43","240","","T","","analitica","","","PVP sales 3 (2083517,2145863,2252075); Storica Analitica visura per immobile - Catasto Terreni."
"visura-storica","CZ","TAVERNA","43","548","","F","","analitica","","","PVP sales 2 (2151570,2242857); Storica Analitica visura per immobile - Catasto Fabbricati."
"visura-storica","CZ","TAVERNA","43","548","","T","","analitica","","","PVP sales 2 (2151570,2242857); Storica Analitica visura per immobile - Catasto Terreni."
"visura-storica","CZ","TAVERNA","43","548","1101","F","","analitica","","","PVP sales 2 (2151438,2242856); Storica Analitica visura per immobile - Catasto Fabbricati."
"visura-storica","CZ","TAVERNA","43","548","1102","F","","analitica","","","PVP sales 1 (2242281); Storica Analitica visura per immobile - Catasto Fabbricati."
"visura-storica","CZ","TAVERNA","43","548","1103","F","","analitica","","","PVP sales 2 (2151538,2242282); Storica Analitica visura per immobile - Catasto Fabbricati."
"visura-storica","CZ","TAVERNA","43","548","1104","F","","analitica","","","PVP sales 2 (2151546,2242283); Storica Analitica visura per immobile - Catasto Fabbricati."
"visura-storica","CZ","TAVERNA","43","548","1105","F","","analitica","","","PVP sales 2 (2151602,2242284); Storica Analitica visura per immobile - Catasto Fabbricati."
"visura-storica","CZ","TAVERNA","43","548","1106","F","","analitica","","","PVP sales 2 (2151569,2242285); Storica Analitica visura per immobile - Catasto Fabbricati."
"visura-storica","CZ","TAVERNA","43","548","1109","F","","analitica","","","PVP sales 2 (2151584,2242286); Storica Analitica visura per immobile - Catasto Fabbricati."
"visura-storica","CZ","TAVERNA","43","548","1110","F","","analitica","","","PVP sales 2 (2151645,2242860); Storica Analitica visura per immobile - Catasto Fabbricati."
"visura-storica","CZ","TAVERNA","43","548","1111","F","","analitica","","","PVP sales 2 (2151707,2242862); Storica Analitica visura per immobile - Catasto Fabbricati."
"visura-storica","CZ","TAVERNA","43","582","5","F","","analitica","","","PVP sales 4 (4237630,4449653,4515468,4568319); Storica Analitica visura per immobile - Catasto Fabbricati."
"visura-storica","CZ","TAVERNA","43","583","5","F","","analitica","","","PVP sales 4 (4237630,4449653,4515468,4568319); Storica Analitica visura per immobile - Catasto Fabbricati."
"visura-storica","CZ","TAVERNA","43","723","2","F","","analitica","","","PVP sales 4 (4423069,4462898,4516694,4562660); Storica Analitica visura per immobile - Catasto Fabbricati."
"visura-storica","CZ","TAVERNA","43","723","4","F","","analitica","","","PVP sales 4 (4423069,4462898,4516694,4562660); Storica Analitica visura per immobile - Catasto Fabbricati."
"visura-storica","CZ","TAVERNA","43","723","5","F","","analitica","","","PVP sales 4 (4423069,4462898,4516694,4562660); Storica Analitica visura per immobile - Catasto Fabbricati."
"visura-storica","CZ","TAVERNA","43","723","6","F","","analitica","","","PVP sales 4 (4423069,4462898,4516694,4562660); Storica Analitica visura per immobile - Catasto Fabbricati."
"visura-storica","CZ","TAVERNA","44","873","","F","","analitica","","","PVP sales 4 (4210704,4282470,4411030,4476702); Storica Analitica visura per immobile - Catasto Fabbricati."
"visura-storica","CZ","TAVERNA","44","873","","T","","analitica","","","PVP sales 4 (4210704,4282470,4411030,4476702); Storica Analitica visura per immobile - Catasto Terreni."
"visura-storica","CZ","TAVERNA","44","874","","F","","analitica","","","PVP sales 3 (4282470,4411030,4476702); Storica Analitica visura per immobile - Catasto Fabbricati."
"visura-storica","CZ","TAVERNA","44","874","","T","","analitica","","","PVP sales 4 (4210704,4282470,4411030,4476702); Storica Analitica visura per immobile - Catasto Terreni."
"visura-storica","CZ","TAVERNA","44","905","11","F","","analitica","","","PVP sales 2 (2133803,2195239); Storica Analitica visura per immobile - Catasto Fabbricati."
"visura-storica","CZ","TAVERNA","44","905","12","F","","analitica","","","PVP sales 2 (4446362,4506841); Storica Analitica visura per immobile - Catasto Fabbricati."
"visura-storica","CZ","TAVERNA","44","908","21","F","","analitica","","","PVP sales 3 (4446346,4506884,4549060); Storica Analitica visura per immobile - Catasto Fabbricati."
"visura-storica","CZ","TAVERNA","44","908","25","F","","analitica","","","PVP sales 1 (2133821); Storica Analitica visura per immobile - Catasto Fabbricati."
"visura-storica","CZ","TAVERNA","44","908","33","F","","analitica","","","PVP sales 1 (4230853); Storica Analitica visura per immobile - Catasto Fabbricati."
"visura-storica","CZ","TAVERNA","44","908","36","F","","analitica","","","PVP sales 1 (2133824); Storica Analitica visura per immobile - Catasto Fabbricati."
"visura-storica","CZ","TAVERNA","44","908","43","F","","analitica","","","PVP sales 1 (2133826); Storica Analitica visura per immobile - Catasto Fabbricati."
"visura-storica","CZ","TAVERNA","44","908","44","F","","analitica","","","PVP sales 1 (838076); Storica Analitica visura per immobile - Catasto Fabbricati."
"visura-storica","CZ","TAVERNA","44","908","46","F","","analitica","","","PVP sales 1 (2133828); Storica Analitica visura per immobile - Catasto Fabbricati."
"visura-storica","CZ","TAVERNA","44","908","47","F","","analitica","","","PVP sales 3 (4446350,4506849,4549088); Storica Analitica visura per immobile - Catasto Fabbricati."
"visura-storica","CZ","TIRIOLO","16","567","12","F","","analitica","","","PVP sales 1 (2128786); Storica Analitica visura per immobile - Catasto Fabbricati."
"visura-storica","CZ","TIRIOLO","21","415","","F","","analitica","","","PVP sales 2 (2243889,4497900); Storica Analitica visura per immobile - Catasto Fabbricati."
"visura-storica","CZ","TIRIOLO","21","415","","T","","analitica","","","PVP sales 2 (2243889,4497900); Storica Analitica visura per immobile - Catasto Terreni."
"visura-storica","CZ","TIRIOLO","21","635","","F","","analitica","","","PVP sales 2 (2243892,4497900); Storica Analitica visura per immobile - Catasto Fabbricati."
"visura-storica","CZ","TIRIOLO","21","635","","T","","analitica","","","PVP sales 2 (2243892,4497900); Storica Analitica visura per immobile - Catasto Terreni."
"visura-storica","CZ","TIRIOLO","21","637","","F","","analitica","","","PVP sales 2 (2243892,4497900); Storica Analitica visura per immobile - Catasto Fabbricati."
"visura-storica","CZ","TIRIOLO","21","637","","T","","analitica","","","PVP sales 2 (2243892,4497900); Storica Analitica visura per immobile - Catasto Terreni."
"visura-storica","CZ","TIRIOLO","21","639","","F","","analitica","","","PVP sales 2 (2243892,4497900); Storica Analitica visura per immobile - Catasto Fabbricati."
"visura-storica","CZ","TIRIOLO","21","639","","T","","analitica","","","PVP sales 2 (2243892,4497900); Storica Analitica visura per immobile - Catasto Terreni."
"visura-storica","CZ","TIRIOLO","21","641","","F","","analitica","","","PVP sales 2 (2243892,4497900); Storica Analitica visura per immobile - Catasto Fabbricati."
"visura-storica","CZ","TIRIOLO","21","641","","T","","analitica","","","PVP sales 2 (2243892,4497900); Storica Analitica visura per immobile - Catasto Terreni."
"visura-storica","CZ","TIRIOLO","21","958","","F","","analitica","","","PVP sales 2 (2243889,4497900); Storica Analitica visura per immobile - Catasto Fabbricati."
"visura-storica","CZ","TIRIOLO","21","958","","T","","analitica","","","PVP sales 2 (2243889,4497900); Storica Analitica visura per immobile - Catasto Terreni."
"visura-storica","CZ","TIRIOLO","21","959","2","F","","analitica","","","PVP sales 2 (2243889,4497900); Storica Analitica visura per immobile - Catasto Fabbricati."
"visura-storica","CZ","TIRIOLO","21","959","3","F","","analitica","","","PVP sales 2 (2243889,4497900); Storica Analitica visura per immobile - Catasto Fabbricati."
"visura-storica","CZ","TIRIOLO","32","310","4","F","","analitica","","","PVP sales 1 (2252061); Storica Analitica visura per immobile - Catasto Fabbricati."
"visura-storica","CZ","TIRIOLO","36","260","","F","","analitica","","","PVP sales 2 (4420748,4475135); Storica Analitica visura per immobile - Catasto Fabbricati."
"visura-storica","CZ","TIRIOLO","36","260","","T","","analitica","","","PVP sales 2 (4420748,4475135); Storica Analitica visura per immobile - Catasto Terreni."
"visura-storica","CZ","TIRIOLO","36","261","","F","","analitica","","","PVP sales 2 (4420748,4475135); Storica Analitica visura per immobile - Catasto Fabbricati."
"visura-storica","CZ","TIRIOLO","36","261","","T","","analitica","","","PVP sales 2 (4420748,4475135); Storica Analitica visura per immobile - Catasto Terreni."
"visura-storica","CZ","TIRIOLO","36","262","","F","","analitica","","","PVP sales 2 (4420748,4475135); Storica Analitica visura per immobile - Catasto Fabbricati."
"visura-storica","CZ","TIRIOLO","36","262","","T","","analitica","","","PVP sales 2 (4420748,4475135); Storica Analitica visura per immobile - Catasto Terreni."
"visura-storica","CZ","TIRIOLO","36","379","","F","","analitica","","","PVP sales 1 (4436970); Storica Analitica visura per immobile - Catasto Fabbricati."
"visura-storica","CZ","TIRIOLO","36","379","","T","","analitica","","","PVP sales 1 (4436970); Storica Analitica visura per immobile - Catasto Terreni."
"visura-storica","CZ","TIRIOLO","36","561","","F","","analitica","","","PVP sales 1 (4436970); Storica Analitica visura per immobile - Catasto Fabbricati."
"visura-storica","CZ","TIRIOLO","36","561","","T","","analitica","","","PVP sales 1 (4436970); Storica Analitica visura per immobile - Catasto Terreni."
"visura-storica","CZ","TORRE DI RUGGIERO","14","236","","F","","analitica","","","PVP sales 1 (991271); Storica Analitica visura per immobile - Catasto Fabbricati."
"visura-storica","CZ","TORRE DI RUGGIERO","14","236","","T","","analitica","","","PVP sales 1 (991271); Storica Analitica visura per immobile - Catasto Terreni."
"visura-storica","CZ","TORRE DI RUGGIERO","14","27","","F","","analitica","","","PVP sales 1 (991271); Storica Analitica visura per immobile - Catasto Fabbricati."
"visura-storica","CZ","TORRE DI RUGGIERO","14","27","","T","","analitica","","","PVP sales 1 (991271); Storica Analitica visura per immobile - Catasto Terreni."
"visura-storica","CZ","ZAGARISE","13","101","","F","","analitica","","","PVP sales 2 (4269039,4527143); Storica Analitica visura per immobile - Catasto Fabbricati."
"visura-storica","CZ","ZAGARISE","13","101","","T","","analitica","","","PVP sales 2 (4269039,4527143); Storica Analitica visura per immobile - Catasto Terreni."
"visura-storica","CZ","ZAGARISE","13","76","","F","","analitica","","","PVP sales 2 (4269064,4527129); Storica Analitica visura per immobile - Catasto Fabbricati."
"visura-storica","CZ","ZAGARISE","13","76","","T","","analitica","","","PVP sales 2 (4269064,4527129); Storica Analitica visura per immobile - Catasto Terreni."
"visura-storica","CZ","ZAGARISE","13","99","","F","","analitica","","","PVP sales 2 (4269088,4527162); Storica Analitica visura per immobile - Catasto Fabbricati."
"visura-storica","CZ","ZAGARISE","13","99","","T","","analitica","","","PVP sales 2 (4269088,4527162); Storica Analitica visura per immobile - Catasto Terreni."
"visura-storica","CZ","ZAGARISE","14","545","1","F","","analitica","","","PVP sales 2 (4443434,4512275); Storica Analitica visura per immobile - Catasto Fabbricati."
"visura-storica","CZ","ZAGARISE","14","545","2","F","","analitica","","","PVP sales 1 (4443434); Storica Analitica visura per immobile - Catasto Fabbricati."
"visura-storica","CZ","ZAGARISE","15","363","","F","","analitica","","","PVP sales 2 (4269090,4527178); Storica Analitica visura per immobile - Catasto Fabbricati."
"visura-storica","CZ","ZAGARISE","15","363","","T","","analitica","","","PVP sales 2 (4269090,4527178); Storica Analitica visura per immobile - Catasto Terreni."
"visura-storica","CZ","ZAGARISE","17","319","11","F","","analitica","","","PVP sales 1 (4458016); Storica Analitica visura per immobile - Catasto Fabbricati."
"visura-storica","CZ","ZAGARISE","17","319","12","F","","analitica","","","PVP sales 1 (4458015); Storica Analitica visura per immobile - Catasto Fabbricati."
"visura-storica","CZ","ZAGARISE","17","319","3","F","","analitica","","","PVP sales 1 (4458012); Storica Analitica visura per immobile - Catasto Fabbricati."
