"command","provincia","comune","foglio","particella","subalterno","tipo_catasto","codice_fiscale","vista","sezione","source_files","scope_note"
"visura-storica","FM","ALTIDONA","10","185","","F","","analitica","","","PVP sales 1 (1665862); Storica Analitica visura per immobile - Catasto Fabbricati."
"visura-storica","FM","ALTIDONA","10","185","","T","","analitica","","","PVP sales 1 (1665862); Storica Analitica visura per immobile - Catasto Terreni."
"visura-storica","FM","ALTIDONA","15","196","","F","","analitica","","","PVP sales 1 (1694060); Storica Analitica visura per immobile - Catasto Fabbricati."
"visura-storica","FM","ALTIDONA","15","196","","T","","analitica","","","PVP sales 1 (1694060); Storica Analitica visura per immobile - Catasto Terreni."
"visura-storica","FM","ALTIDONA","15","202","","F","","analitica","","","PVP sales 1 (1694060); Storica Analitica visura per immobile - Catasto Fabbricati."
"visura-storica","FM","ALTIDONA","15","202","","T","","analitica","","","PVP sales 1 (1694060); Storica Analitica visura per immobile - Catasto Terreni."
"visura-storica","FM","ALTIDONA","15","234","3","F","","analitica","","","PVP sales 1 (4447518); Storica Analitica visura per immobile - Catasto Fabbricati."
"visura-storica","FM","ALTIDONA","15","333","1","F","","analitica","","","PVP sales 2 (4491239,4532459); Storica Analitica visura per immobile - Catasto Fabbricati."
"visura-storica","FM","ALTIDONA","15","333","7","F","","analitica","","","PVP sales 2 (4491241,4532474); Storica Analitica visura per immobile - Catasto Fabbricati."
"visura-storica","FM","ALTIDONA","3","140","","F","","analitica","","","PVP sales 2 (4475938,4511374); Storica Analitica visura per immobile - Catasto Fabbricati."
"visura-storica","FM","ALTIDONA","3","140","","T","","analitica","","","PVP sales 2 (4475938,4511374); Storica Analitica visura per immobile - Catasto Terreni."
"visura-storica","FM","ALTIDONA","3","141","","F","","analitica","","","PVP sales 2 (4475938,4511374); Storica Analitica visura per immobile - Catasto Fabbricati."
"visura-storica","FM","ALTIDONA","3","141","","T","","analitica","","","PVP sales 2 (4475938,4511374); Storica Analitica visura per immobile - Catasto Terreni."
"visura-storica","FM","ALTIDONA","3","18","","F","","analitica","","","PVP sales 2 (4475938,4511374); Storica Analitica visura per immobile - Catasto Fabbricati."
"visura-storica","FM","ALTIDONA","3","18","","T","","analitica","","","PVP sales 2 (4475938,4511374); Storica Analitica visura per immobile - Catasto Terreni."
"visura-storica","FM","ALTIDONA","3","266","","F","","analitica","","","PVP sales 2 (4475938,4511374); Storica Analitica visura per immobile - Catasto Fabbricati."
"visura-storica","FM","ALTIDONA","3","266","","T","","analitica","","","PVP sales 2 (4475938,4511374); Storica Analitica visura per immobile - Catasto Terreni."
"visura-storica","FM","ALTIDONA","4","144","6","F","","analitica","","","PVP sales 2 (2103930,2109264); Storica Analitica visura per immobile - Catasto Fabbricati."
"visura-storica","FM","ALTIDONA","4","144","7","F","","analitica","","","PVP sales 2 (2103930,2109264); Storica Analitica visura per immobile - Catasto Fabbricati."
"visura-storica","FM","ALTIDONA","4","144","8","F","","analitica","","","PVP sales 2 (2103943,4465928); Storica Analitica visura per immobile - Catasto Fabbricati."
"visura-storica","FM","ALTIDONA","4","331","15","F","","analitica","","","PVP sales 1 (2207379); Storica Analitica visura per immobile - Catasto Fabbricati."
"visura-storica","FM","ALTIDONA","4","331","24","F","","analitica","","","PVP sales 1 (2207379); Storica Analitica visura per immobile - Catasto Fabbricati."
"visura-storica","FM","ALTIDONA","4","331","5","F","","analitica","","","PVP sales 1 (2207379); Storica Analitica visura per immobile - Catasto Fabbricati."
"visura-storica","FM","ALTIDONA","4","332","4","F","","analitica","","","PVP sales 1 (2123991); Storica Analitica visura per immobile - Catasto Fabbricati."
"visura-storica","FM","ALTIDONA","5","123","","F","","analitica","","","PVP sales 1 (4392643); Storica Analitica visura per immobile - Catasto Fabbricati."
"visura-storica","FM","ALTIDONA","5","123","","T","","analitica","","","PVP sales 1 (4392643); Storica Analitica visura per immobile - Catasto Terreni."
"visura-storica","FM","ALTIDONA","6","588","15","F","","analitica","","","PVP sales 1 (4238953); Storica Analitica visura per immobile - Catasto Fabbricati."
"visura-storica","FM","ALTIDONA","6","588","25","F","","analitica","","","PVP sales 1 (4238953); Storica Analitica visura per immobile - Catasto Fabbricati."
"visura-storica","FM","ALTIDONA","6","588","9","F","","analitica","","","PVP sales 1 (4238953); Storica Analitica visura per immobile - Catasto Fabbricati."
"visura-storica","FM","ALTIDONA","8","644","12","F","","analitica","","","PVP sales 2 (2038239,4240472); Storica Analitica visura per immobile - Catasto Fabbricati."
"visura-storica","FM","ALTIDONA","8","681","23","F","","analitica","","","PVP sales 1 (908926); Storica Analitica visura per immobile - Catasto Fabbricati."
"visura-storica","FM","ALTIDONA","9","42","43","F","","analitica","","","PVP sales 1 (1549726); Storica Analitica visura per immobile - Catasto Fabbricati."
"visura-storica","FM","AMANDOLA","27","341","","F","","analitica","","","PVP sales 1 (358888); Storica Analitica visura per immobile - Catasto Fabbricati."
"visura-storica","FM","AMANDOLA","27","341","","T","","analitica","","","PVP sales 1 (358888); Storica Analitica visura per immobile - Catasto Terreni."
"visura-storica","FM","AMANDOLA","27","342","","F","","analitica","","","PVP sales 1 (358888); Storica Analitica visura per immobile - Catasto Fabbricati."
"visura-storica","FM","AMANDOLA","27","342","","T","","analitica","","","PVP sales 1 (358888); Storica Analitica visura per immobile - Catasto Terreni."
"visura-storica","FM","AMANDOLA","27","589","","F","","analitica","","","PVP sales 1 (357784); Storica Analitica visura per immobile - Catasto Fabbricati."
"visura-storica","FM","AMANDOLA","27","589","","T","","analitica","","","PVP sales 1 (357784); Storica Analitica visura per immobile - Catasto Terreni."
"visura-storica","FM","AMANDOLA","27","590","","F","","analitica","","","PVP sales 1 (357784); Storica Analitica visura per immobile - Catasto Fabbricati."
"visura-storica","FM","AMANDOLA","27","590","","T","","analitica","","","PVP sales 1 (357784); Storica Analitica visura per immobile - Catasto Terreni."
"visura-storica","FM","AMANDOLA","37","10","","F","","analitica","","","PVP sales 1 (361777); Storica Analitica visura per immobile - Catasto Fabbricati."
"visura-storica","FM","AMANDOLA","37","10","","T","","analitica","","","PVP sales 1 (361777); Storica Analitica visura per immobile - Catasto Terreni."
"visura-storica","FM","AMANDOLA","37","27","","F","","analitica","","","PVP sales 1 (361777); Storica Analitica visura per immobile - Catasto Fabbricati."
"visura-storica","FM","AMANDOLA","37","27","","T","","analitica","","","PVP sales 1 (361777); Storica Analitica visura per immobile - Catasto Terreni."
"visura-storica","FM","AMANDOLA","37","30","","F","","analitica","","","PVP sales 1 (361777); Storica Analitica visura per immobile - Catasto Fabbricati."
"visura-storica","FM","AMANDOLA","37","30","","T","","analitica","","","PVP sales 1 (361777); Storica Analitica visura per immobile - Catasto Terreni."
"visura-storica","FM","AMANDOLA","37","31","","F","","analitica","","","PVP sales 1 (361777); Storica Analitica visura per immobile - Catasto Fabbricati."
"visura-storica","FM","AMANDOLA","37","31","","T","","analitica","","","PVP sales 1 (361777); Storica Analitica visura per immobile - Catasto Terreni."
"visura-storica","FM","AMANDOLA","37","9","","F","","analitica","","","PVP sales 1 (361777); Storica Analitica visura per immobile - Catasto Fabbricati."
"visura-storica","FM","AMANDOLA","37","9","","T","","analitica","","","PVP sales 1 (361777); Storica Analitica visura per immobile - Catasto Terreni."
"visura-storica","FM","BELMONTE PICENO","3","206","1","F","","analitica","","","PVP sales 2 (4439806,4487883); Storica Analitica visura per immobile - Catasto Fabbricati."
"visura-storica","FM","BELMONTE PICENO","3","206","2","F","","analitica","","","PVP sales 2 (4439806,4487883); Storica Analitica visura per immobile - Catasto Fabbricati."
"visura-storica","FM","BELMONTE PICENO","4","1","","T","","analitica","","","PVP sales 1 (4235916); Storica Analitica visura per immobile - Catasto Terreni."
"visura-storica","FM","BELMONTE PICENO","4","10","","T","","analitica","","","PVP sales 1 (4235916); Storica Analitica visura per immobile - Catasto Terreni."
"visura-storica","FM","BELMONTE PICENO","4","11","","T","","analitica","","","PVP sales 1 (4235916); Storica Analitica visura per immobile - Catasto Terreni."
"visura-storica","FM","BELMONTE PICENO","4","12","","T","","analitica","","","PVP sales 1 (4235916); Storica Analitica visura per immobile - Catasto Terreni."
"visura-storica","FM","BELMONTE PICENO","4","138","","T","","analitica","","","PVP sales 1 (4235916); Storica Analitica visura per immobile - Catasto Terreni."
"visura-storica","FM","BELMONTE PICENO","4","139","","T","","analitica","","","PVP sales 1 (4235916); Storica Analitica visura per immobile - Catasto Terreni."
"visura-storica","FM","BELMONTE PICENO","4","159","","T","","analitica","","","PVP sales 1 (4235916); Storica Analitica visura per immobile - Catasto Terreni."
"visura-storica","FM","BELMONTE PICENO","4","160","","F","","analitica","","","PVP sales 1 (4235916); Storica Analitica visura per immobile - Catasto Fabbricati."
"visura-storica","FM","BELMONTE PICENO","4","2","","T","","analitica","","","PVP sales 1 (4235916); Storica Analitica visura per immobile - Catasto Terreni."
"visura-storica","FM","BELMONTE PICENO","4","276","","F","","analitica","","","PVP sales 1 (4235916); Storica Analitica visura per immobile - Catasto Fabbricati."
"visura-storica","FM","BELMONTE PICENO","4","277","","T","","analitica","","","PVP sales 1 (4235916); Storica Analitica visura per immobile - Catasto Terreni."
"visura-storica","FM","BELMONTE PICENO","4","3","","T","","analitica","","","PVP sales 1 (4235916); Storica Analitica visura per immobile - Catasto Terreni."
"visura-storica","FM","BELMONTE PICENO","4","4","","T","","analitica","","","PVP sales 1 (4235916); Storica Analitica visura per immobile - Catasto Terreni."
"visura-storica","FM","BELMONTE PICENO","4","6","","T","","analitica","","","PVP sales 1 (4235916); Storica Analitica visura per immobile - Catasto Terreni."
"visura-storica","FM","BELMONTE PICENO","4","7","","T","","analitica","","","PVP sales 1 (4235916); Storica Analitica visura per immobile - Catasto Terreni."
"visura-storica","FM","BELMONTE PICENO","4","79","","T","","analitica","","","PVP sales 1 (4235916); Storica Analitica visura per immobile - Catasto Terreni."
"visura-storica","FM","BELMONTE PICENO","4","8","","T","","analitica","","","PVP sales 1 (4235916); Storica Analitica visura per immobile - Catasto Terreni."
"visura-storica","FM","BELMONTE PICENO","4","80","","T","","analitica","","","PVP sales 1 (4235916); Storica Analitica visura per immobile - Catasto Terreni."
"visura-storica","FM","BELMONTE PICENO","4","82","","T","","analitica","","","PVP sales 1 (4235916); Storica Analitica visura per immobile - Catasto Terreni."
"visura-storica","FM","BELMONTE PICENO","4","9","","T","","analitica","","","PVP sales 1 (4235916); Storica Analitica visura per immobile - Catasto Terreni."
"visura-storica","FM","BELMONTE PICENO","5","1","","T","","analitica","","","PVP sales 1 (4235916); Storica Analitica visura per immobile - Catasto Terreni."
"visura-storica","FM","BELMONTE PICENO","5","10","","T","","analitica","","","PVP sales 1 (4235916); Storica Analitica visura per immobile - Catasto Terreni."
"visura-storica","FM","BELMONTE PICENO","5","101","","T","","analitica","","","PVP sales 1 (4235916); Storica Analitica visura per immobile - Catasto Terreni."
"visura-storica","FM","BELMONTE PICENO","5","112","2","F","","analitica","","","PVP sales 1 (4235916); Storica Analitica visura per immobile - Catasto Fabbricati."
"visura-storica","FM","BELMONTE PICENO","5","125","","T","","analitica","","","PVP sales 1 (4235916); Storica Analitica visura per immobile - Catasto Terreni."
"visura-storica","FM","BELMONTE PICENO","5","126","2","F","","analitica","","","PVP sales 1 (4235916); Storica Analitica visura per immobile - Catasto Fabbricati."
"visura-storica","FM","BELMONTE PICENO","5","126","3","F","","analitica","","","PVP sales 1 (4235916); Storica Analitica visura per immobile - Catasto Fabbricati."
"visura-storica","FM","BELMONTE PICENO","5","126","4","F","","analitica","","","PVP sales 1 (4235916); Storica Analitica visura per immobile - Catasto Fabbricati."
"visura-storica","FM","BELMONTE PICENO","5","127","","T","","analitica","","","PVP sales 1 (4235916); Storica Analitica visura per immobile - Catasto Terreni."
"visura-storica","FM","BELMONTE PICENO","5","130","","T","","analitica","","","PVP sales 1 (4235916); Storica Analitica visura per immobile - Catasto Terreni."
"visura-storica","FM","BELMONTE PICENO","5","137","","T","","analitica","","","PVP sales 1 (4235916); Storica Analitica visura per immobile - Catasto Terreni."
"visura-storica","FM","BELMONTE PICENO","5","141","","T","","analitica","","","PVP sales 1 (4235916); Storica Analitica visura per immobile - Catasto Terreni."
"visura-storica","FM","BELMONTE PICENO","5","143","","T","","analitica","","","PVP sales 1 (4235916); Storica Analitica visura per immobile - Catasto Terreni."
"visura-storica","FM","BELMONTE PICENO","5","154","","T","","analitica","","","PVP sales 1 (4235916); Storica Analitica visura per immobile - Catasto Terreni."
"visura-storica","FM","BELMONTE PICENO","5","155","","T","","analitica","","","PVP sales 1 (4235916); Storica Analitica visura per immobile - Catasto Terreni."
"visura-storica","FM","BELMONTE PICENO","5","17","","T","","analitica","","","PVP sales 1 (4235916); Storica Analitica visura per immobile - Catasto Terreni."
"visura-storica","FM","BELMONTE PICENO","5","18","","T","","analitica","","","PVP sales 1 (4235916); Storica Analitica visura per immobile - Catasto Terreni."
"visura-storica","FM","BELMONTE PICENO","5","2","","T","","analitica","","","PVP sales 1 (4235916); Storica Analitica visura per immobile - Catasto Terreni."
"visura-storica","FM","BELMONTE PICENO","5","28","","T","","analitica","","","PVP sales 1 (4235916); Storica Analitica visura per immobile - Catasto Terreni."
"visura-storica","FM","BELMONTE PICENO","5","33","","T","","analitica","","","PVP sales 1 (4235916); Storica Analitica visura per immobile - Catasto Terreni."
"visura-storica","FM","BELMONTE PICENO","5","34","","T","","analitica","","","PVP sales 1 (4235916); Storica Analitica visura per immobile - Catasto Terreni."
"visura-storica","FM","BELMONTE PICENO","5","35","","T","","analitica","","","PVP sales 1 (4235916); Storica Analitica visura per immobile - Catasto Terreni."
"visura-storica","FM","BELMONTE PICENO","5","36","","T","","analitica","","","PVP sales 1 (4235916); Storica Analitica visura per immobile - Catasto Terreni."
"visura-storica","FM","BELMONTE PICENO","5","4","","T","","analitica","","","PVP sales 1 (4235916); Storica Analitica visura per immobile - Catasto Terreni."
"visura-storica","FM","BELMONTE PICENO","5","42","","T","","analitica","","","PVP sales 1 (4235916); Storica Analitica visura per immobile - Catasto Terreni."
"visura-storica","FM","BELMONTE PICENO","5","45","","T","","analitica","","","PVP sales 1 (4235916); Storica Analitica visura per immobile - Catasto Terreni."
"visura-storica","FM","BELMONTE PICENO","5","46","","T","","analitica","","","PVP sales 1 (4235916); Storica Analitica visura per immobile - Catasto Terreni."
"visura-storica","FM","BELMONTE PICENO","5","47","","T","","analitica","","","PVP sales 1 (4235916); Storica Analitica visura per immobile - Catasto Terreni."
"visura-storica","FM","BELMONTE PICENO","5","6","","T","","analitica","","","PVP sales 1 (4235916); Storica Analitica visura per immobile - Catasto Terreni."
"visura-storica","FM","BELMONTE PICENO","5","7","","T","","analitica","","","PVP sales 1 (4235916); Storica Analitica visura per immobile - Catasto Terreni."
"visura-storica","FM","BELMONTE PICENO","5","70","","T","","analitica","","","PVP sales 1 (4235916); Storica Analitica visura per immobile - Catasto Terreni."
"visura-storica","FM","BELMONTE PICENO","5","71","","T","","analitica","","","PVP sales 1 (4235916); Storica Analitica visura per immobile - Catasto Terreni."
"visura-storica","FM","BELMONTE PICENO","5","72","","T","","analitica","","","PVP sales 1 (4235916); Storica Analitica visura per immobile - Catasto Terreni."
"visura-storica","FM","BELMONTE PICENO","5","73","","T","","analitica","","","PVP sales 1 (4235916); Storica Analitica visura per immobile - Catasto Terreni."
"visura-storica","FM","BELMONTE PICENO","5","75","2","F","","analitica","","","PVP sales 1 (4235916); Storica Analitica visura per immobile - Catasto Fabbricati."
"visura-storica","FM","BELMONTE PICENO","5","75","3","F","","analitica","","","PVP sales 1 (4235916); Storica Analitica visura per immobile - Catasto Fabbricati."
"visura-storica","FM","BELMONTE PICENO","5","75","4","F","","analitica","","","PVP sales 1 (4235916); Storica Analitica visura per immobile - Catasto Fabbricati."
"visura-storica","FM","BELMONTE PICENO","5","75","5","F","","analitica","","","PVP sales 1 (4235916); Storica Analitica visura per immobile - Catasto Fabbricati."
"visura-storica","FM","BELMONTE PICENO","5","76","","T","","analitica","","","PVP sales 1 (4235916); Storica Analitica visura per immobile - Catasto Terreni."
"visura-storica","FM","BELMONTE PICENO","5","8","","T","","analitica","","","PVP sales 1 (4235916); Storica Analitica visura per immobile - Catasto Terreni."
"visura-storica","FM","BELMONTE PICENO","5","98","","T","","analitica","","","PVP sales 1 (4235916); Storica Analitica visura per immobile - Catasto Terreni."
"visura-storica","FM","BELMONTE PICENO","6","10","","T","","analitica","","","PVP sales 1 (4235916); Storica Analitica visura per immobile - Catasto Terreni."
"visura-storica","FM","BELMONTE PICENO","6","11","","T","","analitica","","","PVP sales 1 (4235916); Storica Analitica visura per immobile - Catasto Terreni."
"visura-storica","FM","BELMONTE PICENO","6","128","","T","","analitica","","","PVP sales 1 (4235916); Storica Analitica visura per immobile - Catasto Terreni."
"visura-storica","FM","BELMONTE PICENO","6","13","","T","","analitica","","","PVP sales 1 (4235916); Storica Analitica visura per immobile - Catasto Terreni."
"visura-storica","FM","BELMONTE PICENO","6","147","","T","","analitica","","","PVP sales 1 (4235916); Storica Analitica visura per immobile - Catasto Terreni."
"visura-storica","FM","BELMONTE PICENO","6","15","","T","","analitica","","","PVP sales 1 (4235916); Storica Analitica visura per immobile - Catasto Terreni."
"visura-storica","FM","BELMONTE PICENO","6","16","","T","","analitica","","","PVP sales 1 (4235916); Storica Analitica visura per immobile - Catasto Terreni."
"visura-storica","FM","BELMONTE PICENO","6","17","","T","","analitica","","","PVP sales 1 (4235916); Storica Analitica visura per immobile - Catasto Terreni."
"visura-storica","FM","BELMONTE PICENO","6","18","","T","","analitica","","","PVP sales 1 (4235916); Storica Analitica visura per immobile - Catasto Terreni."
"visura-storica","FM","BELMONTE PICENO","6","19","","T","","analitica","","","PVP sales 1 (4235916); Storica Analitica visura per immobile - Catasto Terreni."
"visura-storica","FM","BELMONTE PICENO","6","20","","T","","analitica","","","PVP sales 1 (4235916); Storica Analitica visura per immobile - Catasto Terreni."
"visura-storica","FM","BELMONTE PICENO","6","38","","T","","analitica","","","PVP sales 1 (4235916); Storica Analitica visura per immobile - Catasto Terreni."
"visura-storica","FM","BELMONTE PICENO","6","39","","T","","analitica","","","PVP sales 1 (4235916); Storica Analitica visura per immobile - Catasto Terreni."
"visura-storica","FM","BELMONTE PICENO","6","40","","T","","analitica","","","PVP sales 1 (4235916); Storica Analitica visura per immobile - Catasto Terreni."
"visura-storica","FM","BELMONTE PICENO","6","81","","T","","analitica","","","PVP sales 1 (4235916); Storica Analitica visura per immobile - Catasto Terreni."
"visura-storica","FM","BELMONTE PICENO","6","82","","T","","analitica","","","PVP sales 1 (4235916); Storica Analitica visura per immobile - Catasto Terreni."
"visura-storica","FM","BELMONTE PICENO","6","83","","T","","analitica","","","PVP sales 1 (4235916); Storica Analitica visura per immobile - Catasto Terreni."
"visura-storica","FM","BELMONTE PICENO","6","84","","T","","analitica","","","PVP sales 1 (4235916); Storica Analitica visura per immobile - Catasto Terreni."
"visura-storica","FM","BELMONTE PICENO","6","85","","T","","analitica","","","PVP sales 1 (4235916); Storica Analitica visura per immobile - Catasto Terreni."
"visura-storica","FM","BELMONTE PICENO","8","371","3","F","","analitica","","","PVP sales 2 (4237639,4433063); Storica Analitica visura per immobile - Catasto Fabbricati."
"visura-storica","FM","BELMONTE PICENO","8","598","2","F","","analitica","","","PVP sales 1 (4235124); Storica Analitica visura per immobile - Catasto Fabbricati."
"visura-storica","FM","BELMONTE PICENO","8","598","3","F","","analitica","","","PVP sales 1 (4235124); Storica Analitica visura per immobile - Catasto Fabbricati."
"visura-storica","FM","BELMONTE PICENO","8","729","","F","","analitica","","","PVP sales 2 (4229434,4332236); Storica Analitica visura per immobile - Catasto Fabbricati."
"visura-storica","FM","BELMONTE PICENO","8","729","","T","","analitica","","","PVP sales 2 (4229434,4332236); Storica Analitica visura per immobile - Catasto Terreni."
"visura-storica","FM","CAMPOFILONE","1","313","","F","","analitica","","","PVP sales 1 (389473); Storica Analitica visura per immobile - Catasto Fabbricati."
"visura-storica","FM","CAMPOFILONE","1","313","","T","","analitica","","","PVP sales 1 (389473); Storica Analitica visura per immobile - Catasto Terreni."
"visura-storica","FM","CAMPOFILONE","1","448","","F","","analitica","","","PVP sales 1 (389473); Storica Analitica visura per immobile - Catasto Fabbricati."
"visura-storica","FM","CAMPOFILONE","1","448","","T","","analitica","","","PVP sales 1 (389473); Storica Analitica visura per immobile - Catasto Terreni."
"visura-storica","FM","CAMPOFILONE","1","450","","F","","analitica","","","PVP sales 1 (389473); Storica Analitica visura per immobile - Catasto Fabbricati."
"visura-storica","FM","CAMPOFILONE","1","450","","T","","analitica","","","PVP sales 1 (389473); Storica Analitica visura per immobile - Catasto Terreni."
"visura-storica","FM","CAMPOFILONE","1","453","","F","","analitica","","","PVP sales 1 (389473); Storica Analitica visura per immobile - Catasto Fabbricati."
"visura-storica","FM","CAMPOFILONE","1","453","","T","","analitica","","","PVP sales 1 (389473); Storica Analitica visura per immobile - Catasto Terreni."
"visura-storica","FM","CAMPOFILONE","1","555","7","F","","analitica","","","PVP sales 1 (4549456); Storica Analitica visura per immobile - Catasto Fabbricati."
"visura-storica","FM","CAMPOFILONE","1","555","8","F","","analitica","","","PVP sales 1 (4549456); Storica Analitica visura per immobile - Catasto Fabbricati."
"visura-storica","FM","CAMPOFILONE","1","556","13","F","","analitica","","","PVP sales 3 (1888960,1888998,1949041); Storica Analitica visura per immobile - Catasto Fabbricati."
"visura-storica","FM","CAMPOFILONE","1","556","9","F","","analitica","","","PVP sales 3 (1888960,1888998,1949041); Storica Analitica visura per immobile - Catasto Fabbricati."
"visura-storica","FM","CAMPOFILONE","11","266","1","F","","analitica","","","PVP sales 1 (4495165); Storica Analitica visura per immobile - Catasto Fabbricati."
"visura-storica","FM","CAMPOFILONE","11","266","2","F","","analitica","","","PVP sales 1 (4495165); Storica Analitica visura per immobile - Catasto Fabbricati."
"visura-storica","FM","CAMPOFILONE","11","266","3","F","","analitica","","","PVP sales 1 (4495165); Storica Analitica visura per immobile - Catasto Fabbricati."
"visura-storica","FM","CAMPOFILONE","11","266","4","F","","analitica","","","PVP sales 1 (4495165); Storica Analitica visura per immobile - Catasto Fabbricati."
"visura-storica","FM","CAMPOFILONE","3","409","","T","","analitica","","","PVP sales 1 (1543202); Storica Analitica visura per immobile - Catasto Terreni."
"visura-storica","FM","CAMPOFILONE","3","416","","F","","analitica","","","PVP sales 3 (795393,795563,888435); Storica Analitica visura per immobile - Catasto Fabbricati."
"visura-storica","FM","CAMPOFILONE","3","416","","T","","analitica","","","PVP sales 3 (795393,795563,888435); Storica Analitica visura per immobile - Catasto Terreni."
"visura-storica","FM","CAMPOFILONE","3","535","","T","","analitica","","","PVP sales 1 (1543202); Storica Analitica visura per immobile - Catasto Terreni."
"visura-storica","FM","CAMPOFILONE","5","261","","F","","analitica","","","PVP sales 4 (4399702,4464232,4516434,4563129); Storica Analitica visura per immobile - Catasto Fabbricati."
"visura-storica","FM","CAMPOFILONE","5","261","","T","","analitica","","","PVP sales 4 (4399702,4464232,4516434,4563129); Storica Analitica visura per immobile - Catasto Terreni."
"visura-storica","FM","CAMPOFILONE","5","317","4","F","","analitica","","","PVP sales 1 (2248513); Storica Analitica visura per immobile - Catasto Fabbricati."
"visura-storica","FM","CAMPOFILONE","5","472","22","F","","analitica","","","PVP sales 1 (4502439); Storica Analitica visura per immobile - Catasto Fabbricati."
"visura-storica","FM","CAMPOFILONE","5","472","7","F","","analitica","","","PVP sales 1 (4502439); Storica Analitica visura per immobile - Catasto Fabbricati."
"visura-storica","FM","CAMPOFILONE","9","10","","F","","analitica","","","PVP sales 3 (2227602,4386640,4502400); Storica Analitica visura per immobile - Catasto Fabbricati."
"visura-storica","FM","CAMPOFILONE","9","10","","T","","analitica","","","PVP sales 3 (2227602,4386640,4502400); Storica Analitica visura per immobile - Catasto Terreni."
"visura-storica","FM","CAMPOFILONE","9","177","","F","","analitica","","","PVP sales 3 (2227602,4386640,4502400); Storica Analitica visura per immobile - Catasto Fabbricati."
"visura-storica","FM","CAMPOFILONE","9","177","","T","","analitica","","","PVP sales 3 (2227602,4386640,4502400); Storica Analitica visura per immobile - Catasto Terreni."
"visura-storica","FM","CAMPOFILONE","9","197","","F","","analitica","","","PVP sales 3 (2227602,4386640,4502400); Storica Analitica visura per immobile - Catasto Fabbricati."
"visura-storica","FM","CAMPOFILONE","9","197","","T","","analitica","","","PVP sales 3 (2227602,4386640,4502400); Storica Analitica visura per immobile - Catasto Terreni."
"visura-storica","FM","CAMPOFILONE","9","207","","F","","analitica","","","PVP sales 3 (2227602,4386640,4502400); Storica Analitica visura per immobile - Catasto Fabbricati."
"visura-storica","FM","CAMPOFILONE","9","207","","T","","analitica","","","PVP sales 3 (2227602,4386640,4502400); Storica Analitica visura per immobile - Catasto Terreni."
"visura-storica","FM","CAMPOFILONE","9","362","","F","","analitica","","","PVP sales 3 (2227602,4386640,4502400); Storica Analitica visura per immobile - Catasto Fabbricati."
"visura-storica","FM","CAMPOFILONE","9","362","","T","","analitica","","","PVP sales 3 (2227602,4386640,4502400); Storica Analitica visura per immobile - Catasto Terreni."
"visura-storica","FM","CAMPOFILONE","9","363","","F","","analitica","","","PVP sales 3 (2227602,4386640,4502400); Storica Analitica visura per immobile - Catasto Fabbricati."
"visura-storica","FM","CAMPOFILONE","9","363","","T","","analitica","","","PVP sales 3 (2227602,4386640,4502400); Storica Analitica visura per immobile - Catasto Terreni."
"visura-storica","FM","CAMPOFILONE","9","365","3","F","","analitica","","","PVP sales 3 (2227602,4386640,4502400); Storica Analitica visura per immobile - Catasto Fabbricati."
"visura-storica","FM","CAMPOFILONE","9","368","","F","","analitica","","","PVP sales 3 (2227602,4386640,4502400); Storica Analitica visura per immobile - Catasto Fabbricati."
"visura-storica","FM","CAMPOFILONE","9","368","","T","","analitica","","","PVP sales 3 (2227602,4386640,4502400); Storica Analitica visura per immobile - Catasto Terreni."
"visura-storica","FM","CAMPOFILONE","9","807","","F","","analitica","","","PVP sales 3 (2227602,4386640,4502400); Storica Analitica visura per immobile - Catasto Fabbricati."
"visura-storica","FM","CAMPOFILONE","9","807","","T","","analitica","","","PVP sales 3 (2227602,4386640,4502400); Storica Analitica visura per immobile - Catasto Terreni."
"visura-storica","FM","FALERONE","10","291","4","F","","analitica","","","PVP sales 2 (4348857,4464092); Storica Analitica visura per immobile - Catasto Fabbricati."
"visura-storica","FM","FALERONE","11","120","","F","","analitica","","","PVP sales 1 (4408865); Storica Analitica visura per immobile - Catasto Fabbricati."
"visura-storica","FM","FALERONE","11","120","","T","","analitica","","","PVP sales 3 (585281,773188,4408865); Storica Analitica visura per immobile - Catasto Terreni."
"visura-storica","FM","FALERONE","11","121","","F","","analitica","","","PVP sales 1 (4408865); Storica Analitica visura per immobile - Catasto Fabbricati."
"visura-storica","FM","FALERONE","11","121","","T","","analitica","","","PVP sales 3 (585281,773188,4408865); Storica Analitica visura per immobile - Catasto Terreni."
"visura-storica","FM","FALERONE","11","124","","F","","analitica","","","PVP sales 1 (4408865); Storica Analitica visura per immobile - Catasto Fabbricati."
"visura-storica","FM","FALERONE","11","124","","T","","analitica","","","PVP sales 3 (585281,773188,4408865); Storica Analitica visura per immobile - Catasto Terreni."
"visura-storica","FM","FALERONE","11","125","","F","","analitica","","","PVP sales 1 (4408865); Storica Analitica visura per immobile - Catasto Fabbricati."
"visura-storica","FM","FALERONE","11","125","","T","","analitica","","","PVP sales 3 (585281,773188,4408865); Storica Analitica visura per immobile - Catasto Terreni."
"visura-storica","FM","FALERONE","11","126","","F","","analitica","","","PVP sales 1 (4408865); Storica Analitica visura per immobile - Catasto Fabbricati."
"visura-storica","FM","FALERONE","11","126","","T","","analitica","","","PVP sales 3 (585281,773188,4408865); Storica Analitica visura per immobile - Catasto Terreni."
"visura-storica","FM","FALERONE","11","150","","F","","analitica","","","PVP sales 1 (4408865); Storica Analitica visura per immobile - Catasto Fabbricati."
"visura-storica","FM","FALERONE","11","150","","T","","analitica","","","PVP sales 3 (585281,773188,4408865); Storica Analitica visura per immobile - Catasto Terreni."
"visura-storica","FM","FALERONE","11","151","","F","","analitica","","","PVP sales 1 (4408865); Storica Analitica visura per immobile - Catasto Fabbricati."
"visura-storica","FM","FALERONE","11","151","","T","","analitica","","","PVP sales 3 (585281,773188,4408865); Storica Analitica visura per immobile - Catasto Terreni."
"visura-storica","FM","FALERONE","12","102","","F","","analitica","","","PVP sales 1 (4277759); Storica Analitica visura per immobile - Catasto Fabbricati."
"visura-storica","FM","FALERONE","12","102","","T","","analitica","","","PVP sales 1 (4277759); Storica Analitica visura per immobile - Catasto Terreni."
"visura-storica","FM","FALERONE","12","103","1","F","","analitica","","","PVP sales 1 (4277739); Storica Analitica visura per immobile - Catasto Fabbricati."
"visura-storica","FM","FALERONE","12","103","2","F","","analitica","","","PVP sales 1 (4277739); Storica Analitica visura per immobile - Catasto Fabbricati."
"visura-storica","FM","FALERONE","12","104","","F","","analitica","","","PVP sales 1 (4277759); Storica Analitica visura per immobile - Catasto Fabbricati."
"visura-storica","FM","FALERONE","12","104","","T","","analitica","","","PVP sales 1 (4277759); Storica Analitica visura per immobile - Catasto Terreni."
"visura-storica","FM","FALERONE","12","105","","F","","analitica","","","PVP sales 1 (4277759); Storica Analitica visura per immobile - Catasto Fabbricati."
"visura-storica","FM","FALERONE","12","105","","T","","analitica","","","PVP sales 1 (4277759); Storica Analitica visura per immobile - Catasto Terreni."
"visura-storica","FM","FALERONE","12","106","","F","","analitica","","","PVP sales 1 (4277759); Storica Analitica visura per immobile - Catasto Fabbricati."
"visura-storica","FM","FALERONE","12","106","","T","","analitica","","","PVP sales 1 (4277759); Storica Analitica visura per immobile - Catasto Terreni."
"visura-storica","FM","FALERONE","12","107","","F","","analitica","","","PVP sales 1 (4277759); Storica Analitica visura per immobile - Catasto Fabbricati."
"visura-storica","FM","FALERONE","12","107","","T","","analitica","","","PVP sales 1 (4277759); Storica Analitica visura per immobile - Catasto Terreni."
"visura-storica","FM","FALERONE","12","120","3","F","","analitica","","","PVP sales 1 (4277739); Storica Analitica visura per immobile - Catasto Fabbricati."
"visura-storica","FM","FALERONE","12","213","","F","","analitica","","","PVP sales 1 (4277759); Storica Analitica visura per immobile - Catasto Fabbricati."
"visura-storica","FM","FALERONE","12","213","","T","","analitica","","","PVP sales 1 (4277759); Storica Analitica visura per immobile - Catasto Terreni."
"visura-storica","FM","FALERONE","12","254","","F","","analitica","","","PVP sales 1 (4277759); Storica Analitica visura per immobile - Catasto Fabbricati."
"visura-storica","FM","FALERONE","12","254","","T","","analitica","","","PVP sales 1 (4277759); Storica Analitica visura per immobile - Catasto Terreni."
"visura-storica","FM","FALERONE","12","255","","F","","analitica","","","PVP sales 1 (4277759); Storica Analitica visura per immobile - Catasto Fabbricati."
"visura-storica","FM","FALERONE","12","255","","T","","analitica","","","PVP sales 1 (4277759); Storica Analitica visura per immobile - Catasto Terreni."
"visura-storica","FM","FALERONE","12","299","","F","","analitica","","","PVP sales 1 (4277759); Storica Analitica visura per immobile - Catasto Fabbricati."
"visura-storica","FM","FALERONE","12","299","","T","","analitica","","","PVP sales 1 (4277759); Storica Analitica visura per immobile - Catasto Terreni."
"visura-storica","FM","FALERONE","14","39","10","F","","analitica","","","PVP sales 2 (4277618,4424128); Storica Analitica visura per immobile - Catasto Fabbricati."
"visura-storica","FM","FALERONE","14","39","8","F","","analitica","","","PVP sales 2 (4277618,4424128); Storica Analitica visura per immobile - Catasto Fabbricati."
"visura-storica","FM","FALERONE","14","39","9","F","","analitica","","","PVP sales 2 (4277618,4424128); Storica Analitica visura per immobile - Catasto Fabbricati."
"visura-storica","FM","FALERONE","15","2","2","F","","analitica","","","PVP sales 1 (4419964); Storica Analitica visura per immobile - Catasto Fabbricati."
"visura-storica","FM","FALERONE","15","2","3","F","","analitica","","","PVP sales 1 (4419964); Storica Analitica visura per immobile - Catasto Fabbricati."
"visura-storica","FM","FALERONE","15","361","","F","","analitica","","","PVP sales 1 (4419964); Storica Analitica visura per immobile - Catasto Fabbricati."
"visura-storica","FM","FALERONE","15","361","","T","","analitica","","","PVP sales 1 (4419964); Storica Analitica visura per immobile - Catasto Terreni."
"visura-storica","FM","FALERONE","15","4","12","F","","analitica","","","PVP sales 3 (4271772,4272827,4359163); Storica Analitica visura per immobile - Catasto Fabbricati."
"visura-storica","FM","FALERONE","15","4","13","F","","analitica","","","PVP sales 3 (4271772,4272827,4359163); Storica Analitica visura per immobile - Catasto Fabbricati."
"visura-storica","FM","FALERONE","15","4","7","F","","analitica","","","PVP sales 3 (4271772,4272827,4359163); Storica Analitica visura per immobile - Catasto Fabbricati."
"visura-storica","FM","FALERONE","15","4","8","F","","analitica","","","PVP sales 3 (4271772,4272827,4359163); Storica Analitica visura per immobile - Catasto Fabbricati."
"visura-storica","FM","FALERONE","17","10","","F","","analitica","","","PVP sales 1 (704543); Storica Analitica visura per immobile - Catasto Fabbricati."
"visura-storica","FM","FALERONE","17","10","","T","","analitica","","","PVP sales 1 (704543); Storica Analitica visura per immobile - Catasto Terreni."
"visura-storica","FM","FALERONE","17","322","4","F","","analitica","","","PVP sales 3 (4254683,4363218,4444701); Storica Analitica visura per immobile - Catasto Fabbricati."
"visura-storica","FM","FALERONE","17","433","","F","","analitica","","","PVP sales 1 (704543); Storica Analitica visura per immobile - Catasto Fabbricati."
"visura-storica","FM","FALERONE","17","433","","T","","analitica","","","PVP sales 1 (704543); Storica Analitica visura per immobile - Catasto Terreni."
"visura-storica","FM","FALERONE","21","126","","F","","analitica","","","PVP sales 2 (2234935,2240426); Storica Analitica visura per immobile - Catasto Fabbricati."
"visura-storica","FM","FALERONE","21","126","","T","","analitica","","","PVP sales 2 (2234935,2240426); Storica Analitica visura per immobile - Catasto Terreni."
"visura-storica","FM","FALERONE","21","127","","F","","analitica","","","PVP sales 2 (1992025,4516678); Storica Analitica visura per immobile - Catasto Fabbricati."
"visura-storica","FM","FALERONE","21","127","","T","","analitica","","","PVP sales 2 (1992025,4516678); Storica Analitica visura per immobile - Catasto Terreni."
"visura-storica","FM","FALERONE","21","130","","F","","analitica","","","PVP sales 2 (2234935,2240426); Storica Analitica visura per immobile - Catasto Fabbricati."
"visura-storica","FM","FALERONE","21","130","","T","","analitica","","","PVP sales 2 (2234935,2240426); Storica Analitica visura per immobile - Catasto Terreni."
"visura-storica","FM","FALERONE","21","131","","F","","analitica","","","PVP sales 2 (1992025,4516678); Storica Analitica visura per immobile - Catasto Fabbricati."
"visura-storica","FM","FALERONE","21","131","","T","","analitica","","","PVP sales 2 (1992025,4516678); Storica Analitica visura per immobile - Catasto Terreni."
"visura-storica","FM","FALERONE","21","133","","F","","analitica","","","PVP sales 2 (2234935,2240426); Storica Analitica visura per immobile - Catasto Fabbricati."
"visura-storica","FM","FALERONE","21","133","","T","","analitica","","","PVP sales 2 (2234935,2240426); Storica Analitica visura per immobile - Catasto Terreni."
"visura-storica","FM","FALERONE","21","134","","F","","analitica","","","PVP sales 2 (2234935,2240426); Storica Analitica visura per immobile - Catasto Fabbricati."
"visura-storica","FM","FALERONE","21","134","","T","","analitica","","","PVP sales 2 (2234935,2240426); Storica Analitica visura per immobile - Catasto Terreni."
"visura-storica","FM","FALERONE","21","138","","F","","analitica","","","PVP sales 2 (1992025,4516678); Storica Analitica visura per immobile - Catasto Fabbricati."
"visura-storica","FM","FALERONE","21","138","","T","","analitica","","","PVP sales 2 (1992025,4516678); Storica Analitica visura per immobile - Catasto Terreni."
"visura-storica","FM","FALERONE","21","139","","F","","analitica","","","PVP sales 2 (1992025,4516678); Storica Analitica visura per immobile - Catasto Fabbricati."
"visura-storica","FM","FALERONE","21","139","","T","","analitica","","","PVP sales 2 (1992025,4516678); Storica Analitica visura per immobile - Catasto Terreni."
"visura-storica","FM","FALERONE","21","141","","F","","analitica","","","PVP sales 2 (2234935,2240426); Storica Analitica visura per immobile - Catasto Fabbricati."
"visura-storica","FM","FALERONE","21","141","","T","","analitica","","","PVP sales 2 (2234935,2240426); Storica Analitica visura per immobile - Catasto Terreni."
"visura-storica","FM","FALERONE","21","70","5","F","","analitica","","","PVP sales 1 (4491262); Storica Analitica visura per immobile - Catasto Fabbricati."
"visura-storica","FM","FALERONE","21","866","3","F","","analitica","","","PVP sales 2 (4493161,4551518); Storica Analitica visura per immobile - Catasto Fabbricati."
"visura-storica","FM","FALERONE","21","866","5","F","","analitica","","","PVP sales 2 (4493161,4551518); Storica Analitica visura per immobile - Catasto Fabbricati."
"visura-storica","FM","FALERONE","23","29","","F","","analitica","","","PVP sales 1 (567491); Storica Analitica visura per immobile - Catasto Fabbricati."
"visura-storica","FM","FALERONE","23","29","","T","","analitica","","","PVP sales 1 (567491); Storica Analitica visura per immobile - Catasto Terreni."
"visura-storica","FM","FALERONE","23","29","2","F","","analitica","","","PVP sales 1 (463116); Storica Analitica visura per immobile - Catasto Fabbricati."
"visura-storica","FM","FALERONE","23","29","3","F","","analitica","","","PVP sales 1 (463116); Storica Analitica visura per immobile - Catasto Fabbricati."
"visura-storica","FM","FALERONE","23","56","11","F","","analitica","","","PVP sales 1 (4563955); Storica Analitica visura per immobile - Catasto Fabbricati."
"visura-storica","FM","FALERONE","23","588","1","F","","analitica","","","PVP sales 1 (4244043); Storica Analitica visura per immobile - Catasto Fabbricati."
"visura-storica","FM","FALERONE","23","746","13","F","","analitica","","","PVP sales 1 (2150440); Storica Analitica visura per immobile - Catasto Fabbricati."
"visura-storica","FM","FALERONE","23","746","19","F","","analitica","","","PVP sales 1 (2150446); Storica Analitica visura per immobile - Catasto Fabbricati."
"visura-storica","FM","FALERONE","23","756","17","F","","analitica","","","PVP sales 1 (1997652); Storica Analitica visura per immobile - Catasto Fabbricati."
"visura-storica","FM","FALERONE","23","756","18","F","","analitica","","","PVP sales 1 (1997658); Storica Analitica visura per immobile - Catasto Fabbricati."
"visura-storica","FM","FALERONE","23","756","4","F","","analitica","","","PVP sales 1 (1997591); Storica Analitica visura per immobile - Catasto Fabbricati."
"visura-storica","FM","FALERONE","25","121","3","F","","analitica","","","PVP sales 1 (1650504); Storica Analitica visura per immobile - Catasto Fabbricati."
"visura-storica","FM","FALERONE","5","228","","F","","analitica","","","PVP sales 3 (4428175,4494297,4568871); Storica Analitica visura per immobile - Catasto Fabbricati."
"visura-storica","FM","FALERONE","5","228","","T","","analitica","","","PVP sales 3 (4428175,4494297,4568871); Storica Analitica visura per immobile - Catasto Terreni."
"visura-storica","FM","FALERONE","5","323","2","F","","analitica","","","PVP sales 2 (4428310,4494320); Storica Analitica visura per immobile - Catasto Fabbricati."
"visura-storica","FM","FALERONE","5","323","5","F","","analitica","","","PVP sales 2 (4428310,4494320); Storica Analitica visura per immobile - Catasto Fabbricati."
"visura-storica","FM","FALERONE","5","326","","F","","analitica","","","PVP sales 3 (4428175,4494297,4568871); Storica Analitica visura per immobile - Catasto Fabbricati."
"visura-storica","FM","FALERONE","5","326","","T","","analitica","","","PVP sales 3 (4428175,4494297,4568871); Storica Analitica visura per immobile - Catasto Terreni."
"visura-storica","FM","FALERONE","5","347","1","F","","analitica","","","PVP sales 2 (4428321,4494331); Storica Analitica visura per immobile - Catasto Fabbricati."
"visura-storica","FM","FALERONE","5","347","2","F","","analitica","","","PVP sales 2 (4428321,4494331); Storica Analitica visura per immobile - Catasto Fabbricati."
"visura-storica","FM","FALERONE","5","347","3","F","","analitica","","","PVP sales 2 (4428321,4494331); Storica Analitica visura per immobile - Catasto Fabbricati."
"visura-storica","FM","FALERONE","5","599","","F","","analitica","","","PVP sales 3 (4428175,4494297,4568871); Storica Analitica visura per immobile - Catasto Fabbricati."
"visura-storica","FM","FALERONE","5","599","","T","","analitica","","","PVP sales 3 (4428175,4494297,4568871); Storica Analitica visura per immobile - Catasto Terreni."
"visura-storica","FM","FALERONE","6","246","3","F","","analitica","","","PVP sales 2 (4448983,4517257); Storica Analitica visura per immobile - Catasto Fabbricati."
"visura-storica","FM","FALERONE","6","246","4","F","","analitica","","","PVP sales 2 (4448983,4517257); Storica Analitica visura per immobile - Catasto Fabbricati."
"visura-storica","FM","FALERONE","6","248","12","F","","analitica","","","PVP sales 2 (4448983,4517257); Storica Analitica visura per immobile - Catasto Fabbricati."
"visura-storica","FM","FALERONE","6","487","3","F","","analitica","","","PVP sales 1 (4537069); Storica Analitica visura per immobile - Catasto Fabbricati."
"visura-storica","FM","FALERONE","8","113","","F","","analitica","","","PVP sales 3 (4253372,4436453,4497621); Storica Analitica visura per immobile - Catasto Fabbricati."
"visura-storica","FM","FALERONE","8","113","","T","","analitica","","","PVP sales 4 (4253372,4436453,4497621,4568071); Storica Analitica visura per immobile - Catasto Terreni."
"visura-storica","FM","FALERONE","8","115","","F","","analitica","","","PVP sales 3 (4253372,4436453,4497621); Storica Analitica visura per immobile - Catasto Fabbricati."
"visura-storica","FM","FALERONE","8","115","","T","","analitica","","","PVP sales 4 (4253372,4436453,4497621,4568071); Storica Analitica visura per immobile - Catasto Terreni."
"visura-storica","FM","FALERONE","8","116","","F","","analitica","","","PVP sales 3 (4253372,4436453,4497621); Storica Analitica visura per immobile - Catasto Fabbricati."
"visura-storica","FM","FALERONE","8","116","","T","","analitica","","","PVP sales 4 (4253372,4436453,4497621,4568071); Storica Analitica visura per immobile - Catasto Terreni."
"visura-storica","FM","FALERONE","8","119","1","F","","analitica","","","PVP sales 4 (4253372,4436453,4497621,4568071); Storica Analitica visura per immobile - Catasto Fabbricati."
"visura-storica","FM","FALERONE","8","232","2","F","","analitica","","","PVP sales 4 (4253372,4436453,4497621,4568071); Storica Analitica visura per immobile - Catasto Fabbricati."
"visura-storica","FM","FALERONE","8","232","3","F","","analitica","","","PVP sales 4 (4253372,4436453,4497621,4568071); Storica Analitica visura per immobile - Catasto Fabbricati."
"visura-storica","FM","FALERONE","8","301","","F","","analitica","","","PVP sales 3 (4253372,4436453,4497621); Storica Analitica visura per immobile - Catasto Fabbricati."
"visura-storica","FM","FALERONE","8","301","","T","","analitica","","","PVP sales 4 (4253372,4436453,4497621,4568071); Storica Analitica visura per immobile - Catasto Terreni."
"visura-storica","FM","FALERONE","8","304","","F","","analitica","","","PVP sales 3 (4253372,4436453,4497621); Storica Analitica visura per immobile - Catasto Fabbricati."
"visura-storica","FM","FALERONE","8","304","","T","","analitica","","","PVP sales 4 (4253372,4436453,4497621,4568071); Storica Analitica visura per immobile - Catasto Terreni."
"visura-storica","FM","FALERONE","8","306","","F","","analitica","","","PVP sales 1 (4253372); Storica Analitica visura per immobile - Catasto Fabbricati."
"visura-storica","FM","FALERONE","8","306","","T","","analitica","","","PVP sales 2 (4253372,4568071); Storica Analitica visura per immobile - Catasto Terreni."
"visura-storica","FM","FERMO","10","206","7","F","","analitica","","","PVP sales 4 (4280109,4280189,4415886,4487342); Storica Analitica visura per immobile - Catasto Fabbricati."
"visura-storica","FM","FERMO","10","206","9","F","","analitica","","","PVP sales 4 (4280190,4415855,4485260,4539604); Storica Analitica visura per immobile - Catasto Fabbricati."
"visura-storica","FM","FERMO","10","314","","F","","analitica","","","PVP sales 2 (173966,336613); Storica Analitica visura per immobile - Catasto Fabbricati."
"visura-storica","FM","FERMO","10","314","5","F","","analitica","","","PVP sales 1 (575934); Storica Analitica visura per immobile - Catasto Fabbricati."
"visura-storica","FM","FERMO","101","102","","F","","analitica","","","PVP sales 3 (4411431,4484599,4547108); Storica Analitica visura per immobile - Catasto Fabbricati."
"visura-storica","FM","FERMO","101","102","","T","","analitica","","","PVP sales 3 (4411431,4484599,4547108); Storica Analitica visura per immobile - Catasto Terreni."
"visura-storica","FM","FERMO","101","189","1","F","","analitica","","","PVP sales 3 (4395775,4433654,4454396); Storica Analitica visura per immobile - Catasto Fabbricati."
"visura-storica","FM","FERMO","101","189","9","F","","analitica","","","PVP sales 3 (4395775,4433654,4454396); Storica Analitica visura per immobile - Catasto Fabbricati."
"visura-storica","FM","FERMO","101","284","","F","","analitica","","","PVP sales 2 (4411391,4484566); Storica Analitica visura per immobile - Catasto Fabbricati."
"visura-storica","FM","FERMO","101","284","","T","","analitica","","","PVP sales 2 (4411391,4484566); Storica Analitica visura per immobile - Catasto Terreni."
"visura-storica","FM","FERMO","101","371","","F","","analitica","","","PVP sales 2 (4411391,4484566); Storica Analitica visura per immobile - Catasto Fabbricati."
"visura-storica","FM","FERMO","101","371","","T","","analitica","","","PVP sales 2 (4411391,4484566); Storica Analitica visura per immobile - Catasto Terreni."
"visura-storica","FM","FERMO","101","40","","F","","analitica","","","PVP sales 2 (4411391,4484566); Storica Analitica visura per immobile - Catasto Fabbricati."
"visura-storica","FM","FERMO","101","40","","T","","analitica","","","PVP sales 2 (4411391,4484566); Storica Analitica visura per immobile - Catasto Terreni."
"visura-storica","FM","FERMO","101","43","","F","","analitica","","","PVP sales 2 (4411391,4484566); Storica Analitica visura per immobile - Catasto Fabbricati."
"visura-storica","FM","FERMO","101","43","","T","","analitica","","","PVP sales 2 (4411391,4484566); Storica Analitica visura per immobile - Catasto Terreni."
"visura-storica","FM","FERMO","103","148","","F","","analitica","","","PVP sales 2 (4443974,4501931); Storica Analitica visura per immobile - Catasto Fabbricati."
"visura-storica","FM","FERMO","103","148","","T","","analitica","","","PVP sales 3 (4443974,4501931,4551569); Storica Analitica visura per immobile - Catasto Terreni."
"visura-storica","FM","FERMO","103","151","","F","","analitica","","","PVP sales 2 (4443974,4501931); Storica Analitica visura per immobile - Catasto Fabbricati."
"visura-storica","FM","FERMO","103","151","","T","","analitica","","","PVP sales 3 (4443974,4501931,4551569); Storica Analitica visura per immobile - Catasto Terreni."
"visura-storica","FM","FERMO","103","231","","F","","analitica","","","PVP sales 2 (4443974,4501931); Storica Analitica visura per immobile - Catasto Fabbricati."
"visura-storica","FM","FERMO","103","231","","T","","analitica","","","PVP sales 3 (4443974,4501931,4551569); Storica Analitica visura per immobile - Catasto Terreni."
"visura-storica","FM","FERMO","103","232","","F","","analitica","","","PVP sales 2 (4443974,4501931); Storica Analitica visura per immobile - Catasto Fabbricati."
"visura-storica","FM","FERMO","103","232","","T","","analitica","","","PVP sales 3 (4443974,4501931,4551569); Storica Analitica visura per immobile - Catasto Terreni."
"visura-storica","FM","FERMO","103","233","","F","","analitica","","","PVP sales 2 (4443974,4501931); Storica Analitica visura per immobile - Catasto Fabbricati."
"visura-storica","FM","FERMO","103","233","","T","","analitica","","","PVP sales 3 (4443974,4501931,4551569); Storica Analitica visura per immobile - Catasto Terreni."
"visura-storica","FM","FERMO","103","443","","F","","analitica","","","PVP sales 2 (4443974,4501931); Storica Analitica visura per immobile - Catasto Fabbricati."
"visura-storica","FM","FERMO","103","443","","T","","analitica","","","PVP sales 3 (4443974,4501931,4551569); Storica Analitica visura per immobile - Catasto Terreni."
"visura-storica","FM","FERMO","103","445","","F","","analitica","","","PVP sales 2 (4443974,4501931); Storica Analitica visura per immobile - Catasto Fabbricati."
"visura-storica","FM","FERMO","103","445","","T","","analitica","","","PVP sales 3 (4443974,4501931,4551569); Storica Analitica visura per immobile - Catasto Terreni."
"visura-storica","FM","FERMO","103","488","","F","","analitica","","","PVP sales 2 (4443974,4501931); Storica Analitica visura per immobile - Catasto Fabbricati."
"visura-storica","FM","FERMO","103","488","","T","","analitica","","","PVP sales 3 (4443974,4501931,4551569); Storica Analitica visura per immobile - Catasto Terreni."
"visura-storica","FM","FERMO","109","257","","F","","analitica","","","PVP sales 1 (2112883); Storica Analitica visura per immobile - Catasto Fabbricati."
"visura-storica","FM","FERMO","109","257","","T","","analitica","","","PVP sales 1 (2112883); Storica Analitica visura per immobile - Catasto Terreni."
"visura-storica","FM","FERMO","109","283","4","F","","analitica","","","PVP sales 2 (2112883,2189274); Storica Analitica visura per immobile - Catasto Fabbricati."
"visura-storica","FM","FERMO","109","283","5","F","","analitica","","","PVP sales 2 (2112883,2189274); Storica Analitica visura per immobile - Catasto Fabbricati."
"visura-storica","FM","FERMO","109","389","","F","","analitica","","","PVP sales 4 (2155755,4267381,4439166,4439191); Storica Analitica visura per immobile - Catasto Fabbricati."
"visura-storica","FM","FERMO","109","389","","T","","analitica","","","PVP sales 4 (2155755,4267381,4439166,4439191); Storica Analitica visura per immobile - Catasto Terreni."
"visura-storica","FM","FERMO","11","366","","F","","analitica","","","PVP sales 1 (4518104); Storica Analitica visura per immobile - Catasto Fabbricati."
"visura-storica","FM","FERMO","115","137","","T","","analitica","","","PVP sales 1 (4449884); Storica Analitica visura per immobile - Catasto Terreni."
"visura-storica","FM","FERMO","115","139","","T","","analitica","","","PVP sales 1 (4449884); Storica Analitica visura per immobile - Catasto Terreni."
"visura-storica","FM","FERMO","115","154","2","F","","analitica","","","PVP sales 1 (4449884); Storica Analitica visura per immobile - Catasto Fabbricati."
"visura-storica","FM","FERMO","115","155","","T","","analitica","","","PVP sales 1 (4449884); Storica Analitica visura per immobile - Catasto Terreni."
"visura-storica","FM","FERMO","115","156","","T","","analitica","","","PVP sales 1 (4449884); Storica Analitica visura per immobile - Catasto Terreni."
"visura-storica","FM","FERMO","115","158","","T","","analitica","","","PVP sales 1 (4449884); Storica Analitica visura per immobile - Catasto Terreni."
"visura-storica","FM","FERMO","115","160","","T","","analitica","","","PVP sales 1 (4449884); Storica Analitica visura per immobile - Catasto Terreni."
"visura-storica","FM","FERMO","115","164","","T","","analitica","","","PVP sales 1 (4449884); Storica Analitica visura per immobile - Catasto Terreni."
"visura-storica","FM","FERMO","115","174","","T","","analitica","","","PVP sales 1 (4449884); Storica Analitica visura per immobile - Catasto Terreni."
"visura-storica","FM","FERMO","115","175","","T","","analitica","","","PVP sales 1 (4449884); Storica Analitica visura per immobile - Catasto Terreni."
"visura-storica","FM","FERMO","115","26","","T","","analitica","","","PVP sales 1 (4449884); Storica Analitica visura per immobile - Catasto Terreni."
"visura-storica","FM","FERMO","115","27","","T","","analitica","","","PVP sales 1 (4449884); Storica Analitica visura per immobile - Catasto Terreni."
"visura-storica","FM","FERMO","115","28","","T","","analitica","","","PVP sales 1 (4449884); Storica Analitica visura per immobile - Catasto Terreni."
"visura-storica","FM","FERMO","115","51","","T","","analitica","","","PVP sales 1 (4449884); Storica Analitica visura per immobile - Catasto Terreni."
"visura-storica","FM","FERMO","115","52","","T","","analitica","","","PVP sales 1 (4449884); Storica Analitica visura per immobile - Catasto Terreni."
"visura-storica","FM","FERMO","115","53","","T","","analitica","","","PVP sales 1 (4449884); Storica Analitica visura per immobile - Catasto Terreni."
"visura-storica","FM","FERMO","115","55","","T","","analitica","","","PVP sales 1 (4449884); Storica Analitica visura per immobile - Catasto Terreni."
"visura-storica","FM","FERMO","115","56","","T","","analitica","","","PVP sales 1 (4449884); Storica Analitica visura per immobile - Catasto Terreni."
"visura-storica","FM","FERMO","115","96","","T","","analitica","","","PVP sales 1 (4449884); Storica Analitica visura per immobile - Catasto Terreni."
"visura-storica","FM","FERMO","115","97","","T","","analitica","","","PVP sales 1 (4449884); Storica Analitica visura per immobile - Catasto Terreni."
"visura-storica","FM","FERMO","115","98","","T","","analitica","","","PVP sales 1 (4449884); Storica Analitica visura per immobile - Catasto Terreni."
"visura-storica","FM","FERMO","13","109","5","F","","analitica","","","PVP sales 1 (1782827); Storica Analitica visura per immobile - Catasto Fabbricati."
"visura-storica","FM","FERMO","13","170","11","F","","analitica","","","PVP sales 1 (4483001); Storica Analitica visura per immobile - Catasto Fabbricati."
"visura-storica","FM","FERMO","13","222","3","F","","analitica","","","PVP sales 1 (1850548); Storica Analitica visura per immobile - Catasto Fabbricati."
"visura-storica","FM","FERMO","13","251","38","F","","analitica","","","PVP sales 1 (4490510); Storica Analitica visura per immobile - Catasto Fabbricati."
"visura-storica","FM","FERMO","14","1467","14","F","","analitica","","","PVP sales 1 (4465982); Storica Analitica visura per immobile - Catasto Fabbricati."
"visura-storica","FM","FERMO","14","1469","","F","","analitica","","","PVP sales 2 (4446471,4446705); Storica Analitica visura per immobile - Catasto Fabbricati."
"visura-storica","FM","FERMO","14","1469","","T","","analitica","","","PVP sales 2 (4446471,4446705); Storica Analitica visura per immobile - Catasto Terreni."
"visura-storica","FM","FERMO","14","1470","","F","","analitica","","","PVP sales 2 (4446471,4446705); Storica Analitica visura per immobile - Catasto Fabbricati."
"visura-storica","FM","FERMO","14","1470","","T","","analitica","","","PVP sales 2 (4446471,4446705); Storica Analitica visura per immobile - Catasto Terreni."
"visura-storica","FM","FERMO","14","149","164","F","","analitica","","","PVP sales 1 (761722); Storica Analitica visura per immobile - Catasto Fabbricati."
"visura-storica","FM","FERMO","14","257","72","F","","analitica","","","PVP sales 1 (420161); Storica Analitica visura per immobile - Catasto Fabbricati."
"visura-storica","FM","FERMO","14","293","15","F","","analitica","","","PVP sales 1 (1584849); Storica Analitica visura per immobile - Catasto Fabbricati."
"visura-storica","FM","FERMO","14","293","7","F","","analitica","","","PVP sales 1 (1584849); Storica Analitica visura per immobile - Catasto Fabbricati."
"visura-storica","FM","FERMO","14","559","6","F","","analitica","","","PVP sales 3 (4433997,4490992,4535659); Storica Analitica visura per immobile - Catasto Fabbricati."
"visura-storica","FM","FERMO","14","559","7","F","","analitica","","","PVP sales 3 (4433997,4490992,4535659); Storica Analitica visura per immobile - Catasto Fabbricati."
"visura-storica","FM","FERMO","14","559","8","F","","analitica","","","PVP sales 3 (4433997,4490992,4535659); Storica Analitica visura per immobile - Catasto Fabbricati."
"visura-storica","FM","FERMO","14","581","2","F","","analitica","","","PVP sales 2 (4446471,4446705); Storica Analitica visura per immobile - Catasto Fabbricati."
"visura-storica","FM","FERMO","14","581","3","F","","analitica","","","PVP sales 2 (4446471,4446705); Storica Analitica visura per immobile - Catasto Fabbricati."
"visura-storica","FM","FERMO","16","50","4","F","","analitica","","","PVP sales 1 (335236); Storica Analitica visura per immobile - Catasto Fabbricati."
"visura-storica","FM","FERMO","17","19","3","F","","analitica","","","PVP sales 1 (766710); Storica Analitica visura per immobile - Catasto Fabbricati."
"visura-storica","FM","FERMO","18","208","","F","","analitica","","","PVP sales 6 (4239589,4239662,4451357,4451365,4518011 +1 more); Storica Analitica visura per immobile - Catasto Fabbricati."
"visura-storica","FM","FERMO","18","208","","T","","analitica","","","PVP sales 6 (4239589,4239662,4451357,4451365,4518011 +1 more); Storica Analitica visura per immobile - Catasto Terreni."
"visura-storica","FM","FERMO","2","163","2","F","","analitica","","","PVP sales 1 (2163431); Storica Analitica visura per immobile - Catasto Fabbricati."
"visura-storica","FM","FERMO","2","233","","F","","analitica","","","PVP sales 1 (4435749); Storica Analitica visura per immobile - Catasto Fabbricati."
"visura-storica","FM","FERMO","2","233","","T","","analitica","","","PVP sales 1 (4435749); Storica Analitica visura per immobile - Catasto Terreni."
"visura-storica","FM","FERMO","2","277","","F","","analitica","","","PVP sales 1 (4532133); Storica Analitica visura per immobile - Catasto Fabbricati."
"visura-storica","FM","FERMO","2","277","","T","","analitica","","","PVP sales 1 (4532133); Storica Analitica visura per immobile - Catasto Terreni."
"visura-storica","FM","FERMO","20","407","19","F","","analitica","","","PVP sales 1 (2043950); Storica Analitica visura per immobile - Catasto Fabbricati."
"visura-storica","FM","FERMO","22","254","","F","","analitica","","","PVP sales 1 (4530685); Storica Analitica visura per immobile - Catasto Fabbricati."
"visura-storica","FM","FERMO","22","254","","T","","analitica","","","PVP sales 1 (4530685); Storica Analitica visura per immobile - Catasto Terreni."
"visura-storica","FM","FERMO","23","127","7","F","","analitica","","","PVP sales 2 (4464010,4516256); Storica Analitica visura per immobile - Catasto Fabbricati."
"visura-storica","FM","FERMO","23","127","8","F","","analitica","","","PVP sales 2 (4464010,4516256); Storica Analitica visura per immobile - Catasto Fabbricati."
"visura-storica","FM","FERMO","24","21","10","F","","analitica","","","PVP sales 1 (4433934); Storica Analitica visura per immobile - Catasto Fabbricati."
"visura-storica","FM","FERMO","24","21","12","F","","analitica","","","PVP sales 1 (4433934); Storica Analitica visura per immobile - Catasto Fabbricati."
"visura-storica","FM","FERMO","24","21","13","F","","analitica","","","PVP sales 1 (4433934); Storica Analitica visura per immobile - Catasto Fabbricati."
"visura-storica","FM","FERMO","24","21","14","F","","analitica","","","PVP sales 1 (4433934); Storica Analitica visura per immobile - Catasto Fabbricati."
"visura-storica","FM","FERMO","24","21","8","F","","analitica","","","PVP sales 1 (4433934); Storica Analitica visura per immobile - Catasto Fabbricati."
"visura-storica","FM","FERMO","24","21","9","F","","analitica","","","PVP sales 1 (4433934); Storica Analitica visura per immobile - Catasto Fabbricati."
"visura-storica","FM","FERMO","29","157","","F","","analitica","","","PVP sales 3 (4515774,4515785,4515798); Storica Analitica visura per immobile - Catasto Fabbricati."
"visura-storica","FM","FERMO","29","379","20","F","","analitica","","","PVP sales 1 (4523572); Storica Analitica visura per immobile - Catasto Fabbricati."
"visura-storica","FM","FERMO","29","379","27","F","","analitica","","","PVP sales 1 (4523572); Storica Analitica visura per immobile - Catasto Fabbricati."
"visura-storica","FM","FERMO","3","220","3","F","","analitica","","","PVP sales 3 (2054279,2257814,4263911); Storica Analitica visura per immobile - Catasto Fabbricati."
"visura-storica","FM","FERMO","3","220","7","F","","analitica","","","PVP sales 3 (2054279,2257814,4263911); Storica Analitica visura per immobile - Catasto Fabbricati."
"visura-storica","FM","FERMO","3","288","","F","","analitica","","","PVP sales 3 (2054279,2257814,4263911); Storica Analitica visura per immobile - Catasto Fabbricati."
"visura-storica","FM","FERMO","3","288","","T","","analitica","","","PVP sales 3 (2054279,2257814,4263911); Storica Analitica visura per immobile - Catasto Terreni."
"visura-storica","FM","FERMO","3","326","","F","","analitica","","","PVP sales 1 (1737509); Storica Analitica visura per immobile - Catasto Fabbricati."
"visura-storica","FM","FERMO","3","326","","T","","analitica","","","PVP sales 1 (1737509); Storica Analitica visura per immobile - Catasto Terreni."
"visura-storica","FM","FERMO","3","328","","T","","analitica","","","PVP sales 1 (1737509); Storica Analitica visura per immobile - Catasto Terreni."
"visura-storica","FM","FERMO","3","336","","T","","analitica","","","PVP sales 1 (1737509); Storica Analitica visura per immobile - Catasto Terreni."
"visura-storica","FM","FERMO","3","339","","T","","analitica","","","PVP sales 1 (1737509); Storica Analitica visura per immobile - Catasto Terreni."
"visura-storica","FM","FERMO","3","340","","T","","analitica","","","PVP sales 1 (1737509); Storica Analitica visura per immobile - Catasto Terreni."
"visura-storica","FM","FERMO","3","437","","F","","analitica","","","PVP sales 1 (4400843); Storica Analitica visura per immobile - Catasto Fabbricati."
"visura-storica","FM","FERMO","3","437","","T","","analitica","","","PVP sales 1 (4400843); Storica Analitica visura per immobile - Catasto Terreni."
"visura-storica","FM","FERMO","3","82","23","F","","analitica","","","PVP sales 2 (2225058,2225085); Storica Analitica visura per immobile - Catasto Fabbricati."
"visura-storica","FM","FERMO","3","82","9","F","","analitica","","","PVP sales 2 (2225058,2225085); Storica Analitica visura per immobile - Catasto Fabbricati."
"visura-storica","FM","FERMO","3","99","","F","","analitica","","","PVP sales 3 (2054279,2257814,4263911); Storica Analitica visura per immobile - Catasto Fabbricati."
"visura-storica","FM","FERMO","3","99","","T","","analitica","","","PVP sales 3 (2054279,2257814,4263911); Storica Analitica visura per immobile - Catasto Terreni."
"visura-storica","FM","FERMO","31","112","","F","","analitica","","","PVP sales 2 (1968198,4491216); Storica Analitica visura per immobile - Catasto Fabbricati."
"visura-storica","FM","FERMO","31","112","","T","","analitica","","","PVP sales 2 (1968198,4491216); Storica Analitica visura per immobile - Catasto Terreni."
"visura-storica","FM","FERMO","31","133","","F","","analitica","","","PVP sales 2 (1968198,4491216); Storica Analitica visura per immobile - Catasto Fabbricati."
"visura-storica","FM","FERMO","31","133","","T","","analitica","","","PVP sales 2 (1968198,4491216); Storica Analitica visura per immobile - Catasto Terreni."
"visura-storica","FM","FERMO","31","15","","F","","analitica","","","PVP sales 2 (1968198,4491216); Storica Analitica visura per immobile - Catasto Fabbricati."
"visura-storica","FM","FERMO","31","15","","T","","analitica","","","PVP sales 2 (1968198,4491216); Storica Analitica visura per immobile - Catasto Terreni."
"visura-storica","FM","FERMO","31","17","","F","","analitica","","","PVP sales 2 (1968198,4491216); Storica Analitica visura per immobile - Catasto Fabbricati."
"visura-storica","FM","FERMO","31","17","","T","","analitica","","","PVP sales 2 (1968198,4491216); Storica Analitica visura per immobile - Catasto Terreni."
"visura-storica","FM","FERMO","31","20","","F","","analitica","","","PVP sales 2 (1968198,4491216); Storica Analitica visura per immobile - Catasto Fabbricati."
"visura-storica","FM","FERMO","31","20","","T","","analitica","","","PVP sales 2 (1968198,4491216); Storica Analitica visura per immobile - Catasto Terreni."
"visura-storica","FM","FERMO","31","46","","F","","analitica","","","PVP sales 2 (1968198,4491216); Storica Analitica visura per immobile - Catasto Fabbricati."
"visura-storica","FM","FERMO","31","46","","T","","analitica","","","PVP sales 2 (1968198,4491216); Storica Analitica visura per immobile - Catasto Terreni."
"visura-storica","FM","FERMO","31","54","","F","","analitica","","","PVP sales 2 (1968198,4491216); Storica Analitica visura per immobile - Catasto Fabbricati."
"visura-storica","FM","FERMO","31","54","","T","","analitica","","","PVP sales 2 (1968198,4491216); Storica Analitica visura per immobile - Catasto Terreni."
"visura-storica","FM","FERMO","31","55","","F","","analitica","","","PVP sales 2 (1968198,4491216); Storica Analitica visura per immobile - Catasto Fabbricati."
"visura-storica","FM","FERMO","31","55","","T","","analitica","","","PVP sales 2 (1968198,4491216); Storica Analitica visura per immobile - Catasto Terreni."
"visura-storica","FM","FERMO","31","83","","F","","analitica","","","PVP sales 2 (1968198,4491216); Storica Analitica visura per immobile - Catasto Fabbricati."
"visura-storica","FM","FERMO","31","83","","T","","analitica","","","PVP sales 2 (1968198,4491216); Storica Analitica visura per immobile - Catasto Terreni."
"visura-storica","FM","FERMO","31","9","","F","","analitica","","","PVP sales 2 (1968198,4491216); Storica Analitica visura per immobile - Catasto Fabbricati."
"visura-storica","FM","FERMO","31","9","","T","","analitica","","","PVP sales 2 (1968198,4491216); Storica Analitica visura per immobile - Catasto Terreni."
"visura-storica","FM","FERMO","31","90","","F","","analitica","","","PVP sales 2 (1968198,4491216); Storica Analitica visura per immobile - Catasto Fabbricati."
"visura-storica","FM","FERMO","31","90","","T","","analitica","","","PVP sales 2 (1968198,4491216); Storica Analitica visura per immobile - Catasto Terreni."
"visura-storica","FM","FERMO","31","91","","F","","analitica","","","PVP sales 2 (1968198,4491216); Storica Analitica visura per immobile - Catasto Fabbricati."
"visura-storica","FM","FERMO","31","91","","T","","analitica","","","PVP sales 2 (1968198,4491216); Storica Analitica visura per immobile - Catasto Terreni."
"visura-storica","FM","FERMO","31","92","","F","","analitica","","","PVP sales 2 (1968198,4491216); Storica Analitica visura per immobile - Catasto Fabbricati."
"visura-storica","FM","FERMO","31","92","","T","","analitica","","","PVP sales 2 (1968198,4491216); Storica Analitica visura per immobile - Catasto Terreni."
"visura-storica","FM","FERMO","31","93","","F","","analitica","","","PVP sales 2 (1968198,4491216); Storica Analitica visura per immobile - Catasto Fabbricati."
"visura-storica","FM","FERMO","31","93","","T","","analitica","","","PVP sales 2 (1968198,4491216); Storica Analitica visura per immobile - Catasto Terreni."
"visura-storica","FM","FERMO","33","108","1","F","","analitica","","","PVP sales 1 (2167428); Storica Analitica visura per immobile - Catasto Fabbricati."
"visura-storica","FM","FERMO","33","108","2","F","","analitica","","","PVP sales 2 (2167428,2167472); Storica Analitica visura per immobile - Catasto Fabbricati."
"visura-storica","FM","FERMO","33","116","","F","","analitica","","","PVP sales 3 (449804,837864,1946241); Storica Analitica visura per immobile - Catasto Fabbricati."
"visura-storica","FM","FERMO","33","116","","T","","analitica","","","PVP sales 3 (449804,837864,1946241); Storica Analitica visura per immobile - Catasto Terreni."
"visura-storica","FM","FERMO","36","128","","F","","analitica","","","PVP sales 1 (2006997); Storica Analitica visura per immobile - Catasto Fabbricati."
"visura-storica","FM","FERMO","36","128","","T","","analitica","","","PVP sales 1 (2006997); Storica Analitica visura per immobile - Catasto Terreni."
"visura-storica","FM","FERMO","36","273","3","F","","analitica","","","PVP sales 1 (2006997); Storica Analitica visura per immobile - Catasto Fabbricati."
"visura-storica","FM","FERMO","36","273","4","F","","analitica","","","PVP sales 1 (2006997); Storica Analitica visura per immobile - Catasto Fabbricati."
"visura-storica","FM","FERMO","36","273","7","F","","analitica","","","PVP sales 1 (2006997); Storica Analitica visura per immobile - Catasto Fabbricati."
"visura-storica","FM","FERMO","36","273","8","F","","analitica","","","PVP sales 1 (2006997); Storica Analitica visura per immobile - Catasto Fabbricati."
"visura-storica","FM","FERMO","36","318","","F","","analitica","","","PVP sales 1 (2006997); Storica Analitica visura per immobile - Catasto Fabbricati."
"visura-storica","FM","FERMO","36","318","","T","","analitica","","","PVP sales 1 (2006997); Storica Analitica visura per immobile - Catasto Terreni."
"visura-storica","FM","FERMO","38","135","","F","","analitica","","","PVP sales 1 (4316938); Storica Analitica visura per immobile - Catasto Fabbricati."
"visura-storica","FM","FERMO","38","135","","T","","analitica","","","PVP sales 1 (4316938); Storica Analitica visura per immobile - Catasto Terreni."
"visura-storica","FM","FERMO","38","135","1","F","","analitica","","","PVP sales 2 (4444655,4495907); Storica Analitica visura per immobile - Catasto Fabbricati."
"visura-storica","FM","FERMO","38","135","5","F","","analitica","","","PVP sales 1 (4444655); Storica Analitica visura per immobile - Catasto Fabbricati."
"visura-storica","FM","FERMO","38","35","","F","","analitica","","","PVP sales 1 (4316938); Storica Analitica visura per immobile - Catasto Fabbricati."
"visura-storica","FM","FERMO","38","35","","T","","analitica","","","PVP sales 1 (4316938); Storica Analitica visura per immobile - Catasto Terreni."
"visura-storica","FM","FERMO","38","35","5","F","","analitica","","","PVP sales 1 (4495907); Storica Analitica visura per immobile - Catasto Fabbricati."
"visura-storica","FM","FERMO","38","501","","F","","analitica","","","PVP sales 1 (833392); Storica Analitica visura per immobile - Catasto Fabbricati."
"visura-storica","FM","FERMO","38","501","","T","","analitica","","","PVP sales 1 (833392); Storica Analitica visura per immobile - Catasto Terreni."
"visura-storica","FM","FERMO","38","501","2","F","","analitica","","","PVP sales 1 (425468); Storica Analitica visura per immobile - Catasto Fabbricati."
"visura-storica","FM","FERMO","38","501","4","F","","analitica","","","PVP sales 1 (425468); Storica Analitica visura per immobile - Catasto Fabbricati."
"visura-storica","FM","FERMO","38","501","5","F","","analitica","","","PVP sales 1 (425468); Storica Analitica visura per immobile - Catasto Fabbricati."
"visura-storica","FM","FERMO","38","503","","F","","analitica","","","PVP sales 1 (833392); Storica Analitica visura per immobile - Catasto Fabbricati."
"visura-storica","FM","FERMO","38","503","","T","","analitica","","","PVP sales 1 (833392); Storica Analitica visura per immobile - Catasto Terreni."
"visura-storica","FM","FERMO","38","591","15","F","","analitica","","","PVP sales 1 (4229025); Storica Analitica visura per immobile - Catasto Fabbricati."
"visura-storica","FM","FERMO","38","591","6","F","","analitica","","","PVP sales 1 (4229025); Storica Analitica visura per immobile - Catasto Fabbricati."
"visura-storica","FM","FERMO","39","9","","F","","analitica","","","PVP sales 2 (1857170,4376421); Storica Analitica visura per immobile - Catasto Fabbricati."
"visura-storica","FM","FERMO","39","9","","T","","analitica","","","PVP sales 2 (1857170,4376421); Storica Analitica visura per immobile - Catasto Terreni."
"visura-storica","FM","FERMO","39","9","179","F","","analitica","","","PVP sales 3 (4256091,4441145,4486152); Storica Analitica visura per immobile - Catasto Fabbricati."
"visura-storica","FM","FERMO","39","9","18","F","","analitica","","","PVP sales 1 (1941408); Storica Analitica visura per immobile - Catasto Fabbricati."
"visura-storica","FM","FERMO","39","9","180","F","","analitica","","","PVP sales 4 (4256091,4376421,4441145,4486152); Storica Analitica visura per immobile - Catasto Fabbricati."
"visura-storica","FM","FERMO","39","9","59","F","","analitica","","","PVP sales 2 (878303,991070); Storica Analitica visura per immobile - Catasto Fabbricati."
"visura-storica","FM","FERMO","4","10","","F","","analitica","","","PVP sales 1 (2062020); Storica Analitica visura per immobile - Catasto Fabbricati."
"visura-storica","FM","FERMO","4","10","120","F","","analitica","","","PVP sales 2 (2119238,2119239); Storica Analitica visura per immobile - Catasto Fabbricati."
"visura-storica","FM","FERMO","4","10","125","F","","analitica","","","PVP sales 1 (4238358); Storica Analitica visura per immobile - Catasto Fabbricati."
"visura-storica","FM","FERMO","4","10","161","F","","analitica","","","PVP sales 1 (4215475); Storica Analitica visura per immobile - Catasto Fabbricati."
"visura-storica","FM","FERMO","4","10","55","F","","analitica","","","PVP sales 1 (4216015); Storica Analitica visura per immobile - Catasto Fabbricati."
"visura-storica","FM","FERMO","4","216","26","F","","analitica","","","PVP sales 1 (4233294); Storica Analitica visura per immobile - Catasto Fabbricati."
"visura-storica","FM","FERMO","4","286","132","F","","analitica","","","PVP sales 1 (1885358); Storica Analitica visura per immobile - Catasto Fabbricati."
"visura-storica","FM","FERMO","4","286","30","F","","analitica","","","PVP sales 1 (4505958); Storica Analitica visura per immobile - Catasto Fabbricati."
"visura-storica","FM","FERMO","4","286","32","F","","analitica","","","PVP sales 1 (1773585); Storica Analitica visura per immobile - Catasto Fabbricati."
"visura-storica","FM","FERMO","4","286","44","F","","analitica","","","PVP sales 2 (1415661,1415688); Storica Analitica visura per immobile - Catasto Fabbricati."
"visura-storica","FM","FERMO","4","287","21","F","","analitica","","","PVP sales 1 (947935); Storica Analitica visura per immobile - Catasto Fabbricati."
"visura-storica","FM","FERMO","4","287","23","F","","analitica","","","PVP sales 1 (2172688); Storica Analitica visura per immobile - Catasto Fabbricati."
"visura-storica","FM","FERMO","4","295","7","F","","analitica","","","PVP sales 2 (2058052,2058063); Storica Analitica visura per immobile - Catasto Fabbricati."
"visura-storica","FM","FERMO","4","300","","F","","analitica","","","PVP sales 1 (4255701); Storica Analitica visura per immobile - Catasto Fabbricati."
"visura-storica","FM","FERMO","4","300","","T","","analitica","","","PVP sales 1 (4255701); Storica Analitica visura per immobile - Catasto Terreni."
"visura-storica","FM","FERMO","4","330","36","F","","analitica","","","PVP sales 1 (4484383); Storica Analitica visura per immobile - Catasto Fabbricati."
"visura-storica","FM","FERMO","4","332","45","F","","analitica","","","PVP sales 1 (2076750); Storica Analitica visura per immobile - Catasto Fabbricati."
"visura-storica","FM","FERMO","4","364","136","F","","analitica","","","PVP sales 1 (4474502); Storica Analitica visura per immobile - Catasto Fabbricati."
"visura-storica","FM","FERMO","4","364","26","F","","analitica","","","PVP sales 1 (1930463); Storica Analitica visura per immobile - Catasto Fabbricati."
"visura-storica","FM","FERMO","4","364","79","F","","analitica","","","PVP sales 2 (800276,941171); Storica Analitica visura per immobile - Catasto Fabbricati."
"visura-storica","FM","FERMO","4","365","147","F","","analitica","","","PVP sales 2 (4487366,4487367); Storica Analitica visura per immobile - Catasto Fabbricati."
"visura-storica","FM","FERMO","4","365","155","F","","analitica","","","PVP sales 1 (1554601); Storica Analitica visura per immobile - Catasto Fabbricati."
"visura-storica","FM","FERMO","4","365","178","F","","analitica","","","PVP sales 2 (4431891,4494664); Storica Analitica visura per immobile - Catasto Fabbricati."
"visura-storica","FM","FERMO","4","365","93","F","","analitica","","","PVP sales 2 (2048718,2049656); Storica Analitica visura per immobile - Catasto Fabbricati."
"visura-storica","FM","FERMO","4","365","99","F","","analitica","","","PVP sales 1 (4493968); Storica Analitica visura per immobile - Catasto Fabbricati."
"visura-storica","FM","FERMO","4","375","16","F","","analitica","","","PVP sales 2 (2009559,2009585); Storica Analitica visura per immobile - Catasto Fabbricati."
"visura-storica","FM","FERMO","4","375","75","F","","analitica","","","PVP sales 3 (2037451,2037481,2112317); Storica Analitica visura per immobile - Catasto Fabbricati."
"visura-storica","FM","FERMO","4","392","","F","","analitica","","","PVP sales 1 (2207117); Storica Analitica visura per immobile - Catasto Fabbricati."
"visura-storica","FM","FERMO","4","392","","T","","analitica","","","PVP sales 1 (2207117); Storica Analitica visura per immobile - Catasto Terreni."
"visura-storica","FM","FERMO","4","402","","F","","analitica","","","PVP sales 1 (1689630); Storica Analitica visura per immobile - Catasto Fabbricati."
"visura-storica","FM","FERMO","4","402","","T","","analitica","","","PVP sales 1 (1689630); Storica Analitica visura per immobile - Catasto Terreni."
"visura-storica","FM","FERMO","4","576","","F","","analitica","","","PVP sales 7 (245742,247147,308401,309576,463575 +2 more); Storica Analitica visura per immobile - Catasto Fabbricati."
"visura-storica","FM","FERMO","4","576","","T","","analitica","","","PVP sales 7 (245742,247147,308401,309576,463575 +2 more); Storica Analitica visura per immobile - Catasto Terreni."
"visura-storica","FM","FERMO","4","589","20","F","","analitica","","","PVP sales 1 (1656476); Storica Analitica visura per immobile - Catasto Fabbricati."
"visura-storica","FM","FERMO","4","639","8","F","","analitica","","","PVP sales 1 (2249699); Storica Analitica visura per immobile - Catasto Fabbricati."
"visura-storica","FM","FERMO","4","797","7","F","","analitica","","","PVP sales 1 (4341489); Storica Analitica visura per immobile - Catasto Fabbricati."
"visura-storica","FM","FERMO","40","392","","F","","analitica","","","PVP sales 1 (2207117); Storica Analitica visura per immobile - Catasto Fabbricati."
"visura-storica","FM","FERMO","40","392","","T","","analitica","","","PVP sales 1 (2207117); Storica Analitica visura per immobile - Catasto Terreni."
"visura-storica","FM","FERMO","40","392","11","F","","analitica","","","PVP sales 1 (4266898); Storica Analitica visura per immobile - Catasto Fabbricati."
"visura-storica","FM","FERMO","40","392","12","F","","analitica","","","PVP sales 1 (4266898); Storica Analitica visura per immobile - Catasto Fabbricati."
"visura-storica","FM","FERMO","40","392","13","F","","analitica","","","PVP sales 1 (4266898); Storica Analitica visura per immobile - Catasto Fabbricati."
"visura-storica","FM","FERMO","40","392","14","F","","analitica","","","PVP sales 1 (4266898); Storica Analitica visura per immobile - Catasto Fabbricati."
"visura-storica","FM","FERMO","40","392","15","F","","analitica","","","PVP sales 1 (4266898); Storica Analitica visura per immobile - Catasto Fabbricati."
"visura-storica","FM","FERMO","40","392","16","F","","analitica","","","PVP sales 1 (4266898); Storica Analitica visura per immobile - Catasto Fabbricati."
"visura-storica","FM","FERMO","40","392","6","F","","analitica","","","PVP sales 1 (4266898); Storica Analitica visura per immobile - Catasto Fabbricati."
"visura-storica","FM","FERMO","40","392","8","F","","analitica","","","PVP sales 1 (4266898); Storica Analitica visura per immobile - Catasto Fabbricati."
"visura-storica","FM","FERMO","40","392","9","F","","analitica","","","PVP sales 1 (4266898); Storica Analitica visura per immobile - Catasto Fabbricati."
"visura-storica","FM","FERMO","42","196","14","F","","analitica","","","PVP sales 1 (4209811); Storica Analitica visura per immobile - Catasto Fabbricati."
"visura-storica","FM","FERMO","42","196","15","F","","analitica","","","PVP sales 1 (4209811); Storica Analitica visura per immobile - Catasto Fabbricati."
"visura-storica","FM","FERMO","42","525","25","F","","analitica","","","PVP sales 2 (4250241,4250314); Storica Analitica visura per immobile - Catasto Fabbricati."
"visura-storica","FM","FERMO","42","525","47","F","","analitica","","","PVP sales 2 (4250241,4250314); Storica Analitica visura per immobile - Catasto Fabbricati."
"visura-storica","FM","FERMO","43","477","10","F","","analitica","","","PVP sales 1 (4415764); Storica Analitica visura per immobile - Catasto Fabbricati."
"visura-storica","FM","FERMO","43","477","11","F","","analitica","","","PVP sales 1 (4415764); Storica Analitica visura per immobile - Catasto Fabbricati."
"visura-storica","FM","FERMO","43","477","9","F","","analitica","","","PVP sales 1 (4415764); Storica Analitica visura per immobile - Catasto Fabbricati."
"visura-storica","FM","FERMO","44","233","7","F","","analitica","","","PVP sales 2 (4320521,4415532); Storica Analitica visura per immobile - Catasto Fabbricati."
"visura-storica","FM","FERMO","44","797","10","F","","analitica","","","PVP sales 4 (4256000,4341489,4445024,4488973); Storica Analitica visura per immobile - Catasto Fabbricati."
"visura-storica","FM","FERMO","44","797","11","F","","analitica","","","PVP sales 4 (4256000,4341489,4445024,4488973); Storica Analitica visura per immobile - Catasto Fabbricati."
"visura-storica","FM","FERMO","44","797","12","F","","analitica","","","PVP sales 4 (4256000,4341489,4445024,4488973); Storica Analitica visura per immobile - Catasto Fabbricati."
"visura-storica","FM","FERMO","44","797","13","F","","analitica","","","PVP sales 4 (4256000,4341489,4445024,4488973); Storica Analitica visura per immobile - Catasto Fabbricati."
"visura-storica","FM","FERMO","44","797","14","F","","analitica","","","PVP sales 4 (4256000,4341489,4445024,4488973); Storica Analitica visura per immobile - Catasto Fabbricati."
"visura-storica","FM","FERMO","44","797","15","F","","analitica","","","PVP sales 4 (4256000,4341489,4445024,4488973); Storica Analitica visura per immobile - Catasto Fabbricati."
"visura-storica","FM","FERMO","44","797","16","F","","analitica","","","PVP sales 4 (4256000,4341489,4445024,4488973); Storica Analitica visura per immobile - Catasto Fabbricati."
"visura-storica","FM","FERMO","44","797","17","F","","analitica","","","PVP sales 4 (4256000,4341489,4445024,4488973); Storica Analitica visura per immobile - Catasto Fabbricati."
"visura-storica","FM","FERMO","44","797","18","F","","analitica","","","PVP sales 4 (4256000,4341489,4445024,4488973); Storica Analitica visura per immobile - Catasto Fabbricati."
"visura-storica","FM","FERMO","44","797","19","F","","analitica","","","PVP sales 4 (4256000,4341489,4445024,4488973); Storica Analitica visura per immobile - Catasto Fabbricati."
"visura-storica","FM","FERMO","44","797","20","F","","analitica","","","PVP sales 4 (4256000,4341489,4445024,4488973); Storica Analitica visura per immobile - Catasto Fabbricati."
"visura-storica","FM","FERMO","44","797","21","F","","analitica","","","PVP sales 4 (4256000,4341489,4445024,4488973); Storica Analitica visura per immobile - Catasto Fabbricati."
"visura-storica","FM","FERMO","44","797","4","F","","analitica","","","PVP sales 4 (4256000,4341489,4445024,4488973); Storica Analitica visura per immobile - Catasto Fabbricati."
"visura-storica","FM","FERMO","44","797","5","F","","analitica","","","PVP sales 4 (4256000,4341489,4445024,4488973); Storica Analitica visura per immobile - Catasto Fabbricati."
"visura-storica","FM","FERMO","44","797","6","F","","analitica","","","PVP sales 4 (4256000,4341489,4445024,4488973); Storica Analitica visura per immobile - Catasto Fabbricati."
"visura-storica","FM","FERMO","44","797","7","F","","analitica","","","PVP sales 3 (4256000,4445024,4488973); Storica Analitica visura per immobile - Catasto Fabbricati."
"visura-storica","FM","FERMO","44","797","8","F","","analitica","","","PVP sales 4 (4256000,4341489,4445024,4488973); Storica Analitica visura per immobile - Catasto Fabbricati."
"visura-storica","FM","FERMO","44","797","9","F","","analitica","","","PVP sales 4 (4256000,4341489,4445024,4488973); Storica Analitica visura per immobile - Catasto Fabbricati."
"visura-storica","FM","FERMO","45","1017","","F","","analitica","","","PVP sales 3 (1989371,2046470,2144234); Storica Analitica visura per immobile - Catasto Fabbricati."
"visura-storica","FM","FERMO","45","1017","","T","","analitica","","","PVP sales 3 (1989371,2046470,2144234); Storica Analitica visura per immobile - Catasto Terreni."
"visura-storica","FM","FERMO","45","169","8","F","","analitica","","","PVP sales 2 (4444556,4527662); Storica Analitica visura per immobile - Catasto Fabbricati."
"visura-storica","FM","FERMO","45","169","9","F","","analitica","","","PVP sales 2 (4444450,4527220); Storica Analitica visura per immobile - Catasto Fabbricati."
"visura-storica","FM","FERMO","45","236","10","F","","analitica","","","PVP sales 1 (1539888); Storica Analitica visura per immobile - Catasto Fabbricati."
"visura-storica","FM","FERMO","45","256","6","F","","analitica","","","PVP sales 2 (4431896,4493966); Storica Analitica visura per immobile - Catasto Fabbricati."
"visura-storica","FM","FERMO","45","436","41","F","","analitica","","","PVP sales 1 (4281336); Storica Analitica visura per immobile - Catasto Fabbricati."
"visura-storica","FM","FERMO","45","46","2","F","","analitica","","","PVP sales 4 (1989371,1989472,2046470,2144234); Storica Analitica visura per immobile - Catasto Fabbricati."
"visura-storica","FM","FERMO","45","46","3","F","","analitica","","","PVP sales 4 (1989371,1989472,2046470,2144234); Storica Analitica visura per immobile - Catasto Fabbricati."
"visura-storica","FM","FERMO","45","521","","T","","analitica","","","PVP sales 3 (2119111,2119114,2192408); Storica Analitica visura per immobile - Catasto Terreni."
"visura-storica","FM","FERMO","45","855","5","F","","analitica","","","PVP sales 1 (4415460); Storica Analitica visura per immobile - Catasto Fabbricati."
"visura-storica","FM","FERMO","45","855","9","F","","analitica","","","PVP sales 1 (4415460); Storica Analitica visura per immobile - Catasto Fabbricati."
"visura-storica","FM","FERMO","45","986","2","F","","analitica","","","PVP sales 3 (2119111,2119114,2192408); Storica Analitica visura per immobile - Catasto Fabbricati."
"visura-storica","FM","FERMO","45","986","4","F","","analitica","","","PVP sales 2 (2119111,2119114); Storica Analitica visura per immobile - Catasto Fabbricati."
"visura-storica","FM","FERMO","46","405","2","F","","analitica","","","PVP sales 2 (4477040,4477088); Storica Analitica visura per immobile - Catasto Fabbricati."
"visura-storica","FM","FERMO","46","765","","F","","analitica","","","PVP sales 1 (4446335); Storica Analitica visura per immobile - Catasto Fabbricati."
"visura-storica","FM","FERMO","46","765","","T","","analitica","","","PVP sales 4 (2119242,2123990,2219418,4335684); Storica Analitica visura per immobile - Catasto Terreni."
"visura-storica","FM","FERMO","47","115","4","F","","analitica","","","PVP sales 2 (4454871,4521385); Storica Analitica visura per immobile - Catasto Fabbricati."
"visura-storica","FM","FERMO","47","115","5","F","","analitica","","","PVP sales 1 (4454936); Storica Analitica visura per immobile - Catasto Fabbricati."
"visura-storica","FM","FERMO","48","182","","F","","analitica","","","PVP sales 2 (4498249,4539608); Storica Analitica visura per immobile - Catasto Fabbricati."
"visura-storica","FM","FERMO","48","182","","T","","analitica","","","PVP sales 2 (4498249,4539608); Storica Analitica visura per immobile - Catasto Terreni."
"visura-storica","FM","FERMO","48","186","","F","","analitica","","","PVP sales 2 (4498249,4539608); Storica Analitica visura per immobile - Catasto Fabbricati."
"visura-storica","FM","FERMO","48","186","","T","","analitica","","","PVP sales 2 (4498249,4539608); Storica Analitica visura per immobile - Catasto Terreni."
"visura-storica","FM","FERMO","48","187","","F","","analitica","","","PVP sales 2 (4498249,4539608); Storica Analitica visura per immobile - Catasto Fabbricati."
"visura-storica","FM","FERMO","48","187","","T","","analitica","","","PVP sales 2 (4498249,4539608); Storica Analitica visura per immobile - Catasto Terreni."
"visura-storica","FM","FERMO","48","189","","F","","analitica","","","PVP sales 2 (4498249,4539608); Storica Analitica visura per immobile - Catasto Fabbricati."
"visura-storica","FM","FERMO","48","189","","T","","analitica","","","PVP sales 2 (4498249,4539608); Storica Analitica visura per immobile - Catasto Terreni."
"visura-storica","FM","FERMO","48","45","","F","","analitica","","","PVP sales 2 (4498249,4539608); Storica Analitica visura per immobile - Catasto Fabbricati."
"visura-storica","FM","FERMO","48","45","","T","","analitica","","","PVP sales 2 (4498249,4539608); Storica Analitica visura per immobile - Catasto Terreni."
"visura-storica","FM","FERMO","5","267","","F","","analitica","","","PVP sales 1 (2187653); Storica Analitica visura per immobile - Catasto Fabbricati."
"visura-storica","FM","FERMO","5","267","","T","","analitica","","","PVP sales 1 (2187653); Storica Analitica visura per immobile - Catasto Terreni."
"visura-storica","FM","FERMO","53","140","","F","","analitica","","","PVP sales 3 (2107489,2107595,2107618); Storica Analitica visura per immobile - Catasto Fabbricati."
"visura-storica","FM","FERMO","53","140","","T","","analitica","","","PVP sales 3 (2107489,2107595,2107618); Storica Analitica visura per immobile - Catasto Terreni."
"visura-storica","FM","FERMO","53","183","","F","","analitica","","","PVP sales 3 (2107489,2107595,2107618); Storica Analitica visura per immobile - Catasto Fabbricati."
"visura-storica","FM","FERMO","53","183","","T","","analitica","","","PVP sales 3 (2107489,2107595,2107618); Storica Analitica visura per immobile - Catasto Terreni."
"visura-storica","FM","FERMO","53","187","","F","","analitica","","","PVP sales 3 (2107489,2107595,2107618); Storica Analitica visura per immobile - Catasto Fabbricati."
"visura-storica","FM","FERMO","53","187","","T","","analitica","","","PVP sales 3 (2107489,2107595,2107618); Storica Analitica visura per immobile - Catasto Terreni."
"visura-storica","FM","FERMO","53","91","","F","","analitica","","","PVP sales 1 (2024737); Storica Analitica visura per immobile - Catasto Fabbricati."
"visura-storica","FM","FERMO","53","91","","T","","analitica","","","PVP sales 1 (2024737); Storica Analitica visura per immobile - Catasto Terreni."
"visura-storica","FM","FERMO","53","92","","F","","analitica","","","PVP sales 1 (2024737); Storica Analitica visura per immobile - Catasto Fabbricati."
"visura-storica","FM","FERMO","53","92","","T","","analitica","","","PVP sales 1 (2024737); Storica Analitica visura per immobile - Catasto Terreni."
"visura-storica","FM","FERMO","54","2","","F","","analitica","","","PVP sales 1 (397532); Storica Analitica visura per immobile - Catasto Fabbricati."
"visura-storica","FM","FERMO","54","2","","T","","analitica","","","PVP sales 1 (397532); Storica Analitica visura per immobile - Catasto Terreni."
"visura-storica","FM","FERMO","54","2","5","F","","analitica","","","PVP sales 4 (556217,556230,745183,922773); Storica Analitica visura per immobile - Catasto Fabbricati."
"visura-storica","FM","FERMO","54","2","9","F","","analitica","","","PVP sales 4 (556217,556230,745183,922773); Storica Analitica visura per immobile - Catasto Fabbricati."
"visura-storica","FM","FERMO","59","1009","2","F","","analitica","","","PVP sales 1 (4466003); Storica Analitica visura per immobile - Catasto Fabbricati."
"visura-storica","FM","FERMO","59","1009","21","F","","analitica","","","PVP sales 1 (4465974); Storica Analitica visura per immobile - Catasto Fabbricati."
"visura-storica","FM","FERMO","59","1009","22","F","","analitica","","","PVP sales 1 (4465974); Storica Analitica visura per immobile - Catasto Fabbricati."
"visura-storica","FM","FERMO","59","1009","23","F","","analitica","","","PVP sales 1 (4465974); Storica Analitica visura per immobile - Catasto Fabbricati."
"visura-storica","FM","FERMO","59","1109","11","F","","analitica","","","PVP sales 1 (4465974); Storica Analitica visura per immobile - Catasto Fabbricati."
"visura-storica","FM","FERMO","59","158","","F","","analitica","","","PVP sales 1 (832356); Storica Analitica visura per immobile - Catasto Fabbricati."
"visura-storica","FM","FERMO","59","158","","T","","analitica","","","PVP sales 1 (832356); Storica Analitica visura per immobile - Catasto Terreni."
"visura-storica","FM","FERMO","59","209","","F","","analitica","","","PVP sales 2 (4457247,4518253); Storica Analitica visura per immobile - Catasto Fabbricati."
"visura-storica","FM","FERMO","59","209","","T","","analitica","","","PVP sales 2 (4457247,4518253); Storica Analitica visura per immobile - Catasto Terreni."
"visura-storica","FM","FERMO","59","365","16","F","","analitica","","","PVP sales 2 (4306729,4380650); Storica Analitica visura per immobile - Catasto Fabbricati."
"visura-storica","FM","FERMO","59","365","17","F","","analitica","","","PVP sales 2 (4306729,4380650); Storica Analitica visura per immobile - Catasto Fabbricati."
"visura-storica","FM","FERMO","59","365","9","F","","analitica","","","PVP sales 2 (4306729,4380650); Storica Analitica visura per immobile - Catasto Fabbricati."
"visura-storica","FM","FERMO","59","390","8","F","","analitica","","","PVP sales 3 (704879,710541,1868957); Storica Analitica visura per immobile - Catasto Fabbricati."
"visura-storica","FM","FERMO","59","403","11","F","","analitica","","","PVP sales 1 (4560080); Storica Analitica visura per immobile - Catasto Fabbricati."
"visura-storica","FM","FERMO","59","403","22","F","","analitica","","","PVP sales 1 (4560080); Storica Analitica visura per immobile - Catasto Fabbricati."
"visura-storica","FM","FERMO","59","977","","F","","analitica","","","PVP sales 2 (4457247,4518253); Storica Analitica visura per immobile - Catasto Fabbricati."
"visura-storica","FM","FERMO","59","977","","T","","analitica","","","PVP sales 2 (4457247,4518253); Storica Analitica visura per immobile - Catasto Terreni."
"visura-storica","FM","FERMO","61","117","","F","","analitica","","","PVP sales 1 (4486705); Storica Analitica visura per immobile - Catasto Fabbricati."
"visura-storica","FM","FERMO","61","117","","T","","analitica","","","PVP sales 1 (4486705); Storica Analitica visura per immobile - Catasto Terreni."
"visura-storica","FM","FERMO","61","369","","F","","analitica","","","PVP sales 3 (2144314,4280031,4456865); Storica Analitica visura per immobile - Catasto Fabbricati."
"visura-storica","FM","FERMO","61","7","","F","","analitica","","","PVP sales 1 (4456865); Storica Analitica visura per immobile - Catasto Fabbricati."
"visura-storica","FM","FERMO","62","295","","F","","analitica","","","PVP sales 1 (574247); Storica Analitica visura per immobile - Catasto Fabbricati."
"visura-storica","FM","FERMO","62","295","","T","","analitica","","","PVP sales 1 (574247); Storica Analitica visura per immobile - Catasto Terreni."
"visura-storica","FM","FERMO","62","296","","F","","analitica","","","PVP sales 2 (574247,810555); Storica Analitica visura per immobile - Catasto Fabbricati."
"visura-storica","FM","FERMO","62","296","","T","","analitica","","","PVP sales 2 (574247,810555); Storica Analitica visura per immobile - Catasto Terreni."
"visura-storica","FM","FERMO","63","147","1","F","","analitica","","","PVP sales 1 (4414447); Storica Analitica visura per immobile - Catasto Fabbricati."
"visura-storica","FM","FERMO","63","279","11","F","","analitica","","","PVP sales 1 (1543171); Storica Analitica visura per immobile - Catasto Fabbricati."
"visura-storica","FM","FERMO","63","279","8","F","","analitica","","","PVP sales 1 (1543171); Storica Analitica visura per immobile - Catasto Fabbricati."
"visura-storica","FM","FERMO","63","959","34","F","","analitica","","","PVP sales 1 (2014533); Storica Analitica visura per immobile - Catasto Fabbricati."
"visura-storica","FM","FERMO","63","959","53","F","","analitica","","","PVP sales 1 (2014533); Storica Analitica visura per immobile - Catasto Fabbricati."
"visura-storica","FM","FERMO","63","959","73","F","","analitica","","","PVP sales 1 (2014533); Storica Analitica visura per immobile - Catasto Fabbricati."
"visura-storica","FM","FERMO","63","960","10","F","","analitica","","","PVP sales 1 (2194611); Storica Analitica visura per immobile - Catasto Fabbricati."
"visura-storica","FM","FERMO","63","960","33","F","","analitica","","","PVP sales 1 (2194611); Storica Analitica visura per immobile - Catasto Fabbricati."
"visura-storica","FM","FERMO","67","307","2","F","","analitica","","","PVP sales 1 (4522579); Storica Analitica visura per immobile - Catasto Fabbricati."
"visura-storica","FM","FERMO","67","307","3","F","","analitica","","","PVP sales 1 (4522579); Storica Analitica visura per immobile - Catasto Fabbricati."
"visura-storica","FM","FERMO","69","253","","F","","analitica","","","PVP sales 1 (4451593); Storica Analitica visura per immobile - Catasto Fabbricati."
"visura-storica","FM","FERMO","69","253","","T","","analitica","","","PVP sales 1 (4451593); Storica Analitica visura per immobile - Catasto Terreni."
"visura-storica","FM","FERMO","74","118","","T","","analitica","","","PVP sales 4 (593787,617805,796335,939823); Storica Analitica visura per immobile - Catasto Terreni."
"visura-storica","FM","FERMO","74","122","","F","","analitica","","","PVP sales 1 (593787); Storica Analitica visura per immobile - Catasto Fabbricati."
"visura-storica","FM","FERMO","74","122","1","F","","analitica","","","PVP sales 3 (617805,796335,939823); Storica Analitica visura per immobile - Catasto Fabbricati."
"visura-storica","FM","FERMO","74","122","2","F","","analitica","","","PVP sales 3 (617805,796335,939823); Storica Analitica visura per immobile - Catasto Fabbricati."
"visura-storica","FM","FERMO","74","25","","T","","analitica","","","PVP sales 4 (593787,617805,796335,939823); Storica Analitica visura per immobile - Catasto Terreni."
"visura-storica","FM","FERMO","78","48","66","F","","analitica","","","PVP sales 1 (4457225); Storica Analitica visura per immobile - Catasto Fabbricati."
"visura-storica","FM","FERMO","79","113","79","F","","analitica","","","PVP sales 2 (4210247,4458001); Storica Analitica visura per immobile - Catasto Fabbricati."
"visura-storica","FM","FERMO","79","113","80","F","","analitica","","","PVP sales 2 (4210285,4458030); Storica Analitica visura per immobile - Catasto Fabbricati."
"visura-storica","FM","FERMO","79","316","9","F","","analitica","","","PVP sales 1 (4279193); Storica Analitica visura per immobile - Catasto Fabbricati."
"visura-storica","FM","FERMO","79","318","11","F","","analitica","","","PVP sales 1 (4465964); Storica Analitica visura per immobile - Catasto Fabbricati."
"visura-storica","FM","FERMO","79","319","3","F","","analitica","","","PVP sales 1 (4465964); Storica Analitica visura per immobile - Catasto Fabbricati."
"visura-storica","FM","FERMO","79","335","","F","","analitica","","","PVP sales 1 (647495); Storica Analitica visura per immobile - Catasto Fabbricati."
"visura-storica","FM","FERMO","79","335","","T","","analitica","","","PVP sales 1 (647495); Storica Analitica visura per immobile - Catasto Terreni."
"visura-storica","FM","FERMO","79","335","1","F","","analitica","","","PVP sales 1 (828944); Storica Analitica visura per immobile - Catasto Fabbricati."
"visura-storica","FM","FERMO","79","454","12","F","","analitica","","","PVP sales 3 (1844662,1906737,1992365); Storica Analitica visura per immobile - Catasto Fabbricati."
"visura-storica","FM","FERMO","79","48","26","F","","analitica","","","PVP sales 1 (4457225); Storica Analitica visura per immobile - Catasto Fabbricati."
"visura-storica","FM","FERMO","79","48","34","F","","analitica","","","PVP sales 1 (4457225); Storica Analitica visura per immobile - Catasto Fabbricati."
"visura-storica","FM","FERMO","79","48","38","F","","analitica","","","PVP sales 1 (4457225); Storica Analitica visura per immobile - Catasto Fabbricati."
"visura-storica","FM","FERMO","79","48","48","F","","analitica","","","PVP sales 1 (4457225); Storica Analitica visura per immobile - Catasto Fabbricati."
"visura-storica","FM","FERMO","79","48","50","F","","analitica","","","PVP sales 1 (4457225); Storica Analitica visura per immobile - Catasto Fabbricati."
"visura-storica","FM","FERMO","79","48","51","F","","analitica","","","PVP sales 1 (4457225); Storica Analitica visura per immobile - Catasto Fabbricati."
"visura-storica","FM","FERMO","79","48","52","F","","analitica","","","PVP sales 1 (4457225); Storica Analitica visura per immobile - Catasto Fabbricati."
"visura-storica","FM","FERMO","79","48","53","F","","analitica","","","PVP sales 1 (4457225); Storica Analitica visura per immobile - Catasto Fabbricati."
"visura-storica","FM","FERMO","79","654","12","F","","analitica","","","PVP sales 1 (1844642); Storica Analitica visura per immobile - Catasto Fabbricati."
"visura-storica","FM","FERMO","79","685","4","F","","analitica","","","PVP sales 1 (2106465); Storica Analitica visura per immobile - Catasto Fabbricati."
"visura-storica","FM","FERMO","79","729","","F","","analitica","","","PVP sales 1 (4479847); Storica Analitica visura per immobile - Catasto Fabbricati."
"visura-storica","FM","FERMO","79","729","","T","","analitica","","","PVP sales 1 (4479847); Storica Analitica visura per immobile - Catasto Terreni."
"visura-storica","FM","FERMO","8","1191","","F","","analitica","","","PVP sales 1 (628981); Storica Analitica visura per immobile - Catasto Fabbricati."
"visura-storica","FM","FERMO","8","660","10","F","","analitica","","","PVP sales 1 (2149243); Storica Analitica visura per immobile - Catasto Fabbricati."
"visura-storica","FM","FERMO","8","660","11","F","","analitica","","","PVP sales 1 (2149243); Storica Analitica visura per immobile - Catasto Fabbricati."
"visura-storica","FM","FERMO","8","660","17","F","","analitica","","","PVP sales 1 (2149243); Storica Analitica visura per immobile - Catasto Fabbricati."
"visura-storica","FM","FERMO","8","660","2","F","","analitica","","","PVP sales 1 (2149243); Storica Analitica visura per immobile - Catasto Fabbricati."
"visura-storica","FM","FERMO","8","70","19","F","","analitica","","","PVP sales 1 (444553); Storica Analitica visura per immobile - Catasto Fabbricati."
"visura-storica","FM","FERMO","8","70","23","F","","analitica","","","PVP sales 3 (4357579,4401289,4462600); Storica Analitica visura per immobile - Catasto Fabbricati."
"visura-storica","FM","FERMO","8","70","27","F","","analitica","","","PVP sales 2 (4401282,4462573); Storica Analitica visura per immobile - Catasto Fabbricati."
"visura-storica","FM","FERMO","8","70","28","F","","analitica","","","PVP sales 2 (4401288,4462594); Storica Analitica visura per immobile - Catasto Fabbricati."
"visura-storica","FM","FERMO","80","447","29","F","","analitica","","","PVP sales 2 (1982179,2092003); Storica Analitica visura per immobile - Catasto Fabbricati."
"visura-storica","FM","FERMO","80","541","","T","","analitica","","","PVP sales 1 (371885); Storica Analitica visura per immobile - Catasto Terreni."
"visura-storica","FM","FERMO","81","155","","F","","analitica","","","PVP sales 1 (2249868); Storica Analitica visura per immobile - Catasto Fabbricati."
"visura-storica","FM","FERMO","81","155","","T","","analitica","","","PVP sales 1 (2249868); Storica Analitica visura per immobile - Catasto Terreni."
"visura-storica","FM","FERMO","81","209","","F","","analitica","","","PVP sales 2 (1150199,1785947); Storica Analitica visura per immobile - Catasto Fabbricati."
"visura-storica","FM","FERMO","81","209","","T","","analitica","","","PVP sales 2 (1150199,1785947); Storica Analitica visura per immobile - Catasto Terreni."
"visura-storica","FM","FERMO","81","212","","F","","analitica","","","PVP sales 2 (1150199,1785947); Storica Analitica visura per immobile - Catasto Fabbricati."
"visura-storica","FM","FERMO","81","212","","T","","analitica","","","PVP sales 2 (1150199,1785947); Storica Analitica visura per immobile - Catasto Terreni."
"visura-storica","FM","FERMO","81","224","","F","","analitica","","","PVP sales 1 (2249868); Storica Analitica visura per immobile - Catasto Fabbricati."
"visura-storica","FM","FERMO","81","224","","T","","analitica","","","PVP sales 1 (2249868); Storica Analitica visura per immobile - Catasto Terreni."
"visura-storica","FM","FERMO","81","265","","F","","analitica","","","PVP sales 1 (2249868); Storica Analitica visura per immobile - Catasto Fabbricati."
"visura-storica","FM","FERMO","81","265","","T","","analitica","","","PVP sales 1 (2249868); Storica Analitica visura per immobile - Catasto Terreni."
"visura-storica","FM","FERMO","83","890","","F","","analitica","","","PVP sales 1 (4526852); Storica Analitica visura per immobile - Catasto Fabbricati."
"visura-storica","FM","FERMO","83","890","","T","","analitica","","","PVP sales 1 (4526852); Storica Analitica visura per immobile - Catasto Terreni."
"visura-storica","FM","FERMO","84","146","","F","","analitica","","","PVP sales 1 (939824); Storica Analitica visura per immobile - Catasto Fabbricati."
"visura-storica","FM","FERMO","84","146","2","F","","analitica","","","PVP sales 4 (916823,1681954,1681955,1734402); Storica Analitica visura per immobile - Catasto Fabbricati."
"visura-storica","FM","FERMO","84","146","3","F","","analitica","","","PVP sales 4 (916823,1681954,1681955,1734402); Storica Analitica visura per immobile - Catasto Fabbricati."
"visura-storica","FM","FERMO","84","146","4","F","","analitica","","","PVP sales 1 (916823); Storica Analitica visura per immobile - Catasto Fabbricati."
"visura-storica","FM","FERMO","84","342","","T","","analitica","","","PVP sales 5 (916823,939824,1681954,1681955,1734402); Storica Analitica visura per immobile - Catasto Terreni."
"visura-storica","FM","FERMO","84","343","","T","","analitica","","","PVP sales 4 (916823,939824,1681954,1681955); Storica Analitica visura per immobile - Catasto Terreni."
"visura-storica","FM","FERMO","84","466","","F","","analitica","","","PVP sales 1 (4250707); Storica Analitica visura per immobile - Catasto Fabbricati."
"visura-storica","FM","FERMO","84","466","","T","","analitica","","","PVP sales 1 (4250707); Storica Analitica visura per immobile - Catasto Terreni."
"visura-storica","FM","FERMO","84","468","","F","","analitica","","","PVP sales 1 (4250707); Storica Analitica visura per immobile - Catasto Fabbricati."
"visura-storica","FM","FERMO","84","468","","T","","analitica","","","PVP sales 1 (4250707); Storica Analitica visura per immobile - Catasto Terreni."
"visura-storica","FM","FERMO","84","552","","F","","analitica","","","PVP sales 2 (4443974,4501931); Storica Analitica visura per immobile - Catasto Fabbricati."
"visura-storica","FM","FERMO","84","552","","T","","analitica","","","PVP sales 3 (4443974,4501931,4551569); Storica Analitica visura per immobile - Catasto Terreni."
"visura-storica","FM","FERMO","84","554","","F","","analitica","","","PVP sales 2 (4443974,4501931); Storica Analitica visura per immobile - Catasto Fabbricati."
"visura-storica","FM","FERMO","84","554","","T","","analitica","","","PVP sales 3 (4443974,4501931,4551569); Storica Analitica visura per immobile - Catasto Terreni."
"visura-storica","FM","FERMO","84","555","","F","","analitica","","","PVP sales 2 (4443974,4501931); Storica Analitica visura per immobile - Catasto Fabbricati."
"visura-storica","FM","FERMO","84","555","","T","","analitica","","","PVP sales 3 (4443974,4501931,4551569); Storica Analitica visura per immobile - Catasto Terreni."
"visura-storica","FM","FERMO","84","557","","F","","analitica","","","PVP sales 2 (4443974,4501931); Storica Analitica visura per immobile - Catasto Fabbricati."
"visura-storica","FM","FERMO","84","557","","T","","analitica","","","PVP sales 3 (4443974,4501931,4551569); Storica Analitica visura per immobile - Catasto Terreni."
"visura-storica","FM","FERMO","84","558","","F","","analitica","","","PVP sales 2 (4443974,4501931); Storica Analitica visura per immobile - Catasto Fabbricati."
"visura-storica","FM","FERMO","84","558","","T","","analitica","","","PVP sales 3 (4443974,4501931,4551569); Storica Analitica visura per immobile - Catasto Terreni."
"visura-storica","FM","FERMO","84","560","","F","","analitica","","","PVP sales 2 (4443974,4501931); Storica Analitica visura per immobile - Catasto Fabbricati."
"visura-storica","FM","FERMO","84","560","","T","","analitica","","","PVP sales 3 (4443974,4501931,4551569); Storica Analitica visura per immobile - Catasto Terreni."
"visura-storica","FM","FERMO","84","562","","F","","analitica","","","PVP sales 2 (4443974,4501931); Storica Analitica visura per immobile - Catasto Fabbricati."
"visura-storica","FM","FERMO","84","562","","T","","analitica","","","PVP sales 3 (4443974,4501931,4551569); Storica Analitica visura per immobile - Catasto Terreni."
"visura-storica","FM","FERMO","84","62","8","F","","analitica","","","PVP sales 1 (4250707); Storica Analitica visura per immobile - Catasto Fabbricati."
"visura-storica","FM","FERMO","84","72","","F","","analitica","","","PVP sales 2 (4443974,4501931); Storica Analitica visura per immobile - Catasto Fabbricati."
"visura-storica","FM","FERMO","84","72","","T","","analitica","","","PVP sales 3 (4443974,4501931,4551569); Storica Analitica visura per immobile - Catasto Terreni."
"visura-storica","FM","FERMO","84","93","","F","","analitica","","","PVP sales 2 (4443974,4501931); Storica Analitica visura per immobile - Catasto Fabbricati."
"visura-storica","FM","FERMO","84","93","","T","","analitica","","","PVP sales 3 (4443974,4501931,4551569); Storica Analitica visura per immobile - Catasto Terreni."
"visura-storica","FM","FERMO","88","41","","F","","analitica","","","PVP sales 2 (4439189,4529912); Storica Analitica visura per immobile - Catasto Fabbricati."
"visura-storica","FM","FERMO","88","41","","T","","analitica","","","PVP sales 2 (4439189,4529912); Storica Analitica visura per immobile - Catasto Terreni."
"visura-storica","FM","FERMO","89","90","","F","","analitica","","","PVP sales 2 (2241800,4453409); Storica Analitica visura per immobile - Catasto Fabbricati."
"visura-storica","FM","FERMO","89","91","","F","","analitica","","","PVP sales 2 (2241800,4453409); Storica Analitica visura per immobile - Catasto Fabbricati."
"visura-storica","FM","FERMO","9","1132","","F","","analitica","","","PVP sales 1 (1774083); Storica Analitica visura per immobile - Catasto Fabbricati."
"visura-storica","FM","FERMO","9","1132","","T","","analitica","","","PVP sales 1 (1774083); Storica Analitica visura per immobile - Catasto Terreni."
"visura-storica","FM","FERMO","9","158","16","F","","analitica","","","PVP sales 1 (382416); Storica Analitica visura per immobile - Catasto Fabbricati."
"visura-storica","FM","FERMO","9","158","21","F","","analitica","","","PVP sales 1 (382416); Storica Analitica visura per immobile - Catasto Fabbricati."
"visura-storica","FM","FERMO","9","158","22","F","","analitica","","","PVP sales 1 (382416); Storica Analitica visura per immobile - Catasto Fabbricati."
"visura-storica","FM","FERMO","9","158","25","F","","analitica","","","PVP sales 1 (382416); Storica Analitica visura per immobile - Catasto Fabbricati."
"visura-storica","FM","FERMO","9","158","27","F","","analitica","","","PVP sales 1 (382416); Storica Analitica visura per immobile - Catasto Fabbricati."
"visura-storica","FM","FERMO","9","324","","F","","analitica","","","PVP sales 1 (382416); Storica Analitica visura per immobile - Catasto Fabbricati."
"visura-storica","FM","FERMO","9","324","","T","","analitica","","","PVP sales 1 (382416); Storica Analitica visura per immobile - Catasto Terreni."
"visura-storica","FM","FERMO","9","328","","F","","analitica","","","PVP sales 1 (382416); Storica Analitica visura per immobile - Catasto Fabbricati."
"visura-storica","FM","FERMO","9","328","","T","","analitica","","","PVP sales 1 (382416); Storica Analitica visura per immobile - Catasto Terreni."
"visura-storica","FM","FERMO","9","59","","F","","analitica","","","PVP sales 1 (1588458); Storica Analitica visura per immobile - Catasto Fabbricati."
"visura-storica","FM","FERMO","92","295","","F","","analitica","","","PVP sales 1 (810555); Storica Analitica visura per immobile - Catasto Fabbricati."
"visura-storica","FM","FERMO","92","295","","T","","analitica","","","PVP sales 1 (810555); Storica Analitica visura per immobile - Catasto Terreni."
"visura-storica","FM","FERMO","92","296","","F","","analitica","","","PVP sales 1 (810555); Storica Analitica visura per immobile - Catasto Fabbricati."
"visura-storica","FM","FERMO","92","296","","T","","analitica","","","PVP sales 1 (810555); Storica Analitica visura per immobile - Catasto Terreni."
"visura-storica","FM","FERMO","94","135","2","F","","analitica","","","PVP sales 3 (4454846,4521371,4521472); Storica Analitica visura per immobile - Catasto Fabbricati."
"visura-storica","FM","FERMO","94","135","3","F","","analitica","","","PVP sales 2 (4454860,4521402); Storica Analitica visura per immobile - Catasto Fabbricati."
"visura-storica","FM","FERMO","94","136","","T","","analitica","","","PVP sales 2 (4454821,4454963); Storica Analitica visura per immobile - Catasto Terreni."
"visura-storica","FM","FERMO","94","143","","T","","analitica","","","PVP sales 2 (4454821,4454963); Storica Analitica visura per immobile - Catasto Terreni."
"visura-storica","FM","FERMO","94","2","","T","","analitica","","","PVP sales 2 (4454821,4454963); Storica Analitica visura per immobile - Catasto Terreni."
"visura-storica","FM","FERMO","95","27","3","F","","analitica","","","PVP sales 1 (2013574); Storica Analitica visura per immobile - Catasto Fabbricati."
"visura-storica","FM","FERMO","95","27","4","F","","analitica","","","PVP sales 1 (2013574); Storica Analitica visura per immobile - Catasto Fabbricati."
"visura-storica","FM","FERMO","95","27","5","F","","analitica","","","PVP sales 1 (2013574); Storica Analitica visura per immobile - Catasto Fabbricati."
"visura-storica","FM","FERMO","95","27","6","F","","analitica","","","PVP sales 1 (2013574); Storica Analitica visura per immobile - Catasto Fabbricati."
"visura-storica","FM","FERMO","95","27","7","F","","analitica","","","PVP sales 1 (2013574); Storica Analitica visura per immobile - Catasto Fabbricati."
"visura-storica","FM","FERMO","80","360","2","F","","analitica","1","","PVP sales 1 (371885); Storica Analitica visura per immobile - Catasto Fabbricati."
"visura-storica","FM","FRANCAVILLA D'ETE","4","457","5","F","","analitica","","","PVP sales 3 (4211972,4409340,4499110); Storica Analitica visura per immobile - Catasto Fabbricati."
"visura-storica","FM","FRANCAVILLA D'ETE","4","482","","F","","analitica","","","PVP sales 1 (4522268); Storica Analitica visura per immobile - Catasto Fabbricati."
"visura-storica","FM","FRANCAVILLA D'ETE","4","482","","T","","analitica","","","PVP sales 1 (4522268); Storica Analitica visura per immobile - Catasto Terreni."
"visura-storica","FM","FRANCAVILLA D'ETE","4","529","","F","","analitica","","","PVP sales 1 (4520240); Storica Analitica visura per immobile - Catasto Fabbricati."
"visura-storica","FM","FRANCAVILLA D'ETE","4","529","","T","","analitica","","","PVP sales 1 (4520240); Storica Analitica visura per immobile - Catasto Terreni."
"visura-storica","FM","FRANCAVILLA D'ETE","4","531","","F","","analitica","","","PVP sales 1 (4520240); Storica Analitica visura per immobile - Catasto Fabbricati."
"visura-storica","FM","FRANCAVILLA D'ETE","4","531","","T","","analitica","","","PVP sales 1 (4520240); Storica Analitica visura per immobile - Catasto Terreni."
"visura-storica","FM","FRANCAVILLA D'ETE","4","677","2","F","","analitica","","","PVP sales 1 (4520240); Storica Analitica visura per immobile - Catasto Fabbricati."
"visura-storica","FM","FRANCAVILLA D'ETE","4","677","7","F","","analitica","","","PVP sales 1 (4520240); Storica Analitica visura per immobile - Catasto Fabbricati."
"visura-storica","FM","FRANCAVILLA D'ETE","9","110","","F","","analitica","","","PVP sales 1 (2172768); Storica Analitica visura per immobile - Catasto Fabbricati."
"visura-storica","FM","FRANCAVILLA D'ETE","9","110","","T","","analitica","","","PVP sales 1 (2172768); Storica Analitica visura per immobile - Catasto Terreni."
"visura-storica","FM","FRANCAVILLA D'ETE","9","111","","F","","analitica","","","PVP sales 1 (2172768); Storica Analitica visura per immobile - Catasto Fabbricati."
"visura-storica","FM","FRANCAVILLA D'ETE","9","111","","T","","analitica","","","PVP sales 1 (2172768); Storica Analitica visura per immobile - Catasto Terreni."
"visura-storica","FM","FRANCAVILLA D'ETE","9","123","","F","","analitica","","","PVP sales 1 (2172768); Storica Analitica visura per immobile - Catasto Fabbricati."
"visura-storica","FM","FRANCAVILLA D'ETE","9","123","","T","","analitica","","","PVP sales 1 (2172768); Storica Analitica visura per immobile - Catasto Terreni."
"visura-storica","FM","FRANCAVILLA D'ETE","9","124","","F","","analitica","","","PVP sales 1 (2172768); Storica Analitica visura per immobile - Catasto Fabbricati."
"visura-storica","FM","FRANCAVILLA D'ETE","9","124","","T","","analitica","","","PVP sales 1 (2172768); Storica Analitica visura per immobile - Catasto Terreni."
"visura-storica","FM","FRANCAVILLA D'ETE","9","146","3","F","","analitica","","","PVP sales 1 (2172768); Storica Analitica visura per immobile - Catasto Fabbricati."
"visura-storica","FM","FRANCAVILLA D'ETE","9","146","4","F","","analitica","","","PVP sales 1 (2172768); Storica Analitica visura per immobile - Catasto Fabbricati."
"visura-storica","FM","FRANCAVILLA D'ETE","9","165","","F","","analitica","","","PVP sales 1 (2172768); Storica Analitica visura per immobile - Catasto Fabbricati."
"visura-storica","FM","FRANCAVILLA D'ETE","9","165","","T","","analitica","","","PVP sales 1 (2172768); Storica Analitica visura per immobile - Catasto Terreni."
"visura-storica","FM","FRANCAVILLA D'ETE","9","167","","F","","analitica","","","PVP sales 1 (2172768); Storica Analitica visura per immobile - Catasto Fabbricati."
"visura-storica","FM","FRANCAVILLA D'ETE","9","167","","T","","analitica","","","PVP sales 1 (2172768); Storica Analitica visura per immobile - Catasto Terreni."
"visura-storica","FM","FRANCAVILLA D'ETE","9","169","","F","","analitica","","","PVP sales 1 (2172768); Storica Analitica visura per immobile - Catasto Fabbricati."
"visura-storica","FM","FRANCAVILLA D'ETE","9","169","","T","","analitica","","","PVP sales 1 (2172768); Storica Analitica visura per immobile - Catasto Terreni."
"visura-storica","FM","FRANCAVILLA D'ETE","9","18","","F","","analitica","","","PVP sales 1 (2172768); Storica Analitica visura per immobile - Catasto Fabbricati."
"visura-storica","FM","FRANCAVILLA D'ETE","9","18","","T","","analitica","","","PVP sales 1 (2172768); Storica Analitica visura per immobile - Catasto Terreni."
"visura-storica","FM","FRANCAVILLA D'ETE","9","19","","F","","analitica","","","PVP sales 1 (2172768); Storica Analitica visura per immobile - Catasto Fabbricati."
"visura-storica","FM","FRANCAVILLA D'ETE","9","19","","T","","analitica","","","PVP sales 1 (2172768); Storica Analitica visura per immobile - Catasto Terreni."
"visura-storica","FM","FRANCAVILLA D'ETE","9","20","","F","","analitica","","","PVP sales 1 (2172768); Storica Analitica visura per immobile - Catasto Fabbricati."
"visura-storica","FM","FRANCAVILLA D'ETE","9","20","","T","","analitica","","","PVP sales 1 (2172768); Storica Analitica visura per immobile - Catasto Terreni."
"visura-storica","FM","FRANCAVILLA D'ETE","9","21","","F","","analitica","","","PVP sales 1 (2172768); Storica Analitica visura per immobile - Catasto Fabbricati."
"visura-storica","FM","FRANCAVILLA D'ETE","9","21","","T","","analitica","","","PVP sales 1 (2172768); Storica Analitica visura per immobile - Catasto Terreni."
"visura-storica","FM","FRANCAVILLA D'ETE","9","23","","F","","analitica","","","PVP sales 1 (2172768); Storica Analitica visura per immobile - Catasto Fabbricati."
"visura-storica","FM","FRANCAVILLA D'ETE","9","23","","T","","analitica","","","PVP sales 1 (2172768); Storica Analitica visura per immobile - Catasto Terreni."
"visura-storica","FM","FRANCAVILLA D'ETE","9","24","","F","","analitica","","","PVP sales 1 (2172768); Storica Analitica visura per immobile - Catasto Fabbricati."
"visura-storica","FM","FRANCAVILLA D'ETE","9","24","","T","","analitica","","","PVP sales 1 (2172768); Storica Analitica visura per immobile - Catasto Terreni."
"visura-storica","FM","FRANCAVILLA D'ETE","9","26","","F","","analitica","","","PVP sales 1 (2172768); Storica Analitica visura per immobile - Catasto Fabbricati."
"visura-storica","FM","FRANCAVILLA D'ETE","9","26","","T","","analitica","","","PVP sales 1 (2172768); Storica Analitica visura per immobile - Catasto Terreni."
"visura-storica","FM","FRANCAVILLA D'ETE","9","36","","F","","analitica","","","PVP sales 1 (2172768); Storica Analitica visura per immobile - Catasto Fabbricati."
"visura-storica","FM","FRANCAVILLA D'ETE","9","36","","T","","analitica","","","PVP sales 1 (2172768); Storica Analitica visura per immobile - Catasto Terreni."
"visura-storica","FM","FRANCAVILLA D'ETE","9","37","","F","","analitica","","","PVP sales 1 (2172768); Storica Analitica visura per immobile - Catasto Fabbricati."
"visura-storica","FM","FRANCAVILLA D'ETE","9","37","","T","","analitica","","","PVP sales 1 (2172768); Storica Analitica visura per immobile - Catasto Terreni."
"visura-storica","FM","FRANCAVILLA D'ETE","9","38","","F","","analitica","","","PVP sales 1 (2172768); Storica Analitica visura per immobile - Catasto Fabbricati."
"visura-storica","FM","FRANCAVILLA D'ETE","9","38","","T","","analitica","","","PVP sales 1 (2172768); Storica Analitica visura per immobile - Catasto Terreni."
"visura-storica","FM","FRANCAVILLA D'ETE","9","39","","F","","analitica","","","PVP sales 1 (2172768); Storica Analitica visura per immobile - Catasto Fabbricati."
"visura-storica","FM","FRANCAVILLA D'ETE","9","39","","T","","analitica","","","PVP sales 1 (2172768); Storica Analitica visura per immobile - Catasto Terreni."
"visura-storica","FM","FRANCAVILLA D'ETE","9","85","","F","","analitica","","","PVP sales 1 (2172768); Storica Analitica visura per immobile - Catasto Fabbricati."
"visura-storica","FM","FRANCAVILLA D'ETE","9","85","","T","","analitica","","","PVP sales 1 (2172768); Storica Analitica visura per immobile - Catasto Terreni."
"visura-storica","FM","FRANCAVILLA D'ETE","9","89","","F","","analitica","","","PVP sales 1 (2172768); Storica Analitica visura per immobile - Catasto Fabbricati."
"visura-storica","FM","FRANCAVILLA D'ETE","9","89","","T","","analitica","","","PVP sales 1 (2172768); Storica Analitica visura per immobile - Catasto Terreni."
"visura-storica","FM","FRANCAVILLA D'ETE","9","91","","F","","analitica","","","PVP sales 1 (2172768); Storica Analitica visura per immobile - Catasto Fabbricati."
"visura-storica","FM","FRANCAVILLA D'ETE","9","91","","T","","analitica","","","PVP sales 1 (2172768); Storica Analitica visura per immobile - Catasto Terreni."
"visura-storica","FM","FRANCAVILLA D'ETE","9","92","","F","","analitica","","","PVP sales 1 (2172768); Storica Analitica visura per immobile - Catasto Fabbricati."
"visura-storica","FM","FRANCAVILLA D'ETE","9","92","","T","","analitica","","","PVP sales 1 (2172768); Storica Analitica visura per immobile - Catasto Terreni."
"visura-storica","FM","FRANCAVILLA D'ETE","9","93","","F","","analitica","","","PVP sales 1 (2172768); Storica Analitica visura per immobile - Catasto Fabbricati."
"visura-storica","FM","FRANCAVILLA D'ETE","9","93","","T","","analitica","","","PVP sales 1 (2172768); Storica Analitica visura per immobile - Catasto Terreni."
"visura-storica","FM","FRANCAVILLA D'ETE","9","94","","F","","analitica","","","PVP sales 1 (2172768); Storica Analitica visura per immobile - Catasto Fabbricati."
"visura-storica","FM","FRANCAVILLA D'ETE","9","94","","T","","analitica","","","PVP sales 1 (2172768); Storica Analitica visura per immobile - Catasto Terreni."
"visura-storica","FM","FRANCAVILLA D'ETE","9","95","","F","","analitica","","","PVP sales 1 (2172768); Storica Analitica visura per immobile - Catasto Fabbricati."
"visura-storica","FM","FRANCAVILLA D'ETE","9","95","","T","","analitica","","","PVP sales 1 (2172768); Storica Analitica visura per immobile - Catasto Terreni."
"visura-storica","FM","FRANCAVILLA D'ETE","9","96","","F","","analitica","","","PVP sales 1 (2172768); Storica Analitica visura per immobile - Catasto Fabbricati."
"visura-storica","FM","FRANCAVILLA D'ETE","9","96","","T","","analitica","","","PVP sales 1 (2172768); Storica Analitica visura per immobile - Catasto Terreni."
"visura-storica","FM","GROTTAZZOLINA","2","123","1","F","","analitica","","","PVP sales 1 (2038660); Storica Analitica visura per immobile - Catasto Fabbricati."
"visura-storica","FM","GROTTAZZOLINA","2","123","3","F","","analitica","","","PVP sales 1 (2038660); Storica Analitica visura per immobile - Catasto Fabbricati."
"visura-storica","FM","GROTTAZZOLINA","2","124","1","F","","analitica","","","PVP sales 1 (2038660); Storica Analitica visura per immobile - Catasto Fabbricati."
"visura-storica","FM","GROTTAZZOLINA","2","124","3","F","","analitica","","","PVP sales 1 (2038660); Storica Analitica visura per immobile - Catasto Fabbricati."
"visura-storica","FM","GROTTAZZOLINA","2","174","3","F","","analitica","","","PVP sales 1 (1493759); Storica Analitica visura per immobile - Catasto Fabbricati."
"visura-storica","FM","GROTTAZZOLINA","2","558","","F","","analitica","","","PVP sales 1 (2038660); Storica Analitica visura per immobile - Catasto Fabbricati."
"visura-storica","FM","GROTTAZZOLINA","2","558","","T","","analitica","","","PVP sales 1 (2038660); Storica Analitica visura per immobile - Catasto Terreni."
"visura-storica","FM","GROTTAZZOLINA","2","587","","F","","analitica","","","PVP sales 1 (490984); Storica Analitica visura per immobile - Catasto Fabbricati."
"visura-storica","FM","GROTTAZZOLINA","2","71","1","F","","analitica","","","PVP sales 1 (2038660); Storica Analitica visura per immobile - Catasto Fabbricati."
"visura-storica","FM","GROTTAZZOLINA","2","71","3","F","","analitica","","","PVP sales 1 (2038660); Storica Analitica visura per immobile - Catasto Fabbricati."
"visura-storica","FM","GROTTAZZOLINA","4","255","","F","","analitica","","","PVP sales 2 (765839,832158); Storica Analitica visura per immobile - Catasto Fabbricati."
"visura-storica","FM","GROTTAZZOLINA","4","255","","T","","analitica","","","PVP sales 2 (765839,832158); Storica Analitica visura per immobile - Catasto Terreni."
"visura-storica","FM","GROTTAZZOLINA","5","596","13","F","","analitica","","","PVP sales 2 (4212612,4491096); Storica Analitica visura per immobile - Catasto Fabbricati."
"visura-storica","FM","GROTTAZZOLINA","5","596","14","F","","analitica","","","PVP sales 2 (4212612,4491096); Storica Analitica visura per immobile - Catasto Fabbricati."
"visura-storica","FM","GROTTAZZOLINA","5","596","4","F","","analitica","","","PVP sales 1 (4491082); Storica Analitica visura per immobile - Catasto Fabbricati."
"visura-storica","FM","GROTTAZZOLINA","5","596","5","F","","analitica","","","PVP sales 2 (4212553,4491082); Storica Analitica visura per immobile - Catasto Fabbricati."
"visura-storica","FM","GROTTAZZOLINA","5","75","9","F","","analitica","","","PVP sales 1 (4243172); Storica Analitica visura per immobile - Catasto Fabbricati."
"visura-storica","FM","GROTTAZZOLINA","6","131","2","F","","analitica","","","PVP sales 3 (4395165,4480957,4546788); Storica Analitica visura per immobile - Catasto Fabbricati."
"visura-storica","FM","GROTTAZZOLINA","6","131","5","F","","analitica","","","PVP sales 2 (4395261,4480969); Storica Analitica visura per immobile - Catasto Fabbricati."
"visura-storica","FM","GROTTAZZOLINA","6","131","6","F","","analitica","","","PVP sales 3 (4395311,4480987,4546782); Storica Analitica visura per immobile - Catasto Fabbricati."
"visura-storica","FM","GROTTAZZOLINA","6","131","722","F","","analitica","","","PVP sales 3 (4395165,4480957,4546788); Storica Analitica visura per immobile - Catasto Fabbricati."
"visura-storica","FM","GROTTAZZOLINA","6","133","","T","","analitica","","","PVP sales 3 (4395300,4481016,4546812); Storica Analitica visura per immobile - Catasto Terreni."
"visura-storica","FM","GROTTAZZOLINA","6","150","","T","","analitica","","","PVP sales 3 (4395300,4481016,4546812); Storica Analitica visura per immobile - Catasto Terreni."
"visura-storica","FM","GROTTAZZOLINA","7","217","","F","","analitica","","","PVP sales 3 (2041263,2168763,4214536); Storica Analitica visura per immobile - Catasto Fabbricati."
"visura-storica","FM","GROTTAZZOLINA","7","217","","T","","analitica","","","PVP sales 3 (2041263,2168763,4214536); Storica Analitica visura per immobile - Catasto Terreni."
"visura-storica","FM","GROTTAZZOLINA","7","437","","F","","analitica","","","PVP sales 2 (1580324,1580470); Storica Analitica visura per immobile - Catasto Fabbricati."
"visura-storica","FM","GROTTAZZOLINA","7","437","","T","","analitica","","","PVP sales 2 (1580324,1580470); Storica Analitica visura per immobile - Catasto Terreni."
"visura-storica","FM","GROTTAZZOLINA","7","746","3","F","","analitica","","","PVP sales 3 (1501666,1502367,1693084); Storica Analitica visura per immobile - Catasto Fabbricati."
"visura-storica","FM","GROTTAZZOLINA","7","746","4","F","","analitica","","","PVP sales 3 (1501666,1502367,1693084); Storica Analitica visura per immobile - Catasto Fabbricati."
"visura-storica","FM","GROTTAZZOLINA","7","746","5","F","","analitica","","","PVP sales 3 (1501666,1502367,1693084); Storica Analitica visura per immobile - Catasto Fabbricati."
"visura-storica","FM","GROTTAZZOLINA","7","746","6","F","","analitica","","","PVP sales 3 (1501666,1502367,1693084); Storica Analitica visura per immobile - Catasto Fabbricati."
"visura-storica","FM","GROTTAZZOLINA","8","130","","F","","analitica","","","PVP sales 1 (2125688); Storica Analitica visura per immobile - Catasto Fabbricati."
"visura-storica","FM","GROTTAZZOLINA","8","130","2","F","","analitica","","","PVP sales 1 (1969527); Storica Analitica visura per immobile - Catasto Fabbricati."
"visura-storica","FM","GROTTAZZOLINA","8","57","10","F","","analitica","","","PVP sales 1 (4552599); Storica Analitica visura per immobile - Catasto Fabbricati."
"visura-storica","FM","GROTTAZZOLINA","8","57","11","F","","analitica","","","PVP sales 1 (4552599); Storica Analitica visura per immobile - Catasto Fabbricati."
"visura-storica","FM","LAPEDONA","2","192","","F","","analitica","","","PVP sales 1 (4517639); Storica Analitica visura per immobile - Catasto Fabbricati."
"visura-storica","FM","LAPEDONA","2","192","","T","","analitica","","","PVP sales 1 (4517639); Storica Analitica visura per immobile - Catasto Terreni."
"visura-storica","FM","LAPEDONA","2","193","","F","","analitica","","","PVP sales 1 (4517639); Storica Analitica visura per immobile - Catasto Fabbricati."
"visura-storica","FM","LAPEDONA","2","193","","T","","analitica","","","PVP sales 1 (4517639); Storica Analitica visura per immobile - Catasto Terreni."
"visura-storica","FM","MAGLIANO DI TENNA","1","296","4","F","","analitica","","","PVP sales 1 (1468830); Storica Analitica visura per immobile - Catasto Fabbricati."
"visura-storica","FM","MAGLIANO DI TENNA","1","296","5","F","","analitica","","","PVP sales 1 (1468830); Storica Analitica visura per immobile - Catasto Fabbricati."
"visura-storica","FM","MAGLIANO DI TENNA","2","129","","F","","analitica","","","PVP sales 2 (2015412,2104102); Storica Analitica visura per immobile - Catasto Fabbricati."
"visura-storica","FM","MAGLIANO DI TENNA","2","129","","T","","analitica","","","PVP sales 2 (2015412,2104102); Storica Analitica visura per immobile - Catasto Terreni."
"visura-storica","FM","MAGLIANO DI TENNA","2","132","","F","","analitica","","","PVP sales 2 (2015412,2104102); Storica Analitica visura per immobile - Catasto Fabbricati."
"visura-storica","FM","MAGLIANO DI TENNA","2","132","","T","","analitica","","","PVP sales 2 (2015412,2104102); Storica Analitica visura per immobile - Catasto Terreni."
"visura-storica","FM","MAGLIANO DI TENNA","3","87","","F","","analitica","","","PVP sales 1 (1532298); Storica Analitica visura per immobile - Catasto Fabbricati."
"visura-storica","FM","MAGLIANO DI TENNA","3","87","","T","","analitica","","","PVP sales 1 (1532298); Storica Analitica visura per immobile - Catasto Terreni."
"visura-storica","FM","MAGLIANO DI TENNA","3","89","","F","","analitica","","","PVP sales 1 (1532298); Storica Analitica visura per immobile - Catasto Fabbricati."
"visura-storica","FM","MAGLIANO DI TENNA","3","89","","T","","analitica","","","PVP sales 1 (1532298); Storica Analitica visura per immobile - Catasto Terreni."
"visura-storica","FM","MAGLIANO DI TENNA","3","90","","F","","analitica","","","PVP sales 1 (1532298); Storica Analitica visura per immobile - Catasto Fabbricati."
"visura-storica","FM","MAGLIANO DI TENNA","3","90","","T","","analitica","","","PVP sales 1 (1532298); Storica Analitica visura per immobile - Catasto Terreni."
"visura-storica","FM","MAGLIANO DI TENNA","5","157","1","F","","analitica","","","PVP sales 1 (774262); Storica Analitica visura per immobile - Catasto Fabbricati."
"visura-storica","FM","MAGLIANO DI TENNA","5","157","2","F","","analitica","","","PVP sales 1 (774262); Storica Analitica visura per immobile - Catasto Fabbricati."
"visura-storica","FM","MAGLIANO DI TENNA","5","157","3","F","","analitica","","","PVP sales 1 (774262); Storica Analitica visura per immobile - Catasto Fabbricati."
"visura-storica","FM","MAGLIANO DI TENNA","5","236","1","F","","analitica","","","PVP sales 1 (774262); Storica Analitica visura per immobile - Catasto Fabbricati."
"visura-storica","FM","MAGLIANO DI TENNA","6","91","14","F","","analitica","","","PVP sales 1 (4407847); Storica Analitica visura per immobile - Catasto Fabbricati."
"visura-storica","FM","MAGLIANO DI TENNA","6","91","22","F","","analitica","","","PVP sales 1 (4407779); Storica Analitica visura per immobile - Catasto Fabbricati."
"visura-storica","FM","MAGLIANO DI TENNA","7","285","4","F","","analitica","","","PVP sales 2 (2231882,4513313); Storica Analitica visura per immobile - Catasto Fabbricati."
"visura-storica","FM","MAGLIANO DI TENNA","7","285","5","F","","analitica","","","PVP sales 2 (2231882,4513313); Storica Analitica visura per immobile - Catasto Fabbricati."
"visura-storica","FM","MAGLIANO DI TENNA","7","285","6","F","","analitica","","","PVP sales 2 (2231882,4513313); Storica Analitica visura per immobile - Catasto Fabbricati."
"visura-storica","FM","MAGLIANO DI TENNA","7","285","7","F","","analitica","","","PVP sales 2 (2231882,4513313); Storica Analitica visura per immobile - Catasto Fabbricati."
"visura-storica","FM","MAGLIANO DI TENNA","7","285","8","F","","analitica","","","PVP sales 2 (2231882,4513313); Storica Analitica visura per immobile - Catasto Fabbricati."
"visura-storica","FM","MAGLIANO DI TENNA","8","270","","F","","analitica","","","PVP sales 2 (1957986,2045071); Storica Analitica visura per immobile - Catasto Fabbricati."
"visura-storica","FM","MAGLIANO DI TENNA","8","270","","T","","analitica","","","PVP sales 2 (1957986,2045071); Storica Analitica visura per immobile - Catasto Terreni."
"visura-storica","FM","MAGLIANO DI TENNA","8","272","10","F","","analitica","","","PVP sales 5 (1957986,2045071,2102114,4212117,4274729); Storica Analitica visura per immobile - Catasto Fabbricati."
"visura-storica","FM","MAGLIANO DI TENNA","8","272","11","F","","analitica","","","PVP sales 5 (1957986,2045071,2102114,4212117,4274729); Storica Analitica visura per immobile - Catasto Fabbricati."
"visura-storica","FM","MAGLIANO DI TENNA","8","272","12","F","","analitica","","","PVP sales 5 (1957986,2045071,2102114,4212117,4274729); Storica Analitica visura per immobile - Catasto Fabbricati."
"visura-storica","FM","MAGLIANO DI TENNA","8","272","13","F","","analitica","","","PVP sales 5 (1957986,2045071,2102114,4212117,4274729); Storica Analitica visura per immobile - Catasto Fabbricati."
"visura-storica","FM","MAGLIANO DI TENNA","8","272","14","F","","analitica","","","PVP sales 5 (1957986,2045071,2102114,4212117,4274729); Storica Analitica visura per immobile - Catasto Fabbricati."
"visura-storica","FM","MAGLIANO DI TENNA","8","272","15","F","","analitica","","","PVP sales 5 (1957986,2045071,2102114,4212117,4274729); Storica Analitica visura per immobile - Catasto Fabbricati."
"visura-storica","FM","MAGLIANO DI TENNA","8","272","16","F","","analitica","","","PVP sales 5 (1957986,2045071,2102114,4212117,4274729); Storica Analitica visura per immobile - Catasto Fabbricati."
"visura-storica","FM","MAGLIANO DI TENNA","8","272","17","F","","analitica","","","PVP sales 5 (1957986,2045071,2102114,4212117,4274729); Storica Analitica visura per immobile - Catasto Fabbricati."
"visura-storica","FM","MAGLIANO DI TENNA","8","272","25","F","","analitica","","","PVP sales 5 (1957986,2045071,2102114,4212117,4274729); Storica Analitica visura per immobile - Catasto Fabbricati."
"visura-storica","FM","MAGLIANO DI TENNA","8","272","26","F","","analitica","","","PVP sales 5 (1957986,2045071,2102114,4212117,4274729); Storica Analitica visura per immobile - Catasto Fabbricati."
"visura-storica","FM","MAGLIANO DI TENNA","8","272","28","F","","analitica","","","PVP sales 5 (1957986,2045071,2102114,4212117,4274729); Storica Analitica visura per immobile - Catasto Fabbricati."
"visura-storica","FM","MAGLIANO DI TENNA","8","272","29","F","","analitica","","","PVP sales 5 (1957986,2045071,2102114,4212117,4274729); Storica Analitica visura per immobile - Catasto Fabbricati."
"visura-storica","FM","MAGLIANO DI TENNA","8","272","30","F","","analitica","","","PVP sales 5 (1957986,2045071,2102114,4212117,4274729); Storica Analitica visura per immobile - Catasto Fabbricati."
"visura-storica","FM","MAGLIANO DI TENNA","8","272","32","F","","analitica","","","PVP sales 5 (1957986,2045071,2102114,4212117,4274729); Storica Analitica visura per immobile - Catasto Fabbricati."
"visura-storica","FM","MAGLIANO DI TENNA","8","272","33","F","","analitica","","","PVP sales 5 (1957986,2045071,2102114,4212117,4274729); Storica Analitica visura per immobile - Catasto Fabbricati."
"visura-storica","FM","MAGLIANO DI TENNA","8","272","34","F","","analitica","","","PVP sales 5 (1957986,2045071,2102114,4212117,4274729); Storica Analitica visura per immobile - Catasto Fabbricati."
"visura-storica","FM","MAGLIANO DI TENNA","8","272","35","F","","analitica","","","PVP sales 5 (1957986,2045071,2102114,4212117,4274729); Storica Analitica visura per immobile - Catasto Fabbricati."
"visura-storica","FM","MAGLIANO DI TENNA","8","272","36","F","","analitica","","","PVP sales 5 (1957986,2045071,2102114,4212117,4274729); Storica Analitica visura per immobile - Catasto Fabbricati."
"visura-storica","FM","MAGLIANO DI TENNA","8","272","37","F","","analitica","","","PVP sales 5 (1957986,2045071,2102114,4212117,4274729); Storica Analitica visura per immobile - Catasto Fabbricati."
"visura-storica","FM","MAGLIANO DI TENNA","8","272","38","F","","analitica","","","PVP sales 5 (1957986,2045071,2102114,4212117,4274729); Storica Analitica visura per immobile - Catasto Fabbricati."
"visura-storica","FM","MAGLIANO DI TENNA","8","272","39","F","","analitica","","","PVP sales 5 (1957986,2045071,2102114,4212117,4274729); Storica Analitica visura per immobile - Catasto Fabbricati."
"visura-storica","FM","MAGLIANO DI TENNA","8","272","40","F","","analitica","","","PVP sales 5 (1957986,2045071,2102114,4212117,4274729); Storica Analitica visura per immobile - Catasto Fabbricati."
"visura-storica","FM","MAGLIANO DI TENNA","8","272","41","F","","analitica","","","PVP sales 5 (1957986,2045071,2102114,4212117,4274729); Storica Analitica visura per immobile - Catasto Fabbricati."
"visura-storica","FM","MAGLIANO DI TENNA","8","272","42","F","","analitica","","","PVP sales 5 (1957986,2045071,2102114,4212117,4274729); Storica Analitica visura per immobile - Catasto Fabbricati."
"visura-storica","FM","MAGLIANO DI TENNA","8","272","43","F","","analitica","","","PVP sales 5 (1957986,2045071,2102114,4212117,4274729); Storica Analitica visura per immobile - Catasto Fabbricati."
"visura-storica","FM","MAGLIANO DI TENNA","8","272","44","F","","analitica","","","PVP sales 5 (1957986,2045071,2102114,4212117,4274729); Storica Analitica visura per immobile - Catasto Fabbricati."
"visura-storica","FM","MAGLIANO DI TENNA","8","272","45","F","","analitica","","","PVP sales 5 (1957986,2045071,2102114,4212117,4274729); Storica Analitica visura per immobile - Catasto Fabbricati."
"visura-storica","FM","MAGLIANO DI TENNA","8","272","46","F","","analitica","","","PVP sales 5 (1957986,2045071,2102114,4212117,4274729); Storica Analitica visura per immobile - Catasto Fabbricati."
"visura-storica","FM","MAGLIANO DI TENNA","8","272","47","F","","analitica","","","PVP sales 5 (1957986,2045071,2102114,4212117,4274729); Storica Analitica visura per immobile - Catasto Fabbricati."
"visura-storica","FM","MAGLIANO DI TENNA","8","272","48","F","","analitica","","","PVP sales 5 (1957986,2045071,2102114,4212117,4274729); Storica Analitica visura per immobile - Catasto Fabbricati."
"visura-storica","FM","MAGLIANO DI TENNA","8","272","49","F","","analitica","","","PVP sales 5 (1957986,2045071,2102114,4212117,4274729); Storica Analitica visura per immobile - Catasto Fabbricati."
"visura-storica","FM","MAGLIANO DI TENNA","8","272","9","F","","analitica","","","PVP sales 5 (1957986,2045071,2102114,4212117,4274729); Storica Analitica visura per immobile - Catasto Fabbricati."
"visura-storica","FM","MAGLIANO DI TENNA","9","200","1","F","","analitica","","","PVP sales 1 (1958174); Storica Analitica visura per immobile - Catasto Fabbricati."
"visura-storica","FM","MAGLIANO DI TENNA","9","200","2","F","","analitica","","","PVP sales 1 (1958174); Storica Analitica visura per immobile - Catasto Fabbricati."
"visura-storica","FM","MAGLIANO DI TENNA","9","200","3","F","","analitica","","","PVP sales 1 (1958174); Storica Analitica visura per immobile - Catasto Fabbricati."
"visura-storica","FM","MAGLIANO DI TENNA","9","275","","F","","analitica","","","PVP sales 1 (1788322); Storica Analitica visura per immobile - Catasto Fabbricati."
"visura-storica","FM","MAGLIANO DI TENNA","9","275","","T","","analitica","","","PVP sales 1 (1788322); Storica Analitica visura per immobile - Catasto Terreni."
"visura-storica","FM","MASSA FERMANA","4","121","","F","","analitica","","","PVP sales 3 (4431531,4478053,4519914); Storica Analitica visura per immobile - Catasto Fabbricati."
"visura-storica","FM","MASSA FERMANA","4","121","","T","","analitica","","","PVP sales 3 (4431531,4478053,4519914); Storica Analitica visura per immobile - Catasto Terreni."
"visura-storica","FM","MASSA FERMANA","4","121","4","F","","analitica","","","PVP sales 2 (2082389,4246638); Storica Analitica visura per immobile - Catasto Fabbricati."
"visura-storica","FM","MASSA FERMANA","4","177","10","F","","analitica","","","PVP sales 2 (4237503,4339848); Storica Analitica visura per immobile - Catasto Fabbricati."
"visura-storica","FM","MASSA FERMANA","4","177","11","F","","analitica","","","PVP sales 2 (4237503,4339848); Storica Analitica visura per immobile - Catasto Fabbricati."
"visura-storica","FM","MASSA FERMANA","4","177","12","F","","analitica","","","PVP sales 2 (4237503,4339848); Storica Analitica visura per immobile - Catasto Fabbricati."
"visura-storica","FM","MASSA FERMANA","4","177","7","F","","analitica","","","PVP sales 2 (4237503,4339848); Storica Analitica visura per immobile - Catasto Fabbricati."
"visura-storica","FM","MASSA FERMANA","4","254","","F","","analitica","","","PVP sales 1 (4237736); Storica Analitica visura per immobile - Catasto Fabbricati."
"visura-storica","FM","MASSA FERMANA","4","39","2","F","","analitica","","","PVP sales 1 (4237736); Storica Analitica visura per immobile - Catasto Fabbricati."
"visura-storica","FM","MASSA FERMANA","4","41","12","F","","analitica","","","PVP sales 1 (4237736); Storica Analitica visura per immobile - Catasto Fabbricati."
"visura-storica","FM","MASSA FERMANA","7","109","4","F","","analitica","","","PVP sales 2 (4466200,4512857); Storica Analitica visura per immobile - Catasto Fabbricati."
"visura-storica","FM","MASSA FERMANA","7","115","1","F","","analitica","","","PVP sales 3 (1678769,1748254,1924753); Storica Analitica visura per immobile - Catasto Fabbricati."
"visura-storica","FM","MASSA FERMANA","7","115","3","F","","analitica","","","PVP sales 3 (1678769,1748254,1924753); Storica Analitica visura per immobile - Catasto Fabbricati."
"visura-storica","FM","MASSA FERMANA","7","121","","F","","analitica","","","PVP sales 2 (2134164,2256585); Storica Analitica visura per immobile - Catasto Fabbricati."
"visura-storica","FM","MASSA FERMANA","7","121","","T","","analitica","","","PVP sales 2 (2134164,2256585); Storica Analitica visura per immobile - Catasto Terreni."
"visura-storica","FM","MASSA FERMANA","7","121","1","F","","analitica","","","PVP sales 1 (4516751); Storica Analitica visura per immobile - Catasto Fabbricati."
"visura-storica","FM","MASSA FERMANA","7","121","2","F","","analitica","","","PVP sales 1 (4516751); Storica Analitica visura per immobile - Catasto Fabbricati."
"visura-storica","FM","MASSA FERMANA","7","154","2","F","","analitica","","","PVP sales 4 (2074274,2074280,4472436,4537053); Storica Analitica visura per immobile - Catasto Fabbricati."
"visura-storica","FM","MASSA FERMANA","7","154","3","F","","analitica","","","PVP sales 4 (2074274,2074280,4472436,4537053); Storica Analitica visura per immobile - Catasto Fabbricati."
"visura-storica","FM","MASSA FERMANA","7","422","1","F","","analitica","","","PVP sales 2 (4509382,4509391); Storica Analitica visura per immobile - Catasto Fabbricati."
"visura-storica","FM","MASSA FERMANA","7","422","2","F","","analitica","","","PVP sales 2 (4509382,4509391); Storica Analitica visura per immobile - Catasto Fabbricati."
"visura-storica","FM","MASSA FERMANA","7","452","1","F","","analitica","","","PVP sales 2 (2074229,2148122); Storica Analitica visura per immobile - Catasto Fabbricati."
"visura-storica","FM","MASSA FERMANA","7","452","2","F","","analitica","","","PVP sales 2 (2074229,2148122); Storica Analitica visura per immobile - Catasto Fabbricati."
"visura-storica","FM","MASSA FERMANA","7","97","","F","","analitica","","","PVP sales 10 (2139207,4415425,4415462,4415473,4415480 +5 more); Storica Analitica visura per immobile - Catasto Fabbricati."
"visura-storica","FM","MASSA FERMANA","7","97","","T","","analitica","","","PVP sales 10 (2139207,4415425,4415462,4415473,4415480 +5 more); Storica Analitica visura per immobile - Catasto Terreni."
"visura-storica","FM","MASSA FERMANA","7","97","10","F","","analitica","","","PVP sales 1 (4487370); Storica Analitica visura per immobile - Catasto Fabbricati."
"visura-storica","FM","MASSA FERMANA","7","97","3","F","","analitica","","","PVP sales 2 (4487346,4552002); Storica Analitica visura per immobile - Catasto Fabbricati."
"visura-storica","FM","MASSA FERMANA","7","97","4","F","","analitica","","","PVP sales 1 (4487347); Storica Analitica visura per immobile - Catasto Fabbricati."
"visura-storica","FM","MASSA FERMANA","7","97","7","F","","analitica","","","PVP sales 1 (4487347); Storica Analitica visura per immobile - Catasto Fabbricati."
"visura-storica","FM","MASSA FERMANA","7","97","8","F","","analitica","","","PVP sales 1 (4487348); Storica Analitica visura per immobile - Catasto Fabbricati."
"visura-storica","FM","MASSA FERMANA","7","97","9","F","","analitica","","","PVP sales 1 (4487369); Storica Analitica visura per immobile - Catasto Fabbricati."
"visura-storica","FM","MONSAMPIETRO MORICO","3","100","","F","","analitica","","","PVP sales 2 (4464131,4464192); Storica Analitica visura per immobile - Catasto Fabbricati."
"visura-storica","FM","MONSAMPIETRO MORICO","8","218","","F","","analitica","","","PVP sales 1 (4544122); Storica Analitica visura per immobile - Catasto Fabbricati."
"visura-storica","FM","MONSAMPIETRO MORICO","8","218","","T","","analitica","","","PVP sales 1 (4544122); Storica Analitica visura per immobile - Catasto Terreni."
"visura-storica","FM","MONTAPPONE","10","13","","F","","analitica","","","PVP sales 2 (507336,704609); Storica Analitica visura per immobile - Catasto Fabbricati."
"visura-storica","FM","MONTAPPONE","10","13","","T","","analitica","","","PVP sales 2 (507336,704609); Storica Analitica visura per immobile - Catasto Terreni."
"visura-storica","FM","MONTAPPONE","10","14","","F","","analitica","","","PVP sales 2 (507336,704609); Storica Analitica visura per immobile - Catasto Fabbricati."
"visura-storica","FM","MONTAPPONE","10","14","","T","","analitica","","","PVP sales 2 (507336,704609); Storica Analitica visura per immobile - Catasto Terreni."
"visura-storica","FM","MONTAPPONE","10","336","","F","","analitica","","","PVP sales 2 (507336,704609); Storica Analitica visura per immobile - Catasto Fabbricati."
"visura-storica","FM","MONTAPPONE","10","336","","T","","analitica","","","PVP sales 2 (507336,704609); Storica Analitica visura per immobile - Catasto Terreni."
"visura-storica","FM","MONTAPPONE","10","338","","F","","analitica","","","PVP sales 2 (507336,704609); Storica Analitica visura per immobile - Catasto Fabbricati."
"visura-storica","FM","MONTAPPONE","10","338","","T","","analitica","","","PVP sales 2 (507336,704609); Storica Analitica visura per immobile - Catasto Terreni."
"visura-storica","FM","MONTAPPONE","11","12","10","F","","analitica","","","PVP sales 3 (4341608,4476477,4563549); Storica Analitica visura per immobile - Catasto Fabbricati."
"visura-storica","FM","MONTAPPONE","11","12","11","F","","analitica","","","PVP sales 3 (4341534,4476407,4563502); Storica Analitica visura per immobile - Catasto Fabbricati."
"visura-storica","FM","MONTAPPONE","11","12","12","F","","analitica","","","PVP sales 3 (4341514,4476375,4563493); Storica Analitica visura per immobile - Catasto Fabbricati."
"visura-storica","FM","MONTAPPONE","11","12","13","F","","analitica","","","PVP sales 3 (4341591,4476482,4563568); Storica Analitica visura per immobile - Catasto Fabbricati."
"visura-storica","FM","MONTAPPONE","11","12","7","F","","analitica","","","PVP sales 3 (4341580,4476445,4563506); Storica Analitica visura per immobile - Catasto Fabbricati."
"visura-storica","FM","MONTAPPONE","11","12","8","F","","analitica","","","PVP sales 3 (4341580,4476445,4563506); Storica Analitica visura per immobile - Catasto Fabbricati."
"visura-storica","FM","MONTAPPONE","11","12","9","F","","analitica","","","PVP sales 3 (4341514,4476375,4563493); Storica Analitica visura per immobile - Catasto Fabbricati."
"visura-storica","FM","MONTAPPONE","11","182","","F","","analitica","","","PVP sales 1 (4550818); Storica Analitica visura per immobile - Catasto Fabbricati."
"visura-storica","FM","MONTAPPONE","11","182","","T","","analitica","","","PVP sales 1 (4550818); Storica Analitica visura per immobile - Catasto Terreni."
"visura-storica","FM","MONTAPPONE","11","366","","F","","analitica","","","PVP sales 3 (2166443,4263351,4518104); Storica Analitica visura per immobile - Catasto Fabbricati."
"visura-storica","FM","MONTAPPONE","11","366","","T","","analitica","","","PVP sales 1 (2166443); Storica Analitica visura per immobile - Catasto Terreni."
"visura-storica","FM","MONTAPPONE","11","6","10","F","","analitica","","","PVP sales 3 (4340845,4476356,4563419); Storica Analitica visura per immobile - Catasto Fabbricati."
"visura-storica","FM","MONTAPPONE","11","6","18","F","","analitica","","","PVP sales 3 (4340845,4476356,4563419); Storica Analitica visura per immobile - Catasto Fabbricati."
"visura-storica","FM","MONTAPPONE","11","6","31","F","","analitica","","","PVP sales 3 (4340845,4476356,4563419); Storica Analitica visura per immobile - Catasto Fabbricati."
"visura-storica","FM","MONTAPPONE","12","274","5","F","","analitica","","","PVP sales 1 (2162949); Storica Analitica visura per immobile - Catasto Fabbricati."
"visura-storica","FM","MONTAPPONE","12","274","6","F","","analitica","","","PVP sales 1 (2162954); Storica Analitica visura per immobile - Catasto Fabbricati."
"visura-storica","FM","MONTAPPONE","2","147","","F","","analitica","","","PVP sales 1 (4550846); Storica Analitica visura per immobile - Catasto Fabbricati."
"visura-storica","FM","MONTAPPONE","2","147","","T","","analitica","","","PVP sales 1 (4550846); Storica Analitica visura per immobile - Catasto Terreni."
"visura-storica","FM","MONTAPPONE","4","179","3","F","","analitica","","","PVP sales 3 (4345554,4468447,4535856); Storica Analitica visura per immobile - Catasto Fabbricati."
"visura-storica","FM","MONTAPPONE","4","567","2","F","","analitica","","","PVP sales 3 (491908,738837,742349); Storica Analitica visura per immobile - Catasto Fabbricati."
"visura-storica","FM","MONTAPPONE","4","567","3","F","","analitica","","","PVP sales 3 (491908,738837,742349); Storica Analitica visura per immobile - Catasto Fabbricati."
"visura-storica","FM","MONTAPPONE","4","567","4","F","","analitica","","","PVP sales 3 (491908,738837,742349); Storica Analitica visura per immobile - Catasto Fabbricati."
"visura-storica","FM","MONTAPPONE","4","567","5","F","","analitica","","","PVP sales 3 (491908,738837,742349); Storica Analitica visura per immobile - Catasto Fabbricati."
"visura-storica","FM","MONTAPPONE","4","669","4","F","","analitica","","","PVP sales 1 (2256878); Storica Analitica visura per immobile - Catasto Fabbricati."
"visura-storica","FM","MONTAPPONE","4","669","8","F","","analitica","","","PVP sales 1 (2256878); Storica Analitica visura per immobile - Catasto Fabbricati."
"visura-storica","FM","MONTAPPONE","5","142","10","F","","analitica","","","PVP sales 1 (4550798); Storica Analitica visura per immobile - Catasto Fabbricati."
"visura-storica","FM","MONTAPPONE","5","142","11","F","","analitica","","","PVP sales 1 (4550798); Storica Analitica visura per immobile - Catasto Fabbricati."
"visura-storica","FM","MONTAPPONE","5","142","5","F","","analitica","","","PVP sales 1 (4550798); Storica Analitica visura per immobile - Catasto Fabbricati."
"visura-storica","FM","MONTAPPONE","5","142","6","F","","analitica","","","PVP sales 1 (4550798); Storica Analitica visura per immobile - Catasto Fabbricati."
"visura-storica","FM","MONTAPPONE","5","142","7","F","","analitica","","","PVP sales 1 (4550798); Storica Analitica visura per immobile - Catasto Fabbricati."
"visura-storica","FM","MONTAPPONE","5","142","8","F","","analitica","","","PVP sales 1 (4550798); Storica Analitica visura per immobile - Catasto Fabbricati."
"visura-storica","FM","MONTAPPONE","5","142","9","F","","analitica","","","PVP sales 1 (4550798); Storica Analitica visura per immobile - Catasto Fabbricati."
"visura-storica","FM","MONTAPPONE","5","59","","F","","analitica","","","PVP sales 1 (4512736); Storica Analitica visura per immobile - Catasto Fabbricati."
"visura-storica","FM","MONTAPPONE","5","74","2","F","","analitica","","","PVP sales 1 (4214106); Storica Analitica visura per immobile - Catasto Fabbricati."
"visura-storica","FM","MONTAPPONE","5","74","3","F","","analitica","","","PVP sales 1 (4214106); Storica Analitica visura per immobile - Catasto Fabbricati."
"visura-storica","FM","MONTAPPONE","5","74","4","F","","analitica","","","PVP sales 1 (4214106); Storica Analitica visura per immobile - Catasto Fabbricati."
"visura-storica","FM","MONTAPPONE","5","74","5","F","","analitica","","","PVP sales 1 (4214106); Storica Analitica visura per immobile - Catasto Fabbricati."
"visura-storica","FM","MONTAPPONE","6","577","10","F","","analitica","","","PVP sales 1 (4550750); Storica Analitica visura per immobile - Catasto Fabbricati."
"visura-storica","FM","MONTAPPONE","6","577","11","F","","analitica","","","PVP sales 1 (4550755); Storica Analitica visura per immobile - Catasto Fabbricati."
"visura-storica","FM","MONTAPPONE","6","577","12","F","","analitica","","","PVP sales 1 (4550763); Storica Analitica visura per immobile - Catasto Fabbricati."
"visura-storica","FM","MONTAPPONE","6","577","13","F","","analitica","","","PVP sales 1 (4550772); Storica Analitica visura per immobile - Catasto Fabbricati."
"visura-storica","FM","MONTAPPONE","6","577","7","F","","analitica","","","PVP sales 1 (4550681); Storica Analitica visura per immobile - Catasto Fabbricati."
"visura-storica","FM","MONTAPPONE","6","577","8","F","","analitica","","","PVP sales 1 (4550720); Storica Analitica visura per immobile - Catasto Fabbricati."
"visura-storica","FM","MONTAPPONE","6","577","9","F","","analitica","","","PVP sales 1 (4550746); Storica Analitica visura per immobile - Catasto Fabbricati."
"visura-storica","FM","MONTE GIBERTO","5","224","2","F","","analitica","","","PVP sales 1 (2137498); Storica Analitica visura per immobile - Catasto Fabbricati."
"visura-storica","FM","MONTE GIBERTO","5","244","","F","","analitica","","","PVP sales 1 (2137480); Storica Analitica visura per immobile - Catasto Fabbricati."
"visura-storica","FM","MONTE GIBERTO","5","244","","T","","analitica","","","PVP sales 1 (2137480); Storica Analitica visura per immobile - Catasto Terreni."
"visura-storica","FM","MONTE GIBERTO","7","23","","F","","analitica","","","PVP sales 1 (4465221); Storica Analitica visura per immobile - Catasto Fabbricati."
"visura-storica","FM","MONTE GIBERTO","7","23","","T","","analitica","","","PVP sales 1 (4465221); Storica Analitica visura per immobile - Catasto Terreni."
"visura-storica","FM","MONTE GIBERTO","7","23","4","F","","analitica","","","PVP sales 2 (2123839,2123970); Storica Analitica visura per immobile - Catasto Fabbricati."
"visura-storica","FM","MONTE GIBERTO","7","23","5","F","","analitica","","","PVP sales 1 (2123839); Storica Analitica visura per immobile - Catasto Fabbricati."
"visura-storica","FM","MONTE GIBERTO","8","294","4","F","","analitica","","","PVP sales 1 (1499013); Storica Analitica visura per immobile - Catasto Fabbricati."
"visura-storica","FM","MONTE GIBERTO","9","233","11","F","","analitica","","","PVP sales 3 (1982012,2065181,2065265); Storica Analitica visura per immobile - Catasto Fabbricati."
"visura-storica","FM","MONTE GIBERTO","9","233","12","F","","analitica","","","PVP sales 3 (1982012,2065181,2065265); Storica Analitica visura per immobile - Catasto Fabbricati."
"visura-storica","FM","MONTE SAN PIETRANGELI","13","240","","F","","analitica","","","PVP sales 1 (4338011); Storica Analitica visura per immobile - Catasto Fabbricati."
"visura-storica","FM","MONTE SAN PIETRANGELI","13","240","","T","","analitica","","","PVP sales 1 (4338011); Storica Analitica visura per immobile - Catasto Terreni."
"visura-storica","FM","MONTE SAN PIETRANGELI","13","240","5","F","","analitica","","","PVP sales 2 (4434460,4510935); Storica Analitica visura per immobile - Catasto Fabbricati."
"visura-storica","FM","MONTE SAN PIETRANGELI","13","240","7","F","","analitica","","","PVP sales 2 (4434460,4510935); Storica Analitica visura per immobile - Catasto Fabbricati."
"visura-storica","FM","MONTE SAN PIETRANGELI","13","384","9","F","","analitica","","","PVP sales 2 (4243128,4445967); Storica Analitica visura per immobile - Catasto Fabbricati."
"visura-storica","FM","MONTE SAN PIETRANGELI","14","175","4","F","","analitica","","","PVP sales 7 (2144302,2144335,2239601,4324528,4387580 +2 more); Storica Analitica visura per immobile - Catasto Fabbricati."
"visura-storica","FM","MONTE SAN PIETRANGELI","14","35","","F","","analitica","","","PVP sales 1 (2083775); Storica Analitica visura per immobile - Catasto Fabbricati."
"visura-storica","FM","MONTE SAN PIETRANGELI","14","35","","T","","analitica","","","PVP sales 1 (2083775); Storica Analitica visura per immobile - Catasto Terreni."
"visura-storica","FM","MONTE SAN PIETRANGELI","14","35","1","F","","analitica","","","PVP sales 2 (2133955,4230019); Storica Analitica visura per immobile - Catasto Fabbricati."
"visura-storica","FM","MONTE SAN PIETRANGELI","14","35","2","F","","analitica","","","PVP sales 2 (2133955,4230019); Storica Analitica visura per immobile - Catasto Fabbricati."
"visura-storica","FM","MONTE SAN PIETRANGELI","14","417","3","F","","analitica","","","PVP sales 2 (4438093,4507140); Storica Analitica visura per immobile - Catasto Fabbricati."
"visura-storica","FM","MONTE SAN PIETRANGELI","14","439","5","F","","analitica","","","PVP sales 1 (4396148); Storica Analitica visura per immobile - Catasto Fabbricati."
"visura-storica","FM","MONTE SAN PIETRANGELI","14","439","6","F","","analitica","","","PVP sales 1 (4495330); Storica Analitica visura per immobile - Catasto Fabbricati."
"visura-storica","FM","MONTE SAN PIETRANGELI","14","439","7","F","","analitica","","","PVP sales 1 (4495485); Storica Analitica visura per immobile - Catasto Fabbricati."
"visura-storica","FM","MONTE SAN PIETRANGELI","14","439","8","F","","analitica","","","PVP sales 1 (4495506); Storica Analitica visura per immobile - Catasto Fabbricati."
"visura-storica","FM","MONTE SAN PIETRANGELI","14","445","3","F","","analitica","","","PVP sales 1 (4394528); Storica Analitica visura per immobile - Catasto Fabbricati."
"visura-storica","FM","MONTE SAN PIETRANGELI","14","445","4","F","","analitica","","","PVP sales 1 (4394528); Storica Analitica visura per immobile - Catasto Fabbricati."
"visura-storica","FM","MONTE SAN PIETRANGELI","14","445","6","F","","analitica","","","PVP sales 1 (4395273); Storica Analitica visura per immobile - Catasto Fabbricati."
"visura-storica","FM","MONTE SAN PIETRANGELI","14","445","7","F","","analitica","","","PVP sales 1 (4395273); Storica Analitica visura per immobile - Catasto Fabbricati."
"visura-storica","FM","MONTE SAN PIETRANGELI","14","445","8","F","","analitica","","","PVP sales 1 (4395273); Storica Analitica visura per immobile - Catasto Fabbricati."
"visura-storica","FM","MONTE SAN PIETRANGELI","14","73","","F","","analitica","","","PVP sales 3 (2145953,4241732,4447877); Storica Analitica visura per immobile - Catasto Fabbricati."
"visura-storica","FM","MONTE SAN PIETRANGELI","16","5","","T","","analitica","","","PVP sales 4 (2145969,4241856,4345214,4448525); Storica Analitica visura per immobile - Catasto Terreni."
"visura-storica","FM","MONTE SAN PIETRANGELI","18","273","2","F","","analitica","","","PVP sales 1 (154304); Storica Analitica visura per immobile - Catasto Fabbricati."
"visura-storica","FM","MONTE SAN PIETRANGELI","8","107","","F","","analitica","","","PVP sales 1 (4246895); Storica Analitica visura per immobile - Catasto Fabbricati."
"visura-storica","FM","MONTE SAN PIETRANGELI","8","107","","T","","analitica","","","PVP sales 1 (4246895); Storica Analitica visura per immobile - Catasto Terreni."
"visura-storica","FM","MONTE SAN PIETRANGELI","8","112","","T","","analitica","","","PVP sales 4 (2145969,4241856,4345214,4448525); Storica Analitica visura per immobile - Catasto Terreni."
"visura-storica","FM","MONTE SAN PIETRANGELI","8","115","","F","","analitica","","","PVP sales 1 (4246895); Storica Analitica visura per immobile - Catasto Fabbricati."
"visura-storica","FM","MONTE SAN PIETRANGELI","8","115","","T","","analitica","","","PVP sales 1 (4246895); Storica Analitica visura per immobile - Catasto Terreni."
"visura-storica","FM","MONTE SAN PIETRANGELI","8","140","","T","","analitica","","","PVP sales 4 (2145969,4241856,4345214,4448525); Storica Analitica visura per immobile - Catasto Terreni."
"visura-storica","FM","MONTE SAN PIETRANGELI","8","146","19","F","","analitica","","","PVP sales 1 (4246894); Storica Analitica visura per immobile - Catasto Fabbricati."
"visura-storica","FM","MONTE SAN PIETRANGELI","8","146","21","F","","analitica","","","PVP sales 1 (4246815); Storica Analitica visura per immobile - Catasto Fabbricati."
"visura-storica","FM","MONTE SAN PIETRANGELI","8","148","","T","","analitica","","","PVP sales 3 (2145959,4241706,4448448); Storica Analitica visura per immobile - Catasto Terreni."
"visura-storica","FM","MONTE SAN PIETRANGELI","8","171","","T","","analitica","","","PVP sales 3 (2145959,4241706,4448448); Storica Analitica visura per immobile - Catasto Terreni."
"visura-storica","FM","MONTE SAN PIETRANGELI","8","195","","T","","analitica","","","PVP sales 4 (2145969,4241856,4345214,4448525); Storica Analitica visura per immobile - Catasto Terreni."
"visura-storica","FM","MONTE SAN PIETRANGELI","8","198","","T","","analitica","","","PVP sales 4 (2145969,4241856,4345214,4448525); Storica Analitica visura per immobile - Catasto Terreni."
"visura-storica","FM","MONTE SAN PIETRANGELI","8","203","","T","","analitica","","","PVP sales 3 (2145959,4241706,4448448); Storica Analitica visura per immobile - Catasto Terreni."
"visura-storica","FM","MONTE SAN PIETRANGELI","8","217","15","F","","analitica","","","PVP sales 3 (2041120,2145896,2145923); Storica Analitica visura per immobile - Catasto Fabbricati."
"visura-storica","FM","MONTE SAN PIETRANGELI","8","217","16","F","","analitica","","","PVP sales 2 (2145949,4241718); Storica Analitica visura per immobile - Catasto Fabbricati."
"visura-storica","FM","MONTE SAN PIETRANGELI","8","349","","T","","analitica","","","PVP sales 4 (2145969,4241856,4345214,4448525); Storica Analitica visura per immobile - Catasto Terreni."
"visura-storica","FM","MONTE SAN PIETRANGELI","8","352","","T","","analitica","","","PVP sales 4 (2145969,4241856,4345214,4448525); Storica Analitica visura per immobile - Catasto Terreni."
"visura-storica","FM","MONTE SAN PIETRANGELI","8","360","","F","","analitica","","","PVP sales 1 (4395366); Storica Analitica visura per immobile - Catasto Fabbricati."
"visura-storica","FM","MONTE SAN PIETRANGELI","8","360","","T","","analitica","","","PVP sales 1 (4395366); Storica Analitica visura per immobile - Catasto Terreni."
"visura-storica","FM","MONTE SAN PIETRANGELI","8","74","","T","","analitica","","","PVP sales 3 (2145959,4241706,4448448); Storica Analitica visura per immobile - Catasto Terreni."
"visura-storica","FM","MONTE SAN PIETRANGELI","9","317","1","F","","analitica","","","PVP sales 1 (4240291); Storica Analitica visura per immobile - Catasto Fabbricati."
"visura-storica","FM","MONTE SAN PIETRANGELI","9","560","2","F","","analitica","","","PVP sales 2 (1694736,2120114); Storica Analitica visura per immobile - Catasto Fabbricati."
"visura-storica","FM","MONTE URANO","1","18","","T","","analitica","","","PVP sales 3 (248991,549225,751756); Storica Analitica visura per immobile - Catasto Terreni."
"visura-storica","FM","MONTE URANO","1","184","","T","","analitica","","","PVP sales 3 (248991,549225,751756); Storica Analitica visura per immobile - Catasto Terreni."
"visura-storica","FM","MONTE URANO","1","20","","F","","analitica","","","PVP sales 1 (766601); Storica Analitica visura per immobile - Catasto Fabbricati."
"visura-storica","FM","MONTE URANO","1","20","","T","","analitica","","","PVP sales 1 (766601); Storica Analitica visura per immobile - Catasto Terreni."
"visura-storica","FM","MONTE URANO","1","213","","F","","analitica","","","PVP sales 1 (4419347); Storica Analitica visura per immobile - Catasto Fabbricati."
"visura-storica","FM","MONTE URANO","1","231","","F","","analitica","","","PVP sales 1 (766601); Storica Analitica visura per immobile - Catasto Fabbricati."
"visura-storica","FM","MONTE URANO","1","231","","T","","analitica","","","PVP sales 1 (766601); Storica Analitica visura per immobile - Catasto Terreni."
"visura-storica","FM","MONTE URANO","1","354","18","F","","analitica","","","PVP sales 1 (4492056); Storica Analitica visura per immobile - Catasto Fabbricati."
"visura-storica","FM","MONTE URANO","1","354","7","F","","analitica","","","PVP sales 1 (4492057); Storica Analitica visura per immobile - Catasto Fabbricati."
"visura-storica","FM","MONTE URANO","1","402","","F","","analitica","","","PVP sales 2 (345095,751756); Storica Analitica visura per immobile - Catasto Fabbricati."
"visura-storica","FM","MONTE URANO","1","402","","T","","analitica","","","PVP sales 3 (248991,549225,751756); Storica Analitica visura per immobile - Catasto Terreni."
"visura-storica","FM","MONTE URANO","1","402","3","F","","analitica","","","PVP sales 1 (248991); Storica Analitica visura per immobile - Catasto Fabbricati."
"visura-storica","FM","MONTE URANO","1","402","4","F","","analitica","","","PVP sales 1 (248991); Storica Analitica visura per immobile - Catasto Fabbricati."
"visura-storica","FM","MONTE URANO","1","403","","T","","analitica","","","PVP sales 3 (248991,549225,751756); Storica Analitica visura per immobile - Catasto Terreni."
"visura-storica","FM","MONTE URANO","1","50","","F","","analitica","","","PVP sales 1 (766601); Storica Analitica visura per immobile - Catasto Fabbricati."
"visura-storica","FM","MONTE URANO","1","50","","T","","analitica","","","PVP sales 1 (766601); Storica Analitica visura per immobile - Catasto Terreni."
"visura-storica","FM","MONTE URANO","1","54","","F","","analitica","","","PVP sales 1 (766601); Storica Analitica visura per immobile - Catasto Fabbricati."
"visura-storica","FM","MONTE URANO","1","54","","T","","analitica","","","PVP sales 1 (766601); Storica Analitica visura per immobile - Catasto Terreni."
"visura-storica","FM","MONTE URANO","1","91","","F","","analitica","","","PVP sales 1 (766601); Storica Analitica visura per immobile - Catasto Fabbricati."
"visura-storica","FM","MONTE URANO","1","91","","T","","analitica","","","PVP sales 1 (766601); Storica Analitica visura per immobile - Catasto Terreni."
"visura-storica","FM","MONTE URANO","1","92","","F","","analitica","","","PVP sales 1 (766601); Storica Analitica visura per immobile - Catasto Fabbricati."
"visura-storica","FM","MONTE URANO","1","92","","T","","analitica","","","PVP sales 1 (766601); Storica Analitica visura per immobile - Catasto Terreni."
"visura-storica","FM","MONTE URANO","12","161","17","F","","analitica","","","PVP sales 1 (837806); Storica Analitica visura per immobile - Catasto Fabbricati."
"visura-storica","FM","MONTE URANO","12","161","8","F","","analitica","","","PVP sales 1 (837806); Storica Analitica visura per immobile - Catasto Fabbricati."
"visura-storica","FM","MONTE URANO","12","71","10","F","","analitica","","","PVP sales 1 (2074305); Storica Analitica visura per immobile - Catasto Fabbricati."
"visura-storica","FM","MONTE URANO","12","71","11","F","","analitica","","","PVP sales 1 (1979126); Storica Analitica visura per immobile - Catasto Fabbricati."
"visura-storica","FM","MONTE URANO","12","71","7","F","","analitica","","","PVP sales 1 (1979048); Storica Analitica visura per immobile - Catasto Fabbricati."
"visura-storica","FM","MONTE URANO","12","95","","F","","analitica","","","PVP sales 4 (2098863,2098870,2216605,2216611); Storica Analitica visura per immobile - Catasto Fabbricati."
"visura-storica","FM","MONTE URANO","12","95","10","F","","analitica","","","PVP sales 1 (2049876); Storica Analitica visura per immobile - Catasto Fabbricati."
"visura-storica","FM","MONTE URANO","13","115","5","F","","analitica","","","PVP sales 1 (982233); Storica Analitica visura per immobile - Catasto Fabbricati."
"visura-storica","FM","MONTE URANO","13","17","","F","","analitica","","","PVP sales 3 (4272832,4444529,4521583); Storica Analitica visura per immobile - Catasto Fabbricati."
"visura-storica","FM","MONTE URANO","13","17","","T","","analitica","","","PVP sales 3 (4272832,4444529,4521583); Storica Analitica visura per immobile - Catasto Terreni."
"visura-storica","FM","MONTE URANO","13","428","","F","","analitica","","","PVP sales 1 (4503701); Storica Analitica visura per immobile - Catasto Fabbricati."
"visura-storica","FM","MONTE URANO","13","428","","T","","analitica","","","PVP sales 1 (4503701); Storica Analitica visura per immobile - Catasto Terreni."
"visura-storica","FM","MONTE URANO","13","44","","F","","analitica","","","PVP sales 3 (4272832,4444529,4521583); Storica Analitica visura per immobile - Catasto Fabbricati."
"visura-storica","FM","MONTE URANO","13","44","","T","","analitica","","","PVP sales 3 (4272832,4444529,4521583); Storica Analitica visura per immobile - Catasto Terreni."
"visura-storica","FM","MONTE URANO","14","115","20","F","","analitica","","","PVP sales 3 (367225,505569,614004); Storica Analitica visura per immobile - Catasto Fabbricati."
"visura-storica","FM","MONTE URANO","14","126","16","F","","analitica","","","PVP sales 1 (4391402); Storica Analitica visura per immobile - Catasto Fabbricati."
"visura-storica","FM","MONTE URANO","14","293","15","F","","analitica","","","PVP sales 1 (2201693); Storica Analitica visura per immobile - Catasto Fabbricati."
"visura-storica","FM","MONTE URANO","14","293","7","F","","analitica","","","PVP sales 1 (2201693); Storica Analitica visura per immobile - Catasto Fabbricati."
"visura-storica","FM","MONTE URANO","14","76","12","F","","analitica","","","PVP sales 1 (4458286); Storica Analitica visura per immobile - Catasto Fabbricati."
"visura-storica","FM","MONTE URANO","15","116","","F","","analitica","","","PVP sales 2 (4451269,4451292); Storica Analitica visura per immobile - Catasto Fabbricati."
"visura-storica","FM","MONTE URANO","15","116","","T","","analitica","","","PVP sales 2 (4451269,4451292); Storica Analitica visura per immobile - Catasto Terreni."
"visura-storica","FM","MONTE URANO","15","165","","F","","analitica","","","PVP sales 1 (580890); Storica Analitica visura per immobile - Catasto Fabbricati."
"visura-storica","FM","MONTE URANO","16","164","3","F","","analitica","","","PVP sales 1 (1683269); Storica Analitica visura per immobile - Catasto Fabbricati."
"visura-storica","FM","MONTE URANO","16","164","5","F","","analitica","","","PVP sales 1 (1683269); Storica Analitica visura per immobile - Catasto Fabbricati."
"visura-storica","FM","MONTE URANO","16","164","7","F","","analitica","","","PVP sales 1 (1683269); Storica Analitica visura per immobile - Catasto Fabbricati."
"visura-storica","FM","MONTE URANO","16","228","","F","","analitica","","","PVP sales 2 (1412388,1515862); Storica Analitica visura per immobile - Catasto Fabbricati."
"visura-storica","FM","MONTE URANO","16","228","","T","","analitica","","","PVP sales 2 (1412388,1515862); Storica Analitica visura per immobile - Catasto Terreni."
"visura-storica","FM","MONTE URANO","16","247","","F","","analitica","","","PVP sales 2 (1943743,1992044); Storica Analitica visura per immobile - Catasto Fabbricati."
"visura-storica","FM","MONTE URANO","16","247","","T","","analitica","","","PVP sales 2 (1943743,1992044); Storica Analitica visura per immobile - Catasto Terreni."
"visura-storica","FM","MONTE URANO","16","278","","F","","analitica","","","PVP sales 2 (1412388,1515862); Storica Analitica visura per immobile - Catasto Fabbricati."
"visura-storica","FM","MONTE URANO","16","278","","T","","analitica","","","PVP sales 2 (1412388,1515862); Storica Analitica visura per immobile - Catasto Terreni."
"visura-storica","FM","MONTE URANO","16","470","","F","","analitica","","","PVP sales 2 (1412388,1515862); Storica Analitica visura per immobile - Catasto Fabbricati."
"visura-storica","FM","MONTE URANO","16","470","","T","","analitica","","","PVP sales 2 (1412388,1515862); Storica Analitica visura per immobile - Catasto Terreni."
"visura-storica","FM","MONTE URANO","16","481","","F","","analitica","","","PVP sales 2 (1412388,1515862); Storica Analitica visura per immobile - Catasto Fabbricati."
"visura-storica","FM","MONTE URANO","16","481","","T","","analitica","","","PVP sales 2 (1412388,1515862); Storica Analitica visura per immobile - Catasto Terreni."
"visura-storica","FM","MONTE URANO","16","485","","F","","analitica","","","PVP sales 2 (1412388,1515862); Storica Analitica visura per immobile - Catasto Fabbricati."
"visura-storica","FM","MONTE URANO","16","485","","T","","analitica","","","PVP sales 2 (1412388,1515862); Storica Analitica visura per immobile - Catasto Terreni."
"visura-storica","FM","MONTE URANO","16","618","","T","","analitica","","","PVP sales 1 (581333); Storica Analitica visura per immobile - Catasto Terreni."
"visura-storica","FM","MONTE URANO","16","631","","T","","analitica","","","PVP sales 1 (581333); Storica Analitica visura per immobile - Catasto Terreni."
"visura-storica","FM","MONTE URANO","16","643","","T","","analitica","","","PVP sales 1 (581333); Storica Analitica visura per immobile - Catasto Terreni."
"visura-storica","FM","MONTE URANO","16","647","","T","","analitica","","","PVP sales 1 (581333); Storica Analitica visura per immobile - Catasto Terreni."
"visura-storica","FM","MONTE URANO","16","649","","T","","analitica","","","PVP sales 1 (581333); Storica Analitica visura per immobile - Catasto Terreni."
"visura-storica","FM","MONTE URANO","27","500","","F","","analitica","","","PVP sales 1 (4411772); Storica Analitica visura per immobile - Catasto Fabbricati."
"visura-storica","FM","MONTE URANO","27","500","","T","","analitica","","","PVP sales 1 (4411772); Storica Analitica visura per immobile - Catasto Terreni."
"visura-storica","FM","MONTE URANO","3","170","1","F","","analitica","","","PVP sales 1 (4521630); Storica Analitica visura per immobile - Catasto Fabbricati."
"visura-storica","FM","MONTE URANO","3","172","6","F","","analitica","","","PVP sales 2 (1672770,1780111); Storica Analitica visura per immobile - Catasto Fabbricati."
"visura-storica","FM","MONTE URANO","3","172","9","F","","analitica","","","PVP sales 2 (4404242,4453612); Storica Analitica visura per immobile - Catasto Fabbricati."
"visura-storica","FM","MONTE URANO","3","279","10","F","","analitica","","","PVP sales 2 (4239432,4458058); Storica Analitica visura per immobile - Catasto Fabbricati."
"visura-storica","FM","MONTE URANO","3","279","7","F","","analitica","","","PVP sales 2 (4239432,4458058); Storica Analitica visura per immobile - Catasto Fabbricati."
"visura-storica","FM","MONTE URANO","3","356","7","F","","analitica","","","PVP sales 2 (4334720,4334759); Storica Analitica visura per immobile - Catasto Fabbricati."
"visura-storica","FM","MONTE URANO","3","433","","F","","analitica","","","PVP sales 1 (4419008); Storica Analitica visura per immobile - Catasto Fabbricati."
"visura-storica","FM","MONTE URANO","3","433","","T","","analitica","","","PVP sales 1 (4419008); Storica Analitica visura per immobile - Catasto Terreni."
"visura-storica","FM","MONTE URANO","3","433","17","F","","analitica","","","PVP sales 1 (4414401); Storica Analitica visura per immobile - Catasto Fabbricati."
"visura-storica","FM","MONTE URANO","3","433","29","F","","analitica","","","PVP sales 1 (4414401); Storica Analitica visura per immobile - Catasto Fabbricati."
"visura-storica","FM","MONTE URANO","3","437","","F","","analitica","","","PVP sales 8 (4400682,4400788,4400843,4486350,4486404 +3 more); Storica Analitica visura per immobile - Catasto Fabbricati."
"visura-storica","FM","MONTE URANO","3","437","","T","","analitica","","","PVP sales 8 (4400682,4400788,4400843,4486350,4486404 +3 more); Storica Analitica visura per immobile - Catasto Terreni."
"visura-storica","FM","MONTE URANO","3","437","10","F","","analitica","","","PVP sales 2 (4486350,4552459); Storica Analitica visura per immobile - Catasto Fabbricati."
"visura-storica","FM","MONTE URANO","3","437","3","F","","analitica","","","PVP sales 2 (4486408,4552523); Storica Analitica visura per immobile - Catasto Fabbricati."
"visura-storica","FM","MONTE URANO","3","437","9","F","","analitica","","","PVP sales 2 (4486404,4552535); Storica Analitica visura per immobile - Catasto Fabbricati."
"visura-storica","FM","MONTE URANO","3","463","","F","","analitica","","","PVP sales 3 (4400682,4486350,4552459); Storica Analitica visura per immobile - Catasto Fabbricati."
"visura-storica","FM","MONTE URANO","3","463","","T","","analitica","","","PVP sales 3 (4400682,4486350,4552459); Storica Analitica visura per immobile - Catasto Terreni."
"visura-storica","FM","MONTE URANO","3","486","21","F","","analitica","","","PVP sales 1 (2149271); Storica Analitica visura per immobile - Catasto Fabbricati."
"visura-storica","FM","MONTE URANO","3","486","22","F","","analitica","","","PVP sales 1 (2149271); Storica Analitica visura per immobile - Catasto Fabbricati."
"visura-storica","FM","MONTE URANO","3","516","1","F","","analitica","","","PVP sales 2 (1977194,2080780); Storica Analitica visura per immobile - Catasto Fabbricati."
"visura-storica","FM","MONTE URANO","3","911","","F","","analitica","","","PVP sales 1 (2231887); Storica Analitica visura per immobile - Catasto Fabbricati."
"visura-storica","FM","MONTE URANO","3","911","","T","","analitica","","","PVP sales 1 (2231887); Storica Analitica visura per immobile - Catasto Terreni."
"visura-storica","FM","MONTE URANO","4","203","","F","","analitica","","","PVP sales 1 (4508540); Storica Analitica visura per immobile - Catasto Fabbricati."
"visura-storica","FM","MONTE URANO","4","203","","T","","analitica","","","PVP sales 1 (4508540); Storica Analitica visura per immobile - Catasto Terreni."
"visura-storica","FM","MONTE URANO","4","204","","F","","analitica","","","PVP sales 1 (4508540); Storica Analitica visura per immobile - Catasto Fabbricati."
"visura-storica","FM","MONTE URANO","4","204","","T","","analitica","","","PVP sales 1 (4508540); Storica Analitica visura per immobile - Catasto Terreni."
"visura-storica","FM","MONTE URANO","4","207","17","F","","analitica","","","PVP sales 2 (4275689,4341743); Storica Analitica visura per immobile - Catasto Fabbricati."
"visura-storica","FM","MONTE URANO","4","319","16","F","","analitica","","","PVP sales 1 (2117468); Storica Analitica visura per immobile - Catasto Fabbricati."
"visura-storica","FM","MONTE URANO","4","319","22","F","","analitica","","","PVP sales 1 (2117468); Storica Analitica visura per immobile - Catasto Fabbricati."
"visura-storica","FM","MONTE URANO","4","36","3","F","","analitica","","","PVP sales 3 (4409283,4502173,4565466); Storica Analitica visura per immobile - Catasto Fabbricati."
"visura-storica","FM","MONTE URANO","4","575","","F","","analitica","","","PVP sales 1 (4508540); Storica Analitica visura per immobile - Catasto Fabbricati."
"visura-storica","FM","MONTE URANO","4","575","","T","","analitica","","","PVP sales 1 (4508540); Storica Analitica visura per immobile - Catasto Terreni."
"visura-storica","FM","MONTE URANO","4","578","","F","","analitica","","","PVP sales 1 (4508540); Storica Analitica visura per immobile - Catasto Fabbricati."
"visura-storica","FM","MONTE URANO","4","578","","T","","analitica","","","PVP sales 1 (4508540); Storica Analitica visura per immobile - Catasto Terreni."
"visura-storica","FM","MONTE URANO","4","581","","F","","analitica","","","PVP sales 1 (4508540); Storica Analitica visura per immobile - Catasto Fabbricati."
"visura-storica","FM","MONTE URANO","4","581","","T","","analitica","","","PVP sales 1 (4508540); Storica Analitica visura per immobile - Catasto Terreni."
"visura-storica","FM","MONTE URANO","4","67","1","F","","analitica","","","PVP sales 1 (4458132); Storica Analitica visura per immobile - Catasto Fabbricati."
"visura-storica","FM","MONTE URANO","4","674","","F","","analitica","","","PVP sales 1 (4508218); Storica Analitica visura per immobile - Catasto Fabbricati."
"visura-storica","FM","MONTE URANO","4","674","","T","","analitica","","","PVP sales 1 (4508218); Storica Analitica visura per immobile - Catasto Terreni."
"visura-storica","FM","MONTE URANO","4","771","2","F","","analitica","","","PVP sales 1 (4508097); Storica Analitica visura per immobile - Catasto Fabbricati."
"visura-storica","FM","MONTE URANO","4","771","7","F","","analitica","","","PVP sales 1 (4508097); Storica Analitica visura per immobile - Catasto Fabbricati."
"visura-storica","FM","MONTE URANO","7","171","8","F","","analitica","","","PVP sales 2 (2111589,2111656); Storica Analitica visura per immobile - Catasto Fabbricati."
"visura-storica","FM","MONTE URANO","7","182","","F","","analitica","","","PVP sales 1 (4466761); Storica Analitica visura per immobile - Catasto Fabbricati."
"visura-storica","FM","MONTE URANO","7","182","","T","","analitica","","","PVP sales 1 (4466761); Storica Analitica visura per immobile - Catasto Terreni."
"visura-storica","FM","MONTE URANO","7","298","10","F","","analitica","","","PVP sales 2 (1990338,2061115); Storica Analitica visura per immobile - Catasto Fabbricati."
"visura-storica","FM","MONTE URANO","7","298","22","F","","analitica","","","PVP sales 2 (1990338,2061115); Storica Analitica visura per immobile - Catasto Fabbricati."
"visura-storica","FM","MONTE URANO","7","31","","F","","analitica","","","PVP sales 6 (4316830,4316922,4450420,4450482,4507785 +1 more); Storica Analitica visura per immobile - Catasto Fabbricati."
"visura-storica","FM","MONTE URANO","7","31","","T","","analitica","","","PVP sales 6 (4316830,4316922,4450420,4450482,4507785 +1 more); Storica Analitica visura per immobile - Catasto Terreni."
"visura-storica","FM","MONTE URANO","7","376","","F","","analitica","","","PVP sales 2 (4411745,4503701); Storica Analitica visura per immobile - Catasto Fabbricati."
"visura-storica","FM","MONTE URANO","7","376","","T","","analitica","","","PVP sales 2 (4411745,4503701); Storica Analitica visura per immobile - Catasto Terreni."
"visura-storica","FM","MONTE URANO","8","213","14","F","","analitica","","","PVP sales 2 (2059990,2149162); Storica Analitica visura per immobile - Catasto Fabbricati."
"visura-storica","FM","MONTE URANO","8","213","3","F","","analitica","","","PVP sales 2 (2059990,2149162); Storica Analitica visura per immobile - Catasto Fabbricati."
"visura-storica","FM","MONTE URANO","9","1048","","T","","analitica","","","PVP sales 2 (4442890,4536520); Storica Analitica visura per immobile - Catasto Terreni."
"visura-storica","FM","MONTE URANO","9","1083","","F","","analitica","","","PVP sales 1 (2198087); Storica Analitica visura per immobile - Catasto Fabbricati."
"visura-storica","FM","MONTE URANO","9","1083","","T","","analitica","","","PVP sales 3 (2198087,4442890,4536520); Storica Analitica visura per immobile - Catasto Terreni."
"visura-storica","FM","MONTE URANO","9","1084","","F","","analitica","","","PVP sales 1 (2198087); Storica Analitica visura per immobile - Catasto Fabbricati."
"visura-storica","FM","MONTE URANO","9","1084","","T","","analitica","","","PVP sales 1 (2198087); Storica Analitica visura per immobile - Catasto Terreni."
"visura-storica","FM","MONTE URANO","9","1155","11","F","","analitica","","","PVP sales 1 (2017495); Storica Analitica visura per immobile - Catasto Fabbricati."
"visura-storica","FM","MONTE URANO","9","1155","3","F","","analitica","","","PVP sales 1 (2017495); Storica Analitica visura per immobile - Catasto Fabbricati."
"visura-storica","FM","MONTE URANO","9","1175","12","F","","analitica","","","PVP sales 2 (2192086,2192093); Storica Analitica visura per immobile - Catasto Fabbricati."
"visura-storica","FM","MONTE URANO","9","18","8","F","","analitica","","","PVP sales 1 (4525947); Storica Analitica visura per immobile - Catasto Fabbricati."
"visura-storica","FM","MONTE URANO","9","185","5","F","","analitica","","","PVP sales 1 (1826216); Storica Analitica visura per immobile - Catasto Fabbricati."
"visura-storica","FM","MONTE URANO","9","233","15","F","","analitica","","","PVP sales 2 (2108694,2109023); Storica Analitica visura per immobile - Catasto Fabbricati."
"visura-storica","FM","MONTE URANO","9","233","19","F","","analitica","","","PVP sales 2 (2108694,2109023); Storica Analitica visura per immobile - Catasto Fabbricati."
"visura-storica","FM","MONTE URANO","9","233","25","F","","analitica","","","PVP sales 2 (2108694,2109023); Storica Analitica visura per immobile - Catasto Fabbricati."
"visura-storica","FM","MONTE URANO","9","233","30","F","","analitica","","","PVP sales 2 (2108694,2109023); Storica Analitica visura per immobile - Catasto Fabbricati."
"visura-storica","FM","MONTE URANO","9","233","31","F","","analitica","","","PVP sales 2 (2108694,2109023); Storica Analitica visura per immobile - Catasto Fabbricati."
"visura-storica","FM","MONTE URANO","9","233","33","F","","analitica","","","PVP sales 2 (2108694,2109023); Storica Analitica visura per immobile - Catasto Fabbricati."
"visura-storica","FM","MONTE URANO","9","333","16","F","","analitica","","","PVP sales 3 (2111198,4231201,4397246); Storica Analitica visura per immobile - Catasto Fabbricati."
"visura-storica","FM","MONTE URANO","9","333","21","F","","analitica","","","PVP sales 3 (2111189,2111251,4230558); Storica Analitica visura per immobile - Catasto Fabbricati."
"visura-storica","FM","MONTE URANO","9","333","23","F","","analitica","","","PVP sales 4 (2111199,2190971,4231205,4397251); Storica Analitica visura per immobile - Catasto Fabbricati."
"visura-storica","FM","MONTE URANO","9","333","24","F","","analitica","","","PVP sales 3 (2190967,4231185,4324635); Storica Analitica visura per immobile - Catasto Fabbricati."
"visura-storica","FM","MONTE URANO","9","361","","F","","analitica","","","PVP sales 1 (4422896); Storica Analitica visura per immobile - Catasto Fabbricati."
"visura-storica","FM","MONTE URANO","9","361","","T","","analitica","","","PVP sales 1 (4422896); Storica Analitica visura per immobile - Catasto Terreni."
"visura-storica","FM","MONTE URANO","9","880","10","F","","analitica","","","PVP sales 2 (2198082,4442853); Storica Analitica visura per immobile - Catasto Fabbricati."
"visura-storica","FM","MONTE URANO","9","880","7","F","","analitica","","","PVP sales 2 (2198085,4536461); Storica Analitica visura per immobile - Catasto Fabbricati."
"visura-storica","FM","MONTE URANO","9","880","8","F","","analitica","","","PVP sales 3 (2198086,4442901,4536492); Storica Analitica visura per immobile - Catasto Fabbricati."
"visura-storica","FM","MONTE URANO","9","880","9","F","","analitica","","","PVP sales 3 (2198080,4356136,4442921); Storica Analitica visura per immobile - Catasto Fabbricati."
"visura-storica","FM","MONTE URANO","9","994","","F","","analitica","","","PVP sales 1 (2198087); Storica Analitica visura per immobile - Catasto Fabbricati."
"visura-storica","FM","MONTE URANO","9","994","","T","","analitica","","","PVP sales 3 (2198087,4442890,4536520); Storica Analitica visura per immobile - Catasto Terreni."
"visura-storica","FM","MONTE URANO","9","995","2","F","","analitica","","","PVP sales 3 (2198080,4356136,4442921); Storica Analitica visura per immobile - Catasto Fabbricati."
"visura-storica","FM","MONTE URANO","9","995","3","F","","analitica","","","PVP sales 2 (2198082,4442853); Storica Analitica visura per immobile - Catasto Fabbricati."
"visura-storica","FM","MONTE URANO","9","995","7","F","","analitica","","","PVP sales 2 (2198085,4442863); Storica Analitica visura per immobile - Catasto Fabbricati."
"visura-storica","FM","MONTE URANO","9","995","8","F","","analitica","","","PVP sales 1 (2198082); Storica Analitica visura per immobile - Catasto Fabbricati."
"visura-storica","FM","MONTE VIDON COMBATTE","10","10","","F","","analitica","","","PVP sales 1 (769650); Storica Analitica visura per immobile - Catasto Fabbricati."
"visura-storica","FM","MONTE VIDON COMBATTE","10","10","","T","","analitica","","","PVP sales 1 (769650); Storica Analitica visura per immobile - Catasto Terreni."
"visura-storica","FM","MONTE VIDON COMBATTE","10","197","","F","","analitica","","","PVP sales 1 (769650); Storica Analitica visura per immobile - Catasto Fabbricati."
"visura-storica","FM","MONTE VIDON COMBATTE","10","197","","T","","analitica","","","PVP sales 1 (769650); Storica Analitica visura per immobile - Catasto Terreni."
"visura-storica","FM","MONTE VIDON COMBATTE","10","198","","F","","analitica","","","PVP sales 1 (769650); Storica Analitica visura per immobile - Catasto Fabbricati."
"visura-storica","FM","MONTE VIDON COMBATTE","10","198","","T","","analitica","","","PVP sales 1 (769650); Storica Analitica visura per immobile - Catasto Terreni."
"visura-storica","FM","MONTE VIDON COMBATTE","10","199","","F","","analitica","","","PVP sales 1 (769650); Storica Analitica visura per immobile - Catasto Fabbricati."
"visura-storica","FM","MONTE VIDON COMBATTE","10","199","","T","","analitica","","","PVP sales 1 (769650); Storica Analitica visura per immobile - Catasto Terreni."
"visura-storica","FM","MONTE VIDON COMBATTE","10","324","","F","","analitica","","","PVP sales 2 (4488502,4535730); Storica Analitica visura per immobile - Catasto Fabbricati."
"visura-storica","FM","MONTE VIDON COMBATTE","10","324","","T","","analitica","","","PVP sales 2 (4488502,4535730); Storica Analitica visura per immobile - Catasto Terreni."
"visura-storica","FM","MONTE VIDON COMBATTE","10","357","","F","","analitica","","","PVP sales 2 (4488502,4535730); Storica Analitica visura per immobile - Catasto Fabbricati."
"visura-storica","FM","MONTE VIDON COMBATTE","10","357","","T","","analitica","","","PVP sales 2 (4488502,4535730); Storica Analitica visura per immobile - Catasto Terreni."
"visura-storica","FM","MONTE VIDON COMBATTE","10","360","","F","","analitica","","","PVP sales 2 (4488502,4535730); Storica Analitica visura per immobile - Catasto Fabbricati."
"visura-storica","FM","MONTE VIDON COMBATTE","10","360","","T","","analitica","","","PVP sales 2 (4488502,4535730); Storica Analitica visura per immobile - Catasto Terreni."
"visura-storica","FM","MONTE VIDON COMBATTE","10","98","","F","","analitica","","","PVP sales 1 (769650); Storica Analitica visura per immobile - Catasto Fabbricati."
"visura-storica","FM","MONTE VIDON COMBATTE","10","98","","T","","analitica","","","PVP sales 1 (769650); Storica Analitica visura per immobile - Catasto Terreni."
"visura-storica","FM","MONTE VIDON COMBATTE","7","233","1","F","","analitica","","","PVP sales 1 (769577); Storica Analitica visura per immobile - Catasto Fabbricati."
"visura-storica","FM","MONTE VIDON COMBATTE","7","474","","F","","analitica","","","PVP sales 2 (4493432,4535809); Storica Analitica visura per immobile - Catasto Fabbricati."
"visura-storica","FM","MONTE VIDON COMBATTE","7","474","","T","","analitica","","","PVP sales 2 (4493432,4535809); Storica Analitica visura per immobile - Catasto Terreni."
"visura-storica","FM","MONTE VIDON COMBATTE","7","476","","F","","analitica","","","PVP sales 2 (4493432,4535809); Storica Analitica visura per immobile - Catasto Fabbricati."
"visura-storica","FM","MONTE VIDON COMBATTE","7","476","","T","","analitica","","","PVP sales 2 (4493432,4535809); Storica Analitica visura per immobile - Catasto Terreni."
"visura-storica","FM","MONTE VIDON COMBATTE","7","478","","F","","analitica","","","PVP sales 2 (4493432,4535809); Storica Analitica visura per immobile - Catasto Fabbricati."
"visura-storica","FM","MONTE VIDON COMBATTE","7","478","","T","","analitica","","","PVP sales 2 (4493432,4535809); Storica Analitica visura per immobile - Catasto Terreni."
"visura-storica","FM","MONTE VIDON COMBATTE","7","479","","F","","analitica","","","PVP sales 2 (4493432,4535809); Storica Analitica visura per immobile - Catasto Fabbricati."
"visura-storica","FM","MONTE VIDON COMBATTE","7","479","","T","","analitica","","","PVP sales 2 (4493432,4535809); Storica Analitica visura per immobile - Catasto Terreni."
"visura-storica","FM","MONTE VIDON COMBATTE","7","480","","F","","analitica","","","PVP sales 2 (4493432,4535809); Storica Analitica visura per immobile - Catasto Fabbricati."
"visura-storica","FM","MONTE VIDON COMBATTE","7","480","","T","","analitica","","","PVP sales 2 (4493432,4535809); Storica Analitica visura per immobile - Catasto Terreni."
"visura-storica","FM","MONTE VIDON COMBATTE","7","482","","F","","analitica","","","PVP sales 2 (4493432,4535809); Storica Analitica visura per immobile - Catasto Fabbricati."
"visura-storica","FM","MONTE VIDON COMBATTE","7","482","","T","","analitica","","","PVP sales 2 (4493432,4535809); Storica Analitica visura per immobile - Catasto Terreni."
"visura-storica","FM","MONTE VIDON COMBATTE","7","67","3","F","","analitica","","","PVP sales 2 (4493432,4535809); Storica Analitica visura per immobile - Catasto Fabbricati."
"visura-storica","FM","MONTE VIDON COMBATTE","7","67","4","F","","analitica","","","PVP sales 2 (4493432,4535809); Storica Analitica visura per immobile - Catasto Fabbricati."
"visura-storica","FM","MONTE VIDON COMBATTE","7","67","5","F","","analitica","","","PVP sales 2 (4493432,4535809); Storica Analitica visura per immobile - Catasto Fabbricati."
"visura-storica","FM","MONTE VIDON COMBATTE","7","67","6","F","","analitica","","","PVP sales 2 (4493432,4535809); Storica Analitica visura per immobile - Catasto Fabbricati."
"visura-storica","FM","MONTE VIDON COMBATTE","7","67","9","F","","analitica","","","PVP sales 2 (4493432,4535809); Storica Analitica visura per immobile - Catasto Fabbricati."
"visura-storica","FM","MONTE VIDON CORRADO","2","235","9","F","","analitica","","","PVP sales 2 (4436899,4497623); Storica Analitica visura per immobile - Catasto Fabbricati."
"visura-storica","FM","MONTE VIDON CORRADO","2","277","","F","","analitica","","","PVP sales 3 (4532072,4532088,4532133); Storica Analitica visura per immobile - Catasto Fabbricati."
"visura-storica","FM","MONTE VIDON CORRADO","2","277","","T","","analitica","","","PVP sales 3 (4532072,4532088,4532133); Storica Analitica visura per immobile - Catasto Terreni."
"visura-storica","FM","MONTE VIDON CORRADO","2","307","","F","","analitica","","","PVP sales 1 (2163427); Storica Analitica visura per immobile - Catasto Fabbricati."
"visura-storica","FM","MONTE VIDON CORRADO","2","307","","T","","analitica","","","PVP sales 1 (2163427); Storica Analitica visura per immobile - Catasto Terreni."
"visura-storica","FM","MONTE VIDON CORRADO","2","336","1","F","","analitica","","","PVP sales 1 (2163431); Storica Analitica visura per immobile - Catasto Fabbricati."
"visura-storica","FM","MONTE VIDON CORRADO","2","336","2","F","","analitica","","","PVP sales 1 (2163431); Storica Analitica visura per immobile - Catasto Fabbricati."
"visura-storica","FM","MONTE VIDON CORRADO","2","363","","F","","analitica","","","PVP sales 3 (2163405,2163441,2217088); Storica Analitica visura per immobile - Catasto Fabbricati."
"visura-storica","FM","MONTE VIDON CORRADO","2","363","","T","","analitica","","","PVP sales 3 (2163405,2163441,2217088); Storica Analitica visura per immobile - Catasto Terreni."
"visura-storica","FM","MONTE VIDON CORRADO","2","364","","F","","analitica","","","PVP sales 1 (2163427); Storica Analitica visura per immobile - Catasto Fabbricati."
"visura-storica","FM","MONTE VIDON CORRADO","2","364","","T","","analitica","","","PVP sales 1 (2163427); Storica Analitica visura per immobile - Catasto Terreni."
"visura-storica","FM","MONTE VIDON CORRADO","5","670","7","F","","analitica","","","PVP sales 1 (4445577); Storica Analitica visura per immobile - Catasto Fabbricati."
"visura-storica","FM","MONTE VIDON CORRADO","5","670","8","F","","analitica","","","PVP sales 1 (4445577); Storica Analitica visura per immobile - Catasto Fabbricati."
"visura-storica","FM","MONTE VIDON CORRADO","7","177","","F","","analitica","","","PVP sales 2 (4412315,4489492); Storica Analitica visura per immobile - Catasto Fabbricati."
"visura-storica","FM","MONTE VIDON CORRADO","7","177","","T","","analitica","","","PVP sales 3 (4253333,4412315,4489492); Storica Analitica visura per immobile - Catasto Terreni."
"visura-storica","FM","MONTE VIDON CORRADO","7","181","","F","","analitica","","","PVP sales 2 (4412315,4489492); Storica Analitica visura per immobile - Catasto Fabbricati."
"visura-storica","FM","MONTE VIDON CORRADO","7","181","","T","","analitica","","","PVP sales 3 (4253333,4412315,4489492); Storica Analitica visura per immobile - Catasto Terreni."
"visura-storica","FM","MONTE VIDON CORRADO","7","182","","F","","analitica","","","PVP sales 2 (4412315,4489492); Storica Analitica visura per immobile - Catasto Fabbricati."
"visura-storica","FM","MONTE VIDON CORRADO","7","182","","T","","analitica","","","PVP sales 3 (4253333,4412315,4489492); Storica Analitica visura per immobile - Catasto Terreni."
"visura-storica","FM","MONTE VIDON CORRADO","7","183","","F","","analitica","","","PVP sales 2 (4412315,4489492); Storica Analitica visura per immobile - Catasto Fabbricati."
"visura-storica","FM","MONTE VIDON CORRADO","7","183","","T","","analitica","","","PVP sales 3 (4253333,4412315,4489492); Storica Analitica visura per immobile - Catasto Terreni."
"visura-storica","FM","MONTE VIDON CORRADO","7","186","","F","","analitica","","","PVP sales 2 (4412315,4489492); Storica Analitica visura per immobile - Catasto Fabbricati."
"visura-storica","FM","MONTE VIDON CORRADO","7","186","","T","","analitica","","","PVP sales 3 (4253333,4412315,4489492); Storica Analitica visura per immobile - Catasto Terreni."
"visura-storica","FM","MONTE VIDON CORRADO","7","189","","F","","analitica","","","PVP sales 2 (4412315,4489492); Storica Analitica visura per immobile - Catasto Fabbricati."
"visura-storica","FM","MONTE VIDON CORRADO","7","189","","T","","analitica","","","PVP sales 3 (4253333,4412315,4489492); Storica Analitica visura per immobile - Catasto Terreni."
"visura-storica","FM","MONTE VIDON CORRADO","7","196","","F","","analitica","","","PVP sales 2 (4412315,4489492); Storica Analitica visura per immobile - Catasto Fabbricati."
"visura-storica","FM","MONTE VIDON CORRADO","7","196","","T","","analitica","","","PVP sales 3 (4253333,4412315,4489492); Storica Analitica visura per immobile - Catasto Terreni."
"visura-storica","FM","MONTE VIDON CORRADO","7","198","","F","","analitica","","","PVP sales 2 (4412315,4489492); Storica Analitica visura per immobile - Catasto Fabbricati."
"visura-storica","FM","MONTE VIDON CORRADO","7","198","","T","","analitica","","","PVP sales 3 (4253333,4412315,4489492); Storica Analitica visura per immobile - Catasto Terreni."
"visura-storica","FM","MONTE VIDON CORRADO","7","223","","F","","analitica","","","PVP sales 2 (4412315,4489492); Storica Analitica visura per immobile - Catasto Fabbricati."
"visura-storica","FM","MONTE VIDON CORRADO","7","223","","T","","analitica","","","PVP sales 3 (4253333,4412315,4489492); Storica Analitica visura per immobile - Catasto Terreni."
"visura-storica","FM","MONTE VIDON CORRADO","7","225","","F","","analitica","","","PVP sales 2 (4412315,4489492); Storica Analitica visura per immobile - Catasto Fabbricati."
"visura-storica","FM","MONTE VIDON CORRADO","7","225","","T","","analitica","","","PVP sales 3 (4253333,4412315,4489492); Storica Analitica visura per immobile - Catasto Terreni."
"visura-storica","FM","MONTE VIDON CORRADO","7","244","","F","","analitica","","","PVP sales 2 (4412315,4489492); Storica Analitica visura per immobile - Catasto Fabbricati."
"visura-storica","FM","MONTE VIDON CORRADO","7","244","","T","","analitica","","","PVP sales 3 (4253333,4412315,4489492); Storica Analitica visura per immobile - Catasto Terreni."
"visura-storica","FM","MONTE VIDON CORRADO","7","245","","F","","analitica","","","PVP sales 2 (4412315,4489492); Storica Analitica visura per immobile - Catasto Fabbricati."
"visura-storica","FM","MONTE VIDON CORRADO","7","245","","T","","analitica","","","PVP sales 3 (4253333,4412315,4489492); Storica Analitica visura per immobile - Catasto Terreni."
"visura-storica","FM","MONTE VIDON CORRADO","7","246","","F","","analitica","","","PVP sales 2 (4412315,4489492); Storica Analitica visura per immobile - Catasto Fabbricati."
"visura-storica","FM","MONTE VIDON CORRADO","7","246","","T","","analitica","","","PVP sales 3 (4253333,4412315,4489492); Storica Analitica visura per immobile - Catasto Terreni."
"visura-storica","FM","MONTE VIDON CORRADO","7","58","","F","","analitica","","","PVP sales 2 (4412315,4489492); Storica Analitica visura per immobile - Catasto Fabbricati."
"visura-storica","FM","MONTE VIDON CORRADO","7","58","","T","","analitica","","","PVP sales 3 (4253333,4412315,4489492); Storica Analitica visura per immobile - Catasto Terreni."
"visura-storica","FM","MONTE VIDON CORRADO","7","63","","F","","analitica","","","PVP sales 2 (4412315,4489492); Storica Analitica visura per immobile - Catasto Fabbricati."
"visura-storica","FM","MONTE VIDON CORRADO","7","63","","T","","analitica","","","PVP sales 3 (4253333,4412315,4489492); Storica Analitica visura per immobile - Catasto Terreni."
"visura-storica","FM","MONTE VIDON CORRADO","7","65","","F","","analitica","","","PVP sales 2 (4412315,4489492); Storica Analitica visura per immobile - Catasto Fabbricati."
"visura-storica","FM","MONTE VIDON CORRADO","7","65","","T","","analitica","","","PVP sales 3 (4253333,4412315,4489492); Storica Analitica visura per immobile - Catasto Terreni."
"visura-storica","FM","MONTE VIDON CORRADO","7","66","","F","","analitica","","","PVP sales 2 (4412315,4489492); Storica Analitica visura per immobile - Catasto Fabbricati."
"visura-storica","FM","MONTE VIDON CORRADO","7","66","","T","","analitica","","","PVP sales 3 (4253333,4412315,4489492); Storica Analitica visura per immobile - Catasto Terreni."
"visura-storica","FM","MONTEFALCONE APPENNINO","11","396","2","F","","analitica","","","PVP sales 1 (4306864); Storica Analitica visura per immobile - Catasto Fabbricati."
"visura-storica","FM","MONTEFALCONE APPENNINO","11","396","3","F","","analitica","","","PVP sales 1 (4306864); Storica Analitica visura per immobile - Catasto Fabbricati."
"visura-storica","FM","MONTEFALCONE APPENNINO","11","398","","F","","analitica","","","PVP sales 2 (4306864,4395297); Storica Analitica visura per immobile - Catasto Fabbricati."
"visura-storica","FM","MONTEFALCONE APPENNINO","11","398","","T","","analitica","","","PVP sales 2 (4306864,4395297); Storica Analitica visura per immobile - Catasto Terreni."
"visura-storica","FM","MONTEFALCONE APPENNINO","14","384","3","F","","analitica","","","PVP sales 2 (777283,917856); Storica Analitica visura per immobile - Catasto Fabbricati."
"visura-storica","FM","MONTEFALCONE APPENNINO","14","384","4","F","","analitica","","","PVP sales 2 (777283,917856); Storica Analitica visura per immobile - Catasto Fabbricati."
"visura-storica","FM","MONTEFALCONE APPENNINO","14","384","5","F","","analitica","","","PVP sales 2 (777283,917856); Storica Analitica visura per immobile - Catasto Fabbricati."
"visura-storica","FM","MONTEFALCONE APPENNINO","14","494","","F","","analitica","","","PVP sales 2 (777283,917856); Storica Analitica visura per immobile - Catasto Fabbricati."
"visura-storica","FM","MONTEFALCONE APPENNINO","14","494","","T","","analitica","","","PVP sales 2 (777283,917856); Storica Analitica visura per immobile - Catasto Terreni."
"visura-storica","FM","MONTEFALCONE APPENNINO","4","280","","F","","analitica","","","PVP sales 3 (2037821,2132136,4256900); Storica Analitica visura per immobile - Catasto Fabbricati."
"visura-storica","FM","MONTEFALCONE APPENNINO","4","280","","T","","analitica","","","PVP sales 3 (2037821,2132136,4256900); Storica Analitica visura per immobile - Catasto Terreni."
"visura-storica","FM","MONTEFALCONE APPENNINO","4","398","","F","","analitica","","","PVP sales 3 (2037821,2132136,4256900); Storica Analitica visura per immobile - Catasto Fabbricati."
"visura-storica","FM","MONTEFALCONE APPENNINO","4","398","","T","","analitica","","","PVP sales 3 (2037821,2132136,4256900); Storica Analitica visura per immobile - Catasto Terreni."
"visura-storica","FM","MONTEFALCONE APPENNINO","4","399","","F","","analitica","","","PVP sales 3 (2037821,2132136,4256900); Storica Analitica visura per immobile - Catasto Fabbricati."
"visura-storica","FM","MONTEFALCONE APPENNINO","4","399","","T","","analitica","","","PVP sales 3 (2037821,2132136,4256900); Storica Analitica visura per immobile - Catasto Terreni."
"visura-storica","FM","MONTEFALCONE APPENNINO","4","405","","F","","analitica","","","PVP sales 3 (2037821,2132136,4256900); Storica Analitica visura per immobile - Catasto Fabbricati."
"visura-storica","FM","MONTEFALCONE APPENNINO","4","405","","T","","analitica","","","PVP sales 3 (2037821,2132136,4256900); Storica Analitica visura per immobile - Catasto Terreni."
"visura-storica","FM","MONTEFALCONE APPENNINO","4","406","","F","","analitica","","","PVP sales 3 (2037821,2132136,4256900); Storica Analitica visura per immobile - Catasto Fabbricati."
"visura-storica","FM","MONTEFALCONE APPENNINO","4","406","","T","","analitica","","","PVP sales 3 (2037821,2132136,4256900); Storica Analitica visura per immobile - Catasto Terreni."
"visura-storica","FM","MONTEFALCONE APPENNINO","4","407","","F","","analitica","","","PVP sales 3 (2037821,2132136,4256900); Storica Analitica visura per immobile - Catasto Fabbricati."
"visura-storica","FM","MONTEFALCONE APPENNINO","4","407","","T","","analitica","","","PVP sales 3 (2037821,2132136,4256900); Storica Analitica visura per immobile - Catasto Terreni."
"visura-storica","FM","MONTEGIORGIO","14","102","","F","","analitica","","","PVP sales 1 (4528422); Storica Analitica visura per immobile - Catasto Fabbricati."
"visura-storica","FM","MONTEGIORGIO","14","102","","T","","analitica","","","PVP sales 1 (4528422); Storica Analitica visura per immobile - Catasto Terreni."
"visura-storica","FM","MONTEGIORGIO","14","118","","F","","analitica","","","PVP sales 1 (4528422); Storica Analitica visura per immobile - Catasto Fabbricati."
"visura-storica","FM","MONTEGIORGIO","14","118","","T","","analitica","","","PVP sales 1 (4528422); Storica Analitica visura per immobile - Catasto Terreni."
"visura-storica","FM","MONTEGIORGIO","14","55","","F","","analitica","","","PVP sales 1 (4528422); Storica Analitica visura per immobile - Catasto Fabbricati."
"visura-storica","FM","MONTEGIORGIO","14","55","","T","","analitica","","","PVP sales 1 (4528422); Storica Analitica visura per immobile - Catasto Terreni."
"visura-storica","FM","MONTEGIORGIO","14","56","","F","","analitica","","","PVP sales 1 (4528422); Storica Analitica visura per immobile - Catasto Fabbricati."
"visura-storica","FM","MONTEGIORGIO","14","56","","T","","analitica","","","PVP sales 1 (4528422); Storica Analitica visura per immobile - Catasto Terreni."
"visura-storica","FM","MONTEGIORGIO","18","288","2","F","","analitica","","","PVP sales 3 (1971166,2078517,2144321); Storica Analitica visura per immobile - Catasto Fabbricati."
"visura-storica","FM","MONTEGIORGIO","18","288","3","F","","analitica","","","PVP sales 2 (2078517,2144321); Storica Analitica visura per immobile - Catasto Fabbricati."
"visura-storica","FM","MONTEGIORGIO","21","197","","T","","analitica","","","PVP sales 5 (95369,173630,298087,579341,833681); Storica Analitica visura per immobile - Catasto Terreni."
"visura-storica","FM","MONTEGIORGIO","21","199","","T","","analitica","","","PVP sales 5 (95369,173630,298087,579341,833681); Storica Analitica visura per immobile - Catasto Terreni."
"visura-storica","FM","MONTEGIORGIO","21","201","","T","","analitica","","","PVP sales 5 (95369,173630,298087,579341,833681); Storica Analitica visura per immobile - Catasto Terreni."
"visura-storica","FM","MONTEGIORGIO","21","203","","T","","analitica","","","PVP sales 5 (95369,173630,298087,579341,833681); Storica Analitica visura per immobile - Catasto Terreni."
"visura-storica","FM","MONTEGIORGIO","21","27","","T","","analitica","","","PVP sales 5 (95369,173630,298087,579341,833681); Storica Analitica visura per immobile - Catasto Terreni."
"visura-storica","FM","MONTEGIORGIO","21","28","","T","","analitica","","","PVP sales 5 (95369,173630,298087,579341,833681); Storica Analitica visura per immobile - Catasto Terreni."
"visura-storica","FM","MONTEGIORGIO","21","29","","T","","analitica","","","PVP sales 5 (95369,173630,298087,579341,833681); Storica Analitica visura per immobile - Catasto Terreni."
"visura-storica","FM","MONTEGIORGIO","21","4","","F","","analitica","","","PVP sales 3 (173630,298087,579341); Storica Analitica visura per immobile - Catasto Fabbricati."
"visura-storica","FM","MONTEGIORGIO","21","4","2","F","","analitica","","","PVP sales 2 (95369,833681); Storica Analitica visura per immobile - Catasto Fabbricati."
"visura-storica","FM","MONTEGIORGIO","21","4","3","F","","analitica","","","PVP sales 2 (95369,833681); Storica Analitica visura per immobile - Catasto Fabbricati."
"visura-storica","FM","MONTEGIORGIO","21","4","4","F","","analitica","","","PVP sales 2 (95369,833681); Storica Analitica visura per immobile - Catasto Fabbricati."
"visura-storica","FM","MONTEGIORGIO","29","86","5","F","","analitica","","","PVP sales 2 (4416358,4512437); Storica Analitica visura per immobile - Catasto Fabbricati."
"visura-storica","FM","MONTEGIORGIO","29","86","6","F","","analitica","","","PVP sales 2 (4416358,4512437); Storica Analitica visura per immobile - Catasto Fabbricati."
"visura-storica","FM","MONTEGIORGIO","29","89","2","F","","analitica","","","PVP sales 1 (1458405); Storica Analitica visura per immobile - Catasto Fabbricati."
"visura-storica","FM","MONTEGIORGIO","29","89","5","F","","analitica","","","PVP sales 1 (1458405); Storica Analitica visura per immobile - Catasto Fabbricati."
"visura-storica","FM","MONTEGIORGIO","29","89","7","F","","analitica","","","PVP sales 1 (1458405); Storica Analitica visura per immobile - Catasto Fabbricati."
"visura-storica","FM","MONTEGIORGIO","30","258","2","F","","analitica","","","PVP sales 4 (1542472,2050842,4216672,4284501); Storica Analitica visura per immobile - Catasto Fabbricati."
"visura-storica","FM","MONTEGIORGIO","30","28","","F","","analitica","","","PVP sales 1 (565551); Storica Analitica visura per immobile - Catasto Fabbricati."
"visura-storica","FM","MONTEGIORGIO","30","304","4","F","","analitica","","","PVP sales 3 (4321202,4444623,4501520); Storica Analitica visura per immobile - Catasto Fabbricati."
"visura-storica","FM","MONTEGIORGIO","30","304","5","F","","analitica","","","PVP sales 3 (4321202,4444623,4501520); Storica Analitica visura per immobile - Catasto Fabbricati."
"visura-storica","FM","MONTEGIORGIO","30","637","","F","","analitica","","","PVP sales 1 (2042920); Storica Analitica visura per immobile - Catasto Fabbricati."
"visura-storica","FM","MONTEGIORGIO","31","274","","F","","analitica","","","PVP sales 2 (2072132,2239502); Storica Analitica visura per immobile - Catasto Fabbricati."
"visura-storica","FM","MONTEGIORGIO","31","274","3","F","","analitica","","","PVP sales 1 (2143000); Storica Analitica visura per immobile - Catasto Fabbricati."
"visura-storica","FM","MONTEGIORGIO","31","282","","F","","analitica","","","PVP sales 1 (2198007); Storica Analitica visura per immobile - Catasto Fabbricati."
"visura-storica","FM","MONTEGIORGIO","31","282","","T","","analitica","","","PVP sales 1 (2198007); Storica Analitica visura per immobile - Catasto Terreni."
"visura-storica","FM","MONTEGIORGIO","31","282","3","F","","analitica","","","PVP sales 3 (1669258,2018755,2018908); Storica Analitica visura per immobile - Catasto Fabbricati."
"visura-storica","FM","MONTEGIORGIO","31","282","4","F","","analitica","","","PVP sales 3 (2197849,4232071,4352329); Storica Analitica visura per immobile - Catasto Fabbricati."
"visura-storica","FM","MONTEGIORGIO","31","286","","F","","analitica","","","PVP sales 1 (2018908); Storica Analitica visura per immobile - Catasto Fabbricati."
"visura-storica","FM","MONTEGIORGIO","31","286","","T","","analitica","","","PVP sales 1 (2018908); Storica Analitica visura per immobile - Catasto Terreni."
"visura-storica","FM","MONTEGIORGIO","31","288","","F","","analitica","","","PVP sales 1 (2018908); Storica Analitica visura per immobile - Catasto Fabbricati."
"visura-storica","FM","MONTEGIORGIO","31","288","","T","","analitica","","","PVP sales 1 (2018908); Storica Analitica visura per immobile - Catasto Terreni."
"visura-storica","FM","MONTEGIORGIO","31","464","","F","","analitica","","","PVP sales 1 (2018908); Storica Analitica visura per immobile - Catasto Fabbricati."
"visura-storica","FM","MONTEGIORGIO","31","464","","T","","analitica","","","PVP sales 1 (2018908); Storica Analitica visura per immobile - Catasto Terreni."
"visura-storica","FM","MONTEGIORGIO","31","816","","F","","analitica","","","PVP sales 1 (4567781); Storica Analitica visura per immobile - Catasto Fabbricati."
"visura-storica","FM","MONTEGIORGIO","32","488","12","F","","analitica","","","PVP sales 2 (4444586,4531907); Storica Analitica visura per immobile - Catasto Fabbricati."
"visura-storica","FM","MONTEGIORGIO","32","488","14","F","","analitica","","","PVP sales 2 (4444586,4531907); Storica Analitica visura per immobile - Catasto Fabbricati."
"visura-storica","FM","MONTEGIORGIO","32","488","15","F","","analitica","","","PVP sales 2 (4444586,4531907); Storica Analitica visura per immobile - Catasto Fabbricati."
"visura-storica","FM","MONTEGIORGIO","34","218","","F","","analitica","","","PVP sales 1 (516378); Storica Analitica visura per immobile - Catasto Fabbricati."
"visura-storica","FM","MONTEGIORGIO","34","218","","T","","analitica","","","PVP sales 1 (516378); Storica Analitica visura per immobile - Catasto Terreni."
"visura-storica","FM","MONTEGIORGIO","34","218","4","F","","analitica","","","PVP sales 2 (515083,978666); Storica Analitica visura per immobile - Catasto Fabbricati."
"visura-storica","FM","MONTEGIORGIO","34","218","6","F","","analitica","","","PVP sales 2 (516395,4485584); Storica Analitica visura per immobile - Catasto Fabbricati."
"visura-storica","FM","MONTEGIORGIO","34","255","","F","","analitica","","","PVP sales 1 (516436); Storica Analitica visura per immobile - Catasto Fabbricati."
"visura-storica","FM","MONTEGIORGIO","34","255","","T","","analitica","","","PVP sales 1 (516436); Storica Analitica visura per immobile - Catasto Terreni."
"visura-storica","FM","MONTEGIORGIO","37","193","","F","","analitica","","","PVP sales 2 (4412315,4489492); Storica Analitica visura per immobile - Catasto Fabbricati."
"visura-storica","FM","MONTEGIORGIO","37","193","","T","","analitica","","","PVP sales 3 (4253333,4412315,4489492); Storica Analitica visura per immobile - Catasto Terreni."
"visura-storica","FM","MONTEGIORGIO","37","372","","F","","analitica","","","PVP sales 2 (4412315,4489492); Storica Analitica visura per immobile - Catasto Fabbricati."
"visura-storica","FM","MONTEGIORGIO","37","372","","T","","analitica","","","PVP sales 3 (4253333,4412315,4489492); Storica Analitica visura per immobile - Catasto Terreni."
"visura-storica","FM","MONTEGIORGIO","37","374","","F","","analitica","","","PVP sales 2 (4412315,4489492); Storica Analitica visura per immobile - Catasto Fabbricati."
"visura-storica","FM","MONTEGIORGIO","37","374","","T","","analitica","","","PVP sales 3 (4253333,4412315,4489492); Storica Analitica visura per immobile - Catasto Terreni."
"visura-storica","FM","MONTEGIORGIO","4","120","","F","","analitica","","","PVP sales 1 (4528406); Storica Analitica visura per immobile - Catasto Fabbricati."
"visura-storica","FM","MONTEGIORGIO","4","120","","T","","analitica","","","PVP sales 1 (4528406); Storica Analitica visura per immobile - Catasto Terreni."
"visura-storica","FM","MONTEGIORGIO","4","121","","F","","analitica","","","PVP sales 1 (4528406); Storica Analitica visura per immobile - Catasto Fabbricati."
"visura-storica","FM","MONTEGIORGIO","4","121","","T","","analitica","","","PVP sales 1 (4528406); Storica Analitica visura per immobile - Catasto Terreni."
"visura-storica","FM","MONTEGIORGIO","4","196","","F","","analitica","","","PVP sales 1 (4528406); Storica Analitica visura per immobile - Catasto Fabbricati."
"visura-storica","FM","MONTEGIORGIO","4","196","","T","","analitica","","","PVP sales 1 (4528406); Storica Analitica visura per immobile - Catasto Terreni."
"visura-storica","FM","MONTEGIORGIO","4","199","","F","","analitica","","","PVP sales 1 (4528406); Storica Analitica visura per immobile - Catasto Fabbricati."
"visura-storica","FM","MONTEGIORGIO","4","199","","T","","analitica","","","PVP sales 1 (4528406); Storica Analitica visura per immobile - Catasto Terreni."
"visura-storica","FM","MONTEGIORGIO","43","628","","F","","analitica","","","PVP sales 1 (2135060); Storica Analitica visura per immobile - Catasto Fabbricati."
"visura-storica","FM","MONTEGIORGIO","43","628","","T","","analitica","","","PVP sales 1 (2135060); Storica Analitica visura per immobile - Catasto Terreni."
"visura-storica","FM","MONTEGIORGIO","43","630","","F","","analitica","","","PVP sales 1 (2135060); Storica Analitica visura per immobile - Catasto Fabbricati."
"visura-storica","FM","MONTEGIORGIO","43","630","","T","","analitica","","","PVP sales 1 (2135060); Storica Analitica visura per immobile - Catasto Terreni."
"visura-storica","FM","MONTEGIORGIO","43","8","","F","","analitica","","","PVP sales 1 (2135060); Storica Analitica visura per immobile - Catasto Fabbricati."
"visura-storica","FM","MONTEGIORGIO","43","8","","T","","analitica","","","PVP sales 1 (2135060); Storica Analitica visura per immobile - Catasto Terreni."
"visura-storica","FM","MONTEGIORGIO","45","1037","","F","","analitica","","","PVP sales 1 (4552933); Storica Analitica visura per immobile - Catasto Fabbricati."
"visura-storica","FM","MONTEGIORGIO","45","1037","","T","","analitica","","","PVP sales 1 (4552933); Storica Analitica visura per immobile - Catasto Terreni."
"visura-storica","FM","MONTEGIORGIO","45","1042","","F","","analitica","","","PVP sales 1 (4552938); Storica Analitica visura per immobile - Catasto Fabbricati."
"visura-storica","FM","MONTEGIORGIO","45","1042","","T","","analitica","","","PVP sales 1 (4552938); Storica Analitica visura per immobile - Catasto Terreni."
"visura-storica","FM","MONTEGIORGIO","45","228","11","F","","analitica","","","PVP sales 1 (4551713); Storica Analitica visura per immobile - Catasto Fabbricati."
"visura-storica","FM","MONTEGIORGIO","45","228","12","F","","analitica","","","PVP sales 1 (4551699); Storica Analitica visura per immobile - Catasto Fabbricati."
"visura-storica","FM","MONTEGIORGIO","45","228","13","F","","analitica","","","PVP sales 1 (4551719); Storica Analitica visura per immobile - Catasto Fabbricati."
"visura-storica","FM","MONTEGIORGIO","45","228","14","F","","analitica","","","PVP sales 1 (4551715); Storica Analitica visura per immobile - Catasto Fabbricati."
"visura-storica","FM","MONTEGIORGIO","45","228","15","F","","analitica","","","PVP sales 1 (4551712); Storica Analitica visura per immobile - Catasto Fabbricati."
"visura-storica","FM","MONTEGIORGIO","45","228","16","F","","analitica","","","PVP sales 1 (4552858); Storica Analitica visura per immobile - Catasto Fabbricati."
"visura-storica","FM","MONTEGIORGIO","45","228","17","F","","analitica","","","PVP sales 1 (4552885); Storica Analitica visura per immobile - Catasto Fabbricati."
"visura-storica","FM","MONTEGIORGIO","45","228","18","F","","analitica","","","PVP sales 1 (4551698); Storica Analitica visura per immobile - Catasto Fabbricati."
"visura-storica","FM","MONTEGIORGIO","45","228","19","F","","analitica","","","PVP sales 1 (4552911); Storica Analitica visura per immobile - Catasto Fabbricati."
"visura-storica","FM","MONTEGIORGIO","45","228","20","F","","analitica","","","PVP sales 1 (4552895); Storica Analitica visura per immobile - Catasto Fabbricati."
"visura-storica","FM","MONTEGIORGIO","45","228","21","F","","analitica","","","PVP sales 1 (4552901); Storica Analitica visura per immobile - Catasto Fabbricati."
"visura-storica","FM","MONTEGIORGIO","45","228","22","F","","analitica","","","PVP sales 1 (4551655); Storica Analitica visura per immobile - Catasto Fabbricati."
"visura-storica","FM","MONTEGIORGIO","45","228","23","F","","analitica","","","PVP sales 1 (4551719); Storica Analitica visura per immobile - Catasto Fabbricati."
"visura-storica","FM","MONTEGIORGIO","45","228","24","F","","analitica","","","PVP sales 1 (4551698); Storica Analitica visura per immobile - Catasto Fabbricati."
"visura-storica","FM","MONTEGIORGIO","45","228","25","F","","analitica","","","PVP sales 1 (4551699); Storica Analitica visura per immobile - Catasto Fabbricati."
"visura-storica","FM","MONTEGIORGIO","45","228","26","F","","analitica","","","PVP sales 1 (4551655); Storica Analitica visura per immobile - Catasto Fabbricati."
"visura-storica","FM","MONTEGIORGIO","45","228","27","F","","analitica","","","PVP sales 1 (4552921); Storica Analitica visura per immobile - Catasto Fabbricati."
"visura-storica","FM","MONTEGIORGIO","45","228","28","F","","analitica","","","PVP sales 1 (4551713); Storica Analitica visura per immobile - Catasto Fabbricati."
"visura-storica","FM","MONTEGIORGIO","45","228","29","F","","analitica","","","PVP sales 1 (4552911); Storica Analitica visura per immobile - Catasto Fabbricati."
"visura-storica","FM","MONTEGIORGIO","45","228","30","F","","analitica","","","PVP sales 1 (4551712); Storica Analitica visura per immobile - Catasto Fabbricati."
"visura-storica","FM","MONTEGIORGIO","45","228","31","F","","analitica","","","PVP sales 1 (4552858); Storica Analitica visura per immobile - Catasto Fabbricati."
"visura-storica","FM","MONTEGIORGIO","45","228","32","F","","analitica","","","PVP sales 1 (4552895); Storica Analitica visura per immobile - Catasto Fabbricati."
"visura-storica","FM","MONTEGIORGIO","45","228","33","F","","analitica","","","PVP sales 1 (4552901); Storica Analitica visura per immobile - Catasto Fabbricati."
"visura-storica","FM","MONTEGIORGIO","45","228","34","F","","analitica","","","PVP sales 1 (4552885); Storica Analitica visura per immobile - Catasto Fabbricati."
"visura-storica","FM","MONTEGIORGIO","45","228","35","F","","analitica","","","PVP sales 1 (4551715); Storica Analitica visura per immobile - Catasto Fabbricati."
"visura-storica","FM","MONTEGIORGIO","45","228","69","F","","analitica","","","PVP sales 1 (4552885); Storica Analitica visura per immobile - Catasto Fabbricati."
"visura-storica","FM","MONTEGIORGIO","45","228","70","F","","analitica","","","PVP sales 1 (4551699); Storica Analitica visura per immobile - Catasto Fabbricati."
"visura-storica","FM","MONTEGIORGIO","45","228","71","F","","analitica","","","PVP sales 1 (4552895); Storica Analitica visura per immobile - Catasto Fabbricati."
"visura-storica","FM","MONTEGIORGIO","45","228","72","F","","analitica","","","PVP sales 1 (4551712); Storica Analitica visura per immobile - Catasto Fabbricati."
"visura-storica","FM","MONTEGIORGIO","45","228","73","F","","analitica","","","PVP sales 1 (4551715); Storica Analitica visura per immobile - Catasto Fabbricati."
"visura-storica","FM","MONTEGIORGIO","45","228","74","F","","analitica","","","PVP sales 1 (4551655); Storica Analitica visura per immobile - Catasto Fabbricati."
"visura-storica","FM","MONTEGIORGIO","45","228","75","F","","analitica","","","PVP sales 1 (4552901); Storica Analitica visura per immobile - Catasto Fabbricati."
"visura-storica","FM","MONTEGIORGIO","45","228","76","F","","analitica","","","PVP sales 1 (4551698); Storica Analitica visura per immobile - Catasto Fabbricati."
"visura-storica","FM","MONTEGIORGIO","45","228","77","F","","analitica","","","PVP sales 1 (4552858); Storica Analitica visura per immobile - Catasto Fabbricati."
"visura-storica","FM","MONTEGIORGIO","45","228","78","F","","analitica","","","PVP sales 1 (4551719); Storica Analitica visura per immobile - Catasto Fabbricati."
"visura-storica","FM","MONTEGIORGIO","45","489","2","F","","analitica","","","PVP sales 1 (980103); Storica Analitica visura per immobile - Catasto Fabbricati."
"visura-storica","FM","MONTEGIORGIO","45","893","10","F","","analitica","","","PVP sales 2 (2085275,2166600); Storica Analitica visura per immobile - Catasto Fabbricati."
"visura-storica","FM","MONTEGIORGIO","45","893","5","F","","analitica","","","PVP sales 3 (2085275,2166600,4234505); Storica Analitica visura per immobile - Catasto Fabbricati."
"visura-storica","FM","MONTEGIORGIO","45","90","36","F","","analitica","","","PVP sales 1 (2210762); Storica Analitica visura per immobile - Catasto Fabbricati."
"visura-storica","FM","MONTEGIORGIO","45","90","41","F","","analitica","","","PVP sales 1 (2210762); Storica Analitica visura per immobile - Catasto Fabbricati."
"visura-storica","FM","MONTEGIORGIO","46","839","","F","","analitica","","","PVP sales 1 (1945436); Storica Analitica visura per immobile - Catasto Fabbricati."
"visura-storica","FM","MONTEGIORGIO","46","839","","T","","analitica","","","PVP sales 1 (1945436); Storica Analitica visura per immobile - Catasto Terreni."
"visura-storica","FM","MONTEGIORGIO","48","181","","F","","analitica","","","PVP sales 3 (2078532,2144413,4451332); Storica Analitica visura per immobile - Catasto Fabbricati."
"visura-storica","FM","MONTEGIORGIO","48","181","","T","","analitica","","","PVP sales 3 (2078532,2144413,4451332); Storica Analitica visura per immobile - Catasto Terreni."
"visura-storica","FM","MONTEGIORGIO","48","182","","F","","analitica","","","PVP sales 4 (2078543,2144495,4239939,4451352); Storica Analitica visura per immobile - Catasto Fabbricati."
"visura-storica","FM","MONTEGIORGIO","48","182","","T","","analitica","","","PVP sales 4 (2078543,2144495,4239939,4451352); Storica Analitica visura per immobile - Catasto Terreni."
"visura-storica","FM","MONTEGIORGIO","48","186","","F","","analitica","","","PVP sales 4 (2078543,2144495,4239939,4451352); Storica Analitica visura per immobile - Catasto Fabbricati."
"visura-storica","FM","MONTEGIORGIO","48","186","","T","","analitica","","","PVP sales 4 (2078543,2144495,4239939,4451352); Storica Analitica visura per immobile - Catasto Terreni."
"visura-storica","FM","MONTEGIORGIO","48","187","","F","","analitica","","","PVP sales 4 (2078543,2144495,4239939,4451352); Storica Analitica visura per immobile - Catasto Fabbricati."
"visura-storica","FM","MONTEGIORGIO","48","187","","T","","analitica","","","PVP sales 4 (2078543,2144495,4239939,4451352); Storica Analitica visura per immobile - Catasto Terreni."
"visura-storica","FM","MONTEGIORGIO","48","189","","F","","analitica","","","PVP sales 4 (2078543,2144495,4239939,4451352); Storica Analitica visura per immobile - Catasto Fabbricati."
"visura-storica","FM","MONTEGIORGIO","48","189","","T","","analitica","","","PVP sales 4 (2078543,2144495,4239939,4451352); Storica Analitica visura per immobile - Catasto Terreni."
"visura-storica","FM","MONTEGIORGIO","48","45","","F","","analitica","","","PVP sales 4 (2078543,2144495,4239939,4451352); Storica Analitica visura per immobile - Catasto Fabbricati."
"visura-storica","FM","MONTEGIORGIO","48","45","","T","","analitica","","","PVP sales 4 (2078543,2144495,4239939,4451352); Storica Analitica visura per immobile - Catasto Terreni."
"visura-storica","FM","MONTEGIORGIO","5","28","1","F","","analitica","","","PVP sales 1 (1506053); Storica Analitica visura per immobile - Catasto Fabbricati."
"visura-storica","FM","MONTEGRANARO","10","77","","T","","analitica","","","PVP sales 3 (4427978,4475642,4516019); Storica Analitica visura per immobile - Catasto Terreni."
"visura-storica","FM","MONTEGRANARO","11","122","13","F","","analitica","","","PVP sales 1 (949858); Storica Analitica visura per immobile - Catasto Fabbricati."
"visura-storica","FM","MONTEGRANARO","11","122","14","F","","analitica","","","PVP sales 4 (949869,1506085,1611000,1680820); Storica Analitica visura per immobile - Catasto Fabbricati."
"visura-storica","FM","MONTEGRANARO","11","122","15","F","","analitica","","","PVP sales 1 (949877); Storica Analitica visura per immobile - Catasto Fabbricati."
"visura-storica","FM","MONTEGRANARO","11","122","16","F","","analitica","","","PVP sales 1 (949877); Storica Analitica visura per immobile - Catasto Fabbricati."
"visura-storica","FM","MONTEGRANARO","11","122","18","F","","analitica","","","PVP sales 3 (949869,1506085,1680820); Storica Analitica visura per immobile - Catasto Fabbricati."
"visura-storica","FM","MONTEGRANARO","11","122","19","F","","analitica","","","PVP sales 1 (949858); Storica Analitica visura per immobile - Catasto Fabbricati."
"visura-storica","FM","MONTEGRANARO","11","122","20","F","","analitica","","","PVP sales 1 (949858); Storica Analitica visura per immobile - Catasto Fabbricati."
"visura-storica","FM","MONTEGRANARO","11","122","21","F","","analitica","","","PVP sales 1 (949877); Storica Analitica visura per immobile - Catasto Fabbricati."
"visura-storica","FM","MONTEGRANARO","11","122","22","F","","analitica","","","PVP sales 1 (949858); Storica Analitica visura per immobile - Catasto Fabbricati."
"visura-storica","FM","MONTEGRANARO","11","138","","F","","analitica","","","PVP sales 2 (4247761,4469368); Storica Analitica visura per immobile - Catasto Fabbricati."
"visura-storica","FM","MONTEGRANARO","11","138","","T","","analitica","","","PVP sales 2 (4247761,4469368); Storica Analitica visura per immobile - Catasto Terreni."
"visura-storica","FM","MONTEGRANARO","11","257","","F","","analitica","","","PVP sales 2 (4462876,4533243); Storica Analitica visura per immobile - Catasto Fabbricati."
"visura-storica","FM","MONTEGRANARO","11","257","","T","","analitica","","","PVP sales 2 (4462876,4533243); Storica Analitica visura per immobile - Catasto Terreni."
"visura-storica","FM","MONTEGRANARO","11","293","","F","","analitica","","","PVP sales 1 (4524434); Storica Analitica visura per immobile - Catasto Fabbricati."
"visura-storica","FM","MONTEGRANARO","11","293","","T","","analitica","","","PVP sales 1 (4524434); Storica Analitica visura per immobile - Catasto Terreni."
"visura-storica","FM","MONTEGRANARO","11","294","","F","","analitica","","","PVP sales 1 (4524434); Storica Analitica visura per immobile - Catasto Fabbricati."
"visura-storica","FM","MONTEGRANARO","11","294","","T","","analitica","","","PVP sales 1 (4524434); Storica Analitica visura per immobile - Catasto Terreni."
"visura-storica","FM","MONTEGRANARO","11","300","","F","","analitica","","","PVP sales 1 (4524434); Storica Analitica visura per immobile - Catasto Fabbricati."
"visura-storica","FM","MONTEGRANARO","11","300","","T","","analitica","","","PVP sales 1 (4524434); Storica Analitica visura per immobile - Catasto Terreni."
"visura-storica","FM","MONTEGRANARO","11","340","","F","","analitica","","","PVP sales 2 (4247761,4469368); Storica Analitica visura per immobile - Catasto Fabbricati."
"visura-storica","FM","MONTEGRANARO","11","340","","T","","analitica","","","PVP sales 2 (4247761,4469368); Storica Analitica visura per immobile - Catasto Terreni."
"visura-storica","FM","MONTEGRANARO","11","4","","F","","analitica","","","PVP sales 2 (4247761,4469368); Storica Analitica visura per immobile - Catasto Fabbricati."
"visura-storica","FM","MONTEGRANARO","11","4","","T","","analitica","","","PVP sales 2 (4247761,4469368); Storica Analitica visura per immobile - Catasto Terreni."
"visura-storica","FM","MONTEGRANARO","11","512","","F","","analitica","","","PVP sales 1 (2010113); Storica Analitica visura per immobile - Catasto Fabbricati."
"visura-storica","FM","MONTEGRANARO","11","512","","T","","analitica","","","PVP sales 3 (2010113,2055219,4406234); Storica Analitica visura per immobile - Catasto Terreni."
"visura-storica","FM","MONTEGRANARO","11","528","","F","","analitica","","","PVP sales 1 (2010113); Storica Analitica visura per immobile - Catasto Fabbricati."
"visura-storica","FM","MONTEGRANARO","11","528","","T","","analitica","","","PVP sales 3 (2010113,2055219,4406234); Storica Analitica visura per immobile - Catasto Terreni."
"visura-storica","FM","MONTEGRANARO","11","542","","F","","analitica","","","PVP sales 1 (2010113); Storica Analitica visura per immobile - Catasto Fabbricati."
"visura-storica","FM","MONTEGRANARO","11","542","","T","","analitica","","","PVP sales 3 (2010113,2055219,4406234); Storica Analitica visura per immobile - Catasto Terreni."
"visura-storica","FM","MONTEGRANARO","11","544","","F","","analitica","","","PVP sales 1 (2010113); Storica Analitica visura per immobile - Catasto Fabbricati."
"visura-storica","FM","MONTEGRANARO","11","544","","T","","analitica","","","PVP sales 3 (2010113,2055219,4406234); Storica Analitica visura per immobile - Catasto Terreni."
"visura-storica","FM","MONTEGRANARO","11","559","1","F","","analitica","","","PVP sales 3 (2010113,2055219,4406234); Storica Analitica visura per immobile - Catasto Fabbricati."
"visura-storica","FM","MONTEGRANARO","11","559","2","F","","analitica","","","PVP sales 3 (2010113,2055219,4406234); Storica Analitica visura per immobile - Catasto Fabbricati."
"visura-storica","FM","MONTEGRANARO","11","562","1","F","","analitica","","","PVP sales 2 (4452198,4453124); Storica Analitica visura per immobile - Catasto Fabbricati."
"visura-storica","FM","MONTEGRANARO","11","608","","F","","analitica","","","PVP sales 1 (4524434); Storica Analitica visura per immobile - Catasto Fabbricati."
"visura-storica","FM","MONTEGRANARO","11","608","","T","","analitica","","","PVP sales 1 (4524434); Storica Analitica visura per immobile - Catasto Terreni."
"visura-storica","FM","MONTEGRANARO","11","610","","F","","analitica","","","PVP sales 1 (4524434); Storica Analitica visura per immobile - Catasto Fabbricati."
"visura-storica","FM","MONTEGRANARO","11","610","","T","","analitica","","","PVP sales 1 (4524434); Storica Analitica visura per immobile - Catasto Terreni."
"visura-storica","FM","MONTEGRANARO","11","613","","F","","analitica","","","PVP sales 1 (4524434); Storica Analitica visura per immobile - Catasto Fabbricati."
"visura-storica","FM","MONTEGRANARO","11","613","","T","","analitica","","","PVP sales 1 (4524434); Storica Analitica visura per immobile - Catasto Terreni."
"visura-storica","FM","MONTEGRANARO","11","615","","F","","analitica","","","PVP sales 1 (4524434); Storica Analitica visura per immobile - Catasto Fabbricati."
"visura-storica","FM","MONTEGRANARO","11","615","","T","","analitica","","","PVP sales 1 (4524434); Storica Analitica visura per immobile - Catasto Terreni."
"visura-storica","FM","MONTEGRANARO","11","617","","F","","analitica","","","PVP sales 1 (4524434); Storica Analitica visura per immobile - Catasto Fabbricati."
"visura-storica","FM","MONTEGRANARO","11","617","","T","","analitica","","","PVP sales 1 (4524434); Storica Analitica visura per immobile - Catasto Terreni."
"visura-storica","FM","MONTEGRANARO","11","619","","F","","analitica","","","PVP sales 1 (4524434); Storica Analitica visura per immobile - Catasto Fabbricati."
"visura-storica","FM","MONTEGRANARO","11","619","","T","","analitica","","","PVP sales 1 (4524434); Storica Analitica visura per immobile - Catasto Terreni."
"visura-storica","FM","MONTEGRANARO","11","621","","F","","analitica","","","PVP sales 1 (4524434); Storica Analitica visura per immobile - Catasto Fabbricati."
"visura-storica","FM","MONTEGRANARO","11","621","","T","","analitica","","","PVP sales 1 (4524434); Storica Analitica visura per immobile - Catasto Terreni."
"visura-storica","FM","MONTEGRANARO","11","624","51","F","","analitica","","","PVP sales 2 (467287,829255); Storica Analitica visura per immobile - Catasto Fabbricati."
"visura-storica","FM","MONTEGRANARO","11","624","52","F","","analitica","","","PVP sales 2 (467277,829255); Storica Analitica visura per immobile - Catasto Fabbricati."
"visura-storica","FM","MONTEGRANARO","11","624","54","F","","analitica","","","PVP sales 2 (467290,829255); Storica Analitica visura per immobile - Catasto Fabbricati."
"visura-storica","FM","MONTEGRANARO","11","624","55","F","","analitica","","","PVP sales 4 (468256,565241,720047,829255); Storica Analitica visura per immobile - Catasto Fabbricati."
"visura-storica","FM","MONTEGRANARO","11","624","69","F","","analitica","","","PVP sales 5 (467277,565309,720060,829255,938832); Storica Analitica visura per immobile - Catasto Fabbricati."
"visura-storica","FM","MONTEGRANARO","11","624","71","F","","analitica","","","PVP sales 4 (468256,565241,720047,829255); Storica Analitica visura per immobile - Catasto Fabbricati."
"visura-storica","FM","MONTEGRANARO","11","624","82","F","","analitica","","","PVP sales 5 (467287,565326,720070,829255,938839); Storica Analitica visura per immobile - Catasto Fabbricati."
"visura-storica","FM","MONTEGRANARO","11","624","83","F","","analitica","","","PVP sales 5 (467290,565346,733805,829255,938843); Storica Analitica visura per immobile - Catasto Fabbricati."
"visura-storica","FM","MONTEGRANARO","11","674","5","F","","analitica","","","PVP sales 2 (4247761,4469368); Storica Analitica visura per immobile - Catasto Fabbricati."
"visura-storica","FM","MONTEGRANARO","11","93","","F","","analitica","","","PVP sales 2 (4247761,4469368); Storica Analitica visura per immobile - Catasto Fabbricati."
"visura-storica","FM","MONTEGRANARO","11","93","","T","","analitica","","","PVP sales 2 (4247761,4469368); Storica Analitica visura per immobile - Catasto Terreni."
"visura-storica","FM","MONTEGRANARO","122","120","14","F","","analitica","","","PVP sales 1 (1558741); Storica Analitica visura per immobile - Catasto Fabbricati."
"visura-storica","FM","MONTEGRANARO","13","135","","F","","analitica","","","PVP sales 1 (4443550); Storica Analitica visura per immobile - Catasto Fabbricati."
"visura-storica","FM","MONTEGRANARO","13","135","","T","","analitica","","","PVP sales 1 (4443550); Storica Analitica visura per immobile - Catasto Terreni."
"visura-storica","FM","MONTEGRANARO","13","145","11","F","","analitica","","","PVP sales 1 (2158836); Storica Analitica visura per immobile - Catasto Fabbricati."
"visura-storica","FM","MONTEGRANARO","13","145","8","F","","analitica","","","PVP sales 1 (2158836); Storica Analitica visura per immobile - Catasto Fabbricati."
"visura-storica","FM","MONTEGRANARO","13","90","","F","","analitica","","","PVP sales 1 (4443550); Storica Analitica visura per immobile - Catasto Fabbricati."
"visura-storica","FM","MONTEGRANARO","13","90","","T","","analitica","","","PVP sales 1 (4443550); Storica Analitica visura per immobile - Catasto Terreni."
"visura-storica","FM","MONTEGRANARO","13","91","","F","","analitica","","","PVP sales 1 (4443550); Storica Analitica visura per immobile - Catasto Fabbricati."
"visura-storica","FM","MONTEGRANARO","13","91","","T","","analitica","","","PVP sales 1 (4443550); Storica Analitica visura per immobile - Catasto Terreni."
"visura-storica","FM","MONTEGRANARO","15","1035","3","F","","analitica","","","PVP sales 1 (4398871); Storica Analitica visura per immobile - Catasto Fabbricati."
"visura-storica","FM","MONTEGRANARO","15","1035","5","F","","analitica","","","PVP sales 1 (4398871); Storica Analitica visura per immobile - Catasto Fabbricati."
"visura-storica","FM","MONTEGRANARO","15","1137","","F","","analitica","","","PVP sales 1 (4443562); Storica Analitica visura per immobile - Catasto Fabbricati."
"visura-storica","FM","MONTEGRANARO","15","1137","","T","","analitica","","","PVP sales 1 (4443562); Storica Analitica visura per immobile - Catasto Terreni."
"visura-storica","FM","MONTEGRANARO","15","1139","","F","","analitica","","","PVP sales 1 (4443562); Storica Analitica visura per immobile - Catasto Fabbricati."
"visura-storica","FM","MONTEGRANARO","15","1139","","T","","analitica","","","PVP sales 1 (4443562); Storica Analitica visura per immobile - Catasto Terreni."
"visura-storica","FM","MONTEGRANARO","15","219","5","F","","analitica","","","PVP sales 1 (2246268); Storica Analitica visura per immobile - Catasto Fabbricati."
"visura-storica","FM","MONTEGRANARO","15","219","6","F","","analitica","","","PVP sales 1 (2246268); Storica Analitica visura per immobile - Catasto Fabbricati."
"visura-storica","FM","MONTEGRANARO","15","219","8","F","","analitica","","","PVP sales 1 (4398739); Storica Analitica visura per immobile - Catasto Fabbricati."
"visura-storica","FM","MONTEGRANARO","15","229","15","F","","analitica","","","PVP sales 1 (4237326); Storica Analitica visura per immobile - Catasto Fabbricati."
"visura-storica","FM","MONTEGRANARO","15","276","12","F","","analitica","","","PVP sales 2 (4385688,4455613); Storica Analitica visura per immobile - Catasto Fabbricati."
"visura-storica","FM","MONTEGRANARO","15","276","13","F","","analitica","","","PVP sales 1 (4376277); Storica Analitica visura per immobile - Catasto Fabbricati."
"visura-storica","FM","MONTEGRANARO","15","276","14","F","","analitica","","","PVP sales 2 (4385688,4455613); Storica Analitica visura per immobile - Catasto Fabbricati."
"visura-storica","FM","MONTEGRANARO","15","276","15","F","","analitica","","","PVP sales 2 (4385688,4455613); Storica Analitica visura per immobile - Catasto Fabbricati."
"visura-storica","FM","MONTEGRANARO","15","276","20","F","","analitica","","","PVP sales 2 (4385688,4455613); Storica Analitica visura per immobile - Catasto Fabbricati."
"visura-storica","FM","MONTEGRANARO","15","290","26","F","","analitica","","","PVP sales 3 (1974735,2117253,4249725); Storica Analitica visura per immobile - Catasto Fabbricati."
"visura-storica","FM","MONTEGRANARO","15","303","","F","","analitica","","","PVP sales 1 (152474); Storica Analitica visura per immobile - Catasto Fabbricati."
"visura-storica","FM","MONTEGRANARO","15","306","23","F","","analitica","","","PVP sales 1 (4358472); Storica Analitica visura per immobile - Catasto Fabbricati."
"visura-storica","FM","MONTEGRANARO","15","306","27","F","","analitica","","","PVP sales 1 (4358472); Storica Analitica visura per immobile - Catasto Fabbricati."
"visura-storica","FM","MONTEGRANARO","15","306","32","F","","analitica","","","PVP sales 1 (4358472); Storica Analitica visura per immobile - Catasto Fabbricati."
"visura-storica","FM","MONTEGRANARO","15","367","10","F","","analitica","","","PVP sales 3 (4425721,4496775,4565159); Storica Analitica visura per immobile - Catasto Fabbricati."
"visura-storica","FM","MONTEGRANARO","15","367","11","F","","analitica","","","PVP sales 3 (4425724,4496779,4565162); Storica Analitica visura per immobile - Catasto Fabbricati."
"visura-storica","FM","MONTEGRANARO","15","367","2","F","","analitica","","","PVP sales 2 (4425698,4496734); Storica Analitica visura per immobile - Catasto Fabbricati."
"visura-storica","FM","MONTEGRANARO","15","367","3","F","","analitica","","","PVP sales 3 (4425709,4496755,4565154); Storica Analitica visura per immobile - Catasto Fabbricati."
"visura-storica","FM","MONTEGRANARO","15","367","9","F","","analitica","","","PVP sales 2 (4425706,4496739); Storica Analitica visura per immobile - Catasto Fabbricati."
"visura-storica","FM","MONTEGRANARO","15","39","11","F","","analitica","","","PVP sales 1 (4365949); Storica Analitica visura per immobile - Catasto Fabbricati."
"visura-storica","FM","MONTEGRANARO","15","39","13","F","","analitica","","","PVP sales 1 (4366032); Storica Analitica visura per immobile - Catasto Fabbricati."
"visura-storica","FM","MONTEGRANARO","15","39","6","F","","analitica","","","PVP sales 1 (4366010); Storica Analitica visura per immobile - Catasto Fabbricati."
"visura-storica","FM","MONTEGRANARO","15","432","9","F","","analitica","","","PVP sales 1 (4227269); Storica Analitica visura per immobile - Catasto Fabbricati."
"visura-storica","FM","MONTEGRANARO","16","1109","10","F","","analitica","","","PVP sales 2 (2127126,4256896); Storica Analitica visura per immobile - Catasto Fabbricati."
"visura-storica","FM","MONTEGRANARO","16","1109","12","F","","analitica","","","PVP sales 2 (2127128,4256974); Storica Analitica visura per immobile - Catasto Fabbricati."
"visura-storica","FM","MONTEGRANARO","16","1109","13","F","","analitica","","","PVP sales 4 (2127159,4256954,4460577,4530206); Storica Analitica visura per immobile - Catasto Fabbricati."
"visura-storica","FM","MONTEGRANARO","16","1109","16","F","","analitica","","","PVP sales 2 (2127164,2261689); Storica Analitica visura per immobile - Catasto Fabbricati."
"visura-storica","FM","MONTEGRANARO","16","1109","17","F","","analitica","","","PVP sales 2 (2127134,2261104); Storica Analitica visura per immobile - Catasto Fabbricati."
"visura-storica","FM","MONTEGRANARO","16","1109","19","F","","analitica","","","PVP sales 4 (2127027,4256905,4460545,4530151); Storica Analitica visura per immobile - Catasto Fabbricati."
"visura-storica","FM","MONTEGRANARO","16","1109","20","F","","analitica","","","PVP sales 4 (2127151,4256916,4460573,4530199); Storica Analitica visura per immobile - Catasto Fabbricati."
"visura-storica","FM","MONTEGRANARO","16","1109","21","F","","analitica","","","PVP sales 4 (2127159,4256954,4460577,4530206); Storica Analitica visura per immobile - Catasto Fabbricati."
"visura-storica","FM","MONTEGRANARO","16","1109","26","F","","analitica","","","PVP sales 2 (2127167,4256922); Storica Analitica visura per immobile - Catasto Fabbricati."
"visura-storica","FM","MONTEGRANARO","16","1109","30","F","","analitica","","","PVP sales 2 (2127126,4256896); Storica Analitica visura per immobile - Catasto Fabbricati."
"visura-storica","FM","MONTEGRANARO","16","1109","31","F","","analitica","","","PVP sales 2 (2127128,4256974); Storica Analitica visura per immobile - Catasto Fabbricati."
"visura-storica","FM","MONTEGRANARO","16","1109","37","F","","analitica","","","PVP sales 2 (2127132,2261101); Storica Analitica visura per immobile - Catasto Fabbricati."
"visura-storica","FM","MONTEGRANARO","16","1109","42","F","","analitica","","","PVP sales 2 (2127164,2261689); Storica Analitica visura per immobile - Catasto Fabbricati."
"visura-storica","FM","MONTEGRANARO","16","1109","5","F","","analitica","","","PVP sales 2 (2127139,2261106); Storica Analitica visura per immobile - Catasto Fabbricati."
"visura-storica","FM","MONTEGRANARO","16","1109","6","F","","analitica","","","PVP sales 2 (2127132,2261101); Storica Analitica visura per immobile - Catasto Fabbricati."
"visura-storica","FM","MONTEGRANARO","16","1109","7","F","","analitica","","","PVP sales 4 (2127027,4256905,4460545,4530151); Storica Analitica visura per immobile - Catasto Fabbricati."
"visura-storica","FM","MONTEGRANARO","16","1109","8","F","","analitica","","","PVP sales 4 (2127151,4256916,4460573,4530199); Storica Analitica visura per immobile - Catasto Fabbricati."
"visura-storica","FM","MONTEGRANARO","16","1109","9","F","","analitica","","","PVP sales 2 (2127167,4256922); Storica Analitica visura per immobile - Catasto Fabbricati."
"visura-storica","FM","MONTEGRANARO","16","1145","","F","","analitica","","","PVP sales 1 (2119552); Storica Analitica visura per immobile - Catasto Fabbricati."
"visura-storica","FM","MONTEGRANARO","16","1145","","T","","analitica","","","PVP sales 1 (2119552); Storica Analitica visura per immobile - Catasto Terreni."
"visura-storica","FM","MONTEGRANARO","16","1146","","F","","analitica","","","PVP sales 1 (2119552); Storica Analitica visura per immobile - Catasto Fabbricati."
"visura-storica","FM","MONTEGRANARO","16","1146","","T","","analitica","","","PVP sales 1 (2119552); Storica Analitica visura per immobile - Catasto Terreni."
"visura-storica","FM","MONTEGRANARO","16","1147","","F","","analitica","","","PVP sales 1 (2119552); Storica Analitica visura per immobile - Catasto Fabbricati."
"visura-storica","FM","MONTEGRANARO","16","1147","","T","","analitica","","","PVP sales 1 (2119552); Storica Analitica visura per immobile - Catasto Terreni."
"visura-storica","FM","MONTEGRANARO","16","1149","","F","","analitica","","","PVP sales 2 (2116459,2119559); Storica Analitica visura per immobile - Catasto Fabbricati."
"visura-storica","FM","MONTEGRANARO","16","1149","","T","","analitica","","","PVP sales 2 (2116459,2119559); Storica Analitica visura per immobile - Catasto Terreni."
"visura-storica","FM","MONTEGRANARO","16","1151","","F","","analitica","","","PVP sales 2 (2116459,2119559); Storica Analitica visura per immobile - Catasto Fabbricati."
"visura-storica","FM","MONTEGRANARO","16","1151","","T","","analitica","","","PVP sales 3 (2116459,2118550,2119559); Storica Analitica visura per immobile - Catasto Terreni."
"visura-storica","FM","MONTEGRANARO","16","212","9","F","","analitica","","","PVP sales 3 (4244859,4469607,4532529); Storica Analitica visura per immobile - Catasto Fabbricati."
"visura-storica","FM","MONTEGRANARO","16","216","14","F","","analitica","","","PVP sales 1 (2108968); Storica Analitica visura per immobile - Catasto Fabbricati."
"visura-storica","FM","MONTEGRANARO","16","333","17","F","","analitica","","","PVP sales 3 (2185583,4330114,4496237); Storica Analitica visura per immobile - Catasto Fabbricati."
"visura-storica","FM","MONTEGRANARO","16","333","32","F","","analitica","","","PVP sales 1 (4434006); Storica Analitica visura per immobile - Catasto Fabbricati."
"visura-storica","FM","MONTEGRANARO","16","333","41","F","","analitica","","","PVP sales 1 (4433960); Storica Analitica visura per immobile - Catasto Fabbricati."
"visura-storica","FM","MONTEGRANARO","16","333","45","F","","analitica","","","PVP sales 3 (2185650,4330136,4416505); Storica Analitica visura per immobile - Catasto Fabbricati."
"visura-storica","FM","MONTEGRANARO","16","333","47","F","","analitica","","","PVP sales 1 (4242162); Storica Analitica visura per immobile - Catasto Fabbricati."
"visura-storica","FM","MONTEGRANARO","16","333","52","F","","analitica","","","PVP sales 3 (2185667,4330143,4496267); Storica Analitica visura per immobile - Catasto Fabbricati."
"visura-storica","FM","MONTEGRANARO","16","450","","F","","analitica","","","PVP sales 1 (4385502); Storica Analitica visura per immobile - Catasto Fabbricati."
"visura-storica","FM","MONTEGRANARO","16","450","1","F","","analitica","","","PVP sales 3 (4260867,4371510,4450047); Storica Analitica visura per immobile - Catasto Fabbricati."
"visura-storica","FM","MONTEGRANARO","16","450","2","F","","analitica","","","PVP sales 2 (4313684,4458197); Storica Analitica visura per immobile - Catasto Fabbricati."
"visura-storica","FM","MONTEGRANARO","16","450","5","F","","analitica","","","PVP sales 3 (4260867,4371510,4450047); Storica Analitica visura per immobile - Catasto Fabbricati."
"visura-storica","FM","MONTEGRANARO","16","450","8","F","","analitica","","","PVP sales 2 (4313684,4458197); Storica Analitica visura per immobile - Catasto Fabbricati."
"visura-storica","FM","MONTEGRANARO","16","50","","F","","analitica","","","PVP sales 6 (648413,872127,1850265,1850269,1850272 +1 more); Storica Analitica visura per immobile - Catasto Fabbricati."
"visura-storica","FM","MONTEGRANARO","16","50","","T","","analitica","","","PVP sales 5 (648413,872127,1850265,1850269,1850272); Storica Analitica visura per immobile - Catasto Terreni."
"visura-storica","FM","MONTEGRANARO","16","50","37","F","","analitica","","","PVP sales 1 (1502244); Storica Analitica visura per immobile - Catasto Fabbricati."
"visura-storica","FM","MONTEGRANARO","16","50","39","F","","analitica","","","PVP sales 1 (1597838); Storica Analitica visura per immobile - Catasto Fabbricati."
"visura-storica","FM","MONTEGRANARO","16","50","4","F","","analitica","","","PVP sales 3 (647934,871928,1531690); Storica Analitica visura per immobile - Catasto Fabbricati."
"visura-storica","FM","MONTEGRANARO","16","50","41","F","","analitica","","","PVP sales 2 (4449235,4527926); Storica Analitica visura per immobile - Catasto Fabbricati."
"visura-storica","FM","MONTEGRANARO","16","50","5","F","","analitica","","","PVP sales 4 (335967,647952,872107,1532563); Storica Analitica visura per immobile - Catasto Fabbricati."
"visura-storica","FM","MONTEGRANARO","16","50","50","F","","analitica","","","PVP sales 2 (338380,647957); Storica Analitica visura per immobile - Catasto Fabbricati."
"visura-storica","FM","MONTEGRANARO","16","50","51","F","","analitica","","","PVP sales 3 (338392,648341,872149); Storica Analitica visura per immobile - Catasto Fabbricati."
"visura-storica","FM","MONTEGRANARO","16","50","52","F","","analitica","","","PVP sales 3 (336803,870072,1532582); Storica Analitica visura per immobile - Catasto Fabbricati."
"visura-storica","FM","MONTEGRANARO","16","50","53","F","","analitica","","","PVP sales 3 (336806,648465,870095); Storica Analitica visura per immobile - Catasto Fabbricati."
"visura-storica","FM","MONTEGRANARO","16","50","54","F","","analitica","","","PVP sales 3 (336811,648570,872752); Storica Analitica visura per immobile - Catasto Fabbricati."
"visura-storica","FM","MONTEGRANARO","16","50","55","F","","analitica","","","PVP sales 3 (336848,648632,872962); Storica Analitica visura per immobile - Catasto Fabbricati."
"visura-storica","FM","MONTEGRANARO","16","50","56","F","","analitica","","","PVP sales 3 (336864,649535,873070); Storica Analitica visura per immobile - Catasto Fabbricati."
"visura-storica","FM","MONTEGRANARO","16","50","57","F","","analitica","","","PVP sales 3 (338523,649544,873083); Storica Analitica visura per immobile - Catasto Fabbricati."
"visura-storica","FM","MONTEGRANARO","16","50","59","F","","analitica","","","PVP sales 3 (338567,649564,873129); Storica Analitica visura per immobile - Catasto Fabbricati."
"visura-storica","FM","MONTEGRANARO","16","50","60","F","","analitica","","","PVP sales 3 (338576,648669,873179); Storica Analitica visura per immobile - Catasto Fabbricati."
"visura-storica","FM","MONTEGRANARO","16","50","61","F","","analitica","","","PVP sales 1 (2183065); Storica Analitica visura per immobile - Catasto Fabbricati."
"visura-storica","FM","MONTEGRANARO","16","50","62","F","","analitica","","","PVP sales 3 (338590,648677,873242); Storica Analitica visura per immobile - Catasto Fabbricati."
"visura-storica","FM","MONTEGRANARO","16","50","63","F","","analitica","","","PVP sales 3 (338668,649876,870351); Storica Analitica visura per immobile - Catasto Fabbricati."
"visura-storica","FM","MONTEGRANARO","16","50","64","F","","analitica","","","PVP sales 3 (338699,648721,870369); Storica Analitica visura per immobile - Catasto Fabbricati."
"visura-storica","FM","MONTEGRANARO","16","50","65","F","","analitica","","","PVP sales 4 (336909,649892,870404,1532636); Storica Analitica visura per immobile - Catasto Fabbricati."
"visura-storica","FM","MONTEGRANARO","16","50","66","F","","analitica","","","PVP sales 1 (2183160); Storica Analitica visura per immobile - Catasto Fabbricati."
"visura-storica","FM","MONTEGRANARO","16","50","67","F","","analitica","","","PVP sales 5 (338764,648744,870426,1532642,2183168); Storica Analitica visura per immobile - Catasto Fabbricati."
"visura-storica","FM","MONTEGRANARO","16","50","68","F","","analitica","","","PVP sales 4 (336924,648802,870433,1532703); Storica Analitica visura per immobile - Catasto Fabbricati."
"visura-storica","FM","MONTEGRANARO","16","600","2","F","","analitica","","","PVP sales 3 (4436663,4497637,4568971); Storica Analitica visura per immobile - Catasto Fabbricati."
"visura-storica","FM","MONTEGRANARO","16","600","5","F","","analitica","","","PVP sales 3 (4436663,4497637,4568971); Storica Analitica visura per immobile - Catasto Fabbricati."
"visura-storica","FM","MONTEGRANARO","16","600","8","F","","analitica","","","PVP sales 3 (4436663,4497637,4568971); Storica Analitica visura per immobile - Catasto Fabbricati."
"visura-storica","FM","MONTEGRANARO","16","607","57","F","","analitica","","","PVP sales 2 (4241748,4450024); Storica Analitica visura per immobile - Catasto Fabbricati."
"visura-storica","FM","MONTEGRANARO","16","607","58","F","","analitica","","","PVP sales 2 (4241748,4450024); Storica Analitica visura per immobile - Catasto Fabbricati."
"visura-storica","FM","MONTEGRANARO","16","607","74","F","","analitica","","","PVP sales 2 (4241748,4450024); Storica Analitica visura per immobile - Catasto Fabbricati."
"visura-storica","FM","MONTEGRANARO","16","693","","F","","analitica","","","PVP sales 2 (2116459,2119559); Storica Analitica visura per immobile - Catasto Fabbricati."
"visura-storica","FM","MONTEGRANARO","16","693","","T","","analitica","","","PVP sales 3 (2116459,2118550,2119559); Storica Analitica visura per immobile - Catasto Terreni."
"visura-storica","FM","MONTEGRANARO","16","951","5","F","","analitica","","","PVP sales 1 (550276); Storica Analitica visura per immobile - Catasto Fabbricati."
"visura-storica","FM","MONTEGRANARO","16","974","","F","","analitica","","","PVP sales 1 (2098081); Storica Analitica visura per immobile - Catasto Fabbricati."
"visura-storica","FM","MONTEGRANARO","16","974","","T","","analitica","","","PVP sales 1 (2098081); Storica Analitica visura per immobile - Catasto Terreni."
"visura-storica","FM","MONTEGRANARO","16","981","2","F","","analitica","","","PVP sales 3 (550276,623924,814286); Storica Analitica visura per immobile - Catasto Fabbricati."
"visura-storica","FM","MONTEGRANARO","16","981","3","F","","analitica","","","PVP sales 3 (550276,623924,814286); Storica Analitica visura per immobile - Catasto Fabbricati."
"visura-storica","FM","MONTEGRANARO","16","981","4","F","","analitica","","","PVP sales 1 (623924); Storica Analitica visura per immobile - Catasto Fabbricati."
"visura-storica","FM","MONTEGRANARO","16","981","5","F","","analitica","","","PVP sales 2 (550276,623924); Storica Analitica visura per immobile - Catasto Fabbricati."
"visura-storica","FM","MONTEGRANARO","17","219","4","F","","analitica","","","PVP sales 1 (4426146); Storica Analitica visura per immobile - Catasto Fabbricati."
"visura-storica","FM","MONTEGRANARO","17","311","4","F","","analitica","","","PVP sales 2 (4500845,4500871); Storica Analitica visura per immobile - Catasto Fabbricati."
"visura-storica","FM","MONTEGRANARO","17","311","5","F","","analitica","","","PVP sales 1 (4500829); Storica Analitica visura per immobile - Catasto Fabbricati."
"visura-storica","FM","MONTEGRANARO","17","648","3","F","","analitica","","","PVP sales 1 (2095199); Storica Analitica visura per immobile - Catasto Fabbricati."
"visura-storica","FM","MONTEGRANARO","17","649","","F","","analitica","","","PVP sales 2 (4402284,4545064); Storica Analitica visura per immobile - Catasto Fabbricati."
"visura-storica","FM","MONTEGRANARO","17","649","","T","","analitica","","","PVP sales 2 (4402284,4545064); Storica Analitica visura per immobile - Catasto Terreni."
"visura-storica","FM","MONTEGRANARO","17","825","8","F","","analitica","","","PVP sales 1 (2201859); Storica Analitica visura per immobile - Catasto Fabbricati."
"visura-storica","FM","MONTEGRANARO","17","825","9","F","","analitica","","","PVP sales 1 (2201859); Storica Analitica visura per immobile - Catasto Fabbricati."
"visura-storica","FM","MONTEGRANARO","17","828","6","F","","analitica","","","PVP sales 2 (1762034,1763575); Storica Analitica visura per immobile - Catasto Fabbricati."
"visura-storica","FM","MONTEGRANARO","17","828","9","F","","analitica","","","PVP sales 2 (4437216,4499470); Storica Analitica visura per immobile - Catasto Fabbricati."
"visura-storica","FM","MONTEGRANARO","17","852","14","F","","analitica","","","PVP sales 2 (1889293,1889358); Storica Analitica visura per immobile - Catasto Fabbricati."
"visura-storica","FM","MONTEGRANARO","17","852","17","F","","analitica","","","PVP sales 2 (1889293,1889358); Storica Analitica visura per immobile - Catasto Fabbricati."
"visura-storica","FM","MONTEGRANARO","17","854","4","F","","analitica","","","PVP sales 1 (2253874); Storica Analitica visura per immobile - Catasto Fabbricati."
"visura-storica","FM","MONTEGRANARO","17","854","8","F","","analitica","","","PVP sales 1 (2253874); Storica Analitica visura per immobile - Catasto Fabbricati."
"visura-storica","FM","MONTEGRANARO","18","107","","F","","analitica","","","PVP sales 1 (4213630); Storica Analitica visura per immobile - Catasto Fabbricati."
"visura-storica","FM","MONTEGRANARO","18","107","","T","","analitica","","","PVP sales 1 (4213630); Storica Analitica visura per immobile - Catasto Terreni."
"visura-storica","FM","MONTEGRANARO","18","117","","F","","analitica","","","PVP sales 1 (4226080); Storica Analitica visura per immobile - Catasto Fabbricati."
"visura-storica","FM","MONTEGRANARO","18","117","","T","","analitica","","","PVP sales 1 (4226080); Storica Analitica visura per immobile - Catasto Terreni."
"visura-storica","FM","MONTEGRANARO","18","140","12","F","","analitica","","","PVP sales 5 (2216264,4258511,4486091,4511094,4550265); Storica Analitica visura per immobile - Catasto Fabbricati."
"visura-storica","FM","MONTEGRANARO","18","140","6","F","","analitica","","","PVP sales 5 (2216264,4258511,4486091,4511094,4550265); Storica Analitica visura per immobile - Catasto Fabbricati."
"visura-storica","FM","MONTEGRANARO","18","140","7","F","","analitica","","","PVP sales 5 (2216264,4258511,4486091,4511094,4550265); Storica Analitica visura per immobile - Catasto Fabbricati."
"visura-storica","FM","MONTEGRANARO","18","176","","F","","analitica","","","PVP sales 1 (2052418); Storica Analitica visura per immobile - Catasto Fabbricati."
"visura-storica","FM","MONTEGRANARO","18","176","","T","","analitica","","","PVP sales 1 (2052418); Storica Analitica visura per immobile - Catasto Terreni."
"visura-storica","FM","MONTEGRANARO","18","185","","F","","analitica","","","PVP sales 1 (1557911); Storica Analitica visura per immobile - Catasto Fabbricati."
"visura-storica","FM","MONTEGRANARO","18","199","2","F","","analitica","","","PVP sales 3 (4364992,4451374,4532576); Storica Analitica visura per immobile - Catasto Fabbricati."
"visura-storica","FM","MONTEGRANARO","18","201","1","F","","analitica","","","PVP sales 2 (4341668,4537090); Storica Analitica visura per immobile - Catasto Fabbricati."
"visura-storica","FM","MONTEGRANARO","18","201","2","F","","analitica","","","PVP sales 2 (4341668,4537090); Storica Analitica visura per immobile - Catasto Fabbricati."
"visura-storica","FM","MONTEGRANARO","18","205","1","F","","analitica","","","PVP sales 4 (4364992,4415493,4451374,4532576); Storica Analitica visura per immobile - Catasto Fabbricati."
"visura-storica","FM","MONTEGRANARO","18","205","2","F","","analitica","","","PVP sales 4 (4364992,4415493,4451374,4532576); Storica Analitica visura per immobile - Catasto Fabbricati."
"visura-storica","FM","MONTEGRANARO","18","270","2","F","","analitica","","","PVP sales 2 (848220,947738); Storica Analitica visura per immobile - Catasto Fabbricati."
"visura-storica","FM","MONTEGRANARO","18","273","11","F","","analitica","","","PVP sales 1 (4538773); Storica Analitica visura per immobile - Catasto Fabbricati."
"visura-storica","FM","MONTEGRANARO","18","273","13","F","","analitica","","","PVP sales 1 (4538773); Storica Analitica visura per immobile - Catasto Fabbricati."
"visura-storica","FM","MONTEGRANARO","18","477","3","F","","analitica","","","PVP sales 3 (4430385,4478649,4521811); Storica Analitica visura per immobile - Catasto Fabbricati."
"visura-storica","FM","MONTEGRANARO","18","539","7","F","","analitica","","","PVP sales 1 (2211121); Storica Analitica visura per immobile - Catasto Fabbricati."
"visura-storica","FM","MONTEGRANARO","18","540","15","F","","analitica","","","PVP sales 5 (1771149,1825755,1888362,1970428,2152433); Storica Analitica visura per immobile - Catasto Fabbricati."
"visura-storica","FM","MONTEGRANARO","18","540","36","F","","analitica","","","PVP sales 5 (1771149,1825755,1888362,1970428,2152433); Storica Analitica visura per immobile - Catasto Fabbricati."
"visura-storica","FM","MONTEGRANARO","18","550","","F","","analitica","","","PVP sales 1 (4268133); Storica Analitica visura per immobile - Catasto Fabbricati."
"visura-storica","FM","MONTEGRANARO","18","550","","T","","analitica","","","PVP sales 1 (4268133); Storica Analitica visura per immobile - Catasto Terreni."
"visura-storica","FM","MONTEGRANARO","18","550","6","F","","analitica","","","PVP sales 1 (2190101); Storica Analitica visura per immobile - Catasto Fabbricati."
"visura-storica","FM","MONTEGRANARO","18","550","8","F","","analitica","","","PVP sales 1 (2190101); Storica Analitica visura per immobile - Catasto Fabbricati."
"visura-storica","FM","MONTEGRANARO","18","553","8","F","","analitica","","","PVP sales 1 (4562130); Storica Analitica visura per immobile - Catasto Fabbricati."
"visura-storica","FM","MONTEGRANARO","18","677","47","F","","analitica","","","PVP sales 1 (4479446); Storica Analitica visura per immobile - Catasto Fabbricati."
"visura-storica","FM","MONTEGRANARO","18","677","53","F","","analitica","","","PVP sales 1 (4479446); Storica Analitica visura per immobile - Catasto Fabbricati."
"visura-storica","FM","MONTEGRANARO","18","677","73","F","","analitica","","","PVP sales 1 (4479446); Storica Analitica visura per immobile - Catasto Fabbricati."
"visura-storica","FM","MONTEGRANARO","18","75","6","F","","analitica","","","PVP sales 2 (4444010,4504938); Storica Analitica visura per immobile - Catasto Fabbricati."
"visura-storica","FM","MONTEGRANARO","18","75","7","F","","analitica","","","PVP sales 2 (4444064,4504951); Storica Analitica visura per immobile - Catasto Fabbricati."
"visura-storica","FM","MONTEGRANARO","18","76","","F","","analitica","","","PVP sales 2 (4401225,4566877); Storica Analitica visura per immobile - Catasto Fabbricati."
"visura-storica","FM","MONTEGRANARO","18","76","","T","","analitica","","","PVP sales 2 (4401225,4566877); Storica Analitica visura per immobile - Catasto Terreni."
"visura-storica","FM","MONTEGRANARO","18","94","6","F","","analitica","","","PVP sales 3 (4452070,4452089,4505968); Storica Analitica visura per immobile - Catasto Fabbricati."
"visura-storica","FM","MONTEGRANARO","19","130","","F","","analitica","","","PVP sales 1 (1413873); Storica Analitica visura per immobile - Catasto Fabbricati."
"visura-storica","FM","MONTEGRANARO","19","130","","T","","analitica","","","PVP sales 1 (1413873); Storica Analitica visura per immobile - Catasto Terreni."
"visura-storica","FM","MONTEGRANARO","19","130","11","F","","analitica","","","PVP sales 1 (1995209); Storica Analitica visura per immobile - Catasto Fabbricati."
"visura-storica","FM","MONTEGRANARO","19","130","9","F","","analitica","","","PVP sales 1 (1995209); Storica Analitica visura per immobile - Catasto Fabbricati."
"visura-storica","FM","MONTEGRANARO","19","249","1","F","","analitica","","","PVP sales 1 (4522822); Storica Analitica visura per immobile - Catasto Fabbricati."
"visura-storica","FM","MONTEGRANARO","19","249","2","F","","analitica","","","PVP sales 1 (4522822); Storica Analitica visura per immobile - Catasto Fabbricati."
"visura-storica","FM","MONTEGRANARO","19","249","4","F","","analitica","","","PVP sales 1 (4523012); Storica Analitica visura per immobile - Catasto Fabbricati."
"visura-storica","FM","MONTEGRANARO","19","249","5","F","","analitica","","","PVP sales 1 (4523116); Storica Analitica visura per immobile - Catasto Fabbricati."
"visura-storica","FM","MONTEGRANARO","19","355","12","F","","analitica","","","PVP sales 1 (2185603); Storica Analitica visura per immobile - Catasto Fabbricati."
"visura-storica","FM","MONTEGRANARO","19","498","3","F","","analitica","","","PVP sales 1 (2087805); Storica Analitica visura per immobile - Catasto Fabbricati."
"visura-storica","FM","MONTEGRANARO","19","498","4","F","","analitica","","","PVP sales 1 (2087805); Storica Analitica visura per immobile - Catasto Fabbricati."
"visura-storica","FM","MONTEGRANARO","19","507","5","F","","analitica","","","PVP sales 1 (2117491); Storica Analitica visura per immobile - Catasto Fabbricati."
"visura-storica","FM","MONTEGRANARO","19","526","18","F","","analitica","","","PVP sales 1 (4531719); Storica Analitica visura per immobile - Catasto Fabbricati."
"visura-storica","FM","MONTEGRANARO","19","581","9","F","","analitica","","","PVP sales 2 (342199,506741); Storica Analitica visura per immobile - Catasto Fabbricati."
"visura-storica","FM","MONTEGRANARO","19","60","","F","","analitica","","","PVP sales 5 (4209797,4444070,4504890,4504916,4504924); Storica Analitica visura per immobile - Catasto Fabbricati."
"visura-storica","FM","MONTEGRANARO","19","60","","T","","analitica","","","PVP sales 5 (4209797,4444070,4504890,4504916,4504924); Storica Analitica visura per immobile - Catasto Terreni."
"visura-storica","FM","MONTEGRANARO","19","60","11","F","","analitica","","","PVP sales 1 (4301235); Storica Analitica visura per immobile - Catasto Fabbricati."
"visura-storica","FM","MONTEGRANARO","19","60","26","F","","analitica","","","PVP sales 1 (4209866); Storica Analitica visura per immobile - Catasto Fabbricati."
"visura-storica","FM","MONTEGRANARO","19","60","27","F","","analitica","","","PVP sales 1 (2167326); Storica Analitica visura per immobile - Catasto Fabbricati."
"visura-storica","FM","MONTEGRANARO","19","60","48","F","","analitica","","","PVP sales 1 (4373152); Storica Analitica visura per immobile - Catasto Fabbricati."
"visura-storica","FM","MONTEGRANARO","19","697","16","F","","analitica","","","PVP sales 1 (4531721); Storica Analitica visura per immobile - Catasto Fabbricati."
"visura-storica","FM","MONTEGRANARO","19","697","23","F","","analitica","","","PVP sales 1 (4531741); Storica Analitica visura per immobile - Catasto Fabbricati."
"visura-storica","FM","MONTEGRANARO","19","698","20","F","","analitica","","","PVP sales 1 (4531715); Storica Analitica visura per immobile - Catasto Fabbricati."
"visura-storica","FM","MONTEGRANARO","19","950","5","F","","analitica","","","PVP sales 3 (4268523,4491202,4491218); Storica Analitica visura per immobile - Catasto Fabbricati."
"visura-storica","FM","MONTEGRANARO","19","950","6","F","","analitica","","","PVP sales 4 (4268596,4448683,4448697,4563107); Storica Analitica visura per immobile - Catasto Fabbricati."
"visura-storica","FM","MONTEGRANARO","22","120","14","F","","analitica","","","PVP sales 2 (1636226,1695021); Storica Analitica visura per immobile - Catasto Fabbricati."
"visura-storica","FM","MONTEGRANARO","22","120","30","F","","analitica","","","PVP sales 3 (1558741,1636226,1695021); Storica Analitica visura per immobile - Catasto Fabbricati."
"visura-storica","FM","MONTEGRANARO","22","120","31","F","","analitica","","","PVP sales 3 (1558741,1636226,1695021); Storica Analitica visura per immobile - Catasto Fabbricati."
"visura-storica","FM","MONTEGRANARO","22","120","32","F","","analitica","","","PVP sales 3 (1558741,1636226,1695021); Storica Analitica visura per immobile - Catasto Fabbricati."
"visura-storica","FM","MONTEGRANARO","22","120","33","F","","analitica","","","PVP sales 3 (1558741,1636226,1695021); Storica Analitica visura per immobile - Catasto Fabbricati."
"visura-storica","FM","MONTEGRANARO","22","120","34","F","","analitica","","","PVP sales 3 (1558741,1636226,1695021); Storica Analitica visura per immobile - Catasto Fabbricati."
"visura-storica","FM","MONTEGRANARO","22","120","35","F","","analitica","","","PVP sales 3 (1558741,1636226,1695021); Storica Analitica visura per immobile - Catasto Fabbricati."
"visura-storica","FM","MONTEGRANARO","22","120","36","F","","analitica","","","PVP sales 3 (1558741,1636226,1695021); Storica Analitica visura per immobile - Catasto Fabbricati."
"visura-storica","FM","MONTEGRANARO","22","120","37","F","","analitica","","","PVP sales 3 (1558741,1636226,1695021); Storica Analitica visura per immobile - Catasto Fabbricati."
"visura-storica","FM","MONTEGRANARO","22","120","38","F","","analitica","","","PVP sales 2 (1636226,1695021); Storica Analitica visura per immobile - Catasto Fabbricati."
"visura-storica","FM","MONTEGRANARO","22","120","39","F","","analitica","","","PVP sales 2 (1636226,1695021); Storica Analitica visura per immobile - Catasto Fabbricati."
"visura-storica","FM","MONTEGRANARO","22","120","40","F","","analitica","","","PVP sales 2 (1636226,1695021); Storica Analitica visura per immobile - Catasto Fabbricati."
"visura-storica","FM","MONTEGRANARO","22","14","1","F","","analitica","","","PVP sales 3 (4436706,4436717,4497617); Storica Analitica visura per immobile - Catasto Fabbricati."
"visura-storica","FM","MONTEGRANARO","22","1582","","F","","analitica","","","PVP sales 1 (4415743); Storica Analitica visura per immobile - Catasto Fabbricati."
"visura-storica","FM","MONTEGRANARO","22","1582","","T","","analitica","","","PVP sales 1 (4415743); Storica Analitica visura per immobile - Catasto Terreni."
"visura-storica","FM","MONTEGRANARO","22","1583","","F","","analitica","","","PVP sales 1 (4415743); Storica Analitica visura per immobile - Catasto Fabbricati."
"visura-storica","FM","MONTEGRANARO","22","1583","","T","","analitica","","","PVP sales 1 (4415743); Storica Analitica visura per immobile - Catasto Terreni."
"visura-storica","FM","MONTEGRANARO","22","1584","","F","","analitica","","","PVP sales 1 (4415743); Storica Analitica visura per immobile - Catasto Fabbricati."
"visura-storica","FM","MONTEGRANARO","22","1584","","T","","analitica","","","PVP sales 1 (4415743); Storica Analitica visura per immobile - Catasto Terreni."
"visura-storica","FM","MONTEGRANARO","22","1585","","F","","analitica","","","PVP sales 1 (4415743); Storica Analitica visura per immobile - Catasto Fabbricati."
"visura-storica","FM","MONTEGRANARO","22","1585","","T","","analitica","","","PVP sales 1 (4415743); Storica Analitica visura per immobile - Catasto Terreni."
"visura-storica","FM","MONTEGRANARO","22","1586","","F","","analitica","","","PVP sales 1 (4415743); Storica Analitica visura per immobile - Catasto Fabbricati."
"visura-storica","FM","MONTEGRANARO","22","1586","","T","","analitica","","","PVP sales 1 (4415743); Storica Analitica visura per immobile - Catasto Terreni."
"visura-storica","FM","MONTEGRANARO","22","1665","","T","","analitica","","","PVP sales 1 (4430734); Storica Analitica visura per immobile - Catasto Terreni."
"visura-storica","FM","MONTEGRANARO","22","1811","","F","","analitica","","","PVP sales 1 (4400882); Storica Analitica visura per immobile - Catasto Fabbricati."
"visura-storica","FM","MONTEGRANARO","22","1811","","T","","analitica","","","PVP sales 1 (4400882); Storica Analitica visura per immobile - Catasto Terreni."
"visura-storica","FM","MONTEGRANARO","22","1812","","F","","analitica","","","PVP sales 1 (4400882); Storica Analitica visura per immobile - Catasto Fabbricati."
"visura-storica","FM","MONTEGRANARO","22","1812","","T","","analitica","","","PVP sales 1 (4400882); Storica Analitica visura per immobile - Catasto Terreni."
"visura-storica","FM","MONTEGRANARO","22","1813","","F","","analitica","","","PVP sales 1 (4400882); Storica Analitica visura per immobile - Catasto Fabbricati."
"visura-storica","FM","MONTEGRANARO","22","1813","","T","","analitica","","","PVP sales 1 (4400882); Storica Analitica visura per immobile - Catasto Terreni."
"visura-storica","FM","MONTEGRANARO","22","1814","","F","","analitica","","","PVP sales 1 (4400882); Storica Analitica visura per immobile - Catasto Fabbricati."
"visura-storica","FM","MONTEGRANARO","22","1814","","T","","analitica","","","PVP sales 1 (4400882); Storica Analitica visura per immobile - Catasto Terreni."
"visura-storica","FM","MONTEGRANARO","22","1815","","F","","analitica","","","PVP sales 1 (4400882); Storica Analitica visura per immobile - Catasto Fabbricati."
"visura-storica","FM","MONTEGRANARO","22","1815","","T","","analitica","","","PVP sales 1 (4400882); Storica Analitica visura per immobile - Catasto Terreni."
"visura-storica","FM","MONTEGRANARO","22","1816","12","F","","analitica","","","PVP sales 1 (4548900); Storica Analitica visura per immobile - Catasto Fabbricati."
"visura-storica","FM","MONTEGRANARO","22","1816","2","F","","analitica","","","PVP sales 1 (4548891); Storica Analitica visura per immobile - Catasto Fabbricati."
"visura-storica","FM","MONTEGRANARO","22","1816","26","F","","analitica","","","PVP sales 2 (2189597,4354245); Storica Analitica visura per immobile - Catasto Fabbricati."
"visura-storica","FM","MONTEGRANARO","22","1816","3","F","","analitica","","","PVP sales 2 (4548898,4548901); Storica Analitica visura per immobile - Catasto Fabbricati."
"visura-storica","FM","MONTEGRANARO","22","1816","33","F","","analitica","","","PVP sales 1 (4548899); Storica Analitica visura per immobile - Catasto Fabbricati."
"visura-storica","FM","MONTEGRANARO","22","1816","34","F","","analitica","","","PVP sales 1 (4548891); Storica Analitica visura per immobile - Catasto Fabbricati."
"visura-storica","FM","MONTEGRANARO","22","1816","4","F","","analitica","","","PVP sales 1 (4548899); Storica Analitica visura per immobile - Catasto Fabbricati."
"visura-storica","FM","MONTEGRANARO","22","1816","9","F","","analitica","","","PVP sales 2 (2189597,4354245); Storica Analitica visura per immobile - Catasto Fabbricati."
"visura-storica","FM","MONTEGRANARO","22","2","16","F","","analitica","","","PVP sales 1 (4211448); Storica Analitica visura per immobile - Catasto Fabbricati."
"visura-storica","FM","MONTEGRANARO","22","2","4","F","","analitica","","","PVP sales 1 (4211448); Storica Analitica visura per immobile - Catasto Fabbricati."
"visura-storica","FM","MONTEGRANARO","22","25","80","F","","analitica","","","PVP sales 3 (4314455,4415791,4485221); Storica Analitica visura per immobile - Catasto Fabbricati."
"visura-storica","FM","MONTEGRANARO","22","324","2","F","","analitica","","","PVP sales 2 (1414032,1525293); Storica Analitica visura per immobile - Catasto Fabbricati."
"visura-storica","FM","MONTEGRANARO","22","324","4","F","","analitica","","","PVP sales 2 (1414032,1525293); Storica Analitica visura per immobile - Catasto Fabbricati."
"visura-storica","FM","MONTEGRANARO","22","349","10","F","","analitica","","","PVP sales 1 (1630812); Storica Analitica visura per immobile - Catasto Fabbricati."
"visura-storica","FM","MONTEGRANARO","22","470","","T","","analitica","","","PVP sales 1 (4430734); Storica Analitica visura per immobile - Catasto Terreni."
"visura-storica","FM","MONTEGRANARO","22","575","4","F","","analitica","","","PVP sales 2 (1671245,1674685); Storica Analitica visura per immobile - Catasto Fabbricati."
"visura-storica","FM","MONTEGRANARO","22","575","7","F","","analitica","","","PVP sales 2 (1671245,1674685); Storica Analitica visura per immobile - Catasto Fabbricati."
"visura-storica","FM","MONTEGRANARO","22","575","8","F","","analitica","","","PVP sales 2 (1671245,1674685); Storica Analitica visura per immobile - Catasto Fabbricati."
"visura-storica","FM","MONTEGRANARO","22","575","9","F","","analitica","","","PVP sales 2 (1671245,1674685); Storica Analitica visura per immobile - Catasto Fabbricati."
"visura-storica","FM","MONTEGRANARO","22","878","35","F","","analitica","","","PVP sales 3 (4314455,4415791,4485221); Storica Analitica visura per immobile - Catasto Fabbricati."
"visura-storica","FM","MONTEGRANARO","22","926","2","F","","analitica","","","PVP sales 3 (1558741,1636226,1695021); Storica Analitica visura per immobile - Catasto Fabbricati."
"visura-storica","FM","MONTEGRANARO","22","938","","F","","analitica","","","PVP sales 1 (4494652); Storica Analitica visura per immobile - Catasto Fabbricati."
"visura-storica","FM","MONTEGRANARO","22","938","2","F","","analitica","","","PVP sales 1 (4430734); Storica Analitica visura per immobile - Catasto Fabbricati."
"visura-storica","FM","MONTEGRANARO","22","938","3","F","","analitica","","","PVP sales 1 (4430734); Storica Analitica visura per immobile - Catasto Fabbricati."
"visura-storica","FM","MONTEGRANARO","22","938","4","F","","analitica","","","PVP sales 1 (4430734); Storica Analitica visura per immobile - Catasto Fabbricati."
"visura-storica","FM","MONTEGRANARO","23","326","","F","","analitica","","","PVP sales 2 (4217153,4493066); Storica Analitica visura per immobile - Catasto Fabbricati."
"visura-storica","FM","MONTEGRANARO","23","326","","T","","analitica","","","PVP sales 1 (4217153); Storica Analitica visura per immobile - Catasto Terreni."
"visura-storica","FM","MONTEGRANARO","23","326","7","F","","analitica","","","PVP sales 1 (4493066); Storica Analitica visura per immobile - Catasto Fabbricati."
"visura-storica","FM","MONTEGRANARO","24","356","","T","","analitica","","","PVP sales 2 (4475655,4516021); Storica Analitica visura per immobile - Catasto Terreni."
"visura-storica","FM","MONTEGRANARO","24","77","","T","","analitica","","","PVP sales 2 (4475655,4516021); Storica Analitica visura per immobile - Catasto Terreni."
"visura-storica","FM","MONTEGRANARO","24","82","","T","","analitica","","","PVP sales 2 (4475655,4516021); Storica Analitica visura per immobile - Catasto Terreni."
"visura-storica","FM","MONTEGRANARO","24","83","","T","","analitica","","","PVP sales 2 (4475655,4516021); Storica Analitica visura per immobile - Catasto Terreni."
"visura-storica","FM","MONTEGRANARO","24","84","","T","","analitica","","","PVP sales 2 (4475655,4516021); Storica Analitica visura per immobile - Catasto Terreni."
"visura-storica","FM","MONTEGRANARO","24","85","","T","","analitica","","","PVP sales 2 (4475655,4516021); Storica Analitica visura per immobile - Catasto Terreni."
"visura-storica","FM","MONTEGRANARO","24","86","","T","","analitica","","","PVP sales 2 (4475655,4516021); Storica Analitica visura per immobile - Catasto Terreni."
"visura-storica","FM","MONTEGRANARO","24","90","","T","","analitica","","","PVP sales 2 (4475655,4516021); Storica Analitica visura per immobile - Catasto Terreni."
"visura-storica","FM","MONTEGRANARO","25","711","","F","","analitica","","","PVP sales 1 (4500340); Storica Analitica visura per immobile - Catasto Fabbricati."
"visura-storica","FM","MONTEGRANARO","25","711","","T","","analitica","","","PVP sales 1 (4500340); Storica Analitica visura per immobile - Catasto Terreni."
"visura-storica","FM","MONTEGRANARO","25","717","10","F","","analitica","","","PVP sales 2 (2142411,4220752); Storica Analitica visura per immobile - Catasto Fabbricati."
"visura-storica","FM","MONTEGRANARO","25","717","11","F","","analitica","","","PVP sales 2 (2142413,4220808); Storica Analitica visura per immobile - Catasto Fabbricati."
"visura-storica","FM","MONTEGRANARO","25","717","18","F","","analitica","","","PVP sales 3 (2141754,4220463,4360414); Storica Analitica visura per immobile - Catasto Fabbricati."
"visura-storica","FM","MONTEGRANARO","25","717","19","F","","analitica","","","PVP sales 3 (2141892,4220510,4515097); Storica Analitica visura per immobile - Catasto Fabbricati."
"visura-storica","FM","MONTEGRANARO","25","717","21","F","","analitica","","","PVP sales 2 (2141894,4220559); Storica Analitica visura per immobile - Catasto Fabbricati."
"visura-storica","FM","MONTEGRANARO","25","717","22","F","","analitica","","","PVP sales 2 (2141895,4220616); Storica Analitica visura per immobile - Catasto Fabbricati."
"visura-storica","FM","MONTEGRANARO","25","717","23","F","","analitica","","","PVP sales 2 (2141897,4220604); Storica Analitica visura per immobile - Catasto Fabbricati."
"visura-storica","FM","MONTEGRANARO","25","717","24","F","","analitica","","","PVP sales 2 (2142400,4220688); Storica Analitica visura per immobile - Catasto Fabbricati."
"visura-storica","FM","MONTEGRANARO","25","717","25","F","","analitica","","","PVP sales 2 (2142402,4220712); Storica Analitica visura per immobile - Catasto Fabbricati."
"visura-storica","FM","MONTEGRANARO","25","717","6","F","","analitica","","","PVP sales 3 (2142404,4220752,4515115); Storica Analitica visura per immobile - Catasto Fabbricati."
"visura-storica","FM","MONTEGRANARO","25","717","9","F","","analitica","","","PVP sales 3 (2142404,4220780,4515126); Storica Analitica visura per immobile - Catasto Fabbricati."
"visura-storica","FM","MONTEGRANARO","25","732","","F","","analitica","","","PVP sales 1 (4500326); Storica Analitica visura per immobile - Catasto Fabbricati."
"visura-storica","FM","MONTEGRANARO","25","732","","T","","analitica","","","PVP sales 1 (4500326); Storica Analitica visura per immobile - Catasto Terreni."
"visura-storica","FM","MONTEGRANARO","3","68","","F","","analitica","","","PVP sales 2 (582052,582082); Storica Analitica visura per immobile - Catasto Fabbricati."
"visura-storica","FM","MONTEGRANARO","3","68","","T","","analitica","","","PVP sales 2 (582052,582082); Storica Analitica visura per immobile - Catasto Terreni."
"visura-storica","FM","MONTEGRANARO","3","68","1","F","","analitica","","","PVP sales 2 (750905,750940); Storica Analitica visura per immobile - Catasto Fabbricati."
"visura-storica","FM","MONTEGRANARO","3","68","2","F","","analitica","","","PVP sales 2 (750905,750940); Storica Analitica visura per immobile - Catasto Fabbricati."
"visura-storica","FM","MONTEGRANARO","4","122","","F","","analitica","","","PVP sales 1 (4484048); Storica Analitica visura per immobile - Catasto Fabbricati."
"visura-storica","FM","MONTEGRANARO","4","122","","T","","analitica","","","PVP sales 1 (4484048); Storica Analitica visura per immobile - Catasto Terreni."
"visura-storica","FM","MONTEGRANARO","4","21","","F","","analitica","","","PVP sales 1 (4478678); Storica Analitica visura per immobile - Catasto Fabbricati."
"visura-storica","FM","MONTEGRANARO","4","21","","T","","analitica","","","PVP sales 1 (4478678); Storica Analitica visura per immobile - Catasto Terreni."
"visura-storica","FM","MONTEGRANARO","4","37","","F","","analitica","","","PVP sales 1 (4484028); Storica Analitica visura per immobile - Catasto Fabbricati."
"visura-storica","FM","MONTEGRANARO","4","37","","T","","analitica","","","PVP sales 1 (4484028); Storica Analitica visura per immobile - Catasto Terreni."
"visura-storica","FM","MONTEGRANARO","4","399","","F","","analitica","","","PVP sales 1 (4484048); Storica Analitica visura per immobile - Catasto Fabbricati."
"visura-storica","FM","MONTEGRANARO","4","399","","T","","analitica","","","PVP sales 1 (4484048); Storica Analitica visura per immobile - Catasto Terreni."
"visura-storica","FM","MONTEGRANARO","4","400","","F","","analitica","","","PVP sales 1 (4484048); Storica Analitica visura per immobile - Catasto Fabbricati."
"visura-storica","FM","MONTEGRANARO","4","400","","T","","analitica","","","PVP sales 1 (4484048); Storica Analitica visura per immobile - Catasto Terreni."
"visura-storica","FM","MONTEGRANARO","4","401","","F","","analitica","","","PVP sales 1 (4484048); Storica Analitica visura per immobile - Catasto Fabbricati."
"visura-storica","FM","MONTEGRANARO","4","401","","T","","analitica","","","PVP sales 1 (4484048); Storica Analitica visura per immobile - Catasto Terreni."
"visura-storica","FM","MONTEGRANARO","4","405","","F","","analitica","","","PVP sales 1 (4484048); Storica Analitica visura per immobile - Catasto Fabbricati."
"visura-storica","FM","MONTEGRANARO","4","405","","T","","analitica","","","PVP sales 1 (4484048); Storica Analitica visura per immobile - Catasto Terreni."
"visura-storica","FM","MONTEGRANARO","4","406","","F","","analitica","","","PVP sales 1 (4484048); Storica Analitica visura per immobile - Catasto Fabbricati."
"visura-storica","FM","MONTEGRANARO","4","406","","T","","analitica","","","PVP sales 1 (4484048); Storica Analitica visura per immobile - Catasto Terreni."
"visura-storica","FM","MONTEGRANARO","4","407","","F","","analitica","","","PVP sales 1 (4484048); Storica Analitica visura per immobile - Catasto Fabbricati."
"visura-storica","FM","MONTEGRANARO","4","407","","T","","analitica","","","PVP sales 1 (4484048); Storica Analitica visura per immobile - Catasto Terreni."
"visura-storica","FM","MONTEGRANARO","4","408","","F","","analitica","","","PVP sales 1 (4484048); Storica Analitica visura per immobile - Catasto Fabbricati."
"visura-storica","FM","MONTEGRANARO","4","408","","T","","analitica","","","PVP sales 1 (4484048); Storica Analitica visura per immobile - Catasto Terreni."
"visura-storica","FM","MONTEGRANARO","4","409","","F","","analitica","","","PVP sales 1 (4484048); Storica Analitica visura per immobile - Catasto Fabbricati."
"visura-storica","FM","MONTEGRANARO","4","409","","T","","analitica","","","PVP sales 1 (4484048); Storica Analitica visura per immobile - Catasto Terreni."
"visura-storica","FM","MONTEGRANARO","4","410","","F","","analitica","","","PVP sales 1 (4484048); Storica Analitica visura per immobile - Catasto Fabbricati."
"visura-storica","FM","MONTEGRANARO","4","410","","T","","analitica","","","PVP sales 1 (4484048); Storica Analitica visura per immobile - Catasto Terreni."
"visura-storica","FM","MONTEGRANARO","4","414","","F","","analitica","","","PVP sales 1 (4478678); Storica Analitica visura per immobile - Catasto Fabbricati."
"visura-storica","FM","MONTEGRANARO","4","414","","T","","analitica","","","PVP sales 1 (4478678); Storica Analitica visura per immobile - Catasto Terreni."
"visura-storica","FM","MONTEGRANARO","4","420","","F","","analitica","","","PVP sales 1 (4484028); Storica Analitica visura per immobile - Catasto Fabbricati."
"visura-storica","FM","MONTEGRANARO","4","420","","T","","analitica","","","PVP sales 1 (4484028); Storica Analitica visura per immobile - Catasto Terreni."
"visura-storica","FM","MONTEGRANARO","4","423","","F","","analitica","","","PVP sales 1 (4484028); Storica Analitica visura per immobile - Catasto Fabbricati."
"visura-storica","FM","MONTEGRANARO","4","423","","T","","analitica","","","PVP sales 1 (4484028); Storica Analitica visura per immobile - Catasto Terreni."
"visura-storica","FM","MONTEGRANARO","4","424","","F","","analitica","","","PVP sales 1 (4484028); Storica Analitica visura per immobile - Catasto Fabbricati."
"visura-storica","FM","MONTEGRANARO","4","424","","T","","analitica","","","PVP sales 1 (4484028); Storica Analitica visura per immobile - Catasto Terreni."
"visura-storica","FM","MONTEGRANARO","4","48","","F","","analitica","","","PVP sales 1 (4484028); Storica Analitica visura per immobile - Catasto Fabbricati."
"visura-storica","FM","MONTEGRANARO","4","48","","T","","analitica","","","PVP sales 1 (4484028); Storica Analitica visura per immobile - Catasto Terreni."
"visura-storica","FM","MONTEGRANARO","4","564","","F","","analitica","","","PVP sales 1 (4478678); Storica Analitica visura per immobile - Catasto Fabbricati."
"visura-storica","FM","MONTEGRANARO","4","564","","T","","analitica","","","PVP sales 1 (4478678); Storica Analitica visura per immobile - Catasto Terreni."
"visura-storica","FM","MONTEGRANARO","4","565","","F","","analitica","","","PVP sales 1 (4478678); Storica Analitica visura per immobile - Catasto Fabbricati."
"visura-storica","FM","MONTEGRANARO","4","565","","T","","analitica","","","PVP sales 1 (4478678); Storica Analitica visura per immobile - Catasto Terreni."
"visura-storica","FM","MONTEGRANARO","4","566","","F","","analitica","","","PVP sales 1 (4484028); Storica Analitica visura per immobile - Catasto Fabbricati."
"visura-storica","FM","MONTEGRANARO","4","566","","T","","analitica","","","PVP sales 1 (4484028); Storica Analitica visura per immobile - Catasto Terreni."
"visura-storica","FM","MONTEGRANARO","5","261","6","F","","analitica","","","PVP sales 1 (4516741); Storica Analitica visura per immobile - Catasto Fabbricati."
"visura-storica","FM","MONTEGRANARO","5","261","9","F","","analitica","","","PVP sales 1 (4516741); Storica Analitica visura per immobile - Catasto Fabbricati."
"visura-storica","FM","MONTEGRANARO","8","37","1","F","","analitica","","","PVP sales 4 (4242388,4242448,4355894,4466224); Storica Analitica visura per immobile - Catasto Fabbricati."
"visura-storica","FM","MONTEGRANARO","8","37","2","F","","analitica","","","PVP sales 4 (4242388,4242448,4355894,4466224); Storica Analitica visura per immobile - Catasto Fabbricati."
"visura-storica","FM","MONTEGRANARO","8","37","3","F","","analitica","","","PVP sales 4 (4242388,4242448,4355894,4466224); Storica Analitica visura per immobile - Catasto Fabbricati."
"visura-storica","FM","MONTEGRANARO","8","97","","F","","analitica","","","PVP sales 4 (4242388,4242448,4355894,4466224); Storica Analitica visura per immobile - Catasto Fabbricati."
"visura-storica","FM","MONTEGRANARO","8","97","","T","","analitica","","","PVP sales 4 (4242388,4242448,4355894,4466224); Storica Analitica visura per immobile - Catasto Terreni."
"visura-storica","FM","MONTEGRANARO","9","500","","F","","analitica","","","PVP sales 1 (4450731); Storica Analitica visura per immobile - Catasto Fabbricati."
"visura-storica","FM","MONTEGRANARO","9","500","","T","","analitica","","","PVP sales 1 (4450731); Storica Analitica visura per immobile - Catasto Terreni."
"visura-storica","FM","MONTEGRANARO","9","581","","F","","analitica","","","PVP sales 1 (4450731); Storica Analitica visura per immobile - Catasto Fabbricati."
"visura-storica","FM","MONTEGRANARO","9","581","","T","","analitica","","","PVP sales 1 (4450731); Storica Analitica visura per immobile - Catasto Terreni."
"visura-storica","FM","MONTEGRANARO","9","584","2","F","","analitica","","","PVP sales 1 (4464824); Storica Analitica visura per immobile - Catasto Fabbricati."
"visura-storica","FM","MONTEGRANARO","9","584","3","F","","analitica","","","PVP sales 1 (4464824); Storica Analitica visura per immobile - Catasto Fabbricati."
"visura-storica","FM","MONTEGRANARO","9","584","4","F","","analitica","","","PVP sales 1 (4464824); Storica Analitica visura per immobile - Catasto Fabbricati."
"visura-storica","FM","MONTEGRANARO","9","584","5","F","","analitica","","","PVP sales 1 (4464824); Storica Analitica visura per immobile - Catasto Fabbricati."
"visura-storica","FM","MONTEGRANARO","9","584","6","F","","analitica","","","PVP sales 1 (4464824); Storica Analitica visura per immobile - Catasto Fabbricati."
"visura-storica","FM","MONTEGRANARO","9","584","7","F","","analitica","","","PVP sales 1 (4464824); Storica Analitica visura per immobile - Catasto Fabbricati."
"visura-storica","FM","MONTEGRANARO","9","623","","F","","analitica","","","PVP sales 7 (1931489,2081374,2246802,2250094,4413388 +2 more); Storica Analitica visura per immobile - Catasto Fabbricati."
"visura-storica","FM","MONTEGRANARO","9","623","","T","","analitica","","","PVP sales 6 (1931489,2081374,2246802,4413388,4488894 +1 more); Storica Analitica visura per immobile - Catasto Terreni."
"visura-storica","FM","MONTEGRANARO","9","623","4","F","","analitica","","","PVP sales 1 (1559967); Storica Analitica visura per immobile - Catasto Fabbricati."
"visura-storica","FM","MONTEGRANARO","9","757","28","F","","analitica","","","PVP sales 3 (4301563,4376944,4462116); Storica Analitica visura per immobile - Catasto Fabbricati."
"visura-storica","FM","MONTEGRANARO","9","757","33","F","","analitica","","","PVP sales 3 (4301547,4376977,4462101); Storica Analitica visura per immobile - Catasto Fabbricati."
"visura-storica","FM","MONTEGRANARO","9","757","34","F","","analitica","","","PVP sales 3 (4301547,4376977,4462101); Storica Analitica visura per immobile - Catasto Fabbricati."
"visura-storica","FM","MONTEGRANARO","9","757","44","F","","analitica","","","PVP sales 3 (4301562,4376956,4462114); Storica Analitica visura per immobile - Catasto Fabbricati."
"visura-storica","FM","MONTEGRANARO","9","757","45","F","","analitica","","","PVP sales 3 (4301562,4376956,4462114); Storica Analitica visura per immobile - Catasto Fabbricati."
"visura-storica","FM","MONTEGRANARO","9","757","51","F","","analitica","","","PVP sales 3 (4301546,4376886,4528252); Storica Analitica visura per immobile - Catasto Fabbricati."
"visura-storica","FM","MONTEGRANARO","9","757","53","F","","analitica","","","PVP sales 3 (4301546,4376886,4528252); Storica Analitica visura per immobile - Catasto Fabbricati."
"visura-storica","FM","MONTEGRANARO","9","757","54","F","","analitica","","","PVP sales 3 (4301562,4376956,4462114); Storica Analitica visura per immobile - Catasto Fabbricati."
"visura-storica","FM","MONTEGRANARO","22","120","38","F","","analitica","FABBIRCATI","","PVP sales 1 (1558741); Storica Analitica visura per immobile - Catasto Fabbricati."
"visura-storica","FM","MONTEGRANARO","22","120","39","F","","analitica","FABBIRCATI","","PVP sales 1 (1558741); Storica Analitica visura per immobile - Catasto Fabbricati."
"visura-storica","FM","MONTEGRANARO","22","120","40","F","","analitica","FABBIRCATI","","PVP sales 1 (1558741); Storica Analitica visura per immobile - Catasto Fabbricati."
"visura-storica","FM","MONTEGRANARO","10","307","2","F","","analitica","NCTU","","PVP sales 3 (4427978,4475642,4516019); Storica Analitica visura per immobile - Catasto Fabbricati."
"visura-storica","FM","MONTEGRANARO","10","307","3","F","","analitica","NCTU","","PVP sales 3 (4427978,4475642,4516019); Storica Analitica visura per immobile - Catasto Fabbricati."
"visura-storica","FM","MONTEGRANARO","16","1149","","F","","analitica","TERENI","","PVP sales 1 (2118550); Storica Analitica visura per immobile - Catasto Fabbricati."
"visura-storica","FM","MONTEGRANARO","16","1149","","T","","analitica","TERENI","","PVP sales 1 (2118550); Storica Analitica visura per immobile - Catasto Terreni."
"visura-storica","FM","MONTEGRANARO","19","698","18","F","","analitica","URBABA","","PVP sales 1 (4531731); Storica Analitica visura per immobile - Catasto Fabbricati."
"visura-storica","FM","MONTELEONE DI FERMO","1","221","10","F","","analitica","","","PVP sales 1 (581513); Storica Analitica visura per immobile - Catasto Fabbricati."
"visura-storica","FM","MONTELEONE DI FERMO","1","221","2","F","","analitica","","","PVP sales 1 (581513); Storica Analitica visura per immobile - Catasto Fabbricati."
"visura-storica","FM","MONTELEONE DI FERMO","1","221","3","F","","analitica","","","PVP sales 1 (581513); Storica Analitica visura per immobile - Catasto Fabbricati."
"visura-storica","FM","MONTELEONE DI FERMO","1","221","4","F","","analitica","","","PVP sales 1 (581513); Storica Analitica visura per immobile - Catasto Fabbricati."
"visura-storica","FM","MONTELEONE DI FERMO","1","221","5","F","","analitica","","","PVP sales 1 (581513); Storica Analitica visura per immobile - Catasto Fabbricati."
"visura-storica","FM","MONTELEONE DI FERMO","1","221","6","F","","analitica","","","PVP sales 1 (581513); Storica Analitica visura per immobile - Catasto Fabbricati."
"visura-storica","FM","MONTELEONE DI FERMO","1","221","7","F","","analitica","","","PVP sales 1 (581513); Storica Analitica visura per immobile - Catasto Fabbricati."
"visura-storica","FM","MONTELEONE DI FERMO","1","221","8","F","","analitica","","","PVP sales 1 (581513); Storica Analitica visura per immobile - Catasto Fabbricati."
"visura-storica","FM","MONTELEONE DI FERMO","1","221","9","F","","analitica","","","PVP sales 1 (581513); Storica Analitica visura per immobile - Catasto Fabbricati."
"visura-storica","FM","MONTELEONE DI FERMO","1","541","","T","","analitica","","","PVP sales 1 (581513); Storica Analitica visura per immobile - Catasto Terreni."
"visura-storica","FM","MONTELEONE DI FERMO","7","185","3","F","","analitica","","","PVP sales 2 (4405829,4405969); Storica Analitica visura per immobile - Catasto Fabbricati."
"visura-storica","FM","MONTELEONE DI FERMO","7","185","7","F","","analitica","","","PVP sales 2 (4405829,4405969); Storica Analitica visura per immobile - Catasto Fabbricati."
"visura-storica","FM","MONTELEONE DI FERMO","7","249","1","F","","analitica","","","PVP sales 2 (4405829,4405969); Storica Analitica visura per immobile - Catasto Fabbricati."
"visura-storica","FM","MONTELPARO","13","261","","F","","analitica","","","PVP sales 2 (2194256,4242114); Storica Analitica visura per immobile - Catasto Fabbricati."
"visura-storica","FM","MONTELPARO","13","261","","T","","analitica","","","PVP sales 2 (2194256,4242114); Storica Analitica visura per immobile - Catasto Terreni."
"visura-storica","FM","MONTELPARO","13","454","","F","","analitica","","","PVP sales 2 (2194256,4242114); Storica Analitica visura per immobile - Catasto Fabbricati."
"visura-storica","FM","MONTELPARO","13","454","","T","","analitica","","","PVP sales 2 (2194256,4242114); Storica Analitica visura per immobile - Catasto Terreni."
"visura-storica","FM","MONTELPARO","13","457","","F","","analitica","","","PVP sales 2 (2194256,4242114); Storica Analitica visura per immobile - Catasto Fabbricati."
"visura-storica","FM","MONTELPARO","13","457","","T","","analitica","","","PVP sales 2 (2194256,4242114); Storica Analitica visura per immobile - Catasto Terreni."
"visura-storica","FM","MONTELPARO","13","458","","F","","analitica","","","PVP sales 2 (2194256,4242114); Storica Analitica visura per immobile - Catasto Fabbricati."
"visura-storica","FM","MONTELPARO","13","458","","T","","analitica","","","PVP sales 2 (2194256,4242114); Storica Analitica visura per immobile - Catasto Terreni."
"visura-storica","FM","MONTELPARO","13","459","3","F","","analitica","","","PVP sales 1 (2193747); Storica Analitica visura per immobile - Catasto Fabbricati."
"visura-storica","FM","MONTELPARO","13","459","5","F","","analitica","","","PVP sales 1 (2193747); Storica Analitica visura per immobile - Catasto Fabbricati."
"visura-storica","FM","MONTELPARO","13","459","7","F","","analitica","","","PVP sales 1 (2193747); Storica Analitica visura per immobile - Catasto Fabbricati."
"visura-storica","FM","MONTELPARO","13","460","2","F","","analitica","","","PVP sales 1 (2193828); Storica Analitica visura per immobile - Catasto Fabbricati."
"visura-storica","FM","MONTELPARO","13","460","4","F","","analitica","","","PVP sales 1 (2193828); Storica Analitica visura per immobile - Catasto Fabbricati."
"visura-storica","FM","MONTELPARO","13","465","","F","","analitica","","","PVP sales 2 (2194256,4242114); Storica Analitica visura per immobile - Catasto Fabbricati."
"visura-storica","FM","MONTELPARO","13","465","","T","","analitica","","","PVP sales 2 (2194256,4242114); Storica Analitica visura per immobile - Catasto Terreni."
"visura-storica","FM","MONTELPARO","13","474","","F","","analitica","","","PVP sales 2 (2194256,4242114); Storica Analitica visura per immobile - Catasto Fabbricati."
"visura-storica","FM","MONTELPARO","13","474","","T","","analitica","","","PVP sales 2 (2194256,4242114); Storica Analitica visura per immobile - Catasto Terreni."
"visura-storica","FM","MONTELPARO","13","607","","F","","analitica","","","PVP sales 1 (2193828); Storica Analitica visura per immobile - Catasto Fabbricati."
"visura-storica","FM","MONTELPARO","13","607","","T","","analitica","","","PVP sales 1 (2193828); Storica Analitica visura per immobile - Catasto Terreni."
"visura-storica","FM","MONTELPARO","13","611","","F","","analitica","","","PVP sales 1 (2193828); Storica Analitica visura per immobile - Catasto Fabbricati."
"visura-storica","FM","MONTELPARO","13","611","","T","","analitica","","","PVP sales 1 (2193828); Storica Analitica visura per immobile - Catasto Terreni."
"visura-storica","FM","MONTELPARO","13","612","","F","","analitica","","","PVP sales 1 (2193828); Storica Analitica visura per immobile - Catasto Fabbricati."
"visura-storica","FM","MONTELPARO","13","612","","T","","analitica","","","PVP sales 1 (2193828); Storica Analitica visura per immobile - Catasto Terreni."
"visura-storica","FM","MONTELPARO","13","614","","F","","analitica","","","PVP sales 2 (2194256,4242114); Storica Analitica visura per immobile - Catasto Fabbricati."
"visura-storica","FM","MONTELPARO","13","614","","T","","analitica","","","PVP sales 2 (2194256,4242114); Storica Analitica visura per immobile - Catasto Terreni."
"visura-storica","FM","MONTELPARO","13","615","","F","","analitica","","","PVP sales 2 (2194256,4242114); Storica Analitica visura per immobile - Catasto Fabbricati."
"visura-storica","FM","MONTELPARO","13","615","","T","","analitica","","","PVP sales 2 (2194256,4242114); Storica Analitica visura per immobile - Catasto Terreni."
"visura-storica","FM","MONTELPARO","13","616","","F","","analitica","","","PVP sales 2 (2194256,4242114); Storica Analitica visura per immobile - Catasto Fabbricati."
"visura-storica","FM","MONTELPARO","13","616","","T","","analitica","","","PVP sales 2 (2194256,4242114); Storica Analitica visura per immobile - Catasto Terreni."
"visura-storica","FM","MONTELPARO","13","618","","F","","analitica","","","PVP sales 2 (2194256,4242114); Storica Analitica visura per immobile - Catasto Fabbricati."
"visura-storica","FM","MONTELPARO","13","618","","T","","analitica","","","PVP sales 2 (2194256,4242114); Storica Analitica visura per immobile - Catasto Terreni."
"visura-storica","FM","MONTELPARO","13","629","","F","","analitica","","","PVP sales 1 (2193828); Storica Analitica visura per immobile - Catasto Fabbricati."
"visura-storica","FM","MONTELPARO","13","629","","T","","analitica","","","PVP sales 1 (2193828); Storica Analitica visura per immobile - Catasto Terreni."
"visura-storica","FM","MONTELPARO","5","169","","F","","analitica","","","PVP sales 2 (1906241,2187653); Storica Analitica visura per immobile - Catasto Fabbricati."
"visura-storica","FM","MONTELPARO","5","169","","T","","analitica","","","PVP sales 2 (1906241,2187653); Storica Analitica visura per immobile - Catasto Terreni."
"visura-storica","FM","MONTELPARO","5","190","","F","","analitica","","","PVP sales 2 (1906241,2187653); Storica Analitica visura per immobile - Catasto Fabbricati."
"visura-storica","FM","MONTELPARO","5","190","","T","","analitica","","","PVP sales 2 (1906241,2187653); Storica Analitica visura per immobile - Catasto Terreni."
"visura-storica","FM","MONTELPARO","5","263","","F","","analitica","","","PVP sales 2 (1906241,2187653); Storica Analitica visura per immobile - Catasto Fabbricati."
"visura-storica","FM","MONTELPARO","5","263","","T","","analitica","","","PVP sales 2 (1906241,2187653); Storica Analitica visura per immobile - Catasto Terreni."
"visura-storica","FM","MONTELPARO","5","264","","F","","analitica","","","PVP sales 1 (1906241); Storica Analitica visura per immobile - Catasto Fabbricati."
"visura-storica","FM","MONTELPARO","5","264","","T","","analitica","","","PVP sales 1 (1906241); Storica Analitica visura per immobile - Catasto Terreni."
"visura-storica","FM","MONTELPARO","5","267","","F","","analitica","","","PVP sales 1 (1906241); Storica Analitica visura per immobile - Catasto Fabbricati."
"visura-storica","FM","MONTELPARO","5","267","","T","","analitica","","","PVP sales 1 (1906241); Storica Analitica visura per immobile - Catasto Terreni."
"visura-storica","FM","MONTELPARO","5","268","","F","","analitica","","","PVP sales 2 (1906241,2187653); Storica Analitica visura per immobile - Catasto Fabbricati."
"visura-storica","FM","MONTELPARO","5","268","","T","","analitica","","","PVP sales 2 (1906241,2187653); Storica Analitica visura per immobile - Catasto Terreni."
"visura-storica","FM","MONTELPARO","5","269","","F","","analitica","","","PVP sales 1 (1906241); Storica Analitica visura per immobile - Catasto Fabbricati."
"visura-storica","FM","MONTELPARO","5","269","","T","","analitica","","","PVP sales 1 (1906241); Storica Analitica visura per immobile - Catasto Terreni."
"visura-storica","FM","MONTELPARO","6","102","","F","","analitica","","","PVP sales 1 (2187442); Storica Analitica visura per immobile - Catasto Fabbricati."
"visura-storica","FM","MONTELPARO","6","102","","T","","analitica","","","PVP sales 1 (2187442); Storica Analitica visura per immobile - Catasto Terreni."
"visura-storica","FM","MONTELPARO","8","118","","F","","analitica","","","PVP sales 1 (2165733); Storica Analitica visura per immobile - Catasto Fabbricati."
"visura-storica","FM","MONTELPARO","8","118","","T","","analitica","","","PVP sales 1 (2165733); Storica Analitica visura per immobile - Catasto Terreni."
"visura-storica","FM","MONTELPARO","8","119","","F","","analitica","","","PVP sales 1 (2165733); Storica Analitica visura per immobile - Catasto Fabbricati."
"visura-storica","FM","MONTELPARO","8","119","","T","","analitica","","","PVP sales 1 (2165733); Storica Analitica visura per immobile - Catasto Terreni."
"visura-storica","FM","MONTELPARO","8","269","","F","","analitica","","","PVP sales 1 (2165733); Storica Analitica visura per immobile - Catasto Fabbricati."
"visura-storica","FM","MONTELPARO","8","269","","T","","analitica","","","PVP sales 1 (2165733); Storica Analitica visura per immobile - Catasto Terreni."
"visura-storica","FM","MONTELPARO","8","271","","F","","analitica","","","PVP sales 1 (2165733); Storica Analitica visura per immobile - Catasto Fabbricati."
"visura-storica","FM","MONTELPARO","8","271","","T","","analitica","","","PVP sales 1 (2165733); Storica Analitica visura per immobile - Catasto Terreni."
"visura-storica","FM","MONTELPARO","8","273","","F","","analitica","","","PVP sales 1 (2165733); Storica Analitica visura per immobile - Catasto Fabbricati."
"visura-storica","FM","MONTELPARO","8","273","","T","","analitica","","","PVP sales 1 (2165733); Storica Analitica visura per immobile - Catasto Terreni."
"visura-storica","FM","MONTELPARO","8","275","","F","","analitica","","","PVP sales 1 (2165733); Storica Analitica visura per immobile - Catasto Fabbricati."
"visura-storica","FM","MONTELPARO","8","275","","T","","analitica","","","PVP sales 1 (2165733); Storica Analitica visura per immobile - Catasto Terreni."
"visura-storica","FM","MONTELPARO","8","277","","F","","analitica","","","PVP sales 1 (2165733); Storica Analitica visura per immobile - Catasto Fabbricati."
"visura-storica","FM","MONTELPARO","8","277","","T","","analitica","","","PVP sales 1 (2165733); Storica Analitica visura per immobile - Catasto Terreni."
"visura-storica","FM","MONTELPARO","8","282","","F","","analitica","","","PVP sales 1 (2165733); Storica Analitica visura per immobile - Catasto Fabbricati."
"visura-storica","FM","MONTELPARO","8","282","","T","","analitica","","","PVP sales 1 (2165733); Storica Analitica visura per immobile - Catasto Terreni."
"visura-storica","FM","MONTERUBBIANO","12","177","","F","","analitica","","","PVP sales 1 (4478564); Storica Analitica visura per immobile - Catasto Fabbricati."
"visura-storica","FM","MONTERUBBIANO","12","177","","T","","analitica","","","PVP sales 1 (4478564); Storica Analitica visura per immobile - Catasto Terreni."
"visura-storica","FM","MONTERUBBIANO","12","178","","F","","analitica","","","PVP sales 1 (4478564); Storica Analitica visura per immobile - Catasto Fabbricati."
"visura-storica","FM","MONTERUBBIANO","12","178","","T","","analitica","","","PVP sales 1 (4478564); Storica Analitica visura per immobile - Catasto Terreni."
"visura-storica","FM","MONTERUBBIANO","12","231","","F","","analitica","","","PVP sales 1 (4478564); Storica Analitica visura per immobile - Catasto Fabbricati."
"visura-storica","FM","MONTERUBBIANO","12","231","","T","","analitica","","","PVP sales 1 (4478564); Storica Analitica visura per immobile - Catasto Terreni."
"visura-storica","FM","MONTERUBBIANO","12","296","","F","","analitica","","","PVP sales 1 (4478564); Storica Analitica visura per immobile - Catasto Fabbricati."
"visura-storica","FM","MONTERUBBIANO","12","296","","T","","analitica","","","PVP sales 1 (4478564); Storica Analitica visura per immobile - Catasto Terreni."
"visura-storica","FM","MONTERUBBIANO","12","74","","F","","analitica","","","PVP sales 1 (4478564); Storica Analitica visura per immobile - Catasto Fabbricati."
"visura-storica","FM","MONTERUBBIANO","12","74","","T","","analitica","","","PVP sales 1 (4478564); Storica Analitica visura per immobile - Catasto Terreni."
"visura-storica","FM","MONTERUBBIANO","12","77","","F","","analitica","","","PVP sales 1 (4478564); Storica Analitica visura per immobile - Catasto Fabbricati."
"visura-storica","FM","MONTERUBBIANO","12","77","","T","","analitica","","","PVP sales 1 (4478564); Storica Analitica visura per immobile - Catasto Terreni."
"visura-storica","FM","MONTERUBBIANO","12","78","","F","","analitica","","","PVP sales 1 (4478564); Storica Analitica visura per immobile - Catasto Fabbricati."
"visura-storica","FM","MONTERUBBIANO","12","78","","T","","analitica","","","PVP sales 1 (4478564); Storica Analitica visura per immobile - Catasto Terreni."
"visura-storica","FM","MONTERUBBIANO","12","79","","F","","analitica","","","PVP sales 1 (4478564); Storica Analitica visura per immobile - Catasto Fabbricati."
"visura-storica","FM","MONTERUBBIANO","12","79","","T","","analitica","","","PVP sales 1 (4478564); Storica Analitica visura per immobile - Catasto Terreni."
"visura-storica","FM","MONTERUBBIANO","12","80","","F","","analitica","","","PVP sales 1 (4478564); Storica Analitica visura per immobile - Catasto Fabbricati."
"visura-storica","FM","MONTERUBBIANO","12","80","","T","","analitica","","","PVP sales 1 (4478564); Storica Analitica visura per immobile - Catasto Terreni."
"visura-storica","FM","MONTERUBBIANO","12","82","","F","","analitica","","","PVP sales 1 (4478564); Storica Analitica visura per immobile - Catasto Fabbricati."
"visura-storica","FM","MONTERUBBIANO","12","82","","T","","analitica","","","PVP sales 1 (4478564); Storica Analitica visura per immobile - Catasto Terreni."
"visura-storica","FM","MONTERUBBIANO","12","90","","F","","analitica","","","PVP sales 1 (4478564); Storica Analitica visura per immobile - Catasto Fabbricati."
"visura-storica","FM","MONTERUBBIANO","12","90","","T","","analitica","","","PVP sales 1 (4478564); Storica Analitica visura per immobile - Catasto Terreni."
"visura-storica","FM","MONTERUBBIANO","22","342","24","F","","analitica","","","PVP sales 1 (2173298); Storica Analitica visura per immobile - Catasto Fabbricati."
"visura-storica","FM","MONTERUBBIANO","22","342","33","F","","analitica","","","PVP sales 1 (2173353); Storica Analitica visura per immobile - Catasto Fabbricati."
"visura-storica","FM","MONTERUBBIANO","22","349","10","F","","analitica","","","PVP sales 1 (2173554); Storica Analitica visura per immobile - Catasto Fabbricati."
"visura-storica","FM","MONTERUBBIANO","28","195","17","F","","analitica","","","PVP sales 1 (4238066); Storica Analitica visura per immobile - Catasto Fabbricati."
"visura-storica","FM","MONTERUBBIANO","28","195","30","F","","analitica","","","PVP sales 1 (4238066); Storica Analitica visura per immobile - Catasto Fabbricati."
"visura-storica","FM","MONTERUBBIANO","32","281","4","F","","analitica","","","PVP sales 1 (4422930); Storica Analitica visura per immobile - Catasto Fabbricati."
"visura-storica","FM","MONTERUBBIANO","32","281","9","F","","analitica","","","PVP sales 1 (4422930); Storica Analitica visura per immobile - Catasto Fabbricati."
"visura-storica","FM","MONTERUBBIANO","32","46","10","F","","analitica","","","PVP sales 2 (4479090,4479725); Storica Analitica visura per immobile - Catasto Fabbricati."
"visura-storica","FM","MONTERUBBIANO","32","46","3","F","","analitica","","","PVP sales 2 (4479090,4479725); Storica Analitica visura per immobile - Catasto Fabbricati."
"visura-storica","FM","MONTERUBBIANO","32","46","5","F","","analitica","","","PVP sales 2 (4479090,4479725); Storica Analitica visura per immobile - Catasto Fabbricati."
"visura-storica","FM","MONTERUBBIANO","32","46","6","F","","analitica","","","PVP sales 2 (4479354,4479738); Storica Analitica visura per immobile - Catasto Fabbricati."
"visura-storica","FM","MONTERUBBIANO","32","46","8","F","","analitica","","","PVP sales 2 (4479355,4480013); Storica Analitica visura per immobile - Catasto Fabbricati."
"visura-storica","FM","MONTERUBBIANO","32","46","9","F","","analitica","","","PVP sales 2 (4479355,4480013); Storica Analitica visura per immobile - Catasto Fabbricati."
"visura-storica","FM","MONTERUBBIANO","32","56","","F","","analitica","","","PVP sales 1 (2141177); Storica Analitica visura per immobile - Catasto Fabbricati."
"visura-storica","FM","MONTERUBBIANO","32","56","","T","","analitica","","","PVP sales 1 (2141177); Storica Analitica visura per immobile - Catasto Terreni."
"visura-storica","FM","MONTOTTONE","1","28","4","F","","analitica","","","PVP sales 1 (1965230); Storica Analitica visura per immobile - Catasto Fabbricati."
"visura-storica","FM","MONTOTTONE","1","28","5","F","","analitica","","","PVP sales 1 (1965230); Storica Analitica visura per immobile - Catasto Fabbricati."
"visura-storica","FM","MONTOTTONE","1","28","6","F","","analitica","","","PVP sales 1 (1965230); Storica Analitica visura per immobile - Catasto Fabbricati."
"visura-storica","FM","MONTOTTONE","1","28","7","F","","analitica","","","PVP sales 1 (1965230); Storica Analitica visura per immobile - Catasto Fabbricati."
"visura-storica","FM","MONTOTTONE","1","48","","T","","analitica","","","PVP sales 1 (1965230); Storica Analitica visura per immobile - Catasto Terreni."
"visura-storica","FM","MONTOTTONE","1","85","","T","","analitica","","","PVP sales 1 (1965230); Storica Analitica visura per immobile - Catasto Terreni."
"visura-storica","FM","MONTOTTONE","1","88","","T","","analitica","","","PVP sales 1 (1965230); Storica Analitica visura per immobile - Catasto Terreni."
"visura-storica","FM","MONTOTTONE","1","90","","T","","analitica","","","PVP sales 1 (1965230); Storica Analitica visura per immobile - Catasto Terreni."
"visura-storica","FM","MONTOTTONE","10","227","1","F","","analitica","","","PVP sales 1 (4496662); Storica Analitica visura per immobile - Catasto Fabbricati."
"visura-storica","FM","MONTOTTONE","10","227","4","F","","analitica","","","PVP sales 1 (4496662); Storica Analitica visura per immobile - Catasto Fabbricati."
"visura-storica","FM","MONTOTTONE","10","227","5","F","","analitica","","","PVP sales 1 (4496753); Storica Analitica visura per immobile - Catasto Fabbricati."
"visura-storica","FM","MONTOTTONE","12","175","7","F","","analitica","","","PVP sales 2 (2181735,2181802); Storica Analitica visura per immobile - Catasto Fabbricati."
"visura-storica","FM","MONTOTTONE","13","114","1","F","","analitica","","","PVP sales 1 (4544074); Storica Analitica visura per immobile - Catasto Fabbricati."
"visura-storica","FM","MONTOTTONE","13","187","","F","","analitica","","","PVP sales 1 (4544074); Storica Analitica visura per immobile - Catasto Fabbricati."
"visura-storica","FM","MONTOTTONE","13","187","","T","","analitica","","","PVP sales 1 (4544074); Storica Analitica visura per immobile - Catasto Terreni."
"visura-storica","FM","MONTOTTONE","13","300","","F","","analitica","","","PVP sales 1 (4544074); Storica Analitica visura per immobile - Catasto Fabbricati."
"visura-storica","FM","MONTOTTONE","13","300","","T","","analitica","","","PVP sales 1 (4544074); Storica Analitica visura per immobile - Catasto Terreni."
"visura-storica","FM","MONTOTTONE","13","304","","F","","analitica","","","PVP sales 1 (4544074); Storica Analitica visura per immobile - Catasto Fabbricati."
"visura-storica","FM","MONTOTTONE","13","304","","T","","analitica","","","PVP sales 1 (4544074); Storica Analitica visura per immobile - Catasto Terreni."
"visura-storica","FM","MONTOTTONE","13","306","","F","","analitica","","","PVP sales 1 (4544074); Storica Analitica visura per immobile - Catasto Fabbricati."
"visura-storica","FM","MONTOTTONE","13","306","","T","","analitica","","","PVP sales 1 (4544074); Storica Analitica visura per immobile - Catasto Terreni."
"visura-storica","FM","MONTOTTONE","13","308","","F","","analitica","","","PVP sales 1 (4544074); Storica Analitica visura per immobile - Catasto Fabbricati."
"visura-storica","FM","MONTOTTONE","13","308","","T","","analitica","","","PVP sales 1 (4544074); Storica Analitica visura per immobile - Catasto Terreni."
"visura-storica","FM","MONTOTTONE","13","309","","F","","analitica","","","PVP sales 1 (4544074); Storica Analitica visura per immobile - Catasto Fabbricati."
"visura-storica","FM","MONTOTTONE","13","309","","T","","analitica","","","PVP sales 1 (4544074); Storica Analitica visura per immobile - Catasto Terreni."
"visura-storica","FM","MONTOTTONE","13","312","","F","","analitica","","","PVP sales 1 (4544074); Storica Analitica visura per immobile - Catasto Fabbricati."
"visura-storica","FM","MONTOTTONE","13","312","","T","","analitica","","","PVP sales 1 (4544074); Storica Analitica visura per immobile - Catasto Terreni."
"visura-storica","FM","MONTOTTONE","13","356","","F","","analitica","","","PVP sales 1 (4544074); Storica Analitica visura per immobile - Catasto Fabbricati."
"visura-storica","FM","MONTOTTONE","13","356","","T","","analitica","","","PVP sales 1 (4544074); Storica Analitica visura per immobile - Catasto Terreni."
"visura-storica","FM","MONTOTTONE","13","357","","F","","analitica","","","PVP sales 1 (4544074); Storica Analitica visura per immobile - Catasto Fabbricati."
"visura-storica","FM","MONTOTTONE","13","357","","T","","analitica","","","PVP sales 1 (4544074); Storica Analitica visura per immobile - Catasto Terreni."
"visura-storica","FM","MONTOTTONE","13","358","","F","","analitica","","","PVP sales 1 (4544074); Storica Analitica visura per immobile - Catasto Fabbricati."
"visura-storica","FM","MONTOTTONE","13","358","","T","","analitica","","","PVP sales 1 (4544074); Storica Analitica visura per immobile - Catasto Terreni."
"visura-storica","FM","MONTOTTONE","15","330","","F","","analitica","","","PVP sales 1 (334659); Storica Analitica visura per immobile - Catasto Fabbricati."
"visura-storica","FM","MONTOTTONE","15","330","","T","","analitica","","","PVP sales 1 (334659); Storica Analitica visura per immobile - Catasto Terreni."
"visura-storica","FM","MONTOTTONE","3","112","","F","","analitica","","","PVP sales 1 (4474987); Storica Analitica visura per immobile - Catasto Fabbricati."
"visura-storica","FM","MONTOTTONE","3","112","","T","","analitica","","","PVP sales 1 (4474987); Storica Analitica visura per immobile - Catasto Terreni."
"visura-storica","FM","MONTOTTONE","3","113","","F","","analitica","","","PVP sales 1 (4474987); Storica Analitica visura per immobile - Catasto Fabbricati."
"visura-storica","FM","MONTOTTONE","3","113","","T","","analitica","","","PVP sales 1 (4474987); Storica Analitica visura per immobile - Catasto Terreni."
"visura-storica","FM","MONTOTTONE","3","114","","F","","analitica","","","PVP sales 1 (4474987); Storica Analitica visura per immobile - Catasto Fabbricati."
"visura-storica","FM","MONTOTTONE","3","114","","T","","analitica","","","PVP sales 1 (4474987); Storica Analitica visura per immobile - Catasto Terreni."
"visura-storica","FM","MONTOTTONE","3","115","","F","","analitica","","","PVP sales 1 (4474987); Storica Analitica visura per immobile - Catasto Fabbricati."
"visura-storica","FM","MONTOTTONE","3","115","","T","","analitica","","","PVP sales 1 (4474987); Storica Analitica visura per immobile - Catasto Terreni."
"visura-storica","FM","MONTOTTONE","3","116","","F","","analitica","","","PVP sales 1 (4474987); Storica Analitica visura per immobile - Catasto Fabbricati."
"visura-storica","FM","MONTOTTONE","3","116","","T","","analitica","","","PVP sales 1 (4474987); Storica Analitica visura per immobile - Catasto Terreni."
"visura-storica","FM","MONTOTTONE","3","117","","F","","analitica","","","PVP sales 1 (4474987); Storica Analitica visura per immobile - Catasto Fabbricati."
"visura-storica","FM","MONTOTTONE","3","117","","T","","analitica","","","PVP sales 1 (4474987); Storica Analitica visura per immobile - Catasto Terreni."
"visura-storica","FM","MONTOTTONE","3","131","","F","","analitica","","","PVP sales 1 (4474987); Storica Analitica visura per immobile - Catasto Fabbricati."
"visura-storica","FM","MONTOTTONE","3","131","","T","","analitica","","","PVP sales 1 (4474987); Storica Analitica visura per immobile - Catasto Terreni."
"visura-storica","FM","MONTOTTONE","3","132","","F","","analitica","","","PVP sales 1 (4474987); Storica Analitica visura per immobile - Catasto Fabbricati."
"visura-storica","FM","MONTOTTONE","3","132","","T","","analitica","","","PVP sales 1 (4474987); Storica Analitica visura per immobile - Catasto Terreni."
"visura-storica","FM","MONTOTTONE","3","134","","F","","analitica","","","PVP sales 1 (4474987); Storica Analitica visura per immobile - Catasto Fabbricati."
"visura-storica","FM","MONTOTTONE","3","134","","T","","analitica","","","PVP sales 1 (4474987); Storica Analitica visura per immobile - Catasto Terreni."
"visura-storica","FM","MONTOTTONE","3","138","","F","","analitica","","","PVP sales 1 (4474987); Storica Analitica visura per immobile - Catasto Fabbricati."
"visura-storica","FM","MONTOTTONE","3","138","","T","","analitica","","","PVP sales 1 (4474987); Storica Analitica visura per immobile - Catasto Terreni."
"visura-storica","FM","MONTOTTONE","3","23","","F","","analitica","","","PVP sales 1 (4474987); Storica Analitica visura per immobile - Catasto Fabbricati."
"visura-storica","FM","MONTOTTONE","3","23","","T","","analitica","","","PVP sales 1 (4474987); Storica Analitica visura per immobile - Catasto Terreni."
"visura-storica","FM","MONTOTTONE","3","25","","F","","analitica","","","PVP sales 1 (4474987); Storica Analitica visura per immobile - Catasto Fabbricati."
"visura-storica","FM","MONTOTTONE","3","25","","T","","analitica","","","PVP sales 1 (4474987); Storica Analitica visura per immobile - Catasto Terreni."
"visura-storica","FM","MONTOTTONE","3","28","2","F","","analitica","","","PVP sales 2 (2030343,2119249); Storica Analitica visura per immobile - Catasto Fabbricati."
"visura-storica","FM","MONTOTTONE","3","28","3","F","","analitica","","","PVP sales 2 (2030343,2119249); Storica Analitica visura per immobile - Catasto Fabbricati."
"visura-storica","FM","MONTOTTONE","3","28","5","F","","analitica","","","PVP sales 2 (2030343,2119249); Storica Analitica visura per immobile - Catasto Fabbricati."
"visura-storica","FM","MONTOTTONE","3","57","","F","","analitica","","","PVP sales 1 (4474987); Storica Analitica visura per immobile - Catasto Fabbricati."
"visura-storica","FM","MONTOTTONE","3","57","","T","","analitica","","","PVP sales 1 (4474987); Storica Analitica visura per immobile - Catasto Terreni."
"visura-storica","FM","MONTOTTONE","3","77","","F","","analitica","","","PVP sales 1 (4474987); Storica Analitica visura per immobile - Catasto Fabbricati."
"visura-storica","FM","MONTOTTONE","3","77","","T","","analitica","","","PVP sales 1 (4474987); Storica Analitica visura per immobile - Catasto Terreni."
"visura-storica","FM","MONTOTTONE","3","82","","F","","analitica","","","PVP sales 1 (4474987); Storica Analitica visura per immobile - Catasto Fabbricati."
"visura-storica","FM","MONTOTTONE","3","82","","T","","analitica","","","PVP sales 1 (4474987); Storica Analitica visura per immobile - Catasto Terreni."
"visura-storica","FM","MONTOTTONE","3","84","","F","","analitica","","","PVP sales 1 (4474987); Storica Analitica visura per immobile - Catasto Fabbricati."
"visura-storica","FM","MONTOTTONE","3","84","","T","","analitica","","","PVP sales 1 (4474987); Storica Analitica visura per immobile - Catasto Terreni."
"visura-storica","FM","MONTOTTONE","3","85","","F","","analitica","","","PVP sales 1 (4474987); Storica Analitica visura per immobile - Catasto Fabbricati."
"visura-storica","FM","MONTOTTONE","3","85","","T","","analitica","","","PVP sales 1 (4474987); Storica Analitica visura per immobile - Catasto Terreni."
"visura-storica","FM","MONTOTTONE","3","86","","F","","analitica","","","PVP sales 1 (4474987); Storica Analitica visura per immobile - Catasto Fabbricati."
"visura-storica","FM","MONTOTTONE","3","86","","T","","analitica","","","PVP sales 1 (4474987); Storica Analitica visura per immobile - Catasto Terreni."
"visura-storica","FM","MONTOTTONE","3","89","","F","","analitica","","","PVP sales 1 (4474987); Storica Analitica visura per immobile - Catasto Fabbricati."
"visura-storica","FM","MONTOTTONE","3","89","","T","","analitica","","","PVP sales 1 (4474987); Storica Analitica visura per immobile - Catasto Terreni."
"visura-storica","FM","MONTOTTONE","3","90","","F","","analitica","","","PVP sales 1 (4474987); Storica Analitica visura per immobile - Catasto Fabbricati."
"visura-storica","FM","MONTOTTONE","3","90","","T","","analitica","","","PVP sales 1 (4474987); Storica Analitica visura per immobile - Catasto Terreni."
"visura-storica","FM","MONTOTTONE","3","92","","F","","analitica","","","PVP sales 1 (4474987); Storica Analitica visura per immobile - Catasto Fabbricati."
"visura-storica","FM","MONTOTTONE","3","92","","T","","analitica","","","PVP sales 1 (4474987); Storica Analitica visura per immobile - Catasto Terreni."
"visura-storica","FM","MONTOTTONE","3","94","","F","","analitica","","","PVP sales 1 (4474987); Storica Analitica visura per immobile - Catasto Fabbricati."
"visura-storica","FM","MONTOTTONE","3","94","","T","","analitica","","","PVP sales 1 (4474987); Storica Analitica visura per immobile - Catasto Terreni."
"visura-storica","FM","MONTOTTONE","3","96","","F","","analitica","","","PVP sales 1 (4474987); Storica Analitica visura per immobile - Catasto Fabbricati."
"visura-storica","FM","MONTOTTONE","3","96","","T","","analitica","","","PVP sales 1 (4474987); Storica Analitica visura per immobile - Catasto Terreni."
"visura-storica","FM","MORESCO","7","189","4","F","","analitica","","","PVP sales 3 (4354737,4354807,4354816); Storica Analitica visura per immobile - Catasto Fabbricati."
"visura-storica","FM","ORTEZZANO","4","395","8","F","","analitica","","","PVP sales 1 (2135673); Storica Analitica visura per immobile - Catasto Fabbricati."
"visura-storica","FM","ORTEZZANO","7","242","2","F","","analitica","","","PVP sales 1 (4543567); Storica Analitica visura per immobile - Catasto Fabbricati."
"visura-storica","FM","ORTEZZANO","7","242","3","F","","analitica","","","PVP sales 1 (4543788); Storica Analitica visura per immobile - Catasto Fabbricati."
"visura-storica","FM","ORTEZZANO","7","242","4","F","","analitica","","","PVP sales 1 (4543567); Storica Analitica visura per immobile - Catasto Fabbricati."
"visura-storica","FM","PEDASO","1","116","","F","","analitica","","","PVP sales 4 (4446022,4446052,4446059,4543993); Storica Analitica visura per immobile - Catasto Fabbricati."
"visura-storica","FM","PEDASO","1","116","","T","","analitica","","","PVP sales 4 (4446022,4446052,4446059,4543993); Storica Analitica visura per immobile - Catasto Terreni."
"visura-storica","FM","PEDASO","1","117","4","F","","analitica","","","PVP sales 1 (1412597); Storica Analitica visura per immobile - Catasto Fabbricati."
"visura-storica","FM","PEDASO","1","117","7","F","","analitica","","","PVP sales 1 (1412597); Storica Analitica visura per immobile - Catasto Fabbricati."
"visura-storica","FM","PEDASO","1","166","12","F","","analitica","","","PVP sales 2 (4401411,4508204); Storica Analitica visura per immobile - Catasto Fabbricati."
"visura-storica","FM","PEDASO","1","166","14","F","","analitica","","","PVP sales 1 (4508204); Storica Analitica visura per immobile - Catasto Fabbricati."
"visura-storica","FM","PEDASO","1","166","17","F","","analitica","","","PVP sales 1 (4508260); Storica Analitica visura per immobile - Catasto Fabbricati."
"visura-storica","FM","PEDASO","1","173","3","F","","analitica","","","PVP sales 1 (523775); Storica Analitica visura per immobile - Catasto Fabbricati."
"visura-storica","FM","PEDASO","1","173","4","F","","analitica","","","PVP sales 1 (523775); Storica Analitica visura per immobile - Catasto Fabbricati."
"visura-storica","FM","PEDASO","1","173","6","F","","analitica","","","PVP sales 1 (523775); Storica Analitica visura per immobile - Catasto Fabbricati."
"visura-storica","FM","PEDASO","1","173","7","F","","analitica","","","PVP sales 1 (523775); Storica Analitica visura per immobile - Catasto Fabbricati."
"visura-storica","FM","PEDASO","1","520","1","F","","analitica","","","PVP sales 1 (1457138); Storica Analitica visura per immobile - Catasto Fabbricati."
"visura-storica","FM","PEDASO","1","520","16","F","","analitica","","","PVP sales 1 (1457138); Storica Analitica visura per immobile - Catasto Fabbricati."
"visura-storica","FM","PEDASO","1","694","15","F","","analitica","","","PVP sales 1 (4518141); Storica Analitica visura per immobile - Catasto Fabbricati."
"visura-storica","FM","PEDASO","1","694","24","F","","analitica","","","PVP sales 1 (4518141); Storica Analitica visura per immobile - Catasto Fabbricati."
"visura-storica","FM","PEDASO","1","694","71","F","","analitica","","","PVP sales 1 (4518141); Storica Analitica visura per immobile - Catasto Fabbricati."
"visura-storica","FM","PEDASO","1","694","83","F","","analitica","","","PVP sales 1 (4518141); Storica Analitica visura per immobile - Catasto Fabbricati."
"visura-storica","FM","PEDASO","1","769","54","F","","analitica","","","PVP sales 1 (1889938); Storica Analitica visura per immobile - Catasto Fabbricati."
"visura-storica","FM","PEDASO","1","769","61","F","","analitica","","","PVP sales 1 (1889938); Storica Analitica visura per immobile - Catasto Fabbricati."
"visura-storica","FM","PEDASO","2","126","11","F","","analitica","","","PVP sales 1 (2207059); Storica Analitica visura per immobile - Catasto Fabbricati."
"visura-storica","FM","PEDASO","2","239","14","F","","analitica","","","PVP sales 1 (2206991); Storica Analitica visura per immobile - Catasto Fabbricati."
"visura-storica","FM","PEDASO","2","240","20","F","","analitica","","","PVP sales 1 (4261816); Storica Analitica visura per immobile - Catasto Fabbricati."
"visura-storica","FM","PEDASO","2","52","3","F","","analitica","","","PVP sales 2 (906268,908372); Storica Analitica visura per immobile - Catasto Fabbricati."
"visura-storica","FM","PEDASO","2","595","","T","","analitica","","","PVP sales 1 (1412597); Storica Analitica visura per immobile - Catasto Terreni."
"visura-storica","FM","PEDASO","3","288","14","F","","analitica","","","PVP sales 1 (874198); Storica Analitica visura per immobile - Catasto Fabbricati."
"visura-storica","FM","PEDASO","3","288","6","F","","analitica","","","PVP sales 1 (874198); Storica Analitica visura per immobile - Catasto Fabbricati."
"visura-storica","FM","PEDASO","3","309","2","F","","analitica","","","PVP sales 2 (1547681,1670549); Storica Analitica visura per immobile - Catasto Fabbricati."
"visura-storica","FM","PEDASO","3","309","23","F","","analitica","","","PVP sales 1 (1670549); Storica Analitica visura per immobile - Catasto Fabbricati."
"visura-storica","FM","PEDASO","5","1046","","F","","analitica","","","PVP sales 1 (1611004); Storica Analitica visura per immobile - Catasto Fabbricati."
"visura-storica","FM","PEDASO","5","1046","","T","","analitica","","","PVP sales 1 (1611004); Storica Analitica visura per immobile - Catasto Terreni."
"visura-storica","FM","PEDASO","5","293","2","F","","analitica","","","PVP sales 1 (1611004); Storica Analitica visura per immobile - Catasto Fabbricati."
"visura-storica","FM","PEDASO","5","293","3","F","","analitica","","","PVP sales 1 (1611004); Storica Analitica visura per immobile - Catasto Fabbricati."
"visura-storica","FM","PETRITOLI","1","166","","F","","analitica","","","PVP sales 1 (4225836); Storica Analitica visura per immobile - Catasto Fabbricati."
"visura-storica","FM","PETRITOLI","1","166","","T","","analitica","","","PVP sales 1 (4225836); Storica Analitica visura per immobile - Catasto Terreni."
"visura-storica","FM","PETRITOLI","1","37","1","F","","analitica","","","PVP sales 1 (4225836); Storica Analitica visura per immobile - Catasto Fabbricati."
"visura-storica","FM","PETRITOLI","1","37","2","F","","analitica","","","PVP sales 1 (4225836); Storica Analitica visura per immobile - Catasto Fabbricati."
"visura-storica","FM","PETRITOLI","13","13","","F","","analitica","","","PVP sales 1 (769663); Storica Analitica visura per immobile - Catasto Fabbricati."
"visura-storica","FM","PETRITOLI","13","13","","T","","analitica","","","PVP sales 1 (769663); Storica Analitica visura per immobile - Catasto Terreni."
"visura-storica","FM","PETRITOLI","13","14","","F","","analitica","","","PVP sales 1 (769663); Storica Analitica visura per immobile - Catasto Fabbricati."
"visura-storica","FM","PETRITOLI","13","14","","T","","analitica","","","PVP sales 1 (769663); Storica Analitica visura per immobile - Catasto Terreni."
"visura-storica","FM","PETRITOLI","14","298","10","F","","analitica","","","PVP sales 2 (2117163,2117168); Storica Analitica visura per immobile - Catasto Fabbricati."
"visura-storica","FM","PETRITOLI","14","298","12","F","","analitica","","","PVP sales 2 (2117165,4242202); Storica Analitica visura per immobile - Catasto Fabbricati."
"visura-storica","FM","PETRITOLI","14","298","4","F","","analitica","","","PVP sales 2 (2117165,4242202); Storica Analitica visura per immobile - Catasto Fabbricati."
"visura-storica","FM","PETRITOLI","14","298","5","F","","analitica","","","PVP sales 2 (2117163,2117168); Storica Analitica visura per immobile - Catasto Fabbricati."
"visura-storica","FM","PETRITOLI","14","298","7","F","","analitica","","","PVP sales 2 (2117165,4242202); Storica Analitica visura per immobile - Catasto Fabbricati."
"visura-storica","FM","PETRITOLI","14","298","8","F","","analitica","","","PVP sales 2 (2117163,2117168); Storica Analitica visura per immobile - Catasto Fabbricati."
"visura-storica","FM","PETRITOLI","15","631","","F","","analitica","","","PVP sales 3 (4284820,4444863,4506840); Storica Analitica visura per immobile - Catasto Fabbricati."
"visura-storica","FM","PETRITOLI","15","631","","T","","analitica","","","PVP sales 3 (4284820,4444863,4506840); Storica Analitica visura per immobile - Catasto Terreni."
"visura-storica","FM","PETRITOLI","16","125","3","F","","analitica","","","PVP sales 3 (1548264,1980492,2048886); Storica Analitica visura per immobile - Catasto Fabbricati."
"visura-storica","FM","PETRITOLI","16","125","4","F","","analitica","","","PVP sales 3 (1548264,1980492,2048886); Storica Analitica visura per immobile - Catasto Fabbricati."
"visura-storica","FM","PETRITOLI","16","125","5","F","","analitica","","","PVP sales 3 (1548264,1980492,2048886); Storica Analitica visura per immobile - Catasto Fabbricati."
"visura-storica","FM","PETRITOLI","16","125","6","F","","analitica","","","PVP sales 3 (1548264,1980492,2048886); Storica Analitica visura per immobile - Catasto Fabbricati."
"visura-storica","FM","PETRITOLI","19","18","","T","","analitica","","","PVP sales 1 (2071710); Storica Analitica visura per immobile - Catasto Terreni."
"visura-storica","FM","PETRITOLI","19","259","","T","","analitica","","","PVP sales 2 (363914,878343); Storica Analitica visura per immobile - Catasto Terreni."
"visura-storica","FM","PETRITOLI","19","271","","F","","analitica","","","PVP sales 1 (2071710); Storica Analitica visura per immobile - Catasto Fabbricati."
"visura-storica","FM","PETRITOLI","19","272","","T","","analitica","","","PVP sales 1 (2071710); Storica Analitica visura per immobile - Catasto Terreni."
"visura-storica","FM","PETRITOLI","19","274","","T","","analitica","","","PVP sales 1 (2071710); Storica Analitica visura per immobile - Catasto Terreni."
"visura-storica","FM","PETRITOLI","19","368","","F","","analitica","","","PVP sales 2 (363914,878343); Storica Analitica visura per immobile - Catasto Fabbricati."
"visura-storica","FM","PETRITOLI","19","388","","T","","analitica","","","PVP sales 2 (363914,878343); Storica Analitica visura per immobile - Catasto Terreni."
"visura-storica","FM","PETRITOLI","19","389","","T","","analitica","","","PVP sales 2 (363914,878343); Storica Analitica visura per immobile - Catasto Terreni."
"visura-storica","FM","PETRITOLI","19","394","","T","","analitica","","","PVP sales 2 (363914,878343); Storica Analitica visura per immobile - Catasto Terreni."
"visura-storica","FM","PETRITOLI","19","395","","T","","analitica","","","PVP sales 2 (363914,878343); Storica Analitica visura per immobile - Catasto Terreni."
"visura-storica","FM","PETRITOLI","19","398","","T","","analitica","","","PVP sales 2 (363914,878343); Storica Analitica visura per immobile - Catasto Terreni."
"visura-storica","FM","PETRITOLI","19","399","","T","","analitica","","","PVP sales 2 (363914,878343); Storica Analitica visura per immobile - Catasto Terreni."
"visura-storica","FM","PETRITOLI","19","65","","T","","analitica","","","PVP sales 1 (2071710); Storica Analitica visura per immobile - Catasto Terreni."
"visura-storica","FM","PETRITOLI","19","66","","T","","analitica","","","PVP sales 1 (2071710); Storica Analitica visura per immobile - Catasto Terreni."
"visura-storica","FM","PETRITOLI","20","112A","","T","","analitica","","","PVP sales 1 (363914); Storica Analitica visura per immobile - Catasto Terreni."
"visura-storica","FM","PETRITOLI","20","112B","","T","","analitica","","","PVP sales 1 (363914); Storica Analitica visura per immobile - Catasto Terreni."
"visura-storica","FM","PETRITOLI","20","117","","F","","analitica","","","PVP sales 1 (2072051); Storica Analitica visura per immobile - Catasto Fabbricati."
"visura-storica","FM","PETRITOLI","20","117","","T","","analitica","","","PVP sales 1 (2072051); Storica Analitica visura per immobile - Catasto Terreni."
"visura-storica","FM","PETRITOLI","20","118","","F","","analitica","","","PVP sales 2 (4406007,4406371); Storica Analitica visura per immobile - Catasto Fabbricati."
"visura-storica","FM","PETRITOLI","20","118","","T","","analitica","","","PVP sales 2 (4406007,4406371); Storica Analitica visura per immobile - Catasto Terreni."
"visura-storica","FM","PETRITOLI","20","189","","F","","analitica","","","PVP sales 2 (4406007,4406371); Storica Analitica visura per immobile - Catasto Fabbricati."
"visura-storica","FM","PETRITOLI","20","189","","T","","analitica","","","PVP sales 2 (4406007,4406371); Storica Analitica visura per immobile - Catasto Terreni."
"visura-storica","FM","PETRITOLI","20","255","","F","","analitica","","","PVP sales 2 (4406007,4406371); Storica Analitica visura per immobile - Catasto Fabbricati."
"visura-storica","FM","PETRITOLI","20","255","","T","","analitica","","","PVP sales 2 (4406007,4406371); Storica Analitica visura per immobile - Catasto Terreni."
"visura-storica","FM","PETRITOLI","20","257","2","F","","analitica","","","PVP sales 1 (4265232); Storica Analitica visura per immobile - Catasto Fabbricati."
"visura-storica","FM","PETRITOLI","20","263","","F","","analitica","","","PVP sales 2 (4406007,4406371); Storica Analitica visura per immobile - Catasto Fabbricati."
"visura-storica","FM","PETRITOLI","20","263","","T","","analitica","","","PVP sales 2 (4406007,4406371); Storica Analitica visura per immobile - Catasto Terreni."
"visura-storica","FM","PETRITOLI","20","264","","F","","analitica","","","PVP sales 2 (4406007,4406371); Storica Analitica visura per immobile - Catasto Fabbricati."
"visura-storica","FM","PETRITOLI","20","264","","T","","analitica","","","PVP sales 2 (4406007,4406371); Storica Analitica visura per immobile - Catasto Terreni."
"visura-storica","FM","PETRITOLI","20","334","","F","","analitica","","","PVP sales 2 (4406007,4406371); Storica Analitica visura per immobile - Catasto Fabbricati."
"visura-storica","FM","PETRITOLI","20","334","","T","","analitica","","","PVP sales 2 (4406007,4406371); Storica Analitica visura per immobile - Catasto Terreni."
"visura-storica","FM","PETRITOLI","20","343","","F","","analitica","","","PVP sales 2 (4406007,4406371); Storica Analitica visura per immobile - Catasto Fabbricati."
"visura-storica","FM","PETRITOLI","20","343","","T","","analitica","","","PVP sales 2 (4406007,4406371); Storica Analitica visura per immobile - Catasto Terreni."
"visura-storica","FM","PETRITOLI","20","344","","F","","analitica","","","PVP sales 2 (4406007,4406371); Storica Analitica visura per immobile - Catasto Fabbricati."
"visura-storica","FM","PETRITOLI","20","344","","T","","analitica","","","PVP sales 2 (4406007,4406371); Storica Analitica visura per immobile - Catasto Terreni."
"visura-storica","FM","PETRITOLI","20","345","","F","","analitica","","","PVP sales 2 (4406007,4406371); Storica Analitica visura per immobile - Catasto Fabbricati."
"visura-storica","FM","PETRITOLI","20","345","","T","","analitica","","","PVP sales 2 (4406007,4406371); Storica Analitica visura per immobile - Catasto Terreni."
"visura-storica","FM","PETRITOLI","20","346","","F","","analitica","","","PVP sales 2 (4406007,4406371); Storica Analitica visura per immobile - Catasto Fabbricati."
"visura-storica","FM","PETRITOLI","20","346","","T","","analitica","","","PVP sales 2 (4406007,4406371); Storica Analitica visura per immobile - Catasto Terreni."
"visura-storica","FM","PETRITOLI","20","347","","F","","analitica","","","PVP sales 2 (4406007,4406371); Storica Analitica visura per immobile - Catasto Fabbricati."
"visura-storica","FM","PETRITOLI","20","347","","T","","analitica","","","PVP sales 2 (4406007,4406371); Storica Analitica visura per immobile - Catasto Terreni."
"visura-storica","FM","PETRITOLI","20","348","","F","","analitica","","","PVP sales 2 (4406007,4406371); Storica Analitica visura per immobile - Catasto Fabbricati."
"visura-storica","FM","PETRITOLI","20","348","","T","","analitica","","","PVP sales 2 (4406007,4406371); Storica Analitica visura per immobile - Catasto Terreni."
"visura-storica","FM","PETRITOLI","20","353","","F","","analitica","","","PVP sales 2 (4406007,4406371); Storica Analitica visura per immobile - Catasto Fabbricati."
"visura-storica","FM","PETRITOLI","20","353","","T","","analitica","","","PVP sales 2 (4406007,4406371); Storica Analitica visura per immobile - Catasto Terreni."
"visura-storica","FM","PETRITOLI","20","356","","F","","analitica","","","PVP sales 2 (4406007,4406371); Storica Analitica visura per immobile - Catasto Fabbricati."
"visura-storica","FM","PETRITOLI","20","356","","T","","analitica","","","PVP sales 2 (4406007,4406371); Storica Analitica visura per immobile - Catasto Terreni."
"visura-storica","FM","PETRITOLI","20","357","","F","","analitica","","","PVP sales 2 (4406007,4406371); Storica Analitica visura per immobile - Catasto Fabbricati."
"visura-storica","FM","PETRITOLI","20","357","","T","","analitica","","","PVP sales 2 (4406007,4406371); Storica Analitica visura per immobile - Catasto Terreni."
"visura-storica","FM","PETRITOLI","20","78","","T","","analitica","","","PVP sales 2 (363914,878343); Storica Analitica visura per immobile - Catasto Terreni."
"visura-storica","FM","PETRITOLI","20","79","","T","","analitica","","","PVP sales 1 (363914); Storica Analitica visura per immobile - Catasto Terreni."
"visura-storica","FM","PETRITOLI","20","82","","T","","analitica","","","PVP sales 1 (363914); Storica Analitica visura per immobile - Catasto Terreni."
"visura-storica","FM","PETRITOLI","20","83","","T","","analitica","","","PVP sales 1 (363914); Storica Analitica visura per immobile - Catasto Terreni."
"visura-storica","FM","PETRITOLI","20","84A","","T","","analitica","","","PVP sales 1 (363914); Storica Analitica visura per immobile - Catasto Terreni."
"visura-storica","FM","PETRITOLI","20","84B","","T","","analitica","","","PVP sales 1 (363914); Storica Analitica visura per immobile - Catasto Terreni."
"visura-storica","FM","PETRITOLI","20","85","","T","","analitica","","","PVP sales 1 (363914); Storica Analitica visura per immobile - Catasto Terreni."
"visura-storica","FM","PETRITOLI","20","93","1","F","","analitica","","","PVP sales 2 (4406007,4406371); Storica Analitica visura per immobile - Catasto Fabbricati."
"visura-storica","FM","PETRITOLI","20","93","10","F","","analitica","","","PVP sales 2 (4406007,4406371); Storica Analitica visura per immobile - Catasto Fabbricati."
"visura-storica","FM","PETRITOLI","20","93","7","F","","analitica","","","PVP sales 2 (4406007,4406371); Storica Analitica visura per immobile - Catasto Fabbricati."
"visura-storica","FM","PETRITOLI","21","75","17","F","","analitica","","","PVP sales 1 (4499939); Storica Analitica visura per immobile - Catasto Fabbricati."
"visura-storica","FM","PETRITOLI","23","234","3","F","","analitica","","","PVP sales 1 (1531247); Storica Analitica visura per immobile - Catasto Fabbricati."
"visura-storica","FM","PETRITOLI","23","234","5","F","","analitica","","","PVP sales 1 (1531247); Storica Analitica visura per immobile - Catasto Fabbricati."
"visura-storica","FM","PETRITOLI","26","177","8","F","","analitica","","","PVP sales 3 (4284820,4444863,4506840); Storica Analitica visura per immobile - Catasto Fabbricati."
"visura-storica","FM","PETRITOLI","26","202","","F","","analitica","","","PVP sales 3 (4451634,4451652,4491350); Storica Analitica visura per immobile - Catasto Fabbricati."
"visura-storica","FM","PETRITOLI","26","202","","T","","analitica","","","PVP sales 3 (4451634,4451652,4491350); Storica Analitica visura per immobile - Catasto Terreni."
"visura-storica","FM","PETRITOLI","8","303","7","F","","analitica","","","PVP sales 1 (2168580); Storica Analitica visura per immobile - Catasto Fabbricati."
"visura-storica","FM","PONZANO DI FERMO","1","171","","F","","analitica","","","PVP sales 5 (4253489,4253539,4253576,4253578,4253579); Storica Analitica visura per immobile - Catasto Fabbricati."
"visura-storica","FM","PONZANO DI FERMO","1","171","","T","","analitica","","","PVP sales 5 (4253489,4253539,4253576,4253578,4253579); Storica Analitica visura per immobile - Catasto Terreni."
"visura-storica","FM","PONZANO DI FERMO","1","171","10","F","","analitica","","","PVP sales 1 (4368149); Storica Analitica visura per immobile - Catasto Fabbricati."
"visura-storica","FM","PONZANO DI FERMO","1","171","11","F","","analitica","","","PVP sales 1 (4368149); Storica Analitica visura per immobile - Catasto Fabbricati."
"visura-storica","FM","PONZANO DI FERMO","1","171","12","F","","analitica","","","PVP sales 1 (4557824); Storica Analitica visura per immobile - Catasto Fabbricati."
"visura-storica","FM","PONZANO DI FERMO","1","171","8","F","","analitica","","","PVP sales 1 (4557825); Storica Analitica visura per immobile - Catasto Fabbricati."
"visura-storica","FM","PONZANO DI FERMO","1","171","9","F","","analitica","","","PVP sales 1 (4557844); Storica Analitica visura per immobile - Catasto Fabbricati."
"visura-storica","FM","PONZANO DI FERMO","1","201","","F","","analitica","","","PVP sales 1 (4226100); Storica Analitica visura per immobile - Catasto Fabbricati."
"visura-storica","FM","PONZANO DI FERMO","1","201","","T","","analitica","","","PVP sales 1 (4226100); Storica Analitica visura per immobile - Catasto Terreni."
"visura-storica","FM","PONZANO DI FERMO","1","201","17","F","","analitica","","","PVP sales 2 (2172093,4402742); Storica Analitica visura per immobile - Catasto Fabbricati."
"visura-storica","FM","PONZANO DI FERMO","1","201","21","F","","analitica","","","PVP sales 2 (2172093,4402742); Storica Analitica visura per immobile - Catasto Fabbricati."
"visura-storica","FM","PONZANO DI FERMO","1","298","","F","","analitica","","","PVP sales 1 (679888); Storica Analitica visura per immobile - Catasto Fabbricati."
"visura-storica","FM","PONZANO DI FERMO","1","298","5","F","","analitica","","","PVP sales 2 (679850,962798); Storica Analitica visura per immobile - Catasto Fabbricati."
"visura-storica","FM","PONZANO DI FERMO","1","298","7","F","","analitica","","","PVP sales 2 (679880,962853); Storica Analitica visura per immobile - Catasto Fabbricati."
"visura-storica","FM","PONZANO DI FERMO","1","298","8","F","","analitica","","","PVP sales 1 (962857); Storica Analitica visura per immobile - Catasto Fabbricati."
"visura-storica","FM","PONZANO DI FERMO","1","321","","F","","analitica","","","PVP sales 1 (317282); Storica Analitica visura per immobile - Catasto Fabbricati."
"visura-storica","FM","PONZANO DI FERMO","1","321","","T","","analitica","","","PVP sales 1 (317282); Storica Analitica visura per immobile - Catasto Terreni."
"visura-storica","FM","PONZANO DI FERMO","1","321","3","F","","analitica","","","PVP sales 2 (939090,939128); Storica Analitica visura per immobile - Catasto Fabbricati."
"visura-storica","FM","PONZANO DI FERMO","1","321","4","F","","analitica","","","PVP sales 1 (939083); Storica Analitica visura per immobile - Catasto Fabbricati."
"visura-storica","FM","PONZANO DI FERMO","10","173","","F","","analitica","","","PVP sales 2 (1611016,1680811); Storica Analitica visura per immobile - Catasto Fabbricati."
"visura-storica","FM","PONZANO DI FERMO","10","173","","T","","analitica","","","PVP sales 2 (1611016,1680811); Storica Analitica visura per immobile - Catasto Terreni."
"visura-storica","FM","PONZANO DI FERMO","10","191","20","F","","analitica","","","PVP sales 1 (4420013); Storica Analitica visura per immobile - Catasto Fabbricati."
"visura-storica","FM","PONZANO DI FERMO","10","218","","F","","analitica","","","PVP sales 1 (4529851); Storica Analitica visura per immobile - Catasto Fabbricati."
"visura-storica","FM","PONZANO DI FERMO","10","218","","T","","analitica","","","PVP sales 1 (4529851); Storica Analitica visura per immobile - Catasto Terreni."
"visura-storica","FM","PONZANO DI FERMO","10","323","","F","","analitica","","","PVP sales 4 (4251700,4363137,4455530,4536827); Storica Analitica visura per immobile - Catasto Fabbricati."
"visura-storica","FM","PONZANO DI FERMO","10","323","","T","","analitica","","","PVP sales 4 (4251700,4363137,4455530,4536827); Storica Analitica visura per immobile - Catasto Terreni."
"visura-storica","FM","PONZANO DI FERMO","10","516","3","F","","analitica","","","PVP sales 4 (2109016,2109017,4335628,4415812); Storica Analitica visura per immobile - Catasto Fabbricati."
"visura-storica","FM","PONZANO DI FERMO","10","516","5","F","","analitica","","","PVP sales 4 (2109016,2109017,4335628,4415812); Storica Analitica visura per immobile - Catasto Fabbricati."
"visura-storica","FM","PONZANO DI FERMO","10","61","2","F","","analitica","","","PVP sales 1 (2089936); Storica Analitica visura per immobile - Catasto Fabbricati."
"visura-storica","FM","PONZANO DI FERMO","10","61","3","F","","analitica","","","PVP sales 1 (2089936); Storica Analitica visura per immobile - Catasto Fabbricati."
"visura-storica","FM","PONZANO DI FERMO","10","73","7","F","","analitica","","","PVP sales 4 (4251700,4363137,4455530,4536827); Storica Analitica visura per immobile - Catasto Fabbricati."
"visura-storica","FM","PONZANO DI FERMO","10","73","8","F","","analitica","","","PVP sales 4 (4251700,4363137,4455530,4536827); Storica Analitica visura per immobile - Catasto Fabbricati."
"visura-storica","FM","PONZANO DI FERMO","7","1","","T","","analitica","","","PVP sales 1 (2130466); Storica Analitica visura per immobile - Catasto Terreni."
"visura-storica","FM","PONZANO DI FERMO","7","100","","T","","analitica","","","PVP sales 1 (2130466); Storica Analitica visura per immobile - Catasto Terreni."
"visura-storica","FM","PONZANO DI FERMO","7","2","","T","","analitica","","","PVP sales 1 (2130466); Storica Analitica visura per immobile - Catasto Terreni."
"visura-storica","FM","PORTO SAN GIORGIO","1","371","13","F","","analitica","","","PVP sales 2 (1860500,2114833); Storica Analitica visura per immobile - Catasto Fabbricati."
"visura-storica","FM","PORTO SAN GIORGIO","1","371","9","F","","analitica","","","PVP sales 1 (2114833); Storica Analitica visura per immobile - Catasto Fabbricati."
"visura-storica","FM","PORTO SAN GIORGIO","10","255","4","F","","analitica","","","PVP sales 1 (2042820); Storica Analitica visura per immobile - Catasto Fabbricati."
"visura-storica","FM","PORTO SAN GIORGIO","11","1511","100","F","","analitica","","","PVP sales 1 (4212994); Storica Analitica visura per immobile - Catasto Fabbricati."
"visura-storica","FM","PORTO SAN GIORGIO","11","1511","39","F","","analitica","","","PVP sales 1 (4212994); Storica Analitica visura per immobile - Catasto Fabbricati."
"visura-storica","FM","PORTO SAN GIORGIO","11","1511","40","F","","analitica","","","PVP sales 1 (4212994); Storica Analitica visura per immobile - Catasto Fabbricati."
"visura-storica","FM","PORTO SAN GIORGIO","11","1511","8","F","","analitica","","","PVP sales 1 (4212994); Storica Analitica visura per immobile - Catasto Fabbricati."
"visura-storica","FM","PORTO SAN GIORGIO","11","336","","F","","analitica","","","PVP sales 1 (973153); Storica Analitica visura per immobile - Catasto Fabbricati."
"visura-storica","FM","PORTO SAN GIORGIO","11","336","","T","","analitica","","","PVP sales 1 (973153); Storica Analitica visura per immobile - Catasto Terreni."
"visura-storica","FM","PORTO SAN GIORGIO","11","384","7","F","","analitica","","","PVP sales 2 (4334679,4396348); Storica Analitica visura per immobile - Catasto Fabbricati."
"visura-storica","FM","PORTO SAN GIORGIO","11","400","11","F","","analitica","","","PVP sales 1 (1924969); Storica Analitica visura per immobile - Catasto Fabbricati."
"visura-storica","FM","PORTO SAN GIORGIO","11","838","","F","","analitica","","","PVP sales 1 (1924969); Storica Analitica visura per immobile - Catasto Fabbricati."
"visura-storica","FM","PORTO SAN GIORGIO","11","838","","T","","analitica","","","PVP sales 1 (1924969); Storica Analitica visura per immobile - Catasto Terreni."
"visura-storica","FM","PORTO SAN GIORGIO","2","1040","3","F","","analitica","","","PVP sales 1 (1492543); Storica Analitica visura per immobile - Catasto Fabbricati."
"visura-storica","FM","PORTO SAN GIORGIO","2","1053","","F","","analitica","","","PVP sales 2 (2076691,2131755); Storica Analitica visura per immobile - Catasto Fabbricati."
"visura-storica","FM","PORTO SAN GIORGIO","2","1097","1","F","","analitica","","","PVP sales 2 (510313,620753); Storica Analitica visura per immobile - Catasto Fabbricati."
"visura-storica","FM","PORTO SAN GIORGIO","2","1097","2","F","","analitica","","","PVP sales 2 (510313,620753); Storica Analitica visura per immobile - Catasto Fabbricati."
"visura-storica","FM","PORTO SAN GIORGIO","2","1188","1","F","","analitica","","","PVP sales 3 (1530538,1748217,1924685); Storica Analitica visura per immobile - Catasto Fabbricati."
"visura-storica","FM","PORTO SAN GIORGIO","2","1188","2","F","","analitica","","","PVP sales 3 (1530538,1748217,1924685); Storica Analitica visura per immobile - Catasto Fabbricati."
"visura-storica","FM","PORTO SAN GIORGIO","2","1188","3","F","","analitica","","","PVP sales 3 (1530538,1748217,1924685); Storica Analitica visura per immobile - Catasto Fabbricati."
"visura-storica","FM","PORTO SAN GIORGIO","2","18","2","F","","analitica","","","PVP sales 3 (2152350,2258400,4253956); Storica Analitica visura per immobile - Catasto Fabbricati."
"visura-storica","FM","PORTO SAN GIORGIO","2","18","3","F","","analitica","","","PVP sales 3 (2152350,2258400,4253956); Storica Analitica visura per immobile - Catasto Fabbricati."
"visura-storica","FM","PORTO SAN GIORGIO","2","2326","22","F","","analitica","","","PVP sales 1 (4505622); Storica Analitica visura per immobile - Catasto Fabbricati."
"visura-storica","FM","PORTO SAN GIORGIO","2","2326","6","F","","analitica","","","PVP sales 1 (4505622); Storica Analitica visura per immobile - Catasto Fabbricati."
"visura-storica","FM","PORTO SAN GIORGIO","2","245","3","F","","analitica","","","PVP sales 2 (4430504,4501193); Storica Analitica visura per immobile - Catasto Fabbricati."
"visura-storica","FM","PORTO SAN GIORGIO","2","46","24","F","","analitica","","","PVP sales 2 (4381361,4381432); Storica Analitica visura per immobile - Catasto Fabbricati."
"visura-storica","FM","PORTO SAN GIORGIO","2","46","7","F","","analitica","","","PVP sales 2 (4381361,4381432); Storica Analitica visura per immobile - Catasto Fabbricati."
"visura-storica","FM","PORTO SAN GIORGIO","2","616","16","F","","analitica","","","PVP sales 1 (4253531); Storica Analitica visura per immobile - Catasto Fabbricati."
"visura-storica","FM","PORTO SAN GIORGIO","2","616","6","F","","analitica","","","PVP sales 1 (2201759); Storica Analitica visura per immobile - Catasto Fabbricati."
"visura-storica","FM","PORTO SAN GIORGIO","2","797","25","F","","analitica","","","PVP sales 1 (2105337); Storica Analitica visura per immobile - Catasto Fabbricati."
"visura-storica","FM","PORTO SAN GIORGIO","2","797","33","F","","analitica","","","PVP sales 1 (2105322); Storica Analitica visura per immobile - Catasto Fabbricati."
"visura-storica","FM","PORTO SAN GIORGIO","2","797","34","F","","analitica","","","PVP sales 1 (2105331); Storica Analitica visura per immobile - Catasto Fabbricati."
"visura-storica","FM","PORTO SAN GIORGIO","2","89","1","F","","analitica","","","PVP sales 1 (1774865); Storica Analitica visura per immobile - Catasto Fabbricati."
"visura-storica","FM","PORTO SAN GIORGIO","2","940","4","F","","analitica","","","PVP sales 1 (4559040); Storica Analitica visura per immobile - Catasto Fabbricati."
"visura-storica","FM","PORTO SAN GIORGIO","2","940","5","F","","analitica","","","PVP sales 1 (4557846); Storica Analitica visura per immobile - Catasto Fabbricati."
"visura-storica","FM","PORTO SAN GIORGIO","2","961","26","F","","analitica","","","PVP sales 1 (4223350); Storica Analitica visura per immobile - Catasto Fabbricati."
"visura-storica","FM","PORTO SAN GIORGIO","4","470","4","F","","analitica","","","PVP sales 6 (2072722,2163561,4216681,4403604,4414052 +1 more); Storica Analitica visura per immobile - Catasto Fabbricati."
"visura-storica","FM","PORTO SAN GIORGIO","4","470","5","F","","analitica","","","PVP sales 6 (2072722,2163561,4216681,4403604,4414052 +1 more); Storica Analitica visura per immobile - Catasto Fabbricati."
"visura-storica","FM","PORTO SAN GIORGIO","4","470","6","F","","analitica","","","PVP sales 6 (2072722,2163561,4216681,4403604,4414052 +1 more); Storica Analitica visura per immobile - Catasto Fabbricati."
"visura-storica","FM","PORTO SAN GIORGIO","4","470","7","F","","analitica","","","PVP sales 6 (2072722,2163561,4216681,4403604,4414052 +1 more); Storica Analitica visura per immobile - Catasto Fabbricati."
"visura-storica","FM","PORTO SAN GIORGIO","48","181","","F","","analitica","","","PVP sales 1 (4239931); Storica Analitica visura per immobile - Catasto Fabbricati."
"visura-storica","FM","PORTO SAN GIORGIO","48","181","","T","","analitica","","","PVP sales 1 (4239931); Storica Analitica visura per immobile - Catasto Terreni."
"visura-storica","FM","PORTO SAN GIORGIO","5","325","13","F","","analitica","","","PVP sales 2 (4341145,4489147); Storica Analitica visura per immobile - Catasto Fabbricati."
"visura-storica","FM","PORTO SAN GIORGIO","5","377","12","F","","analitica","","","PVP sales 2 (4276708,4380447); Storica Analitica visura per immobile - Catasto Fabbricati."
"visura-storica","FM","PORTO SAN GIORGIO","6","449","3","F","","analitica","","","PVP sales 1 (4410063); Storica Analitica visura per immobile - Catasto Fabbricati."
"visura-storica","FM","PORTO SAN GIORGIO","6","449","4","F","","analitica","","","PVP sales 1 (4410063); Storica Analitica visura per immobile - Catasto Fabbricati."
"visura-storica","FM","PORTO SAN GIORGIO","8","355","","F","","analitica","","","PVP sales 1 (4493504); Storica Analitica visura per immobile - Catasto Fabbricati."
"visura-storica","FM","PORTO SAN GIORGIO","8","660","10","F","","analitica","","","PVP sales 1 (2012417); Storica Analitica visura per immobile - Catasto Fabbricati."
"visura-storica","FM","PORTO SAN GIORGIO","8","660","11","F","","analitica","","","PVP sales 1 (2012417); Storica Analitica visura per immobile - Catasto Fabbricati."
"visura-storica","FM","PORTO SAN GIORGIO","8","660","17","F","","analitica","","","PVP sales 1 (2012417); Storica Analitica visura per immobile - Catasto Fabbricati."
"visura-storica","FM","PORTO SAN GIORGIO","8","660","2","F","","analitica","","","PVP sales 1 (2012417); Storica Analitica visura per immobile - Catasto Fabbricati."
"visura-storica","FM","PORTO SAN GIORGIO","9","76","12","F","","analitica","","","PVP sales 1 (2109213); Storica Analitica visura per immobile - Catasto Fabbricati."
"visura-storica","FM","PORTO SAN GIORGIO","9","76","13","F","","analitica","","","PVP sales 2 (2055964,2109194); Storica Analitica visura per immobile - Catasto Fabbricati."
"visura-storica","FM","PORTO SAN GIORGIO","9","76","14","F","","analitica","","","PVP sales 2 (2056065,2109253); Storica Analitica visura per immobile - Catasto Fabbricati."
"visura-storica","FM","PORTO SAN GIORGIO","9","76","15","F","","analitica","","","PVP sales 2 (2056077,2116757); Storica Analitica visura per immobile - Catasto Fabbricati."
"visura-storica","FM","PORTO SAN GIORGIO","9","76","16","F","","analitica","","","PVP sales 2 (2061355,2117392); Storica Analitica visura per immobile - Catasto Fabbricati."
"visura-storica","FM","PORTO SAN GIORGIO","9","76","17","F","","analitica","","","PVP sales 2 (2061730,2117508); Storica Analitica visura per immobile - Catasto Fabbricati."
"visura-storica","FM","PORTO SAN GIORGIO","9","76","18","F","","analitica","","","PVP sales 2 (2061745,2117517); Storica Analitica visura per immobile - Catasto Fabbricati."
"visura-storica","FM","PORTO SAN GIORGIO","9","76","19","F","","analitica","","","PVP sales 2 (2061818,2117526); Storica Analitica visura per immobile - Catasto Fabbricati."
"visura-storica","FM","PORTO SAN GIORGIO","9","76","20","F","","analitica","","","PVP sales 3 (2061829,2117538,2198079); Storica Analitica visura per immobile - Catasto Fabbricati."
"visura-storica","FM","PORTO SAN GIORGIO","9","76","21","F","","analitica","","","PVP sales 2 (2063227,2121477); Storica Analitica visura per immobile - Catasto Fabbricati."
"visura-storica","FM","PORTO SAN GIORGIO","9","76","22","F","","analitica","","","PVP sales 3 (2063612,2121585,2202968); Storica Analitica visura per immobile - Catasto Fabbricati."
"visura-storica","FM","PORTO SAN GIORGIO","9","76","23","F","","analitica","","","PVP sales 3 (2063618,2123380,2202976); Storica Analitica visura per immobile - Catasto Fabbricati."
"visura-storica","FM","PORTO SAN GIORGIO","9","76","24","F","","analitica","","","PVP sales 3 (2063634,2123403,2203015); Storica Analitica visura per immobile - Catasto Fabbricati."
"visura-storica","FM","PORTO SAN GIORGIO","9","76","25","F","","analitica","","","PVP sales 2 (2123413,2203039); Storica Analitica visura per immobile - Catasto Fabbricati."
"visura-storica","FM","PORTO SAN GIORGIO","9","76","26","F","","analitica","","","PVP sales 3 (2066076,2129270,4239196); Storica Analitica visura per immobile - Catasto Fabbricati."
"visura-storica","FM","PORTO SAN GIORGIO","9","76","27","F","","analitica","","","PVP sales 2 (2066178,2129651); Storica Analitica visura per immobile - Catasto Fabbricati."
"visura-storica","FM","PORTO SAN GIORGIO","9","76","29","F","","analitica","","","PVP sales 2 (2068487,2129664); Storica Analitica visura per immobile - Catasto Fabbricati."
"visura-storica","FM","PORTO SAN GIORGIO","9","76","30","F","","analitica","","","PVP sales 3 (2068554,2131578,4239217); Storica Analitica visura per immobile - Catasto Fabbricati."
"visura-storica","FM","PORTO SAN GIORGIO","9","76","4","F","","analitica","","","PVP sales 3 (2109139,2196307,4239065); Storica Analitica visura per immobile - Catasto Fabbricati."
"visura-storica","FM","PORTO SANT'ELPIDIO","11","255","12","F","","analitica","","","PVP sales 2 (2086397,2189222); Storica Analitica visura per immobile - Catasto Fabbricati."
"visura-storica","FM","PORTO SANT'ELPIDIO","11","255","14","F","","analitica","","","PVP sales 2 (2086462,2189572); Storica Analitica visura per immobile - Catasto Fabbricati."
"visura-storica","FM","PORTO SANT'ELPIDIO","11","255","18","F","","analitica","","","PVP sales 2 (2086473,2189301); Storica Analitica visura per immobile - Catasto Fabbricati."
"visura-storica","FM","PORTO SANT'ELPIDIO","11","255","4","F","","analitica","","","PVP sales 1 (2086351); Storica Analitica visura per immobile - Catasto Fabbricati."
"visura-storica","FM","PORTO SANT'ELPIDIO","11","255","6","F","","analitica","","","PVP sales 1 (2086379); Storica Analitica visura per immobile - Catasto Fabbricati."
"visura-storica","FM","PORTO SANT'ELPIDIO","11","27","","F","","analitica","","","PVP sales 1 (947989); Storica Analitica visura per immobile - Catasto Fabbricati."
"visura-storica","FM","PORTO SANT'ELPIDIO","11","27","","T","","analitica","","","PVP sales 1 (947989); Storica Analitica visura per immobile - Catasto Terreni."
"visura-storica","FM","PORTO SANT'ELPIDIO","11","27","13","F","","analitica","","","PVP sales 1 (947770); Storica Analitica visura per immobile - Catasto Fabbricati."
"visura-storica","FM","PORTO SANT'ELPIDIO","11","347","","F","","analitica","","","PVP sales 1 (455504); Storica Analitica visura per immobile - Catasto Fabbricati."
"visura-storica","FM","PORTO SANT'ELPIDIO","11","347","","T","","analitica","","","PVP sales 1 (455504); Storica Analitica visura per immobile - Catasto Terreni."
"visura-storica","FM","PORTO SANT'ELPIDIO","11","381","10","F","","analitica","","","PVP sales 1 (1951881); Storica Analitica visura per immobile - Catasto Fabbricati."
"visura-storica","FM","PORTO SANT'ELPIDIO","11","381","8","F","","analitica","","","PVP sales 1 (1951874); Storica Analitica visura per immobile - Catasto Fabbricati."
"visura-storica","FM","PORTO SANT'ELPIDIO","11","423","2","F","","analitica","","","PVP sales 3 (1742645,1924520,2022392); Storica Analitica visura per immobile - Catasto Fabbricati."
"visura-storica","FM","PORTO SANT'ELPIDIO","11","423","3","F","","analitica","","","PVP sales 3 (1742702,1924533,2022403); Storica Analitica visura per immobile - Catasto Fabbricati."
"visura-storica","FM","PORTO SANT'ELPIDIO","11","423","4","F","","analitica","","","PVP sales 3 (1742452,1924411,2022193); Storica Analitica visura per immobile - Catasto Fabbricati."
"visura-storica","FM","PORTO SANT'ELPIDIO","11","423","5","F","","analitica","","","PVP sales 3 (1742452,1924411,2022193); Storica Analitica visura per immobile - Catasto Fabbricati."
"visura-storica","FM","PORTO SANT'ELPIDIO","11","615","8","F","","analitica","","","PVP sales 2 (2174259,4439630); Storica Analitica visura per immobile - Catasto Fabbricati."
"visura-storica","FM","PORTO SANT'ELPIDIO","11","649","10","F","","analitica","","","PVP sales 1 (2104708); Storica Analitica visura per immobile - Catasto Fabbricati."
"visura-storica","FM","PORTO SANT'ELPIDIO","11","649","18","F","","analitica","","","PVP sales 1 (2104708); Storica Analitica visura per immobile - Catasto Fabbricati."
"visura-storica","FM","PORTO SANT'ELPIDIO","11","700","","F","","analitica","","","PVP sales 1 (4548390); Storica Analitica visura per immobile - Catasto Fabbricati."
"visura-storica","FM","PORTO SANT'ELPIDIO","11","700","","T","","analitica","","","PVP sales 1 (4548390); Storica Analitica visura per immobile - Catasto Terreni."
"visura-storica","FM","PORTO SANT'ELPIDIO","11","705","","F","","analitica","","","PVP sales 1 (4548390); Storica Analitica visura per immobile - Catasto Fabbricati."
"visura-storica","FM","PORTO SANT'ELPIDIO","11","705","","T","","analitica","","","PVP sales 1 (4548390); Storica Analitica visura per immobile - Catasto Terreni."
"visura-storica","FM","PORTO SANT'ELPIDIO","11","712","","F","","analitica","","","PVP sales 1 (4548390); Storica Analitica visura per immobile - Catasto Fabbricati."
"visura-storica","FM","PORTO SANT'ELPIDIO","11","712","","T","","analitica","","","PVP sales 1 (4548390); Storica Analitica visura per immobile - Catasto Terreni."
"visura-storica","FM","PORTO SANT'ELPIDIO","13","20","","F","","analitica","","","PVP sales 1 (536972); Storica Analitica visura per immobile - Catasto Fabbricati."
"visura-storica","FM","PORTO SANT'ELPIDIO","13","20","","T","","analitica","","","PVP sales 1 (536972); Storica Analitica visura per immobile - Catasto Terreni."
"visura-storica","FM","PORTO SANT'ELPIDIO","13","20","4","F","","analitica","","","PVP sales 2 (358139,605949); Storica Analitica visura per immobile - Catasto Fabbricati."
"visura-storica","FM","PORTO SANT'ELPIDIO","13","27","5","F","","analitica","","","PVP sales 1 (1960947); Storica Analitica visura per immobile - Catasto Fabbricati."
"visura-storica","FM","PORTO SANT'ELPIDIO","13","313","10","F","","analitica","","","PVP sales 2 (640193,893605); Storica Analitica visura per immobile - Catasto Fabbricati."
"visura-storica","FM","PORTO SANT'ELPIDIO","13","313","7","F","","analitica","","","PVP sales 2 (640193,893605); Storica Analitica visura per immobile - Catasto Fabbricati."
"visura-storica","FM","PORTO SANT'ELPIDIO","13","324","","F","","analitica","","","PVP sales 1 (576421); Storica Analitica visura per immobile - Catasto Fabbricati."
"visura-storica","FM","PORTO SANT'ELPIDIO","13","324","","T","","analitica","","","PVP sales 1 (576421); Storica Analitica visura per immobile - Catasto Terreni."
"visura-storica","FM","PORTO SANT'ELPIDIO","13","324","37","F","","analitica","","","PVP sales 2 (2024740,2190360); Storica Analitica visura per immobile - Catasto Fabbricati."
"visura-storica","FM","PORTO SANT'ELPIDIO","13","33","2","F","","analitica","","","PVP sales 1 (4370434); Storica Analitica visura per immobile - Catasto Fabbricati."
"visura-storica","FM","PORTO SANT'ELPIDIO","13","333","2","F","","analitica","","","PVP sales 2 (4445403,4502258); Storica Analitica visura per immobile - Catasto Fabbricati."
"visura-storica","FM","PORTO SANT'ELPIDIO","13","333","3","F","","analitica","","","PVP sales 3 (4370434,4445403,4502258); Storica Analitica visura per immobile - Catasto Fabbricati."
"visura-storica","FM","PORTO SANT'ELPIDIO","13","963","32","F","","analitica","","","PVP sales 1 (4489048); Storica Analitica visura per immobile - Catasto Fabbricati."
"visura-storica","FM","PORTO SANT'ELPIDIO","13","963","35","F","","analitica","","","PVP sales 1 (4489048); Storica Analitica visura per immobile - Catasto Fabbricati."
"visura-storica","FM","PORTO SANT'ELPIDIO","14","1006","","F","","analitica","","","PVP sales 1 (2144938); Storica Analitica visura per immobile - Catasto Fabbricati."
"visura-storica","FM","PORTO SANT'ELPIDIO","14","1006","","T","","analitica","","","PVP sales 1 (2144938); Storica Analitica visura per immobile - Catasto Terreni."
"visura-storica","FM","PORTO SANT'ELPIDIO","14","161","14","F","","analitica","","","PVP sales 1 (2081245); Storica Analitica visura per immobile - Catasto Fabbricati."
"visura-storica","FM","PORTO SANT'ELPIDIO","14","305","1","F","","analitica","","","PVP sales 1 (4244910); Storica Analitica visura per immobile - Catasto Fabbricati."
"visura-storica","FM","PORTO SANT'ELPIDIO","14","305","3","F","","analitica","","","PVP sales 1 (4244910); Storica Analitica visura per immobile - Catasto Fabbricati."
"visura-storica","FM","PORTO SANT'ELPIDIO","14","324","9","F","","analitica","","","PVP sales 1 (4310913); Storica Analitica visura per immobile - Catasto Fabbricati."
"visura-storica","FM","PORTO SANT'ELPIDIO","14","468","","F","","analitica","","","PVP sales 2 (4521965,4522099); Storica Analitica visura per immobile - Catasto Fabbricati."
"visura-storica","FM","PORTO SANT'ELPIDIO","14","468","","T","","analitica","","","PVP sales 2 (4521965,4522099); Storica Analitica visura per immobile - Catasto Terreni."
"visura-storica","FM","PORTO SANT'ELPIDIO","14","511","","F","","analitica","","","PVP sales 5 (4428628,4428635,4428641,4428645,4428667); Storica Analitica visura per immobile - Catasto Fabbricati."
"visura-storica","FM","PORTO SANT'ELPIDIO","14","511","","T","","analitica","","","PVP sales 1 (4428641); Storica Analitica visura per immobile - Catasto Terreni."
"visura-storica","FM","PORTO SANT'ELPIDIO","14","523","","F","","analitica","","","PVP sales 1 (1437520); Storica Analitica visura per immobile - Catasto Fabbricati."
"visura-storica","FM","PORTO SANT'ELPIDIO","14","767","4","F","","analitica","","","PVP sales 2 (4362677,4437100); Storica Analitica visura per immobile - Catasto Fabbricati."
"visura-storica","FM","PORTO SANT'ELPIDIO","14","767","9","F","","analitica","","","PVP sales 2 (4362677,4437100); Storica Analitica visura per immobile - Catasto Fabbricati."
"visura-storica","FM","PORTO SANT'ELPIDIO","14","837","24","F","","analitica","","","PVP sales 2 (4253442,4346423); Storica Analitica visura per immobile - Catasto Fabbricati."
"visura-storica","FM","PORTO SANT'ELPIDIO","14","837","9","F","","analitica","","","PVP sales 2 (4253442,4346423); Storica Analitica visura per immobile - Catasto Fabbricati."
"visura-storica","FM","PORTO SANT'ELPIDIO","15","24","","F","","analitica","","","PVP sales 1 (2090874); Storica Analitica visura per immobile - Catasto Fabbricati."
"visura-storica","FM","PORTO SANT'ELPIDIO","15","24","","T","","analitica","","","PVP sales 1 (2090874); Storica Analitica visura per immobile - Catasto Terreni."
"visura-storica","FM","PORTO SANT'ELPIDIO","15","28","","F","","analitica","","","PVP sales 3 (681055,2090874,2246276); Storica Analitica visura per immobile - Catasto Fabbricati."
"visura-storica","FM","PORTO SANT'ELPIDIO","15","28","","T","","analitica","","","PVP sales 3 (681055,2090874,2246276); Storica Analitica visura per immobile - Catasto Terreni."
"visura-storica","FM","PORTO SANT'ELPIDIO","15","502","47","F","","analitica","","","PVP sales 2 (2189271,4459579); Storica Analitica visura per immobile - Catasto Fabbricati."
"visura-storica","FM","PORTO SANT'ELPIDIO","15","502","79","F","","analitica","","","PVP sales 2 (2189271,4459579); Storica Analitica visura per immobile - Catasto Fabbricati."
"visura-storica","FM","PORTO SANT'ELPIDIO","15","503","","F","","analitica","","","PVP sales 1 (4438414); Storica Analitica visura per immobile - Catasto Fabbricati."
"visura-storica","FM","PORTO SANT'ELPIDIO","15","503","","T","","analitica","","","PVP sales 1 (4438414); Storica Analitica visura per immobile - Catasto Terreni."
"visura-storica","FM","PORTO SANT'ELPIDIO","15","506","19","F","","analitica","","","PVP sales 1 (4524717); Storica Analitica visura per immobile - Catasto Fabbricati."
"visura-storica","FM","PORTO SANT'ELPIDIO","15","531","47","F","","analitica","","","PVP sales 2 (2189271,4459579); Storica Analitica visura per immobile - Catasto Fabbricati."
"visura-storica","FM","PORTO SANT'ELPIDIO","15","531","79","F","","analitica","","","PVP sales 2 (2189271,4459579); Storica Analitica visura per immobile - Catasto Fabbricati."
"visura-storica","FM","PORTO SANT'ELPIDIO","15","550","9","F","","analitica","","","PVP sales 1 (4242190); Storica Analitica visura per immobile - Catasto Fabbricati."
"visura-storica","FM","PORTO SANT'ELPIDIO","15","562","","F","","analitica","","","PVP sales 1 (2224996); Storica Analitica visura per immobile - Catasto Fabbricati."
"visura-storica","FM","PORTO SANT'ELPIDIO","15","591","2","F","","analitica","","","PVP sales 1 (1411877); Storica Analitica visura per immobile - Catasto Fabbricati."
"visura-storica","FM","PORTO SANT'ELPIDIO","15","96","2","F","","analitica","","","PVP sales 3 (339847,411976,543445); Storica Analitica visura per immobile - Catasto Fabbricati."
"visura-storica","FM","PORTO SANT'ELPIDIO","15","96","4","F","","analitica","","","PVP sales 2 (340803,412058); Storica Analitica visura per immobile - Catasto Fabbricati."
"visura-storica","FM","PORTO SANT'ELPIDIO","15","96","6","F","","analitica","","","PVP sales 3 (339879,412067,544475); Storica Analitica visura per immobile - Catasto Fabbricati."
"visura-storica","FM","PORTO SANT'ELPIDIO","17","199","5","F","","analitica","","","PVP sales 1 (559811); Storica Analitica visura per immobile - Catasto Fabbricati."
"visura-storica","FM","PORTO SANT'ELPIDIO","18","2","1","F","","analitica","","","PVP sales 1 (2052346); Storica Analitica visura per immobile - Catasto Fabbricati."
"visura-storica","FM","PORTO SANT'ELPIDIO","18","2","2","F","","analitica","","","PVP sales 2 (2052346,2194897); Storica Analitica visura per immobile - Catasto Fabbricati."
"visura-storica","FM","PORTO SANT'ELPIDIO","18","2","3","F","","analitica","","","PVP sales 2 (2052346,2194897); Storica Analitica visura per immobile - Catasto Fabbricati."
"visura-storica","FM","PORTO SANT'ELPIDIO","18","2","4","F","","analitica","","","PVP sales 2 (2052346,2194897); Storica Analitica visura per immobile - Catasto Fabbricati."
"visura-storica","FM","PORTO SANT'ELPIDIO","18","2","5","F","","analitica","","","PVP sales 2 (2052346,2194897); Storica Analitica visura per immobile - Catasto Fabbricati."
"visura-storica","FM","PORTO SANT'ELPIDIO","18","74","","F","","analitica","","","PVP sales 1 (4413571); Storica Analitica visura per immobile - Catasto Fabbricati."
"visura-storica","FM","PORTO SANT'ELPIDIO","18","74","","T","","analitica","","","PVP sales 3 (4413571,4465871,4465917); Storica Analitica visura per immobile - Catasto Terreni."
"visura-storica","FM","PORTO SANT'ELPIDIO","19","139","3","F","","analitica","","","PVP sales 1 (2046609); Storica Analitica visura per immobile - Catasto Fabbricati."
"visura-storica","FM","PORTO SANT'ELPIDIO","19","264","16","F","","analitica","","","PVP sales 1 (4441803); Storica Analitica visura per immobile - Catasto Fabbricati."
"visura-storica","FM","PORTO SANT'ELPIDIO","19","264","23","F","","analitica","","","PVP sales 1 (4441803); Storica Analitica visura per immobile - Catasto Fabbricati."
"visura-storica","FM","PORTO SANT'ELPIDIO","19","99","14","F","","analitica","","","PVP sales 2 (2102671,2102678); Storica Analitica visura per immobile - Catasto Fabbricati."
"visura-storica","FM","PORTO SANT'ELPIDIO","2","146","2","F","","analitica","","","PVP sales 1 (610984); Storica Analitica visura per immobile - Catasto Fabbricati."
"visura-storica","FM","PORTO SANT'ELPIDIO","2","146","3","F","","analitica","","","PVP sales 1 (610984); Storica Analitica visura per immobile - Catasto Fabbricati."
"visura-storica","FM","PORTO SANT'ELPIDIO","2","148","","F","","analitica","","","PVP sales 1 (610984); Storica Analitica visura per immobile - Catasto Fabbricati."
"visura-storica","FM","PORTO SANT'ELPIDIO","2","148","","T","","analitica","","","PVP sales 1 (610984); Storica Analitica visura per immobile - Catasto Terreni."
"visura-storica","FM","PORTO SANT'ELPIDIO","2","149","","F","","analitica","","","PVP sales 1 (610984); Storica Analitica visura per immobile - Catasto Fabbricati."
"visura-storica","FM","PORTO SANT'ELPIDIO","2","149","","T","","analitica","","","PVP sales 1 (610984); Storica Analitica visura per immobile - Catasto Terreni."
"visura-storica","FM","PORTO SANT'ELPIDIO","2","150","","F","","analitica","","","PVP sales 1 (610984); Storica Analitica visura per immobile - Catasto Fabbricati."
"visura-storica","FM","PORTO SANT'ELPIDIO","2","150","","T","","analitica","","","PVP sales 1 (610984); Storica Analitica visura per immobile - Catasto Terreni."
"visura-storica","FM","PORTO SANT'ELPIDIO","2","151","","F","","analitica","","","PVP sales 1 (610984); Storica Analitica visura per immobile - Catasto Fabbricati."
"visura-storica","FM","PORTO SANT'ELPIDIO","2","151","","T","","analitica","","","PVP sales 1 (610984); Storica Analitica visura per immobile - Catasto Terreni."
"visura-storica","FM","PORTO SANT'ELPIDIO","2","153","","F","","analitica","","","PVP sales 1 (610984); Storica Analitica visura per immobile - Catasto Fabbricati."
"visura-storica","FM","PORTO SANT'ELPIDIO","2","153","","T","","analitica","","","PVP sales 1 (610984); Storica Analitica visura per immobile - Catasto Terreni."
"visura-storica","FM","PORTO SANT'ELPIDIO","2","154","","F","","analitica","","","PVP sales 1 (610984); Storica Analitica visura per immobile - Catasto Fabbricati."
"visura-storica","FM","PORTO SANT'ELPIDIO","2","154","","T","","analitica","","","PVP sales 1 (610984); Storica Analitica visura per immobile - Catasto Terreni."
"visura-storica","FM","PORTO SANT'ELPIDIO","2","155","","F","","analitica","","","PVP sales 1 (610984); Storica Analitica visura per immobile - Catasto Fabbricati."
"visura-storica","FM","PORTO SANT'ELPIDIO","2","155","","T","","analitica","","","PVP sales 1 (610984); Storica Analitica visura per immobile - Catasto Terreni."
"visura-storica","FM","PORTO SANT'ELPIDIO","2","156","","F","","analitica","","","PVP sales 1 (610984); Storica Analitica visura per immobile - Catasto Fabbricati."
"visura-storica","FM","PORTO SANT'ELPIDIO","2","156","","T","","analitica","","","PVP sales 1 (610984); Storica Analitica visura per immobile - Catasto Terreni."
"visura-storica","FM","PORTO SANT'ELPIDIO","2","157","","F","","analitica","","","PVP sales 1 (610984); Storica Analitica visura per immobile - Catasto Fabbricati."
"visura-storica","FM","PORTO SANT'ELPIDIO","2","157","","T","","analitica","","","PVP sales 1 (610984); Storica Analitica visura per immobile - Catasto Terreni."
"visura-storica","FM","PORTO SANT'ELPIDIO","2","158","","F","","analitica","","","PVP sales 1 (610984); Storica Analitica visura per immobile - Catasto Fabbricati."
"visura-storica","FM","PORTO SANT'ELPIDIO","2","158","","T","","analitica","","","PVP sales 1 (610984); Storica Analitica visura per immobile - Catasto Terreni."
"visura-storica","FM","PORTO SANT'ELPIDIO","2","160","","F","","analitica","","","PVP sales 1 (610984); Storica Analitica visura per immobile - Catasto Fabbricati."
"visura-storica","FM","PORTO SANT'ELPIDIO","2","160","","T","","analitica","","","PVP sales 1 (610984); Storica Analitica visura per immobile - Catasto Terreni."
"visura-storica","FM","PORTO SANT'ELPIDIO","2","161","","F","","analitica","","","PVP sales 1 (610984); Storica Analitica visura per immobile - Catasto Fabbricati."
"visura-storica","FM","PORTO SANT'ELPIDIO","2","161","","T","","analitica","","","PVP sales 1 (610984); Storica Analitica visura per immobile - Catasto Terreni."
"visura-storica","FM","PORTO SANT'ELPIDIO","2","162","","F","","analitica","","","PVP sales 1 (610984); Storica Analitica visura per immobile - Catasto Fabbricati."
"visura-storica","FM","PORTO SANT'ELPIDIO","2","162","","T","","analitica","","","PVP sales 1 (610984); Storica Analitica visura per immobile - Catasto Terreni."
"visura-storica","FM","PORTO SANT'ELPIDIO","2","163","","F","","analitica","","","PVP sales 1 (610984); Storica Analitica visura per immobile - Catasto Fabbricati."
"visura-storica","FM","PORTO SANT'ELPIDIO","2","163","","T","","analitica","","","PVP sales 1 (610984); Storica Analitica visura per immobile - Catasto Terreni."
"visura-storica","FM","PORTO SANT'ELPIDIO","2","165","","F","","analitica","","","PVP sales 1 (610984); Storica Analitica visura per immobile - Catasto Fabbricati."
"visura-storica","FM","PORTO SANT'ELPIDIO","2","165","","T","","analitica","","","PVP sales 1 (610984); Storica Analitica visura per immobile - Catasto Terreni."
"visura-storica","FM","PORTO SANT'ELPIDIO","2","205","","F","","analitica","","","PVP sales 1 (610984); Storica Analitica visura per immobile - Catasto Fabbricati."
"visura-storica","FM","PORTO SANT'ELPIDIO","2","205","","T","","analitica","","","PVP sales 1 (610984); Storica Analitica visura per immobile - Catasto Terreni."
"visura-storica","FM","PORTO SANT'ELPIDIO","2","206","","F","","analitica","","","PVP sales 1 (610984); Storica Analitica visura per immobile - Catasto Fabbricati."
"visura-storica","FM","PORTO SANT'ELPIDIO","2","206","","T","","analitica","","","PVP sales 1 (610984); Storica Analitica visura per immobile - Catasto Terreni."
"visura-storica","FM","PORTO SANT'ELPIDIO","2","207","","F","","analitica","","","PVP sales 1 (610984); Storica Analitica visura per immobile - Catasto Fabbricati."
"visura-storica","FM","PORTO SANT'ELPIDIO","2","207","","T","","analitica","","","PVP sales 1 (610984); Storica Analitica visura per immobile - Catasto Terreni."
"visura-storica","FM","PORTO SANT'ELPIDIO","2","208","","F","","analitica","","","PVP sales 1 (610984); Storica Analitica visura per immobile - Catasto Fabbricati."
"visura-storica","FM","PORTO SANT'ELPIDIO","2","208","","T","","analitica","","","PVP sales 1 (610984); Storica Analitica visura per immobile - Catasto Terreni."
"visura-storica","FM","PORTO SANT'ELPIDIO","2","209","","F","","analitica","","","PVP sales 1 (610984); Storica Analitica visura per immobile - Catasto Fabbricati."
"visura-storica","FM","PORTO SANT'ELPIDIO","2","209","","T","","analitica","","","PVP sales 1 (610984); Storica Analitica visura per immobile - Catasto Terreni."
"visura-storica","FM","PORTO SANT'ELPIDIO","2","210","","F","","analitica","","","PVP sales 1 (610984); Storica Analitica visura per immobile - Catasto Fabbricati."
"visura-storica","FM","PORTO SANT'ELPIDIO","2","210","","T","","analitica","","","PVP sales 1 (610984); Storica Analitica visura per immobile - Catasto Terreni."
"visura-storica","FM","PORTO SANT'ELPIDIO","2","211","","F","","analitica","","","PVP sales 1 (610984); Storica Analitica visura per immobile - Catasto Fabbricati."
"visura-storica","FM","PORTO SANT'ELPIDIO","2","211","","T","","analitica","","","PVP sales 1 (610984); Storica Analitica visura per immobile - Catasto Terreni."
"visura-storica","FM","PORTO SANT'ELPIDIO","2","212","","F","","analitica","","","PVP sales 1 (610984); Storica Analitica visura per immobile - Catasto Fabbricati."
"visura-storica","FM","PORTO SANT'ELPIDIO","2","212","","T","","analitica","","","PVP sales 1 (610984); Storica Analitica visura per immobile - Catasto Terreni."
"visura-storica","FM","PORTO SANT'ELPIDIO","2","213","","F","","analitica","","","PVP sales 1 (610984); Storica Analitica visura per immobile - Catasto Fabbricati."
"visura-storica","FM","PORTO SANT'ELPIDIO","2","213","","T","","analitica","","","PVP sales 1 (610984); Storica Analitica visura per immobile - Catasto Terreni."
"visura-storica","FM","PORTO SANT'ELPIDIO","2","214","","F","","analitica","","","PVP sales 1 (610984); Storica Analitica visura per immobile - Catasto Fabbricati."
"visura-storica","FM","PORTO SANT'ELPIDIO","2","214","","T","","analitica","","","PVP sales 1 (610984); Storica Analitica visura per immobile - Catasto Terreni."
"visura-storica","FM","PORTO SANT'ELPIDIO","2","215","","F","","analitica","","","PVP sales 1 (610984); Storica Analitica visura per immobile - Catasto Fabbricati."
"visura-storica","FM","PORTO SANT'ELPIDIO","2","215","","T","","analitica","","","PVP sales 1 (610984); Storica Analitica visura per immobile - Catasto Terreni."
"visura-storica","FM","PORTO SANT'ELPIDIO","2","216","","F","","analitica","","","PVP sales 1 (610984); Storica Analitica visura per immobile - Catasto Fabbricati."
"visura-storica","FM","PORTO SANT'ELPIDIO","2","216","","T","","analitica","","","PVP sales 1 (610984); Storica Analitica visura per immobile - Catasto Terreni."
"visura-storica","FM","PORTO SANT'ELPIDIO","2","217","","F","","analitica","","","PVP sales 1 (610984); Storica Analitica visura per immobile - Catasto Fabbricati."
"visura-storica","FM","PORTO SANT'ELPIDIO","2","217","","T","","analitica","","","PVP sales 1 (610984); Storica Analitica visura per immobile - Catasto Terreni."
"visura-storica","FM","PORTO SANT'ELPIDIO","2","218","","F","","analitica","","","PVP sales 1 (610984); Storica Analitica visura per immobile - Catasto Fabbricati."
"visura-storica","FM","PORTO SANT'ELPIDIO","2","218","","T","","analitica","","","PVP sales 1 (610984); Storica Analitica visura per immobile - Catasto Terreni."
"visura-storica","FM","PORTO SANT'ELPIDIO","2","219","","F","","analitica","","","PVP sales 1 (610984); Storica Analitica visura per immobile - Catasto Fabbricati."
"visura-storica","FM","PORTO SANT'ELPIDIO","2","219","","T","","analitica","","","PVP sales 1 (610984); Storica Analitica visura per immobile - Catasto Terreni."
"visura-storica","FM","PORTO SANT'ELPIDIO","2","220","","F","","analitica","","","PVP sales 1 (610984); Storica Analitica visura per immobile - Catasto Fabbricati."
"visura-storica","FM","PORTO SANT'ELPIDIO","2","220","","T","","analitica","","","PVP sales 1 (610984); Storica Analitica visura per immobile - Catasto Terreni."
"visura-storica","FM","PORTO SANT'ELPIDIO","2","221","","F","","analitica","","","PVP sales 1 (610984); Storica Analitica visura per immobile - Catasto Fabbricati."
"visura-storica","FM","PORTO SANT'ELPIDIO","2","221","","T","","analitica","","","PVP sales 1 (610984); Storica Analitica visura per immobile - Catasto Terreni."
"visura-storica","FM","PORTO SANT'ELPIDIO","2","222","","F","","analitica","","","PVP sales 1 (610984); Storica Analitica visura per immobile - Catasto Fabbricati."
"visura-storica","FM","PORTO SANT'ELPIDIO","2","222","","T","","analitica","","","PVP sales 1 (610984); Storica Analitica visura per immobile - Catasto Terreni."
"visura-storica","FM","PORTO SANT'ELPIDIO","2","223","","F","","analitica","","","PVP sales 1 (610984); Storica Analitica visura per immobile - Catasto Fabbricati."
"visura-storica","FM","PORTO SANT'ELPIDIO","2","223","","T","","analitica","","","PVP sales 1 (610984); Storica Analitica visura per immobile - Catasto Terreni."
"visura-storica","FM","PORTO SANT'ELPIDIO","2","27","2","F","","analitica","","","PVP sales 1 (610984); Storica Analitica visura per immobile - Catasto Fabbricati."
"visura-storica","FM","PORTO SANT'ELPIDIO","2","27","3","F","","analitica","","","PVP sales 1 (610984); Storica Analitica visura per immobile - Catasto Fabbricati."
"visura-storica","FM","PORTO SANT'ELPIDIO","2","29","","F","","analitica","","","PVP sales 1 (610984); Storica Analitica visura per immobile - Catasto Fabbricati."
"visura-storica","FM","PORTO SANT'ELPIDIO","2","29","","T","","analitica","","","PVP sales 1 (610984); Storica Analitica visura per immobile - Catasto Terreni."
"visura-storica","FM","PORTO SANT'ELPIDIO","2","39","2","F","","analitica","","","PVP sales 1 (610984); Storica Analitica visura per immobile - Catasto Fabbricati."
"visura-storica","FM","PORTO SANT'ELPIDIO","2","39","3","F","","analitica","","","PVP sales 1 (610984); Storica Analitica visura per immobile - Catasto Fabbricati."
"visura-storica","FM","PORTO SANT'ELPIDIO","2","51","6","F","","analitica","","","PVP sales 3 (4410745,4411488,4552056); Storica Analitica visura per immobile - Catasto Fabbricati."
"visura-storica","FM","PORTO SANT'ELPIDIO","2","51","7","F","","analitica","","","PVP sales 2 (4410745,4552056); Storica Analitica visura per immobile - Catasto Fabbricati."
"visura-storica","FM","PORTO SANT'ELPIDIO","2","51","8","F","","analitica","","","PVP sales 3 (4410745,4411488,4552056); Storica Analitica visura per immobile - Catasto Fabbricati."
"visura-storica","FM","PORTO SANT'ELPIDIO","20","12","7","F","","analitica","","","PVP sales 1 (4245217); Storica Analitica visura per immobile - Catasto Fabbricati."
"visura-storica","FM","PORTO SANT'ELPIDIO","20","309","12","F","","analitica","","","PVP sales 1 (2195359); Storica Analitica visura per immobile - Catasto Fabbricati."
"visura-storica","FM","PORTO SANT'ELPIDIO","20","309","43","F","","analitica","","","PVP sales 1 (2195359); Storica Analitica visura per immobile - Catasto Fabbricati."
"visura-storica","FM","PORTO SANT'ELPIDIO","20","576","4","F","","analitica","","","PVP sales 1 (1639927); Storica Analitica visura per immobile - Catasto Fabbricati."
"visura-storica","FM","PORTO SANT'ELPIDIO","20","665","","F","","analitica","","","PVP sales 2 (4435572,4435612); Storica Analitica visura per immobile - Catasto Fabbricati."
"visura-storica","FM","PORTO SANT'ELPIDIO","20","665","","T","","analitica","","","PVP sales 2 (4435572,4435612); Storica Analitica visura per immobile - Catasto Terreni."
"visura-storica","FM","PORTO SANT'ELPIDIO","20","670","","F","","analitica","","","PVP sales 2 (4435003,4435019); Storica Analitica visura per immobile - Catasto Fabbricati."
"visura-storica","FM","PORTO SANT'ELPIDIO","20","670","","T","","analitica","","","PVP sales 2 (4435003,4435019); Storica Analitica visura per immobile - Catasto Terreni."
"visura-storica","FM","PORTO SANT'ELPIDIO","20","68","13","F","","analitica","","","PVP sales 1 (2010928); Storica Analitica visura per immobile - Catasto Fabbricati."
"visura-storica","FM","PORTO SANT'ELPIDIO","20","68","4","F","","analitica","","","PVP sales 1 (2010928); Storica Analitica visura per immobile - Catasto Fabbricati."
"visura-storica","FM","PORTO SANT'ELPIDIO","21","140","2","F","","analitica","","","PVP sales 3 (2022393,2174123,2245477); Storica Analitica visura per immobile - Catasto Fabbricati."
"visura-storica","FM","PORTO SANT'ELPIDIO","21","140","3","F","","analitica","","","PVP sales 3 (2022393,2174123,2245477); Storica Analitica visura per immobile - Catasto Fabbricati."
"visura-storica","FM","PORTO SANT'ELPIDIO","21","49","12","F","","analitica","","","PVP sales 1 (4215895); Storica Analitica visura per immobile - Catasto Fabbricati."
"visura-storica","FM","PORTO SANT'ELPIDIO","21","49","22","F","","analitica","","","PVP sales 1 (4215895); Storica Analitica visura per immobile - Catasto Fabbricati."
"visura-storica","FM","PORTO SANT'ELPIDIO","22","254","","F","","analitica","","","PVP sales 3 (4332355,4530741,4530780); Storica Analitica visura per immobile - Catasto Fabbricati."
"visura-storica","FM","PORTO SANT'ELPIDIO","22","254","","T","","analitica","","","PVP sales 3 (4332355,4530741,4530780); Storica Analitica visura per immobile - Catasto Terreni."
"visura-storica","FM","PORTO SANT'ELPIDIO","22","278","","F","","analitica","","","PVP sales 1 (4530741); Storica Analitica visura per immobile - Catasto Fabbricati."
"visura-storica","FM","PORTO SANT'ELPIDIO","22","278","","T","","analitica","","","PVP sales 1 (4530741); Storica Analitica visura per immobile - Catasto Terreni."
"visura-storica","FM","PORTO SANT'ELPIDIO","22","282","","F","","analitica","","","PVP sales 1 (4530780); Storica Analitica visura per immobile - Catasto Fabbricati."
"visura-storica","FM","PORTO SANT'ELPIDIO","22","282","","T","","analitica","","","PVP sales 1 (4530780); Storica Analitica visura per immobile - Catasto Terreni."
"visura-storica","FM","PORTO SANT'ELPIDIO","23","459","18","F","","analitica","","","PVP sales 1 (4262691); Storica Analitica visura per immobile - Catasto Fabbricati."
"visura-storica","FM","PORTO SANT'ELPIDIO","23","459","19","F","","analitica","","","PVP sales 1 (4262678); Storica Analitica visura per immobile - Catasto Fabbricati."
"visura-storica","FM","PORTO SANT'ELPIDIO","23","650","10","F","","analitica","","","PVP sales 2 (4410678,4512392); Storica Analitica visura per immobile - Catasto Fabbricati."
"visura-storica","FM","PORTO SANT'ELPIDIO","23","650","11","F","","analitica","","","PVP sales 2 (4410685,4512384); Storica Analitica visura per immobile - Catasto Fabbricati."
"visura-storica","FM","PORTO SANT'ELPIDIO","23","650","12","F","","analitica","","","PVP sales 2 (4410685,4512384); Storica Analitica visura per immobile - Catasto Fabbricati."
"visura-storica","FM","PORTO SANT'ELPIDIO","23","650","6","F","","analitica","","","PVP sales 2 (4410672,4512346); Storica Analitica visura per immobile - Catasto Fabbricati."
"visura-storica","FM","PORTO SANT'ELPIDIO","24","1558","3","F","","analitica","","","PVP sales 1 (4565139); Storica Analitica visura per immobile - Catasto Fabbricati."
"visura-storica","FM","PORTO SANT'ELPIDIO","24","1558","6","F","","analitica","","","PVP sales 1 (4565139); Storica Analitica visura per immobile - Catasto Fabbricati."
"visura-storica","FM","PORTO SANT'ELPIDIO","24","1576","22","F","","analitica","","","PVP sales 1 (2246255); Storica Analitica visura per immobile - Catasto Fabbricati."
"visura-storica","FM","PORTO SANT'ELPIDIO","24","1576","8","F","","analitica","","","PVP sales 1 (2246255); Storica Analitica visura per immobile - Catasto Fabbricati."
"visura-storica","FM","PORTO SANT'ELPIDIO","24","214","11","F","","analitica","","","PVP sales 1 (1809561); Storica Analitica visura per immobile - Catasto Fabbricati."
"visura-storica","FM","PORTO SANT'ELPIDIO","24","214","17","F","","analitica","","","PVP sales 1 (1809561); Storica Analitica visura per immobile - Catasto Fabbricati."
"visura-storica","FM","PORTO SANT'ELPIDIO","24","221","11","F","","analitica","","","PVP sales 2 (1489733,1489863); Storica Analitica visura per immobile - Catasto Fabbricati."
"visura-storica","FM","PORTO SANT'ELPIDIO","24","221","9","F","","analitica","","","PVP sales 1 (1633302); Storica Analitica visura per immobile - Catasto Fabbricati."
"visura-storica","FM","PORTO SANT'ELPIDIO","24","307","4","F","","analitica","","","PVP sales 2 (2227459,4241429); Storica Analitica visura per immobile - Catasto Fabbricati."
"visura-storica","FM","PORTO SANT'ELPIDIO","24","307","5","F","","analitica","","","PVP sales 2 (2227459,4241429); Storica Analitica visura per immobile - Catasto Fabbricati."
"visura-storica","FM","PORTO SANT'ELPIDIO","24","434","","F","","analitica","","","PVP sales 2 (889500,889519); Storica Analitica visura per immobile - Catasto Fabbricati."
"visura-storica","FM","PORTO SANT'ELPIDIO","24","434","","T","","analitica","","","PVP sales 2 (889500,889519); Storica Analitica visura per immobile - Catasto Terreni."
"visura-storica","FM","PORTO SANT'ELPIDIO","24","434","7","F","","analitica","","","PVP sales 1 (1872172); Storica Analitica visura per immobile - Catasto Fabbricati."
"visura-storica","FM","PORTO SANT'ELPIDIO","24","434","8","F","","analitica","","","PVP sales 1 (1872172); Storica Analitica visura per immobile - Catasto Fabbricati."
"visura-storica","FM","PORTO SANT'ELPIDIO","24","461","9","F","","analitica","","","PVP sales 1 (4508195); Storica Analitica visura per immobile - Catasto Fabbricati."
"visura-storica","FM","PORTO SANT'ELPIDIO","24","477","7","F","","analitica","","","PVP sales 2 (4246655,4315958); Storica Analitica visura per immobile - Catasto Fabbricati."
"visura-storica","FM","PORTO SANT'ELPIDIO","24","479","12","F","","analitica","","","PVP sales 1 (2189121); Storica Analitica visura per immobile - Catasto Fabbricati."
"visura-storica","FM","PORTO SANT'ELPIDIO","24","48","8","F","","analitica","","","PVP sales 2 (4368575,4437882); Storica Analitica visura per immobile - Catasto Fabbricati."
"visura-storica","FM","PORTO SANT'ELPIDIO","24","495","4","F","","analitica","","","PVP sales 3 (2127109,2250063,4266293); Storica Analitica visura per immobile - Catasto Fabbricati."
"visura-storica","FM","PORTO SANT'ELPIDIO","24","495","5","F","","analitica","","","PVP sales 3 (2127082,2250031,4266206); Storica Analitica visura per immobile - Catasto Fabbricati."
"visura-storica","FM","PORTO SANT'ELPIDIO","24","495","6","F","","analitica","","","PVP sales 3 (2127082,2250031,4266206); Storica Analitica visura per immobile - Catasto Fabbricati."
"visura-storica","FM","PORTO SANT'ELPIDIO","24","495","7","F","","analitica","","","PVP sales 3 (2127109,2250063,4266293); Storica Analitica visura per immobile - Catasto Fabbricati."
"visura-storica","FM","PORTO SANT'ELPIDIO","24","508","","F","","analitica","","","PVP sales 1 (339935); Storica Analitica visura per immobile - Catasto Fabbricati."
"visura-storica","FM","PORTO SANT'ELPIDIO","24","508","3","F","","analitica","","","PVP sales 1 (172204); Storica Analitica visura per immobile - Catasto Fabbricati."
"visura-storica","FM","PORTO SANT'ELPIDIO","24","508","7","F","","analitica","","","PVP sales 1 (172204); Storica Analitica visura per immobile - Catasto Fabbricati."
"visura-storica","FM","PORTO SANT'ELPIDIO","24","545","6","F","","analitica","","","PVP sales 3 (2045674,2119746,2225415); Storica Analitica visura per immobile - Catasto Fabbricati."
"visura-storica","FM","PORTO SANT'ELPIDIO","24","618","20","F","","analitica","","","PVP sales 1 (4492204); Storica Analitica visura per immobile - Catasto Fabbricati."
"visura-storica","FM","PORTO SANT'ELPIDIO","24","623","1","F","","analitica","","","PVP sales 3 (4449772,4502978,4556275); Storica Analitica visura per immobile - Catasto Fabbricati."
"visura-storica","FM","PORTO SANT'ELPIDIO","24","623","11","F","","analitica","","","PVP sales 2 (4449801,4503011); Storica Analitica visura per immobile - Catasto Fabbricati."
"visura-storica","FM","PORTO SANT'ELPIDIO","24","623","2","F","","analitica","","","PVP sales 3 (4449772,4502978,4556275); Storica Analitica visura per immobile - Catasto Fabbricati."
"visura-storica","FM","PORTO SANT'ELPIDIO","24","640","4","F","","analitica","","","PVP sales 1 (2103114); Storica Analitica visura per immobile - Catasto Fabbricati."
"visura-storica","FM","PORTO SANT'ELPIDIO","24","641","27","F","","analitica","","","PVP sales 1 (2191386); Storica Analitica visura per immobile - Catasto Fabbricati."
"visura-storica","FM","PORTO SANT'ELPIDIO","24","650","22","F","","analitica","","","PVP sales 2 (4518760,4567428); Storica Analitica visura per immobile - Catasto Fabbricati."
"visura-storica","FM","PORTO SANT'ELPIDIO","24","650","23","F","","analitica","","","PVP sales 2 (4518760,4567428); Storica Analitica visura per immobile - Catasto Fabbricati."
"visura-storica","FM","PORTO SANT'ELPIDIO","24","650","26","F","","analitica","","","PVP sales 2 (4518793,4567415); Storica Analitica visura per immobile - Catasto Fabbricati."
"visura-storica","FM","PORTO SANT'ELPIDIO","24","650","27","F","","analitica","","","PVP sales 2 (4518793,4567415); Storica Analitica visura per immobile - Catasto Fabbricati."
"visura-storica","FM","PORTO SANT'ELPIDIO","24","650","32","F","","analitica","","","PVP sales 2 (4518784,4567432); Storica Analitica visura per immobile - Catasto Fabbricati."
"visura-storica","FM","PORTO SANT'ELPIDIO","24","650","39","F","","analitica","","","PVP sales 2 (4518784,4567432); Storica Analitica visura per immobile - Catasto Fabbricati."
"visura-storica","FM","PORTO SANT'ELPIDIO","24","713","","F","","analitica","","","PVP sales 2 (439084,759644); Storica Analitica visura per immobile - Catasto Fabbricati."
"visura-storica","FM","PORTO SANT'ELPIDIO","24","713","","T","","analitica","","","PVP sales 2 (439084,759644); Storica Analitica visura per immobile - Catasto Terreni."
"visura-storica","FM","PORTO SANT'ELPIDIO","24","713","17","F","","analitica","","","PVP sales 3 (1608973,1958874,2032537); Storica Analitica visura per immobile - Catasto Fabbricati."
"visura-storica","FM","PORTO SANT'ELPIDIO","24","832","11","F","","analitica","","","PVP sales 1 (4217813); Storica Analitica visura per immobile - Catasto Fabbricati."
"visura-storica","FM","PORTO SANT'ELPIDIO","24","832","12","F","","analitica","","","PVP sales 2 (4217842,4434697); Storica Analitica visura per immobile - Catasto Fabbricati."
"visura-storica","FM","PORTO SANT'ELPIDIO","24","832","3","F","","analitica","","","PVP sales 1 (4217713); Storica Analitica visura per immobile - Catasto Fabbricati."
"visura-storica","FM","PORTO SANT'ELPIDIO","24","832","5","F","","analitica","","","PVP sales 2 (4217772,4434678); Storica Analitica visura per immobile - Catasto Fabbricati."
"visura-storica","FM","PORTO SANT'ELPIDIO","24","858","28","F","","analitica","","","PVP sales 1 (172962); Storica Analitica visura per immobile - Catasto Fabbricati."
"visura-storica","FM","PORTO SANT'ELPIDIO","24","858","29","F","","analitica","","","PVP sales 1 (172962); Storica Analitica visura per immobile - Catasto Fabbricati."
"visura-storica","FM","PORTO SANT'ELPIDIO","24","928","9","F","","analitica","","","PVP sales 1 (4523526); Storica Analitica visura per immobile - Catasto Fabbricati."
"visura-storica","FM","PORTO SANT'ELPIDIO","24","981","106","F","","analitica","","","PVP sales 1 (4257254); Storica Analitica visura per immobile - Catasto Fabbricati."
"visura-storica","FM","PORTO SANT'ELPIDIO","24","986","16","F","","analitica","","","PVP sales 2 (4459605,4511799); Storica Analitica visura per immobile - Catasto Fabbricati."
"visura-storica","FM","PORTO SANT'ELPIDIO","25","138","3","F","","analitica","","","PVP sales 2 (2105065,2105455); Storica Analitica visura per immobile - Catasto Fabbricati."
"visura-storica","FM","PORTO SANT'ELPIDIO","25","158","","F","","analitica","","","PVP sales 2 (4459010,4532809); Storica Analitica visura per immobile - Catasto Fabbricati."
"visura-storica","FM","PORTO SANT'ELPIDIO","25","481","33","F","","analitica","","","PVP sales 1 (4489488); Storica Analitica visura per immobile - Catasto Fabbricati."
"visura-storica","FM","PORTO SANT'ELPIDIO","25","481","35","F","","analitica","","","PVP sales 1 (4489488); Storica Analitica visura per immobile - Catasto Fabbricati."
"visura-storica","FM","PORTO SANT'ELPIDIO","25","481","8","F","","analitica","","","PVP sales 1 (4489488); Storica Analitica visura per immobile - Catasto Fabbricati."
"visura-storica","FM","PORTO SANT'ELPIDIO","26","1058","21","F","","analitica","","","PVP sales 1 (4450723); Storica Analitica visura per immobile - Catasto Fabbricati."
"visura-storica","FM","PORTO SANT'ELPIDIO","26","1058","9","F","","analitica","","","PVP sales 1 (4450723); Storica Analitica visura per immobile - Catasto Fabbricati."
"visura-storica","FM","PORTO SANT'ELPIDIO","26","110","11","F","","analitica","","","PVP sales 2 (4454948,4521482); Storica Analitica visura per immobile - Catasto Fabbricati."
"visura-storica","FM","PORTO SANT'ELPIDIO","26","1186","18","F","","analitica","","","PVP sales 1 (4562651); Storica Analitica visura per immobile - Catasto Fabbricati."
"visura-storica","FM","PORTO SANT'ELPIDIO","26","1186","9","F","","analitica","","","PVP sales 1 (4562651); Storica Analitica visura per immobile - Catasto Fabbricati."
"visura-storica","FM","PORTO SANT'ELPIDIO","26","1187","4","F","","analitica","","","PVP sales 1 (1420874); Storica Analitica visura per immobile - Catasto Fabbricati."
"visura-storica","FM","PORTO SANT'ELPIDIO","26","1187","9","F","","analitica","","","PVP sales 1 (1420874); Storica Analitica visura per immobile - Catasto Fabbricati."
"visura-storica","FM","PORTO SANT'ELPIDIO","26","1329","11","F","","analitica","","","PVP sales 1 (2083036); Storica Analitica visura per immobile - Catasto Fabbricati."
"visura-storica","FM","PORTO SANT'ELPIDIO","26","1332","8","F","","analitica","","","PVP sales 1 (2083036); Storica Analitica visura per immobile - Catasto Fabbricati."
"visura-storica","FM","PORTO SANT'ELPIDIO","26","1353","10","F","","analitica","","","PVP sales 1 (2219401); Storica Analitica visura per immobile - Catasto Fabbricati."
"visura-storica","FM","PORTO SANT'ELPIDIO","26","1353","16","F","","analitica","","","PVP sales 1 (2219401); Storica Analitica visura per immobile - Catasto Fabbricati."
"visura-storica","FM","PORTO SANT'ELPIDIO","26","1353","19","F","","analitica","","","PVP sales 1 (2219401); Storica Analitica visura per immobile - Catasto Fabbricati."
"visura-storica","FM","PORTO SANT'ELPIDIO","26","217","4","F","","analitica","","","PVP sales 1 (537894); Storica Analitica visura per immobile - Catasto Fabbricati."
"visura-storica","FM","PORTO SANT'ELPIDIO","26","217","5","F","","analitica","","","PVP sales 1 (537894); Storica Analitica visura per immobile - Catasto Fabbricati."
"visura-storica","FM","PORTO SANT'ELPIDIO","26","217","6","F","","analitica","","","PVP sales 1 (537894); Storica Analitica visura per immobile - Catasto Fabbricati."
"visura-storica","FM","PORTO SANT'ELPIDIO","26","217","7","F","","analitica","","","PVP sales 1 (537894); Storica Analitica visura per immobile - Catasto Fabbricati."
"visura-storica","FM","PORTO SANT'ELPIDIO","26","219","","F","","analitica","","","PVP sales 8 (536917,536988,537910,537919,639325 +3 more); Storica Analitica visura per immobile - Catasto Fabbricati."
"visura-storica","FM","PORTO SANT'ELPIDIO","26","219","","T","","analitica","","","PVP sales 8 (536917,536988,537910,537919,639325 +3 more); Storica Analitica visura per immobile - Catasto Terreni."
"visura-storica","FM","PORTO SANT'ELPIDIO","26","219","10","F","","analitica","","","PVP sales 2 (537919,639343); Storica Analitica visura per immobile - Catasto Fabbricati."
"visura-storica","FM","PORTO SANT'ELPIDIO","26","219","11","F","","analitica","","","PVP sales 2 (536917,639404); Storica Analitica visura per immobile - Catasto Fabbricati."
"visura-storica","FM","PORTO SANT'ELPIDIO","26","219","12","F","","analitica","","","PVP sales 8 (536917,536988,537910,537919,639325 +3 more); Storica Analitica visura per immobile - Catasto Fabbricati."
"visura-storica","FM","PORTO SANT'ELPIDIO","26","219","5","F","","analitica","","","PVP sales 2 (536988,640376); Storica Analitica visura per immobile - Catasto Fabbricati."
"visura-storica","FM","PORTO SANT'ELPIDIO","26","219","6","F","","analitica","","","PVP sales 2 (537910,639325); Storica Analitica visura per immobile - Catasto Fabbricati."
"visura-storica","FM","PORTO SANT'ELPIDIO","26","219","7","F","","analitica","","","PVP sales 2 (537919,639343); Storica Analitica visura per immobile - Catasto Fabbricati."
"visura-storica","FM","PORTO SANT'ELPIDIO","26","219","8","F","","analitica","","","PVP sales 2 (536988,640376); Storica Analitica visura per immobile - Catasto Fabbricati."
"visura-storica","FM","PORTO SANT'ELPIDIO","26","219","9","F","","analitica","","","PVP sales 2 (537910,639325); Storica Analitica visura per immobile - Catasto Fabbricati."
"visura-storica","FM","PORTO SANT'ELPIDIO","26","283","5","F","","analitica","","","PVP sales 1 (1904337); Storica Analitica visura per immobile - Catasto Fabbricati."
"visura-storica","FM","PORTO SANT'ELPIDIO","26","332","1","F","","analitica","","","PVP sales 2 (2250093,4266338); Storica Analitica visura per immobile - Catasto Fabbricati."
"visura-storica","FM","PORTO SANT'ELPIDIO","26","332","2","F","","analitica","","","PVP sales 3 (2126974,2250093,4266338); Storica Analitica visura per immobile - Catasto Fabbricati."
"visura-storica","FM","PORTO SANT'ELPIDIO","26","332","3","F","","analitica","","","PVP sales 3 (2126974,2250093,4266338); Storica Analitica visura per immobile - Catasto Fabbricati."
"visura-storica","FM","PORTO SANT'ELPIDIO","26","332","4","F","","analitica","","","PVP sales 3 (2126974,2250093,4266338); Storica Analitica visura per immobile - Catasto Fabbricati."
"visura-storica","FM","PORTO SANT'ELPIDIO","26","332","5","F","","analitica","","","PVP sales 1 (2126974); Storica Analitica visura per immobile - Catasto Fabbricati."
"visura-storica","FM","PORTO SANT'ELPIDIO","26","408","24","F","","analitica","","","PVP sales 3 (4253388,4436741,4568057); Storica Analitica visura per immobile - Catasto Fabbricati."
"visura-storica","FM","PORTO SANT'ELPIDIO","26","408","25","F","","analitica","","","PVP sales 3 (4253388,4436741,4568057); Storica Analitica visura per immobile - Catasto Fabbricati."
"visura-storica","FM","PORTO SANT'ELPIDIO","26","420","","F","","analitica","","","PVP sales 1 (4227504); Storica Analitica visura per immobile - Catasto Fabbricati."
"visura-storica","FM","PORTO SANT'ELPIDIO","26","420","","T","","analitica","","","PVP sales 1 (4227504); Storica Analitica visura per immobile - Catasto Terreni."
"visura-storica","FM","PORTO SANT'ELPIDIO","26","420","2","F","","analitica","","","PVP sales 4 (4227624,4227674,4340914,4458325); Storica Analitica visura per immobile - Catasto Fabbricati."
"visura-storica","FM","PORTO SANT'ELPIDIO","26","420","5","F","","analitica","","","PVP sales 1 (4227587); Storica Analitica visura per immobile - Catasto Fabbricati."
"visura-storica","FM","PORTO SANT'ELPIDIO","26","420","6","F","","analitica","","","PVP sales 2 (4227575,4340881); Storica Analitica visura per immobile - Catasto Fabbricati."
"visura-storica","FM","PORTO SANT'ELPIDIO","26","425","20","F","","analitica","","","PVP sales 2 (4399528,4530816); Storica Analitica visura per immobile - Catasto Fabbricati."
"visura-storica","FM","PORTO SANT'ELPIDIO","26","425","6","F","","analitica","","","PVP sales 1 (4530863); Storica Analitica visura per immobile - Catasto Fabbricati."
"visura-storica","FM","PORTO SANT'ELPIDIO","26","434","","F","","analitica","","","PVP sales 1 (2257533); Storica Analitica visura per immobile - Catasto Fabbricati."
"visura-storica","FM","PORTO SANT'ELPIDIO","26","434","","T","","analitica","","","PVP sales 1 (2257533); Storica Analitica visura per immobile - Catasto Terreni."
"visura-storica","FM","PORTO SANT'ELPIDIO","26","434","2","F","","analitica","","","PVP sales 1 (2168505); Storica Analitica visura per immobile - Catasto Fabbricati."
"visura-storica","FM","PORTO SANT'ELPIDIO","26","434","23","F","","analitica","","","PVP sales 1 (2164559); Storica Analitica visura per immobile - Catasto Fabbricati."
"visura-storica","FM","PORTO SANT'ELPIDIO","26","434","30","F","","analitica","","","PVP sales 1 (2168505); Storica Analitica visura per immobile - Catasto Fabbricati."
"visura-storica","FM","PORTO SANT'ELPIDIO","26","434","4","F","","analitica","","","PVP sales 2 (2164559,2164570); Storica Analitica visura per immobile - Catasto Fabbricati."
"visura-storica","FM","PORTO SANT'ELPIDIO","26","557","","F","","analitica","","","PVP sales 1 (584474); Storica Analitica visura per immobile - Catasto Fabbricati."
"visura-storica","FM","PORTO SANT'ELPIDIO","26","557","","T","","analitica","","","PVP sales 1 (584474); Storica Analitica visura per immobile - Catasto Terreni."
"visura-storica","FM","PORTO SANT'ELPIDIO","26","557","384","F","","analitica","","","PVP sales 2 (479701,828270); Storica Analitica visura per immobile - Catasto Fabbricati."
"visura-storica","FM","PORTO SANT'ELPIDIO","26","557","80","F","","analitica","","","PVP sales 1 (4538575); Storica Analitica visura per immobile - Catasto Fabbricati."
"visura-storica","FM","PORTO SANT'ELPIDIO","26","579","","F","","analitica","","","PVP sales 1 (537894); Storica Analitica visura per immobile - Catasto Fabbricati."
"visura-storica","FM","PORTO SANT'ELPIDIO","26","579","","T","","analitica","","","PVP sales 1 (537894); Storica Analitica visura per immobile - Catasto Terreni."
"visura-storica","FM","PORTO SANT'ELPIDIO","26","580","","F","","analitica","","","PVP sales 1 (537894); Storica Analitica visura per immobile - Catasto Fabbricati."
"visura-storica","FM","PORTO SANT'ELPIDIO","26","580","","T","","analitica","","","PVP sales 1 (537894); Storica Analitica visura per immobile - Catasto Terreni."
"visura-storica","FM","PORTO SANT'ELPIDIO","26","638","","F","","analitica","","","PVP sales 1 (2218729); Storica Analitica visura per immobile - Catasto Fabbricati."
"visura-storica","FM","PORTO SANT'ELPIDIO","26","638","","T","","analitica","","","PVP sales 1 (2218729); Storica Analitica visura per immobile - Catasto Terreni."
"visura-storica","FM","PORTO SANT'ELPIDIO","26","646","14","F","","analitica","","","PVP sales 2 (1453282,1590780); Storica Analitica visura per immobile - Catasto Fabbricati."
"visura-storica","FM","PORTO SANT'ELPIDIO","26","720","","T","","analitica","","","PVP sales 1 (4450723); Storica Analitica visura per immobile - Catasto Terreni."
"visura-storica","FM","PORTO SANT'ELPIDIO","26","724","","T","","analitica","","","PVP sales 1 (4450723); Storica Analitica visura per immobile - Catasto Terreni."
"visura-storica","FM","PORTO SANT'ELPIDIO","26","733","","T","","analitica","","","PVP sales 1 (4450723); Storica Analitica visura per immobile - Catasto Terreni."
"visura-storica","FM","PORTO SANT'ELPIDIO","26","884","","F","","analitica","","","PVP sales 1 (2143728); Storica Analitica visura per immobile - Catasto Fabbricati."
"visura-storica","FM","PORTO SANT'ELPIDIO","26","884","","T","","analitica","","","PVP sales 1 (2143728); Storica Analitica visura per immobile - Catasto Terreni."
"visura-storica","FM","PORTO SANT'ELPIDIO","3","186","","F","","analitica","","","PVP sales 1 (1951804); Storica Analitica visura per immobile - Catasto Fabbricati."
"visura-storica","FM","PORTO SANT'ELPIDIO","3","186","","T","","analitica","","","PVP sales 1 (1951804); Storica Analitica visura per immobile - Catasto Terreni."
"visura-storica","FM","PORTO SANT'ELPIDIO","3","192","","F","","analitica","","","PVP sales 1 (1951804); Storica Analitica visura per immobile - Catasto Fabbricati."
"visura-storica","FM","PORTO SANT'ELPIDIO","3","192","","T","","analitica","","","PVP sales 1 (1951804); Storica Analitica visura per immobile - Catasto Terreni."
"visura-storica","FM","PORTO SANT'ELPIDIO","3","269","49","F","","analitica","","","PVP sales 3 (4357114,4437069,4493602); Storica Analitica visura per immobile - Catasto Fabbricati."
"visura-storica","FM","PORTO SANT'ELPIDIO","3","269","50","F","","analitica","","","PVP sales 3 (4357114,4437069,4493602); Storica Analitica visura per immobile - Catasto Fabbricati."
"visura-storica","FM","PORTO SANT'ELPIDIO","3","81","11","F","","analitica","","","PVP sales 4 (517254,587561,657337,987297); Storica Analitica visura per immobile - Catasto Fabbricati."
"visura-storica","FM","PORTO SANT'ELPIDIO","3","81","13","F","","analitica","","","PVP sales 3 (517254,587561,987297); Storica Analitica visura per immobile - Catasto Fabbricati."
"visura-storica","FM","PORTO SANT'ELPIDIO","3","81","14","F","","analitica","","","PVP sales 4 (517500,587648,657507,986598); Storica Analitica visura per immobile - Catasto Fabbricati."
"visura-storica","FM","PORTO SANT'ELPIDIO","3","81","15","F","","analitica","","","PVP sales 4 (518264,588433,657549,986655); Storica Analitica visura per immobile - Catasto Fabbricati."
"visura-storica","FM","PORTO SANT'ELPIDIO","3","81","16","F","","analitica","","","PVP sales 5 (517801,587662,588448,656396,986668); Storica Analitica visura per immobile - Catasto Fabbricati."
"visura-storica","FM","PORTO SANT'ELPIDIO","3","81","20","F","","analitica","","","PVP sales 3 (517837,656403,986686); Storica Analitica visura per immobile - Catasto Fabbricati."
"visura-storica","FM","PORTO SANT'ELPIDIO","3","81","24","F","","analitica","","","PVP sales 7 (517058,587567,656318,986525,1477994 +2 more); Storica Analitica visura per immobile - Catasto Fabbricati."
"visura-storica","FM","PORTO SANT'ELPIDIO","3","81","32","F","","analitica","","","PVP sales 9 (517457,587592,657419,986590,1478081 +4 more); Storica Analitica visura per immobile - Catasto Fabbricati."
"visura-storica","FM","PORTO SANT'ELPIDIO","4","105","18","F","","analitica","","","PVP sales 2 (2021271,2021283); Storica Analitica visura per immobile - Catasto Fabbricati."
"visura-storica","FM","PORTO SANT'ELPIDIO","4","105","47","F","","analitica","","","PVP sales 2 (2021271,2021283); Storica Analitica visura per immobile - Catasto Fabbricati."
"visura-storica","FM","PORTO SANT'ELPIDIO","4","105","66","F","","analitica","","","PVP sales 2 (2021271,2021283); Storica Analitica visura per immobile - Catasto Fabbricati."
"visura-storica","FM","PORTO SANT'ELPIDIO","4","117","","F","","analitica","","","PVP sales 2 (4446322,4514416); Storica Analitica visura per immobile - Catasto Fabbricati."
"visura-storica","FM","PORTO SANT'ELPIDIO","4","117","","T","","analitica","","","PVP sales 2 (4446322,4514416); Storica Analitica visura per immobile - Catasto Terreni."
"visura-storica","FM","PORTO SANT'ELPIDIO","4","117","42","F","","analitica","","","PVP sales 1 (4523036); Storica Analitica visura per immobile - Catasto Fabbricati."
"visura-storica","FM","PORTO SANT'ELPIDIO","4","188","5","F","","analitica","","","PVP sales 2 (4438106,4505625); Storica Analitica visura per immobile - Catasto Fabbricati."
"visura-storica","FM","PORTO SANT'ELPIDIO","4","188","7","F","","analitica","","","PVP sales 2 (4438106,4505625); Storica Analitica visura per immobile - Catasto Fabbricati."
"visura-storica","FM","PORTO SANT'ELPIDIO","4","251","4","F","","analitica","","","PVP sales 1 (2170802); Storica Analitica visura per immobile - Catasto Fabbricati."
"visura-storica","FM","PORTO SANT'ELPIDIO","4","280","11","F","","analitica","","","PVP sales 3 (422077,504690,614008); Storica Analitica visura per immobile - Catasto Fabbricati."
"visura-storica","FM","PORTO SANT'ELPIDIO","4","280","13","F","","analitica","","","PVP sales 3 (422077,504690,614008); Storica Analitica visura per immobile - Catasto Fabbricati."
"visura-storica","FM","PORTO SANT'ELPIDIO","4","280","2","F","","analitica","","","PVP sales 3 (422077,504690,614008); Storica Analitica visura per immobile - Catasto Fabbricati."
"visura-storica","FM","PORTO SANT'ELPIDIO","4","389","","F","","analitica","","","PVP sales 4 (2098136,2174181,4438374,4438395); Storica Analitica visura per immobile - Catasto Fabbricati."
"visura-storica","FM","PORTO SANT'ELPIDIO","4","389","","T","","analitica","","","PVP sales 4 (2098136,2174181,4438374,4438395); Storica Analitica visura per immobile - Catasto Terreni."
"visura-storica","FM","PORTO SANT'ELPIDIO","4","557","18","F","","analitica","","","PVP sales 1 (4402327); Storica Analitica visura per immobile - Catasto Fabbricati."
"visura-storica","FM","PORTO SANT'ELPIDIO","4","557","19","F","","analitica","","","PVP sales 1 (4480614); Storica Analitica visura per immobile - Catasto Fabbricati."
"visura-storica","FM","PORTO SANT'ELPIDIO","4","557","20","F","","analitica","","","PVP sales 2 (4402327,4480614); Storica Analitica visura per immobile - Catasto Fabbricati."
"visura-storica","FM","PORTO SANT'ELPIDIO","4","557","23","F","","analitica","","","PVP sales 2 (4402327,4480614); Storica Analitica visura per immobile - Catasto Fabbricati."
"visura-storica","FM","PORTO SANT'ELPIDIO","4","557","24","F","","analitica","","","PVP sales 2 (4402327,4480614); Storica Analitica visura per immobile - Catasto Fabbricati."
"visura-storica","FM","PORTO SANT'ELPIDIO","4","557","25","F","","analitica","","","PVP sales 2 (4402327,4480614); Storica Analitica visura per immobile - Catasto Fabbricati."
"visura-storica","FM","PORTO SANT'ELPIDIO","4","557","26","F","","analitica","","","PVP sales 2 (4402327,4480614); Storica Analitica visura per immobile - Catasto Fabbricati."
"visura-storica","FM","PORTO SANT'ELPIDIO","4","557","30","F","","analitica","","","PVP sales 2 (4402327,4480614); Storica Analitica visura per immobile - Catasto Fabbricati."
"visura-storica","FM","PORTO SANT'ELPIDIO","4","557","31","F","","analitica","","","PVP sales 2 (4402327,4480614); Storica Analitica visura per immobile - Catasto Fabbricati."
"visura-storica","FM","PORTO SANT'ELPIDIO","4","557","32","F","","analitica","","","PVP sales 2 (4402327,4480614); Storica Analitica visura per immobile - Catasto Fabbricati."
"visura-storica","FM","PORTO SANT'ELPIDIO","4","572","","F","","analitica","","","PVP sales 1 (610984); Storica Analitica visura per immobile - Catasto Fabbricati."
"visura-storica","FM","PORTO SANT'ELPIDIO","4","572","","T","","analitica","","","PVP sales 1 (610984); Storica Analitica visura per immobile - Catasto Terreni."
"visura-storica","FM","PORTO SANT'ELPIDIO","4","573","","F","","analitica","","","PVP sales 1 (610984); Storica Analitica visura per immobile - Catasto Fabbricati."
"visura-storica","FM","PORTO SANT'ELPIDIO","4","573","","T","","analitica","","","PVP sales 1 (610984); Storica Analitica visura per immobile - Catasto Terreni."
"visura-storica","FM","PORTO SANT'ELPIDIO","4","574","","F","","analitica","","","PVP sales 1 (610984); Storica Analitica visura per immobile - Catasto Fabbricati."
"visura-storica","FM","PORTO SANT'ELPIDIO","4","574","","T","","analitica","","","PVP sales 1 (610984); Storica Analitica visura per immobile - Catasto Terreni."
"visura-storica","FM","PORTO SANT'ELPIDIO","4","575","","F","","analitica","","","PVP sales 1 (610984); Storica Analitica visura per immobile - Catasto Fabbricati."
"visura-storica","FM","PORTO SANT'ELPIDIO","4","575","","T","","analitica","","","PVP sales 1 (610984); Storica Analitica visura per immobile - Catasto Terreni."
"visura-storica","FM","PORTO SANT'ELPIDIO","4","659","22","F","","analitica","","","PVP sales 1 (4521288); Storica Analitica visura per immobile - Catasto Fabbricati."
"visura-storica","FM","PORTO SANT'ELPIDIO","4","703","20","F","","analitica","","","PVP sales 1 (4571865); Storica Analitica visura per immobile - Catasto Fabbricati."
"visura-storica","FM","PORTO SANT'ELPIDIO","4","703","79","F","","analitica","","","PVP sales 2 (4436692,4571872); Storica Analitica visura per immobile - Catasto Fabbricati."
"visura-storica","FM","PORTO SANT'ELPIDIO","4","95","2","F","","analitica","","","PVP sales 1 (1846247); Storica Analitica visura per immobile - Catasto Fabbricati."
"visura-storica","FM","PORTO SANT'ELPIDIO","4","95","4","F","","analitica","","","PVP sales 1 (1846247); Storica Analitica visura per immobile - Catasto Fabbricati."
"visura-storica","FM","PORTO SANT'ELPIDIO","4","95","8","F","","analitica","","","PVP sales 1 (1846247); Storica Analitica visura per immobile - Catasto Fabbricati."
"visura-storica","FM","PORTO SANT'ELPIDIO","4","95","9","F","","analitica","","","PVP sales 1 (1846247); Storica Analitica visura per immobile - Catasto Fabbricati."
"visura-storica","FM","PORTO SANT'ELPIDIO","7","190","10","F","","analitica","","","PVP sales 2 (4485765,4486449); Storica Analitica visura per immobile - Catasto Fabbricati."
"visura-storica","FM","PORTO SANT'ELPIDIO","7","190","11","F","","analitica","","","PVP sales 2 (4485771,4486453); Storica Analitica visura per immobile - Catasto Fabbricati."
"visura-storica","FM","PORTO SANT'ELPIDIO","7","190","12","F","","analitica","","","PVP sales 1 (4486463); Storica Analitica visura per immobile - Catasto Fabbricati."
"visura-storica","FM","PORTO SANT'ELPIDIO","7","190","20","F","","analitica","","","PVP sales 2 (4485751,4486420); Storica Analitica visura per immobile - Catasto Fabbricati."
"visura-storica","FM","PORTO SANT'ELPIDIO","7","190","3","F","","analitica","","","PVP sales 2 (4485719,4486398); Storica Analitica visura per immobile - Catasto Fabbricati."
"visura-storica","FM","PORTO SANT'ELPIDIO","7","190","8","F","","analitica","","","PVP sales 2 (4485742,4486387); Storica Analitica visura per immobile - Catasto Fabbricati."
"visura-storica","FM","PORTO SANT'ELPIDIO","7","190","9","F","","analitica","","","PVP sales 2 (4485751,4486420); Storica Analitica visura per immobile - Catasto Fabbricati."
"visura-storica","FM","PORTO SANT'ELPIDIO","8","1151","6","F","","analitica","","","PVP sales 2 (4399555,4530846); Storica Analitica visura per immobile - Catasto Fabbricati."
"visura-storica","FM","PORTO SANT'ELPIDIO","8","1151","7","F","","analitica","","","PVP sales 2 (4399555,4530846); Storica Analitica visura per immobile - Catasto Fabbricati."
"visura-storica","FM","PORTO SANT'ELPIDIO","8","1151","8","F","","analitica","","","PVP sales 2 (4399555,4530846); Storica Analitica visura per immobile - Catasto Fabbricati."
"visura-storica","FM","PORTO SANT'ELPIDIO","8","1191","","F","","analitica","","","PVP sales 1 (441077); Storica Analitica visura per immobile - Catasto Fabbricati."
"visura-storica","FM","PORTO SANT'ELPIDIO","8","1522","83","F","","analitica","","","PVP sales 3 (4437115,4437136,4493577); Storica Analitica visura per immobile - Catasto Fabbricati."
"visura-storica","FM","PORTO SANT'ELPIDIO","8","1597","","F","","analitica","","","PVP sales 1 (4253054); Storica Analitica visura per immobile - Catasto Fabbricati."
"visura-storica","FM","PORTO SANT'ELPIDIO","8","345","10","F","","analitica","","","PVP sales 1 (2249055); Storica Analitica visura per immobile - Catasto Fabbricati."
"visura-storica","FM","PORTO SANT'ELPIDIO","8","345","2","F","","analitica","","","PVP sales 1 (2249055); Storica Analitica visura per immobile - Catasto Fabbricati."
"visura-storica","FM","PORTO SANT'ELPIDIO","8","396","8","F","","analitica","","","PVP sales 1 (2090072); Storica Analitica visura per immobile - Catasto Fabbricati."
"visura-storica","FM","PORTO SANT'ELPIDIO","8","497","","F","","analitica","","","PVP sales 3 (4435617,4435670,4435681); Storica Analitica visura per immobile - Catasto Fabbricati."
"visura-storica","FM","PORTO SANT'ELPIDIO","8","497","","T","","analitica","","","PVP sales 3 (4435617,4435670,4435681); Storica Analitica visura per immobile - Catasto Terreni."
"visura-storica","FM","PORTO SANT'ELPIDIO","8","541","","F","","analitica","","","PVP sales 2 (4253025,4253054); Storica Analitica visura per immobile - Catasto Fabbricati."
"visura-storica","FM","PORTO SANT'ELPIDIO","8","559","","F","","analitica","","","PVP sales 1 (4480679); Storica Analitica visura per immobile - Catasto Fabbricati."
"visura-storica","FM","PORTO SANT'ELPIDIO","8","559","","T","","analitica","","","PVP sales 1 (4480679); Storica Analitica visura per immobile - Catasto Terreni."
"visura-storica","FM","PORTO SANT'ELPIDIO","8","559","10","F","","analitica","","","PVP sales 3 (4402265,4480434,4535260); Storica Analitica visura per immobile - Catasto Fabbricati."
"visura-storica","FM","PORTO SANT'ELPIDIO","8","559","11","F","","analitica","","","PVP sales 3 (4402265,4480434,4535260); Storica Analitica visura per immobile - Catasto Fabbricati."
"visura-storica","FM","PORTO SANT'ELPIDIO","8","559","12","F","","analitica","","","PVP sales 3 (4402309,4480462,4535270); Storica Analitica visura per immobile - Catasto Fabbricati."
"visura-storica","FM","PORTO SANT'ELPIDIO","8","559","13","F","","analitica","","","PVP sales 3 (4402312,4480589,4535225); Storica Analitica visura per immobile - Catasto Fabbricati."
"visura-storica","FM","PORTO SANT'ELPIDIO","8","559","19","F","","analitica","","","PVP sales 3 (4402189,4402414,4480679); Storica Analitica visura per immobile - Catasto Fabbricati."
"visura-storica","FM","PORTO SANT'ELPIDIO","8","559","6","F","","analitica","","","PVP sales 2 (4402189,4402414); Storica Analitica visura per immobile - Catasto Fabbricati."
"visura-storica","FM","PORTO SANT'ELPIDIO","8","559","8","F","","analitica","","","PVP sales 3 (4402271,4480383,4535255); Storica Analitica visura per immobile - Catasto Fabbricati."
"visura-storica","FM","PORTO SANT'ELPIDIO","8","57","12","F","","analitica","","","PVP sales 1 (1994553); Storica Analitica visura per immobile - Catasto Fabbricati."
"visura-storica","FM","PORTO SANT'ELPIDIO","8","668","","F","","analitica","","","PVP sales 1 (2070866); Storica Analitica visura per immobile - Catasto Fabbricati."
"visura-storica","FM","PORTO SANT'ELPIDIO","8","668","","T","","analitica","","","PVP sales 1 (2070866); Storica Analitica visura per immobile - Catasto Terreni."
"visura-storica","FM","PORTO SANT'ELPIDIO","8","668","7","F","","analitica","","","PVP sales 2 (2141853,4510968); Storica Analitica visura per immobile - Catasto Fabbricati."
"visura-storica","FM","PORTO SANT'ELPIDIO","8","756","1","F","","analitica","","","PVP sales 1 (1671809); Storica Analitica visura per immobile - Catasto Fabbricati."
"visura-storica","FM","PORTO SANT'ELPIDIO","8","892","4","F","","analitica","","","PVP sales 1 (1763259); Storica Analitica visura per immobile - Catasto Fabbricati."
"visura-storica","FM","PORTO SANT'ELPIDIO","26","390","2","F","","analitica","UNICA","","PVP sales 1 (716540); Storica Analitica visura per immobile - Catasto Fabbricati."
"visura-storica","FM","RAPAGNANO","1","1103","","F","","analitica","","","PVP sales 2 (887825,887840); Storica Analitica visura per immobile - Catasto Fabbricati."
"visura-storica","FM","RAPAGNANO","1","1103","","T","","analitica","","","PVP sales 1 (887840); Storica Analitica visura per immobile - Catasto Terreni."
"visura-storica","FM","RAPAGNANO","1","1103","518","F","","analitica","","","PVP sales 1 (1454485); Storica Analitica visura per immobile - Catasto Fabbricati."
"visura-storica","FM","RAPAGNANO","1","117","","F","","analitica","","","PVP sales 1 (1493782); Storica Analitica visura per immobile - Catasto Fabbricati."
"visura-storica","FM","RAPAGNANO","1","117","","T","","analitica","","","PVP sales 1 (1493782); Storica Analitica visura per immobile - Catasto Terreni."
"visura-storica","FM","RAPAGNANO","1","119","","F","","analitica","","","PVP sales 1 (1493782); Storica Analitica visura per immobile - Catasto Fabbricati."
"visura-storica","FM","RAPAGNANO","1","119","","T","","analitica","","","PVP sales 1 (1493782); Storica Analitica visura per immobile - Catasto Terreni."
"visura-storica","FM","RAPAGNANO","1","184","","T","","analitica","","","PVP sales 1 (887825); Storica Analitica visura per immobile - Catasto Terreni."
"visura-storica","FM","RAPAGNANO","1","186","","F","","analitica","","","PVP sales 1 (1493782); Storica Analitica visura per immobile - Catasto Fabbricati."
"visura-storica","FM","RAPAGNANO","1","186","","T","","analitica","","","PVP sales 1 (1493782); Storica Analitica visura per immobile - Catasto Terreni."
"visura-storica","FM","RAPAGNANO","1","198","","F","","analitica","","","PVP sales 1 (1493782); Storica Analitica visura per immobile - Catasto Fabbricati."
"visura-storica","FM","RAPAGNANO","1","198","","T","","analitica","","","PVP sales 1 (1493782); Storica Analitica visura per immobile - Catasto Terreni."
"visura-storica","FM","RAPAGNANO","1","215","","T","","analitica","","","PVP sales 1 (887825); Storica Analitica visura per immobile - Catasto Terreni."
"visura-storica","FM","RAPAGNANO","1","216","","T","","analitica","","","PVP sales 1 (887825); Storica Analitica visura per immobile - Catasto Terreni."
"visura-storica","FM","RAPAGNANO","1","233","","F","","analitica","","","PVP sales 1 (1493782); Storica Analitica visura per immobile - Catasto Fabbricati."
"visura-storica","FM","RAPAGNANO","1","233","","T","","analitica","","","PVP sales 1 (1493782); Storica Analitica visura per immobile - Catasto Terreni."
"visura-storica","FM","RAPAGNANO","1","239","","T","","analitica","","","PVP sales 1 (887825); Storica Analitica visura per immobile - Catasto Terreni."
"visura-storica","FM","RAPAGNANO","1","240","","T","","analitica","","","PVP sales 1 (887825); Storica Analitica visura per immobile - Catasto Terreni."
"visura-storica","FM","RAPAGNANO","1","241","","T","","analitica","","","PVP sales 1 (887825); Storica Analitica visura per immobile - Catasto Terreni."
"visura-storica","FM","RAPAGNANO","1","244","","T","","analitica","","","PVP sales 1 (887825); Storica Analitica visura per immobile - Catasto Terreni."
"visura-storica","FM","RAPAGNANO","1","267","11","F","","analitica","","","PVP sales 3 (2255255,4444327,4559964); Storica Analitica visura per immobile - Catasto Fabbricati."
"visura-storica","FM","RAPAGNANO","1","267","5","F","","analitica","","","PVP sales 1 (4559964); Storica Analitica visura per immobile - Catasto Fabbricati."
"visura-storica","FM","RAPAGNANO","1","268","5","F","","analitica","","","PVP sales 2 (2255255,4444327); Storica Analitica visura per immobile - Catasto Fabbricati."
"visura-storica","FM","RAPAGNANO","1","300","","T","","analitica","","","PVP sales 2 (2255613,4444343); Storica Analitica visura per immobile - Catasto Terreni."
"visura-storica","FM","RAPAGNANO","1","301","","T","","analitica","","","PVP sales 2 (2255613,4444343); Storica Analitica visura per immobile - Catasto Terreni."
"visura-storica","FM","RAPAGNANO","1","386","","F","","analitica","","","PVP sales 1 (1493782); Storica Analitica visura per immobile - Catasto Fabbricati."
"visura-storica","FM","RAPAGNANO","1","386","","T","","analitica","","","PVP sales 1 (1493782); Storica Analitica visura per immobile - Catasto Terreni."
"visura-storica","FM","RAPAGNANO","1","455","","F","","analitica","","","PVP sales 3 (1565303,1639940,2125860); Storica Analitica visura per immobile - Catasto Fabbricati."
"visura-storica","FM","RAPAGNANO","1","455","","T","","analitica","","","PVP sales 4 (1565303,1639940,1947274,2125860); Storica Analitica visura per immobile - Catasto Terreni."
"visura-storica","FM","RAPAGNANO","1","456","2","F","","analitica","","","PVP sales 4 (1565303,1639940,1947274,2125860); Storica Analitica visura per immobile - Catasto Fabbricati."
"visura-storica","FM","RAPAGNANO","1","456","3","F","","analitica","","","PVP sales 4 (1565303,1639940,1947274,2125860); Storica Analitica visura per immobile - Catasto Fabbricati."
"visura-storica","FM","RAPAGNANO","1","456","4","F","","analitica","","","PVP sales 4 (1565303,1639940,1947274,2125860); Storica Analitica visura per immobile - Catasto Fabbricati."
"visura-storica","FM","RAPAGNANO","1","501","","T","","analitica","","","PVP sales 2 (2255613,4444343); Storica Analitica visura per immobile - Catasto Terreni."
"visura-storica","FM","RAPAGNANO","1","502","","F","","analitica","","","PVP sales 2 (2255613,4444343); Storica Analitica visura per immobile - Catasto Fabbricati."
"visura-storica","FM","RAPAGNANO","1","517","","F","","analitica","","","PVP sales 3 (887825,887840,1454485); Storica Analitica visura per immobile - Catasto Fabbricati."
"visura-storica","FM","RAPAGNANO","1","517","","T","","analitica","","","PVP sales 2 (887840,1454485); Storica Analitica visura per immobile - Catasto Terreni."
"visura-storica","FM","RAPAGNANO","1","518","","T","","analitica","","","PVP sales 1 (887825); Storica Analitica visura per immobile - Catasto Terreni."
"visura-storica","FM","RAPAGNANO","1","75","","T","","analitica","","","PVP sales 1 (887825); Storica Analitica visura per immobile - Catasto Terreni."
"visura-storica","FM","RAPAGNANO","1","79","","F","","analitica","","","PVP sales 1 (1493782); Storica Analitica visura per immobile - Catasto Fabbricati."
"visura-storica","FM","RAPAGNANO","1","79","","T","","analitica","","","PVP sales 1 (1493782); Storica Analitica visura per immobile - Catasto Terreni."
"visura-storica","FM","RAPAGNANO","1","80","","F","","analitica","","","PVP sales 1 (1493782); Storica Analitica visura per immobile - Catasto Fabbricati."
"visura-storica","FM","RAPAGNANO","1","80","","T","","analitica","","","PVP sales 1 (1493782); Storica Analitica visura per immobile - Catasto Terreni."
"visura-storica","FM","RAPAGNANO","1","90","","T","","analitica","","","PVP sales 1 (887825); Storica Analitica visura per immobile - Catasto Terreni."
"visura-storica","FM","RAPAGNANO","12","529","","F","","analitica","","","PVP sales 3 (792952,905113,957764); Storica Analitica visura per immobile - Catasto Fabbricati."
"visura-storica","FM","RAPAGNANO","12","529","","T","","analitica","","","PVP sales 3 (792952,905113,957764); Storica Analitica visura per immobile - Catasto Terreni."
"visura-storica","FM","RAPAGNANO","13","277","1","F","","analitica","","","PVP sales 3 (4279777,4380079,4453568); Storica Analitica visura per immobile - Catasto Fabbricati."
"visura-storica","FM","RAPAGNANO","13","277","2","F","","analitica","","","PVP sales 3 (4279777,4380079,4453568); Storica Analitica visura per immobile - Catasto Fabbricati."
"visura-storica","FM","RAPAGNANO","13","277","3","F","","analitica","","","PVP sales 3 (4279777,4380079,4453568); Storica Analitica visura per immobile - Catasto Fabbricati."
"visura-storica","FM","RAPAGNANO","14","123","","F","","analitica","","","PVP sales 1 (1960514); Storica Analitica visura per immobile - Catasto Fabbricati."
"visura-storica","FM","RAPAGNANO","14","123","","T","","analitica","","","PVP sales 3 (1960514,2084527,2259078); Storica Analitica visura per immobile - Catasto Terreni."
"visura-storica","FM","RAPAGNANO","14","124","","F","","analitica","","","PVP sales 1 (1960514); Storica Analitica visura per immobile - Catasto Fabbricati."
"visura-storica","FM","RAPAGNANO","14","124","","T","","analitica","","","PVP sales 3 (1960514,2084527,2259078); Storica Analitica visura per immobile - Catasto Terreni."
"visura-storica","FM","RAPAGNANO","14","17","2","F","","analitica","","","PVP sales 3 (1960514,2084527,2259078); Storica Analitica visura per immobile - Catasto Fabbricati."
"visura-storica","FM","RAPAGNANO","14","17","3","F","","analitica","","","PVP sales 3 (1960514,2084527,2259078); Storica Analitica visura per immobile - Catasto Fabbricati."
"visura-storica","FM","RAPAGNANO","2","193","2","F","","analitica","","","PVP sales 2 (1439807,1439906); Storica Analitica visura per immobile - Catasto Fabbricati."
"visura-storica","FM","RAPAGNANO","2","193","3","F","","analitica","","","PVP sales 2 (1439807,1439906); Storica Analitica visura per immobile - Catasto Fabbricati."
"visura-storica","FM","RAPAGNANO","2","193","4","F","","analitica","","","PVP sales 2 (1439807,1439906); Storica Analitica visura per immobile - Catasto Fabbricati."
"visura-storica","FM","RAPAGNANO","2","193","5","F","","analitica","","","PVP sales 2 (1439807,1439906); Storica Analitica visura per immobile - Catasto Fabbricati."
"visura-storica","FM","RAPAGNANO","2","193","6","F","","analitica","","","PVP sales 2 (1439807,1439906); Storica Analitica visura per immobile - Catasto Fabbricati."
"visura-storica","FM","RAPAGNANO","2","193","7","F","","analitica","","","PVP sales 1 (1439906); Storica Analitica visura per immobile - Catasto Fabbricati."
"visura-storica","FM","RAPAGNANO","5","238","11","F","","analitica","","","PVP sales 1 (4522315); Storica Analitica visura per immobile - Catasto Fabbricati."
"visura-storica","FM","RAPAGNANO","5","238","16","F","","analitica","","","PVP sales 1 (4447796); Storica Analitica visura per immobile - Catasto Fabbricati."
"visura-storica","FM","RAPAGNANO","5","238","7","F","","analitica","","","PVP sales 1 (4522315); Storica Analitica visura per immobile - Catasto Fabbricati."
"visura-storica","FM","RAPAGNANO","5","238","9","F","","analitica","","","PVP sales 1 (4522315); Storica Analitica visura per immobile - Catasto Fabbricati."
"visura-storica","FM","RAPAGNANO","5","28","1","F","","analitica","","","PVP sales 4 (1439948,1439991,1500259,1790372); Storica Analitica visura per immobile - Catasto Fabbricati."
"visura-storica","FM","RAPAGNANO","5","28","2","F","","analitica","","","PVP sales 4 (1439948,1439991,1500259,1790372); Storica Analitica visura per immobile - Catasto Fabbricati."
"visura-storica","FM","RAPAGNANO","5","28","3","F","","analitica","","","PVP sales 4 (1439948,1439991,1500259,1790372); Storica Analitica visura per immobile - Catasto Fabbricati."
"visura-storica","FM","RAPAGNANO","5","551","23","F","","analitica","","","PVP sales 1 (1748253); Storica Analitica visura per immobile - Catasto Fabbricati."
"visura-storica","FM","RAPAGNANO","5","78","2","F","","analitica","","","PVP sales 3 (4380329,4492843,4541726); Storica Analitica visura per immobile - Catasto Fabbricati."
"visura-storica","FM","RAPAGNANO","5","78","3","F","","analitica","","","PVP sales 3 (4380329,4492843,4541726); Storica Analitica visura per immobile - Catasto Fabbricati."
"visura-storica","FM","RAPAGNANO","5","78","4","F","","analitica","","","PVP sales 2 (4541713,4568006); Storica Analitica visura per immobile - Catasto Fabbricati."
"visura-storica","FM","RAPAGNANO","5","80","3","F","","analitica","","","PVP sales 2 (4346172,4446867); Storica Analitica visura per immobile - Catasto Fabbricati."
"visura-storica","FM","RAPAGNANO","7","353","","F","","analitica","","","PVP sales 2 (773751,881112); Storica Analitica visura per immobile - Catasto Fabbricati."
"visura-storica","FM","RAPAGNANO","7","353","","T","","analitica","","","PVP sales 2 (773751,881112); Storica Analitica visura per immobile - Catasto Terreni."
"visura-storica","FM","RAPAGNANO","9","126","","F","","analitica","","","PVP sales 1 (1654564); Storica Analitica visura per immobile - Catasto Fabbricati."
"visura-storica","FM","RAPAGNANO","9","126","","T","","analitica","","","PVP sales 1 (1654564); Storica Analitica visura per immobile - Catasto Terreni."
"visura-storica","FM","RAPAGNANO","9","135","","F","","analitica","","","PVP sales 1 (1654478); Storica Analitica visura per immobile - Catasto Fabbricati."
"visura-storica","FM","RAPAGNANO","9","135","","T","","analitica","","","PVP sales 1 (1654478); Storica Analitica visura per immobile - Catasto Terreni."
"visura-storica","FM","RAPAGNANO","9","15","","F","","analitica","","","PVP sales 1 (1654478); Storica Analitica visura per immobile - Catasto Fabbricati."
"visura-storica","FM","RAPAGNANO","9","15","","T","","analitica","","","PVP sales 1 (1654478); Storica Analitica visura per immobile - Catasto Terreni."
"visura-storica","FM","RAPAGNANO","9","16","","F","","analitica","","","PVP sales 1 (1654478); Storica Analitica visura per immobile - Catasto Fabbricati."
"visura-storica","FM","RAPAGNANO","9","16","","T","","analitica","","","PVP sales 1 (1654478); Storica Analitica visura per immobile - Catasto Terreni."
"visura-storica","FM","RAPAGNANO","9","18","","F","","analitica","","","PVP sales 1 (1654564); Storica Analitica visura per immobile - Catasto Fabbricati."
"visura-storica","FM","RAPAGNANO","9","18","","T","","analitica","","","PVP sales 1 (1654564); Storica Analitica visura per immobile - Catasto Terreni."
"visura-storica","FM","RAPAGNANO","9","195","","F","","analitica","","","PVP sales 1 (1654890); Storica Analitica visura per immobile - Catasto Fabbricati."
"visura-storica","FM","RAPAGNANO","9","195","","T","","analitica","","","PVP sales 1 (1654890); Storica Analitica visura per immobile - Catasto Terreni."
"visura-storica","FM","RAPAGNANO","9","196","","F","","analitica","","","PVP sales 1 (1654890); Storica Analitica visura per immobile - Catasto Fabbricati."
"visura-storica","FM","RAPAGNANO","9","196","","T","","analitica","","","PVP sales 1 (1654890); Storica Analitica visura per immobile - Catasto Terreni."
"visura-storica","FM","RAPAGNANO","9","197","","F","","analitica","","","PVP sales 1 (1654890); Storica Analitica visura per immobile - Catasto Fabbricati."
"visura-storica","FM","RAPAGNANO","9","197","","T","","analitica","","","PVP sales 1 (1654890); Storica Analitica visura per immobile - Catasto Terreni."
"visura-storica","FM","RAPAGNANO","9","256","","F","","analitica","","","PVP sales 1 (1654890); Storica Analitica visura per immobile - Catasto Fabbricati."
"visura-storica","FM","RAPAGNANO","9","256","","T","","analitica","","","PVP sales 1 (1654890); Storica Analitica visura per immobile - Catasto Terreni."
"visura-storica","FM","RAPAGNANO","9","257","","F","","analitica","","","PVP sales 1 (1654890); Storica Analitica visura per immobile - Catasto Fabbricati."
"visura-storica","FM","RAPAGNANO","9","257","","T","","analitica","","","PVP sales 1 (1654890); Storica Analitica visura per immobile - Catasto Terreni."
"visura-storica","FM","RAPAGNANO","9","303","","F","","analitica","","","PVP sales 1 (1654890); Storica Analitica visura per immobile - Catasto Fabbricati."
"visura-storica","FM","RAPAGNANO","9","303","","T","","analitica","","","PVP sales 1 (1654890); Storica Analitica visura per immobile - Catasto Terreni."
"visura-storica","FM","RAPAGNANO","9","312","","F","","analitica","","","PVP sales 1 (1654564); Storica Analitica visura per immobile - Catasto Fabbricati."
"visura-storica","FM","RAPAGNANO","9","312","","T","","analitica","","","PVP sales 1 (1654564); Storica Analitica visura per immobile - Catasto Terreni."
"visura-storica","FM","RAPAGNANO","9","364","","F","","analitica","","","PVP sales 1 (1654303); Storica Analitica visura per immobile - Catasto Fabbricati."
"visura-storica","FM","RAPAGNANO","9","364","","T","","analitica","","","PVP sales 1 (1654303); Storica Analitica visura per immobile - Catasto Terreni."
"visura-storica","FM","RAPAGNANO","9","365","","F","","analitica","","","PVP sales 2 (1653860,1821476); Storica Analitica visura per immobile - Catasto Fabbricati."
"visura-storica","FM","RAPAGNANO","9","365","","T","","analitica","","","PVP sales 2 (1653860,1821476); Storica Analitica visura per immobile - Catasto Terreni."
"visura-storica","FM","RAPAGNANO","9","366","","F","","analitica","","","PVP sales 2 (1653860,1821476); Storica Analitica visura per immobile - Catasto Fabbricati."
"visura-storica","FM","RAPAGNANO","9","366","","T","","analitica","","","PVP sales 2 (1653860,1821476); Storica Analitica visura per immobile - Catasto Terreni."
"visura-storica","FM","RAPAGNANO","9","367","","F","","analitica","","","PVP sales 1 (1654303); Storica Analitica visura per immobile - Catasto Fabbricati."
"visura-storica","FM","RAPAGNANO","9","367","","T","","analitica","","","PVP sales 1 (1654303); Storica Analitica visura per immobile - Catasto Terreni."
"visura-storica","FM","RAPAGNANO","9","368","","F","","analitica","","","PVP sales 2 (1653860,1821476); Storica Analitica visura per immobile - Catasto Fabbricati."
"visura-storica","FM","RAPAGNANO","9","368","","T","","analitica","","","PVP sales 2 (1653860,1821476); Storica Analitica visura per immobile - Catasto Terreni."
"visura-storica","FM","RAPAGNANO","9","369","","F","","analitica","","","PVP sales 2 (1653860,1821476); Storica Analitica visura per immobile - Catasto Fabbricati."
"visura-storica","FM","RAPAGNANO","9","369","","T","","analitica","","","PVP sales 2 (1653860,1821476); Storica Analitica visura per immobile - Catasto Terreni."
"visura-storica","FM","RAPAGNANO","9","43","","F","","analitica","","","PVP sales 1 (1654303); Storica Analitica visura per immobile - Catasto Fabbricati."
"visura-storica","FM","RAPAGNANO","9","43","","T","","analitica","","","PVP sales 1 (1654303); Storica Analitica visura per immobile - Catasto Terreni."
"visura-storica","FM","RAPAGNANO","9","47","","F","","analitica","","","PVP sales 1 (1654303); Storica Analitica visura per immobile - Catasto Fabbricati."
"visura-storica","FM","RAPAGNANO","9","47","","T","","analitica","","","PVP sales 1 (1654303); Storica Analitica visura per immobile - Catasto Terreni."
"visura-storica","FM","RAPAGNANO","9","49","","F","","analitica","","","PVP sales 2 (1653860,1821476); Storica Analitica visura per immobile - Catasto Fabbricati."
"visura-storica","FM","RAPAGNANO","9","49","","T","","analitica","","","PVP sales 2 (1653860,1821476); Storica Analitica visura per immobile - Catasto Terreni."
"visura-storica","FM","RAPAGNANO","9","73","","F","","analitica","","","PVP sales 1 (1654564); Storica Analitica visura per immobile - Catasto Fabbricati."
"visura-storica","FM","RAPAGNANO","9","73","","T","","analitica","","","PVP sales 1 (1654564); Storica Analitica visura per immobile - Catasto Terreni."
"visura-storica","FM","RAPAGNANO","9","74","","F","","analitica","","","PVP sales 1 (1654564); Storica Analitica visura per immobile - Catasto Fabbricati."
"visura-storica","FM","RAPAGNANO","9","74","","T","","analitica","","","PVP sales 1 (1654564); Storica Analitica visura per immobile - Catasto Terreni."
"visura-storica","FM","RAPAGNANO","9","97","","F","","analitica","","","PVP sales 1 (1654303); Storica Analitica visura per immobile - Catasto Fabbricati."
"visura-storica","FM","RAPAGNANO","9","97","","T","","analitica","","","PVP sales 1 (1654303); Storica Analitica visura per immobile - Catasto Terreni."
"visura-storica","FM","RAPAGNANO","9","98","","F","","analitica","","","PVP sales 1 (1654303); Storica Analitica visura per immobile - Catasto Fabbricati."
"visura-storica","FM","RAPAGNANO","9","98","","T","","analitica","","","PVP sales 1 (1654303); Storica Analitica visura per immobile - Catasto Terreni."
"visura-storica","FM","RAPAGNANO","9","99","","F","","analitica","","","PVP sales 1 (1654303); Storica Analitica visura per immobile - Catasto Fabbricati."
"visura-storica","FM","RAPAGNANO","9","99","","T","","analitica","","","PVP sales 1 (1654303); Storica Analitica visura per immobile - Catasto Terreni."
"visura-storica","FM","SANT'ELPIDIO A MARE","1","157","","F","","analitica","","","PVP sales 3 (2158728,4281466,4551255); Storica Analitica visura per immobile - Catasto Fabbricati."
"visura-storica","FM","SANT'ELPIDIO A MARE","1","157","","T","","analitica","","","PVP sales 3 (2158728,4281466,4551255); Storica Analitica visura per immobile - Catasto Terreni."
"visura-storica","FM","SANT'ELPIDIO A MARE","1","589","","F","","analitica","","","PVP sales 3 (2158728,4281466,4551255); Storica Analitica visura per immobile - Catasto Fabbricati."
"visura-storica","FM","SANT'ELPIDIO A MARE","1","589","","T","","analitica","","","PVP sales 3 (2158728,4281466,4551255); Storica Analitica visura per immobile - Catasto Terreni."
"visura-storica","FM","SANT'ELPIDIO A MARE","10","162","","F","","analitica","","","PVP sales 1 (4431180); Storica Analitica visura per immobile - Catasto Fabbricati."
"visura-storica","FM","SANT'ELPIDIO A MARE","10","162","","T","","analitica","","","PVP sales 1 (4431180); Storica Analitica visura per immobile - Catasto Terreni."
"visura-storica","FM","SANT'ELPIDIO A MARE","13","100","","F","","analitica","","","PVP sales 2 (495467,651472); Storica Analitica visura per immobile - Catasto Fabbricati."
"visura-storica","FM","SANT'ELPIDIO A MARE","13","100","","T","","analitica","","","PVP sales 2 (495467,651472); Storica Analitica visura per immobile - Catasto Terreni."
"visura-storica","FM","SANT'ELPIDIO A MARE","13","101","","F","","analitica","","","PVP sales 2 (495467,651472); Storica Analitica visura per immobile - Catasto Fabbricati."
"visura-storica","FM","SANT'ELPIDIO A MARE","13","101","","T","","analitica","","","PVP sales 2 (495467,651472); Storica Analitica visura per immobile - Catasto Terreni."
"visura-storica","FM","SANT'ELPIDIO A MARE","13","27","5","F","","analitica","","","PVP sales 4 (494104,650430,1644897,2123978); Storica Analitica visura per immobile - Catasto Fabbricati."
"visura-storica","FM","SANT'ELPIDIO A MARE","13","27","6","F","","analitica","","","PVP sales 5 (494104,650430,1644897,1960947,2123978); Storica Analitica visura per immobile - Catasto Fabbricati."
"visura-storica","FM","SANT'ELPIDIO A MARE","13","27","8","F","","analitica","","","PVP sales 5 (494104,650430,1644897,1960947,2123978); Storica Analitica visura per immobile - Catasto Fabbricati."
"visura-storica","FM","SANT'ELPIDIO A MARE","13","28","3","F","","analitica","","","PVP sales 6 (496291,651365,1644905,1961163,2125658 +1 more); Storica Analitica visura per immobile - Catasto Fabbricati."
"visura-storica","FM","SANT'ELPIDIO A MARE","13","28","4","F","","analitica","","","PVP sales 6 (496291,651365,1644905,1961163,2125658 +1 more); Storica Analitica visura per immobile - Catasto Fabbricati."
"visura-storica","FM","SANT'ELPIDIO A MARE","13","28","5","F","","analitica","","","PVP sales 6 (496291,651365,1644905,1961163,2125658 +1 more); Storica Analitica visura per immobile - Catasto Fabbricati."
"visura-storica","FM","SANT'ELPIDIO A MARE","13","381","","F","","analitica","","","PVP sales 4 (495435,651525,1644826,4505762); Storica Analitica visura per immobile - Catasto Fabbricati."
"visura-storica","FM","SANT'ELPIDIO A MARE","13","381","","T","","analitica","","","PVP sales 4 (495435,651525,1644826,4505762); Storica Analitica visura per immobile - Catasto Terreni."
"visura-storica","FM","SANT'ELPIDIO A MARE","144","3","","F","","analitica","","","PVP sales 1 (2085560); Storica Analitica visura per immobile - Catasto Fabbricati."
"visura-storica","FM","SANT'ELPIDIO A MARE","144","3","","T","","analitica","","","PVP sales 1 (2085560); Storica Analitica visura per immobile - Catasto Terreni."
"visura-storica","FM","SANT'ELPIDIO A MARE","15","131","","F","","analitica","","","PVP sales 1 (768752); Storica Analitica visura per immobile - Catasto Fabbricati."
"visura-storica","FM","SANT'ELPIDIO A MARE","15","131","","T","","analitica","","","PVP sales 1 (768752); Storica Analitica visura per immobile - Catasto Terreni."
"visura-storica","FM","SANT'ELPIDIO A MARE","15","135","","F","","analitica","","","PVP sales 1 (768752); Storica Analitica visura per immobile - Catasto Fabbricati."
"visura-storica","FM","SANT'ELPIDIO A MARE","15","135","","T","","analitica","","","PVP sales 1 (768752); Storica Analitica visura per immobile - Catasto Terreni."
"visura-storica","FM","SANT'ELPIDIO A MARE","15","137","","F","","analitica","","","PVP sales 1 (768752); Storica Analitica visura per immobile - Catasto Fabbricati."
"visura-storica","FM","SANT'ELPIDIO A MARE","15","137","","T","","analitica","","","PVP sales 1 (768752); Storica Analitica visura per immobile - Catasto Terreni."
"visura-storica","FM","SANT'ELPIDIO A MARE","15","143","","F","","analitica","","","PVP sales 1 (768752); Storica Analitica visura per immobile - Catasto Fabbricati."
"visura-storica","FM","SANT'ELPIDIO A MARE","15","143","","T","","analitica","","","PVP sales 1 (768752); Storica Analitica visura per immobile - Catasto Terreni."
"visura-storica","FM","SANT'ELPIDIO A MARE","15","144","","F","","analitica","","","PVP sales 1 (768752); Storica Analitica visura per immobile - Catasto Fabbricati."
"visura-storica","FM","SANT'ELPIDIO A MARE","15","144","","T","","analitica","","","PVP sales 1 (768752); Storica Analitica visura per immobile - Catasto Terreni."
"visura-storica","FM","SANT'ELPIDIO A MARE","15","145","","F","","analitica","","","PVP sales 1 (768752); Storica Analitica visura per immobile - Catasto Fabbricati."
"visura-storica","FM","SANT'ELPIDIO A MARE","15","145","","T","","analitica","","","PVP sales 1 (768752); Storica Analitica visura per immobile - Catasto Terreni."
"visura-storica","FM","SANT'ELPIDIO A MARE","15","146","","F","","analitica","","","PVP sales 1 (768752); Storica Analitica visura per immobile - Catasto Fabbricati."
"visura-storica","FM","SANT'ELPIDIO A MARE","15","146","","T","","analitica","","","PVP sales 1 (768752); Storica Analitica visura per immobile - Catasto Terreni."
"visura-storica","FM","SANT'ELPIDIO A MARE","15","147","","F","","analitica","","","PVP sales 2 (4425794,4495732); Storica Analitica visura per immobile - Catasto Fabbricati."
"visura-storica","FM","SANT'ELPIDIO A MARE","15","147","","T","","analitica","","","PVP sales 2 (4425794,4495732); Storica Analitica visura per immobile - Catasto Terreni."
"visura-storica","FM","SANT'ELPIDIO A MARE","15","148","","F","","analitica","","","PVP sales 2 (4425794,4495732); Storica Analitica visura per immobile - Catasto Fabbricati."
"visura-storica","FM","SANT'ELPIDIO A MARE","15","148","","T","","analitica","","","PVP sales 2 (4425794,4495732); Storica Analitica visura per immobile - Catasto Terreni."
"visura-storica","FM","SANT'ELPIDIO A MARE","15","72","2","F","","analitica","","","PVP sales 2 (4425794,4495732); Storica Analitica visura per immobile - Catasto Fabbricati."
"visura-storica","FM","SANT'ELPIDIO A MARE","15","72","3","F","","analitica","","","PVP sales 2 (4425794,4495732); Storica Analitica visura per immobile - Catasto Fabbricati."
"visura-storica","FM","SANT'ELPIDIO A MARE","15","72","4","F","","analitica","","","PVP sales 2 (4425794,4495732); Storica Analitica visura per immobile - Catasto Fabbricati."
"visura-storica","FM","SANT'ELPIDIO A MARE","16","107","1","F","","analitica","","","PVP sales 3 (4228015,4297628,4461406); Storica Analitica visura per immobile - Catasto Fabbricati."
"visura-storica","FM","SANT'ELPIDIO A MARE","16","107","2","F","","analitica","","","PVP sales 3 (4228015,4297628,4461406); Storica Analitica visura per immobile - Catasto Fabbricati."
"visura-storica","FM","SANT'ELPIDIO A MARE","16","142","","F","","analitica","","","PVP sales 2 (4297628,4461406); Storica Analitica visura per immobile - Catasto Fabbricati."
"visura-storica","FM","SANT'ELPIDIO A MARE","16","142","","T","","analitica","","","PVP sales 3 (4228015,4297628,4461406); Storica Analitica visura per immobile - Catasto Terreni."
"visura-storica","FM","SANT'ELPIDIO A MARE","16","21","","F","","analitica","","","PVP sales 1 (2246189); Storica Analitica visura per immobile - Catasto Fabbricati."
"visura-storica","FM","SANT'ELPIDIO A MARE","16","21","","T","","analitica","","","PVP sales 1 (2246189); Storica Analitica visura per immobile - Catasto Terreni."
"visura-storica","FM","SANT'ELPIDIO A MARE","16","269","","F","","analitica","","","PVP sales 1 (2246189); Storica Analitica visura per immobile - Catasto Fabbricati."
"visura-storica","FM","SANT'ELPIDIO A MARE","16","269","","T","","analitica","","","PVP sales 1 (2246189); Storica Analitica visura per immobile - Catasto Terreni."
"visura-storica","FM","SANT'ELPIDIO A MARE","16","294","","F","","analitica","","","PVP sales 1 (2246189); Storica Analitica visura per immobile - Catasto Fabbricati."
"visura-storica","FM","SANT'ELPIDIO A MARE","16","294","","T","","analitica","","","PVP sales 1 (2246189); Storica Analitica visura per immobile - Catasto Terreni."
"visura-storica","FM","SANT'ELPIDIO A MARE","16","295","","F","","analitica","","","PVP sales 1 (2246189); Storica Analitica visura per immobile - Catasto Fabbricati."
"visura-storica","FM","SANT'ELPIDIO A MARE","16","295","","T","","analitica","","","PVP sales 1 (2246189); Storica Analitica visura per immobile - Catasto Terreni."
"visura-storica","FM","SANT'ELPIDIO A MARE","16","296","","F","","analitica","","","PVP sales 1 (2246189); Storica Analitica visura per immobile - Catasto Fabbricati."
"visura-storica","FM","SANT'ELPIDIO A MARE","16","296","","T","","analitica","","","PVP sales 1 (2246189); Storica Analitica visura per immobile - Catasto Terreni."
"visura-storica","FM","SANT'ELPIDIO A MARE","17","120","12","F","","analitica","","","PVP sales 1 (4487712); Storica Analitica visura per immobile - Catasto Fabbricati."
"visura-storica","FM","SANT'ELPIDIO A MARE","17","120","13","F","","analitica","","","PVP sales 1 (4487712); Storica Analitica visura per immobile - Catasto Fabbricati."
"visura-storica","FM","SANT'ELPIDIO A MARE","17","120","14","F","","analitica","","","PVP sales 1 (4487712); Storica Analitica visura per immobile - Catasto Fabbricati."
"visura-storica","FM","SANT'ELPIDIO A MARE","17","120","15","F","","analitica","","","PVP sales 1 (4487881); Storica Analitica visura per immobile - Catasto Fabbricati."
"visura-storica","FM","SANT'ELPIDIO A MARE","17","122","21","F","","analitica","","","PVP sales 1 (4244005); Storica Analitica visura per immobile - Catasto Fabbricati."
"visura-storica","FM","SANT'ELPIDIO A MARE","17","122","7","F","","analitica","","","PVP sales 2 (1483419,1591747); Storica Analitica visura per immobile - Catasto Fabbricati."
"visura-storica","FM","SANT'ELPIDIO A MARE","17","122","8","F","","analitica","","","PVP sales 1 (4243985); Storica Analitica visura per immobile - Catasto Fabbricati."
"visura-storica","FM","SANT'ELPIDIO A MARE","17","128","","F","","analitica","","","PVP sales 2 (1746866,1966707); Storica Analitica visura per immobile - Catasto Fabbricati."
"visura-storica","FM","SANT'ELPIDIO A MARE","17","128","","T","","analitica","","","PVP sales 2 (1746866,1966707); Storica Analitica visura per immobile - Catasto Terreni."
"visura-storica","FM","SANT'ELPIDIO A MARE","17","223","13","F","","analitica","","","PVP sales 1 (4225827); Storica Analitica visura per immobile - Catasto Fabbricati."
"visura-storica","FM","SANT'ELPIDIO A MARE","17","277","","F","","analitica","","","PVP sales 1 (768752); Storica Analitica visura per immobile - Catasto Fabbricati."
"visura-storica","FM","SANT'ELPIDIO A MARE","17","277","","T","","analitica","","","PVP sales 1 (768752); Storica Analitica visura per immobile - Catasto Terreni."
"visura-storica","FM","SANT'ELPIDIO A MARE","17","279","","F","","analitica","","","PVP sales 1 (768752); Storica Analitica visura per immobile - Catasto Fabbricati."
"visura-storica","FM","SANT'ELPIDIO A MARE","17","279","","T","","analitica","","","PVP sales 1 (768752); Storica Analitica visura per immobile - Catasto Terreni."
"visura-storica","FM","SANT'ELPIDIO A MARE","17","34","5","F","","analitica","","","PVP sales 3 (792104,1452188,1534098); Storica Analitica visura per immobile - Catasto Fabbricati."
"visura-storica","FM","SANT'ELPIDIO A MARE","17","396","2","F","","analitica","","","PVP sales 3 (792104,1452188,1534098); Storica Analitica visura per immobile - Catasto Fabbricati."
"visura-storica","FM","SANT'ELPIDIO A MARE","18","186","","F","","analitica","","","PVP sales 1 (4356983); Storica Analitica visura per immobile - Catasto Fabbricati."
"visura-storica","FM","SANT'ELPIDIO A MARE","18","209","1","F","","analitica","","","PVP sales 3 (4427016,4427019,4491928); Storica Analitica visura per immobile - Catasto Fabbricati."
"visura-storica","FM","SANT'ELPIDIO A MARE","18","209","2","F","","analitica","","","PVP sales 1 (4427019); Storica Analitica visura per immobile - Catasto Fabbricati."
"visura-storica","FM","SANT'ELPIDIO A MARE","18","314","43","F","","analitica","","","PVP sales 3 (745669,922839,947657); Storica Analitica visura per immobile - Catasto Fabbricati."
"visura-storica","FM","SANT'ELPIDIO A MARE","18","89","14","F","","analitica","","","PVP sales 1 (2108975); Storica Analitica visura per immobile - Catasto Fabbricati."
"visura-storica","FM","SANT'ELPIDIO A MARE","18","89","29","F","","analitica","","","PVP sales 1 (2108975); Storica Analitica visura per immobile - Catasto Fabbricati."
"visura-storica","FM","SANT'ELPIDIO A MARE","19","62","10","F","","analitica","","","PVP sales 1 (510107); Storica Analitica visura per immobile - Catasto Fabbricati."
"visura-storica","FM","SANT'ELPIDIO A MARE","19","62","7","F","","analitica","","","PVP sales 1 (510264); Storica Analitica visura per immobile - Catasto Fabbricati."
"visura-storica","FM","SANT'ELPIDIO A MARE","22","30","","T","","analitica","","","PVP sales 1 (4248388); Storica Analitica visura per immobile - Catasto Terreni."
"visura-storica","FM","SANT'ELPIDIO A MARE","22","31","","T","","analitica","","","PVP sales 1 (4248388); Storica Analitica visura per immobile - Catasto Terreni."
"visura-storica","FM","SANT'ELPIDIO A MARE","23","143","","T","","analitica","","","PVP sales 1 (4531744); Storica Analitica visura per immobile - Catasto Terreni."
"visura-storica","FM","SANT'ELPIDIO A MARE","23","172","","T","","analitica","","","PVP sales 1 (4531744); Storica Analitica visura per immobile - Catasto Terreni."
"visura-storica","FM","SANT'ELPIDIO A MARE","23","189","","T","","analitica","","","PVP sales 1 (4531744); Storica Analitica visura per immobile - Catasto Terreni."
"visura-storica","FM","SANT'ELPIDIO A MARE","23","190","","T","","analitica","","","PVP sales 1 (4531713); Storica Analitica visura per immobile - Catasto Terreni."
"visura-storica","FM","SANT'ELPIDIO A MARE","23","198","2","F","","analitica","","","PVP sales 1 (4299746); Storica Analitica visura per immobile - Catasto Fabbricati."
"visura-storica","FM","SANT'ELPIDIO A MARE","23","217","","T","","analitica","","","PVP sales 1 (4248371); Storica Analitica visura per immobile - Catasto Terreni."
"visura-storica","FM","SANT'ELPIDIO A MARE","23","218","","T","","analitica","","","PVP sales 1 (4248371); Storica Analitica visura per immobile - Catasto Terreni."
"visura-storica","FM","SANT'ELPIDIO A MARE","23","25","","T","","analitica","","","PVP sales 1 (4248388); Storica Analitica visura per immobile - Catasto Terreni."
"visura-storica","FM","SANT'ELPIDIO A MARE","23","251","","F","","analitica","","","PVP sales 1 (4553868); Storica Analitica visura per immobile - Catasto Fabbricati."
"visura-storica","FM","SANT'ELPIDIO A MARE","23","26","","T","","analitica","","","PVP sales 1 (4248388); Storica Analitica visura per immobile - Catasto Terreni."
"visura-storica","FM","SANT'ELPIDIO A MARE","23","27","","F","","analitica","","","PVP sales 1 (4248371); Storica Analitica visura per immobile - Catasto Fabbricati."
"visura-storica","FM","SANT'ELPIDIO A MARE","23","47","","T","","analitica","","","PVP sales 1 (4248388); Storica Analitica visura per immobile - Catasto Terreni."
"visura-storica","FM","SANT'ELPIDIO A MARE","23","50","","T","","analitica","","","PVP sales 1 (4248388); Storica Analitica visura per immobile - Catasto Terreni."
"visura-storica","FM","SANT'ELPIDIO A MARE","24","130","13","F","","analitica","","","PVP sales 1 (2069137); Storica Analitica visura per immobile - Catasto Fabbricati."
"visura-storica","FM","SANT'ELPIDIO A MARE","24","174","7","F","","analitica","","","PVP sales 1 (2035661); Storica Analitica visura per immobile - Catasto Fabbricati."
"visura-storica","FM","SANT'ELPIDIO A MARE","24","244","3","F","","analitica","","","PVP sales 1 (1681236); Storica Analitica visura per immobile - Catasto Fabbricati."
"visura-storica","FM","SANT'ELPIDIO A MARE","24","244","4","F","","analitica","","","PVP sales 1 (1681260); Storica Analitica visura per immobile - Catasto Fabbricati."
"visura-storica","FM","SANT'ELPIDIO A MARE","24","277","","F","","analitica","","","PVP sales 3 (2207976,4282227,4410667); Storica Analitica visura per immobile - Catasto Fabbricati."
"visura-storica","FM","SANT'ELPIDIO A MARE","24","44","33","F","","analitica","","","PVP sales 1 (4266310); Storica Analitica visura per immobile - Catasto Fabbricati."
"visura-storica","FM","SANT'ELPIDIO A MARE","25","1020","","F","","analitica","","","PVP sales 1 (4213044); Storica Analitica visura per immobile - Catasto Fabbricati."
"visura-storica","FM","SANT'ELPIDIO A MARE","25","1020","","T","","analitica","","","PVP sales 1 (4213044); Storica Analitica visura per immobile - Catasto Terreni."
"visura-storica","FM","SANT'ELPIDIO A MARE","25","1190","22","F","","analitica","","","PVP sales 1 (4253548); Storica Analitica visura per immobile - Catasto Fabbricati."
"visura-storica","FM","SANT'ELPIDIO A MARE","25","1190","4","F","","analitica","","","PVP sales 1 (4253548); Storica Analitica visura per immobile - Catasto Fabbricati."
"visura-storica","FM","SANT'ELPIDIO A MARE","25","373","","F","","analitica","","","PVP sales 1 (2070844); Storica Analitica visura per immobile - Catasto Fabbricati."
"visura-storica","FM","SANT'ELPIDIO A MARE","25","373","","T","","analitica","","","PVP sales 1 (2070844); Storica Analitica visura per immobile - Catasto Terreni."
"visura-storica","FM","SANT'ELPIDIO A MARE","25","373","9","F","","analitica","","","PVP sales 3 (2141767,4264940,4510154); Storica Analitica visura per immobile - Catasto Fabbricati."
"visura-storica","FM","SANT'ELPIDIO A MARE","25","376","","F","","analitica","","","PVP sales 3 (2070858,2070863,2070864); Storica Analitica visura per immobile - Catasto Fabbricati."
"visura-storica","FM","SANT'ELPIDIO A MARE","25","376","","T","","analitica","","","PVP sales 3 (2070858,2070863,2070864); Storica Analitica visura per immobile - Catasto Terreni."
"visura-storica","FM","SANT'ELPIDIO A MARE","25","376","14","F","","analitica","","","PVP sales 2 (4430212,4463091); Storica Analitica visura per immobile - Catasto Fabbricati."
"visura-storica","FM","SANT'ELPIDIO A MARE","25","376","22","F","","analitica","","","PVP sales 3 (2141845,4265250,4510775); Storica Analitica visura per immobile - Catasto Fabbricati."
"visura-storica","FM","SANT'ELPIDIO A MARE","25","376","28","F","","analitica","","","PVP sales 3 (2141846,4265355,4510777); Storica Analitica visura per immobile - Catasto Fabbricati."
"visura-storica","FM","SANT'ELPIDIO A MARE","25","376","29","F","","analitica","","","PVP sales 2 (2141842,4510691); Storica Analitica visura per immobile - Catasto Fabbricati."
"visura-storica","FM","SANT'ELPIDIO A MARE","25","386","14","F","","analitica","","","PVP sales 1 (4518516); Storica Analitica visura per immobile - Catasto Fabbricati."
"visura-storica","FM","SANT'ELPIDIO A MARE","25","39","","F","","analitica","","","PVP sales 1 (1973830); Storica Analitica visura per immobile - Catasto Fabbricati."
"visura-storica","FM","SANT'ELPIDIO A MARE","25","39","","T","","analitica","","","PVP sales 1 (1973830); Storica Analitica visura per immobile - Catasto Terreni."
"visura-storica","FM","SANT'ELPIDIO A MARE","25","39","2","F","","analitica","","","PVP sales 1 (4267587); Storica Analitica visura per immobile - Catasto Fabbricati."
"visura-storica","FM","SANT'ELPIDIO A MARE","25","454","","F","","analitica","","","PVP sales 1 (1953011); Storica Analitica visura per immobile - Catasto Fabbricati."
"visura-storica","FM","SANT'ELPIDIO A MARE","25","454","","T","","analitica","","","PVP sales 1 (1953011); Storica Analitica visura per immobile - Catasto Terreni."
"visura-storica","FM","SANT'ELPIDIO A MARE","25","456","18","F","","analitica","","","PVP sales 1 (1624490); Storica Analitica visura per immobile - Catasto Fabbricati."
"visura-storica","FM","SANT'ELPIDIO A MARE","25","456","19","F","","analitica","","","PVP sales 1 (1624490); Storica Analitica visura per immobile - Catasto Fabbricati."
"visura-storica","FM","SANT'ELPIDIO A MARE","25","456","20","F","","analitica","","","PVP sales 1 (1624490); Storica Analitica visura per immobile - Catasto Fabbricati."
"visura-storica","FM","SANT'ELPIDIO A MARE","25","456","21","F","","analitica","","","PVP sales 1 (1624490); Storica Analitica visura per immobile - Catasto Fabbricati."
"visura-storica","FM","SANT'ELPIDIO A MARE","25","456","22","F","","analitica","","","PVP sales 1 (1624490); Storica Analitica visura per immobile - Catasto Fabbricati."
"visura-storica","FM","SANT'ELPIDIO A MARE","25","456","23","F","","analitica","","","PVP sales 1 (1624490); Storica Analitica visura per immobile - Catasto Fabbricati."
"visura-storica","FM","SANT'ELPIDIO A MARE","25","456","24","F","","analitica","","","PVP sales 1 (1624490); Storica Analitica visura per immobile - Catasto Fabbricati."
"visura-storica","FM","SANT'ELPIDIO A MARE","25","458","1","F","","analitica","","","PVP sales 2 (4278426,4395480); Storica Analitica visura per immobile - Catasto Fabbricati."
"visura-storica","FM","SANT'ELPIDIO A MARE","25","458","2","F","","analitica","","","PVP sales 2 (4278426,4395480); Storica Analitica visura per immobile - Catasto Fabbricati."
"visura-storica","FM","SANT'ELPIDIO A MARE","25","458","3","F","","analitica","","","PVP sales 2 (4278426,4395480); Storica Analitica visura per immobile - Catasto Fabbricati."
"visura-storica","FM","SANT'ELPIDIO A MARE","25","458","5","F","","analitica","","","PVP sales 2 (4278426,4395480); Storica Analitica visura per immobile - Catasto Fabbricati."
"visura-storica","FM","SANT'ELPIDIO A MARE","25","55","2","F","","analitica","","","PVP sales 1 (743151); Storica Analitica visura per immobile - Catasto Fabbricati."
"visura-storica","FM","SANT'ELPIDIO A MARE","25","55","3","F","","analitica","","","PVP sales 1 (743151); Storica Analitica visura per immobile - Catasto Fabbricati."
"visura-storica","FM","SANT'ELPIDIO A MARE","25","55","4","F","","analitica","","","PVP sales 1 (743151); Storica Analitica visura per immobile - Catasto Fabbricati."
"visura-storica","FM","SANT'ELPIDIO A MARE","25","55","5","F","","analitica","","","PVP sales 1 (743151); Storica Analitica visura per immobile - Catasto Fabbricati."
"visura-storica","FM","SANT'ELPIDIO A MARE","25","55","6","F","","analitica","","","PVP sales 1 (743151); Storica Analitica visura per immobile - Catasto Fabbricati."
"visura-storica","FM","SANT'ELPIDIO A MARE","25","575","3","F","","analitica","","","PVP sales 1 (1919378); Storica Analitica visura per immobile - Catasto Fabbricati."
"visura-storica","FM","SANT'ELPIDIO A MARE","25","575","5","F","","analitica","","","PVP sales 1 (1919378); Storica Analitica visura per immobile - Catasto Fabbricati."
"visura-storica","FM","SANT'ELPIDIO A MARE","25","594","1","F","","analitica","","","PVP sales 2 (2182299,4259818); Storica Analitica visura per immobile - Catasto Fabbricati."
"visura-storica","FM","SANT'ELPIDIO A MARE","25","594","2","F","","analitica","","","PVP sales 1 (4259818); Storica Analitica visura per immobile - Catasto Fabbricati."
"visura-storica","FM","SANT'ELPIDIO A MARE","25","83","11","F","","analitica","","","PVP sales 2 (4355177,4431168); Storica Analitica visura per immobile - Catasto Fabbricati."
"visura-storica","FM","SANT'ELPIDIO A MARE","25","83","2","F","","analitica","","","PVP sales 2 (4355177,4431168); Storica Analitica visura per immobile - Catasto Fabbricati."
"visura-storica","FM","SANT'ELPIDIO A MARE","25","859","","F","","analitica","","","PVP sales 3 (2145255,4217690,4443236); Storica Analitica visura per immobile - Catasto Fabbricati."
"visura-storica","FM","SANT'ELPIDIO A MARE","25","859","","T","","analitica","","","PVP sales 3 (2145255,4217690,4443236); Storica Analitica visura per immobile - Catasto Terreni."
"visura-storica","FM","SANT'ELPIDIO A MARE","25","859","11","F","","analitica","","","PVP sales 3 (2033696,2033769,2256498); Storica Analitica visura per immobile - Catasto Fabbricati."
"visura-storica","FM","SANT'ELPIDIO A MARE","25","859","13","F","","analitica","","","PVP sales 1 (553591); Storica Analitica visura per immobile - Catasto Fabbricati."
"visura-storica","FM","SANT'ELPIDIO A MARE","25","859","14","F","","analitica","","","PVP sales 1 (4230430); Storica Analitica visura per immobile - Catasto Fabbricati."
"visura-storica","FM","SANT'ELPIDIO A MARE","26","123","23","F","","analitica","","","PVP sales 1 (4517602); Storica Analitica visura per immobile - Catasto Fabbricati."
"visura-storica","FM","SANT'ELPIDIO A MARE","26","36","","F","","analitica","","","PVP sales 1 (869396); Storica Analitica visura per immobile - Catasto Fabbricati."
"visura-storica","FM","SANT'ELPIDIO A MARE","26","36","","T","","analitica","","","PVP sales 1 (869396); Storica Analitica visura per immobile - Catasto Terreni."
"visura-storica","FM","SANT'ELPIDIO A MARE","26","36","3","F","","analitica","","","PVP sales 1 (758702); Storica Analitica visura per immobile - Catasto Fabbricati."
"visura-storica","FM","SANT'ELPIDIO A MARE","27","161","3","F","","analitica","","","PVP sales 3 (677556,1421676,1826564); Storica Analitica visura per immobile - Catasto Fabbricati."
"visura-storica","FM","SANT'ELPIDIO A MARE","27","161","4","F","","analitica","","","PVP sales 1 (1421698); Storica Analitica visura per immobile - Catasto Fabbricati."
"visura-storica","FM","SANT'ELPIDIO A MARE","27","161","5","F","","analitica","","","PVP sales 2 (677556,1826564); Storica Analitica visura per immobile - Catasto Fabbricati."
"visura-storica","FM","SANT'ELPIDIO A MARE","27","161","6","F","","analitica","","","PVP sales 1 (1421698); Storica Analitica visura per immobile - Catasto Fabbricati."
"visura-storica","FM","SANT'ELPIDIO A MARE","27","478","23","F","","analitica","","","PVP sales 2 (2222541,4254044); Storica Analitica visura per immobile - Catasto Fabbricati."
"visura-storica","FM","SANT'ELPIDIO A MARE","27","478","5","F","","analitica","","","PVP sales 2 (2222541,4254044); Storica Analitica visura per immobile - Catasto Fabbricati."
"visura-storica","FM","SANT'ELPIDIO A MARE","27","500","16","F","","analitica","","","PVP sales 3 (2061485,2201741,4253467); Storica Analitica visura per immobile - Catasto Fabbricati."
"visura-storica","FM","SANT'ELPIDIO A MARE","27","500","19","F","","analitica","","","PVP sales 1 (510122); Storica Analitica visura per immobile - Catasto Fabbricati."
"visura-storica","FM","SANT'ELPIDIO A MARE","27","500","20","F","","analitica","","","PVP sales 1 (510194); Storica Analitica visura per immobile - Catasto Fabbricati."
"visura-storica","FM","SANT'ELPIDIO A MARE","27","500","21","F","","analitica","","","PVP sales 1 (4503747); Storica Analitica visura per immobile - Catasto Fabbricati."
"visura-storica","FM","SANT'ELPIDIO A MARE","27","500","22","F","","analitica","","","PVP sales 1 (4503747); Storica Analitica visura per immobile - Catasto Fabbricati."
"visura-storica","FM","SANT'ELPIDIO A MARE","27","500","23","F","","analitica","","","PVP sales 1 (4503747); Storica Analitica visura per immobile - Catasto Fabbricati."
"visura-storica","FM","SANT'ELPIDIO A MARE","27","500","5","F","","analitica","","","PVP sales 3 (2061485,2201741,4253467); Storica Analitica visura per immobile - Catasto Fabbricati."
"visura-storica","FM","SANT'ELPIDIO A MARE","27","500","8","F","","analitica","","","PVP sales 1 (509192); Storica Analitica visura per immobile - Catasto Fabbricati."
"visura-storica","FM","SANT'ELPIDIO A MARE","27","500","9","F","","analitica","","","PVP sales 1 (510122); Storica Analitica visura per immobile - Catasto Fabbricati."
"visura-storica","FM","SANT'ELPIDIO A MARE","27","97","","F","","analitica","","","PVP sales 2 (598553,743090); Storica Analitica visura per immobile - Catasto Fabbricati."
"visura-storica","FM","SANT'ELPIDIO A MARE","27","97","","T","","analitica","","","PVP sales 2 (598553,743090); Storica Analitica visura per immobile - Catasto Terreni."
"visura-storica","FM","SANT'ELPIDIO A MARE","28","250","6","F","","analitica","","","PVP sales 1 (1720086); Storica Analitica visura per immobile - Catasto Fabbricati."
"visura-storica","FM","SANT'ELPIDIO A MARE","28","250","7","F","","analitica","","","PVP sales 1 (1720376); Storica Analitica visura per immobile - Catasto Fabbricati."
"visura-storica","FM","SANT'ELPIDIO A MARE","28","266","4","F","","analitica","","","PVP sales 3 (1864266,2035760,2112429); Storica Analitica visura per immobile - Catasto Fabbricati."
"visura-storica","FM","SANT'ELPIDIO A MARE","28","266","5","F","","analitica","","","PVP sales 3 (1864266,2035760,2112429); Storica Analitica visura per immobile - Catasto Fabbricati."
"visura-storica","FM","SANT'ELPIDIO A MARE","3","144","","F","","analitica","","","PVP sales 1 (2085560); Storica Analitica visura per immobile - Catasto Fabbricati."
"visura-storica","FM","SANT'ELPIDIO A MARE","3","144","","T","","analitica","","","PVP sales 1 (2085560); Storica Analitica visura per immobile - Catasto Terreni."
"visura-storica","FM","SANT'ELPIDIO A MARE","3","173","","F","","analitica","","","PVP sales 1 (2086950); Storica Analitica visura per immobile - Catasto Fabbricati."
"visura-storica","FM","SANT'ELPIDIO A MARE","3","173","","T","","analitica","","","PVP sales 1 (2086950); Storica Analitica visura per immobile - Catasto Terreni."
"visura-storica","FM","SANT'ELPIDIO A MARE","33","124","","T","","analitica","","","PVP sales 1 (4555292); Storica Analitica visura per immobile - Catasto Terreni."
"visura-storica","FM","SANT'ELPIDIO A MARE","33","125","","T","","analitica","","","PVP sales 1 (4555292); Storica Analitica visura per immobile - Catasto Terreni."
"visura-storica","FM","SANT'ELPIDIO A MARE","33","182","8","F","","analitica","","","PVP sales 1 (4557237); Storica Analitica visura per immobile - Catasto Fabbricati."
"visura-storica","FM","SANT'ELPIDIO A MARE","33","2","","T","","analitica","","","PVP sales 1 (4555292); Storica Analitica visura per immobile - Catasto Terreni."
"visura-storica","FM","SANT'ELPIDIO A MARE","33","280","","T","","analitica","","","PVP sales 2 (4277338,4446861); Storica Analitica visura per immobile - Catasto Terreni."
"visura-storica","FM","SANT'ELPIDIO A MARE","33","281","","T","","analitica","","","PVP sales 2 (4277338,4446861); Storica Analitica visura per immobile - Catasto Terreni."
"visura-storica","FM","SANT'ELPIDIO A MARE","33","29","","F","","analitica","","","PVP sales 1 (4277338); Storica Analitica visura per immobile - Catasto Fabbricati."
"visura-storica","FM","SANT'ELPIDIO A MARE","33","29","","T","","analitica","","","PVP sales 2 (4277338,4446861); Storica Analitica visura per immobile - Catasto Terreni."
"visura-storica","FM","SANT'ELPIDIO A MARE","33","29","3","F","","analitica","","","PVP sales 2 (4277338,4446861); Storica Analitica visura per immobile - Catasto Fabbricati."
"visura-storica","FM","SANT'ELPIDIO A MARE","33","29","4","F","","analitica","","","PVP sales 2 (4277338,4446861); Storica Analitica visura per immobile - Catasto Fabbricati."
"visura-storica","FM","SANT'ELPIDIO A MARE","33","29","5","F","","analitica","","","PVP sales 2 (4277338,4446861); Storica Analitica visura per immobile - Catasto Fabbricati."
"visura-storica","FM","SANT'ELPIDIO A MARE","33","29","6","F","","analitica","","","PVP sales 2 (4277338,4446861); Storica Analitica visura per immobile - Catasto Fabbricati."
"visura-storica","FM","SANT'ELPIDIO A MARE","33","299","","T","","analitica","","","PVP sales 2 (4277338,4446861); Storica Analitica visura per immobile - Catasto Terreni."
"visura-storica","FM","SANT'ELPIDIO A MARE","33","3","2","F","","analitica","","","PVP sales 1 (4555292); Storica Analitica visura per immobile - Catasto Fabbricati."
"visura-storica","FM","SANT'ELPIDIO A MARE","33","3","3","F","","analitica","","","PVP sales 1 (4555292); Storica Analitica visura per immobile - Catasto Fabbricati."
"visura-storica","FM","SANT'ELPIDIO A MARE","33","4","","F","","analitica","","","PVP sales 1 (4555292); Storica Analitica visura per immobile - Catasto Fabbricati."
"visura-storica","FM","SANT'ELPIDIO A MARE","35","540","14","F","","analitica","","","PVP sales 1 (4445622); Storica Analitica visura per immobile - Catasto Fabbricati."
"visura-storica","FM","SANT'ELPIDIO A MARE","35","540","35","F","","analitica","","","PVP sales 1 (4445622); Storica Analitica visura per immobile - Catasto Fabbricati."
"visura-storica","FM","SANT'ELPIDIO A MARE","37","153","10","F","","analitica","","","PVP sales 3 (4445429,4500650,4555753); Storica Analitica visura per immobile - Catasto Fabbricati."
"visura-storica","FM","SANT'ELPIDIO A MARE","37","153","9","F","","analitica","","","PVP sales 3 (4445429,4500650,4555753); Storica Analitica visura per immobile - Catasto Fabbricati."
"visura-storica","FM","SANT'ELPIDIO A MARE","37","395","","F","","analitica","","","PVP sales 1 (645417); Storica Analitica visura per immobile - Catasto Fabbricati."
"visura-storica","FM","SANT'ELPIDIO A MARE","37","395","","T","","analitica","","","PVP sales 1 (645417); Storica Analitica visura per immobile - Catasto Terreni."
"visura-storica","FM","SANT'ELPIDIO A MARE","37","50","1","F","","analitica","","","PVP sales 1 (4501205); Storica Analitica visura per immobile - Catasto Fabbricati."
"visura-storica","FM","SANT'ELPIDIO A MARE","37","50","44","F","","analitica","","","PVP sales 1 (4501199); Storica Analitica visura per immobile - Catasto Fabbricati."
"visura-storica","FM","SANT'ELPIDIO A MARE","37","571","","F","","analitica","","","PVP sales 1 (645417); Storica Analitica visura per immobile - Catasto Fabbricati."
"visura-storica","FM","SANT'ELPIDIO A MARE","37","571","","T","","analitica","","","PVP sales 1 (645417); Storica Analitica visura per immobile - Catasto Terreni."
"visura-storica","FM","SANT'ELPIDIO A MARE","37","573","","F","","analitica","","","PVP sales 1 (645417); Storica Analitica visura per immobile - Catasto Fabbricati."
"visura-storica","FM","SANT'ELPIDIO A MARE","37","573","","T","","analitica","","","PVP sales 1 (645417); Storica Analitica visura per immobile - Catasto Terreni."
"visura-storica","FM","SANT'ELPIDIO A MARE","37","575","","F","","analitica","","","PVP sales 1 (645417); Storica Analitica visura per immobile - Catasto Fabbricati."
"visura-storica","FM","SANT'ELPIDIO A MARE","37","575","","T","","analitica","","","PVP sales 1 (645417); Storica Analitica visura per immobile - Catasto Terreni."
"visura-storica","FM","SANT'ELPIDIO A MARE","37","629","","F","","analitica","","","PVP sales 2 (4527673,4540684); Storica Analitica visura per immobile - Catasto Fabbricati."
"visura-storica","FM","SANT'ELPIDIO A MARE","37","629","","T","","analitica","","","PVP sales 2 (4527673,4540684); Storica Analitica visura per immobile - Catasto Terreni."
"visura-storica","FM","SANT'ELPIDIO A MARE","37","631","","F","","analitica","","","PVP sales 2 (4527673,4540684); Storica Analitica visura per immobile - Catasto Fabbricati."
"visura-storica","FM","SANT'ELPIDIO A MARE","37","631","","T","","analitica","","","PVP sales 2 (4527673,4540684); Storica Analitica visura per immobile - Catasto Terreni."
"visura-storica","FM","SANT'ELPIDIO A MARE","37","7","12","F","","analitica","","","PVP sales 2 (4527629,4527670); Storica Analitica visura per immobile - Catasto Fabbricati."
"visura-storica","FM","SANT'ELPIDIO A MARE","37","7","2","F","","analitica","","","PVP sales 2 (4281328,4367760); Storica Analitica visura per immobile - Catasto Fabbricati."
"visura-storica","FM","SANT'ELPIDIO A MARE","37","7","3","F","","analitica","","","PVP sales 2 (4281383,4468389); Storica Analitica visura per immobile - Catasto Fabbricati."
"visura-storica","FM","SANT'ELPIDIO A MARE","37","7","6","F","","analitica","","","PVP sales 2 (4527629,4527670); Storica Analitica visura per immobile - Catasto Fabbricati."
"visura-storica","FM","SANT'ELPIDIO A MARE","5","90","5","F","","analitica","","","PVP sales 3 (4230729,4313337,4428807); Storica Analitica visura per immobile - Catasto Fabbricati."
"visura-storica","FM","SANT'ELPIDIO A MARE","50","74","12","F","","analitica","","","PVP sales 1 (435068); Storica Analitica visura per immobile - Catasto Fabbricati."
"visura-storica","FM","SANT'ELPIDIO A MARE","50","802","3","F","","analitica","","","PVP sales 1 (290419); Storica Analitica visura per immobile - Catasto Fabbricati."
"visura-storica","FM","SANT'ELPIDIO A MARE","51","145","3","F","","analitica","","","PVP sales 3 (4228303,4369506,4428274); Storica Analitica visura per immobile - Catasto Fabbricati."
"visura-storica","FM","SANT'ELPIDIO A MARE","51","171","","F","","analitica","","","PVP sales 1 (327983); Storica Analitica visura per immobile - Catasto Fabbricati."
"visura-storica","FM","SANT'ELPIDIO A MARE","51","171","","T","","analitica","","","PVP sales 1 (327983); Storica Analitica visura per immobile - Catasto Terreni."
"visura-storica","FM","SANT'ELPIDIO A MARE","51","171","1","F","","analitica","","","PVP sales 5 (450121,451454,556209,922760,947656); Storica Analitica visura per immobile - Catasto Fabbricati."
"visura-storica","FM","SANT'ELPIDIO A MARE","51","171","13","F","","analitica","","","PVP sales 5 (450121,451454,556209,922760,947656); Storica Analitica visura per immobile - Catasto Fabbricati."
"visura-storica","FM","SANT'ELPIDIO A MARE","51","189","190","F","","analitica","","","PVP sales 1 (4462043); Storica Analitica visura per immobile - Catasto Fabbricati."
"visura-storica","FM","SANT'ELPIDIO A MARE","51","463","","F","","analitica","","","PVP sales 1 (1577253); Storica Analitica visura per immobile - Catasto Fabbricati."
"visura-storica","FM","SANT'ELPIDIO A MARE","51","463","","T","","analitica","","","PVP sales 1 (1577253); Storica Analitica visura per immobile - Catasto Terreni."
"visura-storica","FM","SANT'ELPIDIO A MARE","51","474","14","F","","analitica","","","PVP sales 3 (2002810,2086179,2156207); Storica Analitica visura per immobile - Catasto Fabbricati."
"visura-storica","FM","SANT'ELPIDIO A MARE","51","588","28","F","","analitica","","","PVP sales 2 (2060975,4287163); Storica Analitica visura per immobile - Catasto Fabbricati."
"visura-storica","FM","SANT'ELPIDIO A MARE","51","588","35","F","","analitica","","","PVP sales 2 (2060975,4287163); Storica Analitica visura per immobile - Catasto Fabbricati."
"visura-storica","FM","SANT'ELPIDIO A MARE","51","589","115","F","","analitica","","","PVP sales 1 (4316724); Storica Analitica visura per immobile - Catasto Fabbricati."
"visura-storica","FM","SANT'ELPIDIO A MARE","51","589","188","F","","analitica","","","PVP sales 5 (1967870,1967993,2054830,4384005,4462043); Storica Analitica visura per immobile - Catasto Fabbricati."
"visura-storica","FM","SANT'ELPIDIO A MARE","51","589","189","F","","analitica","","","PVP sales 5 (1967870,1967993,2054830,4384005,4462043); Storica Analitica visura per immobile - Catasto Fabbricati."
"visura-storica","FM","SANT'ELPIDIO A MARE","51","589","190","F","","analitica","","","PVP sales 4 (1967870,1967993,2054830,4384005); Storica Analitica visura per immobile - Catasto Fabbricati."
"visura-storica","FM","SANT'ELPIDIO A MARE","51","589","88","F","","analitica","","","PVP sales 5 (1967870,1967993,2054830,4384005,4462043); Storica Analitica visura per immobile - Catasto Fabbricati."
"visura-storica","FM","SANT'ELPIDIO A MARE","51","68","","T","","analitica","","","PVP sales 1 (782457); Storica Analitica visura per immobile - Catasto Terreni."
"visura-storica","FM","SANT'ELPIDIO A MARE","51","685","22","F","","analitica","","","PVP sales 2 (2121233,2168270); Storica Analitica visura per immobile - Catasto Fabbricati."
"visura-storica","FM","SANT'ELPIDIO A MARE","51","685","23","F","","analitica","","","PVP sales 1 (2168270); Storica Analitica visura per immobile - Catasto Fabbricati."
"visura-storica","FM","SANT'ELPIDIO A MARE","51","69","4","F","","analitica","","","PVP sales 1 (782457); Storica Analitica visura per immobile - Catasto Fabbricati."
"visura-storica","FM","SANT'ELPIDIO A MARE","51","696","","F","","analitica","","","PVP sales 1 (4441385); Storica Analitica visura per immobile - Catasto Fabbricati."
"visura-storica","FM","SANT'ELPIDIO A MARE","51","696","","T","","analitica","","","PVP sales 1 (4441385); Storica Analitica visura per immobile - Catasto Terreni."
"visura-storica","FM","SANT'ELPIDIO A MARE","51","696","3","F","","analitica","","","PVP sales 3 (2105452,4441378,4489356); Storica Analitica visura per immobile - Catasto Fabbricati."
"visura-storica","FM","SANT'ELPIDIO A MARE","51","696","4","F","","analitica","","","PVP sales 4 (2105458,4441381,4489361,4530595); Storica Analitica visura per immobile - Catasto Fabbricati."
"visura-storica","FM","SANT'ELPIDIO A MARE","51","696","6","F","","analitica","","","PVP sales 3 (2105460,4441382,4489389); Storica Analitica visura per immobile - Catasto Fabbricati."
"visura-storica","FM","SANT'ELPIDIO A MARE","51","696","8","F","","analitica","","","PVP sales 3 (4376663,4489401,4530652); Storica Analitica visura per immobile - Catasto Fabbricati."
"visura-storica","FM","SANT'ELPIDIO A MARE","51","696","9","F","","analitica","","","PVP sales 5 (2105465,4376648,4441390,4489410,4530706); Storica Analitica visura per immobile - Catasto Fabbricati."
"visura-storica","FM","SANT'ELPIDIO A MARE","51","772","24","F","","analitica","","","PVP sales 1 (1707551); Storica Analitica visura per immobile - Catasto Fabbricati."
"visura-storica","FM","SANT'ELPIDIO A MARE","51","772","8","F","","analitica","","","PVP sales 1 (1707551); Storica Analitica visura per immobile - Catasto Fabbricati."
"visura-storica","FM","SANT'ELPIDIO A MARE","51","933","","T","","analitica","","","PVP sales 1 (782457); Storica Analitica visura per immobile - Catasto Terreni."
"visura-storica","FM","SANT'ELPIDIO A MARE","51","934","","T","","analitica","","","PVP sales 1 (782457); Storica Analitica visura per immobile - Catasto Terreni."
"visura-storica","FM","SANT'ELPIDIO A MARE","52","220","","F","","analitica","","","PVP sales 1 (4513368); Storica Analitica visura per immobile - Catasto Fabbricati."
"visura-storica","FM","SANT'ELPIDIO A MARE","52","220","","T","","analitica","","","PVP sales 1 (4513368); Storica Analitica visura per immobile - Catasto Terreni."
"visura-storica","FM","SANT'ELPIDIO A MARE","52","221","7","F","","analitica","","","PVP sales 1 (4513368); Storica Analitica visura per immobile - Catasto Fabbricati."
"visura-storica","FM","SANT'ELPIDIO A MARE","52","223","","F","","analitica","","","PVP sales 1 (4513368); Storica Analitica visura per immobile - Catasto Fabbricati."
"visura-storica","FM","SANT'ELPIDIO A MARE","52","223","","T","","analitica","","","PVP sales 1 (4513368); Storica Analitica visura per immobile - Catasto Terreni."
"visura-storica","FM","SANT'ELPIDIO A MARE","52","224","","F","","analitica","","","PVP sales 1 (4513404); Storica Analitica visura per immobile - Catasto Fabbricati."
"visura-storica","FM","SANT'ELPIDIO A MARE","52","224","","T","","analitica","","","PVP sales 1 (4513404); Storica Analitica visura per immobile - Catasto Terreni."
"visura-storica","FM","SANT'ELPIDIO A MARE","52","552","","T","","analitica","","","PVP sales 2 (4493579,4573042); Storica Analitica visura per immobile - Catasto Terreni."
"visura-storica","FM","SANT'ELPIDIO A MARE","52","553","","T","","analitica","","","PVP sales 2 (4493579,4573042); Storica Analitica visura per immobile - Catasto Terreni."
"visura-storica","FM","SANT'ELPIDIO A MARE","56","102","4","F","","analitica","","","PVP sales 1 (2090715); Storica Analitica visura per immobile - Catasto Fabbricati."
"visura-storica","FM","SANT'ELPIDIO A MARE","56","102","9","F","","analitica","","","PVP sales 1 (2090715); Storica Analitica visura per immobile - Catasto Fabbricati."
"visura-storica","FM","SANT'ELPIDIO A MARE","56","111","2","F","","analitica","","","PVP sales 2 (4479202,4479215); Storica Analitica visura per immobile - Catasto Fabbricati."
"visura-storica","FM","SANT'ELPIDIO A MARE","56","111","4","F","","analitica","","","PVP sales 2 (4479202,4479215); Storica Analitica visura per immobile - Catasto Fabbricati."
"visura-storica","FM","SANT'ELPIDIO A MARE","59","206","","F","","analitica","","","PVP sales 1 (947913); Storica Analitica visura per immobile - Catasto Fabbricati."
"visura-storica","FM","SANT'ELPIDIO A MARE","59","206","","T","","analitica","","","PVP sales 1 (947913); Storica Analitica visura per immobile - Catasto Terreni."
"visura-storica","FM","SANT'ELPIDIO A MARE","59","206","26","F","","analitica","","","PVP sales 1 (630183); Storica Analitica visura per immobile - Catasto Fabbricati."
"visura-storica","FM","SANT'ELPIDIO A MARE","59","206","27","F","","analitica","","","PVP sales 1 (630183); Storica Analitica visura per immobile - Catasto Fabbricati."
"visura-storica","FM","SANT'ELPIDIO A MARE","59","206","7","F","","analitica","","","PVP sales 2 (630183,947913); Storica Analitica visura per immobile - Catasto Fabbricati."
"visura-storica","FM","SANT'ELPIDIO A MARE","59","233","","F","","analitica","","","PVP sales 1 (2121143); Storica Analitica visura per immobile - Catasto Fabbricati."
"visura-storica","FM","SANT'ELPIDIO A MARE","59","233","","T","","analitica","","","PVP sales 1 (2121143); Storica Analitica visura per immobile - Catasto Terreni."
"visura-storica","FM","SANT'ELPIDIO A MARE","59","292","","F","","analitica","","","PVP sales 2 (1977362,2191515); Storica Analitica visura per immobile - Catasto Fabbricati."
"visura-storica","FM","SANT'ELPIDIO A MARE","59","292","","T","","analitica","","","PVP sales 2 (1977362,2191515); Storica Analitica visura per immobile - Catasto Terreni."
"visura-storica","FM","SANT'ELPIDIO A MARE","59","490","27","F","","analitica","","","PVP sales 1 (4566584); Storica Analitica visura per immobile - Catasto Fabbricati."
"visura-storica","FM","SANT'ELPIDIO A MARE","6","13","1","F","","analitica","","","PVP sales 1 (1788402); Storica Analitica visura per immobile - Catasto Fabbricati."
"visura-storica","FM","SANT'ELPIDIO A MARE","6","13","2","F","","analitica","","","PVP sales 1 (1788402); Storica Analitica visura per immobile - Catasto Fabbricati."
"visura-storica","FM","SANT'ELPIDIO A MARE","6","13","3","F","","analitica","","","PVP sales 1 (1788402); Storica Analitica visura per immobile - Catasto Fabbricati."
"visura-storica","FM","SANT'ELPIDIO A MARE","6","148","","F","","analitica","","","PVP sales 1 (1788402); Storica Analitica visura per immobile - Catasto Fabbricati."
"visura-storica","FM","SANT'ELPIDIO A MARE","6","148","","T","","analitica","","","PVP sales 1 (1788402); Storica Analitica visura per immobile - Catasto Terreni."
"visura-storica","FM","SANT'ELPIDIO A MARE","6","213","1","F","","analitica","","","PVP sales 1 (1788402); Storica Analitica visura per immobile - Catasto Fabbricati."
"visura-storica","FM","SANT'ELPIDIO A MARE","60","1035","","F","","analitica","","","PVP sales 1 (4284451); Storica Analitica visura per immobile - Catasto Fabbricati."
"visura-storica","FM","SANT'ELPIDIO A MARE","60","1035","","T","","analitica","","","PVP sales 1 (4284451); Storica Analitica visura per immobile - Catasto Terreni."
"visura-storica","FM","SANT'ELPIDIO A MARE","60","250","1","F","","analitica","","","PVP sales 1 (2105407); Storica Analitica visura per immobile - Catasto Fabbricati."
"visura-storica","FM","SANT'ELPIDIO A MARE","60","250","2","F","","analitica","","","PVP sales 1 (2105407); Storica Analitica visura per immobile - Catasto Fabbricati."
"visura-storica","FM","SANT'ELPIDIO A MARE","60","250","3","F","","analitica","","","PVP sales 1 (2105407); Storica Analitica visura per immobile - Catasto Fabbricati."
"visura-storica","FM","SANT'ELPIDIO A MARE","60","286","10","F","","analitica","","","PVP sales 2 (2174869,4350393); Storica Analitica visura per immobile - Catasto Fabbricati."
"visura-storica","FM","SANT'ELPIDIO A MARE","60","288","10","F","","analitica","","","PVP sales 3 (1455653,2188756,4533517); Storica Analitica visura per immobile - Catasto Fabbricati."
"visura-storica","FM","SANT'ELPIDIO A MARE","60","288","11","F","","analitica","","","PVP sales 3 (1455653,2188756,4533517); Storica Analitica visura per immobile - Catasto Fabbricati."
"visura-storica","FM","SANT'ELPIDIO A MARE","60","288","12","F","","analitica","","","PVP sales 4 (1455653,2188756,4501536,4533517); Storica Analitica visura per immobile - Catasto Fabbricati."
"visura-storica","FM","SANT'ELPIDIO A MARE","60","288","3","F","","analitica","","","PVP sales 2 (1455852,2188852); Storica Analitica visura per immobile - Catasto Fabbricati."
"visura-storica","FM","SANT'ELPIDIO A MARE","60","288","4","F","","analitica","","","PVP sales 2 (1455852,2188852); Storica Analitica visura per immobile - Catasto Fabbricati."
"visura-storica","FM","SANT'ELPIDIO A MARE","60","288","6","F","","analitica","","","PVP sales 1 (1455871); Storica Analitica visura per immobile - Catasto Fabbricati."
"visura-storica","FM","SANT'ELPIDIO A MARE","60","345","1","F","","analitica","","","PVP sales 1 (2207777); Storica Analitica visura per immobile - Catasto Fabbricati."
"visura-storica","FM","SANT'ELPIDIO A MARE","60","345","2","F","","analitica","","","PVP sales 1 (2207777); Storica Analitica visura per immobile - Catasto Fabbricati."
"visura-storica","FM","SANT'ELPIDIO A MARE","60","345","3","F","","analitica","","","PVP sales 1 (2207777); Storica Analitica visura per immobile - Catasto Fabbricati."
"visura-storica","FM","SANT'ELPIDIO A MARE","60","347","","F","","analitica","","","PVP sales 1 (2207777); Storica Analitica visura per immobile - Catasto Fabbricati."
"visura-storica","FM","SANT'ELPIDIO A MARE","60","347","","T","","analitica","","","PVP sales 1 (2207777); Storica Analitica visura per immobile - Catasto Terreni."
"visura-storica","FM","SANT'ELPIDIO A MARE","60","404","","F","","analitica","","","PVP sales 1 (2105407); Storica Analitica visura per immobile - Catasto Fabbricati."
"visura-storica","FM","SANT'ELPIDIO A MARE","60","404","","T","","analitica","","","PVP sales 1 (2105407); Storica Analitica visura per immobile - Catasto Terreni."
"visura-storica","FM","SANT'ELPIDIO A MARE","60","420","","F","","analitica","","","PVP sales 4 (4552833,4552894,4552922,4552952); Storica Analitica visura per immobile - Catasto Fabbricati."
"visura-storica","FM","SANT'ELPIDIO A MARE","60","479","3","F","","analitica","","","PVP sales 2 (4472923,4515743); Storica Analitica visura per immobile - Catasto Fabbricati."
"visura-storica","FM","SANT'ELPIDIO A MARE","60","479","4","F","","analitica","","","PVP sales 2 (4472923,4515743); Storica Analitica visura per immobile - Catasto Fabbricati."
"visura-storica","FM","SANT'ELPIDIO A MARE","60","479","5","F","","analitica","","","PVP sales 2 (4472923,4515743); Storica Analitica visura per immobile - Catasto Fabbricati."
"visura-storica","FM","SANT'ELPIDIO A MARE","60","479","6","F","","analitica","","","PVP sales 2 (4472923,4515743); Storica Analitica visura per immobile - Catasto Fabbricati."
"visura-storica","FM","SANT'ELPIDIO A MARE","60","560","","F","","analitica","","","PVP sales 1 (4284451); Storica Analitica visura per immobile - Catasto Fabbricati."
"visura-storica","FM","SANT'ELPIDIO A MARE","60","560","","T","","analitica","","","PVP sales 1 (4284451); Storica Analitica visura per immobile - Catasto Terreni."
"visura-storica","FM","SANT'ELPIDIO A MARE","60","57","","F","","analitica","","","PVP sales 1 (4284451); Storica Analitica visura per immobile - Catasto Fabbricati."
"visura-storica","FM","SANT'ELPIDIO A MARE","60","57","","T","","analitica","","","PVP sales 1 (4284451); Storica Analitica visura per immobile - Catasto Terreni."
"visura-storica","FM","SANT'ELPIDIO A MARE","60","600","2","F","","analitica","","","PVP sales 1 (421139); Storica Analitica visura per immobile - Catasto Fabbricati."
"visura-storica","FM","SANT'ELPIDIO A MARE","60","600","3","F","","analitica","","","PVP sales 1 (421139); Storica Analitica visura per immobile - Catasto Fabbricati."
"visura-storica","FM","SANT'ELPIDIO A MARE","60","600","5","F","","analitica","","","PVP sales 1 (421139); Storica Analitica visura per immobile - Catasto Fabbricati."
"visura-storica","FM","SANT'ELPIDIO A MARE","60","600","6","F","","analitica","","","PVP sales 1 (421139); Storica Analitica visura per immobile - Catasto Fabbricati."
"visura-storica","FM","SANT'ELPIDIO A MARE","60","697","","F","","analitica","","","PVP sales 1 (421139); Storica Analitica visura per immobile - Catasto Fabbricati."
"visura-storica","FM","SANT'ELPIDIO A MARE","60","697","","T","","analitica","","","PVP sales 1 (421139); Storica Analitica visura per immobile - Catasto Terreni."
"visura-storica","FM","SANT'ELPIDIO A MARE","60","801","","F","","analitica","","","PVP sales 1 (421139); Storica Analitica visura per immobile - Catasto Fabbricati."
"visura-storica","FM","SANT'ELPIDIO A MARE","60","801","","T","","analitica","","","PVP sales 1 (421139); Storica Analitica visura per immobile - Catasto Terreni."
"visura-storica","FM","SANT'ELPIDIO A MARE","60","802","2","F","","analitica","","","PVP sales 2 (289800,290419); Storica Analitica visura per immobile - Catasto Fabbricati."
"visura-storica","FM","SANT'ELPIDIO A MARE","60","862","","F","","analitica","","","PVP sales 1 (4284451); Storica Analitica visura per immobile - Catasto Fabbricati."
"visura-storica","FM","SANT'ELPIDIO A MARE","60","862","","T","","analitica","","","PVP sales 1 (4284451); Storica Analitica visura per immobile - Catasto Terreni."
"visura-storica","FM","SANT'ELPIDIO A MARE","60","866","","F","","analitica","","","PVP sales 1 (4284451); Storica Analitica visura per immobile - Catasto Fabbricati."
"visura-storica","FM","SANT'ELPIDIO A MARE","60","866","","T","","analitica","","","PVP sales 1 (4284451); Storica Analitica visura per immobile - Catasto Terreni."
"visura-storica","FM","SANT'ELPIDIO A MARE","61","252","","F","","analitica","","","PVP sales 1 (4435734); Storica Analitica visura per immobile - Catasto Fabbricati."
"visura-storica","FM","SANT'ELPIDIO A MARE","61","252","","T","","analitica","","","PVP sales 1 (4435734); Storica Analitica visura per immobile - Catasto Terreni."
"visura-storica","FM","SANT'ELPIDIO A MARE","61","256","","F","","analitica","","","PVP sales 1 (4435734); Storica Analitica visura per immobile - Catasto Fabbricati."
"visura-storica","FM","SANT'ELPIDIO A MARE","61","256","","T","","analitica","","","PVP sales 1 (4435734); Storica Analitica visura per immobile - Catasto Terreni."
"visura-storica","FM","SANT'ELPIDIO A MARE","62","115","","F","","analitica","","","PVP sales 1 (2141858); Storica Analitica visura per immobile - Catasto Fabbricati."
"visura-storica","FM","SANT'ELPIDIO A MARE","62","115","","T","","analitica","","","PVP sales 1 (2141858); Storica Analitica visura per immobile - Catasto Terreni."
"visura-storica","FM","SANT'ELPIDIO A MARE","62","155","","F","","analitica","","","PVP sales 3 (2070868,4265488,4511034); Storica Analitica visura per immobile - Catasto Fabbricati."
"visura-storica","FM","SANT'ELPIDIO A MARE","62","155","","T","","analitica","","","PVP sales 3 (2070868,4265488,4511034); Storica Analitica visura per immobile - Catasto Terreni."
"visura-storica","FM","SANT'ELPIDIO A MARE","62","156","","F","","analitica","","","PVP sales 4 (2070868,2141858,4265488,4511034); Storica Analitica visura per immobile - Catasto Fabbricati."
"visura-storica","FM","SANT'ELPIDIO A MARE","62","156","","T","","analitica","","","PVP sales 4 (2070868,2141858,4265488,4511034); Storica Analitica visura per immobile - Catasto Terreni."
"visura-storica","FM","SANT'ELPIDIO A MARE","62","157","","F","","analitica","","","PVP sales 4 (2070868,2141858,4265488,4511034); Storica Analitica visura per immobile - Catasto Fabbricati."
"visura-storica","FM","SANT'ELPIDIO A MARE","62","157","","T","","analitica","","","PVP sales 4 (2070868,2141858,4265488,4511034); Storica Analitica visura per immobile - Catasto Terreni."
"visura-storica","FM","SANT'ELPIDIO A MARE","62","161","","F","","analitica","","","PVP sales 4 (2070868,2141858,4265488,4511034); Storica Analitica visura per immobile - Catasto Fabbricati."
"visura-storica","FM","SANT'ELPIDIO A MARE","62","161","","T","","analitica","","","PVP sales 4 (2070868,2141858,4265488,4511034); Storica Analitica visura per immobile - Catasto Terreni."
"visura-storica","FM","SANT'ELPIDIO A MARE","62","301","4","F","","analitica","","","PVP sales 1 (342827); Storica Analitica visura per immobile - Catasto Fabbricati."
"visura-storica","FM","SANT'ELPIDIO A MARE","62","301","5","F","","analitica","","","PVP sales 1 (342843); Storica Analitica visura per immobile - Catasto Fabbricati."
"visura-storica","FM","SANT'ELPIDIO A MARE","62","301","6","F","","analitica","","","PVP sales 1 (342809); Storica Analitica visura per immobile - Catasto Fabbricati."
"visura-storica","FM","SANT'ELPIDIO A MARE","62","301","7","F","","analitica","","","PVP sales 1 (343618); Storica Analitica visura per immobile - Catasto Fabbricati."
"visura-storica","FM","SANT'ELPIDIO A MARE","62","604","","F","","analitica","","","PVP sales 1 (4464552); Storica Analitica visura per immobile - Catasto Fabbricati."
"visura-storica","FM","SANT'ELPIDIO A MARE","62","604","","T","","analitica","","","PVP sales 1 (4464552); Storica Analitica visura per immobile - Catasto Terreni."
"visura-storica","FM","SANT'ELPIDIO A MARE","62","631","17","F","","analitica","","","PVP sales 1 (4287460); Storica Analitica visura per immobile - Catasto Fabbricati."
"visura-storica","FM","SANT'ELPIDIO A MARE","62","631","22","F","","analitica","","","PVP sales 3 (2027652,2111171,2190876); Storica Analitica visura per immobile - Catasto Fabbricati."
"visura-storica","FM","SANT'ELPIDIO A MARE","62","631","5","F","","analitica","","","PVP sales 3 (2027652,2111171,2190876); Storica Analitica visura per immobile - Catasto Fabbricati."
"visura-storica","FM","SANT'ELPIDIO A MARE","62","631","7","F","","analitica","","","PVP sales 1 (4287460); Storica Analitica visura per immobile - Catasto Fabbricati."
"visura-storica","FM","SANT'ELPIDIO A MARE","65","120","","F","","analitica","","","PVP sales 1 (2245100); Storica Analitica visura per immobile - Catasto Fabbricati."
"visura-storica","FM","SANT'ELPIDIO A MARE","65","120","","T","","analitica","","","PVP sales 1 (2245100); Storica Analitica visura per immobile - Catasto Terreni."
"visura-storica","FM","SANT'ELPIDIO A MARE","65","122","","F","","analitica","","","PVP sales 1 (2245100); Storica Analitica visura per immobile - Catasto Fabbricati."
"visura-storica","FM","SANT'ELPIDIO A MARE","65","122","","T","","analitica","","","PVP sales 1 (2245100); Storica Analitica visura per immobile - Catasto Terreni."
"visura-storica","FM","SANT'ELPIDIO A MARE","65","124","","F","","analitica","","","PVP sales 1 (2245100); Storica Analitica visura per immobile - Catasto Fabbricati."
"visura-storica","FM","SANT'ELPIDIO A MARE","65","124","","T","","analitica","","","PVP sales 1 (2245100); Storica Analitica visura per immobile - Catasto Terreni."
"visura-storica","FM","SANT'ELPIDIO A MARE","65","213","","F","","analitica","","","PVP sales 1 (2245100); Storica Analitica visura per immobile - Catasto Fabbricati."
"visura-storica","FM","SANT'ELPIDIO A MARE","65","213","","T","","analitica","","","PVP sales 1 (2245100); Storica Analitica visura per immobile - Catasto Terreni."
"visura-storica","FM","SANT'ELPIDIO A MARE","65","215","","F","","analitica","","","PVP sales 1 (2245100); Storica Analitica visura per immobile - Catasto Fabbricati."
"visura-storica","FM","SANT'ELPIDIO A MARE","65","215","","T","","analitica","","","PVP sales 1 (2245100); Storica Analitica visura per immobile - Catasto Terreni."
"visura-storica","FM","SANT'ELPIDIO A MARE","65","222","","F","","analitica","","","PVP sales 1 (2245100); Storica Analitica visura per immobile - Catasto Fabbricati."
"visura-storica","FM","SANT'ELPIDIO A MARE","65","222","","T","","analitica","","","PVP sales 1 (2245100); Storica Analitica visura per immobile - Catasto Terreni."
"visura-storica","FM","SANT'ELPIDIO A MARE","65","229","","F","","analitica","","","PVP sales 1 (2245100); Storica Analitica visura per immobile - Catasto Fabbricati."
"visura-storica","FM","SANT'ELPIDIO A MARE","65","229","","T","","analitica","","","PVP sales 1 (2245100); Storica Analitica visura per immobile - Catasto Terreni."
"visura-storica","FM","SANT'ELPIDIO A MARE","69","365","2","F","","analitica","","","PVP sales 4 (495465,651539,1644828,1961189); Storica Analitica visura per immobile - Catasto Fabbricati."
"visura-storica","FM","SANT'ELPIDIO A MARE","69","365","3","F","","analitica","","","PVP sales 4 (495465,651539,1644828,1961189); Storica Analitica visura per immobile - Catasto Fabbricati."
"visura-storica","FM","SANT'ELPIDIO A MARE","69","365","4","F","","analitica","","","PVP sales 4 (495465,651539,1644828,1961189); Storica Analitica visura per immobile - Catasto Fabbricati."
"visura-storica","FM","SANT'ELPIDIO A MARE","69","365","5","F","","analitica","","","PVP sales 4 (495465,651539,1644828,1961189); Storica Analitica visura per immobile - Catasto Fabbricati."
"visura-storica","FM","SANT'ELPIDIO A MARE","69","429","","F","","analitica","","","PVP sales 1 (2157054); Storica Analitica visura per immobile - Catasto Fabbricati."
"visura-storica","FM","SANT'ELPIDIO A MARE","69","429","","T","","analitica","","","PVP sales 1 (2157054); Storica Analitica visura per immobile - Catasto Terreni."
"visura-storica","FM","SANT'ELPIDIO A MARE","7","107","17","F","","analitica","","","PVP sales 1 (2211125); Storica Analitica visura per immobile - Catasto Fabbricati."
"visura-storica","FM","SANT'ELPIDIO A MARE","7","107","23","F","","analitica","","","PVP sales 3 (4454052,4501187,4555129); Storica Analitica visura per immobile - Catasto Fabbricati."
"visura-storica","FM","SANT'ELPIDIO A MARE","7","107","27","F","","analitica","","","PVP sales 3 (4454053,4501211,4555112); Storica Analitica visura per immobile - Catasto Fabbricati."
"visura-storica","FM","SANT'ELPIDIO A MARE","7","107","30","F","","analitica","","","PVP sales 3 (4454057,4501234,4555136); Storica Analitica visura per immobile - Catasto Fabbricati."
"visura-storica","FM","SANT'ELPIDIO A MARE","7","107","31","F","","analitica","","","PVP sales 3 (4454057,4501234,4555136); Storica Analitica visura per immobile - Catasto Fabbricati."
"visura-storica","FM","SANT'ELPIDIO A MARE","7","107","32","F","","analitica","","","PVP sales 3 (4454057,4501234,4555136); Storica Analitica visura per immobile - Catasto Fabbricati."
"visura-storica","FM","SANT'ELPIDIO A MARE","7","107","33","F","","analitica","","","PVP sales 3 (4454057,4501234,4555136); Storica Analitica visura per immobile - Catasto Fabbricati."
"visura-storica","FM","SANT'ELPIDIO A MARE","7","107","34","F","","analitica","","","PVP sales 3 (4454057,4501234,4555136); Storica Analitica visura per immobile - Catasto Fabbricati."
"visura-storica","FM","SANT'ELPIDIO A MARE","7","107","35","F","","analitica","","","PVP sales 3 (4454057,4501234,4555136); Storica Analitica visura per immobile - Catasto Fabbricati."
"visura-storica","FM","SANT'ELPIDIO A MARE","7","107","36","F","","analitica","","","PVP sales 3 (4454057,4501234,4555136); Storica Analitica visura per immobile - Catasto Fabbricati."
"visura-storica","FM","SANT'ELPIDIO A MARE","7","107","37","F","","analitica","","","PVP sales 3 (4454057,4501234,4555136); Storica Analitica visura per immobile - Catasto Fabbricati."
"visura-storica","FM","SANT'ELPIDIO A MARE","7","107","41","F","","analitica","","","PVP sales 3 (4454042,4501226,4555140); Storica Analitica visura per immobile - Catasto Fabbricati."
"visura-storica","FM","SANT'ELPIDIO A MARE","7","107","42","F","","analitica","","","PVP sales 3 (4454042,4501226,4555140); Storica Analitica visura per immobile - Catasto Fabbricati."
"visura-storica","FM","SANT'ELPIDIO A MARE","7","107","43","F","","analitica","","","PVP sales 3 (4454042,4501226,4555140); Storica Analitica visura per immobile - Catasto Fabbricati."
"visura-storica","FM","SANT'ELPIDIO A MARE","7","107","44","F","","analitica","","","PVP sales 3 (4454042,4501226,4555140); Storica Analitica visura per immobile - Catasto Fabbricati."
"visura-storica","FM","SANT'ELPIDIO A MARE","7","107","45","F","","analitica","","","PVP sales 3 (4454042,4501226,4555140); Storica Analitica visura per immobile - Catasto Fabbricati."
"visura-storica","FM","SANT'ELPIDIO A MARE","7","107","46","F","","analitica","","","PVP sales 3 (4454042,4501226,4555140); Storica Analitica visura per immobile - Catasto Fabbricati."
"visura-storica","FM","SANT'ELPIDIO A MARE","7","107","47","F","","analitica","","","PVP sales 3 (4454042,4501226,4555140); Storica Analitica visura per immobile - Catasto Fabbricati."
"visura-storica","FM","SANT'ELPIDIO A MARE","7","107","48","F","","analitica","","","PVP sales 3 (4454042,4501226,4555140); Storica Analitica visura per immobile - Catasto Fabbricati."
"visura-storica","FM","SANT'ELPIDIO A MARE","7","107","52","F","","analitica","","","PVP sales 3 (4454042,4501226,4555140); Storica Analitica visura per immobile - Catasto Fabbricati."
"visura-storica","FM","SANT'ELPIDIO A MARE","7","107","53","F","","analitica","","","PVP sales 3 (4454042,4501226,4555140); Storica Analitica visura per immobile - Catasto Fabbricati."
"visura-storica","FM","SANT'ELPIDIO A MARE","7","107","58","F","","analitica","","","PVP sales 2 (4454031,4501168); Storica Analitica visura per immobile - Catasto Fabbricati."
"visura-storica","FM","SANT'ELPIDIO A MARE","7","107","73","F","","analitica","","","PVP sales 2 (4454055,4501217); Storica Analitica visura per immobile - Catasto Fabbricati."
"visura-storica","FM","SANT'ELPIDIO A MARE","7","107","74","F","","analitica","","","PVP sales 2 (4454056,4501232); Storica Analitica visura per immobile - Catasto Fabbricati."
"visura-storica","FM","SANT'ELPIDIO A MARE","7","107","8","F","","analitica","","","PVP sales 1 (2211125); Storica Analitica visura per immobile - Catasto Fabbricati."
"visura-storica","FM","SANT'ELPIDIO A MARE","7","107","81","F","","analitica","","","PVP sales 2 (4454031,4501168); Storica Analitica visura per immobile - Catasto Fabbricati."
"visura-storica","FM","SANT'ELPIDIO A MARE","70","131","3","F","","analitica","","","PVP sales 1 (4361673); Storica Analitica visura per immobile - Catasto Fabbricati."
"visura-storica","FM","SANT'ELPIDIO A MARE","70","501","2","F","","analitica","","","PVP sales 1 (4253351); Storica Analitica visura per immobile - Catasto Fabbricati."
"visura-storica","FM","SANT'ELPIDIO A MARE","70","501","3","F","","analitica","","","PVP sales 1 (4253348); Storica Analitica visura per immobile - Catasto Fabbricati."
"visura-storica","FM","SANT'ELPIDIO A MARE","70","501","4","F","","analitica","","","PVP sales 1 (4253348); Storica Analitica visura per immobile - Catasto Fabbricati."
"visura-storica","FM","SANT'ELPIDIO A MARE","70","501","7","F","","analitica","","","PVP sales 1 (4253351); Storica Analitica visura per immobile - Catasto Fabbricati."
"visura-storica","FM","SANT'ELPIDIO A MARE","71","97","11","F","","analitica","","","PVP sales 2 (1748250,1924769); Storica Analitica visura per immobile - Catasto Fabbricati."
"visura-storica","FM","SANT'ELPIDIO A MARE","74","130","7","F","","analitica","","","PVP sales 2 (4248099,4434215); Storica Analitica visura per immobile - Catasto Fabbricati."
"visura-storica","FM","SANT'ELPIDIO A MARE","75","423","2","F","","analitica","","","PVP sales 1 (4449815); Storica Analitica visura per immobile - Catasto Fabbricati."
"visura-storica","FM","SANT'ELPIDIO A MARE","75","423","3","F","","analitica","","","PVP sales 1 (4449815); Storica Analitica visura per immobile - Catasto Fabbricati."
"visura-storica","FM","SANT'ELPIDIO A MARE","75","448","","F","","analitica","","","PVP sales 1 (4449828); Storica Analitica visura per immobile - Catasto Fabbricati."
"visura-storica","FM","SANT'ELPIDIO A MARE","75","448","","T","","analitica","","","PVP sales 1 (4449828); Storica Analitica visura per immobile - Catasto Terreni."
"visura-storica","FM","SANT'ELPIDIO A MARE","75","449","","F","","analitica","","","PVP sales 1 (4449815); Storica Analitica visura per immobile - Catasto Fabbricati."
"visura-storica","FM","SANT'ELPIDIO A MARE","75","449","","T","","analitica","","","PVP sales 1 (4449815); Storica Analitica visura per immobile - Catasto Terreni."
"visura-storica","FM","SANT'ELPIDIO A MARE","75","450","","F","","analitica","","","PVP sales 1 (4449828); Storica Analitica visura per immobile - Catasto Fabbricati."
"visura-storica","FM","SANT'ELPIDIO A MARE","75","450","","T","","analitica","","","PVP sales 1 (4449828); Storica Analitica visura per immobile - Catasto Terreni."
"visura-storica","FM","SANT'ELPIDIO A MARE","76","19","15","F","","analitica","","","PVP sales 1 (566791); Storica Analitica visura per immobile - Catasto Fabbricati."
"visura-storica","FM","SANT'ELPIDIO A MARE","76","19","29","F","","analitica","","","PVP sales 1 (566791); Storica Analitica visura per immobile - Catasto Fabbricati."
"visura-storica","FM","SANT'ELPIDIO A MARE","76","19","44","F","","analitica","","","PVP sales 1 (566791); Storica Analitica visura per immobile - Catasto Fabbricati."
"visura-storica","FM","SANT'ELPIDIO A MARE","76","206","","F","","analitica","","","PVP sales 1 (4247002); Storica Analitica visura per immobile - Catasto Fabbricati."
"visura-storica","FM","SANT'ELPIDIO A MARE","76","206","","T","","analitica","","","PVP sales 1 (4247002); Storica Analitica visura per immobile - Catasto Terreni."
"visura-storica","FM","SANT'ELPIDIO A MARE","76","83","11","F","","analitica","","","PVP sales 1 (4247002); Storica Analitica visura per immobile - Catasto Fabbricati."
"visura-storica","FM","SANT'ELPIDIO A MARE","76","83","6","F","","analitica","","","PVP sales 1 (4247002); Storica Analitica visura per immobile - Catasto Fabbricati."
"visura-storica","FM","SANT'ELPIDIO A MARE","76","83","8","F","","analitica","","","PVP sales 1 (4247002); Storica Analitica visura per immobile - Catasto Fabbricati."
"visura-storica","FM","SANT'ELPIDIO A MARE","8","19","32","F","","analitica","","","PVP sales 1 (820735); Storica Analitica visura per immobile - Catasto Fabbricati."
"visura-storica","FM","SANT'ELPIDIO A MARE","8","207","16","F","","analitica","","","PVP sales 2 (2125790,2125878); Storica Analitica visura per immobile - Catasto Fabbricati."
"visura-storica","FM","SANT'ELPIDIO A MARE","8","207","18","F","","analitica","","","PVP sales 2 (2125790,2125878); Storica Analitica visura per immobile - Catasto Fabbricati."
"visura-storica","FM","SANT'ELPIDIO A MARE","8","300","3","F","","analitica","","","PVP sales 1 (4453192); Storica Analitica visura per immobile - Catasto Fabbricati."
"visura-storica","FM","SANT'ELPIDIO A MARE","8","300","6","F","","analitica","","","PVP sales 1 (4233734); Storica Analitica visura per immobile - Catasto Fabbricati."
"visura-storica","FM","SANT'ELPIDIO A MARE","8","300","7","F","","analitica","","","PVP sales 1 (4453201); Storica Analitica visura per immobile - Catasto Fabbricati."
"visura-storica","FM","SANT'ELPIDIO A MARE","8","316","2","F","","analitica","","","PVP sales 3 (2255560,4409885,4409954); Storica Analitica visura per immobile - Catasto Fabbricati."
"visura-storica","FM","SANTA VITTORIA IN MATENANO","1","269","5","F","","analitica","","","PVP sales 2 (4405958,4405990); Storica Analitica visura per immobile - Catasto Fabbricati."
"visura-storica","FM","SANTA VITTORIA IN MATENANO","1","293","","F","","analitica","","","PVP sales 2 (4405958,4405990); Storica Analitica visura per immobile - Catasto Fabbricati."
"visura-storica","FM","SANTA VITTORIA IN MATENANO","1","293","","T","","analitica","","","PVP sales 2 (4405958,4405990); Storica Analitica visura per immobile - Catasto Terreni."
"visura-storica","FM","SANTA VITTORIA IN MATENANO","1","297","","F","","analitica","","","PVP sales 2 (4405958,4405990); Storica Analitica visura per immobile - Catasto Fabbricati."
"visura-storica","FM","SANTA VITTORIA IN MATENANO","1","297","","T","","analitica","","","PVP sales 2 (4405958,4405990); Storica Analitica visura per immobile - Catasto Terreni."
"visura-storica","FM","SANTA VITTORIA IN MATENANO","11","98","2","F","","analitica","","","PVP sales 2 (4251257,4452756); Storica Analitica visura per immobile - Catasto Fabbricati."
"visura-storica","FM","SANTA VITTORIA IN MATENANO","13","476","8","F","","analitica","","","PVP sales 1 (1405913); Storica Analitica visura per immobile - Catasto Fabbricati."
"visura-storica","FM","SANTA VITTORIA IN MATENANO","14","93","","F","","analitica","","","PVP sales 1 (1754343); Storica Analitica visura per immobile - Catasto Fabbricati."
"visura-storica","FM","SANTA VITTORIA IN MATENANO","14","93","","T","","analitica","","","PVP sales 1 (1754343); Storica Analitica visura per immobile - Catasto Terreni."
"visura-storica","FM","SANTA VITTORIA IN MATENANO","14","93","5","F","","analitica","","","PVP sales 2 (1405833,1483718); Storica Analitica visura per immobile - Catasto Fabbricati."
"visura-storica","FM","SANTA VITTORIA IN MATENANO","14","95","","F","","analitica","","","PVP sales 1 (1754343); Storica Analitica visura per immobile - Catasto Fabbricati."
"visura-storica","FM","SANTA VITTORIA IN MATENANO","14","95","","T","","analitica","","","PVP sales 1 (1754343); Storica Analitica visura per immobile - Catasto Terreni."
"visura-storica","FM","SANTA VITTORIA IN MATENANO","14","95","11","F","","analitica","","","PVP sales 2 (1405833,1483718); Storica Analitica visura per immobile - Catasto Fabbricati."
"visura-storica","FM","SANTA VITTORIA IN MATENANO","14","95","6","F","","analitica","","","PVP sales 2 (1405669,1483546); Storica Analitica visura per immobile - Catasto Fabbricati."
"visura-storica","FM","SANTA VITTORIA IN MATENANO","25","274","3","F","","analitica","","","PVP sales 2 (4314506,4390356); Storica Analitica visura per immobile - Catasto Fabbricati."
"visura-storica","FM","SANTA VITTORIA IN MATENANO","25","274","4","F","","analitica","","","PVP sales 2 (4314506,4390356); Storica Analitica visura per immobile - Catasto Fabbricati."
"visura-storica","FM","SANTA VITTORIA IN MATENANO","25","274","5","F","","analitica","","","PVP sales 1 (4314506); Storica Analitica visura per immobile - Catasto Fabbricati."
"visura-storica","FM","SANTA VITTORIA IN MATENANO","25","277","","T","","analitica","","","PVP sales 1 (4314506); Storica Analitica visura per immobile - Catasto Terreni."
"visura-storica","FM","SANTA VITTORIA IN MATENANO","25","340","","T","","analitica","","","PVP sales 1 (4314506); Storica Analitica visura per immobile - Catasto Terreni."
"visura-storica","FM","SANTA VITTORIA IN MATENANO","25","82","","T","","analitica","","","PVP sales 1 (4314506); Storica Analitica visura per immobile - Catasto Terreni."
"visura-storica","FM","SANTA VITTORIA IN MATENANO","5","172","","F","","analitica","","","PVP sales 1 (4284003); Storica Analitica visura per immobile - Catasto Fabbricati."
"visura-storica","FM","SANTA VITTORIA IN MATENANO","5","172","","T","","analitica","","","PVP sales 2 (2141779,4284003); Storica Analitica visura per immobile - Catasto Terreni."
"visura-storica","FM","SANTA VITTORIA IN MATENANO","5","173","","F","","analitica","","","PVP sales 1 (4284003); Storica Analitica visura per immobile - Catasto Fabbricati."
"visura-storica","FM","SANTA VITTORIA IN MATENANO","5","173","","T","","analitica","","","PVP sales 2 (2141779,4284003); Storica Analitica visura per immobile - Catasto Terreni."
"visura-storica","FM","SANTA VITTORIA IN MATENANO","5","261","2","F","","analitica","","","PVP sales 2 (1990238,2141780); Storica Analitica visura per immobile - Catasto Fabbricati."
"visura-storica","FM","SANTA VITTORIA IN MATENANO","5","261","6","F","","analitica","","","PVP sales 2 (1990238,2141780); Storica Analitica visura per immobile - Catasto Fabbricati."
"visura-storica","FM","SANTA VITTORIA IN MATENANO","5","261","7","F","","analitica","","","PVP sales 2 (1990238,2141780); Storica Analitica visura per immobile - Catasto Fabbricati."
"visura-storica","FM","SANTA VITTORIA IN MATENANO","5","261","8","F","","analitica","","","PVP sales 2 (1990238,2141780); Storica Analitica visura per immobile - Catasto Fabbricati."
"visura-storica","FM","SANTA VITTORIA IN MATENANO","5","262","","F","","analitica","","","PVP sales 1 (4284003); Storica Analitica visura per immobile - Catasto Fabbricati."
"visura-storica","FM","SANTA VITTORIA IN MATENANO","5","262","","T","","analitica","","","PVP sales 2 (2141779,4284003); Storica Analitica visura per immobile - Catasto Terreni."
"visura-storica","FM","SANTA VITTORIA IN MATENANO","5","265","","F","","analitica","","","PVP sales 1 (4284003); Storica Analitica visura per immobile - Catasto Fabbricati."
"visura-storica","FM","SANTA VITTORIA IN MATENANO","5","265","","T","","analitica","","","PVP sales 2 (2141779,4284003); Storica Analitica visura per immobile - Catasto Terreni."
"visura-storica","FM","SANTA VITTORIA IN MATENANO","5","266","","F","","analitica","","","PVP sales 1 (4284003); Storica Analitica visura per immobile - Catasto Fabbricati."
"visura-storica","FM","SANTA VITTORIA IN MATENANO","5","266","","T","","analitica","","","PVP sales 2 (2141779,4284003); Storica Analitica visura per immobile - Catasto Terreni."
"visura-storica","FM","SANTA VITTORIA IN MATENANO","5","74","","F","","analitica","","","PVP sales 1 (4284003); Storica Analitica visura per immobile - Catasto Fabbricati."
"visura-storica","FM","SANTA VITTORIA IN MATENANO","5","74","","T","","analitica","","","PVP sales 2 (2141779,4284003); Storica Analitica visura per immobile - Catasto Terreni."
"visura-storica","FM","SANTA VITTORIA IN MATENANO","5","75","","F","","analitica","","","PVP sales 1 (4284003); Storica Analitica visura per immobile - Catasto Fabbricati."
"visura-storica","FM","SANTA VITTORIA IN MATENANO","5","75","","T","","analitica","","","PVP sales 2 (2141779,4284003); Storica Analitica visura per immobile - Catasto Terreni."
"visura-storica","FM","SANTA VITTORIA IN MATENANO","8","143","2","F","","analitica","","","PVP sales 3 (4430065,4495486,4544770); Storica Analitica visura per immobile - Catasto Fabbricati."
"visura-storica","FM","SANTA VITTORIA IN MATENANO","8","143","3","F","","analitica","","","PVP sales 3 (4430065,4495486,4544770); Storica Analitica visura per immobile - Catasto Fabbricati."
"visura-storica","FM","SANTA VITTORIA IN MATENANO","8","143","4","F","","analitica","","","PVP sales 3 (4430065,4495486,4544770); Storica Analitica visura per immobile - Catasto Fabbricati."
"visura-storica","FM","SERVIGLIANO","13","197","","F","","analitica","","","PVP sales 1 (1528645); Storica Analitica visura per immobile - Catasto Fabbricati."
"visura-storica","FM","SERVIGLIANO","13","197","","T","","analitica","","","PVP sales 1 (1528645); Storica Analitica visura per immobile - Catasto Terreni."
"visura-storica","FM","SERVIGLIANO","13","199","","F","","analitica","","","PVP sales 1 (1528645); Storica Analitica visura per immobile - Catasto Fabbricati."
"visura-storica","FM","SERVIGLIANO","13","199","","T","","analitica","","","PVP sales 1 (1528645); Storica Analitica visura per immobile - Catasto Terreni."
"visura-storica","FM","SERVIGLIANO","13","200","","F","","analitica","","","PVP sales 1 (1528645); Storica Analitica visura per immobile - Catasto Fabbricati."
"visura-storica","FM","SERVIGLIANO","13","200","","T","","analitica","","","PVP sales 1 (1528645); Storica Analitica visura per immobile - Catasto Terreni."
"visura-storica","FM","SERVIGLIANO","13","201","","F","","analitica","","","PVP sales 1 (1528645); Storica Analitica visura per immobile - Catasto Fabbricati."
"visura-storica","FM","SERVIGLIANO","13","201","","T","","analitica","","","PVP sales 1 (1528645); Storica Analitica visura per immobile - Catasto Terreni."
"visura-storica","FM","SERVIGLIANO","13","236","","F","","analitica","","","PVP sales 1 (1528645); Storica Analitica visura per immobile - Catasto Fabbricati."
"visura-storica","FM","SERVIGLIANO","13","236","","T","","analitica","","","PVP sales 1 (1528645); Storica Analitica visura per immobile - Catasto Terreni."
"visura-storica","FM","SERVIGLIANO","13","237","","F","","analitica","","","PVP sales 1 (1528645); Storica Analitica visura per immobile - Catasto Fabbricati."
"visura-storica","FM","SERVIGLIANO","13","237","","T","","analitica","","","PVP sales 1 (1528645); Storica Analitica visura per immobile - Catasto Terreni."
"visura-storica","FM","SERVIGLIANO","13","300","","F","","analitica","","","PVP sales 1 (1528645); Storica Analitica visura per immobile - Catasto Fabbricati."
"visura-storica","FM","SERVIGLIANO","13","300","","T","","analitica","","","PVP sales 1 (1528645); Storica Analitica visura per immobile - Catasto Terreni."
"visura-storica","FM","SERVIGLIANO","13","313","","F","","analitica","","","PVP sales 1 (1528645); Storica Analitica visura per immobile - Catasto Fabbricati."
"visura-storica","FM","SERVIGLIANO","13","313","","T","","analitica","","","PVP sales 1 (1528645); Storica Analitica visura per immobile - Catasto Terreni."
"visura-storica","FM","SERVIGLIANO","13","319","","F","","analitica","","","PVP sales 1 (1528645); Storica Analitica visura per immobile - Catasto Fabbricati."
"visura-storica","FM","SERVIGLIANO","13","319","","T","","analitica","","","PVP sales 1 (1528645); Storica Analitica visura per immobile - Catasto Terreni."
"visura-storica","FM","SERVIGLIANO","13","320","","F","","analitica","","","PVP sales 1 (1528645); Storica Analitica visura per immobile - Catasto Fabbricati."
"visura-storica","FM","SERVIGLIANO","13","320","","T","","analitica","","","PVP sales 1 (1528645); Storica Analitica visura per immobile - Catasto Terreni."
"visura-storica","FM","SERVIGLIANO","13","342","","F","","analitica","","","PVP sales 1 (1528645); Storica Analitica visura per immobile - Catasto Fabbricati."
"visura-storica","FM","SERVIGLIANO","13","342","","T","","analitica","","","PVP sales 1 (1528645); Storica Analitica visura per immobile - Catasto Terreni."
"visura-storica","FM","SERVIGLIANO","13","354","","F","","analitica","","","PVP sales 1 (1528645); Storica Analitica visura per immobile - Catasto Fabbricati."
"visura-storica","FM","SERVIGLIANO","13","354","","T","","analitica","","","PVP sales 1 (1528645); Storica Analitica visura per immobile - Catasto Terreni."
"visura-storica","FM","SERVIGLIANO","13","383","","F","","analitica","","","PVP sales 1 (1528645); Storica Analitica visura per immobile - Catasto Fabbricati."
"visura-storica","FM","SERVIGLIANO","13","383","","T","","analitica","","","PVP sales 1 (1528645); Storica Analitica visura per immobile - Catasto Terreni."
"visura-storica","FM","SERVIGLIANO","13","384","","F","","analitica","","","PVP sales 1 (1528645); Storica Analitica visura per immobile - Catasto Fabbricati."
"visura-storica","FM","SERVIGLIANO","13","384","","T","","analitica","","","PVP sales 1 (1528645); Storica Analitica visura per immobile - Catasto Terreni."
"visura-storica","FM","SERVIGLIANO","13","386","","F","","analitica","","","PVP sales 1 (1528645); Storica Analitica visura per immobile - Catasto Fabbricati."
"visura-storica","FM","SERVIGLIANO","13","386","","T","","analitica","","","PVP sales 1 (1528645); Storica Analitica visura per immobile - Catasto Terreni."
"visura-storica","FM","SERVIGLIANO","13","389","","F","","analitica","","","PVP sales 1 (1528645); Storica Analitica visura per immobile - Catasto Fabbricati."
"visura-storica","FM","SERVIGLIANO","13","389","","T","","analitica","","","PVP sales 1 (1528645); Storica Analitica visura per immobile - Catasto Terreni."
"visura-storica","FM","SERVIGLIANO","13","390","","F","","analitica","","","PVP sales 1 (1528645); Storica Analitica visura per immobile - Catasto Fabbricati."
"visura-storica","FM","SERVIGLIANO","13","390","","T","","analitica","","","PVP sales 1 (1528645); Storica Analitica visura per immobile - Catasto Terreni."
"visura-storica","FM","SERVIGLIANO","13","391","","F","","analitica","","","PVP sales 1 (1528645); Storica Analitica visura per immobile - Catasto Fabbricati."
"visura-storica","FM","SERVIGLIANO","13","391","","T","","analitica","","","PVP sales 1 (1528645); Storica Analitica visura per immobile - Catasto Terreni."
"visura-storica","FM","SERVIGLIANO","13","551","","F","","analitica","","","PVP sales 1 (1528645); Storica Analitica visura per immobile - Catasto Fabbricati."
"visura-storica","FM","SERVIGLIANO","13","551","","T","","analitica","","","PVP sales 1 (1528645); Storica Analitica visura per immobile - Catasto Terreni."
"visura-storica","FM","SERVIGLIANO","13","551","197","F","","analitica","","","PVP sales 1 (857595); Storica Analitica visura per immobile - Catasto Fabbricati."
"visura-storica","FM","SERVIGLIANO","13","551","2","F","","analitica","","","PVP sales 1 (857595); Storica Analitica visura per immobile - Catasto Fabbricati."
"visura-storica","FM","SERVIGLIANO","13","551","200","F","","analitica","","","PVP sales 1 (857595); Storica Analitica visura per immobile - Catasto Fabbricati."
"visura-storica","FM","SERVIGLIANO","13","551","236","F","","analitica","","","PVP sales 1 (857595); Storica Analitica visura per immobile - Catasto Fabbricati."
"visura-storica","FM","SERVIGLIANO","13","551","300","F","","analitica","","","PVP sales 1 (857595); Storica Analitica visura per immobile - Catasto Fabbricati."
"visura-storica","FM","SERVIGLIANO","13","551","319","F","","analitica","","","PVP sales 1 (857595); Storica Analitica visura per immobile - Catasto Fabbricati."
"visura-storica","FM","SERVIGLIANO","13","551","342","F","","analitica","","","PVP sales 1 (857595); Storica Analitica visura per immobile - Catasto Fabbricati."
"visura-storica","FM","SERVIGLIANO","13","551","383","F","","analitica","","","PVP sales 1 (857595); Storica Analitica visura per immobile - Catasto Fabbricati."
"visura-storica","FM","SERVIGLIANO","13","551","386","F","","analitica","","","PVP sales 1 (857595); Storica Analitica visura per immobile - Catasto Fabbricati."
"visura-storica","FM","SERVIGLIANO","13","551","390","F","","analitica","","","PVP sales 1 (857595); Storica Analitica visura per immobile - Catasto Fabbricati."
"visura-storica","FM","SERVIGLIANO","13","551","4","F","","analitica","","","PVP sales 1 (857595); Storica Analitica visura per immobile - Catasto Fabbricati."
"visura-storica","FM","SERVIGLIANO","17","122","1","F","","analitica","","","PVP sales 2 (4245184,4441693); Storica Analitica visura per immobile - Catasto Fabbricati."
"visura-storica","FM","SERVIGLIANO","17","122","2","F","","analitica","","","PVP sales 2 (4245184,4441693); Storica Analitica visura per immobile - Catasto Fabbricati."
"visura-storica","FM","SERVIGLIANO","19","128","2","F","","analitica","","","PVP sales 1 (4488414); Storica Analitica visura per immobile - Catasto Fabbricati."
"visura-storica","FM","SERVIGLIANO","19","277","2","F","","analitica","","","PVP sales 1 (4488414); Storica Analitica visura per immobile - Catasto Fabbricati."
"visura-storica","FM","SERVIGLIANO","2","195","3","F","","analitica","","","PVP sales 2 (4260742,4411728); Storica Analitica visura per immobile - Catasto Fabbricati."
"visura-storica","FM","SERVIGLIANO","2","240","13","F","","analitica","","","PVP sales 1 (1758502); Storica Analitica visura per immobile - Catasto Fabbricati."
"visura-storica","FM","SERVIGLIANO","2","240","18","F","","analitica","","","PVP sales 1 (952100); Storica Analitica visura per immobile - Catasto Fabbricati."
"visura-storica","FM","SERVIGLIANO","2","240","22","F","","analitica","","","PVP sales 1 (952100); Storica Analitica visura per immobile - Catasto Fabbricati."
"visura-storica","FM","SERVIGLIANO","2","240","24","F","","analitica","","","PVP sales 1 (952100); Storica Analitica visura per immobile - Catasto Fabbricati."
"visura-storica","FM","SERVIGLIANO","2","240","27","F","","analitica","","","PVP sales 1 (952100); Storica Analitica visura per immobile - Catasto Fabbricati."
"visura-storica","FM","SERVIGLIANO","2","240","30","F","","analitica","","","PVP sales 1 (1758502); Storica Analitica visura per immobile - Catasto Fabbricati."
"visura-storica","FM","SERVIGLIANO","2","279","21","F","","analitica","","","PVP sales 1 (2167571); Storica Analitica visura per immobile - Catasto Fabbricati."
"visura-storica","FM","SERVIGLIANO","2","279","35","F","","analitica","","","PVP sales 2 (2167564,4445539); Storica Analitica visura per immobile - Catasto Fabbricati."
"visura-storica","FM","SERVIGLIANO","2","279","36","F","","analitica","","","PVP sales 1 (2053876); Storica Analitica visura per immobile - Catasto Fabbricati."
"visura-storica","FM","SERVIGLIANO","2","279","5","F","","analitica","","","PVP sales 1 (2054087); Storica Analitica visura per immobile - Catasto Fabbricati."
"visura-storica","FM","SERVIGLIANO","2","510","10","F","","analitica","","","PVP sales 2 (821161,962816); Storica Analitica visura per immobile - Catasto Fabbricati."
"visura-storica","FM","SERVIGLIANO","2","510","12","F","","analitica","","","PVP sales 2 (821167,962787); Storica Analitica visura per immobile - Catasto Fabbricati."
"visura-storica","FM","SERVIGLIANO","2","510","3","F","","analitica","","","PVP sales 2 (678875,819465); Storica Analitica visura per immobile - Catasto Fabbricati."
"visura-storica","FM","SERVIGLIANO","2","510","5","F","","analitica","","","PVP sales 2 (678875,819465); Storica Analitica visura per immobile - Catasto Fabbricati."
"visura-storica","FM","SERVIGLIANO","2","510","6","F","","analitica","","","PVP sales 2 (678875,819465); Storica Analitica visura per immobile - Catasto Fabbricati."
"visura-storica","FM","SERVIGLIANO","2","510","7","F","","analitica","","","PVP sales 2 (678875,819465); Storica Analitica visura per immobile - Catasto Fabbricati."
"visura-storica","FM","SERVIGLIANO","2","510","8","F","","analitica","","","PVP sales 3 (679420,821148,962416); Storica Analitica visura per immobile - Catasto Fabbricati."
"visura-storica","FM","SERVIGLIANO","2","583","1","F","","analitica","","","PVP sales 1 (4255142); Storica Analitica visura per immobile - Catasto Fabbricati."
"visura-storica","FM","SERVIGLIANO","2","583","5","F","","analitica","","","PVP sales 1 (4255142); Storica Analitica visura per immobile - Catasto Fabbricati."
"visura-storica","FM","SERVIGLIANO","3","238","10","F","","analitica","","","PVP sales 3 (4245580,4344874,4441692); Storica Analitica visura per immobile - Catasto Fabbricati."
"visura-storica","FM","SERVIGLIANO","3","238","12","F","","analitica","","","PVP sales 3 (4245631,4441677,4529578); Storica Analitica visura per immobile - Catasto Fabbricati."
"visura-storica","FM","SERVIGLIANO","3","238","13","F","","analitica","","","PVP sales 3 (4245580,4344874,4441692); Storica Analitica visura per immobile - Catasto Fabbricati."
"visura-storica","FM","SERVIGLIANO","3","238","9","F","","analitica","","","PVP sales 3 (4245631,4441677,4529578); Storica Analitica visura per immobile - Catasto Fabbricati."
"visura-storica","FM","SERVIGLIANO","4","258","31","F","","analitica","","","PVP sales 1 (4494913); Storica Analitica visura per immobile - Catasto Fabbricati."
"visura-storica","FM","SERVIGLIANO","6","32","","F","","analitica","","","PVP sales 1 (443208); Storica Analitica visura per immobile - Catasto Fabbricati."
"visura-storica","FM","SERVIGLIANO","6","32","","T","","analitica","","","PVP sales 1 (443208); Storica Analitica visura per immobile - Catasto Terreni."
"visura-storica","FM","SERVIGLIANO","6","32","2","F","","analitica","","","PVP sales 2 (745492,899989); Storica Analitica visura per immobile - Catasto Fabbricati."
"visura-storica","FM","SERVIGLIANO","6","32","3","F","","analitica","","","PVP sales 2 (745492,899989); Storica Analitica visura per immobile - Catasto Fabbricati."
"visura-storica","FM","SERVIGLIANO","6","472","11","F","","analitica","","","PVP sales 1 (4518611); Storica Analitica visura per immobile - Catasto Fabbricati."
"visura-storica","FM","SERVIGLIANO","6","472","2","F","","analitica","","","PVP sales 1 (4518732); Storica Analitica visura per immobile - Catasto Fabbricati."
"visura-storica","FM","SERVIGLIANO","6","472","3","F","","analitica","","","PVP sales 1 (4518611); Storica Analitica visura per immobile - Catasto Fabbricati."
"visura-storica","FM","SERVIGLIANO","6","472","4","F","","analitica","","","PVP sales 1 (4518732); Storica Analitica visura per immobile - Catasto Fabbricati."
"visura-storica","FM","SERVIGLIANO","6","472","8","F","","analitica","","","PVP sales 1 (4518611); Storica Analitica visura per immobile - Catasto Fabbricati."
"visura-storica","FM","SERVIGLIANO","6","771","","F","","analitica","","","PVP sales 3 (443208,745492,899989); Storica Analitica visura per immobile - Catasto Fabbricati."
"visura-storica","FM","SERVIGLIANO","6","771","","T","","analitica","","","PVP sales 2 (443208,745492); Storica Analitica visura per immobile - Catasto Terreni."
"visura-storica","FM","SERVIGLIANO","7","323","","F","","analitica","","","PVP sales 1 (824839); Storica Analitica visura per immobile - Catasto Fabbricati."
"visura-storica","FM","SERVIGLIANO","7","323","","T","","analitica","","","PVP sales 1 (824839); Storica Analitica visura per immobile - Catasto Terreni."
"visura-storica","FM","SERVIGLIANO","7","325","","F","","analitica","","","PVP sales 1 (824839); Storica Analitica visura per immobile - Catasto Fabbricati."
"visura-storica","FM","SERVIGLIANO","7","325","","T","","analitica","","","PVP sales 1 (824839); Storica Analitica visura per immobile - Catasto Terreni."
"visura-storica","FM","SERVIGLIANO","7","659","","F","","analitica","","","PVP sales 1 (824839); Storica Analitica visura per immobile - Catasto Fabbricati."
"visura-storica","FM","SERVIGLIANO","7","659","","T","","analitica","","","PVP sales 1 (824839); Storica Analitica visura per immobile - Catasto Terreni."
"visura-storica","FM","SERVIGLIANO","7","661","","F","","analitica","","","PVP sales 1 (824839); Storica Analitica visura per immobile - Catasto Fabbricati."
"visura-storica","FM","SERVIGLIANO","7","661","","T","","analitica","","","PVP sales 1 (824839); Storica Analitica visura per immobile - Catasto Terreni."
"visura-storica","FM","SERVIGLIANO","7","663","","F","","analitica","","","PVP sales 1 (824839); Storica Analitica visura per immobile - Catasto Fabbricati."
"visura-storica","FM","SERVIGLIANO","7","663","","T","","analitica","","","PVP sales 1 (824839); Storica Analitica visura per immobile - Catasto Terreni."
"visura-storica","FM","TORRE SAN PATRIZIO","2","82","3","F","","analitica","","","PVP sales 2 (4497371,4572057); Storica Analitica visura per immobile - Catasto Fabbricati."
"visura-storica","FM","TORRE SAN PATRIZIO","2","82","4","F","","analitica","","","PVP sales 2 (4497371,4572057); Storica Analitica visura per immobile - Catasto Fabbricati."
"visura-storica","FM","TORRE SAN PATRIZIO","2","82","6","F","","analitica","","","PVP sales 2 (4497371,4572057); Storica Analitica visura per immobile - Catasto Fabbricati."
"visura-storica","FM","TORRE SAN PATRIZIO","6","156","5","F","","analitica","","","PVP sales 1 (4446220); Storica Analitica visura per immobile - Catasto Fabbricati."
"visura-storica","FM","TORRE SAN PATRIZIO","6","156","8","F","","analitica","","","PVP sales 1 (4537819); Storica Analitica visura per immobile - Catasto Fabbricati."
"visura-storica","FM","TORRE SAN PATRIZIO","6","191","7","F","","analitica","","","PVP sales 2 (2178244,4233060); Storica Analitica visura per immobile - Catasto Fabbricati."
"visura-storica","FM","TORRE SAN PATRIZIO","6","335","2","F","","analitica","","","PVP sales 3 (2164515,2254160,4260688); Storica Analitica visura per immobile - Catasto Fabbricati."
"visura-storica","FM","TORRE SAN PATRIZIO","7","187","3","F","","analitica","","","PVP sales 1 (4222614); Storica Analitica visura per immobile - Catasto Fabbricati."
"visura-storica","FM","TORRE SAN PATRIZIO","7","187","5","F","","analitica","","","PVP sales 1 (4222660); Storica Analitica visura per immobile - Catasto Fabbricati."
"visura-storica","FM","TORRE SAN PATRIZIO","7","187","7","F","","analitica","","","PVP sales 1 (4222766); Storica Analitica visura per immobile - Catasto Fabbricati."
"visura-storica","FM","TORRE SAN PATRIZIO","9","153","7","F","","analitica","","","PVP sales 1 (4433522); Storica Analitica visura per immobile - Catasto Fabbricati."
"visura-storica","FM","TORRE SAN PATRIZIO","9","153","8","F","","analitica","","","PVP sales 1 (2208194); Storica Analitica visura per immobile - Catasto Fabbricati."
