"command","provincia","comune","foglio","particella","subalterno","tipo_catasto","codice_fiscale","vista","sezione","source_files","scope_note"
"visura-storica","LC","ANNONE DI BRIANZA","1","2291","3","F","","analitica","","","PVP sales 1 (4556176); Storica Analitica visura per immobile - Catasto Fabbricati."
"visura-storica","LC","ANNONE DI BRIANZA","1","2291","4","F","","analitica","","","PVP sales 1 (4556176); Storica Analitica visura per immobile - Catasto Fabbricati."
"visura-storica","LC","ANNONE DI BRIANZA","2","1311","701","F","","analitica","","","PVP sales 1 (4473973); Storica Analitica visura per immobile - Catasto Fabbricati."
"visura-storica","LC","ANNONE DI BRIANZA","2","1311","702","F","","analitica","","","PVP sales 1 (4473973); Storica Analitica visura per immobile - Catasto Fabbricati."
"visura-storica","LC","ANNONE DI BRIANZA","2","1311","703","F","","analitica","","","PVP sales 1 (4473973); Storica Analitica visura per immobile - Catasto Fabbricati."
"visura-storica","LC","ANNONE DI BRIANZA","9","321","","F","","analitica","","","PVP sales 1 (447032); Storica Analitica visura per immobile - Catasto Fabbricati."
"visura-storica","LC","ANNONE DI BRIANZA","9","321","","T","","analitica","","","PVP sales 1 (447032); Storica Analitica visura per immobile - Catasto Terreni."
"visura-storica","LC","ANNONE DI BRIANZA","9","3213","1","F","","analitica","","","PVP sales 1 (445636); Storica Analitica visura per immobile - Catasto Fabbricati."
"visura-storica","LC","ANNONE DI BRIANZA","9","3213","2","F","","analitica","","","PVP sales 1 (445636); Storica Analitica visura per immobile - Catasto Fabbricati."
"visura-storica","LC","ANNONE DI BRIANZA","9","322","","F","","analitica","","","PVP sales 1 (447032); Storica Analitica visura per immobile - Catasto Fabbricati."
"visura-storica","LC","ANNONE DI BRIANZA","9","322","","T","","analitica","","","PVP sales 1 (447032); Storica Analitica visura per immobile - Catasto Terreni."
"visura-storica","LC","ANNONE DI BRIANZA","9","324","1","F","","analitica","","","PVP sales 1 (446708); Storica Analitica visura per immobile - Catasto Fabbricati."
"visura-storica","LC","ANNONE DI BRIANZA","9","324","2","F","","analitica","","","PVP sales 1 (446819); Storica Analitica visura per immobile - Catasto Fabbricati."
"visura-storica","LC","ANNONE DI BRIANZA","9","324","3","F","","analitica","","","PVP sales 1 (446819); Storica Analitica visura per immobile - Catasto Fabbricati."
"visura-storica","LC","ANNONE DI BRIANZA","9","324","4","F","","analitica","","","PVP sales 1 (446819); Storica Analitica visura per immobile - Catasto Fabbricati."
"visura-storica","LC","BALLABIO","9","1478","","F","","analitica","","","PVP sales 3 (4445348,4479490,4520795); Storica Analitica visura per immobile - Catasto Fabbricati."
"visura-storica","LC","BALLABIO","9","1478","","T","","analitica","","","PVP sales 3 (4445348,4479490,4520795); Storica Analitica visura per immobile - Catasto Terreni."
"visura-storica","LC","BALLABIO","9","3586","","F","","analitica","","","PVP sales 3 (4445348,4479490,4520795); Storica Analitica visura per immobile - Catasto Fabbricati."
"visura-storica","LC","BALLABIO","9","3586","","T","","analitica","","","PVP sales 3 (4445348,4479490,4520795); Storica Analitica visura per immobile - Catasto Terreni."
"visura-storica","LC","BALLABIO","9","741","","F","","analitica","","","PVP sales 3 (4445348,4479490,4520795); Storica Analitica visura per immobile - Catasto Fabbricati."
"visura-storica","LC","BALLABIO","9","741","","T","","analitica","","","PVP sales 3 (4445348,4479490,4520795); Storica Analitica visura per immobile - Catasto Terreni."
"visura-storica","LC","BALLABIO","9","824","","F","","analitica","","","PVP sales 3 (4445348,4479490,4520795); Storica Analitica visura per immobile - Catasto Fabbricati."
"visura-storica","LC","BALLABIO","9","824","","T","","analitica","","","PVP sales 3 (4445348,4479490,4520795); Storica Analitica visura per immobile - Catasto Terreni."
"visura-storica","LC","BALLABIO","13","12","702","F","","analitica","SUP","","PVP sales 1 (4540175); Storica Analitica visura per immobile - Catasto Fabbricati."
"visura-storica","LC","BALLABIO","13","12","704","F","","analitica","SUP","","PVP sales 1 (4540175); Storica Analitica visura per immobile - Catasto Fabbricati."
"visura-storica","LC","BALLABIO","13","12","705","F","","analitica","SUP","","PVP sales 1 (4540175); Storica Analitica visura per immobile - Catasto Fabbricati."
"visura-storica","LC","BALLABIO","13","12","708","F","","analitica","SUP","","PVP sales 1 (4540175); Storica Analitica visura per immobile - Catasto Fabbricati."
"visura-storica","LC","BALLABIO","13","12","710","F","","analitica","SUP","","PVP sales 1 (4540175); Storica Analitica visura per immobile - Catasto Fabbricati."
"visura-storica","LC","BALLABIO","13","12","712","F","","analitica","SUP","","PVP sales 1 (4540175); Storica Analitica visura per immobile - Catasto Fabbricati."
"visura-storica","LC","BALLABIO","13","12","713","F","","analitica","SUP","","PVP sales 1 (4540175); Storica Analitica visura per immobile - Catasto Fabbricati."
"visura-storica","LC","BALLABIO","13","12","9","F","","analitica","SUP","","PVP sales 1 (4540175); Storica Analitica visura per immobile - Catasto Fabbricati."
"visura-storica","LC","BALLABIO","13","2374","4","F","","analitica","SUP","","PVP sales 1 (4540175); Storica Analitica visura per immobile - Catasto Fabbricati."
"visura-storica","LC","BALLABIO","13","2374","6","F","","analitica","SUP","","PVP sales 1 (4540175); Storica Analitica visura per immobile - Catasto Fabbricati."
"visura-storica","LC","BALLABIO","13","2980","10","F","","analitica","SUP","","PVP sales 1 (4499348); Storica Analitica visura per immobile - Catasto Fabbricati."
"visura-storica","LC","BALLABIO","13","2980","2","F","","analitica","SUP","","PVP sales 1 (4499348); Storica Analitica visura per immobile - Catasto Fabbricati."
"visura-storica","LC","BALLABIO","13","66","701","F","","analitica","SUP","","PVP sales 2 (4525152,4571138); Storica Analitica visura per immobile - Catasto Fabbricati."
"visura-storica","LC","BALLABIO","13","66","702","F","","analitica","SUP","","PVP sales 2 (4525152,4571138); Storica Analitica visura per immobile - Catasto Fabbricati."
"visura-storica","LC","BALLABIO","13","66","703","F","","analitica","SUP","","PVP sales 2 (4525152,4571138); Storica Analitica visura per immobile - Catasto Fabbricati."
"visura-storica","LC","BARZAGO","2","238","","F","","analitica","","","PVP sales 1 (919232); Storica Analitica visura per immobile - Catasto Fabbricati."
"visura-storica","LC","BARZAGO","2","238","","T","","analitica","","","PVP sales 1 (919232); Storica Analitica visura per immobile - Catasto Terreni."
"visura-storica","LC","BARZAGO","2","238","4","F","","analitica","","","PVP sales 2 (803957,919232); Storica Analitica visura per immobile - Catasto Fabbricati."
"visura-storica","LC","BARZAGO","2","238","5","F","","analitica","","","PVP sales 1 (803957); Storica Analitica visura per immobile - Catasto Fabbricati."
"visura-storica","LC","BARZAGO","2","245","701","F","","analitica","","","PVP sales 1 (1923231); Storica Analitica visura per immobile - Catasto Fabbricati."
"visura-storica","LC","BARZAGO","2","245","702","F","","analitica","","","PVP sales 1 (1923231); Storica Analitica visura per immobile - Catasto Fabbricati."
"visura-storica","LC","BARZAGO","2","245","703","F","","analitica","","","PVP sales 1 (1923231); Storica Analitica visura per immobile - Catasto Fabbricati."
"visura-storica","LC","BARZAGO","9","1175","","F","","analitica","","","PVP sales 1 (803957); Storica Analitica visura per immobile - Catasto Fabbricati."
"visura-storica","LC","BARZAGO","9","1175","","T","","analitica","","","PVP sales 1 (803957); Storica Analitica visura per immobile - Catasto Terreni."
"visura-storica","LC","BARZAGO","9","238","","F","","analitica","","","PVP sales 1 (803957); Storica Analitica visura per immobile - Catasto Fabbricati."
"visura-storica","LC","BARZAGO","9","238","","T","","analitica","","","PVP sales 1 (803957); Storica Analitica visura per immobile - Catasto Terreni."
"visura-storica","LC","BARZAGO","902A","1175","","F","","analitica","","","PVP sales 1 (919232); Storica Analitica visura per immobile - Catasto Fabbricati."
"visura-storica","LC","BARZAGO","902A","1175","","T","","analitica","","","PVP sales 1 (919232); Storica Analitica visura per immobile - Catasto Terreni."
"visura-storica","LC","BARZAGO","3","1164","707","F","","analitica","AIR","","PVP sales 1 (1542657); Storica Analitica visura per immobile - Catasto Fabbricati."
"visura-storica","LC","BARZANÒ","4","673","4","F","","analitica","","","PVP sales 1 (533271); Storica Analitica visura per immobile - Catasto Fabbricati."
"visura-storica","LC","BARZIO","13","4575","","F","","analitica","BAR","","PVP sales 1 (1072123); Storica Analitica visura per immobile - Catasto Fabbricati."
"visura-storica","LC","BARZIO","13","4575","","T","","analitica","BAR","","PVP sales 1 (1072123); Storica Analitica visura per immobile - Catasto Terreni."
"visura-storica","LC","BARZIO","19","3554","501","F","","analitica","BAR","","PVP sales 1 (4544585); Storica Analitica visura per immobile - Catasto Fabbricati."
"visura-storica","LC","BARZIO","2","9","6","F","","analitica","CON","","PVP sales 2 (4478718,4536864); Storica Analitica visura per immobile - Catasto Fabbricati."
"visura-storica","LC","BARZIO","2","9","7","F","","analitica","CON","","PVP sales 2 (4422045,4478710); Storica Analitica visura per immobile - Catasto Fabbricati."
"visura-storica","LC","BRIVIO","10","5465","711","F","","analitica","","","PVP sales 1 (4434655); Storica Analitica visura per immobile - Catasto Fabbricati."
"visura-storica","LC","BRIVIO","10","5465","716","F","","analitica","","","PVP sales 1 (4434655); Storica Analitica visura per immobile - Catasto Fabbricati."
"visura-storica","LC","BRIVIO","11","666","702","F","","analitica","","","PVP sales 1 (1551987); Storica Analitica visura per immobile - Catasto Fabbricati."
"visura-storica","LC","BRIVIO","11","666","703","F","","analitica","","","PVP sales 1 (677274); Storica Analitica visura per immobile - Catasto Fabbricati."
"visura-storica","LC","BRIVIO","11","666","704","F","","analitica","","","PVP sales 1 (677711); Storica Analitica visura per immobile - Catasto Fabbricati."
"visura-storica","LC","BRIVIO","11","666","705","F","","analitica","","","PVP sales 1 (678127); Storica Analitica visura per immobile - Catasto Fabbricati."
"visura-storica","LC","BRIVIO","11","666","706","F","","analitica","","","PVP sales 1 (676473); Storica Analitica visura per immobile - Catasto Fabbricati."
"visura-storica","LC","BRIVIO","11","666","707","F","","analitica","","","PVP sales 1 (677660); Storica Analitica visura per immobile - Catasto Fabbricati."
"visura-storica","LC","BRIVIO","11","666","708","F","","analitica","","","PVP sales 1 (677662); Storica Analitica visura per immobile - Catasto Fabbricati."
"visura-storica","LC","BRIVIO","11","666","709","F","","analitica","","","PVP sales 1 (677670); Storica Analitica visura per immobile - Catasto Fabbricati."
"visura-storica","LC","BRIVIO","11","666","710","F","","analitica","","","PVP sales 1 (677702); Storica Analitica visura per immobile - Catasto Fabbricati."
"visura-storica","LC","BRIVIO","11","666","712","F","","analitica","","","PVP sales 1 (678893); Storica Analitica visura per immobile - Catasto Fabbricati."
"visura-storica","LC","BRIVIO","11","666","720","F","","analitica","","","PVP sales 1 (678908); Storica Analitica visura per immobile - Catasto Fabbricati."
"visura-storica","LC","BRIVIO","11","666","723","F","","analitica","","","PVP sales 1 (676473); Storica Analitica visura per immobile - Catasto Fabbricati."
"visura-storica","LC","BRIVIO","11","666","724","F","","analitica","","","PVP sales 1 (677660); Storica Analitica visura per immobile - Catasto Fabbricati."
"visura-storica","LC","BRIVIO","11","666","727","F","","analitica","","","PVP sales 1 (677662); Storica Analitica visura per immobile - Catasto Fabbricati."
"visura-storica","LC","BRIVIO","11","666","732","F","","analitica","","","PVP sales 2 (678951,1551956); Storica Analitica visura per immobile - Catasto Fabbricati."
"visura-storica","LC","BRIVIO","11","666","734","F","","analitica","","","PVP sales 2 (680576,930600); Storica Analitica visura per immobile - Catasto Fabbricati."
"visura-storica","LC","BRIVIO","11","666","743","F","","analitica","","","PVP sales 1 (678893); Storica Analitica visura per immobile - Catasto Fabbricati."
"visura-storica","LC","BRIVIO","11","666","752","F","","analitica","","","PVP sales 1 (678893); Storica Analitica visura per immobile - Catasto Fabbricati."
"visura-storica","LC","BRIVIO","11","666","755","F","","analitica","","","PVP sales 2 (679901,1551956); Storica Analitica visura per immobile - Catasto Fabbricati."
"visura-storica","LC","BRIVIO","11","666","757","F","","analitica","","","PVP sales 1 (678951); Storica Analitica visura per immobile - Catasto Fabbricati."
"visura-storica","LC","BRIVIO","11","666","758","F","","analitica","","","PVP sales 2 (680576,930600); Storica Analitica visura per immobile - Catasto Fabbricati."
"visura-storica","LC","BRIVIO","11","666","762","F","","analitica","","","PVP sales 1 (679901); Storica Analitica visura per immobile - Catasto Fabbricati."
"visura-storica","LC","BRIVIO","11","666","771","F","","analitica","","","PVP sales 1 (678876); Storica Analitica visura per immobile - Catasto Fabbricati."
"visura-storica","LC","BRIVIO","11","666","773","F","","analitica","","","PVP sales 1 (677336); Storica Analitica visura per immobile - Catasto Fabbricati."
"visura-storica","LC","BRIVIO","11","666","775","F","","analitica","","","PVP sales 1 (677336); Storica Analitica visura per immobile - Catasto Fabbricati."
"visura-storica","LC","BRIVIO","11","666","776","F","","analitica","","","PVP sales 1 (677336); Storica Analitica visura per immobile - Catasto Fabbricati."
"visura-storica","LC","BRIVIO","11","666","777","F","","analitica","","","PVP sales 1 (678876); Storica Analitica visura per immobile - Catasto Fabbricati."
"visura-storica","LC","BRIVIO","11","666","778","F","","analitica","","","PVP sales 1 (678908); Storica Analitica visura per immobile - Catasto Fabbricati."
"visura-storica","LC","BRIVIO","11","666","779","F","","analitica","","","PVP sales 1 (678908); Storica Analitica visura per immobile - Catasto Fabbricati."
"visura-storica","LC","BRIVIO","11","666","781","F","","analitica","","","PVP sales 1 (680599); Storica Analitica visura per immobile - Catasto Fabbricati."
"visura-storica","LC","BRIVIO","11","666","788","F","","analitica","","","PVP sales 1 (677711); Storica Analitica visura per immobile - Catasto Fabbricati."
"visura-storica","LC","BRIVIO","11","666","790","F","","analitica","","","PVP sales 1 (678127); Storica Analitica visura per immobile - Catasto Fabbricati."
"visura-storica","LC","BRIVIO","11","666","793","F","","analitica","","","PVP sales 1 (677274); Storica Analitica visura per immobile - Catasto Fabbricati."
"visura-storica","LC","BRIVIO","11","666","798","F","","analitica","","","PVP sales 2 (677670,2146139); Storica Analitica visura per immobile - Catasto Fabbricati."
"visura-storica","LC","BRIVIO","11","666","799","F","","analitica","","","PVP sales 2 (677702,2146139); Storica Analitica visura per immobile - Catasto Fabbricati."
"visura-storica","LC","BRIVIO","11","666","800","F","","analitica","","","PVP sales 1 (679901); Storica Analitica visura per immobile - Catasto Fabbricati."
"visura-storica","LC","BRIVIO","11","666","804","F","","analitica","","","PVP sales 1 (680599); Storica Analitica visura per immobile - Catasto Fabbricati."
"visura-storica","LC","BRIVIO","12","666","798","F","","analitica","","","PVP sales 1 (2075663); Storica Analitica visura per immobile - Catasto Fabbricati."
"visura-storica","LC","BRIVIO","12","666","799","F","","analitica","","","PVP sales 1 (2075663); Storica Analitica visura per immobile - Catasto Fabbricati."
"visura-storica","LC","BRIVIO","4","5631","739","F","","analitica","","","PVP sales 1 (2113217); Storica Analitica visura per immobile - Catasto Fabbricati."
"visura-storica","LC","BRIVIO","4","5679","1","F","","analitica","","","PVP sales 1 (4432434); Storica Analitica visura per immobile - Catasto Fabbricati."
"visura-storica","LC","BRIVIO","4","5679","2","F","","analitica","","","PVP sales 1 (4432434); Storica Analitica visura per immobile - Catasto Fabbricati."
"visura-storica","LC","BRIVIO","8","538","","F","","analitica","","","PVP sales 2 (309210,405684); Storica Analitica visura per immobile - Catasto Fabbricati."
"visura-storica","LC","BRIVIO","8","538","","T","","analitica","","","PVP sales 2 (309210,405684); Storica Analitica visura per immobile - Catasto Terreni."
"visura-storica","LC","BULCIAGO","1","2674","10","F","","analitica","","","PVP sales 1 (4519086); Storica Analitica visura per immobile - Catasto Fabbricati."
"visura-storica","LC","BULCIAGO","1","2674","30","F","","analitica","","","PVP sales 1 (4519086); Storica Analitica visura per immobile - Catasto Fabbricati."
"visura-storica","LC","BULCIAGO","3","2634","33","F","","analitica","","","PVP sales 1 (1517807); Storica Analitica visura per immobile - Catasto Fabbricati."
"visura-storica","LC","BULCIAGO","5","1470","509","F","","analitica","","","PVP sales 2 (4435760,4508146); Storica Analitica visura per immobile - Catasto Fabbricati."
"visura-storica","LC","BULCIAGO","5","425","9","F","","analitica","","","PVP sales 2 (4435760,4508146); Storica Analitica visura per immobile - Catasto Fabbricati."
"visura-storica","LC","CALCO","2","4142","","F","","analitica","","","PVP sales 1 (1671116); Storica Analitica visura per immobile - Catasto Fabbricati."
"visura-storica","LC","CALCO","2","4142","","T","","analitica","","","PVP sales 1 (1671116); Storica Analitica visura per immobile - Catasto Terreni."
"visura-storica","LC","CALCO","2","776","","F","","analitica","","","PVP sales 1 (901705); Storica Analitica visura per immobile - Catasto Fabbricati."
"visura-storica","LC","CALCO","2","776","","T","","analitica","","","PVP sales 1 (901705); Storica Analitica visura per immobile - Catasto Terreni."
"visura-storica","LC","CALCO","2","877","3","F","","analitica","","","PVP sales 1 (1931242); Storica Analitica visura per immobile - Catasto Fabbricati."
"visura-storica","LC","CALCO","3","2177","","F","","analitica","","","PVP sales 1 (4266740); Storica Analitica visura per immobile - Catasto Fabbricati."
"visura-storica","LC","CALCO","3","2177","","T","","analitica","","","PVP sales 1 (4266740); Storica Analitica visura per immobile - Catasto Terreni."
"visura-storica","LC","CALCO","3","2177","1","F","","analitica","","","PVP sales 3 (1874512,2092834,2191558); Storica Analitica visura per immobile - Catasto Fabbricati."
"visura-storica","LC","CALCO","3","2177","2","F","","analitica","","","PVP sales 3 (1874512,2092834,2191558); Storica Analitica visura per immobile - Catasto Fabbricati."
"visura-storica","LC","CALCO","6","1119","701","F","","analitica","","","PVP sales 3 (4408135,4473885,4547157); Storica Analitica visura per immobile - Catasto Fabbricati."
"visura-storica","LC","CALCO","6","1119","702","F","","analitica","","","PVP sales 3 (4408135,4473885,4547157); Storica Analitica visura per immobile - Catasto Fabbricati."
"visura-storica","LC","CALCO","6","1119","703","F","","analitica","","","PVP sales 3 (4408135,4473885,4547157); Storica Analitica visura per immobile - Catasto Fabbricati."
"visura-storica","LC","CALCO","6","1344","704","F","","analitica","","","PVP sales 1 (358500); Storica Analitica visura per immobile - Catasto Fabbricati."
"visura-storica","LC","CALCO","6","1344","705","F","","analitica","","","PVP sales 1 (358500); Storica Analitica visura per immobile - Catasto Fabbricati."
"visura-storica","LC","CALCO","9","1636","","F","","analitica","","","PVP sales 4 (1874512,2092834,2191558,4266740); Storica Analitica visura per immobile - Catasto Fabbricati."
"visura-storica","LC","CALCO","9","1636","","T","","analitica","","","PVP sales 4 (1874512,2092834,2191558,4266740); Storica Analitica visura per immobile - Catasto Terreni."
"visura-storica","LC","CALCO","9","1936","","F","","analitica","","","PVP sales 3 (4408135,4473885,4547157); Storica Analitica visura per immobile - Catasto Fabbricati."
"visura-storica","LC","CALCO","9","1936","","T","","analitica","","","PVP sales 3 (4408135,4473885,4547157); Storica Analitica visura per immobile - Catasto Terreni."
"visura-storica","LC","CALCO","9","2177","","F","","analitica","","","PVP sales 4 (1874512,2092834,2191558,4266740); Storica Analitica visura per immobile - Catasto Fabbricati."
"visura-storica","LC","CALCO","9","2177","","T","","analitica","","","PVP sales 4 (1874512,2092834,2191558,4266740); Storica Analitica visura per immobile - Catasto Terreni."
"visura-storica","LC","CALCO","9","628","","F","","analitica","","","PVP sales 4 (1874512,2092834,2191558,4266740); Storica Analitica visura per immobile - Catasto Fabbricati."
"visura-storica","LC","CALCO","9","628","","T","","analitica","","","PVP sales 4 (1874512,2092834,2191558,4266740); Storica Analitica visura per immobile - Catasto Terreni."
"visura-storica","LC","CALCO","9","629","","F","","analitica","","","PVP sales 4 (1874512,2092834,2191558,4266740); Storica Analitica visura per immobile - Catasto Fabbricati."
"visura-storica","LC","CALCO","9","629","","T","","analitica","","","PVP sales 4 (1874512,2092834,2191558,4266740); Storica Analitica visura per immobile - Catasto Terreni."
"visura-storica","LC","CALCO","9","721","","F","","analitica","","","PVP sales 4 (1874512,2092834,2191558,4266740); Storica Analitica visura per immobile - Catasto Fabbricati."
"visura-storica","LC","CALCO","9","721","","T","","analitica","","","PVP sales 4 (1874512,2092834,2191558,4266740); Storica Analitica visura per immobile - Catasto Terreni."
"visura-storica","LC","CALCO","9","927","","F","","analitica","","","PVP sales 4 (1874512,2092834,2191558,4266740); Storica Analitica visura per immobile - Catasto Fabbricati."
"visura-storica","LC","CALCO","9","927","","T","","analitica","","","PVP sales 4 (1874512,2092834,2191558,4266740); Storica Analitica visura per immobile - Catasto Terreni."
"visura-storica","LC","CALOLZIOCORTE","2","669","","F","","analitica","","","PVP sales 1 (2172484); Storica Analitica visura per immobile - Catasto Fabbricati."
"visura-storica","LC","CALOLZIOCORTE","2","669","","T","","analitica","","","PVP sales 1 (2172484); Storica Analitica visura per immobile - Catasto Terreni."
"visura-storica","LC","CALOLZIOCORTE","9","1242","","F","","analitica","","","PVP sales 2 (4409535,4465513); Storica Analitica visura per immobile - Catasto Fabbricati."
"visura-storica","LC","CALOLZIOCORTE","9","1242","","T","","analitica","","","PVP sales 2 (4409535,4465513); Storica Analitica visura per immobile - Catasto Terreni."
"visura-storica","LC","CALOLZIOCORTE","9","1243","","F","","analitica","","","PVP sales 2 (4409535,4465513); Storica Analitica visura per immobile - Catasto Fabbricati."
"visura-storica","LC","CALOLZIOCORTE","9","1243","","T","","analitica","","","PVP sales 2 (4409535,4465513); Storica Analitica visura per immobile - Catasto Terreni."
"visura-storica","LC","CALOLZIOCORTE","9","491","","F","","analitica","","","PVP sales 2 (4409535,4465513); Storica Analitica visura per immobile - Catasto Fabbricati."
"visura-storica","LC","CALOLZIOCORTE","9","491","","T","","analitica","","","PVP sales 2 (4409535,4465513); Storica Analitica visura per immobile - Catasto Terreni."
"visura-storica","LC","CALOLZIOCORTE","9","492","","F","","analitica","","","PVP sales 2 (4409535,4465513); Storica Analitica visura per immobile - Catasto Fabbricati."
"visura-storica","LC","CALOLZIOCORTE","9","492","","T","","analitica","","","PVP sales 2 (4409535,4465513); Storica Analitica visura per immobile - Catasto Terreni."
"visura-storica","LC","CALOLZIOCORTE","2","396","706","F","","analitica","CA","","PVP sales 1 (4535249); Storica Analitica visura per immobile - Catasto Fabbricati."
"visura-storica","LC","CALOLZIOCORTE","3","2970","12","F","","analitica","CO","","PVP sales 2 (4495425,4539731); Storica Analitica visura per immobile - Catasto Fabbricati."
"visura-storica","LC","CALOLZIOCORTE","3","2970","36","F","","analitica","CO","","PVP sales 2 (4495425,4539731); Storica Analitica visura per immobile - Catasto Fabbricati."
"visura-storica","LC","CALOLZIOCORTE","4","520","5","F","","analitica","RO","","PVP sales 2 (4432318,4500698); Storica Analitica visura per immobile - Catasto Fabbricati."
"visura-storica","LC","CALOLZIOCORTE","4","679","","F","","analitica","RO","","PVP sales 2 (4409535,4465513); Storica Analitica visura per immobile - Catasto Fabbricati."
"visura-storica","LC","CALOLZIOCORTE","4","679","","T","","analitica","RO","","PVP sales 2 (4409535,4465513); Storica Analitica visura per immobile - Catasto Terreni."
"visura-storica","LC","CARENNO","4","755","7","F","","analitica","","","PVP sales 1 (4531756); Storica Analitica visura per immobile - Catasto Fabbricati."
"visura-storica","LC","CARENNO","4","755","9","F","","analitica","","","PVP sales 2 (2121901,4531782); Storica Analitica visura per immobile - Catasto Fabbricati."
"visura-storica","LC","CASATENOVO","1","10180","","F","","analitica","","","PVP sales 1 (4504491); Storica Analitica visura per immobile - Catasto Fabbricati."
"visura-storica","LC","CASATENOVO","1","10180","","T","","analitica","","","PVP sales 1 (4504491); Storica Analitica visura per immobile - Catasto Terreni."
"visura-storica","LC","CASATENOVO","1","10182","","F","","analitica","","","PVP sales 1 (4504491); Storica Analitica visura per immobile - Catasto Fabbricati."
"visura-storica","LC","CASATENOVO","1","10182","","T","","analitica","","","PVP sales 1 (4504491); Storica Analitica visura per immobile - Catasto Terreni."
"visura-storica","LC","CASATENOVO","1","10184","","F","","analitica","","","PVP sales 1 (4504491); Storica Analitica visura per immobile - Catasto Fabbricati."
"visura-storica","LC","CASATENOVO","1","10184","","T","","analitica","","","PVP sales 1 (4504491); Storica Analitica visura per immobile - Catasto Terreni."
"visura-storica","LC","CASATENOVO","1","2084","","F","","analitica","","","PVP sales 1 (1636662); Storica Analitica visura per immobile - Catasto Fabbricati."
"visura-storica","LC","CASATENOVO","1","2084","","T","","analitica","","","PVP sales 1 (1636662); Storica Analitica visura per immobile - Catasto Terreni."
"visura-storica","LC","CASATENOVO","1","266","","F","","analitica","","","PVP sales 1 (4504491); Storica Analitica visura per immobile - Catasto Fabbricati."
"visura-storica","LC","CASATENOVO","1","266","","T","","analitica","","","PVP sales 1 (4504491); Storica Analitica visura per immobile - Catasto Terreni."
"visura-storica","LC","CASATENOVO","1","7719","","F","","analitica","","","PVP sales 1 (4504491); Storica Analitica visura per immobile - Catasto Fabbricati."
"visura-storica","LC","CASATENOVO","1","7719","","T","","analitica","","","PVP sales 1 (4504491); Storica Analitica visura per immobile - Catasto Terreni."
"visura-storica","LC","CASATENOVO","1","8092","","F","","analitica","","","PVP sales 1 (4504491); Storica Analitica visura per immobile - Catasto Fabbricati."
"visura-storica","LC","CASATENOVO","1","8092","","T","","analitica","","","PVP sales 1 (4504491); Storica Analitica visura per immobile - Catasto Terreni."
"visura-storica","LC","CASATENOVO","11","6770","","F","","analitica","","","PVP sales 1 (784385); Storica Analitica visura per immobile - Catasto Fabbricati."
"visura-storica","LC","CASATENOVO","11","6770","","T","","analitica","","","PVP sales 1 (784385); Storica Analitica visura per immobile - Catasto Terreni."
"visura-storica","LC","CASATENOVO","1","2716","8","F","","analitica","CAS","","PVP sales 1 (4471495); Storica Analitica visura per immobile - Catasto Fabbricati."
"visura-storica","LC","CASATENOVO","4","10184","","F","","analitica","CAS","","PVP sales 1 (4504491); Storica Analitica visura per immobile - Catasto Fabbricati."
"visura-storica","LC","CASATENOVO","4","10184","","T","","analitica","CAS","","PVP sales 1 (4504491); Storica Analitica visura per immobile - Catasto Terreni."
"visura-storica","LC","CASATENOVO","4","277","","F","","analitica","CAS","","PVP sales 1 (4504491); Storica Analitica visura per immobile - Catasto Fabbricati."
"visura-storica","LC","CASATENOVO","4","277","","T","","analitica","CAS","","PVP sales 1 (4504491); Storica Analitica visura per immobile - Catasto Terreni."
"visura-storica","LC","CASATENOVO","5","418","706","F","","analitica","CAS","","PVP sales 1 (4536663); Storica Analitica visura per immobile - Catasto Fabbricati."
"visura-storica","LC","CASATENOVO","5","7719","1","F","","analitica","CAS","","PVP sales 1 (4504491); Storica Analitica visura per immobile - Catasto Fabbricati."
"visura-storica","LC","CASATENOVO","5","9720","1","F","","analitica","CAS","","PVP sales 1 (353785); Storica Analitica visura per immobile - Catasto Fabbricati."
"visura-storica","LC","CASATENOVO","5","9720","2","F","","analitica","CAS","","PVP sales 1 (353785); Storica Analitica visura per immobile - Catasto Fabbricati."
"visura-storica","LC","CASATENOVO","7","1883","701","F","","analitica","CB","","PVP sales 3 (4424241,4491000,4568828); Storica Analitica visura per immobile - Catasto Fabbricati."
"visura-storica","LC","CASATENOVO","7","257","2","F","","analitica","CB","","PVP sales 2 (4457601,4526085); Storica Analitica visura per immobile - Catasto Fabbricati."
"visura-storica","LC","CASATENOVO","7","257","4","F","","analitica","CB","","PVP sales 2 (4457601,4526085); Storica Analitica visura per immobile - Catasto Fabbricati."
"visura-storica","LC","CASSAGO BRIANZA","4","2592","3","F","","analitica","","","PVP sales 1 (2091281); Storica Analitica visura per immobile - Catasto Fabbricati."
"visura-storica","LC","CASSAGO BRIANZA","4","2592","6","F","","analitica","","","PVP sales 1 (2091281); Storica Analitica visura per immobile - Catasto Fabbricati."
"visura-storica","LC","CASSAGO BRIANZA","4","1512","15","F","","analitica","CAS","","PVP sales 1 (4432529); Storica Analitica visura per immobile - Catasto Fabbricati."
"visura-storica","LC","CASSAGO BRIANZA","4","1512","16","F","","analitica","CAS","","PVP sales 1 (4432529); Storica Analitica visura per immobile - Catasto Fabbricati."
"visura-storica","LC","CASSAGO BRIANZA","4","1598","510","F","","analitica","CAS","","PVP sales 1 (1503845); Storica Analitica visura per immobile - Catasto Fabbricati."
"visura-storica","LC","CASSAGO BRIANZA","4","1598","530","F","","analitica","CAS","","PVP sales 1 (1503845); Storica Analitica visura per immobile - Catasto Fabbricati."
"visura-storica","LC","CASSINA VALSASSINA","1","179","1","F","","analitica","","","PVP sales 2 (4495551,4540251); Storica Analitica visura per immobile - Catasto Fabbricati."
"visura-storica","LC","CASSINA VALSASSINA","1","179","4","F","","analitica","","","PVP sales 2 (4495551,4540251); Storica Analitica visura per immobile - Catasto Fabbricati."
"visura-storica","LC","CASSINA VALSASSINA","9","163","","F","","analitica","","","PVP sales 2 (4495551,4540251); Storica Analitica visura per immobile - Catasto Fabbricati."
"visura-storica","LC","CASSINA VALSASSINA","9","163","","T","","analitica","","","PVP sales 2 (4495551,4540251); Storica Analitica visura per immobile - Catasto Terreni."
"visura-storica","LC","CASSINA VALSASSINA","9","164","","F","","analitica","","","PVP sales 2 (4495551,4540251); Storica Analitica visura per immobile - Catasto Fabbricati."
"visura-storica","LC","CASSINA VALSASSINA","9","164","","T","","analitica","","","PVP sales 2 (4495551,4540251); Storica Analitica visura per immobile - Catasto Terreni."
"visura-storica","LC","CASSINA VALSASSINA","9","178","","F","","analitica","","","PVP sales 2 (4495551,4540251); Storica Analitica visura per immobile - Catasto Fabbricati."
"visura-storica","LC","CASSINA VALSASSINA","9","178","","T","","analitica","","","PVP sales 2 (4495551,4540251); Storica Analitica visura per immobile - Catasto Terreni."
"visura-storica","LC","CASSINA VALSASSINA","9","430","","F","","analitica","","","PVP sales 2 (4495551,4540251); Storica Analitica visura per immobile - Catasto Fabbricati."
"visura-storica","LC","CASSINA VALSASSINA","9","430","","T","","analitica","","","PVP sales 2 (4495551,4540251); Storica Analitica visura per immobile - Catasto Terreni."
"visura-storica","LC","CASTELLO DI BRIANZA","9","420","","F","","analitica","","","PVP sales 1 (4546108); Storica Analitica visura per immobile - Catasto Fabbricati."
"visura-storica","LC","CASTELLO DI BRIANZA","9","420","","T","","analitica","","","PVP sales 1 (4546108); Storica Analitica visura per immobile - Catasto Terreni."
"visura-storica","LC","CASTELLO DI BRIANZA","9","435","","F","","analitica","","","PVP sales 1 (4546108); Storica Analitica visura per immobile - Catasto Fabbricati."
"visura-storica","LC","CASTELLO DI BRIANZA","9","435","","T","","analitica","","","PVP sales 1 (4546108); Storica Analitica visura per immobile - Catasto Terreni."
"visura-storica","LC","CASTELLO DI BRIANZA","9","2537","","F","","analitica","A","","PVP sales 1 (2040987); Storica Analitica visura per immobile - Catasto Fabbricati."
"visura-storica","LC","CASTELLO DI BRIANZA","9","2537","","T","","analitica","A","","PVP sales 1 (2040987); Storica Analitica visura per immobile - Catasto Terreni."
"visura-storica","LC","CASTELLO DI BRIANZA","9","2539","","F","","analitica","A","","PVP sales 1 (2040987); Storica Analitica visura per immobile - Catasto Fabbricati."
"visura-storica","LC","CASTELLO DI BRIANZA","9","2539","","T","","analitica","A","","PVP sales 1 (2040987); Storica Analitica visura per immobile - Catasto Terreni."
"visura-storica","LC","CASTELLO DI BRIANZA","9","2544","","F","","analitica","A","","PVP sales 1 (2040987); Storica Analitica visura per immobile - Catasto Fabbricati."
"visura-storica","LC","CASTELLO DI BRIANZA","9","2544","","T","","analitica","A","","PVP sales 1 (2040987); Storica Analitica visura per immobile - Catasto Terreni."
"visura-storica","LC","CASTELLO DI BRIANZA","9","2547","","F","","analitica","A","","PVP sales 1 (2040987); Storica Analitica visura per immobile - Catasto Fabbricati."
"visura-storica","LC","CASTELLO DI BRIANZA","9","2547","","T","","analitica","A","","PVP sales 1 (2040987); Storica Analitica visura per immobile - Catasto Terreni."
"visura-storica","LC","CASTELLO DI BRIANZA","5","144","705","F","","analitica","BRI","","PVP sales 1 (2040987); Storica Analitica visura per immobile - Catasto Fabbricati."
"visura-storica","LC","CASTELLO DI BRIANZA","5","2186","1","F","","analitica","BRI","","PVP sales 1 (2040987); Storica Analitica visura per immobile - Catasto Fabbricati."
"visura-storica","LC","CASTELLO DI BRIANZA","5","2186","2","F","","analitica","BRI","","PVP sales 1 (2040987); Storica Analitica visura per immobile - Catasto Fabbricati."
"visura-storica","LC","CASTELLO DI BRIANZA","9","420","","F","","analitica","BRIANZOLA","","PVP sales 2 (4406179,4466672); Storica Analitica visura per immobile - Catasto Fabbricati."
"visura-storica","LC","CASTELLO DI BRIANZA","9","420","","T","","analitica","BRIANZOLA","","PVP sales 2 (4406179,4466672); Storica Analitica visura per immobile - Catasto Terreni."
"visura-storica","LC","CASTELLO DI BRIANZA","9","435","","F","","analitica","BRIANZOLA","","PVP sales 2 (4406179,4466672); Storica Analitica visura per immobile - Catasto Fabbricati."
"visura-storica","LC","CASTELLO DI BRIANZA","9","435","","T","","analitica","BRIANZOLA","","PVP sales 2 (4406179,4466672); Storica Analitica visura per immobile - Catasto Terreni."
"visura-storica","LC","CERNUSCO LOMBARDONE","5","546","22","F","","analitica","","","PVP sales 1 (4435566); Storica Analitica visura per immobile - Catasto Fabbricati."
"visura-storica","LC","CERNUSCO LOMBARDONE","5","546","31","F","","analitica","","","PVP sales 1 (4435566); Storica Analitica visura per immobile - Catasto Fabbricati."
"visura-storica","LC","CIVATE","7","1480","2","F","","analitica","","","PVP sales 1 (1439883); Storica Analitica visura per immobile - Catasto Fabbricati."
"visura-storica","LC","CIVATE","7","594","901","F","","analitica","","","PVP sales 1 (4239587); Storica Analitica visura per immobile - Catasto Fabbricati."
"visura-storica","LC","COLICO","1","21469","","F","","analitica","","","PVP sales 1 (4428779); Storica Analitica visura per immobile - Catasto Fabbricati."
"visura-storica","LC","COLICO","1","21469","","T","","analitica","","","PVP sales 1 (4428779); Storica Analitica visura per immobile - Catasto Terreni."
"visura-storica","LC","COLICO","1","21472","","F","","analitica","","","PVP sales 1 (4428779); Storica Analitica visura per immobile - Catasto Fabbricati."
"visura-storica","LC","COLICO","1","21472","","T","","analitica","","","PVP sales 1 (4428779); Storica Analitica visura per immobile - Catasto Terreni."
"visura-storica","LC","COLICO","10","18243","2","F","","analitica","","","PVP sales 1 (1980751); Storica Analitica visura per immobile - Catasto Fabbricati."
"visura-storica","LC","COLICO","10","18263/18243","1","F","","analitica","","","PVP sales 1 (1980751); Storica Analitica visura per immobile - Catasto Fabbricati."
"visura-storica","LC","COLICO","10","21399","701","F","","analitica","","","PVP sales 1 (859071); Storica Analitica visura per immobile - Catasto Fabbricati."
"visura-storica","LC","COLICO","2","20724","708","F","","analitica","","","PVP sales 1 (4428779); Storica Analitica visura per immobile - Catasto Fabbricati."
"visura-storica","LC","COLICO","2","20825","10","F","","analitica","","","PVP sales 1 (4428779); Storica Analitica visura per immobile - Catasto Fabbricati."
"visura-storica","LC","COLICO","2","20825","4","F","","analitica","","","PVP sales 1 (4428779); Storica Analitica visura per immobile - Catasto Fabbricati."
"visura-storica","LC","COLICO","2","20825","5","F","","analitica","","","PVP sales 1 (4428779); Storica Analitica visura per immobile - Catasto Fabbricati."
"visura-storica","LC","COLICO","2","20825","6","F","","analitica","","","PVP sales 1 (4428779); Storica Analitica visura per immobile - Catasto Fabbricati."
"visura-storica","LC","COLICO","2","20825","7","F","","analitica","","","PVP sales 1 (4428779); Storica Analitica visura per immobile - Catasto Fabbricati."
"visura-storica","LC","COLICO","2","20825","701","F","","analitica","","","PVP sales 1 (4428779); Storica Analitica visura per immobile - Catasto Fabbricati."
"visura-storica","LC","COLICO","2","20825","8","F","","analitica","","","PVP sales 1 (4428779); Storica Analitica visura per immobile - Catasto Fabbricati."
"visura-storica","LC","COLICO","2","20825","9","F","","analitica","","","PVP sales 1 (4428779); Storica Analitica visura per immobile - Catasto Fabbricati."
"visura-storica","LC","COLICO","5","20504","790","F","","analitica","COL","","PVP sales 1 (4432485); Storica Analitica visura per immobile - Catasto Fabbricati."
"visura-storica","LC","COLICO","5","623","3","F","","analitica","COL","","PVP sales 1 (4435709); Storica Analitica visura per immobile - Catasto Fabbricati."
"visura-storica","LC","COLICO","5","623","702","F","","analitica","COL","","PVP sales 1 (4435709); Storica Analitica visura per immobile - Catasto Fabbricati."
"visura-storica","LC","COLICO","5","623","703","F","","analitica","COL","","PVP sales 1 (4435709); Storica Analitica visura per immobile - Catasto Fabbricati."
"visura-storica","LC","CORTENOVA","9","1482","","F","","analitica","","","PVP sales 1 (4548409); Storica Analitica visura per immobile - Catasto Fabbricati."
"visura-storica","LC","CORTENOVA","9","1482","","T","","analitica","","","PVP sales 1 (4548409); Storica Analitica visura per immobile - Catasto Terreni."
"visura-storica","LC","CORTENOVA","9","1864","","F","","analitica","","","PVP sales 1 (4548409); Storica Analitica visura per immobile - Catasto Fabbricati."
"visura-storica","LC","CORTENOVA","9","1864","","T","","analitica","","","PVP sales 1 (4548409); Storica Analitica visura per immobile - Catasto Terreni."
"visura-storica","LC","CORTENOVA","9","187","","F","","analitica","","","PVP sales 1 (4548409); Storica Analitica visura per immobile - Catasto Fabbricati."
"visura-storica","LC","CORTENOVA","9","187","","T","","analitica","","","PVP sales 1 (4548409); Storica Analitica visura per immobile - Catasto Terreni."
"visura-storica","LC","CORTENOVA","2","1482","501","F","","analitica","BIN","","PVP sales 1 (4548409); Storica Analitica visura per immobile - Catasto Fabbricati."
"visura-storica","LC","CORTENOVA","2","1482","701","F","","analitica","BIN","","PVP sales 1 (4548409); Storica Analitica visura per immobile - Catasto Fabbricati."
"visura-storica","LC","CORTENOVA","2","163","1","F","","analitica","BIN","","PVP sales 2 (4432800,4496004); Storica Analitica visura per immobile - Catasto Fabbricati."
"visura-storica","LC","CORTENOVA","2","163","2","F","","analitica","BIN","","PVP sales 2 (4432845,4497351); Storica Analitica visura per immobile - Catasto Fabbricati."
"visura-storica","LC","CORTENOVA","2","163","3","F","","analitica","BIN","","PVP sales 2 (4432880,4497463); Storica Analitica visura per immobile - Catasto Fabbricati."
"visura-storica","LC","CORTENOVA","2","163","4","F","","analitica","BIN","","PVP sales 6 (4432800,4432845,4432880,4496004,4497351 +1 more); Storica Analitica visura per immobile - Catasto Fabbricati."
"visura-storica","LC","CORTENOVA","15","436","","F","","analitica","COR","","PVP sales 3 (4372822,4468241,4564654); Storica Analitica visura per immobile - Catasto Fabbricati."
"visura-storica","LC","CORTENOVA","15","436","","T","","analitica","COR","","PVP sales 3 (4372822,4468241,4564654); Storica Analitica visura per immobile - Catasto Terreni."
"visura-storica","LC","CORTENOVA","4","1716","701","F","","analitica","COR","","PVP sales 3 (4374078,4468013,4564621); Storica Analitica visura per immobile - Catasto Fabbricati."
"visura-storica","LC","CORTENOVA","4","1716","702","F","","analitica","COR","","PVP sales 3 (4374078,4468013,4564621); Storica Analitica visura per immobile - Catasto Fabbricati."
"visura-storica","LC","CORTENOVA","4","1716","703","F","","analitica","COR","","PVP sales 3 (4372818,4468118,4564713); Storica Analitica visura per immobile - Catasto Fabbricati."
"visura-storica","LC","CORTENOVA","4","1716","708","F","","analitica","COR","","PVP sales 3 (4372818,4468118,4564713); Storica Analitica visura per immobile - Catasto Fabbricati."
"visura-storica","LC","CORTENOVA","4","3217","","F","","analitica","COR","","PVP sales 1 (4564621); Storica Analitica visura per immobile - Catasto Fabbricati."
"visura-storica","LC","CORTENOVA","4","3217","","T","","analitica","COR","","PVP sales 1 (4564621); Storica Analitica visura per immobile - Catasto Terreni."
"visura-storica","LC","CORTENOVA","9","1948","","F","","analitica","CORTENOVA","","PVP sales 3 (4374565,4469046,4565094); Storica Analitica visura per immobile - Catasto Fabbricati."
"visura-storica","LC","CORTENOVA","9","1948","","T","","analitica","CORTENOVA","","PVP sales 3 (4374565,4469046,4565094); Storica Analitica visura per immobile - Catasto Terreni."
"visura-storica","LC","CORTENOVA","9","2047","","F","","analitica","CORTENOVA","","PVP sales 3 (4374092,4468791,4564771); Storica Analitica visura per immobile - Catasto Fabbricati."
"visura-storica","LC","CORTENOVA","9","2047","","T","","analitica","CORTENOVA","","PVP sales 3 (4374092,4468791,4564771); Storica Analitica visura per immobile - Catasto Terreni."
"visura-storica","LC","CORTENOVA","9","2935","","F","","analitica","CORTENOVA","","PVP sales 3 (4374092,4468791,4564771); Storica Analitica visura per immobile - Catasto Fabbricati."
"visura-storica","LC","CORTENOVA","9","2935","","T","","analitica","CORTENOVA","","PVP sales 3 (4374092,4468791,4564771); Storica Analitica visura per immobile - Catasto Terreni."
"visura-storica","LC","CORTENOVA","9","2936","","F","","analitica","CORTENOVA","","PVP sales 3 (4374092,4468791,4564771); Storica Analitica visura per immobile - Catasto Fabbricati."
"visura-storica","LC","CORTENOVA","9","2936","","T","","analitica","CORTENOVA","","PVP sales 3 (4374092,4468791,4564771); Storica Analitica visura per immobile - Catasto Terreni."
"visura-storica","LC","CORTENOVA","9","3217","","F","","analitica","CORTENOVA","","PVP sales 2 (4374078,4468013); Storica Analitica visura per immobile - Catasto Fabbricati."
"visura-storica","LC","CORTENOVA","9","3217","","T","","analitica","CORTENOVA","","PVP sales 2 (4374078,4468013); Storica Analitica visura per immobile - Catasto Terreni."
"visura-storica","LC","CORTENOVA","9","3300","","F","","analitica","CORTENOVA","","PVP sales 3 (4374092,4468791,4564771); Storica Analitica visura per immobile - Catasto Fabbricati."
"visura-storica","LC","CORTENOVA","9","3300","","T","","analitica","CORTENOVA","","PVP sales 3 (4374092,4468791,4564771); Storica Analitica visura per immobile - Catasto Terreni."
"visura-storica","LC","CORTENOVA","9","3307","","F","","analitica","CORTENOVA","","PVP sales 3 (4374092,4468791,4564771); Storica Analitica visura per immobile - Catasto Fabbricati."
"visura-storica","LC","CORTENOVA","9","3307","","T","","analitica","CORTENOVA","","PVP sales 3 (4374092,4468791,4564771); Storica Analitica visura per immobile - Catasto Terreni."
"visura-storica","LC","CORTENOVA","9","3308","","F","","analitica","CORTENOVA","","PVP sales 3 (4374092,4468791,4564771); Storica Analitica visura per immobile - Catasto Fabbricati."
"visura-storica","LC","CORTENOVA","9","3308","","T","","analitica","CORTENOVA","","PVP sales 3 (4374092,4468791,4564771); Storica Analitica visura per immobile - Catasto Terreni."
"visura-storica","LC","COSTA MASNAGA","2","1133","","F","","analitica","","","PVP sales 1 (4528480); Storica Analitica visura per immobile - Catasto Fabbricati."
"visura-storica","LC","COSTA MASNAGA","2","1133","","T","","analitica","","","PVP sales 1 (4528480); Storica Analitica visura per immobile - Catasto Terreni."
"visura-storica","LC","COSTA MASNAGA","2","1134","","F","","analitica","","","PVP sales 1 (4528480); Storica Analitica visura per immobile - Catasto Fabbricati."
"visura-storica","LC","COSTA MASNAGA","2","1134","","T","","analitica","","","PVP sales 1 (4528480); Storica Analitica visura per immobile - Catasto Terreni."
"visura-storica","LC","COSTA MASNAGA","2","1135","","F","","analitica","","","PVP sales 1 (4528480); Storica Analitica visura per immobile - Catasto Fabbricati."
"visura-storica","LC","COSTA MASNAGA","2","1135","","T","","analitica","","","PVP sales 1 (4528480); Storica Analitica visura per immobile - Catasto Terreni."
"visura-storica","LC","COSTA MASNAGA","2","1136","","F","","analitica","","","PVP sales 1 (4528480); Storica Analitica visura per immobile - Catasto Fabbricati."
"visura-storica","LC","COSTA MASNAGA","2","1136","","T","","analitica","","","PVP sales 1 (4528480); Storica Analitica visura per immobile - Catasto Terreni."
"visura-storica","LC","COSTA MASNAGA","2","1137","","F","","analitica","","","PVP sales 1 (4528480); Storica Analitica visura per immobile - Catasto Fabbricati."
"visura-storica","LC","COSTA MASNAGA","2","1137","","T","","analitica","","","PVP sales 1 (4528480); Storica Analitica visura per immobile - Catasto Terreni."
"visura-storica","LC","COSTA MASNAGA","2","1138","","F","","analitica","","","PVP sales 1 (4528480); Storica Analitica visura per immobile - Catasto Fabbricati."
"visura-storica","LC","COSTA MASNAGA","2","1138","","T","","analitica","","","PVP sales 1 (4528480); Storica Analitica visura per immobile - Catasto Terreni."
"visura-storica","LC","COSTA MASNAGA","2","1139","","F","","analitica","","","PVP sales 1 (4528480); Storica Analitica visura per immobile - Catasto Fabbricati."
"visura-storica","LC","COSTA MASNAGA","2","1139","","T","","analitica","","","PVP sales 1 (4528480); Storica Analitica visura per immobile - Catasto Terreni."
"visura-storica","LC","COSTA MASNAGA","2","1140","","F","","analitica","","","PVP sales 1 (4528480); Storica Analitica visura per immobile - Catasto Fabbricati."
"visura-storica","LC","COSTA MASNAGA","2","1140","","T","","analitica","","","PVP sales 1 (4528480); Storica Analitica visura per immobile - Catasto Terreni."
"visura-storica","LC","COSTA MASNAGA","2","1141","","F","","analitica","","","PVP sales 1 (4528480); Storica Analitica visura per immobile - Catasto Fabbricati."
"visura-storica","LC","COSTA MASNAGA","2","1141","","T","","analitica","","","PVP sales 1 (4528480); Storica Analitica visura per immobile - Catasto Terreni."
"visura-storica","LC","COSTA MASNAGA","2","1142","","F","","analitica","","","PVP sales 1 (4528480); Storica Analitica visura per immobile - Catasto Fabbricati."
"visura-storica","LC","COSTA MASNAGA","2","1142","","T","","analitica","","","PVP sales 1 (4528480); Storica Analitica visura per immobile - Catasto Terreni."
"visura-storica","LC","COSTA MASNAGA","2","1143","","F","","analitica","","","PVP sales 1 (4528480); Storica Analitica visura per immobile - Catasto Fabbricati."
"visura-storica","LC","COSTA MASNAGA","2","1143","","T","","analitica","","","PVP sales 1 (4528480); Storica Analitica visura per immobile - Catasto Terreni."
"visura-storica","LC","COSTA MASNAGA","2","1144","","F","","analitica","","","PVP sales 1 (4528480); Storica Analitica visura per immobile - Catasto Fabbricati."
"visura-storica","LC","COSTA MASNAGA","2","1144","","T","","analitica","","","PVP sales 1 (4528480); Storica Analitica visura per immobile - Catasto Terreni."
"visura-storica","LC","COSTA MASNAGA","2","1145","","F","","analitica","","","PVP sales 1 (4528480); Storica Analitica visura per immobile - Catasto Fabbricati."
"visura-storica","LC","COSTA MASNAGA","2","1145","","T","","analitica","","","PVP sales 1 (4528480); Storica Analitica visura per immobile - Catasto Terreni."
"visura-storica","LC","COSTA MASNAGA","2","1147","","F","","analitica","","","PVP sales 1 (4528480); Storica Analitica visura per immobile - Catasto Fabbricati."
"visura-storica","LC","COSTA MASNAGA","2","1147","","T","","analitica","","","PVP sales 1 (4528480); Storica Analitica visura per immobile - Catasto Terreni."
"visura-storica","LC","COSTA MASNAGA","2","1148","","F","","analitica","","","PVP sales 1 (4528480); Storica Analitica visura per immobile - Catasto Fabbricati."
"visura-storica","LC","COSTA MASNAGA","2","1148","","T","","analitica","","","PVP sales 1 (4528480); Storica Analitica visura per immobile - Catasto Terreni."
"visura-storica","LC","COSTA MASNAGA","2","1149","","F","","analitica","","","PVP sales 1 (4528480); Storica Analitica visura per immobile - Catasto Fabbricati."
"visura-storica","LC","COSTA MASNAGA","2","1149","","T","","analitica","","","PVP sales 1 (4528480); Storica Analitica visura per immobile - Catasto Terreni."
"visura-storica","LC","COSTA MASNAGA","2","1150","","F","","analitica","","","PVP sales 1 (4528480); Storica Analitica visura per immobile - Catasto Fabbricati."
"visura-storica","LC","COSTA MASNAGA","2","1150","","T","","analitica","","","PVP sales 1 (4528480); Storica Analitica visura per immobile - Catasto Terreni."
"visura-storica","LC","COSTA MASNAGA","2","1151","","F","","analitica","","","PVP sales 1 (4528480); Storica Analitica visura per immobile - Catasto Fabbricati."
"visura-storica","LC","COSTA MASNAGA","2","1151","","T","","analitica","","","PVP sales 1 (4528480); Storica Analitica visura per immobile - Catasto Terreni."
"visura-storica","LC","COSTA MASNAGA","2","1152","","F","","analitica","","","PVP sales 1 (4528480); Storica Analitica visura per immobile - Catasto Fabbricati."
"visura-storica","LC","COSTA MASNAGA","2","1152","","T","","analitica","","","PVP sales 1 (4528480); Storica Analitica visura per immobile - Catasto Terreni."
"visura-storica","LC","COSTA MASNAGA","2","1153","","F","","analitica","","","PVP sales 1 (4528480); Storica Analitica visura per immobile - Catasto Fabbricati."
"visura-storica","LC","COSTA MASNAGA","2","1153","","T","","analitica","","","PVP sales 1 (4528480); Storica Analitica visura per immobile - Catasto Terreni."
"visura-storica","LC","COSTA MASNAGA","2","1154","","F","","analitica","","","PVP sales 1 (4528480); Storica Analitica visura per immobile - Catasto Fabbricati."
"visura-storica","LC","COSTA MASNAGA","2","1154","","T","","analitica","","","PVP sales 1 (4528480); Storica Analitica visura per immobile - Catasto Terreni."
"visura-storica","LC","COSTA MASNAGA","2","1155","","F","","analitica","","","PVP sales 1 (4528480); Storica Analitica visura per immobile - Catasto Fabbricati."
"visura-storica","LC","COSTA MASNAGA","2","1155","","T","","analitica","","","PVP sales 1 (4528480); Storica Analitica visura per immobile - Catasto Terreni."
"visura-storica","LC","COSTA MASNAGA","2","1156","","F","","analitica","","","PVP sales 1 (4528480); Storica Analitica visura per immobile - Catasto Fabbricati."
"visura-storica","LC","COSTA MASNAGA","2","1156","","T","","analitica","","","PVP sales 1 (4528480); Storica Analitica visura per immobile - Catasto Terreni."
"visura-storica","LC","COSTA MASNAGA","3","1757","","F","","analitica","","","PVP sales 1 (4512779); Storica Analitica visura per immobile - Catasto Fabbricati."
"visura-storica","LC","COSTA MASNAGA","3","1757","","T","","analitica","","","PVP sales 1 (4512779); Storica Analitica visura per immobile - Catasto Terreni."
"visura-storica","LC","COSTA MASNAGA","3","1943","","F","","analitica","","","PVP sales 1 (4512779); Storica Analitica visura per immobile - Catasto Fabbricati."
"visura-storica","LC","COSTA MASNAGA","3","1943","","T","","analitica","","","PVP sales 1 (4512779); Storica Analitica visura per immobile - Catasto Terreni."
"visura-storica","LC","COSTA MASNAGA","3","1944","","F","","analitica","","","PVP sales 1 (4512779); Storica Analitica visura per immobile - Catasto Fabbricati."
"visura-storica","LC","COSTA MASNAGA","3","1944","","T","","analitica","","","PVP sales 1 (4512779); Storica Analitica visura per immobile - Catasto Terreni."
"visura-storica","LC","COSTA MASNAGA","3","1945","","F","","analitica","","","PVP sales 1 (4512779); Storica Analitica visura per immobile - Catasto Fabbricati."
"visura-storica","LC","COSTA MASNAGA","3","1945","","T","","analitica","","","PVP sales 1 (4512779); Storica Analitica visura per immobile - Catasto Terreni."
"visura-storica","LC","COSTA MASNAGA","3","1946","","F","","analitica","","","PVP sales 1 (4512779); Storica Analitica visura per immobile - Catasto Fabbricati."
"visura-storica","LC","COSTA MASNAGA","3","1946","","T","","analitica","","","PVP sales 1 (4512779); Storica Analitica visura per immobile - Catasto Terreni."
"visura-storica","LC","COSTA MASNAGA","3","1948","","F","","analitica","","","PVP sales 1 (4512779); Storica Analitica visura per immobile - Catasto Fabbricati."
"visura-storica","LC","COSTA MASNAGA","3","1948","","T","","analitica","","","PVP sales 1 (4512779); Storica Analitica visura per immobile - Catasto Terreni."
"visura-storica","LC","COSTA MASNAGA","3","1952","","F","","analitica","","","PVP sales 1 (4512779); Storica Analitica visura per immobile - Catasto Fabbricati."
"visura-storica","LC","COSTA MASNAGA","3","1952","","T","","analitica","","","PVP sales 1 (4512779); Storica Analitica visura per immobile - Catasto Terreni."
"visura-storica","LC","COSTA MASNAGA","3","1955","","F","","analitica","","","PVP sales 1 (4512779); Storica Analitica visura per immobile - Catasto Fabbricati."
"visura-storica","LC","COSTA MASNAGA","3","1955","","T","","analitica","","","PVP sales 1 (4512779); Storica Analitica visura per immobile - Catasto Terreni."
"visura-storica","LC","COSTA MASNAGA","3","670","","F","","analitica","","","PVP sales 1 (4512779); Storica Analitica visura per immobile - Catasto Fabbricati."
"visura-storica","LC","COSTA MASNAGA","3","670","","T","","analitica","","","PVP sales 1 (4512779); Storica Analitica visura per immobile - Catasto Terreni."
"visura-storica","LC","COSTA MASNAGA","3","673","","F","","analitica","","","PVP sales 1 (4512779); Storica Analitica visura per immobile - Catasto Fabbricati."
"visura-storica","LC","COSTA MASNAGA","3","673","","T","","analitica","","","PVP sales 1 (4512779); Storica Analitica visura per immobile - Catasto Terreni."
"visura-storica","LC","COSTA MASNAGA","4","1146","","F","","analitica","","","PVP sales 1 (4528480); Storica Analitica visura per immobile - Catasto Fabbricati."
"visura-storica","LC","COSTA MASNAGA","4","1146","","T","","analitica","","","PVP sales 1 (4528480); Storica Analitica visura per immobile - Catasto Terreni."
"visura-storica","LC","COSTA MASNAGA","2","1599","23","F","","analitica","CEN","","PVP sales 1 (4508080); Storica Analitica visura per immobile - Catasto Fabbricati."
"visura-storica","LC","COSTA MASNAGA","2","1599","30","F","","analitica","CEN","","PVP sales 1 (4508080); Storica Analitica visura per immobile - Catasto Fabbricati."
"visura-storica","LC","COSTA MASNAGA","2","1599","59","F","","analitica","CEN","","PVP sales 1 (4508080); Storica Analitica visura per immobile - Catasto Fabbricati."
"visura-storica","LC","COSTA MASNAGA","2","615","701","F","","analitica","CEN","","PVP sales 1 (4548123); Storica Analitica visura per immobile - Catasto Fabbricati."
"visura-storica","LC","COSTA MASNAGA","3","1886","712","F","","analitica","CEN","","PVP sales 1 (4438338); Storica Analitica visura per immobile - Catasto Fabbricati."
"visura-storica","LC","COSTA MASNAGA","3","1886","720","F","","analitica","CEN","","PVP sales 2 (4438252,4512779); Storica Analitica visura per immobile - Catasto Fabbricati."
"visura-storica","LC","COSTA MASNAGA","3","1955","","F","","analitica","CEN","","PVP sales 2 (4438252,4512779); Storica Analitica visura per immobile - Catasto Fabbricati."
"visura-storica","LC","COSTA MASNAGA","3","1955","","T","","analitica","CEN","","PVP sales 2 (4438252,4512779); Storica Analitica visura per immobile - Catasto Terreni."
"visura-storica","LC","CREMENO","18","342","3","F","","analitica","","","PVP sales 1 (564091); Storica Analitica visura per immobile - Catasto Fabbricati."
"visura-storica","LC","CREMENO","2","449","703","F","","analitica","","","PVP sales 1 (2134724); Storica Analitica visura per immobile - Catasto Fabbricati."
"visura-storica","LC","DERVIO","4","5093","703","F","","analitica","","","PVP sales 1 (1468912); Storica Analitica visura per immobile - Catasto Fabbricati."
"visura-storica","LC","DERVIO","4","5093","705","F","","analitica","","","PVP sales 1 (1468917); Storica Analitica visura per immobile - Catasto Fabbricati."
"visura-storica","LC","DERVIO","4","5093","709","F","","analitica","","","PVP sales 1 (1468913); Storica Analitica visura per immobile - Catasto Fabbricati."
"visura-storica","LC","DERVIO","4","5093","712","F","","analitica","","","PVP sales 1 (1468905); Storica Analitica visura per immobile - Catasto Fabbricati."
"visura-storica","LC","DERVIO","4","5093","714","F","","analitica","","","PVP sales 1 (1468905); Storica Analitica visura per immobile - Catasto Fabbricati."
"visura-storica","LC","DERVIO","4","5093","716","F","","analitica","","","PVP sales 1 (1468912); Storica Analitica visura per immobile - Catasto Fabbricati."
"visura-storica","LC","DERVIO","4","5093","719","F","","analitica","","","PVP sales 1 (1468913); Storica Analitica visura per immobile - Catasto Fabbricati."
"visura-storica","LC","DERVIO","4","3482","7","F","","analitica","DER","","PVP sales 1 (4540409); Storica Analitica visura per immobile - Catasto Fabbricati."
"visura-storica","LC","DERVIO","4","3482","702","F","","analitica","DER","","PVP sales 1 (4540409); Storica Analitica visura per immobile - Catasto Fabbricati."
"visura-storica","LC","DERVIO","4","3482","8","F","","analitica","DER","","PVP sales 1 (4540431); Storica Analitica visura per immobile - Catasto Fabbricati."
"visura-storica","LC","DORIO","16","5224","10","F","","analitica","","","PVP sales 1 (4471384); Storica Analitica visura per immobile - Catasto Fabbricati."
"visura-storica","LC","DORIO","16","5224","3","F","","analitica","","","PVP sales 1 (4471329); Storica Analitica visura per immobile - Catasto Fabbricati."
"visura-storica","LC","DORIO","16","5224","4","F","","analitica","","","PVP sales 1 (4471384); Storica Analitica visura per immobile - Catasto Fabbricati."
"visura-storica","LC","DORIO","16","5224","9","F","","analitica","","","PVP sales 1 (4471329); Storica Analitica visura per immobile - Catasto Fabbricati."
"visura-storica","LC","ESINO LARIO","4","115","702","F","","analitica","INF","","PVP sales 1 (4241819); Storica Analitica visura per immobile - Catasto Fabbricati."
"visura-storica","LC","GALBIATE","3","2378","705","F","","analitica","","","PVP sales 6 (286923,287017,287040,553766,553797 +1 more); Storica Analitica visura per immobile - Catasto Fabbricati."
"visura-storica","LC","GALBIATE","4","436","732","F","","analitica","SAL","","PVP sales 1 (4243498); Storica Analitica visura per immobile - Catasto Fabbricati."
"visura-storica","LC","GALBIATE","4","436","749","F","","analitica","SAL","","PVP sales 1 (4243498); Storica Analitica visura per immobile - Catasto Fabbricati."
"visura-storica","LC","GALBIATE","6","622","704","F","","analitica","VIL","","PVP sales 1 (4564525); Storica Analitica visura per immobile - Catasto Fabbricati."
"visura-storica","LC","GALBIATE","6","622","705","F","","analitica","VIL","","PVP sales 1 (4564525); Storica Analitica visura per immobile - Catasto Fabbricati."
"visura-storica","LC","GARLATE","4","1716","27","F","","analitica","","","PVP sales 1 (674955); Storica Analitica visura per immobile - Catasto Fabbricati."
"visura-storica","LC","INTROBIO","32","2748","701","F","","analitica","","","PVP sales 2 (4432635,4508137); Storica Analitica visura per immobile - Catasto Fabbricati."
"visura-storica","LC","INTROBIO","32","2748","704","F","","analitica","","","PVP sales 2 (4432594,4508088); Storica Analitica visura per immobile - Catasto Fabbricati."
"visura-storica","LC","INTROBIO","32","33","701","F","","analitica","","","PVP sales 1 (2148658); Storica Analitica visura per immobile - Catasto Fabbricati."
"visura-storica","LC","INTROBIO","32","33","702","F","","analitica","","","PVP sales 1 (2148658); Storica Analitica visura per immobile - Catasto Fabbricati."
"visura-storica","LC","INTROBIO","32","33","706","F","","analitica","","","PVP sales 1 (2148658); Storica Analitica visura per immobile - Catasto Fabbricati."
"visura-storica","LC","INTROBIO","9","3360","","F","","analitica","","","PVP sales 3 (4432594,4432635,4508137); Storica Analitica visura per immobile - Catasto Fabbricati."
"visura-storica","LC","INTROBIO","9","3360","","T","","analitica","","","PVP sales 3 (4432594,4432635,4508137); Storica Analitica visura per immobile - Catasto Terreni."
"visura-storica","LC","LA VALLETTA BRIANZA","4","283","4","F","","analitica","","","PVP sales 1 (1868823); Storica Analitica visura per immobile - Catasto Fabbricati."
"visura-storica","LC","LA VALLETTA BRIANZA","4","877","701","F","","analitica","","","PVP sales 1 (1868823); Storica Analitica visura per immobile - Catasto Fabbricati."
"visura-storica","LC","LA VALLETTA BRIANZA","6","446","1","F","","analitica","","","PVP sales 1 (2098747); Storica Analitica visura per immobile - Catasto Fabbricati."
"visura-storica","LC","LA VALLETTA BRIANZA","6","471","1","F","","analitica","","","PVP sales 1 (4435901); Storica Analitica visura per immobile - Catasto Fabbricati."
"visura-storica","LC","LA VALLETTA BRIANZA","6","471","35","F","","analitica","","","PVP sales 1 (4435901); Storica Analitica visura per immobile - Catasto Fabbricati."
"visura-storica","LC","LA VALLETTA BRIANZA","9","1419","","F","","analitica","BAGAGGERA","","PVP sales 1 (548538); Storica Analitica visura per immobile - Catasto Fabbricati."
"visura-storica","LC","LA VALLETTA BRIANZA","9","1419","","T","","analitica","BAGAGGERA","","PVP sales 1 (548538); Storica Analitica visura per immobile - Catasto Terreni."
"visura-storica","LC","LA VALLETTA BRIANZA","6","446","1","F","","analitica","ROV","","PVP sales 2 (1831111,2051879); Storica Analitica visura per immobile - Catasto Fabbricati."
"visura-storica","LC","LA VALLETTA BRIANZA","2","1418","702","F","","analitica","ROVAGNATE","","PVP sales 1 (548577); Storica Analitica visura per immobile - Catasto Fabbricati."
"visura-storica","LC","LA VALLETTA BRIANZA","2","1529","","F","","analitica","ROVAGNATE","","PVP sales 1 (548577); Storica Analitica visura per immobile - Catasto Fabbricati."
"visura-storica","LC","LA VALLETTA BRIANZA","2","1529","","T","","analitica","ROVAGNATE","","PVP sales 1 (548577); Storica Analitica visura per immobile - Catasto Terreni."
"visura-storica","LC","LA VALLETTA BRIANZA","2","186","708","F","","analitica","ROVAGNATE","","PVP sales 1 (548538); Storica Analitica visura per immobile - Catasto Fabbricati."
"visura-storica","LC","LA VALLETTA BRIANZA","2","187","701","F","","analitica","ROVAGNATE","","PVP sales 2 (548538,548577); Storica Analitica visura per immobile - Catasto Fabbricati."
"visura-storica","LC","LECCO","1","95","702","F","","analitica","","","PVP sales 1 (1552005); Storica Analitica visura per immobile - Catasto Fabbricati."
"visura-storica","LC","LECCO","1","95","703","F","","analitica","","","PVP sales 1 (1552005); Storica Analitica visura per immobile - Catasto Fabbricati."
"visura-storica","LC","LECCO","19","262","717","F","","analitica","","","PVP sales 1 (1552005); Storica Analitica visura per immobile - Catasto Fabbricati."
"visura-storica","LC","LECCO","19","262","720","F","","analitica","","","PVP sales 1 (1552005); Storica Analitica visura per immobile - Catasto Fabbricati."
"visura-storica","LC","LECCO","2","2034","1","F","","analitica","","","PVP sales 1 (2027872); Storica Analitica visura per immobile - Catasto Fabbricati."
"visura-storica","LC","LECCO","2","2034","2","F","","analitica","","","PVP sales 1 (2027872); Storica Analitica visura per immobile - Catasto Fabbricati."
"visura-storica","LC","LECCO","3","2484","718","F","","analitica","","","PVP sales 1 (4422916); Storica Analitica visura per immobile - Catasto Fabbricati."
"visura-storica","LC","LECCO","3","2484","736","F","","analitica","","","PVP sales 1 (4422916); Storica Analitica visura per immobile - Catasto Fabbricati."
"visura-storica","LC","LECCO","4","704","18","F","","analitica","","","PVP sales 1 (1551613); Storica Analitica visura per immobile - Catasto Fabbricati."
"visura-storica","LC","LECCO","4","704","2","F","","analitica","","","PVP sales 1 (1551613); Storica Analitica visura per immobile - Catasto Fabbricati."
"visura-storica","LC","LECCO","5","1255","2","F","","analitica","","","PVP sales 1 (1230510); Storica Analitica visura per immobile - Catasto Fabbricati."
"visura-storica","LC","LECCO","5","2861","1","F","","analitica","","","PVP sales 1 (4229048); Storica Analitica visura per immobile - Catasto Fabbricati."
"visura-storica","LC","LECCO","5","2861","2","F","","analitica","","","PVP sales 1 (4229048); Storica Analitica visura per immobile - Catasto Fabbricati."
"visura-storica","LC","LECCO","7","100","1","F","","analitica","","","PVP sales 1 (4448909); Storica Analitica visura per immobile - Catasto Fabbricati."
"visura-storica","LC","LECCO","7","100","2","F","","analitica","","","PVP sales 1 (4448909); Storica Analitica visura per immobile - Catasto Fabbricati."
"visura-storica","LC","LECCO","9","1685","","F","","analitica","","","PVP sales 1 (4546943); Storica Analitica visura per immobile - Catasto Fabbricati."
"visura-storica","LC","LECCO","9","1685","","T","","analitica","","","PVP sales 1 (4546943); Storica Analitica visura per immobile - Catasto Terreni."
"visura-storica","LC","LECCO","9","1686","","F","","analitica","","","PVP sales 1 (4546943); Storica Analitica visura per immobile - Catasto Fabbricati."
"visura-storica","LC","LECCO","9","1686","","T","","analitica","","","PVP sales 1 (4546943); Storica Analitica visura per immobile - Catasto Terreni."
"visura-storica","LC","LECCO","9","2061","","F","","analitica","","","PVP sales 1 (4229001); Storica Analitica visura per immobile - Catasto Fabbricati."
"visura-storica","LC","LECCO","9","2061","","T","","analitica","","","PVP sales 1 (4229001); Storica Analitica visura per immobile - Catasto Terreni."
"visura-storica","LC","LECCO","9","3624","","F","","analitica","","","PVP sales 1 (4229048); Storica Analitica visura per immobile - Catasto Fabbricati."
"visura-storica","LC","LECCO","9","3624","","T","","analitica","","","PVP sales 1 (4229048); Storica Analitica visura per immobile - Catasto Terreni."
"visura-storica","LC","LECCO","9","3625","","F","","analitica","","","PVP sales 1 (4229048); Storica Analitica visura per immobile - Catasto Fabbricati."
"visura-storica","LC","LECCO","9","3625","","T","","analitica","","","PVP sales 1 (4229048); Storica Analitica visura per immobile - Catasto Terreni."
"visura-storica","LC","LECCO","9","3627","","F","","analitica","","","PVP sales 1 (4229048); Storica Analitica visura per immobile - Catasto Fabbricati."
"visura-storica","LC","LECCO","9","3627","","T","","analitica","","","PVP sales 1 (4229048); Storica Analitica visura per immobile - Catasto Terreni."
"visura-storica","LC","LECCO","3","1685","","F","","analitica","AIR","","PVP sales 1 (4546943); Storica Analitica visura per immobile - Catasto Fabbricati."
"visura-storica","LC","LECCO","3","1685","","T","","analitica","AIR","","PVP sales 1 (4546943); Storica Analitica visura per immobile - Catasto Terreni."
"visura-storica","LC","LECCO","1","1402","25","F","","analitica","CAS","","PVP sales 1 (4500281); Storica Analitica visura per immobile - Catasto Fabbricati."
"visura-storica","LC","LECCO","2","2663","701","F","","analitica","CAS","","PVP sales 1 (2178243); Storica Analitica visura per immobile - Catasto Fabbricati."
"visura-storica","LC","LECCO","2","2663","704","F","","analitica","CAS","","PVP sales 1 (2178243); Storica Analitica visura per immobile - Catasto Fabbricati."
"visura-storica","LC","LECCO","3","2605","707","F","","analitica","CAS","","PVP sales 1 (4537475); Storica Analitica visura per immobile - Catasto Fabbricati."
"visura-storica","LC","LECCO","3","2605","713","F","","analitica","CAS","","PVP sales 1 (4537475); Storica Analitica visura per immobile - Catasto Fabbricati."
"visura-storica","LC","LECCO","3","2605","717","F","","analitica","CAS","","PVP sales 1 (4537475); Storica Analitica visura per immobile - Catasto Fabbricati."
"visura-storica","LC","LECCO","3","2605","720","F","","analitica","CAS","","PVP sales 1 (4537475); Storica Analitica visura per immobile - Catasto Fabbricati."
"visura-storica","LC","LECCO","2","1480","7","F","","analitica","GER","","PVP sales 1 (4432812); Storica Analitica visura per immobile - Catasto Fabbricati."
"visura-storica","LC","LECCO","5","1307","713","F","","analitica","GER","","PVP sales 1 (1906938); Storica Analitica visura per immobile - Catasto Fabbricati."
"visura-storica","LC","LECCO","5","1965","4","F","","analitica","GER","","PVP sales 1 (1906938); Storica Analitica visura per immobile - Catasto Fabbricati."
"visura-storica","LC","LECCO","3","1121","504","F","","analitica","LEC","","PVP sales 1 (4520192); Storica Analitica visura per immobile - Catasto Fabbricati."
"visura-storica","LC","LECCO","7","769","741","F","","analitica","RAN","","PVP sales 1 (211080); Storica Analitica visura per immobile - Catasto Fabbricati."
"visura-storica","LC","LECCO","7","769","866","F","","analitica","RAN","","PVP sales 1 (211080); Storica Analitica visura per immobile - Catasto Fabbricati."
"visura-storica","LC","LECCO","7","769","930","F","","analitica","RAN","","PVP sales 1 (211080); Storica Analitica visura per immobile - Catasto Fabbricati."
"visura-storica","LC","LECCO","5","1255","2","F","","analitica","SG","","PVP sales 1 (1747456); Storica Analitica visura per immobile - Catasto Fabbricati."
"visura-storica","LC","LECCO","5","1917","1","F","","analitica","SG","","PVP sales 1 (4537469); Storica Analitica visura per immobile - Catasto Fabbricati."
"visura-storica","LC","LECCO","5","1917","7","F","","analitica","SG","","PVP sales 1 (4537469); Storica Analitica visura per immobile - Catasto Fabbricati."
"visura-storica","LC","LOMAGNA","4","3972","11","F","","analitica","","","PVP sales 1 (4509409); Storica Analitica visura per immobile - Catasto Fabbricati."
"visura-storica","LC","LOMAGNA","4","3972","12","F","","analitica","","","PVP sales 1 (4509409); Storica Analitica visura per immobile - Catasto Fabbricati."
"visura-storica","LC","LOMAGNA","4","3972","13","F","","analitica","","","PVP sales 1 (4509409); Storica Analitica visura per immobile - Catasto Fabbricati."
"visura-storica","LC","LOMAGNA","4","3972","23","F","","analitica","","","PVP sales 1 (4509409); Storica Analitica visura per immobile - Catasto Fabbricati."
"visura-storica","LC","MALGRATE","2","1919","","F","","analitica","","","PVP sales 1 (403474); Storica Analitica visura per immobile - Catasto Fabbricati."
"visura-storica","LC","MALGRATE","2","1919","","T","","analitica","","","PVP sales 1 (403474); Storica Analitica visura per immobile - Catasto Terreni."
"visura-storica","LC","MANDELLO DEL LARIO","13","2846","1","F","","analitica","","","PVP sales 1 (1887810); Storica Analitica visura per immobile - Catasto Fabbricati."
"visura-storica","LC","MANDELLO DEL LARIO","16","119","704","F","","analitica","","","PVP sales 1 (478793); Storica Analitica visura per immobile - Catasto Fabbricati."
"visura-storica","LC","MANDELLO DEL LARIO","24","2075","","F","","analitica","","","PVP sales 3 (4456814,4505656,4549206); Storica Analitica visura per immobile - Catasto Fabbricati."
"visura-storica","LC","MANDELLO DEL LARIO","24","2075","","T","","analitica","","","PVP sales 3 (4456814,4505656,4549206); Storica Analitica visura per immobile - Catasto Terreni."
"visura-storica","LC","MANDELLO DEL LARIO","19","3961","78","F","","analitica","MAN","","PVP sales 1 (491442); Storica Analitica visura per immobile - Catasto Fabbricati."
"visura-storica","LC","MERATE","10","946","709","F","","analitica","","","PVP sales 1 (151933); Storica Analitica visura per immobile - Catasto Fabbricati."
"visura-storica","LC","MERATE","10","946","718","F","","analitica","","","PVP sales 1 (151933); Storica Analitica visura per immobile - Catasto Fabbricati."
"visura-storica","LC","MERATE","10","946","719","F","","analitica","","","PVP sales 1 (151933); Storica Analitica visura per immobile - Catasto Fabbricati."
"visura-storica","LC","MERATE","10","946","724","F","","analitica","","","PVP sales 1 (151933); Storica Analitica visura per immobile - Catasto Fabbricati."
"visura-storica","LC","MERATE","3","1320","3","F","","analitica","MER","","PVP sales 1 (4545160); Storica Analitica visura per immobile - Catasto Fabbricati."
"visura-storica","LC","MERATE","3","1320","50","F","","analitica","MER","","PVP sales 1 (4545160); Storica Analitica visura per immobile - Catasto Fabbricati."
"visura-storica","LC","MERATE","5","1319","704","F","","analitica","MER","","PVP sales 2 (4409859,4465403); Storica Analitica visura per immobile - Catasto Fabbricati."
"visura-storica","LC","MERATE","5","1319","706","F","","analitica","MER","","PVP sales 2 (4409859,4465403); Storica Analitica visura per immobile - Catasto Fabbricati."
"visura-storica","LC","MERATE","5","1319","707","F","","analitica","MER","","PVP sales 2 (4409859,4465403); Storica Analitica visura per immobile - Catasto Fabbricati."
"visura-storica","LC","MERATE","5","1319","708","F","","analitica","MER","","PVP sales 2 (4409859,4465403); Storica Analitica visura per immobile - Catasto Fabbricati."
"visura-storica","LC","MERATE","5","1319","709","F","","analitica","MER","","PVP sales 2 (4409859,4465403); Storica Analitica visura per immobile - Catasto Fabbricati."
"visura-storica","LC","MERATE","7","705","34","F","","analitica","MER","","PVP sales 2 (4445277,4500271); Storica Analitica visura per immobile - Catasto Fabbricati."
"visura-storica","LC","MERATE","2","133","733","F","","analitica","NOV","","PVP sales 2 (4406433,4466156); Storica Analitica visura per immobile - Catasto Fabbricati."
"visura-storica","LC","MERATE","2","133","735","F","","analitica","NOV","","PVP sales 2 (4406433,4466156); Storica Analitica visura per immobile - Catasto Fabbricati."
"visura-storica","LC","MERATE","5","350","701","F","","analitica","SAB","","PVP sales 1 (2164926); Storica Analitica visura per immobile - Catasto Fabbricati."
"visura-storica","LC","MERATE","6","1290","7","F","","analitica","SAB","","PVP sales 1 (2127358); Storica Analitica visura per immobile - Catasto Fabbricati."
"visura-storica","LC","MERATE","6","137","20","F","","analitica","SAB","","PVP sales 1 (1875953); Storica Analitica visura per immobile - Catasto Fabbricati."
"visura-storica","LC","MERATE","6","137","53","F","","analitica","SAB","","PVP sales 1 (1875953); Storica Analitica visura per immobile - Catasto Fabbricati."
"visura-storica","LC","MERATE","6","922","2","F","","analitica","SAB","","PVP sales 1 (2127358); Storica Analitica visura per immobile - Catasto Fabbricati."
"visura-storica","LC","MERATE","9","350","","F","","analitica","SAB","","PVP sales 1 (2164926); Storica Analitica visura per immobile - Catasto Fabbricati."
"visura-storica","LC","MERATE","9","350","","T","","analitica","SAB","","PVP sales 1 (2164926); Storica Analitica visura per immobile - Catasto Terreni."
"visura-storica","LC","MISSAGLIA","1","107","","F","","analitica","","","PVP sales 2 (4495344,4546859); Storica Analitica visura per immobile - Catasto Fabbricati."
"visura-storica","LC","MISSAGLIA","1","107","","T","","analitica","","","PVP sales 2 (4495344,4546859); Storica Analitica visura per immobile - Catasto Terreni."
"visura-storica","LC","MISSAGLIA","1","1652","","F","","analitica","","","PVP sales 2 (4495344,4546859); Storica Analitica visura per immobile - Catasto Fabbricati."
"visura-storica","LC","MISSAGLIA","1","1652","","T","","analitica","","","PVP sales 2 (4495344,4546859); Storica Analitica visura per immobile - Catasto Terreni."
"visura-storica","LC","MISSAGLIA","1","1653","","F","","analitica","","","PVP sales 2 (4495344,4546859); Storica Analitica visura per immobile - Catasto Fabbricati."
"visura-storica","LC","MISSAGLIA","1","1653","","T","","analitica","","","PVP sales 2 (4495344,4546859); Storica Analitica visura per immobile - Catasto Terreni."
"visura-storica","LC","MISSAGLIA","2","21","702","F","","analitica","","","PVP sales 1 (4485401); Storica Analitica visura per immobile - Catasto Fabbricati."
"visura-storica","LC","MISSAGLIA","3","388","707","F","","analitica","CON","","PVP sales 1 (4253344); Storica Analitica visura per immobile - Catasto Fabbricati."
"visura-storica","LC","MISSAGLIA","4","2086","701","F","","analitica","CON","","PVP sales 2 (4495344,4546859); Storica Analitica visura per immobile - Catasto Fabbricati."
"visura-storica","LC","MISSAGLIA","4","2087","","F","","analitica","CON","","PVP sales 2 (4495344,4546859); Storica Analitica visura per immobile - Catasto Fabbricati."
"visura-storica","LC","MISSAGLIA","4","2087","","T","","analitica","CON","","PVP sales 2 (4495344,4546859); Storica Analitica visura per immobile - Catasto Terreni."
"visura-storica","LC","MOLTENO","9","1451","2","F","","analitica","","","PVP sales 1 (4471058); Storica Analitica visura per immobile - Catasto Fabbricati."
"visura-storica","LC","MOLTENO","9","1451","3","F","","analitica","","","PVP sales 1 (4471058); Storica Analitica visura per immobile - Catasto Fabbricati."
"visura-storica","LC","MOLTENO","9","1451","4","F","","analitica","","","PVP sales 1 (4471058); Storica Analitica visura per immobile - Catasto Fabbricati."
"visura-storica","LC","MONTE MARENZO","5","1332","","F","","analitica","","","PVP sales 1 (2126239); Storica Analitica visura per immobile - Catasto Fabbricati."
"visura-storica","LC","MONTE MARENZO","5","1332","","T","","analitica","","","PVP sales 1 (2126239); Storica Analitica visura per immobile - Catasto Terreni."
"visura-storica","LC","MONTE MARENZO","5","604","1","F","","analitica","","","PVP sales 1 (462823); Storica Analitica visura per immobile - Catasto Fabbricati."
"visura-storica","LC","MONTEVECCHIA","9","1314","701","F","","analitica","","","PVP sales 1 (1853285); Storica Analitica visura per immobile - Catasto Fabbricati."
"visura-storica","LC","MONTEVECCHIA","9","498","712","F","","analitica","","","PVP sales 1 (4469892); Storica Analitica visura per immobile - Catasto Fabbricati."
"visura-storica","LC","MONTEVECCHIA","9","498","721","F","","analitica","","","PVP sales 1 (4469892); Storica Analitica visura per immobile - Catasto Fabbricati."
"visura-storica","LC","MONTICELLO BRIANZA","6","3315","10","F","","analitica","MON","","PVP sales 1 (4559445); Storica Analitica visura per immobile - Catasto Fabbricati."
"visura-storica","LC","MONTICELLO BRIANZA","6","382","4","F","","analitica","MON","","PVP sales 1 (4466602); Storica Analitica visura per immobile - Catasto Fabbricati."
"visura-storica","LC","MONTICELLO BRIANZA","6","761","702","F","","analitica","MON","","PVP sales 1 (4547163); Storica Analitica visura per immobile - Catasto Fabbricati."
"visura-storica","LC","MONTICELLO BRIANZA","6","923","706","F","","analitica","MON","","PVP sales 1 (4559445); Storica Analitica visura per immobile - Catasto Fabbricati."
"visura-storica","LC","NIBIONNO","1","2729","","F","","analitica","","","PVP sales 1 (2223592); Storica Analitica visura per immobile - Catasto Fabbricati."
"visura-storica","LC","NIBIONNO","1","2729","","T","","analitica","","","PVP sales 1 (2223592); Storica Analitica visura per immobile - Catasto Terreni."
"visura-storica","LC","NIBIONNO","1","2729","1","F","","analitica","","","PVP sales 1 (2223592); Storica Analitica visura per immobile - Catasto Fabbricati."
"visura-storica","LC","NIBIONNO","1","2729","2","F","","analitica","","","PVP sales 1 (2223592); Storica Analitica visura per immobile - Catasto Fabbricati."
"visura-storica","LC","NIBIONNO","1","2729","3","F","","analitica","","","PVP sales 1 (2223592); Storica Analitica visura per immobile - Catasto Fabbricati."
"visura-storica","LC","NIBIONNO","6","55","707","F","","analitica","","","PVP sales 1 (91555); Storica Analitica visura per immobile - Catasto Fabbricati."
"visura-storica","LC","OGGIONO","11","5065","721","F","","analitica","","","PVP sales 1 (309843); Storica Analitica visura per immobile - Catasto Fabbricati."
"visura-storica","LC","OGGIONO","11","5527","751","F","","analitica","","","PVP sales 1 (482241); Storica Analitica visura per immobile - Catasto Fabbricati."
"visura-storica","LC","OGGIONO","3","3430","760","F","","analitica","","","PVP sales 1 (2146633); Storica Analitica visura per immobile - Catasto Fabbricati."
"visura-storica","LC","OGGIONO","6","1427","701","F","","analitica","","","PVP sales 3 (4413017,4463041,4524761); Storica Analitica visura per immobile - Catasto Fabbricati."
"visura-storica","LC","OGGIONO","5","1321","707","F","","analitica","OGG","","PVP sales 1 (1960393); Storica Analitica visura per immobile - Catasto Fabbricati."
"visura-storica","LC","OGGIONO","5","1321","712","F","","analitica","OGG","","PVP sales 1 (1960393); Storica Analitica visura per immobile - Catasto Fabbricati."
"visura-storica","LC","OGGIONO","6","2943","505","F","","analitica","OGG","","PVP sales 1 (4506209); Storica Analitica visura per immobile - Catasto Fabbricati."
"visura-storica","LC","OGGIONO","6","2943","510","F","","analitica","OGG","","PVP sales 1 (4507042); Storica Analitica visura per immobile - Catasto Fabbricati."
"visura-storica","LC","OLGIATE MOLGORA","3","3613","1","F","","analitica","","","PVP sales 1 (4253921); Storica Analitica visura per immobile - Catasto Fabbricati."
"visura-storica","LC","OLGIATE MOLGORA","9","66","","F","","analitica","","","PVP sales 1 (1874102); Storica Analitica visura per immobile - Catasto Fabbricati."
"visura-storica","LC","OLGIATE MOLGORA","9","66","","T","","analitica","","","PVP sales 1 (1874102); Storica Analitica visura per immobile - Catasto Terreni."
"visura-storica","LC","OLGIATE MOLGORA","5","420","12","F","","analitica","MON","","PVP sales 1 (4504610); Storica Analitica visura per immobile - Catasto Fabbricati."
"visura-storica","LC","OLGIATE MOLGORA","5","420","13","F","","analitica","MON","","PVP sales 1 (4504717); Storica Analitica visura per immobile - Catasto Fabbricati."
"visura-storica","LC","OLGIATE MOLGORA","5","420","17","F","","analitica","MON","","PVP sales 1 (4504610); Storica Analitica visura per immobile - Catasto Fabbricati."
"visura-storica","LC","OLGIATE MOLGORA","5","420","8","F","","analitica","MON","","PVP sales 1 (4504717); Storica Analitica visura per immobile - Catasto Fabbricati."
"visura-storica","LC","OLGIATE MOLGORA","4","1478","704","F","","analitica","OLG","","PVP sales 1 (4537193); Storica Analitica visura per immobile - Catasto Fabbricati."
"visura-storica","LC","OLGIATE MOLGORA","4","1478","714","F","","analitica","OLG","","PVP sales 1 (4537193); Storica Analitica visura per immobile - Catasto Fabbricati."
"visura-storica","LC","OLGIATE MOLGORA","4","1478","716","F","","analitica","OLG","","PVP sales 1 (4537193); Storica Analitica visura per immobile - Catasto Fabbricati."
"visura-storica","LC","OLGIATE MOLGORA","6","1461","19","F","","analitica","OLG","","PVP sales 1 (4572639); Storica Analitica visura per immobile - Catasto Fabbricati."
"visura-storica","LC","OLGIATE MOLGORA","6","1461","2","F","","analitica","OLG","","PVP sales 1 (4572639); Storica Analitica visura per immobile - Catasto Fabbricati."
"visura-storica","LC","OLGINATE","3","253","10","F","","analitica","","","PVP sales 1 (2065031); Storica Analitica visura per immobile - Catasto Fabbricati."
"visura-storica","LC","OLGINATE","3","3430","743","F","","analitica","","","PVP sales 1 (2146646); Storica Analitica visura per immobile - Catasto Fabbricati."
"visura-storica","LC","OLGINATE","3","3430","744","F","","analitica","","","PVP sales 1 (2146637); Storica Analitica visura per immobile - Catasto Fabbricati."
"visura-storica","LC","OLGINATE","3","3430","745","F","","analitica","","","PVP sales 1 (2146681); Storica Analitica visura per immobile - Catasto Fabbricati."
"visura-storica","LC","OLGINATE","3","380","13","F","","analitica","","","PVP sales 1 (4244639); Storica Analitica visura per immobile - Catasto Fabbricati."
"visura-storica","LC","OLGINATE","9","3371","","F","","analitica","","","PVP sales 1 (2245633); Storica Analitica visura per immobile - Catasto Fabbricati."
"visura-storica","LC","OLGINATE","9","3371","","T","","analitica","","","PVP sales 1 (2245633); Storica Analitica visura per immobile - Catasto Terreni."
"visura-storica","LC","OLGINATE","9","3403","","F","","analitica","","","PVP sales 1 (2245633); Storica Analitica visura per immobile - Catasto Fabbricati."
"visura-storica","LC","OLGINATE","9","3403","","T","","analitica","","","PVP sales 1 (2245633); Storica Analitica visura per immobile - Catasto Terreni."
"visura-storica","LC","OLGINATE","1","567","3","F","","analitica","CAP","","PVP sales 1 (2042656); Storica Analitica visura per immobile - Catasto Fabbricati."
"visura-storica","LC","OLGINATE","1","567","701","F","","analitica","CAP","","PVP sales 1 (2042656); Storica Analitica visura per immobile - Catasto Fabbricati."
"visura-storica","LC","OLGINATE","1","567","702","F","","analitica","CAP","","PVP sales 1 (2042656); Storica Analitica visura per immobile - Catasto Fabbricati."
"visura-storica","LC","OLGINATE","1","904","701","F","","analitica","CAP","","PVP sales 1 (2042656); Storica Analitica visura per immobile - Catasto Fabbricati."
"visura-storica","LC","OLGINATE","1","904","702","F","","analitica","CAP","","PVP sales 1 (2042656); Storica Analitica visura per immobile - Catasto Fabbricati."
"visura-storica","LC","OLGINATE","1","904","703","F","","analitica","CAP","","PVP sales 1 (2042656); Storica Analitica visura per immobile - Catasto Fabbricati."
"visura-storica","LC","OLGINATE","6","784","28","F","","analitica","OLG","","PVP sales 1 (2060024); Storica Analitica visura per immobile - Catasto Fabbricati."
"visura-storica","LC","OLGINATE","6","784","5","F","","analitica","OLG","","PVP sales 1 (2060024); Storica Analitica visura per immobile - Catasto Fabbricati."
"visura-storica","LC","OLGINATE","7","3127","701","F","","analitica","OLG","","PVP sales 1 (2245633); Storica Analitica visura per immobile - Catasto Fabbricati."
"visura-storica","LC","PADERNO D'ADDA","1","2467","32","F","","analitica","","","PVP sales 3 (445210,567817,820785); Storica Analitica visura per immobile - Catasto Fabbricati."
"visura-storica","LC","PADERNO D'ADDA","4","2401","26","F","","analitica","","","PVP sales 1 (897343); Storica Analitica visura per immobile - Catasto Fabbricati."
"visura-storica","LC","PADERNO D'ADDA","4","2401","7","F","","analitica","","","PVP sales 1 (897343); Storica Analitica visura per immobile - Catasto Fabbricati."
"visura-storica","LC","PADERNO D'ADDA","5","2218","36","F","","analitica","","","PVP sales 1 (4506163); Storica Analitica visura per immobile - Catasto Fabbricati."
"visura-storica","LC","PADERNO D'ADDA","5","2218","83","F","","analitica","","","PVP sales 1 (4506163); Storica Analitica visura per immobile - Catasto Fabbricati."
"visura-storica","LC","PADERNO D'ADDA","9","1685","","F","","analitica","","","PVP sales 1 (4541999); Storica Analitica visura per immobile - Catasto Fabbricati."
"visura-storica","LC","PADERNO D'ADDA","9","1685","","T","","analitica","","","PVP sales 1 (4541999); Storica Analitica visura per immobile - Catasto Terreni."
"visura-storica","LC","PADERNO D'ADDA","9","1686","","F","","analitica","","","PVP sales 1 (4541999); Storica Analitica visura per immobile - Catasto Fabbricati."
"visura-storica","LC","PADERNO D'ADDA","9","1686","","T","","analitica","","","PVP sales 1 (4541999); Storica Analitica visura per immobile - Catasto Terreni."
"visura-storica","LC","PADERNO D'ADDA","9","1687","","F","","analitica","","","PVP sales 1 (4541999); Storica Analitica visura per immobile - Catasto Fabbricati."
"visura-storica","LC","PADERNO D'ADDA","9","1687","","T","","analitica","","","PVP sales 1 (4541999); Storica Analitica visura per immobile - Catasto Terreni."
"visura-storica","LC","PADERNO D'ADDA","9","319","","F","","analitica","","","PVP sales 1 (4541999); Storica Analitica visura per immobile - Catasto Fabbricati."
"visura-storica","LC","PADERNO D'ADDA","9","319","","T","","analitica","","","PVP sales 1 (4541999); Storica Analitica visura per immobile - Catasto Terreni."
"visura-storica","LC","PASTURO","7","390","2","F","","analitica","BAI","","PVP sales 3 (4404047,4477308,4540062); Storica Analitica visura per immobile - Catasto Fabbricati."
"visura-storica","LC","PASTURO","7","390","3","F","","analitica","BAI","","PVP sales 3 (4404047,4477308,4540062); Storica Analitica visura per immobile - Catasto Fabbricati."
"visura-storica","LC","PESCATE","2","1874","2","F","","analitica","","","PVP sales 2 (1979293,4263337); Storica Analitica visura per immobile - Catasto Fabbricati."
"visura-storica","LC","PREMANA","22","6419","507","F","","analitica","","","PVP sales 2 (4432450,4499594); Storica Analitica visura per immobile - Catasto Fabbricati."
"visura-storica","LC","PRIMALUNA","11","551","1","F","","analitica","","","PVP sales 1 (4274029); Storica Analitica visura per immobile - Catasto Fabbricati."
"visura-storica","LC","PRIMALUNA","11","551","2","F","","analitica","","","PVP sales 1 (4274029); Storica Analitica visura per immobile - Catasto Fabbricati."
"visura-storica","LC","PRIMALUNA","9","550","","F","","analitica","","","PVP sales 1 (4274029); Storica Analitica visura per immobile - Catasto Fabbricati."
"visura-storica","LC","PRIMALUNA","9","550","","T","","analitica","","","PVP sales 1 (4274029); Storica Analitica visura per immobile - Catasto Terreni."
"visura-storica","LC","PRIMALUNA","9","623","","F","","analitica","","","PVP sales 2 (4374650,4565158); Storica Analitica visura per immobile - Catasto Fabbricati."
"visura-storica","LC","PRIMALUNA","9","623","","T","","analitica","","","PVP sales 2 (4374650,4565158); Storica Analitica visura per immobile - Catasto Terreni."
"visura-storica","LC","PRIMALUNA","9","624","","F","","analitica","","","PVP sales 2 (4374650,4565158); Storica Analitica visura per immobile - Catasto Fabbricati."
"visura-storica","LC","PRIMALUNA","9","624","","T","","analitica","","","PVP sales 2 (4374650,4565158); Storica Analitica visura per immobile - Catasto Terreni."
"visura-storica","LC","PRIMALUNA","9","681","","F","","analitica","","","PVP sales 1 (4274029); Storica Analitica visura per immobile - Catasto Fabbricati."
"visura-storica","LC","PRIMALUNA","9","681","","T","","analitica","","","PVP sales 1 (4274029); Storica Analitica visura per immobile - Catasto Terreni."
"visura-storica","LC","PRIMALUNA","12","1587","703","F","","analitica","COR","","PVP sales 1 (4219854); Storica Analitica visura per immobile - Catasto Fabbricati."
"visura-storica","LC","PRIMALUNA","15","1293","","F","","analitica","PRI","","PVP sales 2 (4374650,4565158); Storica Analitica visura per immobile - Catasto Fabbricati."
"visura-storica","LC","PRIMALUNA","15","1293","","T","","analitica","PRI","","PVP sales 2 (4374650,4565158); Storica Analitica visura per immobile - Catasto Terreni."
"visura-storica","LC","PRIMALUNA","15","1293","1","F","","analitica","PRI","","PVP sales 2 (4374650,4565158); Storica Analitica visura per immobile - Catasto Fabbricati."
"visura-storica","LC","PRIMALUNA","15","1862","","F","","analitica","PRI","","PVP sales 2 (4374650,4565158); Storica Analitica visura per immobile - Catasto Fabbricati."
"visura-storica","LC","PRIMALUNA","15","1862","","T","","analitica","PRI","","PVP sales 2 (4374650,4565158); Storica Analitica visura per immobile - Catasto Terreni."
"visura-storica","LC","PRIMALUNA","9","117","","F","","analitica","PRIMALUNA","","PVP sales 3 (4374720,4469235,4565294); Storica Analitica visura per immobile - Catasto Fabbricati."
"visura-storica","LC","PRIMALUNA","9","117","","T","","analitica","PRIMALUNA","","PVP sales 3 (4374720,4469235,4565294); Storica Analitica visura per immobile - Catasto Terreni."
"visura-storica","LC","PRIMALUNA","9","118","","F","","analitica","PRIMALUNA","","PVP sales 3 (4374720,4469235,4565294); Storica Analitica visura per immobile - Catasto Fabbricati."
"visura-storica","LC","PRIMALUNA","9","118","","T","","analitica","PRIMALUNA","","PVP sales 3 (4374720,4469235,4565294); Storica Analitica visura per immobile - Catasto Terreni."
"visura-storica","LC","PRIMALUNA","9","1292","","F","","analitica","PRIMALUNA","","PVP sales 2 (4374650,4565158); Storica Analitica visura per immobile - Catasto Fabbricati."
"visura-storica","LC","PRIMALUNA","9","1292","","T","","analitica","PRIMALUNA","","PVP sales 2 (4374650,4565158); Storica Analitica visura per immobile - Catasto Terreni."
"visura-storica","LC","PRIMALUNA","9","1298","","F","","analitica","PRIMALUNA","","PVP sales 2 (4374650,4565158); Storica Analitica visura per immobile - Catasto Fabbricati."
"visura-storica","LC","PRIMALUNA","9","1298","","T","","analitica","PRIMALUNA","","PVP sales 2 (4374650,4565158); Storica Analitica visura per immobile - Catasto Terreni."
"visura-storica","LC","PRIMALUNA","9","1552","","F","","analitica","PRIMALUNA","","PVP sales 2 (4374650,4565158); Storica Analitica visura per immobile - Catasto Fabbricati."
"visura-storica","LC","PRIMALUNA","9","1552","","T","","analitica","PRIMALUNA","","PVP sales 2 (4374650,4565158); Storica Analitica visura per immobile - Catasto Terreni."
"visura-storica","LC","PRIMALUNA","9","2288","","F","","analitica","PRIMALUNA","","PVP sales 3 (4374720,4469235,4565294); Storica Analitica visura per immobile - Catasto Fabbricati."
"visura-storica","LC","PRIMALUNA","9","2288","","T","","analitica","PRIMALUNA","","PVP sales 3 (4374720,4469235,4565294); Storica Analitica visura per immobile - Catasto Terreni."
"visura-storica","LC","PRIMALUNA","7","804","503","F","","analitica","VIM","","PVP sales 1 (1825758); Storica Analitica visura per immobile - Catasto Fabbricati."
"visura-storica","LC","PRIMALUNA","7","804","507","F","","analitica","VIM","","PVP sales 1 (1825719); Storica Analitica visura per immobile - Catasto Fabbricati."
"visura-storica","LC","PRIMALUNA","7","804","509","F","","analitica","VIM","","PVP sales 1 (1825768); Storica Analitica visura per immobile - Catasto Fabbricati."
"visura-storica","LC","PRIMALUNA","7","804","517","F","","analitica","VIM","","PVP sales 1 (1825773); Storica Analitica visura per immobile - Catasto Fabbricati."
"visura-storica","LC","PRIMALUNA","7","804","701","F","","analitica","VIM","","PVP sales 1 (1825778); Storica Analitica visura per immobile - Catasto Fabbricati."
"visura-storica","LC","PRIMALUNA","7","804","702","F","","analitica","VIM","","PVP sales 1 (1825781); Storica Analitica visura per immobile - Catasto Fabbricati."
"visura-storica","LC","ROBBIATE","5","1892","702","F","","analitica","","","PVP sales 1 (4525853); Storica Analitica visura per immobile - Catasto Fabbricati."
"visura-storica","LC","ROBBIATE","5","4511","28","F","","analitica","","","PVP sales 1 (4464300); Storica Analitica visura per immobile - Catasto Fabbricati."
"visura-storica","LC","ROBBIATE","5","4511","705","F","","analitica","","","PVP sales 1 (4464300); Storica Analitica visura per immobile - Catasto Fabbricati."
"visura-storica","LC","ROBBIATE","5","4511","706","F","","analitica","","","PVP sales 1 (4464300); Storica Analitica visura per immobile - Catasto Fabbricati."
"visura-storica","LC","ROBBIATE","7","354","705","F","","analitica","","","PVP sales 3 (4450101,4502160,4563969); Storica Analitica visura per immobile - Catasto Fabbricati."
"visura-storica","LC","ROBBIATE","7","3770","701","F","","analitica","","","PVP sales 3 (4450101,4502160,4563969); Storica Analitica visura per immobile - Catasto Fabbricati."
"visura-storica","LC","ROGENO","2","310","718","F","","analitica","ROG","","PVP sales 2 (1676629,1754469); Storica Analitica visura per immobile - Catasto Fabbricati."
"visura-storica","LC","SIRONE","5","642","10","F","","analitica","","","PVP sales 2 (4403968,4471020); Storica Analitica visura per immobile - Catasto Fabbricati."
"visura-storica","LC","SIRONE","5","642","16","F","","analitica","","","PVP sales 2 (4403968,4471020); Storica Analitica visura per immobile - Catasto Fabbricati."
"visura-storica","LC","SIRTORI","2","118","","F","","analitica","","","PVP sales 3 (4388179,4471432,4540213); Storica Analitica visura per immobile - Catasto Fabbricati."
"visura-storica","LC","SIRTORI","2","118","","T","","analitica","","","PVP sales 3 (4388179,4471432,4540213); Storica Analitica visura per immobile - Catasto Terreni."
"visura-storica","LC","SIRTORI","2","121","","F","","analitica","","","PVP sales 3 (4388179,4471432,4540213); Storica Analitica visura per immobile - Catasto Fabbricati."
"visura-storica","LC","SIRTORI","2","121","","T","","analitica","","","PVP sales 3 (4388179,4471432,4540213); Storica Analitica visura per immobile - Catasto Terreni."
"visura-storica","LC","SIRTORI","2","124","","F","","analitica","","","PVP sales 3 (4388179,4471432,4540213); Storica Analitica visura per immobile - Catasto Fabbricati."
"visura-storica","LC","SIRTORI","2","124","","T","","analitica","","","PVP sales 3 (4388179,4471432,4540213); Storica Analitica visura per immobile - Catasto Terreni."
"visura-storica","LC","SIRTORI","2","290","","F","","analitica","","","PVP sales 3 (4388179,4471432,4540213); Storica Analitica visura per immobile - Catasto Fabbricati."
"visura-storica","LC","SIRTORI","2","290","","T","","analitica","","","PVP sales 3 (4388179,4471432,4540213); Storica Analitica visura per immobile - Catasto Terreni."
"visura-storica","LC","SIRTORI","2","291","","F","","analitica","","","PVP sales 3 (4388179,4471432,4540213); Storica Analitica visura per immobile - Catasto Fabbricati."
"visura-storica","LC","SIRTORI","2","291","","T","","analitica","","","PVP sales 3 (4388179,4471432,4540213); Storica Analitica visura per immobile - Catasto Terreni."
"visura-storica","LC","SIRTORI","2","305","","F","","analitica","","","PVP sales 3 (4388179,4471432,4540213); Storica Analitica visura per immobile - Catasto Fabbricati."
"visura-storica","LC","SIRTORI","2","305","","T","","analitica","","","PVP sales 3 (4388179,4471432,4540213); Storica Analitica visura per immobile - Catasto Terreni."
"visura-storica","LC","SIRTORI","2","309","","F","","analitica","","","PVP sales 3 (4388179,4471432,4540213); Storica Analitica visura per immobile - Catasto Fabbricati."
"visura-storica","LC","SIRTORI","2","309","","T","","analitica","","","PVP sales 3 (4388179,4471432,4540213); Storica Analitica visura per immobile - Catasto Terreni."
"visura-storica","LC","SIRTORI","2","312","","F","","analitica","","","PVP sales 3 (4388179,4471432,4540213); Storica Analitica visura per immobile - Catasto Fabbricati."
"visura-storica","LC","SIRTORI","2","312","","T","","analitica","","","PVP sales 3 (4388179,4471432,4540213); Storica Analitica visura per immobile - Catasto Terreni."
"visura-storica","LC","SIRTORI","2","313","","F","","analitica","","","PVP sales 3 (4388179,4471432,4540213); Storica Analitica visura per immobile - Catasto Fabbricati."
"visura-storica","LC","SIRTORI","2","313","","T","","analitica","","","PVP sales 3 (4388179,4471432,4540213); Storica Analitica visura per immobile - Catasto Terreni."
"visura-storica","LC","SIRTORI","2","314","","F","","analitica","","","PVP sales 3 (4388179,4471432,4540213); Storica Analitica visura per immobile - Catasto Fabbricati."
"visura-storica","LC","SIRTORI","2","314","","T","","analitica","","","PVP sales 3 (4388179,4471432,4540213); Storica Analitica visura per immobile - Catasto Terreni."
"visura-storica","LC","SIRTORI","2","317","","F","","analitica","","","PVP sales 3 (4388179,4471432,4540213); Storica Analitica visura per immobile - Catasto Fabbricati."
"visura-storica","LC","SIRTORI","2","317","","T","","analitica","","","PVP sales 3 (4388179,4471432,4540213); Storica Analitica visura per immobile - Catasto Terreni."
"visura-storica","LC","SIRTORI","2","320","","F","","analitica","","","PVP sales 2 (4471432,4540213); Storica Analitica visura per immobile - Catasto Fabbricati."
"visura-storica","LC","SIRTORI","2","320","","T","","analitica","","","PVP sales 2 (4471432,4540213); Storica Analitica visura per immobile - Catasto Terreni."
"visura-storica","LC","SIRTORI","2","44","","F","","analitica","","","PVP sales 3 (4388179,4471432,4540213); Storica Analitica visura per immobile - Catasto Fabbricati."
"visura-storica","LC","SIRTORI","2","44","","T","","analitica","","","PVP sales 3 (4388179,4471432,4540213); Storica Analitica visura per immobile - Catasto Terreni."
"visura-storica","LC","SIRTORI","2","440","","F","","analitica","","","PVP sales 3 (4388179,4471432,4540213); Storica Analitica visura per immobile - Catasto Fabbricati."
"visura-storica","LC","SIRTORI","2","440","","T","","analitica","","","PVP sales 3 (4388179,4471432,4540213); Storica Analitica visura per immobile - Catasto Terreni."
"visura-storica","LC","SIRTORI","2","45","","F","","analitica","","","PVP sales 3 (4388179,4471432,4540213); Storica Analitica visura per immobile - Catasto Fabbricati."
"visura-storica","LC","SIRTORI","2","45","","T","","analitica","","","PVP sales 3 (4388179,4471432,4540213); Storica Analitica visura per immobile - Catasto Terreni."
"visura-storica","LC","SIRTORI","2","81","","F","","analitica","","","PVP sales 3 (4388179,4471432,4540213); Storica Analitica visura per immobile - Catasto Fabbricati."
"visura-storica","LC","SIRTORI","2","81","","T","","analitica","","","PVP sales 3 (4388179,4471432,4540213); Storica Analitica visura per immobile - Catasto Terreni."
"visura-storica","LC","SIRTORI","2","83","","F","","analitica","","","PVP sales 3 (4388179,4471432,4540213); Storica Analitica visura per immobile - Catasto Fabbricati."
"visura-storica","LC","SIRTORI","2","83","","T","","analitica","","","PVP sales 3 (4388179,4471432,4540213); Storica Analitica visura per immobile - Catasto Terreni."
"visura-storica","LC","SIRTORI","3","320","","F","","analitica","","","PVP sales 1 (4388179); Storica Analitica visura per immobile - Catasto Fabbricati."
"visura-storica","LC","SIRTORI","3","320","","T","","analitica","","","PVP sales 1 (4388179); Storica Analitica visura per immobile - Catasto Terreni."
"visura-storica","LC","SUEGLIO","5","10395","","F","","analitica","","","PVP sales 1 (4459682); Storica Analitica visura per immobile - Catasto Fabbricati."
"visura-storica","LC","SUEGLIO","9","7248","","F","","analitica","","","PVP sales 1 (4459682); Storica Analitica visura per immobile - Catasto Fabbricati."
"visura-storica","LC","SUEGLIO","9","7248","","T","","analitica","","","PVP sales 1 (4459682); Storica Analitica visura per immobile - Catasto Terreni."
"visura-storica","LC","SUEGLIO","9","7249","","F","","analitica","","","PVP sales 1 (4459682); Storica Analitica visura per immobile - Catasto Fabbricati."
"visura-storica","LC","SUEGLIO","9","7249","","T","","analitica","","","PVP sales 1 (4459682); Storica Analitica visura per immobile - Catasto Terreni."
"visura-storica","LC","SUEGLIO","9","7985","","F","","analitica","","","PVP sales 1 (4459682); Storica Analitica visura per immobile - Catasto Fabbricati."
"visura-storica","LC","SUEGLIO","9","7985","","T","","analitica","","","PVP sales 1 (4459682); Storica Analitica visura per immobile - Catasto Terreni."
"visura-storica","LC","TACENO","2","96","14","F","","analitica","","","PVP sales 3 (4432211,4477071,4539886); Storica Analitica visura per immobile - Catasto Fabbricati."
"visura-storica","LC","TACENO","2","96","15","F","","analitica","","","PVP sales 3 (4432211,4477071,4539886); Storica Analitica visura per immobile - Catasto Fabbricati."
"visura-storica","LC","TACENO","2","96","16","F","","analitica","","","PVP sales 3 (4432211,4477071,4539886); Storica Analitica visura per immobile - Catasto Fabbricati."
"visura-storica","LC","TORRE DE' BUSI","4","43","1","F","","analitica","","","PVP sales 1 (940581); Storica Analitica visura per immobile - Catasto Fabbricati."
"visura-storica","LC","TORRE DE' BUSI","4","43","10","F","","analitica","","","PVP sales 1 (940581); Storica Analitica visura per immobile - Catasto Fabbricati."
"visura-storica","LC","TORRE DE' BUSI","4","43","11","F","","analitica","","","PVP sales 1 (940581); Storica Analitica visura per immobile - Catasto Fabbricati."
"visura-storica","LC","TORRE DE' BUSI","4","43","12","F","","analitica","","","PVP sales 1 (940581); Storica Analitica visura per immobile - Catasto Fabbricati."
"visura-storica","LC","TORRE DE' BUSI","4","43","2","F","","analitica","","","PVP sales 1 (940581); Storica Analitica visura per immobile - Catasto Fabbricati."
"visura-storica","LC","TORRE DE' BUSI","4","43","3","F","","analitica","","","PVP sales 1 (940581); Storica Analitica visura per immobile - Catasto Fabbricati."
"visura-storica","LC","TORRE DE' BUSI","4","43","7","F","","analitica","","","PVP sales 1 (940581); Storica Analitica visura per immobile - Catasto Fabbricati."
"visura-storica","LC","TORRE DE' BUSI","4","43","8","F","","analitica","","","PVP sales 1 (940581); Storica Analitica visura per immobile - Catasto Fabbricati."
"visura-storica","LC","TORRE DE' BUSI","4","43","9","F","","analitica","","","PVP sales 1 (940581); Storica Analitica visura per immobile - Catasto Fabbricati."
"visura-storica","LC","VALGREGHENTINO","6","1122","1","F","","analitica","","","PVP sales 1 (4229048); Storica Analitica visura per immobile - Catasto Fabbricati."
"visura-storica","LC","VALGREGHENTINO","6","1122","2","F","","analitica","","","PVP sales 1 (4229048); Storica Analitica visura per immobile - Catasto Fabbricati."
"visura-storica","LC","VALGREGHENTINO","9","1079","","F","","analitica","","","PVP sales 1 (4229048); Storica Analitica visura per immobile - Catasto Fabbricati."
"visura-storica","LC","VALGREGHENTINO","9","1079","","T","","analitica","","","PVP sales 1 (4229048); Storica Analitica visura per immobile - Catasto Terreni."
"visura-storica","LC","VALGREGHENTINO","9","113","","F","","analitica","","","PVP sales 2 (4488598,4529503); Storica Analitica visura per immobile - Catasto Fabbricati."
"visura-storica","LC","VALGREGHENTINO","9","113","","T","","analitica","","","PVP sales 2 (4488598,4529503); Storica Analitica visura per immobile - Catasto Terreni."
"visura-storica","LC","VALGREGHENTINO","9","161","","F","","analitica","","","PVP sales 2 (4488611,4529476); Storica Analitica visura per immobile - Catasto Fabbricati."
"visura-storica","LC","VALGREGHENTINO","9","161","","T","","analitica","","","PVP sales 2 (4488611,4529476); Storica Analitica visura per immobile - Catasto Terreni."
"visura-storica","LC","VALGREGHENTINO","9","1665","","F","","analitica","","","PVP sales 2 (4488591,4529444); Storica Analitica visura per immobile - Catasto Fabbricati."
"visura-storica","LC","VALGREGHENTINO","9","1665","","T","","analitica","","","PVP sales 2 (4488591,4529444); Storica Analitica visura per immobile - Catasto Terreni."
"visura-storica","LC","VALGREGHENTINO","9","1784","","F","","analitica","","","PVP sales 2 (4488598,4529503); Storica Analitica visura per immobile - Catasto Fabbricati."
"visura-storica","LC","VALGREGHENTINO","9","1784","","T","","analitica","","","PVP sales 2 (4488598,4529503); Storica Analitica visura per immobile - Catasto Terreni."
"visura-storica","LC","VALGREGHENTINO","9","1785","","F","","analitica","","","PVP sales 2 (4488598,4529503); Storica Analitica visura per immobile - Catasto Fabbricati."
"visura-storica","LC","VALGREGHENTINO","9","1785","","T","","analitica","","","PVP sales 2 (4488598,4529503); Storica Analitica visura per immobile - Catasto Terreni."
"visura-storica","LC","VALGREGHENTINO","9","1786","","F","","analitica","","","PVP sales 2 (4488598,4529503); Storica Analitica visura per immobile - Catasto Fabbricati."
"visura-storica","LC","VALGREGHENTINO","9","1786","","T","","analitica","","","PVP sales 2 (4488598,4529503); Storica Analitica visura per immobile - Catasto Terreni."
"visura-storica","LC","VALGREGHENTINO","9","1789","","F","","analitica","","","PVP sales 2 (4488598,4529503); Storica Analitica visura per immobile - Catasto Fabbricati."
"visura-storica","LC","VALGREGHENTINO","9","1789","","T","","analitica","","","PVP sales 2 (4488598,4529503); Storica Analitica visura per immobile - Catasto Terreni."
"visura-storica","LC","VALGREGHENTINO","9","1790","","F","","analitica","","","PVP sales 2 (4488598,4529503); Storica Analitica visura per immobile - Catasto Fabbricati."
"visura-storica","LC","VALGREGHENTINO","9","1790","","T","","analitica","","","PVP sales 2 (4488598,4529503); Storica Analitica visura per immobile - Catasto Terreni."
"visura-storica","LC","VALGREGHENTINO","9","1791","","F","","analitica","","","PVP sales 2 (4488598,4529503); Storica Analitica visura per immobile - Catasto Fabbricati."
"visura-storica","LC","VALGREGHENTINO","9","1791","","T","","analitica","","","PVP sales 2 (4488598,4529503); Storica Analitica visura per immobile - Catasto Terreni."
"visura-storica","LC","VALGREGHENTINO","9","18","","F","","analitica","","","PVP sales 1 (4229048); Storica Analitica visura per immobile - Catasto Fabbricati."
"visura-storica","LC","VALGREGHENTINO","9","18","","T","","analitica","","","PVP sales 1 (4229048); Storica Analitica visura per immobile - Catasto Terreni."
"visura-storica","LC","VALGREGHENTINO","9","1823","","F","","analitica","","","PVP sales 1 (4229048); Storica Analitica visura per immobile - Catasto Fabbricati."
"visura-storica","LC","VALGREGHENTINO","9","1823","","T","","analitica","","","PVP sales 1 (4229048); Storica Analitica visura per immobile - Catasto Terreni."
"visura-storica","LC","VALGREGHENTINO","9","2","","F","","analitica","","","PVP sales 2 (4488598,4529503); Storica Analitica visura per immobile - Catasto Fabbricati."
"visura-storica","LC","VALGREGHENTINO","9","2","","T","","analitica","","","PVP sales 2 (4488598,4529503); Storica Analitica visura per immobile - Catasto Terreni."
"visura-storica","LC","VALGREGHENTINO","9","2175","","F","","analitica","","","PVP sales 1 (4229048); Storica Analitica visura per immobile - Catasto Fabbricati."
"visura-storica","LC","VALGREGHENTINO","9","2175","","T","","analitica","","","PVP sales 1 (4229048); Storica Analitica visura per immobile - Catasto Terreni."
"visura-storica","LC","VALGREGHENTINO","9","2870","","F","","analitica","","","PVP sales 2 (4488599,4529505); Storica Analitica visura per immobile - Catasto Fabbricati."
"visura-storica","LC","VALGREGHENTINO","9","2870","","T","","analitica","","","PVP sales 2 (4488599,4529505); Storica Analitica visura per immobile - Catasto Terreni."
"visura-storica","LC","VALGREGHENTINO","9","314","","F","","analitica","","","PVP sales 1 (4229048); Storica Analitica visura per immobile - Catasto Fabbricati."
"visura-storica","LC","VALGREGHENTINO","9","314","","T","","analitica","","","PVP sales 1 (4229048); Storica Analitica visura per immobile - Catasto Terreni."
"visura-storica","LC","VALGREGHENTINO","9","316","","F","","analitica","","","PVP sales 1 (4229048); Storica Analitica visura per immobile - Catasto Fabbricati."
"visura-storica","LC","VALGREGHENTINO","9","316","","T","","analitica","","","PVP sales 1 (4229048); Storica Analitica visura per immobile - Catasto Terreni."
"visura-storica","LC","VALGREGHENTINO","9","329","","F","","analitica","","","PVP sales 1 (4229048); Storica Analitica visura per immobile - Catasto Fabbricati."
"visura-storica","LC","VALGREGHENTINO","9","329","","T","","analitica","","","PVP sales 1 (4229048); Storica Analitica visura per immobile - Catasto Terreni."
"visura-storica","LC","VALGREGHENTINO","9","331","","F","","analitica","","","PVP sales 1 (4229048); Storica Analitica visura per immobile - Catasto Fabbricati."
"visura-storica","LC","VALGREGHENTINO","9","331","","T","","analitica","","","PVP sales 1 (4229048); Storica Analitica visura per immobile - Catasto Terreni."
"visura-storica","LC","VALGREGHENTINO","9","3727","","F","","analitica","","","PVP sales 1 (4229001); Storica Analitica visura per immobile - Catasto Fabbricati."
"visura-storica","LC","VALGREGHENTINO","9","3727","","T","","analitica","","","PVP sales 1 (4229001); Storica Analitica visura per immobile - Catasto Terreni."
"visura-storica","LC","VALGREGHENTINO","9","3730","","F","","analitica","","","PVP sales 1 (4229001); Storica Analitica visura per immobile - Catasto Fabbricati."
"visura-storica","LC","VALGREGHENTINO","9","3730","","T","","analitica","","","PVP sales 1 (4229001); Storica Analitica visura per immobile - Catasto Terreni."
"visura-storica","LC","VALGREGHENTINO","9","3732","","F","","analitica","","","PVP sales 1 (4229001); Storica Analitica visura per immobile - Catasto Fabbricati."
"visura-storica","LC","VALGREGHENTINO","9","3732","","T","","analitica","","","PVP sales 1 (4229001); Storica Analitica visura per immobile - Catasto Terreni."
"visura-storica","LC","VALGREGHENTINO","9","39","","F","","analitica","","","PVP sales 2 (4488611,4529476); Storica Analitica visura per immobile - Catasto Fabbricati."
"visura-storica","LC","VALGREGHENTINO","9","39","","T","","analitica","","","PVP sales 2 (4488611,4529476); Storica Analitica visura per immobile - Catasto Terreni."
"visura-storica","LC","VALGREGHENTINO","9","4076","","F","","analitica","","","PVP sales 2 (4488598,4529503); Storica Analitica visura per immobile - Catasto Fabbricati."
"visura-storica","LC","VALGREGHENTINO","9","4076","","T","","analitica","","","PVP sales 2 (4488598,4529503); Storica Analitica visura per immobile - Catasto Terreni."
"visura-storica","LC","VALGREGHENTINO","9","4078","","F","","analitica","","","PVP sales 2 (4488598,4529503); Storica Analitica visura per immobile - Catasto Fabbricati."
"visura-storica","LC","VALGREGHENTINO","9","4078","","T","","analitica","","","PVP sales 2 (4488598,4529503); Storica Analitica visura per immobile - Catasto Terreni."
"visura-storica","LC","VALGREGHENTINO","9","4079","","F","","analitica","","","PVP sales 2 (4488598,4529503); Storica Analitica visura per immobile - Catasto Fabbricati."
"visura-storica","LC","VALGREGHENTINO","9","4079","","T","","analitica","","","PVP sales 2 (4488598,4529503); Storica Analitica visura per immobile - Catasto Terreni."
"visura-storica","LC","VALGREGHENTINO","9","4080","","F","","analitica","","","PVP sales 2 (4488598,4529503); Storica Analitica visura per immobile - Catasto Fabbricati."
"visura-storica","LC","VALGREGHENTINO","9","4080","","T","","analitica","","","PVP sales 2 (4488598,4529503); Storica Analitica visura per immobile - Catasto Terreni."
"visura-storica","LC","VALGREGHENTINO","9","432","","F","","analitica","","","PVP sales 1 (4229048); Storica Analitica visura per immobile - Catasto Fabbricati."
"visura-storica","LC","VALGREGHENTINO","9","432","","T","","analitica","","","PVP sales 1 (4229048); Storica Analitica visura per immobile - Catasto Terreni."
"visura-storica","LC","VALGREGHENTINO","9","465","","F","","analitica","","","PVP sales 2 (4488611,4529476); Storica Analitica visura per immobile - Catasto Fabbricati."
"visura-storica","LC","VALGREGHENTINO","9","465","","T","","analitica","","","PVP sales 2 (4488611,4529476); Storica Analitica visura per immobile - Catasto Terreni."
"visura-storica","LC","VALGREGHENTINO","9","466","","F","","analitica","","","PVP sales 2 (4488611,4529476); Storica Analitica visura per immobile - Catasto Fabbricati."
"visura-storica","LC","VALGREGHENTINO","9","466","","T","","analitica","","","PVP sales 2 (4488611,4529476); Storica Analitica visura per immobile - Catasto Terreni."
"visura-storica","LC","VALGREGHENTINO","9","468","","F","","analitica","","","PVP sales 2 (4488611,4529476); Storica Analitica visura per immobile - Catasto Fabbricati."
"visura-storica","LC","VALGREGHENTINO","9","468","","T","","analitica","","","PVP sales 2 (4488611,4529476); Storica Analitica visura per immobile - Catasto Terreni."
"visura-storica","LC","VALGREGHENTINO","2","368","2","F","","analitica","DOZ","","PVP sales 1 (4507464); Storica Analitica visura per immobile - Catasto Fabbricati."
"visura-storica","LC","VALGREGHENTINO","2","368","3","F","","analitica","DOZ","","PVP sales 1 (4507464); Storica Analitica visura per immobile - Catasto Fabbricati."
"visura-storica","LC","VALGREGHENTINO","2","1426","2","F","","analitica","VAL","","PVP sales 3 (4408019,4471335,4536593); Storica Analitica visura per immobile - Catasto Fabbricati."
"visura-storica","LC","VALGREGHENTINO","2","1426","501","F","","analitica","VAL","","PVP sales 3 (4408019,4471335,4536593); Storica Analitica visura per immobile - Catasto Fabbricati."
"visura-storica","LC","VALGREGHENTINO","2","2848","501","F","","analitica","VAL","","PVP sales 3 (4408019,4471335,4536593); Storica Analitica visura per immobile - Catasto Fabbricati."
"visura-storica","LC","VALGREGHENTINO","5","1132","502","F","","analitica","VAL","","PVP sales 2 (4442609,4474243); Storica Analitica visura per immobile - Catasto Fabbricati."
"visura-storica","LC","VALMADRERA","11","246","713","F","","analitica","","","PVP sales 1 (4537451); Storica Analitica visura per immobile - Catasto Fabbricati."
"visura-storica","LC","VALMADRERA","11","246","716","F","","analitica","","","PVP sales 1 (4537451); Storica Analitica visura per immobile - Catasto Fabbricati."
"visura-storica","LC","VALMADRERA","11","246","717","F","","analitica","","","PVP sales 1 (4537451); Storica Analitica visura per immobile - Catasto Fabbricati."
"visura-storica","LC","VALMADRERA","11","246","723","F","","analitica","","","PVP sales 1 (4537451); Storica Analitica visura per immobile - Catasto Fabbricati."
"visura-storica","LC","VALMADRERA","11","4663","706","F","","analitica","","","PVP sales 2 (4466202,4537327); Storica Analitica visura per immobile - Catasto Fabbricati."
"visura-storica","LC","VALMADRERA","15","6162","","T","","analitica","","","PVP sales 1 (4516852); Storica Analitica visura per immobile - Catasto Terreni."
"visura-storica","LC","VALVARRONE","9","7138","","F","","analitica","","","PVP sales 1 (4474580); Storica Analitica visura per immobile - Catasto Fabbricati."
"visura-storica","LC","VALVARRONE","9","7138","","T","","analitica","","","PVP sales 1 (4474580); Storica Analitica visura per immobile - Catasto Terreni."
"visura-storica","LC","VALVARRONE","9","7142","","F","","analitica","","","PVP sales 1 (4474580); Storica Analitica visura per immobile - Catasto Fabbricati."
"visura-storica","LC","VALVARRONE","9","7142","","T","","analitica","","","PVP sales 1 (4474580); Storica Analitica visura per immobile - Catasto Terreni."
"visura-storica","LC","VALVARRONE","9","7146","","F","","analitica","","","PVP sales 1 (4474580); Storica Analitica visura per immobile - Catasto Fabbricati."
"visura-storica","LC","VALVARRONE","9","7146","","T","","analitica","","","PVP sales 1 (4474580); Storica Analitica visura per immobile - Catasto Terreni."
"visura-storica","LC","VALVARRONE","9","7151","","F","","analitica","","","PVP sales 1 (4474580); Storica Analitica visura per immobile - Catasto Fabbricati."
"visura-storica","LC","VALVARRONE","9","7151","","T","","analitica","","","PVP sales 1 (4474580); Storica Analitica visura per immobile - Catasto Terreni."
"visura-storica","LC","VALVARRONE","9","7167","","F","","analitica","","","PVP sales 1 (4474580); Storica Analitica visura per immobile - Catasto Fabbricati."
"visura-storica","LC","VALVARRONE","9","7167","","T","","analitica","","","PVP sales 1 (4474580); Storica Analitica visura per immobile - Catasto Terreni."
"visura-storica","LC","VALVARRONE","9","7218","","F","","analitica","","","PVP sales 1 (4474580); Storica Analitica visura per immobile - Catasto Fabbricati."
"visura-storica","LC","VALVARRONE","9","7218","","T","","analitica","","","PVP sales 1 (4474580); Storica Analitica visura per immobile - Catasto Terreni."
"visura-storica","LC","VALVARRONE","9","7221","","F","","analitica","","","PVP sales 1 (4474580); Storica Analitica visura per immobile - Catasto Fabbricati."
"visura-storica","LC","VALVARRONE","9","7221","","T","","analitica","","","PVP sales 1 (4474580); Storica Analitica visura per immobile - Catasto Terreni."
"visura-storica","LC","VALVARRONE","9","7223","","F","","analitica","","","PVP sales 1 (4474580); Storica Analitica visura per immobile - Catasto Fabbricati."
"visura-storica","LC","VALVARRONE","9","7223","","T","","analitica","","","PVP sales 1 (4474580); Storica Analitica visura per immobile - Catasto Terreni."
"visura-storica","LC","VALVARRONE","18","7750","","F","","analitica","VESTRENO","","PVP sales 1 (4474580); Storica Analitica visura per immobile - Catasto Fabbricati."
"visura-storica","LC","VALVARRONE","18","7750","","T","","analitica","VESTRENO","","PVP sales 1 (4474580); Storica Analitica visura per immobile - Catasto Terreni."
"visura-storica","LC","VARENNA","1","60","701","F","","analitica","","","PVP sales 1 (4242360); Storica Analitica visura per immobile - Catasto Fabbricati."
"visura-storica","LC","VARENNA","1","60","702","F","","analitica","","","PVP sales 1 (4242360); Storica Analitica visura per immobile - Catasto Fabbricati."
"visura-storica","LC","VARENNA","1","60","703","F","","analitica","","","PVP sales 1 (4242360); Storica Analitica visura per immobile - Catasto Fabbricati."
"visura-storica","LC","VENDROGNO","13","12554","4","F","","analitica","","","PVP sales 1 (491120); Storica Analitica visura per immobile - Catasto Fabbricati."
"visura-storica","LC","VENDROGNO","13","3784","705","F","","analitica","","","PVP sales 1 (458452); Storica Analitica visura per immobile - Catasto Fabbricati."
"visura-storica","LC","VENDROGNO","13","3784","721","F","","analitica","","","PVP sales 1 (491035); Storica Analitica visura per immobile - Catasto Fabbricati."
"visura-storica","LC","VERCURAGO","5","2143","","F","","analitica","","","PVP sales 1 (645791); Storica Analitica visura per immobile - Catasto Fabbricati."
"visura-storica","LC","VERCURAGO","5","2143","","T","","analitica","","","PVP sales 1 (645791); Storica Analitica visura per immobile - Catasto Terreni."
"visura-storica","LC","VERCURAGO","5","2146","","F","","analitica","","","PVP sales 1 (645791); Storica Analitica visura per immobile - Catasto Fabbricati."
"visura-storica","LC","VERCURAGO","5","2146","","T","","analitica","","","PVP sales 1 (645791); Storica Analitica visura per immobile - Catasto Terreni."
"visura-storica","LC","VERCURAGO","5","961","","F","","analitica","","","PVP sales 1 (645791); Storica Analitica visura per immobile - Catasto Fabbricati."
"visura-storica","LC","VERCURAGO","5","961","","T","","analitica","","","PVP sales 1 (645791); Storica Analitica visura per immobile - Catasto Terreni."
"visura-storica","LC","VERCURAGO","5","973","","F","","analitica","","","PVP sales 1 (645791); Storica Analitica visura per immobile - Catasto Fabbricati."
"visura-storica","LC","VERCURAGO","5","973","","T","","analitica","","","PVP sales 1 (645791); Storica Analitica visura per immobile - Catasto Terreni."
"visura-storica","LC","VERCURAGO","9","2143","","F","","analitica","","","PVP sales 1 (645791); Storica Analitica visura per immobile - Catasto Fabbricati."
"visura-storica","LC","VERCURAGO","9","2143","","T","","analitica","","","PVP sales 1 (645791); Storica Analitica visura per immobile - Catasto Terreni."
"visura-storica","LC","VERCURAGO","9","2146","","F","","analitica","","","PVP sales 2 (645791,978955); Storica Analitica visura per immobile - Catasto Fabbricati."
"visura-storica","LC","VERCURAGO","9","2146","","T","","analitica","","","PVP sales 2 (645791,978955); Storica Analitica visura per immobile - Catasto Terreni."
"visura-storica","LC","VERCURAGO","9","2250","","F","","analitica","","","PVP sales 1 (645791); Storica Analitica visura per immobile - Catasto Fabbricati."
"visura-storica","LC","VERCURAGO","9","2250","","T","","analitica","","","PVP sales 1 (645791); Storica Analitica visura per immobile - Catasto Terreni."
"visura-storica","LC","VERCURAGO","9","2344","","F","","analitica","","","PVP sales 1 (645791); Storica Analitica visura per immobile - Catasto Fabbricati."
"visura-storica","LC","VERCURAGO","9","2344","","T","","analitica","","","PVP sales 1 (645791); Storica Analitica visura per immobile - Catasto Terreni."
"visura-storica","LC","VERCURAGO","9","2527","","F","","analitica","","","PVP sales 1 (645791); Storica Analitica visura per immobile - Catasto Fabbricati."
"visura-storica","LC","VERCURAGO","9","2527","","T","","analitica","","","PVP sales 1 (645791); Storica Analitica visura per immobile - Catasto Terreni."
"visura-storica","LC","VERCURAGO","9","961","","F","","analitica","","","PVP sales 1 (645791); Storica Analitica visura per immobile - Catasto Fabbricati."
"visura-storica","LC","VERCURAGO","9","961","","T","","analitica","","","PVP sales 1 (645791); Storica Analitica visura per immobile - Catasto Terreni."
"visura-storica","LC","VERCURAGO","9","973","","F","","analitica","","","PVP sales 1 (645791); Storica Analitica visura per immobile - Catasto Fabbricati."
"visura-storica","LC","VERCURAGO","9","973","","T","","analitica","","","PVP sales 1 (645791); Storica Analitica visura per immobile - Catasto Terreni."
"visura-storica","LC","VERDERIO","4","399","22","F","","analitica","","","PVP sales 1 (4242029); Storica Analitica visura per immobile - Catasto Fabbricati."
"visura-storica","LC","VERDERIO","4","399","5","F","","analitica","","","PVP sales 1 (4242029); Storica Analitica visura per immobile - Catasto Fabbricati."
"visura-storica","LC","VERDERIO","9","1938","","F","","analitica","","","PVP sales 1 (176558); Storica Analitica visura per immobile - Catasto Fabbricati."
"visura-storica","LC","VERDERIO","9","1938","","T","","analitica","","","PVP sales 1 (176558); Storica Analitica visura per immobile - Catasto Terreni."
"visura-storica","LC","VERDERIO","2","1607","16","F","","analitica","INF","","PVP sales 1 (4536746); Storica Analitica visura per immobile - Catasto Fabbricati."
"visura-storica","LC","VERDERIO","2","1607","4","F","","analitica","INF","","PVP sales 1 (4536746); Storica Analitica visura per immobile - Catasto Fabbricati."
"visura-storica","LC","VERDERIO","1","1850","17","F","","analitica","SUP","","PVP sales 1 (516865); Storica Analitica visura per immobile - Catasto Fabbricati."
"visura-storica","LC","VERDERIO","1","1850","6","F","","analitica","SUP","","PVP sales 1 (516865); Storica Analitica visura per immobile - Catasto Fabbricati."
"visura-storica","LC","VIGANÒ","1","2097","702","F","","analitica","","","PVP sales 2 (4397665,4466389); Storica Analitica visura per immobile - Catasto Fabbricati."
"visura-storica","LC","VIGANÒ","1","2097","703","F","","analitica","","","PVP sales 2 (4397665,4466389); Storica Analitica visura per immobile - Catasto Fabbricati."
