"command","provincia","comune","foglio","particella","subalterno","tipo_catasto","codice_fiscale","vista","sezione","source_files","scope_note"
"visura-storica","NO","AGRATE CONTURBIA","14","179","2","F","","analitica","","","PVP sales 1 (626568); Storica Analitica visura per immobile - Catasto Fabbricati."
"visura-storica","NO","AGRATE CONTURBIA","14","179","3","F","","analitica","","","PVP sales 1 (626568); Storica Analitica visura per immobile - Catasto Fabbricati."
"visura-storica","NO","AGRATE CONTURBIA","14","179","4","F","","analitica","","","PVP sales 1 (626568); Storica Analitica visura per immobile - Catasto Fabbricati."
"visura-storica","NO","AGRATE CONTURBIA","14","179","5","F","","analitica","","","PVP sales 1 (626568); Storica Analitica visura per immobile - Catasto Fabbricati."
"visura-storica","NO","AGRATE CONTURBIA","14","179","6","F","","analitica","","","PVP sales 1 (626568); Storica Analitica visura per immobile - Catasto Fabbricati."
"visura-storica","NO","AGRATE CONTURBIA","14","180","2","F","","analitica","","","PVP sales 1 (626568); Storica Analitica visura per immobile - Catasto Fabbricati."
"visura-storica","NO","AGRATE CONTURBIA","14","180","3","F","","analitica","","","PVP sales 1 (626568); Storica Analitica visura per immobile - Catasto Fabbricati."
"visura-storica","NO","AGRATE CONTURBIA","14","180","4","F","","analitica","","","PVP sales 1 (626568); Storica Analitica visura per immobile - Catasto Fabbricati."
"visura-storica","NO","AGRATE CONTURBIA","14","180","5","F","","analitica","","","PVP sales 1 (626568); Storica Analitica visura per immobile - Catasto Fabbricati."
"visura-storica","NO","AGRATE CONTURBIA","14","180","6","F","","analitica","","","PVP sales 1 (626568); Storica Analitica visura per immobile - Catasto Fabbricati."
"visura-storica","NO","AGRATE CONTURBIA","14","180","7","F","","analitica","","","PVP sales 1 (626568); Storica Analitica visura per immobile - Catasto Fabbricati."
"visura-storica","NO","AGRATE CONTURBIA","14","180","8","F","","analitica","","","PVP sales 1 (626568); Storica Analitica visura per immobile - Catasto Fabbricati."
"visura-storica","NO","AGRATE CONTURBIA","14","180","9","F","","analitica","","","PVP sales 1 (626568); Storica Analitica visura per immobile - Catasto Fabbricati."
"visura-storica","NO","AGRATE CONTURBIA","14","181","2","F","","analitica","","","PVP sales 1 (626568); Storica Analitica visura per immobile - Catasto Fabbricati."
"visura-storica","NO","AGRATE CONTURBIA","14","181","3","F","","analitica","","","PVP sales 1 (626568); Storica Analitica visura per immobile - Catasto Fabbricati."
"visura-storica","NO","AGRATE CONTURBIA","14","200","","F","","analitica","","","PVP sales 1 (626568); Storica Analitica visura per immobile - Catasto Fabbricati."
"visura-storica","NO","AGRATE CONTURBIA","14","200","","T","","analitica","","","PVP sales 1 (626568); Storica Analitica visura per immobile - Catasto Terreni."
"visura-storica","NO","AGRATE CONTURBIA","14","206","","F","","analitica","","","PVP sales 1 (626568); Storica Analitica visura per immobile - Catasto Fabbricati."
"visura-storica","NO","AGRATE CONTURBIA","14","206","","T","","analitica","","","PVP sales 1 (626568); Storica Analitica visura per immobile - Catasto Terreni."
"visura-storica","NO","AGRATE CONTURBIA","14","50","2","F","","analitica","","","PVP sales 1 (626568); Storica Analitica visura per immobile - Catasto Fabbricati."
"visura-storica","NO","AGRATE CONTURBIA","14","50","3","F","","analitica","","","PVP sales 1 (626568); Storica Analitica visura per immobile - Catasto Fabbricati."
"visura-storica","NO","AGRATE CONTURBIA","14","50","4","F","","analitica","","","PVP sales 1 (626568); Storica Analitica visura per immobile - Catasto Fabbricati."
"visura-storica","NO","AGRATE CONTURBIA","14","55","","F","","analitica","","","PVP sales 1 (626568); Storica Analitica visura per immobile - Catasto Fabbricati."
"visura-storica","NO","AGRATE CONTURBIA","14","55","","T","","analitica","","","PVP sales 1 (626568); Storica Analitica visura per immobile - Catasto Terreni."
"visura-storica","NO","AGRATE CONTURBIA","17","221","1","F","","analitica","","","PVP sales 2 (619456,1524305); Storica Analitica visura per immobile - Catasto Fabbricati."
"visura-storica","NO","AGRATE CONTURBIA","17","221","6","F","","analitica","","","PVP sales 2 (619456,1524305); Storica Analitica visura per immobile - Catasto Fabbricati."
"visura-storica","NO","AGRATE CONTURBIA","21","182","","F","","analitica","","","PVP sales 1 (2172957); Storica Analitica visura per immobile - Catasto Fabbricati."
"visura-storica","NO","AGRATE CONTURBIA","21","182","","T","","analitica","","","PVP sales 1 (2172957); Storica Analitica visura per immobile - Catasto Terreni."
"visura-storica","NO","AGRATE CONTURBIA","21","184","","F","","analitica","","","PVP sales 1 (2172957); Storica Analitica visura per immobile - Catasto Fabbricati."
"visura-storica","NO","AGRATE CONTURBIA","21","184","","T","","analitica","","","PVP sales 1 (2172957); Storica Analitica visura per immobile - Catasto Terreni."
"visura-storica","NO","AGRATE CONTURBIA","4","98","","F","","analitica","","","PVP sales 3 (319325,406466,529956); Storica Analitica visura per immobile - Catasto Fabbricati."
"visura-storica","NO","AGRATE CONTURBIA","4","98","","T","","analitica","","","PVP sales 3 (319325,406466,529956); Storica Analitica visura per immobile - Catasto Terreni."
"visura-storica","NO","AGRATE CONTURBIA","7","545","2","F","","analitica","","","PVP sales 1 (4454411); Storica Analitica visura per immobile - Catasto Fabbricati."
"visura-storica","NO","AGRATE CONTURBIA","7","545","3","F","","analitica","","","PVP sales 1 (4454411); Storica Analitica visura per immobile - Catasto Fabbricati."
"visura-storica","NO","AGRATE CONTURBIA","8","239","","F","","analitica","","","PVP sales 1 (806388); Storica Analitica visura per immobile - Catasto Fabbricati."
"visura-storica","NO","AGRATE CONTURBIA","8","239","","T","","analitica","","","PVP sales 1 (806388); Storica Analitica visura per immobile - Catasto Terreni."
"visura-storica","NO","AGRATE CONTURBIA","8","83","2","F","","analitica","","","PVP sales 1 (4450877); Storica Analitica visura per immobile - Catasto Fabbricati."
"visura-storica","NO","AMENO","5","441","","T","","analitica","","","PVP sales 1 (720080); Storica Analitica visura per immobile - Catasto Terreni."
"visura-storica","NO","AMENO","5","441","1","F","","analitica","","","PVP sales 1 (720080); Storica Analitica visura per immobile - Catasto Fabbricati."
"visura-storica","NO","ARONA","14","231","117","F","","analitica","","","PVP sales 1 (667548); Storica Analitica visura per immobile - Catasto Fabbricati."
"visura-storica","NO","ARONA","14","231","150","F","","analitica","","","PVP sales 1 (666606); Storica Analitica visura per immobile - Catasto Fabbricati."
"visura-storica","NO","ARONA","14","231","151","F","","analitica","","","PVP sales 1 (666614); Storica Analitica visura per immobile - Catasto Fabbricati."
"visura-storica","NO","ARONA","14","231","153","F","","analitica","","","PVP sales 1 (666617); Storica Analitica visura per immobile - Catasto Fabbricati."
"visura-storica","NO","ARONA","15","15","1","F","","analitica","","","PVP sales 1 (317886); Storica Analitica visura per immobile - Catasto Fabbricati."
"visura-storica","NO","ARONA","2","47","","F","","analitica","","","PVP sales 1 (324315); Storica Analitica visura per immobile - Catasto Fabbricati."
"visura-storica","NO","ARONA","2","47","","T","","analitica","","","PVP sales 1 (324315); Storica Analitica visura per immobile - Catasto Terreni."
"visura-storica","NO","ARONA","2","49","","F","","analitica","","","PVP sales 1 (324315); Storica Analitica visura per immobile - Catasto Fabbricati."
"visura-storica","NO","ARONA","2","49","","T","","analitica","","","PVP sales 1 (324315); Storica Analitica visura per immobile - Catasto Terreni."
"visura-storica","NO","ARONA","24","21","","F","","analitica","","","PVP sales 1 (1432899); Storica Analitica visura per immobile - Catasto Fabbricati."
"visura-storica","NO","BELLINZAGO NOVARESE","16","2095","4","F","","analitica","","","PVP sales 1 (2012745); Storica Analitica visura per immobile - Catasto Fabbricati."
"visura-storica","NO","BELLINZAGO NOVARESE","16","2095","8","F","","analitica","","","PVP sales 1 (2012745); Storica Analitica visura per immobile - Catasto Fabbricati."
"visura-storica","NO","BELLINZAGO NOVARESE","28","431","23","F","","analitica","","","PVP sales 1 (1415989); Storica Analitica visura per immobile - Catasto Fabbricati."
"visura-storica","NO","BELLINZAGO NOVARESE","28","431","8","F","","analitica","","","PVP sales 1 (1415989); Storica Analitica visura per immobile - Catasto Fabbricati."
"visura-storica","NO","BELLINZAGO NOVARESE","7","48","7","F","","analitica","","","PVP sales 1 (4540930); Storica Analitica visura per immobile - Catasto Fabbricati."
"visura-storica","NO","BIANDRATE","10","480","1","F","","analitica","","","PVP sales 1 (2227652); Storica Analitica visura per immobile - Catasto Fabbricati."
"visura-storica","NO","BIANDRATE","10","480","2","F","","analitica","","","PVP sales 1 (2227652); Storica Analitica visura per immobile - Catasto Fabbricati."
"visura-storica","NO","BIANDRATE","3","109","","F","","analitica","","","PVP sales 2 (4473178,4516253); Storica Analitica visura per immobile - Catasto Fabbricati."
"visura-storica","NO","BIANDRATE","3","109","","T","","analitica","","","PVP sales 2 (4473178,4516253); Storica Analitica visura per immobile - Catasto Terreni."
"visura-storica","NO","BIANDRATE","3","109","1","F","","analitica","","","PVP sales 2 (4473178,4516253); Storica Analitica visura per immobile - Catasto Fabbricati."
"visura-storica","NO","BIANDRATE","3","110","","F","","analitica","","","PVP sales 2 (4473178,4516253); Storica Analitica visura per immobile - Catasto Fabbricati."
"visura-storica","NO","BIANDRATE","3","110","","T","","analitica","","","PVP sales 2 (4473178,4516253); Storica Analitica visura per immobile - Catasto Terreni."
"visura-storica","NO","BIANDRATE","3","112","","F","","analitica","","","PVP sales 2 (4473178,4516253); Storica Analitica visura per immobile - Catasto Fabbricati."
"visura-storica","NO","BIANDRATE","3","112","","T","","analitica","","","PVP sales 2 (4473178,4516253); Storica Analitica visura per immobile - Catasto Terreni."
"visura-storica","NO","BOCA","4","391","2","F","","analitica","","","PVP sales 2 (4471120,4471227); Storica Analitica visura per immobile - Catasto Fabbricati."
"visura-storica","NO","BOCA","4","391","3","F","","analitica","","","PVP sales 1 (4471227); Storica Analitica visura per immobile - Catasto Fabbricati."
"visura-storica","NO","BOCA","8","759","22","F","","analitica","","","PVP sales 1 (4415358); Storica Analitica visura per immobile - Catasto Fabbricati."
"visura-storica","NO","BOCA","9","663","","F","","analitica","","","PVP sales 1 (2098829); Storica Analitica visura per immobile - Catasto Fabbricati."
"visura-storica","NO","BOCA","4","391","3","F","","analitica","MCEU","","PVP sales 1 (4471120); Storica Analitica visura per immobile - Catasto Fabbricati."
"visura-storica","NO","BOGOGNO","5","283","","F","","analitica","","","PVP sales 1 (4554411); Storica Analitica visura per immobile - Catasto Fabbricati."
"visura-storica","NO","BOGOGNO","5","283","","T","","analitica","","","PVP sales 1 (4554411); Storica Analitica visura per immobile - Catasto Terreni."
"visura-storica","NO","BOGOGNO","5","94","","F","","analitica","","","PVP sales 1 (4240892); Storica Analitica visura per immobile - Catasto Fabbricati."
"visura-storica","NO","BOGOGNO","5","94","","T","","analitica","","","PVP sales 1 (4240892); Storica Analitica visura per immobile - Catasto Terreni."
"visura-storica","NO","BOGOGNO","6","104","3","F","","analitica","","","PVP sales 1 (4554305); Storica Analitica visura per immobile - Catasto Fabbricati."
"visura-storica","NO","BOLZANO NOVARESE","2","121","","F","","analitica","","","PVP sales 1 (1818413); Storica Analitica visura per immobile - Catasto Fabbricati."
"visura-storica","NO","BOLZANO NOVARESE","2","121","","T","","analitica","","","PVP sales 2 (1676967,1818413); Storica Analitica visura per immobile - Catasto Terreni."
"visura-storica","NO","BOLZANO NOVARESE","2","121","3","F","","analitica","","","PVP sales 2 (1676967,1818413); Storica Analitica visura per immobile - Catasto Fabbricati."
"visura-storica","NO","BOLZANO NOVARESE","3","693","4","F","","analitica","","","PVP sales 2 (4448981,4499941); Storica Analitica visura per immobile - Catasto Fabbricati."
"visura-storica","NO","BORGO TICINO","1","593","","F","","analitica","","","PVP sales 1 (4264285); Storica Analitica visura per immobile - Catasto Fabbricati."
"visura-storica","NO","BORGO TICINO","1","593","","T","","analitica","","","PVP sales 1 (4264285); Storica Analitica visura per immobile - Catasto Terreni."
"visura-storica","NO","BORGO TICINO","1","660","","F","","analitica","","","PVP sales 1 (4264285); Storica Analitica visura per immobile - Catasto Fabbricati."
"visura-storica","NO","BORGO TICINO","1","660","","T","","analitica","","","PVP sales 1 (4264285); Storica Analitica visura per immobile - Catasto Terreni."
"visura-storica","NO","BORGO TICINO","11","1228","19","F","","analitica","","","PVP sales 1 (4478292); Storica Analitica visura per immobile - Catasto Fabbricati."
"visura-storica","NO","BORGO TICINO","11","1228","9","F","","analitica","","","PVP sales 1 (4478292); Storica Analitica visura per immobile - Catasto Fabbricati."
"visura-storica","NO","BORGO TICINO","11","1555","","F","","analitica","","","PVP sales 1 (616185); Storica Analitica visura per immobile - Catasto Fabbricati."
"visura-storica","NO","BORGO TICINO","11","1555","","T","","analitica","","","PVP sales 1 (616185); Storica Analitica visura per immobile - Catasto Terreni."
"visura-storica","NO","BORGO TICINO","11","1558","","F","","analitica","","","PVP sales 1 (616185); Storica Analitica visura per immobile - Catasto Fabbricati."
"visura-storica","NO","BORGO TICINO","11","1558","","T","","analitica","","","PVP sales 1 (616185); Storica Analitica visura per immobile - Catasto Terreni."
"visura-storica","NO","BORGO TICINO","11","1561","","F","","analitica","","","PVP sales 1 (616185); Storica Analitica visura per immobile - Catasto Fabbricati."
"visura-storica","NO","BORGO TICINO","11","1561","","T","","analitica","","","PVP sales 1 (616185); Storica Analitica visura per immobile - Catasto Terreni."
"visura-storica","NO","BORGO TICINO","11","1564","","F","","analitica","","","PVP sales 1 (616185); Storica Analitica visura per immobile - Catasto Fabbricati."
"visura-storica","NO","BORGO TICINO","11","1564","","T","","analitica","","","PVP sales 1 (616185); Storica Analitica visura per immobile - Catasto Terreni."
"visura-storica","NO","BORGO TICINO","11","1693","","F","","analitica","","","PVP sales 1 (4530147); Storica Analitica visura per immobile - Catasto Fabbricati."
"visura-storica","NO","BORGO TICINO","14","1300","13","F","","analitica","","","PVP sales 1 (386793); Storica Analitica visura per immobile - Catasto Fabbricati."
"visura-storica","NO","BORGO TICINO","14","1300","14","F","","analitica","","","PVP sales 1 (386793); Storica Analitica visura per immobile - Catasto Fabbricati."
"visura-storica","NO","BORGO TICINO","14","1300","6","F","","analitica","","","PVP sales 1 (386793); Storica Analitica visura per immobile - Catasto Fabbricati."
"visura-storica","NO","BORGO TICINO","14","1300","7","F","","analitica","","","PVP sales 1 (386793); Storica Analitica visura per immobile - Catasto Fabbricati."
"visura-storica","NO","BORGO TICINO","14","1301","13","F","","analitica","","","PVP sales 1 (386944); Storica Analitica visura per immobile - Catasto Fabbricati."
"visura-storica","NO","BORGO TICINO","14","1301","14","F","","analitica","","","PVP sales 1 (386944); Storica Analitica visura per immobile - Catasto Fabbricati."
"visura-storica","NO","BORGO TICINO","14","1301","6","F","","analitica","","","PVP sales 1 (386944); Storica Analitica visura per immobile - Catasto Fabbricati."
"visura-storica","NO","BORGO TICINO","14","1301","7","F","","analitica","","","PVP sales 1 (386944); Storica Analitica visura per immobile - Catasto Fabbricati."
"visura-storica","NO","BORGO TICINO","16","150","6","F","","analitica","","","PVP sales 1 (2184860); Storica Analitica visura per immobile - Catasto Fabbricati."
"visura-storica","NO","BORGO TICINO","16","150","7","F","","analitica","","","PVP sales 1 (2184860); Storica Analitica visura per immobile - Catasto Fabbricati."
"visura-storica","NO","BORGO TICINO","16","208","","F","","analitica","","","PVP sales 1 (1754340); Storica Analitica visura per immobile - Catasto Fabbricati."
"visura-storica","NO","BORGO TICINO","16","208","","T","","analitica","","","PVP sales 1 (1754340); Storica Analitica visura per immobile - Catasto Terreni."
"visura-storica","NO","BORGO TICINO","16","456","2","F","","analitica","","","PVP sales 1 (1754340); Storica Analitica visura per immobile - Catasto Fabbricati."
"visura-storica","NO","BORGO TICINO","16","485","1","F","","analitica","","","PVP sales 1 (4564035); Storica Analitica visura per immobile - Catasto Fabbricati."
"visura-storica","NO","BORGO TICINO","16","486","2","F","","analitica","","","PVP sales 1 (4564035); Storica Analitica visura per immobile - Catasto Fabbricati."
"visura-storica","NO","BORGO TICINO","16","486","4","F","","analitica","","","PVP sales 1 (4564035); Storica Analitica visura per immobile - Catasto Fabbricati."
"visura-storica","NO","BORGO TICINO","21","1707","","F","","analitica","","","PVP sales 1 (4491713); Storica Analitica visura per immobile - Catasto Fabbricati."
"visura-storica","NO","BORGO TICINO","21","1707","","T","","analitica","","","PVP sales 1 (4491713); Storica Analitica visura per immobile - Catasto Terreni."
"visura-storica","NO","BORGO TICINO","21","1707","1","F","","analitica","","","PVP sales 1 (4491713); Storica Analitica visura per immobile - Catasto Fabbricati."
"visura-storica","NO","BORGO TICINO","21","1707","3","F","","analitica","","","PVP sales 1 (4491713); Storica Analitica visura per immobile - Catasto Fabbricati."
"visura-storica","NO","BORGO TICINO","21","1707","5","F","","analitica","","","PVP sales 1 (4491713); Storica Analitica visura per immobile - Catasto Fabbricati."
"visura-storica","NO","BORGO TICINO","21","1707","6","F","","analitica","","","PVP sales 1 (4491713); Storica Analitica visura per immobile - Catasto Fabbricati."
"visura-storica","NO","BORGO TICINO","21","1707","7","F","","analitica","","","PVP sales 1 (4491713); Storica Analitica visura per immobile - Catasto Fabbricati."
"visura-storica","NO","BORGO TICINO","22","409","5","F","","analitica","","","PVP sales 1 (4546045); Storica Analitica visura per immobile - Catasto Fabbricati."
"visura-storica","NO","BORGOLAVEZZARO","34","453","8","F","","analitica","","","PVP sales 1 (2224983); Storica Analitica visura per immobile - Catasto Fabbricati."
"visura-storica","NO","BORGOLAVEZZARO","34","813","22","F","","analitica","","","PVP sales 1 (392682); Storica Analitica visura per immobile - Catasto Fabbricati."
"visura-storica","NO","BORGOLAVEZZARO","34","813","3","F","","analitica","","","PVP sales 1 (392682); Storica Analitica visura per immobile - Catasto Fabbricati."
"visura-storica","NO","BORGOLAVEZZARO","34","987","1","F","","analitica","","","PVP sales 1 (4539236); Storica Analitica visura per immobile - Catasto Fabbricati."
"visura-storica","NO","BORGOLAVEZZARO","35","106","105","F","","analitica","","","PVP sales 1 (2243159); Storica Analitica visura per immobile - Catasto Fabbricati."
"visura-storica","NO","BORGOLAVEZZARO","35","106","6","F","","analitica","","","PVP sales 1 (2243162); Storica Analitica visura per immobile - Catasto Fabbricati."
"visura-storica","NO","BORGOLAVEZZARO","35","566","","F","","analitica","","","PVP sales 1 (243946); Storica Analitica visura per immobile - Catasto Fabbricati."
"visura-storica","NO","BORGOLAVEZZARO","35","566","","T","","analitica","","","PVP sales 1 (243946); Storica Analitica visura per immobile - Catasto Terreni."
"visura-storica","NO","BORGOLAVEZZARO","35","566","3","F","","analitica","","","PVP sales 1 (243946); Storica Analitica visura per immobile - Catasto Fabbricati."
"visura-storica","NO","BORGOMANERO","1","292","","F","","analitica","","","PVP sales 1 (589210); Storica Analitica visura per immobile - Catasto Fabbricati."
"visura-storica","NO","BORGOMANERO","1","292","","T","","analitica","","","PVP sales 1 (589210); Storica Analitica visura per immobile - Catasto Terreni."
"visura-storica","NO","BORGOMANERO","1","293","","F","","analitica","","","PVP sales 1 (589210); Storica Analitica visura per immobile - Catasto Fabbricati."
"visura-storica","NO","BORGOMANERO","1","293","","T","","analitica","","","PVP sales 1 (589210); Storica Analitica visura per immobile - Catasto Terreni."
"visura-storica","NO","BORGOMANERO","10","1003","2","F","","analitica","","","PVP sales 1 (2148417); Storica Analitica visura per immobile - Catasto Fabbricati."
"visura-storica","NO","BORGOMANERO","10","1007","1","F","","analitica","","","PVP sales 1 (1980580); Storica Analitica visura per immobile - Catasto Fabbricati."
"visura-storica","NO","BORGOMANERO","10","1479","13","F","","analitica","","","PVP sales 1 (336768); Storica Analitica visura per immobile - Catasto Fabbricati."
"visura-storica","NO","BORGOMANERO","10","1479","28","F","","analitica","","","PVP sales 1 (336768); Storica Analitica visura per immobile - Catasto Fabbricati."
"visura-storica","NO","BORGOMANERO","10","1755","2","F","","analitica","","","PVP sales 1 (1719605); Storica Analitica visura per immobile - Catasto Fabbricati."
"visura-storica","NO","BORGOMANERO","10","1755","3","F","","analitica","","","PVP sales 1 (1719605); Storica Analitica visura per immobile - Catasto Fabbricati."
"visura-storica","NO","BORGOMANERO","13","695","","F","","analitica","","","PVP sales 2 (2154440,2156844); Storica Analitica visura per immobile - Catasto Fabbricati."
"visura-storica","NO","BORGOMANERO","13","695","","T","","analitica","","","PVP sales 2 (2154440,2156844); Storica Analitica visura per immobile - Catasto Terreni."
"visura-storica","NO","BORGOMANERO","13","740","","F","","analitica","","","PVP sales 2 (2154440,2156844); Storica Analitica visura per immobile - Catasto Fabbricati."
"visura-storica","NO","BORGOMANERO","13","740","","T","","analitica","","","PVP sales 2 (2154440,2156844); Storica Analitica visura per immobile - Catasto Terreni."
"visura-storica","NO","BORGOMANERO","13","754","6","F","","analitica","","","PVP sales 2 (2154523,2260599); Storica Analitica visura per immobile - Catasto Fabbricati."
"visura-storica","NO","BORGOMANERO","13","754","8","F","","analitica","","","PVP sales 2 (2154440,2156844); Storica Analitica visura per immobile - Catasto Fabbricati."
"visura-storica","NO","BORGOMANERO","16","74","1","F","","analitica","","","PVP sales 1 (812710); Storica Analitica visura per immobile - Catasto Fabbricati."
"visura-storica","NO","BORGOMANERO","16","74","2","F","","analitica","","","PVP sales 1 (812710); Storica Analitica visura per immobile - Catasto Fabbricati."
"visura-storica","NO","BORGOMANERO","18","1531","1","F","","analitica","","","PVP sales 1 (4528991); Storica Analitica visura per immobile - Catasto Fabbricati."
"visura-storica","NO","BORGOMANERO","18","1531","2","F","","analitica","","","PVP sales 1 (4528990); Storica Analitica visura per immobile - Catasto Fabbricati."
"visura-storica","NO","BORGOMANERO","18","1584","10","F","","analitica","","","PVP sales 1 (2140880); Storica Analitica visura per immobile - Catasto Fabbricati."
"visura-storica","NO","BORGOMANERO","18","1584","11","F","","analitica","","","PVP sales 1 (2140880); Storica Analitica visura per immobile - Catasto Fabbricati."
"visura-storica","NO","BORGOMANERO","18","1584","9","F","","analitica","","","PVP sales 1 (2140880); Storica Analitica visura per immobile - Catasto Fabbricati."
"visura-storica","NO","BORGOMANERO","18","1692","","F","","analitica","","","PVP sales 1 (2140880); Storica Analitica visura per immobile - Catasto Fabbricati."
"visura-storica","NO","BORGOMANERO","18","1692","","T","","analitica","","","PVP sales 1 (2140880); Storica Analitica visura per immobile - Catasto Terreni."
"visura-storica","NO","BORGOMANERO","18","457","4","F","","analitica","","","PVP sales 1 (4528991); Storica Analitica visura per immobile - Catasto Fabbricati."
"visura-storica","NO","BORGOMANERO","18","457","5","F","","analitica","","","PVP sales 1 (4528990); Storica Analitica visura per immobile - Catasto Fabbricati."
"visura-storica","NO","BORGOMANERO","2","195","","F","","analitica","","","PVP sales 1 (589210); Storica Analitica visura per immobile - Catasto Fabbricati."
"visura-storica","NO","BORGOMANERO","2","195","","T","","analitica","","","PVP sales 1 (589210); Storica Analitica visura per immobile - Catasto Terreni."
"visura-storica","NO","BORGOMANERO","2","196","","F","","analitica","","","PVP sales 1 (589210); Storica Analitica visura per immobile - Catasto Fabbricati."
"visura-storica","NO","BORGOMANERO","2","196","","T","","analitica","","","PVP sales 1 (589210); Storica Analitica visura per immobile - Catasto Terreni."
"visura-storica","NO","BORGOMANERO","2","198","","F","","analitica","","","PVP sales 1 (589210); Storica Analitica visura per immobile - Catasto Fabbricati."
"visura-storica","NO","BORGOMANERO","2","198","","T","","analitica","","","PVP sales 1 (589210); Storica Analitica visura per immobile - Catasto Terreni."
"visura-storica","NO","BORGOMANERO","2","199","","F","","analitica","","","PVP sales 1 (589210); Storica Analitica visura per immobile - Catasto Fabbricati."
"visura-storica","NO","BORGOMANERO","2","199","","T","","analitica","","","PVP sales 1 (589210); Storica Analitica visura per immobile - Catasto Terreni."
"visura-storica","NO","BORGOMANERO","22","2265","","F","","analitica","","","PVP sales 1 (1531855); Storica Analitica visura per immobile - Catasto Fabbricati."
"visura-storica","NO","BORGOMANERO","22","2265","","T","","analitica","","","PVP sales 1 (1531855); Storica Analitica visura per immobile - Catasto Terreni."
"visura-storica","NO","BORGOMANERO","25","1036","","T","","analitica","","","PVP sales 2 (4421830,4424369); Storica Analitica visura per immobile - Catasto Terreni."
"visura-storica","NO","BORGOMANERO","25","1036","1","F","","analitica","","","PVP sales 2 (4421830,4424369); Storica Analitica visura per immobile - Catasto Fabbricati."
"visura-storica","NO","BORGOMANERO","25","1036","2","F","","analitica","","","PVP sales 2 (4421830,4424369); Storica Analitica visura per immobile - Catasto Fabbricati."
"visura-storica","NO","BORGOMANERO","25","1036","3","F","","analitica","","","PVP sales 2 (4421830,4424369); Storica Analitica visura per immobile - Catasto Fabbricati."
"visura-storica","NO","BORGOMANERO","25","1051","2","F","","analitica","","","PVP sales 1 (4559786); Storica Analitica visura per immobile - Catasto Fabbricati."
"visura-storica","NO","BORGOMANERO","25","1051","4","F","","analitica","","","PVP sales 1 (4559786); Storica Analitica visura per immobile - Catasto Fabbricati."
"visura-storica","NO","BORGOMANERO","25","232","4","F","","analitica","","","PVP sales 1 (2191097); Storica Analitica visura per immobile - Catasto Fabbricati."
"visura-storica","NO","BORGOMANERO","25","232","6","F","","analitica","","","PVP sales 1 (2191097); Storica Analitica visura per immobile - Catasto Fabbricati."
"visura-storica","NO","BORGOMANERO","25","232","7","F","","analitica","","","PVP sales 1 (2191097); Storica Analitica visura per immobile - Catasto Fabbricati."
"visura-storica","NO","BORGOMANERO","25","232","8","F","","analitica","","","PVP sales 1 (2191097); Storica Analitica visura per immobile - Catasto Fabbricati."
"visura-storica","NO","BORGOMANERO","26","1045","","F","","analitica","","","PVP sales 1 (4244296); Storica Analitica visura per immobile - Catasto Fabbricati."
"visura-storica","NO","BORGOMANERO","26","1045","","T","","analitica","","","PVP sales 1 (4244296); Storica Analitica visura per immobile - Catasto Terreni."
"visura-storica","NO","BORGOMANERO","26","500","2","F","","analitica","","","PVP sales 1 (959524); Storica Analitica visura per immobile - Catasto Fabbricati."
"visura-storica","NO","BORGOMANERO","26","500","3","F","","analitica","","","PVP sales 1 (959524); Storica Analitica visura per immobile - Catasto Fabbricati."
"visura-storica","NO","BORGOMANERO","26","500","4","F","","analitica","","","PVP sales 1 (959524); Storica Analitica visura per immobile - Catasto Fabbricati."
"visura-storica","NO","BORGOMANERO","26","500","5","F","","analitica","","","PVP sales 1 (959524); Storica Analitica visura per immobile - Catasto Fabbricati."
"visura-storica","NO","BORGOMANERO","27","1382","","F","","analitica","","","PVP sales 1 (185744); Storica Analitica visura per immobile - Catasto Fabbricati."
"visura-storica","NO","BORGOMANERO","27","1382","","T","","analitica","","","PVP sales 1 (185744); Storica Analitica visura per immobile - Catasto Terreni."
"visura-storica","NO","BORGOMANERO","27","1384","","F","","analitica","","","PVP sales 1 (185744); Storica Analitica visura per immobile - Catasto Fabbricati."
"visura-storica","NO","BORGOMANERO","27","1384","","T","","analitica","","","PVP sales 1 (185744); Storica Analitica visura per immobile - Catasto Terreni."
"visura-storica","NO","BORGOMANERO","3","1284","","F","","analitica","","","PVP sales 1 (332269); Storica Analitica visura per immobile - Catasto Fabbricati."
"visura-storica","NO","BORGOMANERO","3","1284","","T","","analitica","","","PVP sales 1 (332269); Storica Analitica visura per immobile - Catasto Terreni."
"visura-storica","NO","BORGOMANERO","3","1298","1","F","","analitica","","","PVP sales 2 (332269,588105); Storica Analitica visura per immobile - Catasto Fabbricati."
"visura-storica","NO","BORGOMANERO","3","1298","2","F","","analitica","","","PVP sales 2 (332269,588105); Storica Analitica visura per immobile - Catasto Fabbricati."
"visura-storica","NO","BORGOMANERO","3","1298","3","F","","analitica","","","PVP sales 2 (332269,588105); Storica Analitica visura per immobile - Catasto Fabbricati."
"visura-storica","NO","BORGOMANERO","3","1298","4","F","","analitica","","","PVP sales 2 (332269,588105); Storica Analitica visura per immobile - Catasto Fabbricati."
"visura-storica","NO","BORGOMANERO","3","1298","5","F","","analitica","","","PVP sales 2 (332269,588105); Storica Analitica visura per immobile - Catasto Fabbricati."
"visura-storica","NO","BORGOMANERO","3","1298","6","F","","analitica","","","PVP sales 2 (332269,588105); Storica Analitica visura per immobile - Catasto Fabbricati."
"visura-storica","NO","BORGOMANERO","3","1298","7","F","","analitica","","","PVP sales 2 (332269,588105); Storica Analitica visura per immobile - Catasto Fabbricati."
"visura-storica","NO","BORGOMANERO","3","672","","F","","analitica","","","PVP sales 1 (332269); Storica Analitica visura per immobile - Catasto Fabbricati."
"visura-storica","NO","BORGOMANERO","3","672","","T","","analitica","","","PVP sales 1 (332269); Storica Analitica visura per immobile - Catasto Terreni."
"visura-storica","NO","BORGOMANERO","31","9708","3","F","","analitica","","","PVP sales 1 (4540011); Storica Analitica visura per immobile - Catasto Fabbricati."
"visura-storica","NO","BORGOMANERO","31","9708","5","F","","analitica","","","PVP sales 1 (4540011); Storica Analitica visura per immobile - Catasto Fabbricati."
"visura-storica","NO","BORGOMANERO","31","9825","5","F","","analitica","","","PVP sales 1 (154585); Storica Analitica visura per immobile - Catasto Fabbricati."
"visura-storica","NO","BORGOMANERO","31","9935","17","F","","analitica","","","PVP sales 1 (806008); Storica Analitica visura per immobile - Catasto Fabbricati."
"visura-storica","NO","BORGOMANERO","31","9935","18","F","","analitica","","","PVP sales 1 (806008); Storica Analitica visura per immobile - Catasto Fabbricati."
"visura-storica","NO","BORGOMANERO","32","10027","","F","","analitica","","","PVP sales 1 (856435); Storica Analitica visura per immobile - Catasto Fabbricati."
"visura-storica","NO","BORGOMANERO","32","10027","","T","","analitica","","","PVP sales 1 (856435); Storica Analitica visura per immobile - Catasto Terreni."
"visura-storica","NO","BORGOMANERO","32","10290","12","F","","analitica","","","PVP sales 1 (4528910); Storica Analitica visura per immobile - Catasto Fabbricati."
"visura-storica","NO","BORGOMANERO","8","479","1","F","","analitica","","","PVP sales 1 (793222); Storica Analitica visura per immobile - Catasto Fabbricati."
"visura-storica","NO","BORGOMANERO","8","680","12","F","","analitica","","","PVP sales 1 (793222); Storica Analitica visura per immobile - Catasto Fabbricati."
"visura-storica","NO","BORGOMANERO","9","302","11","F","","analitica","","","PVP sales 1 (815236); Storica Analitica visura per immobile - Catasto Fabbricati."
"visura-storica","NO","BORGOMANERO","9","302","12","F","","analitica","","","PVP sales 1 (818870); Storica Analitica visura per immobile - Catasto Fabbricati."
"visura-storica","NO","BORGOMANERO","9","302","19","F","","analitica","","","PVP sales 1 (818870); Storica Analitica visura per immobile - Catasto Fabbricati."
"visura-storica","NO","BORGOMANERO","9","302","26","F","","analitica","","","PVP sales 1 (815236); Storica Analitica visura per immobile - Catasto Fabbricati."
"visura-storica","NO","BRIGA NOVARESE","2","159","19","F","","analitica","","","PVP sales 1 (451415); Storica Analitica visura per immobile - Catasto Fabbricati."
"visura-storica","NO","BRIGA NOVARESE","2","159","7","F","","analitica","","","PVP sales 1 (451415); Storica Analitica visura per immobile - Catasto Fabbricati."
"visura-storica","NO","BRIGA NOVARESE","2","468","","T","","analitica","","","PVP sales 1 (4248085); Storica Analitica visura per immobile - Catasto Terreni."
"visura-storica","NO","BRIGA NOVARESE","2","485","5","F","","analitica","","","PVP sales 1 (4521024); Storica Analitica visura per immobile - Catasto Fabbricati."
"visura-storica","NO","BRIGA NOVARESE","6","270","39","F","","analitica","","","PVP sales 1 (525096); Storica Analitica visura per immobile - Catasto Fabbricati."
"visura-storica","NO","BRIGA NOVARESE","6","277","5","F","","analitica","","","PVP sales 1 (527079); Storica Analitica visura per immobile - Catasto Fabbricati."
"visura-storica","NO","BRIGA NOVARESE","6","844","17","F","","analitica","","","PVP sales 1 (525592); Storica Analitica visura per immobile - Catasto Fabbricati."
"visura-storica","NO","BRIGA NOVARESE","8","1087","13","F","","analitica","","","PVP sales 1 (525350); Storica Analitica visura per immobile - Catasto Fabbricati."
"visura-storica","NO","BRIGA NOVARESE","8","1087","2","F","","analitica","","","PVP sales 1 (525138); Storica Analitica visura per immobile - Catasto Fabbricati."
"visura-storica","NO","BRIGA NOVARESE","8","1087","3","F","","analitica","","","PVP sales 1 (524175); Storica Analitica visura per immobile - Catasto Fabbricati."
"visura-storica","NO","BRIGA NOVARESE","8","1087","4","F","","analitica","","","PVP sales 1 (524194); Storica Analitica visura per immobile - Catasto Fabbricati."
"visura-storica","NO","BRIGA NOVARESE","8","1087","5","F","","analitica","","","PVP sales 1 (525237); Storica Analitica visura per immobile - Catasto Fabbricati."
"visura-storica","NO","BRIGA NOVARESE","8","1087","6","F","","analitica","","","PVP sales 1 (526537); Storica Analitica visura per immobile - Catasto Fabbricati."
"visura-storica","NO","BRIGA NOVARESE","8","1087","9","F","","analitica","","","PVP sales 1 (526543); Storica Analitica visura per immobile - Catasto Fabbricati."
"visura-storica","NO","BRIGA NOVARESE","8","1098","10","F","","analitica","","","PVP sales 1 (525364); Storica Analitica visura per immobile - Catasto Fabbricati."
"visura-storica","NO","BRIGA NOVARESE","8","1098","13","F","","analitica","","","PVP sales 1 (525376); Storica Analitica visura per immobile - Catasto Fabbricati."
"visura-storica","NO","BRIGA NOVARESE","8","1098","14","F","","analitica","","","PVP sales 1 (526685); Storica Analitica visura per immobile - Catasto Fabbricati."
"visura-storica","NO","BRIGA NOVARESE","8","1098","15","F","","analitica","","","PVP sales 1 (527031); Storica Analitica visura per immobile - Catasto Fabbricati."
"visura-storica","NO","BRIGA NOVARESE","8","1098","3","F","","analitica","","","PVP sales 1 (525354); Storica Analitica visura per immobile - Catasto Fabbricati."
"visura-storica","NO","BRIGA NOVARESE","8","1402","11","F","","analitica","","","PVP sales 1 (527040); Storica Analitica visura per immobile - Catasto Fabbricati."
"visura-storica","NO","BRIGA NOVARESE","8","1402","12","F","","analitica","","","PVP sales 1 (525554); Storica Analitica visura per immobile - Catasto Fabbricati."
"visura-storica","NO","BRIGA NOVARESE","8","1402","13","F","","analitica","","","PVP sales 1 (525560); Storica Analitica visura per immobile - Catasto Fabbricati."
"visura-storica","NO","BRIGA NOVARESE","8","1402","14","F","","analitica","","","PVP sales 1 (525564); Storica Analitica visura per immobile - Catasto Fabbricati."
"visura-storica","NO","BRIGA NOVARESE","8","1402","15","F","","analitica","","","PVP sales 1 (525570); Storica Analitica visura per immobile - Catasto Fabbricati."
"visura-storica","NO","BRIGA NOVARESE","8","1402","16","F","","analitica","","","PVP sales 1 (525577); Storica Analitica visura per immobile - Catasto Fabbricati."
"visura-storica","NO","BRIGA NOVARESE","8","1402","17","F","","analitica","","","PVP sales 1 (525580); Storica Analitica visura per immobile - Catasto Fabbricati."
"visura-storica","NO","BRIGA NOVARESE","8","1402","18","F","","analitica","","","PVP sales 1 (525584); Storica Analitica visura per immobile - Catasto Fabbricati."
"visura-storica","NO","BRIGA NOVARESE","8","1402","19","F","","analitica","","","PVP sales 1 (525587); Storica Analitica visura per immobile - Catasto Fabbricati."
"visura-storica","NO","CAMERI","11","24","","F","","analitica","","","PVP sales 1 (4496123); Storica Analitica visura per immobile - Catasto Fabbricati."
"visura-storica","NO","CAMERI","11","24","","T","","analitica","","","PVP sales 1 (4496123); Storica Analitica visura per immobile - Catasto Terreni."
"visura-storica","NO","CAMERI","17","221","1","F","","analitica","","","PVP sales 1 (453231); Storica Analitica visura per immobile - Catasto Fabbricati."
"visura-storica","NO","CAMERI","17","221","6","F","","analitica","","","PVP sales 1 (453231); Storica Analitica visura per immobile - Catasto Fabbricati."
"visura-storica","NO","CAMERI","25","125","","F","","analitica","","","PVP sales 1 (4496025); Storica Analitica visura per immobile - Catasto Fabbricati."
"visura-storica","NO","CAMERI","25","125","","T","","analitica","","","PVP sales 1 (4496025); Storica Analitica visura per immobile - Catasto Terreni."
"visura-storica","NO","CAMERI","25","82","","F","","analitica","","","PVP sales 1 (4496025); Storica Analitica visura per immobile - Catasto Fabbricati."
"visura-storica","NO","CAMERI","25","82","","T","","analitica","","","PVP sales 1 (4496025); Storica Analitica visura per immobile - Catasto Terreni."
"visura-storica","NO","CAMERI","25","84","","F","","analitica","","","PVP sales 1 (4496025); Storica Analitica visura per immobile - Catasto Fabbricati."
"visura-storica","NO","CAMERI","25","84","","T","","analitica","","","PVP sales 1 (4496025); Storica Analitica visura per immobile - Catasto Terreni."
"visura-storica","NO","CAMERI","25","85","","F","","analitica","","","PVP sales 1 (4496025); Storica Analitica visura per immobile - Catasto Fabbricati."
"visura-storica","NO","CAMERI","25","85","","T","","analitica","","","PVP sales 1 (4496025); Storica Analitica visura per immobile - Catasto Terreni."
"visura-storica","NO","CAMERI","38","15","","F","","analitica","","","PVP sales 1 (4496025); Storica Analitica visura per immobile - Catasto Fabbricati."
"visura-storica","NO","CAMERI","38","15","","T","","analitica","","","PVP sales 1 (4496025); Storica Analitica visura per immobile - Catasto Terreni."
"visura-storica","NO","CAMERI","38","152","","F","","analitica","","","PVP sales 1 (4496025); Storica Analitica visura per immobile - Catasto Fabbricati."
"visura-storica","NO","CAMERI","38","152","","T","","analitica","","","PVP sales 1 (4496025); Storica Analitica visura per immobile - Catasto Terreni."
"visura-storica","NO","CAMERI","38","16","","F","","analitica","","","PVP sales 1 (4496025); Storica Analitica visura per immobile - Catasto Fabbricati."
"visura-storica","NO","CAMERI","38","16","","T","","analitica","","","PVP sales 1 (4496025); Storica Analitica visura per immobile - Catasto Terreni."
"visura-storica","NO","CAMERI","38","17","","F","","analitica","","","PVP sales 1 (4496025); Storica Analitica visura per immobile - Catasto Fabbricati."
"visura-storica","NO","CAMERI","38","17","","T","","analitica","","","PVP sales 1 (4496025); Storica Analitica visura per immobile - Catasto Terreni."
"visura-storica","NO","CAMERI","38","369","","F","","analitica","","","PVP sales 1 (4496025); Storica Analitica visura per immobile - Catasto Fabbricati."
"visura-storica","NO","CAMERI","38","369","","T","","analitica","","","PVP sales 1 (4496025); Storica Analitica visura per immobile - Catasto Terreni."
"visura-storica","NO","CAMERI","38","908","5","F","","analitica","","","PVP sales 1 (4495978); Storica Analitica visura per immobile - Catasto Fabbricati."
"visura-storica","NO","CAMERI","38","908","6","F","","analitica","","","PVP sales 1 (4495978); Storica Analitica visura per immobile - Catasto Fabbricati."
"visura-storica","NO","CAMERI","38","908","7","F","","analitica","","","PVP sales 1 (4495978); Storica Analitica visura per immobile - Catasto Fabbricati."
"visura-storica","NO","CAMERI","40","1380","10","F","","analitica","","","PVP sales 1 (2082740); Storica Analitica visura per immobile - Catasto Fabbricati."
"visura-storica","NO","CAMERI","40","1751","7","F","","analitica","","","PVP sales 3 (1991918,2072630,2148298); Storica Analitica visura per immobile - Catasto Fabbricati."
"visura-storica","NO","CAMERI","40","1751","8","F","","analitica","","","PVP sales 2 (1991918,2148298); Storica Analitica visura per immobile - Catasto Fabbricati."
"visura-storica","NO","CAMERI","41","157","","F","","analitica","","","PVP sales 1 (4496123); Storica Analitica visura per immobile - Catasto Fabbricati."
"visura-storica","NO","CAMERI","41","157","","T","","analitica","","","PVP sales 1 (4496123); Storica Analitica visura per immobile - Catasto Terreni."
"visura-storica","NO","CAMERI","41","55","","F","","analitica","","","PVP sales 1 (4496123); Storica Analitica visura per immobile - Catasto Fabbricati."
"visura-storica","NO","CAMERI","41","55","","T","","analitica","","","PVP sales 1 (4496123); Storica Analitica visura per immobile - Catasto Terreni."
"visura-storica","NO","CAMERI","45","1234","","T","","analitica","","","PVP sales 1 (957334); Storica Analitica visura per immobile - Catasto Terreni."
"visura-storica","NO","CAMERI","45","140","","F","","analitica","","","PVP sales 1 (2251179); Storica Analitica visura per immobile - Catasto Fabbricati."
"visura-storica","NO","CAMERI","45","140","","T","","analitica","","","PVP sales 1 (2251179); Storica Analitica visura per immobile - Catasto Terreni."
"visura-storica","NO","CAMERI","45","141","","F","","analitica","","","PVP sales 1 (2251179); Storica Analitica visura per immobile - Catasto Fabbricati."
"visura-storica","NO","CAMERI","45","141","","T","","analitica","","","PVP sales 1 (2251179); Storica Analitica visura per immobile - Catasto Terreni."
"visura-storica","NO","CAMERI","45","229","","T","","analitica","","","PVP sales 1 (957334); Storica Analitica visura per immobile - Catasto Terreni."
"visura-storica","NO","CAMERI","45","230","","T","","analitica","","","PVP sales 1 (957334); Storica Analitica visura per immobile - Catasto Terreni."
"visura-storica","NO","CAMERI","45","231","","T","","analitica","","","PVP sales 1 (957317); Storica Analitica visura per immobile - Catasto Terreni."
"visura-storica","NO","CAMERI","45","232","","T","","analitica","","","PVP sales 1 (957317); Storica Analitica visura per immobile - Catasto Terreni."
"visura-storica","NO","CAMERI","45","233","","T","","analitica","","","PVP sales 1 (957334); Storica Analitica visura per immobile - Catasto Terreni."
"visura-storica","NO","CAMERI","45","234","","T","","analitica","","","PVP sales 1 (957334); Storica Analitica visura per immobile - Catasto Terreni."
"visura-storica","NO","CAMERI","45","235","","T","","analitica","","","PVP sales 1 (957334); Storica Analitica visura per immobile - Catasto Terreni."
"visura-storica","NO","CAMERI","45","58","","F","","analitica","","","PVP sales 1 (957334); Storica Analitica visura per immobile - Catasto Fabbricati."
"visura-storica","NO","CAMERI","45","92","1","F","","analitica","","","PVP sales 1 (957317); Storica Analitica visura per immobile - Catasto Fabbricati."
"visura-storica","NO","CAMERI","46","65","11","F","","analitica","","","PVP sales 1 (438300); Storica Analitica visura per immobile - Catasto Fabbricati."
"visura-storica","NO","CAMERI","46","65","13","F","","analitica","","","PVP sales 1 (438300); Storica Analitica visura per immobile - Catasto Fabbricati."
"visura-storica","NO","CAMERI","47","85","2","F","","analitica","","","PVP sales 1 (4510835); Storica Analitica visura per immobile - Catasto Fabbricati."
"visura-storica","NO","CAMERI","47","85","4","F","","analitica","","","PVP sales 1 (4510835); Storica Analitica visura per immobile - Catasto Fabbricati."
"visura-storica","NO","CAMERI","47","86","1","F","","analitica","","","PVP sales 1 (4510835); Storica Analitica visura per immobile - Catasto Fabbricati."
"visura-storica","NO","CAMERI","48","189","","F","","analitica","","","PVP sales 3 (959030,1578720,1802178); Storica Analitica visura per immobile - Catasto Fabbricati."
"visura-storica","NO","CAMERI","48","194","","T","","analitica","","","PVP sales 2 (959030,1802178); Storica Analitica visura per immobile - Catasto Terreni."
"visura-storica","NO","CAMERI","48","376","","T","","analitica","","","PVP sales 2 (959030,1802178); Storica Analitica visura per immobile - Catasto Terreni."
"visura-storica","NO","CAMERI","48","377","","T","","analitica","","","PVP sales 2 (959030,1802178); Storica Analitica visura per immobile - Catasto Terreni."
"visura-storica","NO","CAMERI","51","1206","14","F","","analitica","","","PVP sales 1 (1999463); Storica Analitica visura per immobile - Catasto Fabbricati."
"visura-storica","NO","CAMERI","51","1206","19","F","","analitica","","","PVP sales 1 (1999463); Storica Analitica visura per immobile - Catasto Fabbricati."
"visura-storica","NO","CAMERI","51","1206","37","F","","analitica","","","PVP sales 1 (1999463); Storica Analitica visura per immobile - Catasto Fabbricati."
"visura-storica","NO","CAMERI","51","1473","12","F","","analitica","","","PVP sales 1 (415251); Storica Analitica visura per immobile - Catasto Fabbricati."
"visura-storica","NO","CAMERI","51","62","1","F","","analitica","","","PVP sales 1 (415251); Storica Analitica visura per immobile - Catasto Fabbricati."
"visura-storica","NO","CAMERI","51","62","4","F","","analitica","","","PVP sales 1 (415251); Storica Analitica visura per immobile - Catasto Fabbricati."
"visura-storica","NO","CAMERI","51","62","8","F","","analitica","","","PVP sales 1 (415251); Storica Analitica visura per immobile - Catasto Fabbricati."
"visura-storica","NO","CAMERI","56","18","","F","","analitica","","","PVP sales 1 (4496123); Storica Analitica visura per immobile - Catasto Fabbricati."
"visura-storica","NO","CAMERI","56","18","","T","","analitica","","","PVP sales 1 (4496123); Storica Analitica visura per immobile - Catasto Terreni."
"visura-storica","NO","CAMERI","56","32","","F","","analitica","","","PVP sales 1 (4496123); Storica Analitica visura per immobile - Catasto Fabbricati."
"visura-storica","NO","CAMERI","56","32","","T","","analitica","","","PVP sales 1 (4496123); Storica Analitica visura per immobile - Catasto Terreni."
"visura-storica","NO","CAMERI","61","691","1","F","","analitica","","","PVP sales 1 (4559773); Storica Analitica visura per immobile - Catasto Fabbricati."
"visura-storica","NO","CAMERI","61","934","3","F","","analitica","","","PVP sales 1 (4559773); Storica Analitica visura per immobile - Catasto Fabbricati."
"visura-storica","NO","CAMERI","62","505","1","F","","analitica","","","PVP sales 1 (2158608); Storica Analitica visura per immobile - Catasto Fabbricati."
"visura-storica","NO","CAMERI","62","68","2","F","","analitica","","","PVP sales 1 (2158608); Storica Analitica visura per immobile - Catasto Fabbricati."
"visura-storica","NO","CAMERI","62","88","2","F","","analitica","","","PVP sales 1 (2158608); Storica Analitica visura per immobile - Catasto Fabbricati."
"visura-storica","NO","CAMERI","63","117","5","F","","analitica","","","PVP sales 1 (357583); Storica Analitica visura per immobile - Catasto Fabbricati."
"visura-storica","NO","CAMERI","64","122","1","F","","analitica","","","PVP sales 1 (4459818); Storica Analitica visura per immobile - Catasto Fabbricati."
"visura-storica","NO","CASALEGGIO NOVARA","1","332","","F","","analitica","","","PVP sales 1 (4524075); Storica Analitica visura per immobile - Catasto Fabbricati."
"visura-storica","NO","CASALEGGIO NOVARA","1","332","","T","","analitica","","","PVP sales 1 (4524075); Storica Analitica visura per immobile - Catasto Terreni."
"visura-storica","NO","CASALEGGIO NOVARA","1","357","","F","","analitica","","","PVP sales 1 (4524075); Storica Analitica visura per immobile - Catasto Fabbricati."
"visura-storica","NO","CASALEGGIO NOVARA","1","357","","T","","analitica","","","PVP sales 1 (4524075); Storica Analitica visura per immobile - Catasto Terreni."
"visura-storica","NO","CASALINO","28","11","","F","","analitica","","","PVP sales 2 (4400781,4460875); Storica Analitica visura per immobile - Catasto Fabbricati."
"visura-storica","NO","CASALINO","28","11","","T","","analitica","","","PVP sales 2 (4400781,4460875); Storica Analitica visura per immobile - Catasto Terreni."
"visura-storica","NO","CASALINO","28","18","","F","","analitica","","","PVP sales 2 (4400781,4460875); Storica Analitica visura per immobile - Catasto Fabbricati."
"visura-storica","NO","CASALINO","28","18","","T","","analitica","","","PVP sales 2 (4400781,4460875); Storica Analitica visura per immobile - Catasto Terreni."
"visura-storica","NO","CASALINO","37","100","20","F","","analitica","","","PVP sales 4 (247908,391727,581817,795130); Storica Analitica visura per immobile - Catasto Fabbricati."
"visura-storica","NO","CASALINO","37","592","","F","","analitica","","","PVP sales 4 (247908,391727,581817,795130); Storica Analitica visura per immobile - Catasto Fabbricati."
"visura-storica","NO","CASALINO","37","592","","T","","analitica","","","PVP sales 4 (247908,391727,581817,795130); Storica Analitica visura per immobile - Catasto Terreni."
"visura-storica","NO","CASALVOLONE","14","374","","F","","analitica","","","PVP sales 1 (1812988); Storica Analitica visura per immobile - Catasto Fabbricati."
"visura-storica","NO","CASALVOLONE","14","374","","T","","analitica","","","PVP sales 1 (1812988); Storica Analitica visura per immobile - Catasto Terreni."
"visura-storica","NO","CASALVOLONE","14","374","2","F","","analitica","","","PVP sales 1 (1812988); Storica Analitica visura per immobile - Catasto Fabbricati."
"visura-storica","NO","CASALVOLONE","14","374","3","F","","analitica","","","PVP sales 1 (1812988); Storica Analitica visura per immobile - Catasto Fabbricati."
"visura-storica","NO","CASALVOLONE","14","374","4","F","","analitica","","","PVP sales 1 (1812988); Storica Analitica visura per immobile - Catasto Fabbricati."
"visura-storica","NO","CASALVOLONE","14","374","5","F","","analitica","","","PVP sales 1 (1812988); Storica Analitica visura per immobile - Catasto Fabbricati."
"visura-storica","NO","CASALVOLONE","14","374","6","F","","analitica","","","PVP sales 1 (1812988); Storica Analitica visura per immobile - Catasto Fabbricati."
"visura-storica","NO","CASALVOLONE","14","374","7","F","","analitica","","","PVP sales 1 (1812988); Storica Analitica visura per immobile - Catasto Fabbricati."
"visura-storica","NO","CASALVOLONE","22","251","","F","","analitica","","","PVP sales 1 (1810304); Storica Analitica visura per immobile - Catasto Fabbricati."
"visura-storica","NO","CASALVOLONE","22","251","","T","","analitica","","","PVP sales 1 (1810304); Storica Analitica visura per immobile - Catasto Terreni."
"visura-storica","NO","CASALVOLONE","22","268","","F","","analitica","","","PVP sales 1 (1810304); Storica Analitica visura per immobile - Catasto Fabbricati."
"visura-storica","NO","CASALVOLONE","22","268","","T","","analitica","","","PVP sales 1 (1810304); Storica Analitica visura per immobile - Catasto Terreni."
"visura-storica","NO","CASALVOLONE","22","281","","F","","analitica","","","PVP sales 1 (1810304); Storica Analitica visura per immobile - Catasto Fabbricati."
"visura-storica","NO","CASALVOLONE","22","281","","T","","analitica","","","PVP sales 1 (1810304); Storica Analitica visura per immobile - Catasto Terreni."
"visura-storica","NO","CASALVOLONE","22","286","","F","","analitica","","","PVP sales 1 (1810304); Storica Analitica visura per immobile - Catasto Fabbricati."
"visura-storica","NO","CASALVOLONE","22","286","","T","","analitica","","","PVP sales 1 (1810304); Storica Analitica visura per immobile - Catasto Terreni."
"visura-storica","NO","CASTELLETTO SOPRA TICINO","13","293","6","F","","analitica","","","PVP sales 1 (1574038); Storica Analitica visura per immobile - Catasto Fabbricati."
"visura-storica","NO","CASTELLETTO SOPRA TICINO","14","1462","28","F","","analitica","","","PVP sales 1 (1457929); Storica Analitica visura per immobile - Catasto Fabbricati."
"visura-storica","NO","CASTELLETTO SOPRA TICINO","14","1578","16","F","","analitica","","","PVP sales 1 (2103463); Storica Analitica visura per immobile - Catasto Fabbricati."
"visura-storica","NO","CASTELLETTO SOPRA TICINO","14","1578","6","F","","analitica","","","PVP sales 1 (2103463); Storica Analitica visura per immobile - Catasto Fabbricati."
"visura-storica","NO","CASTELLETTO SOPRA TICINO","14","1578","7","F","","analitica","","","PVP sales 1 (2103463); Storica Analitica visura per immobile - Catasto Fabbricati."
"visura-storica","NO","CASTELLETTO SOPRA TICINO","14","1721","33","F","","analitica","","","PVP sales 1 (4545806); Storica Analitica visura per immobile - Catasto Fabbricati."
"visura-storica","NO","CASTELLETTO SOPRA TICINO","14","1721","9","F","","analitica","","","PVP sales 1 (4545806); Storica Analitica visura per immobile - Catasto Fabbricati."
"visura-storica","NO","CASTELLETTO SOPRA TICINO","15","278","8","F","","analitica","","","PVP sales 1 (308051); Storica Analitica visura per immobile - Catasto Fabbricati."
"visura-storica","NO","CASTELLETTO SOPRA TICINO","19","1419","1","F","","analitica","","","PVP sales 3 (2116044,2184949,4276897); Storica Analitica visura per immobile - Catasto Fabbricati."
"visura-storica","NO","CASTELLETTO SOPRA TICINO","20","960","","F","","analitica","","","PVP sales 1 (689790); Storica Analitica visura per immobile - Catasto Fabbricati."
"visura-storica","NO","CASTELLETTO SOPRA TICINO","21","14","19","F","","analitica","","","PVP sales 1 (1638968); Storica Analitica visura per immobile - Catasto Fabbricati."
"visura-storica","NO","CASTELLETTO SOPRA TICINO","21","14","24","F","","analitica","","","PVP sales 1 (1449847); Storica Analitica visura per immobile - Catasto Fabbricati."
"visura-storica","NO","CASTELLETTO SOPRA TICINO","21","14","25","F","","analitica","","","PVP sales 1 (1449920); Storica Analitica visura per immobile - Catasto Fabbricati."
"visura-storica","NO","CASTELLETTO SOPRA TICINO","21","394","","F","","analitica","","","PVP sales 1 (4551000); Storica Analitica visura per immobile - Catasto Fabbricati."
"visura-storica","NO","CASTELLETTO SOPRA TICINO","21","394","","T","","analitica","","","PVP sales 1 (4551000); Storica Analitica visura per immobile - Catasto Terreni."
"visura-storica","NO","CASTELLETTO SOPRA TICINO","21","395","","F","","analitica","","","PVP sales 1 (4551000); Storica Analitica visura per immobile - Catasto Fabbricati."
"visura-storica","NO","CASTELLETTO SOPRA TICINO","21","395","","T","","analitica","","","PVP sales 1 (4551000); Storica Analitica visura per immobile - Catasto Terreni."
"visura-storica","NO","CASTELLETTO SOPRA TICINO","21","414","19","F","","analitica","","","PVP sales 1 (1449746); Storica Analitica visura per immobile - Catasto Fabbricati."
"visura-storica","NO","CASTELLETTO SOPRA TICINO","21","425","1","F","","analitica","","","PVP sales 1 (4551000); Storica Analitica visura per immobile - Catasto Fabbricati."
"visura-storica","NO","CASTELLETTO SOPRA TICINO","21","425","3","F","","analitica","","","PVP sales 1 (4551000); Storica Analitica visura per immobile - Catasto Fabbricati."
"visura-storica","NO","CASTELLETTO SOPRA TICINO","21","426","1","F","","analitica","","","PVP sales 1 (4551000); Storica Analitica visura per immobile - Catasto Fabbricati."
"visura-storica","NO","CASTELLETTO SOPRA TICINO","21","497","1","F","","analitica","","","PVP sales 1 (1449926); Storica Analitica visura per immobile - Catasto Fabbricati."
"visura-storica","NO","CASTELLETTO SOPRA TICINO","21","93","","F","","analitica","","","PVP sales 1 (4551000); Storica Analitica visura per immobile - Catasto Fabbricati."
"visura-storica","NO","CASTELLETTO SOPRA TICINO","21","93","","T","","analitica","","","PVP sales 1 (4551000); Storica Analitica visura per immobile - Catasto Terreni."
"visura-storica","NO","CASTELLETTO SOPRA TICINO","21","93","6","F","","analitica","","","PVP sales 1 (4551000); Storica Analitica visura per immobile - Catasto Fabbricati."
"visura-storica","NO","CASTELLETTO SOPRA TICINO","21","93","7","F","","analitica","","","PVP sales 1 (4551000); Storica Analitica visura per immobile - Catasto Fabbricati."
"visura-storica","NO","CASTELLETTO SOPRA TICINO","21","947","1","F","","analitica","","","PVP sales 2 (1553632,1639051); Storica Analitica visura per immobile - Catasto Fabbricati."
"visura-storica","NO","CASTELLETTO SOPRA TICINO","21","947","10","F","","analitica","","","PVP sales 3 (1452587,1554074,1640537); Storica Analitica visura per immobile - Catasto Fabbricati."
"visura-storica","NO","CASTELLETTO SOPRA TICINO","21","947","2","F","","analitica","","","PVP sales 3 (1449926,1553825,1640512); Storica Analitica visura per immobile - Catasto Fabbricati."
"visura-storica","NO","CASTELLETTO SOPRA TICINO","21","947","3","F","","analitica","","","PVP sales 2 (1553632,1639051); Storica Analitica visura per immobile - Catasto Fabbricati."
"visura-storica","NO","CASTELLETTO SOPRA TICINO","21","947","4","F","","analitica","","","PVP sales 2 (1451345,1640527); Storica Analitica visura per immobile - Catasto Fabbricati."
"visura-storica","NO","CASTELLETTO SOPRA TICINO","21","947","5","F","","analitica","","","PVP sales 1 (1451404); Storica Analitica visura per immobile - Catasto Fabbricati."
"visura-storica","NO","CASTELLETTO SOPRA TICINO","21","947","6","F","","analitica","","","PVP sales 3 (1451342,1451404,1554060); Storica Analitica visura per immobile - Catasto Fabbricati."
"visura-storica","NO","CASTELLETTO SOPRA TICINO","21","947","9","F","","analitica","","","PVP sales 3 (1452579,1554069,1640532); Storica Analitica visura per immobile - Catasto Fabbricati."
"visura-storica","NO","CASTELLETTO SOPRA TICINO","4","127","44","F","","analitica","","","PVP sales 1 (4531992); Storica Analitica visura per immobile - Catasto Fabbricati."
"visura-storica","NO","CASTELLETTO SOPRA TICINO","4","60","25","F","","analitica","","","PVP sales 1 (4520887); Storica Analitica visura per immobile - Catasto Fabbricati."
"visura-storica","NO","CASTELLETTO SOPRA TICINO","5","567","2","F","","analitica","","","PVP sales 2 (4419471,4493836); Storica Analitica visura per immobile - Catasto Fabbricati."
"visura-storica","NO","CASTELLETTO SOPRA TICINO","5","567","3","F","","analitica","","","PVP sales 2 (4419471,4493836); Storica Analitica visura per immobile - Catasto Fabbricati."
"visura-storica","NO","CASTELLETTO SOPRA TICINO","8","620","22","F","","analitica","","","PVP sales 2 (521566,614362); Storica Analitica visura per immobile - Catasto Fabbricati."
"visura-storica","NO","CASTELLETTO SOPRA TICINO","8","620","6","F","","analitica","","","PVP sales 2 (521566,614362); Storica Analitica visura per immobile - Catasto Fabbricati."
"visura-storica","NO","CASTELLETTO SOPRA TICINO","8","620","9","F","","analitica","","","PVP sales 2 (521566,614362); Storica Analitica visura per immobile - Catasto Fabbricati."
"visura-storica","NO","CASTELLETTO SOPRA TICINO","9","711","2","F","","analitica","","","PVP sales 1 (373536); Storica Analitica visura per immobile - Catasto Fabbricati."
"visura-storica","NO","CASTELLETTO SOPRA TICINO","9","723","","F","","analitica","","","PVP sales 1 (373536); Storica Analitica visura per immobile - Catasto Fabbricati."
"visura-storica","NO","CASTELLETTO SOPRA TICINO","9","723","","T","","analitica","","","PVP sales 1 (373536); Storica Analitica visura per immobile - Catasto Terreni."
"visura-storica","NO","CAVAGLIO D'AGOGNA","3","1295","5","F","","analitica","","","PVP sales 1 (598651); Storica Analitica visura per immobile - Catasto Fabbricati."
"visura-storica","NO","CAVAGLIO D'AGOGNA","3","1295","7","F","","analitica","","","PVP sales 1 (598651); Storica Analitica visura per immobile - Catasto Fabbricati."
"visura-storica","NO","CAVAGLIO D'AGOGNA","6","679","","T","","analitica","","","PVP sales 1 (1708981); Storica Analitica visura per immobile - Catasto Terreni."
"visura-storica","NO","CAVAGLIO D'AGOGNA","6","680","2","F","","analitica","","","PVP sales 1 (1708981); Storica Analitica visura per immobile - Catasto Fabbricati."
"visura-storica","NO","CAVAGLIO D'AGOGNA","6","680","4","F","","analitica","","","PVP sales 1 (1708981); Storica Analitica visura per immobile - Catasto Fabbricati."
"visura-storica","NO","CAVAGLIO D'AGOGNA","6","971","","T","","analitica","","","PVP sales 1 (1708981); Storica Analitica visura per immobile - Catasto Terreni."
"visura-storica","NO","CAVAGLIO D'AGOGNA","7","27","2","F","","analitica","","","PVP sales 1 (4538375); Storica Analitica visura per immobile - Catasto Fabbricati."
"visura-storica","NO","CAVAGLIO D'AGOGNA","7","27","3","F","","analitica","","","PVP sales 1 (4538375); Storica Analitica visura per immobile - Catasto Fabbricati."
"visura-storica","NO","CAVAGLIO D'AGOGNA","7","850","2","F","","analitica","","","PVP sales 1 (4249212); Storica Analitica visura per immobile - Catasto Fabbricati."
"visura-storica","NO","CAVAGLIO D'AGOGNA","7","850","3","F","","analitica","","","PVP sales 1 (4249212); Storica Analitica visura per immobile - Catasto Fabbricati."
"visura-storica","NO","CERANO","22","882","32","F","","analitica","","","PVP sales 2 (1682521,1802399); Storica Analitica visura per immobile - Catasto Fabbricati."
"visura-storica","NO","CERANO","23","52","17","F","","analitica","","","PVP sales 3 (458699,560028,743539); Storica Analitica visura per immobile - Catasto Fabbricati."
"visura-storica","NO","CERANO","23","709","8","F","","analitica","","","PVP sales 1 (4556202); Storica Analitica visura per immobile - Catasto Fabbricati."
"visura-storica","NO","CERANO","23","709","9","F","","analitica","","","PVP sales 1 (4556266); Storica Analitica visura per immobile - Catasto Fabbricati."
"visura-storica","NO","CERANO","3","431","","T","","analitica","","","PVP sales 1 (4532298); Storica Analitica visura per immobile - Catasto Terreni."
"visura-storica","NO","CERANO","3","431","15","F","","analitica","","","PVP sales 1 (4532298); Storica Analitica visura per immobile - Catasto Fabbricati."
"visura-storica","NO","CERANO","3","431","2","F","","analitica","","","PVP sales 1 (4532298); Storica Analitica visura per immobile - Catasto Fabbricati."
"visura-storica","NO","CERANO","3","756","1","F","","analitica","","","PVP sales 1 (4246377); Storica Analitica visura per immobile - Catasto Fabbricati."
"visura-storica","NO","CERANO","3","756","2","F","","analitica","","","PVP sales 1 (4246377); Storica Analitica visura per immobile - Catasto Fabbricati."
"visura-storica","NO","CERANO","3","757","","F","","analitica","","","PVP sales 1 (4246377); Storica Analitica visura per immobile - Catasto Fabbricati."
"visura-storica","NO","CERANO","3","757","","T","","analitica","","","PVP sales 1 (4246377); Storica Analitica visura per immobile - Catasto Terreni."
"visura-storica","NO","CERANO","3","789","","F","","analitica","","","PVP sales 1 (4240762); Storica Analitica visura per immobile - Catasto Fabbricati."
"visura-storica","NO","CERANO","3","789","","T","","analitica","","","PVP sales 1 (4240762); Storica Analitica visura per immobile - Catasto Terreni."
"visura-storica","NO","CERANO","3","792","","F","","analitica","","","PVP sales 1 (4240762); Storica Analitica visura per immobile - Catasto Fabbricati."
"visura-storica","NO","CERANO","3","792","","T","","analitica","","","PVP sales 1 (4240762); Storica Analitica visura per immobile - Catasto Terreni."
"visura-storica","NO","CERANO","3","795","","F","","analitica","","","PVP sales 1 (4240762); Storica Analitica visura per immobile - Catasto Fabbricati."
"visura-storica","NO","CERANO","3","795","","T","","analitica","","","PVP sales 1 (4240762); Storica Analitica visura per immobile - Catasto Terreni."
"visura-storica","NO","CERANO","3","801","","F","","analitica","","","PVP sales 1 (4240762); Storica Analitica visura per immobile - Catasto Fabbricati."
"visura-storica","NO","CERANO","3","801","","T","","analitica","","","PVP sales 1 (4240762); Storica Analitica visura per immobile - Catasto Terreni."
"visura-storica","NO","CERANO","3","805","","F","","analitica","","","PVP sales 1 (4240762); Storica Analitica visura per immobile - Catasto Fabbricati."
"visura-storica","NO","CERANO","3","805","","T","","analitica","","","PVP sales 1 (4240762); Storica Analitica visura per immobile - Catasto Terreni."
"visura-storica","NO","CERANO","3","882","12","F","","analitica","","","PVP sales 2 (1682521,1802399); Storica Analitica visura per immobile - Catasto Fabbricati."
"visura-storica","NO","CERANO","3","957","13","F","","analitica","","","PVP sales 1 (4240661); Storica Analitica visura per immobile - Catasto Fabbricati."
"visura-storica","NO","CERANO","3","957","9","F","","analitica","","","PVP sales 1 (4240578); Storica Analitica visura per immobile - Catasto Fabbricati."
"visura-storica","NO","CERANO","3","974","1","F","","analitica","","","PVP sales 1 (4240764); Storica Analitica visura per immobile - Catasto Fabbricati."
"visura-storica","NO","CERANO","3","976","1","F","","analitica","","","PVP sales 1 (4240722); Storica Analitica visura per immobile - Catasto Fabbricati."
"visura-storica","NO","CERANO","3","976","2","F","","analitica","","","PVP sales 1 (4240769); Storica Analitica visura per immobile - Catasto Fabbricati."
"visura-storica","NO","CERANO","3","976","3","F","","analitica","","","PVP sales 1 (4240769); Storica Analitica visura per immobile - Catasto Fabbricati."
"visura-storica","NO","CERANO","5","446","11","F","","analitica","","","PVP sales 4 (445767,587658,771632,898817); Storica Analitica visura per immobile - Catasto Fabbricati."
"visura-storica","NO","CERANO","5","446","12","F","","analitica","","","PVP sales 3 (448789,771714,898836); Storica Analitica visura per immobile - Catasto Fabbricati."
"visura-storica","NO","CERANO","5","446","13","F","","analitica","","","PVP sales 2 (448794,771731); Storica Analitica visura per immobile - Catasto Fabbricati."
"visura-storica","NO","CERANO","5","446","18","F","","analitica","","","PVP sales 2 (445767,588386); Storica Analitica visura per immobile - Catasto Fabbricati."
"visura-storica","NO","CERANO","5","446","4","F","","analitica","","","PVP sales 2 (445767,588386); Storica Analitica visura per immobile - Catasto Fabbricati."
"visura-storica","NO","CERANO","5","446","8","F","","analitica","","","PVP sales 4 (445767,587658,771632,898817); Storica Analitica visura per immobile - Catasto Fabbricati."
"visura-storica","NO","CERANO","52","1148","7","F","","analitica","","","PVP sales 2 (4501724,4565911); Storica Analitica visura per immobile - Catasto Fabbricati."
"visura-storica","NO","CERANO","52","1320","2","F","","analitica","","","PVP sales 1 (1572998); Storica Analitica visura per immobile - Catasto Fabbricati."
"visura-storica","NO","CERANO","52","1949","5","F","","analitica","","","PVP sales 1 (524318); Storica Analitica visura per immobile - Catasto Fabbricati."
"visura-storica","NO","CERANO","52","3040","3","F","","analitica","","","PVP sales 1 (4496424); Storica Analitica visura per immobile - Catasto Fabbricati."
"visura-storica","NO","CERANO","52","3040","4","F","","analitica","","","PVP sales 1 (4496424); Storica Analitica visura per immobile - Catasto Fabbricati."
"visura-storica","NO","CERANO","52","325","","F","","analitica","","","PVP sales 1 (2258279); Storica Analitica visura per immobile - Catasto Fabbricati."
"visura-storica","NO","CERANO","52","937","4","F","","analitica","","","PVP sales 1 (4543902); Storica Analitica visura per immobile - Catasto Fabbricati."
"visura-storica","NO","CERANO","52","937","5","F","","analitica","","","PVP sales 1 (4543902); Storica Analitica visura per immobile - Catasto Fabbricati."
"visura-storica","NO","CERANO","52","941","","F","","analitica","","","PVP sales 1 (806288); Storica Analitica visura per immobile - Catasto Fabbricati."
"visura-storica","NO","CERANO","52","941","","T","","analitica","","","PVP sales 1 (806288); Storica Analitica visura per immobile - Catasto Terreni."
"visura-storica","NO","CERANO","6","259","47","F","","analitica","","","PVP sales 1 (602852); Storica Analitica visura per immobile - Catasto Fabbricati."
"visura-storica","NO","CERANO","6","259","6","F","","analitica","","","PVP sales 1 (602852); Storica Analitica visura per immobile - Catasto Fabbricati."
"visura-storica","NO","CERANO","6","580","11","F","","analitica","","","PVP sales 1 (430159); Storica Analitica visura per immobile - Catasto Fabbricati."
"visura-storica","NO","CERANO","6","62","11","F","","analitica","","","PVP sales 1 (4536599); Storica Analitica visura per immobile - Catasto Fabbricati."
"visura-storica","NO","COLAZZA","5","231","","F","","analitica","","","PVP sales 1 (4250145); Storica Analitica visura per immobile - Catasto Fabbricati."
"visura-storica","NO","COLAZZA","5","231","","T","","analitica","","","PVP sales 1 (4250145); Storica Analitica visura per immobile - Catasto Terreni."
"visura-storica","NO","COMIGNAGO","6","504","2","F","","analitica","","","PVP sales 1 (744643); Storica Analitica visura per immobile - Catasto Fabbricati."
"visura-storica","NO","COMIGNAGO","6","504","3","F","","analitica","","","PVP sales 1 (744643); Storica Analitica visura per immobile - Catasto Fabbricati."
"visura-storica","NO","COMIGNAGO","7","203","19","F","","analitica","","","PVP sales 1 (4537830); Storica Analitica visura per immobile - Catasto Fabbricati."
"visura-storica","NO","COMIGNAGO","7","203","33","F","","analitica","","","PVP sales 1 (4537830); Storica Analitica visura per immobile - Catasto Fabbricati."
"visura-storica","NO","COMIGNAGO","7","339","","F","","analitica","","","PVP sales 1 (2034533); Storica Analitica visura per immobile - Catasto Fabbricati."
"visura-storica","NO","COMIGNAGO","7","339","","T","","analitica","","","PVP sales 2 (2034533,2100173); Storica Analitica visura per immobile - Catasto Terreni."
"visura-storica","NO","COMIGNAGO","7","340","","F","","analitica","","","PVP sales 1 (2034533); Storica Analitica visura per immobile - Catasto Fabbricati."
"visura-storica","NO","COMIGNAGO","7","340","","T","","analitica","","","PVP sales 2 (2034533,2100173); Storica Analitica visura per immobile - Catasto Terreni."
"visura-storica","NO","COMIGNAGO","7","700","2","F","","analitica","","","PVP sales 2 (2034533,2100173); Storica Analitica visura per immobile - Catasto Fabbricati."
"visura-storica","NO","COMIGNAGO","7","700","3","F","","analitica","","","PVP sales 2 (2034533,2100173); Storica Analitica visura per immobile - Catasto Fabbricati."
"visura-storica","NO","COMIGNAGO","8","452","4","F","","analitica","","","PVP sales 1 (4426373); Storica Analitica visura per immobile - Catasto Fabbricati."
"visura-storica","NO","COMIGNAGO","8","453","1","F","","analitica","","","PVP sales 1 (4426373); Storica Analitica visura per immobile - Catasto Fabbricati."
"visura-storica","NO","CRESSA","4","177","","F","","analitica","","","PVP sales 1 (1787653); Storica Analitica visura per immobile - Catasto Fabbricati."
"visura-storica","NO","CRESSA","4","177","","T","","analitica","","","PVP sales 1 (1787653); Storica Analitica visura per immobile - Catasto Terreni."
"visura-storica","NO","CRESSA","4","178","","F","","analitica","","","PVP sales 1 (1787653); Storica Analitica visura per immobile - Catasto Fabbricati."
"visura-storica","NO","CRESSA","4","178","","T","","analitica","","","PVP sales 1 (1787653); Storica Analitica visura per immobile - Catasto Terreni."
"visura-storica","NO","CRESSA","4","179","","F","","analitica","","","PVP sales 1 (1787653); Storica Analitica visura per immobile - Catasto Fabbricati."
"visura-storica","NO","CRESSA","4","179","","T","","analitica","","","PVP sales 1 (1787653); Storica Analitica visura per immobile - Catasto Terreni."
"visura-storica","NO","CRESSA","4","247","","F","","analitica","","","PVP sales 1 (1787653); Storica Analitica visura per immobile - Catasto Fabbricati."
"visura-storica","NO","CRESSA","4","247","","T","","analitica","","","PVP sales 1 (1787653); Storica Analitica visura per immobile - Catasto Terreni."
"visura-storica","NO","CRESSA","4","467","1","F","","analitica","","","PVP sales 1 (1787653); Storica Analitica visura per immobile - Catasto Fabbricati."
"visura-storica","NO","CUREGGIO","2","1234","2","F","","analitica","","","PVP sales 2 (4474873,4483437); Storica Analitica visura per immobile - Catasto Fabbricati."
"visura-storica","NO","CUREGGIO","2","1234","4","F","","analitica","","","PVP sales 2 (4474873,4483437); Storica Analitica visura per immobile - Catasto Fabbricati."
"visura-storica","NO","CUREGGIO","2","1234","6","F","","analitica","","","PVP sales 2 (4474873,4483437); Storica Analitica visura per immobile - Catasto Fabbricati."
"visura-storica","NO","CUREGGIO","3","1545","","F","","analitica","","","PVP sales 1 (1544394); Storica Analitica visura per immobile - Catasto Fabbricati."
"visura-storica","NO","CUREGGIO","3","1545","","T","","analitica","","","PVP sales 1 (1544394); Storica Analitica visura per immobile - Catasto Terreni."
"visura-storica","NO","CUREGGIO","3","1583","2","F","","analitica","","","PVP sales 1 (1544394); Storica Analitica visura per immobile - Catasto Fabbricati."
"visura-storica","NO","CUREGGIO","3","1915","","F","","analitica","","","PVP sales 1 (4429138); Storica Analitica visura per immobile - Catasto Fabbricati."
"visura-storica","NO","CUREGGIO","3","1915","","T","","analitica","","","PVP sales 1 (4429138); Storica Analitica visura per immobile - Catasto Terreni."
"visura-storica","NO","CUREGGIO","3","1916","","F","","analitica","","","PVP sales 1 (4429138); Storica Analitica visura per immobile - Catasto Fabbricati."
"visura-storica","NO","CUREGGIO","3","1916","","T","","analitica","","","PVP sales 1 (4429138); Storica Analitica visura per immobile - Catasto Terreni."
"visura-storica","NO","CUREGGIO","3","1919","","F","","analitica","","","PVP sales 1 (4429138); Storica Analitica visura per immobile - Catasto Fabbricati."
"visura-storica","NO","CUREGGIO","3","1919","","T","","analitica","","","PVP sales 1 (4429138); Storica Analitica visura per immobile - Catasto Terreni."
"visura-storica","NO","CUREGGIO","3","1920","","F","","analitica","","","PVP sales 1 (4429138); Storica Analitica visura per immobile - Catasto Fabbricati."
"visura-storica","NO","CUREGGIO","3","1920","","T","","analitica","","","PVP sales 1 (4429138); Storica Analitica visura per immobile - Catasto Terreni."
"visura-storica","NO","CUREGGIO","5","1037","10","F","","analitica","","","PVP sales 2 (4494518,4541310); Storica Analitica visura per immobile - Catasto Fabbricati."
"visura-storica","NO","CUREGGIO","5","1037","7","F","","analitica","","","PVP sales 2 (4494518,4541310); Storica Analitica visura per immobile - Catasto Fabbricati."
"visura-storica","NO","CUREGGIO","5","1037","9","F","","analitica","","","PVP sales 2 (4494518,4541310); Storica Analitica visura per immobile - Catasto Fabbricati."
"visura-storica","NO","DORMELLETTO","1","439","","F","","analitica","","","PVP sales 1 (501100); Storica Analitica visura per immobile - Catasto Fabbricati."
"visura-storica","NO","DORMELLETTO","1","439","","T","","analitica","","","PVP sales 1 (501100); Storica Analitica visura per immobile - Catasto Terreni."
"visura-storica","NO","DORMELLETTO","1","494","","F","","analitica","","","PVP sales 1 (501100); Storica Analitica visura per immobile - Catasto Fabbricati."
"visura-storica","NO","DORMELLETTO","1","494","","T","","analitica","","","PVP sales 1 (501100); Storica Analitica visura per immobile - Catasto Terreni."
"visura-storica","NO","DORMELLETTO","1","50","1","F","","analitica","","","PVP sales 1 (318190); Storica Analitica visura per immobile - Catasto Fabbricati."
"visura-storica","NO","DORMELLETTO","1","50","48","F","","analitica","","","PVP sales 1 (318190); Storica Analitica visura per immobile - Catasto Fabbricati."
"visura-storica","NO","DORMELLETTO","1","50","49","F","","analitica","","","PVP sales 1 (318190); Storica Analitica visura per immobile - Catasto Fabbricati."
"visura-storica","NO","DORMELLETTO","2","99","","F","","analitica","","","PVP sales 1 (1472051); Storica Analitica visura per immobile - Catasto Fabbricati."
"visura-storica","NO","DORMELLETTO","2","99","","T","","analitica","","","PVP sales 1 (1472051); Storica Analitica visura per immobile - Catasto Terreni."
"visura-storica","NO","DORMELLETTO","6","72","","F","","analitica","","","PVP sales 1 (1472051); Storica Analitica visura per immobile - Catasto Fabbricati."
"visura-storica","NO","DORMELLETTO","6","72","","T","","analitica","","","PVP sales 1 (1472051); Storica Analitica visura per immobile - Catasto Terreni."
"visura-storica","NO","FARA NOVARESE","11","397","","F","","analitica","","","PVP sales 1 (4549953); Storica Analitica visura per immobile - Catasto Fabbricati."
"visura-storica","NO","FARA NOVARESE","11","397","","T","","analitica","","","PVP sales 1 (4549953); Storica Analitica visura per immobile - Catasto Terreni."
"visura-storica","NO","FARA NOVARESE","12","146","1","F","","analitica","","","PVP sales 1 (4533422); Storica Analitica visura per immobile - Catasto Fabbricati."
"visura-storica","NO","FARA NOVARESE","12","146","11","F","","analitica","","","PVP sales 1 (4533505); Storica Analitica visura per immobile - Catasto Fabbricati."
"visura-storica","NO","FARA NOVARESE","12","146","12","F","","analitica","","","PVP sales 1 (4533492); Storica Analitica visura per immobile - Catasto Fabbricati."
"visura-storica","NO","FARA NOVARESE","12","146","13","F","","analitica","","","PVP sales 1 (4533495); Storica Analitica visura per immobile - Catasto Fabbricati."
"visura-storica","NO","FARA NOVARESE","12","146","2","F","","analitica","","","PVP sales 1 (4533422); Storica Analitica visura per immobile - Catasto Fabbricati."
"visura-storica","NO","FARA NOVARESE","12","146","4","F","","analitica","","","PVP sales 1 (4533422); Storica Analitica visura per immobile - Catasto Fabbricati."
"visura-storica","NO","FARA NOVARESE","15","598","2","F","","analitica","","","PVP sales 2 (438418,569459); Storica Analitica visura per immobile - Catasto Fabbricati."
"visura-storica","NO","FARA NOVARESE","15","598","3","F","","analitica","","","PVP sales 2 (438418,569459); Storica Analitica visura per immobile - Catasto Fabbricati."
"visura-storica","NO","FARA NOVARESE","17","610","","F","","analitica","","","PVP sales 1 (4549953); Storica Analitica visura per immobile - Catasto Fabbricati."
"visura-storica","NO","FARA NOVARESE","17","610","","T","","analitica","","","PVP sales 1 (4549953); Storica Analitica visura per immobile - Catasto Terreni."
"visura-storica","NO","FONTANETO D'AGOGNA","1","454","","F","","analitica","","","PVP sales 1 (467773); Storica Analitica visura per immobile - Catasto Fabbricati."
"visura-storica","NO","FONTANETO D'AGOGNA","1","506","","F","","analitica","","","PVP sales 1 (467773); Storica Analitica visura per immobile - Catasto Fabbricati."
"visura-storica","NO","FONTANETO D'AGOGNA","5","973","8","F","","analitica","","","PVP sales 2 (289485,427544); Storica Analitica visura per immobile - Catasto Fabbricati."
"visura-storica","NO","FONTANETO D'AGOGNA","9","195","2","F","","analitica","","","PVP sales 2 (2058862,2120610); Storica Analitica visura per immobile - Catasto Fabbricati."
"visura-storica","NO","FONTANETO D'AGOGNA","9","195","3","F","","analitica","","","PVP sales 2 (2058862,2120610); Storica Analitica visura per immobile - Catasto Fabbricati."
"visura-storica","NO","FONTANETO D'AGOGNA","9","195","4","F","","analitica","","","PVP sales 2 (2058862,2120610); Storica Analitica visura per immobile - Catasto Fabbricati."
"visura-storica","NO","FONTANETO D'AGOGNA","9","195","5","F","","analitica","","","PVP sales 2 (2058862,2120610); Storica Analitica visura per immobile - Catasto Fabbricati."
"visura-storica","NO","GALLIATE","21","482","8","F","","analitica","","","PVP sales 1 (4560112); Storica Analitica visura per immobile - Catasto Fabbricati."
"visura-storica","NO","GALLIATE","24","1259","1","F","","analitica","","","PVP sales 1 (4556186); Storica Analitica visura per immobile - Catasto Fabbricati."
"visura-storica","NO","GALLIATE","25","290","2","F","","analitica","","","PVP sales 1 (4515276); Storica Analitica visura per immobile - Catasto Fabbricati."
"visura-storica","NO","GALLIATE","25","290","4","F","","analitica","","","PVP sales 1 (4515276); Storica Analitica visura per immobile - Catasto Fabbricati."
"visura-storica","NO","GALLIATE","25","290","6","F","","analitica","","","PVP sales 1 (4515276); Storica Analitica visura per immobile - Catasto Fabbricati."
"visura-storica","NO","GALLIATE","26","1797","6","F","","analitica","","","PVP sales 1 (807378); Storica Analitica visura per immobile - Catasto Fabbricati."
"visura-storica","NO","GALLIATE","42","4662","","F","","analitica","","","PVP sales 1 (4498240); Storica Analitica visura per immobile - Catasto Fabbricati."
"visura-storica","NO","GALLIATE","42","4662","","T","","analitica","","","PVP sales 1 (4498240); Storica Analitica visura per immobile - Catasto Terreni."
"visura-storica","NO","GALLIATE","47","487","12","F","","analitica","","","PVP sales 1 (764891); Storica Analitica visura per immobile - Catasto Fabbricati."
"visura-storica","NO","GALLIATE","47","487","15","F","","analitica","","","PVP sales 1 (764891); Storica Analitica visura per immobile - Catasto Fabbricati."
"visura-storica","NO","GALLIATE","51","173","","T","","analitica","","","PVP sales 1 (429996); Storica Analitica visura per immobile - Catasto Terreni."
"visura-storica","NO","GALLIATE","51","199","3","F","","analitica","","","PVP sales 2 (289304,429996); Storica Analitica visura per immobile - Catasto Fabbricati."
"visura-storica","NO","GALLIATE","51","199","9","F","","analitica","","","PVP sales 2 (289304,429996); Storica Analitica visura per immobile - Catasto Fabbricati."
"visura-storica","NO","GALLIATE","52","1231","1","F","","analitica","","","PVP sales 1 (499259); Storica Analitica visura per immobile - Catasto Fabbricati."
"visura-storica","NO","GALLIATE","52","1232","1","F","","analitica","","","PVP sales 1 (499259); Storica Analitica visura per immobile - Catasto Fabbricati."
"visura-storica","NO","GALLIATE","52","1572","","F","","analitica","","","PVP sales 2 (162366,281892); Storica Analitica visura per immobile - Catasto Fabbricati."
"visura-storica","NO","GALLIATE","52","1572","","T","","analitica","","","PVP sales 2 (162366,281892); Storica Analitica visura per immobile - Catasto Terreni."
"visura-storica","NO","GALLIATE","52","1572","1","F","","analitica","","","PVP sales 1 (281892); Storica Analitica visura per immobile - Catasto Fabbricati."
"visura-storica","NO","GALLIATE","52","2603","7","F","","analitica","","","PVP sales 1 (291722); Storica Analitica visura per immobile - Catasto Fabbricati."
"visura-storica","NO","GALLIATE","52","2604","4","F","","analitica","","","PVP sales 1 (291722); Storica Analitica visura per immobile - Catasto Fabbricati."
"visura-storica","NO","GALLIATE","52","4721","","F","","analitica","","","PVP sales 1 (281892); Storica Analitica visura per immobile - Catasto Fabbricati."
"visura-storica","NO","GALLIATE","52","4721","","T","","analitica","","","PVP sales 1 (281892); Storica Analitica visura per immobile - Catasto Terreni."
"visura-storica","NO","GALLIATE","52","6328","","F","","analitica","","","PVP sales 1 (499259); Storica Analitica visura per immobile - Catasto Fabbricati."
"visura-storica","NO","GALLIATE","52","6328","","T","","analitica","","","PVP sales 1 (499259); Storica Analitica visura per immobile - Catasto Terreni."
"visura-storica","NO","GALLIATE","402","3","","F","","analitica","52","","PVP sales 1 (4498240); Storica Analitica visura per immobile - Catasto Fabbricati."
"visura-storica","NO","GALLIATE","402","3","","T","","analitica","52","","PVP sales 1 (4498240); Storica Analitica visura per immobile - Catasto Terreni."
"visura-storica","NO","GARBAGNA NOVARESE","14","1689","1","F","","analitica","","","PVP sales 1 (4491468); Storica Analitica visura per immobile - Catasto Fabbricati."
"visura-storica","NO","GARBAGNA NOVARESE","14","1689","2","F","","analitica","","","PVP sales 1 (4491468); Storica Analitica visura per immobile - Catasto Fabbricati."
"visura-storica","NO","GARBAGNA NOVARESE","14","1812","","F","","analitica","","","PVP sales 1 (2083884); Storica Analitica visura per immobile - Catasto Fabbricati."
"visura-storica","NO","GARBAGNA NOVARESE","14","1812","","T","","analitica","","","PVP sales 1 (2083884); Storica Analitica visura per immobile - Catasto Terreni."
"visura-storica","NO","GARBAGNA NOVARESE","14","487","","F","","analitica","","","PVP sales 1 (2083884); Storica Analitica visura per immobile - Catasto Fabbricati."
"visura-storica","NO","GARBAGNA NOVARESE","14","487","","T","","analitica","","","PVP sales 1 (2083884); Storica Analitica visura per immobile - Catasto Terreni."
"visura-storica","NO","GARBAGNA NOVARESE","14","507","1","F","","analitica","","","PVP sales 1 (2083884); Storica Analitica visura per immobile - Catasto Fabbricati."
"visura-storica","NO","GARBAGNA NOVARESE","14","507","2","F","","analitica","","","PVP sales 1 (2083884); Storica Analitica visura per immobile - Catasto Fabbricati."
"visura-storica","NO","GARBAGNA NOVARESE","14","507","4","F","","analitica","","","PVP sales 1 (2083884); Storica Analitica visura per immobile - Catasto Fabbricati."
"visura-storica","NO","GARBAGNA NOVARESE","14","507","6","F","","analitica","","","PVP sales 1 (2083884); Storica Analitica visura per immobile - Catasto Fabbricati."
"visura-storica","NO","GARBAGNA NOVARESE","14","507","7","F","","analitica","","","PVP sales 1 (2083884); Storica Analitica visura per immobile - Catasto Fabbricati."
"visura-storica","NO","GARBAGNA NOVARESE","14","507","8","F","","analitica","","","PVP sales 1 (2083884); Storica Analitica visura per immobile - Catasto Fabbricati."
"visura-storica","NO","GARGALLO","1","77","1","F","","analitica","","","PVP sales 1 (683432); Storica Analitica visura per immobile - Catasto Fabbricati."
"visura-storica","NO","GATTICO","11","879","5","F","","analitica","","","PVP sales 2 (461896,576619); Storica Analitica visura per immobile - Catasto Fabbricati."
"visura-storica","NO","GATTICO","11","879","7","F","","analitica","","","PVP sales 2 (461962,577371); Storica Analitica visura per immobile - Catasto Fabbricati."
"visura-storica","NO","GATTICO-VERUNO","11","879","5","F","","analitica","","","PVP sales 1 (1427914); Storica Analitica visura per immobile - Catasto Fabbricati."
"visura-storica","NO","GATTICO-VERUNO","17","226","","F","","analitica","","","PVP sales 2 (4476954,4531391); Storica Analitica visura per immobile - Catasto Fabbricati."
"visura-storica","NO","GATTICO-VERUNO","17","226","","T","","analitica","","","PVP sales 2 (4476954,4531391); Storica Analitica visura per immobile - Catasto Terreni."
"visura-storica","NO","GATTICO-VERUNO","17","226","2","F","","analitica","","","PVP sales 3 (4414384,4476951,4531440); Storica Analitica visura per immobile - Catasto Fabbricati."
"visura-storica","NO","GHEMME","10","117","","F","","analitica","","","PVP sales 1 (177041); Storica Analitica visura per immobile - Catasto Fabbricati."
"visura-storica","NO","GHEMME","10","117","","T","","analitica","","","PVP sales 1 (177041); Storica Analitica visura per immobile - Catasto Terreni."
"visura-storica","NO","GHEMME","10","202","1","F","","analitica","","","PVP sales 3 (581564,896537,1441629); Storica Analitica visura per immobile - Catasto Fabbricati."
"visura-storica","NO","GHEMME","10","202","2","F","","analitica","","","PVP sales 3 (581564,896537,1441629); Storica Analitica visura per immobile - Catasto Fabbricati."
"visura-storica","NO","GHEMME","10","336","","F","","analitica","","","PVP sales 1 (177041); Storica Analitica visura per immobile - Catasto Fabbricati."
"visura-storica","NO","GHEMME","10","336","","T","","analitica","","","PVP sales 1 (177041); Storica Analitica visura per immobile - Catasto Terreni."
"visura-storica","NO","GHEMME","10","703","","F","","analitica","","","PVP sales 1 (177041); Storica Analitica visura per immobile - Catasto Fabbricati."
"visura-storica","NO","GHEMME","10","703","","T","","analitica","","","PVP sales 1 (177041); Storica Analitica visura per immobile - Catasto Terreni."
"visura-storica","NO","GHEMME","16","113","5","F","","analitica","","","PVP sales 3 (4399050,4466430,4559047); Storica Analitica visura per immobile - Catasto Fabbricati."
"visura-storica","NO","GHEMME","16","366","16","F","","analitica","","","PVP sales 1 (4546639); Storica Analitica visura per immobile - Catasto Fabbricati."
"visura-storica","NO","GHEMME","17","169","17","F","","analitica","","","PVP sales 1 (4546709); Storica Analitica visura per immobile - Catasto Fabbricati."
"visura-storica","NO","GHEMME","17","174","3","F","","analitica","","","PVP sales 1 (4546709); Storica Analitica visura per immobile - Catasto Fabbricati."
"visura-storica","NO","GHEMME","17","177","1","F","","analitica","","","PVP sales 1 (4546709); Storica Analitica visura per immobile - Catasto Fabbricati."
"visura-storica","NO","GHEMME","17","277","","F","","analitica","","","PVP sales 1 (4250265); Storica Analitica visura per immobile - Catasto Fabbricati."
"visura-storica","NO","GHEMME","17","277","","T","","analitica","","","PVP sales 1 (4250265); Storica Analitica visura per immobile - Catasto Terreni."
"visura-storica","NO","GHEMME","17","277","12","F","","analitica","","","PVP sales 1 (4249941); Storica Analitica visura per immobile - Catasto Fabbricati."
"visura-storica","NO","GHEMME","17","277","16","F","","analitica","","","PVP sales 1 (4250231); Storica Analitica visura per immobile - Catasto Fabbricati."
"visura-storica","NO","GHEMME","17","277","17","F","","analitica","","","PVP sales 1 (4250337); Storica Analitica visura per immobile - Catasto Fabbricati."
"visura-storica","NO","GHEMME","17","277","18","F","","analitica","","","PVP sales 1 (4249996); Storica Analitica visura per immobile - Catasto Fabbricati."
"visura-storica","NO","GHEMME","17","277","19","F","","analitica","","","PVP sales 1 (4249906); Storica Analitica visura per immobile - Catasto Fabbricati."
"visura-storica","NO","GHEMME","17","277","20","F","","analitica","","","PVP sales 1 (4250093); Storica Analitica visura per immobile - Catasto Fabbricati."
"visura-storica","NO","GHEMME","17","277","21","F","","analitica","","","PVP sales 1 (4250093); Storica Analitica visura per immobile - Catasto Fabbricati."
"visura-storica","NO","GHEMME","17","277","9","F","","analitica","","","PVP sales 1 (4249906); Storica Analitica visura per immobile - Catasto Fabbricati."
"visura-storica","NO","GHEMME","19","561","2","F","","analitica","","","PVP sales 1 (4248812); Storica Analitica visura per immobile - Catasto Fabbricati."
"visura-storica","NO","GHEMME","19","561","3","F","","analitica","","","PVP sales 1 (4542639); Storica Analitica visura per immobile - Catasto Fabbricati."
"visura-storica","NO","GHEMME","19","561","4","F","","analitica","","","PVP sales 1 (4542639); Storica Analitica visura per immobile - Catasto Fabbricati."
"visura-storica","NO","GHEMME","20","129","","F","","analitica","","","PVP sales 1 (4551394); Storica Analitica visura per immobile - Catasto Fabbricati."
"visura-storica","NO","GHEMME","20","129","","T","","analitica","","","PVP sales 1 (4551394); Storica Analitica visura per immobile - Catasto Terreni."
"visura-storica","NO","GHEMME","20","237","","F","","analitica","","","PVP sales 1 (4551394); Storica Analitica visura per immobile - Catasto Fabbricati."
"visura-storica","NO","GHEMME","20","237","","T","","analitica","","","PVP sales 1 (4551394); Storica Analitica visura per immobile - Catasto Terreni."
"visura-storica","NO","GHEMME","20","238","","F","","analitica","","","PVP sales 1 (4551394); Storica Analitica visura per immobile - Catasto Fabbricati."
"visura-storica","NO","GHEMME","20","238","","T","","analitica","","","PVP sales 1 (4551394); Storica Analitica visura per immobile - Catasto Terreni."
"visura-storica","NO","GHEMME","6","126","","F","","analitica","","","PVP sales 1 (4551428); Storica Analitica visura per immobile - Catasto Fabbricati."
"visura-storica","NO","GHEMME","6","126","","T","","analitica","","","PVP sales 1 (4551428); Storica Analitica visura per immobile - Catasto Terreni."
"visura-storica","NO","GHEMME","6","128","","F","","analitica","","","PVP sales 1 (4551428); Storica Analitica visura per immobile - Catasto Fabbricati."
"visura-storica","NO","GHEMME","6","128","","T","","analitica","","","PVP sales 1 (4551428); Storica Analitica visura per immobile - Catasto Terreni."
"visura-storica","NO","GHEMME","6","374","","F","","analitica","","","PVP sales 1 (4551428); Storica Analitica visura per immobile - Catasto Fabbricati."
"visura-storica","NO","GHEMME","6","374","","T","","analitica","","","PVP sales 1 (4551428); Storica Analitica visura per immobile - Catasto Terreni."
"visura-storica","NO","GHEMME","6","401","","F","","analitica","","","PVP sales 1 (4551428); Storica Analitica visura per immobile - Catasto Fabbricati."
"visura-storica","NO","GHEMME","6","401","","T","","analitica","","","PVP sales 1 (4551428); Storica Analitica visura per immobile - Catasto Terreni."
"visura-storica","NO","GOZZANO","12","321","","F","","analitica","","","PVP sales 1 (806131); Storica Analitica visura per immobile - Catasto Fabbricati."
"visura-storica","NO","GOZZANO","12","321","","T","","analitica","","","PVP sales 1 (806131); Storica Analitica visura per immobile - Catasto Terreni."
"visura-storica","NO","GOZZANO","12","351","10","F","","analitica","","","PVP sales 3 (4445884,4500465,4559815); Storica Analitica visura per immobile - Catasto Fabbricati."
"visura-storica","NO","GOZZANO","12","351","11","F","","analitica","","","PVP sales 3 (4445884,4500465,4559815); Storica Analitica visura per immobile - Catasto Fabbricati."
"visura-storica","NO","GOZZANO","12","351","2","F","","analitica","","","PVP sales 3 (4445884,4500465,4559815); Storica Analitica visura per immobile - Catasto Fabbricati."
"visura-storica","NO","GOZZANO","12","351","3","F","","analitica","","","PVP sales 3 (4445884,4500465,4559815); Storica Analitica visura per immobile - Catasto Fabbricati."
"visura-storica","NO","GOZZANO","12","351","4","F","","analitica","","","PVP sales 3 (4445884,4500465,4559815); Storica Analitica visura per immobile - Catasto Fabbricati."
"visura-storica","NO","GOZZANO","12","351","5","F","","analitica","","","PVP sales 3 (4445884,4500465,4559815); Storica Analitica visura per immobile - Catasto Fabbricati."
"visura-storica","NO","GOZZANO","12","351","6","F","","analitica","","","PVP sales 3 (4445884,4500465,4559815); Storica Analitica visura per immobile - Catasto Fabbricati."
"visura-storica","NO","GOZZANO","12","351","7","F","","analitica","","","PVP sales 3 (4445884,4500465,4559815); Storica Analitica visura per immobile - Catasto Fabbricati."
"visura-storica","NO","GOZZANO","12","351","8","F","","analitica","","","PVP sales 3 (4445884,4500465,4559815); Storica Analitica visura per immobile - Catasto Fabbricati."
"visura-storica","NO","GOZZANO","12","351","9","F","","analitica","","","PVP sales 3 (4445884,4500465,4559815); Storica Analitica visura per immobile - Catasto Fabbricati."
"visura-storica","NO","GOZZANO","12","601","5","F","","analitica","","","PVP sales 1 (4247311); Storica Analitica visura per immobile - Catasto Fabbricati."
"visura-storica","NO","GOZZANO","16","831","1","F","","analitica","","","PVP sales 1 (4432464); Storica Analitica visura per immobile - Catasto Fabbricati."
"visura-storica","NO","GOZZANO","16","831","2","F","","analitica","","","PVP sales 1 (4432464); Storica Analitica visura per immobile - Catasto Fabbricati."
"visura-storica","NO","GOZZANO","16","831","3","F","","analitica","","","PVP sales 1 (4432464); Storica Analitica visura per immobile - Catasto Fabbricati."
"visura-storica","NO","GOZZANO","16","879","2","F","","analitica","","","PVP sales 1 (527084); Storica Analitica visura per immobile - Catasto Fabbricati."
"visura-storica","NO","GOZZANO","16","879","3","F","","analitica","","","PVP sales 1 (527084); Storica Analitica visura per immobile - Catasto Fabbricati."
"visura-storica","NO","GOZZANO","16","879","6","F","","analitica","","","PVP sales 1 (527084); Storica Analitica visura per immobile - Catasto Fabbricati."
"visura-storica","NO","GOZZANO","17","1131","","T","","analitica","","","PVP sales 1 (4547672); Storica Analitica visura per immobile - Catasto Terreni."
"visura-storica","NO","GOZZANO","17","1131","1","F","","analitica","","","PVP sales 1 (4547672); Storica Analitica visura per immobile - Catasto Fabbricati."
"visura-storica","NO","GOZZANO","17","1131","2","F","","analitica","","","PVP sales 1 (4547672); Storica Analitica visura per immobile - Catasto Fabbricati."
"visura-storica","NO","GOZZANO","17","1131","3","F","","analitica","","","PVP sales 1 (4547672); Storica Analitica visura per immobile - Catasto Fabbricati."
"visura-storica","NO","GOZZANO","17","1846","","F","","analitica","","","PVP sales 1 (4547672); Storica Analitica visura per immobile - Catasto Fabbricati."
"visura-storica","NO","GOZZANO","2","214","3","F","","analitica","","","PVP sales 1 (4545230); Storica Analitica visura per immobile - Catasto Fabbricati."
"visura-storica","NO","GOZZANO","8","121","4","F","","analitica","","","PVP sales 2 (1787487,2184495); Storica Analitica visura per immobile - Catasto Fabbricati."
"visura-storica","NO","GOZZANO","8","121","6","F","","analitica","","","PVP sales 2 (1787573,2184570); Storica Analitica visura per immobile - Catasto Fabbricati."
"visura-storica","NO","GOZZANO","8","40","","F","","analitica","","","PVP sales 1 (2184479); Storica Analitica visura per immobile - Catasto Fabbricati."
"visura-storica","NO","GOZZANO","8","40","","T","","analitica","","","PVP sales 1 (2184479); Storica Analitica visura per immobile - Catasto Terreni."
"visura-storica","NO","GOZZANO","8","41","","F","","analitica","","","PVP sales 1 (2184479); Storica Analitica visura per immobile - Catasto Fabbricati."
"visura-storica","NO","GOZZANO","8","41","","T","","analitica","","","PVP sales 1 (2184479); Storica Analitica visura per immobile - Catasto Terreni."
"visura-storica","NO","GOZZANO","9","390","4","F","","analitica","","","PVP sales 2 (292065,429654); Storica Analitica visura per immobile - Catasto Fabbricati."
"visura-storica","NO","GOZZANO","9","390","5","F","","analitica","","","PVP sales 2 (292065,429654); Storica Analitica visura per immobile - Catasto Fabbricati."
"visura-storica","NO","GRANOZZO CON MONTICELLO","10","55","14","F","","analitica","","","PVP sales 1 (4430442); Storica Analitica visura per immobile - Catasto Fabbricati."
"visura-storica","NO","GRANOZZO CON MONTICELLO","4","271","","F","","analitica","","","PVP sales 3 (4275557,4452126,4507993); Storica Analitica visura per immobile - Catasto Fabbricati."
"visura-storica","NO","GRANOZZO CON MONTICELLO","4","271","","T","","analitica","","","PVP sales 3 (4275557,4452126,4507993); Storica Analitica visura per immobile - Catasto Terreni."
"visura-storica","NO","GRANOZZO CON MONTICELLO","4","336","","F","","analitica","","","PVP sales 1 (4217413); Storica Analitica visura per immobile - Catasto Fabbricati."
"visura-storica","NO","GRANOZZO CON MONTICELLO","4","491","","F","","analitica","","","PVP sales 3 (4275557,4452126,4507993); Storica Analitica visura per immobile - Catasto Fabbricati."
"visura-storica","NO","GRANOZZO CON MONTICELLO","4","491","","T","","analitica","","","PVP sales 3 (4275557,4452126,4507993); Storica Analitica visura per immobile - Catasto Terreni."
"visura-storica","NO","GRANOZZO CON MONTICELLO","4","752","","F","","analitica","","","PVP sales 3 (4275557,4452126,4507993); Storica Analitica visura per immobile - Catasto Fabbricati."
"visura-storica","NO","GRANOZZO CON MONTICELLO","4","752","","T","","analitica","","","PVP sales 3 (4275557,4452126,4507993); Storica Analitica visura per immobile - Catasto Terreni."
"visura-storica","NO","GRIGNASCO","11","617","7","F","","analitica","","","PVP sales 3 (2122261,2207418,2207618); Storica Analitica visura per immobile - Catasto Fabbricati."
"visura-storica","NO","GRIGNASCO","11","806","11","F","","analitica","","","PVP sales 3 (2122261,2207418,2207618); Storica Analitica visura per immobile - Catasto Fabbricati."
"visura-storica","NO","GRIGNASCO","12","762","10","F","","analitica","","","PVP sales 1 (300109); Storica Analitica visura per immobile - Catasto Fabbricati."
"visura-storica","NO","GRIGNASCO","12","762","12","F","","analitica","","","PVP sales 1 (300109); Storica Analitica visura per immobile - Catasto Fabbricati."
"visura-storica","NO","GRIGNASCO","12","762","9","F","","analitica","","","PVP sales 1 (300109); Storica Analitica visura per immobile - Catasto Fabbricati."
"visura-storica","NO","GRIGNASCO","12","85","","F","","analitica","","","PVP sales 1 (541125); Storica Analitica visura per immobile - Catasto Fabbricati."
"visura-storica","NO","GRIGNASCO","12","85","","T","","analitica","","","PVP sales 1 (541125); Storica Analitica visura per immobile - Catasto Terreni."
"visura-storica","NO","GRIGNASCO","14","1339","","F","","analitica","","","PVP sales 3 (2122373,2207528,2207609); Storica Analitica visura per immobile - Catasto Fabbricati."
"visura-storica","NO","GRIGNASCO","14","1339","","T","","analitica","","","PVP sales 3 (2122373,2207528,2207609); Storica Analitica visura per immobile - Catasto Terreni."
"visura-storica","NO","GRIGNASCO","14","594","1","F","","analitica","","","PVP sales 1 (806106); Storica Analitica visura per immobile - Catasto Fabbricati."
"visura-storica","NO","GRIGNASCO","15","1283","","F","","analitica","","","PVP sales 1 (4551928); Storica Analitica visura per immobile - Catasto Fabbricati."
"visura-storica","NO","GRIGNASCO","15","1283","","T","","analitica","","","PVP sales 1 (4551928); Storica Analitica visura per immobile - Catasto Terreni."
"visura-storica","NO","GRIGNASCO","3","5","3","F","","analitica","","","PVP sales 1 (4546014); Storica Analitica visura per immobile - Catasto Fabbricati."
"visura-storica","NO","GRIGNASCO","3","5","4","F","","analitica","","","PVP sales 1 (4546014); Storica Analitica visura per immobile - Catasto Fabbricati."
"visura-storica","NO","GRIGNASCO","3","900","","T","","analitica","","","PVP sales 1 (4546014); Storica Analitica visura per immobile - Catasto Terreni."
"visura-storica","NO","INVORIO","13","157","","F","","analitica","","","PVP sales 1 (1416187); Storica Analitica visura per immobile - Catasto Fabbricati."
"visura-storica","NO","INVORIO","20","1179","4","F","","analitica","","","PVP sales 1 (324566); Storica Analitica visura per immobile - Catasto Fabbricati."
"visura-storica","NO","INVORIO","20","2515","22","F","","analitica","","","PVP sales 1 (327673); Storica Analitica visura per immobile - Catasto Fabbricati."
"visura-storica","NO","INVORIO","24","291","","F","","analitica","","","PVP sales 1 (1443125); Storica Analitica visura per immobile - Catasto Fabbricati."
"visura-storica","NO","INVORIO","39","129","19","F","","analitica","","","PVP sales 1 (527089); Storica Analitica visura per immobile - Catasto Fabbricati."
"visura-storica","NO","INVORIO","39","129","23","F","","analitica","","","PVP sales 1 (527093); Storica Analitica visura per immobile - Catasto Fabbricati."
"visura-storica","NO","INVORIO","39","129","24","F","","analitica","","","PVP sales 1 (527097); Storica Analitica visura per immobile - Catasto Fabbricati."
"visura-storica","NO","LESA","12","1677","21","F","","analitica","","","PVP sales 1 (51479); Storica Analitica visura per immobile - Catasto Fabbricati."
"visura-storica","NO","LESA","12","1677","5","F","","analitica","","","PVP sales 1 (51479); Storica Analitica visura per immobile - Catasto Fabbricati."
"visura-storica","NO","LESA","12","1677","7","F","","analitica","","","PVP sales 1 (51479); Storica Analitica visura per immobile - Catasto Fabbricati."
"visura-storica","NO","MAGGIORA","10","219","","F","","analitica","","","PVP sales 2 (4387172,4464530); Storica Analitica visura per immobile - Catasto Fabbricati."
"visura-storica","NO","MAGGIORA","10","219","","T","","analitica","","","PVP sales 2 (4387172,4464530); Storica Analitica visura per immobile - Catasto Terreni."
"visura-storica","NO","MAGGIORA","10","225","","F","","analitica","","","PVP sales 2 (4387172,4464530); Storica Analitica visura per immobile - Catasto Fabbricati."
"visura-storica","NO","MAGGIORA","10","225","","T","","analitica","","","PVP sales 2 (4387172,4464530); Storica Analitica visura per immobile - Catasto Terreni."
"visura-storica","NO","MAGGIORA","10","226","","F","","analitica","","","PVP sales 2 (4387172,4464530); Storica Analitica visura per immobile - Catasto Fabbricati."
"visura-storica","NO","MAGGIORA","10","226","","T","","analitica","","","PVP sales 2 (4387172,4464530); Storica Analitica visura per immobile - Catasto Terreni."
"visura-storica","NO","MAGGIORA","10","301","","F","","analitica","","","PVP sales 2 (4387172,4464530); Storica Analitica visura per immobile - Catasto Fabbricati."
"visura-storica","NO","MAGGIORA","10","301","","T","","analitica","","","PVP sales 2 (4387172,4464530); Storica Analitica visura per immobile - Catasto Terreni."
"visura-storica","NO","MAGGIORA","10","302","","F","","analitica","","","PVP sales 2 (4387172,4464530); Storica Analitica visura per immobile - Catasto Fabbricati."
"visura-storica","NO","MAGGIORA","10","302","","T","","analitica","","","PVP sales 2 (4387172,4464530); Storica Analitica visura per immobile - Catasto Terreni."
"visura-storica","NO","MAGGIORA","10","303","","F","","analitica","","","PVP sales 2 (4387172,4464530); Storica Analitica visura per immobile - Catasto Fabbricati."
"visura-storica","NO","MAGGIORA","10","303","","T","","analitica","","","PVP sales 2 (4387172,4464530); Storica Analitica visura per immobile - Catasto Terreni."
"visura-storica","NO","MAGGIORA","10","382","","F","","analitica","","","PVP sales 2 (4387172,4464530); Storica Analitica visura per immobile - Catasto Fabbricati."
"visura-storica","NO","MAGGIORA","10","382","","T","","analitica","","","PVP sales 2 (4387172,4464530); Storica Analitica visura per immobile - Catasto Terreni."
"visura-storica","NO","MAGGIORA","10","383","","F","","analitica","","","PVP sales 2 (4387172,4464530); Storica Analitica visura per immobile - Catasto Fabbricati."
"visura-storica","NO","MAGGIORA","10","383","","T","","analitica","","","PVP sales 2 (4387172,4464530); Storica Analitica visura per immobile - Catasto Terreni."
"visura-storica","NO","MAGGIORA","10","384","","F","","analitica","","","PVP sales 2 (4387172,4464530); Storica Analitica visura per immobile - Catasto Fabbricati."
"visura-storica","NO","MAGGIORA","10","384","","T","","analitica","","","PVP sales 2 (4387172,4464530); Storica Analitica visura per immobile - Catasto Terreni."
"visura-storica","NO","MAGGIORA","10","385","","F","","analitica","","","PVP sales 2 (4387172,4464530); Storica Analitica visura per immobile - Catasto Fabbricati."
"visura-storica","NO","MAGGIORA","10","385","","T","","analitica","","","PVP sales 2 (4387172,4464530); Storica Analitica visura per immobile - Catasto Terreni."
"visura-storica","NO","MAGGIORA","10","386","","F","","analitica","","","PVP sales 2 (4387172,4464530); Storica Analitica visura per immobile - Catasto Fabbricati."
"visura-storica","NO","MAGGIORA","10","386","","T","","analitica","","","PVP sales 2 (4387172,4464530); Storica Analitica visura per immobile - Catasto Terreni."
"visura-storica","NO","MAGGIORA","10","387","","F","","analitica","","","PVP sales 2 (4387172,4464530); Storica Analitica visura per immobile - Catasto Fabbricati."
"visura-storica","NO","MAGGIORA","10","387","","T","","analitica","","","PVP sales 2 (4387172,4464530); Storica Analitica visura per immobile - Catasto Terreni."
"visura-storica","NO","MAGGIORA","10","388","","F","","analitica","","","PVP sales 2 (4387172,4464530); Storica Analitica visura per immobile - Catasto Fabbricati."
"visura-storica","NO","MAGGIORA","10","388","","T","","analitica","","","PVP sales 2 (4387172,4464530); Storica Analitica visura per immobile - Catasto Terreni."
"visura-storica","NO","MAGGIORA","10","389","","F","","analitica","","","PVP sales 2 (4387172,4464530); Storica Analitica visura per immobile - Catasto Fabbricati."
"visura-storica","NO","MAGGIORA","10","389","","T","","analitica","","","PVP sales 2 (4387172,4464530); Storica Analitica visura per immobile - Catasto Terreni."
"visura-storica","NO","MAGGIORA","10","391","","F","","analitica","","","PVP sales 2 (4387172,4464530); Storica Analitica visura per immobile - Catasto Fabbricati."
"visura-storica","NO","MAGGIORA","10","391","","T","","analitica","","","PVP sales 2 (4387172,4464530); Storica Analitica visura per immobile - Catasto Terreni."
"visura-storica","NO","MAGGIORA","10","405","","F","","analitica","","","PVP sales 2 (4387172,4464530); Storica Analitica visura per immobile - Catasto Fabbricati."
"visura-storica","NO","MAGGIORA","10","405","","T","","analitica","","","PVP sales 2 (4387172,4464530); Storica Analitica visura per immobile - Catasto Terreni."
"visura-storica","NO","MAGGIORA","10","408","","F","","analitica","","","PVP sales 2 (4387172,4464530); Storica Analitica visura per immobile - Catasto Fabbricati."
"visura-storica","NO","MAGGIORA","10","408","","T","","analitica","","","PVP sales 2 (4387172,4464530); Storica Analitica visura per immobile - Catasto Terreni."
"visura-storica","NO","MAGGIORA","10","425","","F","","analitica","","","PVP sales 2 (4387172,4464530); Storica Analitica visura per immobile - Catasto Fabbricati."
"visura-storica","NO","MAGGIORA","10","425","","T","","analitica","","","PVP sales 2 (4387172,4464530); Storica Analitica visura per immobile - Catasto Terreni."
"visura-storica","NO","MAGGIORA","10","430","","F","","analitica","","","PVP sales 2 (4387172,4464530); Storica Analitica visura per immobile - Catasto Fabbricati."
"visura-storica","NO","MAGGIORA","10","430","","T","","analitica","","","PVP sales 2 (4387172,4464530); Storica Analitica visura per immobile - Catasto Terreni."
"visura-storica","NO","MAGGIORA","10","431","","F","","analitica","","","PVP sales 2 (4387172,4464530); Storica Analitica visura per immobile - Catasto Fabbricati."
"visura-storica","NO","MAGGIORA","10","431","","T","","analitica","","","PVP sales 2 (4387172,4464530); Storica Analitica visura per immobile - Catasto Terreni."
"visura-storica","NO","MAGGIORA","10","432","","F","","analitica","","","PVP sales 2 (4387172,4464530); Storica Analitica visura per immobile - Catasto Fabbricati."
"visura-storica","NO","MAGGIORA","10","432","","T","","analitica","","","PVP sales 2 (4387172,4464530); Storica Analitica visura per immobile - Catasto Terreni."
"visura-storica","NO","MAGGIORA","10","433","","F","","analitica","","","PVP sales 2 (4387172,4464530); Storica Analitica visura per immobile - Catasto Fabbricati."
"visura-storica","NO","MAGGIORA","10","433","","T","","analitica","","","PVP sales 2 (4387172,4464530); Storica Analitica visura per immobile - Catasto Terreni."
"visura-storica","NO","MAGGIORA","10","434","","F","","analitica","","","PVP sales 2 (4387172,4464530); Storica Analitica visura per immobile - Catasto Fabbricati."
"visura-storica","NO","MAGGIORA","10","434","","T","","analitica","","","PVP sales 2 (4387172,4464530); Storica Analitica visura per immobile - Catasto Terreni."
"visura-storica","NO","MAGGIORA","10","435","","F","","analitica","","","PVP sales 2 (4387172,4464530); Storica Analitica visura per immobile - Catasto Fabbricati."
"visura-storica","NO","MAGGIORA","10","435","","T","","analitica","","","PVP sales 2 (4387172,4464530); Storica Analitica visura per immobile - Catasto Terreni."
"visura-storica","NO","MAGGIORA","10","437","","F","","analitica","","","PVP sales 2 (4387172,4464530); Storica Analitica visura per immobile - Catasto Fabbricati."
"visura-storica","NO","MAGGIORA","10","437","","T","","analitica","","","PVP sales 2 (4387172,4464530); Storica Analitica visura per immobile - Catasto Terreni."
"visura-storica","NO","MAGGIORA","10","443","","F","","analitica","","","PVP sales 2 (4387172,4464530); Storica Analitica visura per immobile - Catasto Fabbricati."
"visura-storica","NO","MAGGIORA","10","443","","T","","analitica","","","PVP sales 2 (4387172,4464530); Storica Analitica visura per immobile - Catasto Terreni."
"visura-storica","NO","MAGGIORA","10","444","","F","","analitica","","","PVP sales 2 (4387172,4464530); Storica Analitica visura per immobile - Catasto Fabbricati."
"visura-storica","NO","MAGGIORA","10","444","","T","","analitica","","","PVP sales 2 (4387172,4464530); Storica Analitica visura per immobile - Catasto Terreni."
"visura-storica","NO","MAGGIORA","10","451","","F","","analitica","","","PVP sales 2 (4387172,4464530); Storica Analitica visura per immobile - Catasto Fabbricati."
"visura-storica","NO","MAGGIORA","10","451","","T","","analitica","","","PVP sales 2 (4387172,4464530); Storica Analitica visura per immobile - Catasto Terreni."
"visura-storica","NO","MAGGIORA","10","492","","F","","analitica","","","PVP sales 2 (4387172,4464530); Storica Analitica visura per immobile - Catasto Fabbricati."
"visura-storica","NO","MAGGIORA","10","492","","T","","analitica","","","PVP sales 2 (4387172,4464530); Storica Analitica visura per immobile - Catasto Terreni."
"visura-storica","NO","MAGGIORA","10","583","","F","","analitica","","","PVP sales 2 (4387172,4464530); Storica Analitica visura per immobile - Catasto Fabbricati."
"visura-storica","NO","MAGGIORA","10","583","","T","","analitica","","","PVP sales 2 (4387172,4464530); Storica Analitica visura per immobile - Catasto Terreni."
"visura-storica","NO","MAGGIORA","10","584","","F","","analitica","","","PVP sales 2 (4387172,4464530); Storica Analitica visura per immobile - Catasto Fabbricati."
"visura-storica","NO","MAGGIORA","10","584","","T","","analitica","","","PVP sales 2 (4387172,4464530); Storica Analitica visura per immobile - Catasto Terreni."
"visura-storica","NO","MAGGIORA","10","585","","F","","analitica","","","PVP sales 2 (4387172,4464530); Storica Analitica visura per immobile - Catasto Fabbricati."
"visura-storica","NO","MAGGIORA","10","585","","T","","analitica","","","PVP sales 2 (4387172,4464530); Storica Analitica visura per immobile - Catasto Terreni."
"visura-storica","NO","MAGGIORA","10","587","","F","","analitica","","","PVP sales 2 (4387172,4464530); Storica Analitica visura per immobile - Catasto Fabbricati."
"visura-storica","NO","MAGGIORA","10","587","","T","","analitica","","","PVP sales 2 (4387172,4464530); Storica Analitica visura per immobile - Catasto Terreni."
"visura-storica","NO","MAGGIORA","10","588","","F","","analitica","","","PVP sales 2 (4387172,4464530); Storica Analitica visura per immobile - Catasto Fabbricati."
"visura-storica","NO","MAGGIORA","10","588","","T","","analitica","","","PVP sales 2 (4387172,4464530); Storica Analitica visura per immobile - Catasto Terreni."
"visura-storica","NO","MAGGIORA","10","593","","F","","analitica","","","PVP sales 2 (4387172,4464530); Storica Analitica visura per immobile - Catasto Fabbricati."
"visura-storica","NO","MAGGIORA","10","593","","T","","analitica","","","PVP sales 2 (4387172,4464530); Storica Analitica visura per immobile - Catasto Terreni."
"visura-storica","NO","MAGGIORA","10","655","","F","","analitica","","","PVP sales 2 (4387172,4464530); Storica Analitica visura per immobile - Catasto Fabbricati."
"visura-storica","NO","MAGGIORA","10","655","","T","","analitica","","","PVP sales 2 (4387172,4464530); Storica Analitica visura per immobile - Catasto Terreni."
"visura-storica","NO","MAGGIORA","10","656","","F","","analitica","","","PVP sales 2 (4387172,4464530); Storica Analitica visura per immobile - Catasto Fabbricati."
"visura-storica","NO","MAGGIORA","10","656","","T","","analitica","","","PVP sales 2 (4387172,4464530); Storica Analitica visura per immobile - Catasto Terreni."
"visura-storica","NO","MAGGIORA","10","705","","F","","analitica","","","PVP sales 2 (4387172,4464530); Storica Analitica visura per immobile - Catasto Fabbricati."
"visura-storica","NO","MAGGIORA","10","705","","T","","analitica","","","PVP sales 2 (4387172,4464530); Storica Analitica visura per immobile - Catasto Terreni."
"visura-storica","NO","MAGGIORA","10","705","1","F","","analitica","","","PVP sales 2 (4387172,4464530); Storica Analitica visura per immobile - Catasto Fabbricati."
"visura-storica","NO","MAGGIORA","10","705","2","F","","analitica","","","PVP sales 2 (4387172,4464530); Storica Analitica visura per immobile - Catasto Fabbricati."
"visura-storica","NO","MAGGIORA","10","705","4","F","","analitica","","","PVP sales 2 (4387172,4464530); Storica Analitica visura per immobile - Catasto Fabbricati."
"visura-storica","NO","MAGGIORA","10","797","","F","","analitica","","","PVP sales 2 (4387172,4464530); Storica Analitica visura per immobile - Catasto Fabbricati."
"visura-storica","NO","MAGGIORA","10","797","","T","","analitica","","","PVP sales 2 (4387172,4464530); Storica Analitica visura per immobile - Catasto Terreni."
"visura-storica","NO","MAGGIORA","10","799","","F","","analitica","","","PVP sales 2 (4387172,4464530); Storica Analitica visura per immobile - Catasto Fabbricati."
"visura-storica","NO","MAGGIORA","10","799","","T","","analitica","","","PVP sales 2 (4387172,4464530); Storica Analitica visura per immobile - Catasto Terreni."
"visura-storica","NO","MAGGIORA","10","801","","F","","analitica","","","PVP sales 2 (4387172,4464530); Storica Analitica visura per immobile - Catasto Fabbricati."
"visura-storica","NO","MAGGIORA","10","801","","T","","analitica","","","PVP sales 2 (4387172,4464530); Storica Analitica visura per immobile - Catasto Terreni."
"visura-storica","NO","MAGGIORA","10","803","","F","","analitica","","","PVP sales 2 (4387172,4464530); Storica Analitica visura per immobile - Catasto Fabbricati."
"visura-storica","NO","MAGGIORA","10","803","","T","","analitica","","","PVP sales 2 (4387172,4464530); Storica Analitica visura per immobile - Catasto Terreni."
"visura-storica","NO","MAGGIORA","10","887","","F","","analitica","","","PVP sales 2 (4387172,4464530); Storica Analitica visura per immobile - Catasto Fabbricati."
"visura-storica","NO","MAGGIORA","10","887","","T","","analitica","","","PVP sales 2 (4387172,4464530); Storica Analitica visura per immobile - Catasto Terreni."
"visura-storica","NO","MAGGIORA","10","889","","F","","analitica","","","PVP sales 2 (4387172,4464530); Storica Analitica visura per immobile - Catasto Fabbricati."
"visura-storica","NO","MAGGIORA","10","889","","T","","analitica","","","PVP sales 2 (4387172,4464530); Storica Analitica visura per immobile - Catasto Terreni."
"visura-storica","NO","MAGGIORA","10","898","","F","","analitica","","","PVP sales 2 (4387172,4464530); Storica Analitica visura per immobile - Catasto Fabbricati."
"visura-storica","NO","MAGGIORA","10","898","","T","","analitica","","","PVP sales 2 (4387172,4464530); Storica Analitica visura per immobile - Catasto Terreni."
"visura-storica","NO","MAGGIORA","11","177","","F","","analitica","","","PVP sales 2 (4387172,4464530); Storica Analitica visura per immobile - Catasto Fabbricati."
"visura-storica","NO","MAGGIORA","11","177","","T","","analitica","","","PVP sales 2 (4387172,4464530); Storica Analitica visura per immobile - Catasto Terreni."
"visura-storica","NO","MAGGIORA","11","178","","F","","analitica","","","PVP sales 2 (4387172,4464530); Storica Analitica visura per immobile - Catasto Fabbricati."
"visura-storica","NO","MAGGIORA","11","178","","T","","analitica","","","PVP sales 2 (4387172,4464530); Storica Analitica visura per immobile - Catasto Terreni."
"visura-storica","NO","MAGGIORA","11","179","","F","","analitica","","","PVP sales 2 (4387172,4464530); Storica Analitica visura per immobile - Catasto Fabbricati."
"visura-storica","NO","MAGGIORA","11","179","","T","","analitica","","","PVP sales 2 (4387172,4464530); Storica Analitica visura per immobile - Catasto Terreni."
"visura-storica","NO","MAGGIORA","11","180","","F","","analitica","","","PVP sales 2 (4387172,4464530); Storica Analitica visura per immobile - Catasto Fabbricati."
"visura-storica","NO","MAGGIORA","11","180","","T","","analitica","","","PVP sales 2 (4387172,4464530); Storica Analitica visura per immobile - Catasto Terreni."
"visura-storica","NO","MAGGIORA","11","181","","F","","analitica","","","PVP sales 2 (4387172,4464530); Storica Analitica visura per immobile - Catasto Fabbricati."
"visura-storica","NO","MAGGIORA","11","181","","T","","analitica","","","PVP sales 2 (4387172,4464530); Storica Analitica visura per immobile - Catasto Terreni."
"visura-storica","NO","MAGGIORA","11","182","","F","","analitica","","","PVP sales 2 (4387172,4464530); Storica Analitica visura per immobile - Catasto Fabbricati."
"visura-storica","NO","MAGGIORA","11","182","","T","","analitica","","","PVP sales 2 (4387172,4464530); Storica Analitica visura per immobile - Catasto Terreni."
"visura-storica","NO","MAGGIORA","11","183","","F","","analitica","","","PVP sales 2 (4387172,4464530); Storica Analitica visura per immobile - Catasto Fabbricati."
"visura-storica","NO","MAGGIORA","11","183","","T","","analitica","","","PVP sales 2 (4387172,4464530); Storica Analitica visura per immobile - Catasto Terreni."
"visura-storica","NO","MAGGIORA","11","184","","F","","analitica","","","PVP sales 2 (4387172,4464530); Storica Analitica visura per immobile - Catasto Fabbricati."
"visura-storica","NO","MAGGIORA","11","184","","T","","analitica","","","PVP sales 2 (4387172,4464530); Storica Analitica visura per immobile - Catasto Terreni."
"visura-storica","NO","MAGGIORA","11","185","","F","","analitica","","","PVP sales 2 (4387172,4464530); Storica Analitica visura per immobile - Catasto Fabbricati."
"visura-storica","NO","MAGGIORA","11","185","","T","","analitica","","","PVP sales 2 (4387172,4464530); Storica Analitica visura per immobile - Catasto Terreni."
"visura-storica","NO","MAGGIORA","11","186","","F","","analitica","","","PVP sales 2 (4387172,4464530); Storica Analitica visura per immobile - Catasto Fabbricati."
"visura-storica","NO","MAGGIORA","11","186","","T","","analitica","","","PVP sales 2 (4387172,4464530); Storica Analitica visura per immobile - Catasto Terreni."
"visura-storica","NO","MAGGIORA","11","187","","F","","analitica","","","PVP sales 2 (4387172,4464530); Storica Analitica visura per immobile - Catasto Fabbricati."
"visura-storica","NO","MAGGIORA","11","187","","T","","analitica","","","PVP sales 2 (4387172,4464530); Storica Analitica visura per immobile - Catasto Terreni."
"visura-storica","NO","MAGGIORA","11","195","","F","","analitica","","","PVP sales 2 (4387172,4464530); Storica Analitica visura per immobile - Catasto Fabbricati."
"visura-storica","NO","MAGGIORA","11","195","","T","","analitica","","","PVP sales 2 (4387172,4464530); Storica Analitica visura per immobile - Catasto Terreni."
"visura-storica","NO","MAGGIORA","11","258","","F","","analitica","","","PVP sales 2 (4387172,4464530); Storica Analitica visura per immobile - Catasto Fabbricati."
"visura-storica","NO","MAGGIORA","11","258","","T","","analitica","","","PVP sales 2 (4387172,4464530); Storica Analitica visura per immobile - Catasto Terreni."
"visura-storica","NO","MAGGIORA","11","259","","F","","analitica","","","PVP sales 2 (4387172,4464530); Storica Analitica visura per immobile - Catasto Fabbricati."
"visura-storica","NO","MAGGIORA","11","259","","T","","analitica","","","PVP sales 2 (4387172,4464530); Storica Analitica visura per immobile - Catasto Terreni."
"visura-storica","NO","MAGGIORA","11","260","","F","","analitica","","","PVP sales 2 (4387172,4464530); Storica Analitica visura per immobile - Catasto Fabbricati."
"visura-storica","NO","MAGGIORA","11","260","","T","","analitica","","","PVP sales 2 (4387172,4464530); Storica Analitica visura per immobile - Catasto Terreni."
"visura-storica","NO","MAGGIORA","11","261","","F","","analitica","","","PVP sales 2 (4387172,4464530); Storica Analitica visura per immobile - Catasto Fabbricati."
"visura-storica","NO","MAGGIORA","11","261","","T","","analitica","","","PVP sales 2 (4387172,4464530); Storica Analitica visura per immobile - Catasto Terreni."
"visura-storica","NO","MAGGIORA","11","262","","F","","analitica","","","PVP sales 2 (4387172,4464530); Storica Analitica visura per immobile - Catasto Fabbricati."
"visura-storica","NO","MAGGIORA","11","262","","T","","analitica","","","PVP sales 2 (4387172,4464530); Storica Analitica visura per immobile - Catasto Terreni."
"visura-storica","NO","MAGGIORA","11","263","","F","","analitica","","","PVP sales 2 (4387172,4464530); Storica Analitica visura per immobile - Catasto Fabbricati."
"visura-storica","NO","MAGGIORA","11","263","","T","","analitica","","","PVP sales 2 (4387172,4464530); Storica Analitica visura per immobile - Catasto Terreni."
"visura-storica","NO","MAGGIORA","11","264","","F","","analitica","","","PVP sales 2 (4387172,4464530); Storica Analitica visura per immobile - Catasto Fabbricati."
"visura-storica","NO","MAGGIORA","11","264","","T","","analitica","","","PVP sales 2 (4387172,4464530); Storica Analitica visura per immobile - Catasto Terreni."
"visura-storica","NO","MAGGIORA","11","265","","F","","analitica","","","PVP sales 2 (4387172,4464530); Storica Analitica visura per immobile - Catasto Fabbricati."
"visura-storica","NO","MAGGIORA","11","265","","T","","analitica","","","PVP sales 2 (4387172,4464530); Storica Analitica visura per immobile - Catasto Terreni."
"visura-storica","NO","MAGGIORA","11","266","","F","","analitica","","","PVP sales 2 (4387172,4464530); Storica Analitica visura per immobile - Catasto Fabbricati."
"visura-storica","NO","MAGGIORA","11","266","","T","","analitica","","","PVP sales 2 (4387172,4464530); Storica Analitica visura per immobile - Catasto Terreni."
"visura-storica","NO","MAGGIORA","11","270","","F","","analitica","","","PVP sales 2 (4387172,4464530); Storica Analitica visura per immobile - Catasto Fabbricati."
"visura-storica","NO","MAGGIORA","11","270","","T","","analitica","","","PVP sales 2 (4387172,4464530); Storica Analitica visura per immobile - Catasto Terreni."
"visura-storica","NO","MAGGIORA","11","272","","F","","analitica","","","PVP sales 2 (4387172,4464530); Storica Analitica visura per immobile - Catasto Fabbricati."
"visura-storica","NO","MAGGIORA","11","272","","T","","analitica","","","PVP sales 2 (4387172,4464530); Storica Analitica visura per immobile - Catasto Terreni."
"visura-storica","NO","MAGGIORA","11","273","","F","","analitica","","","PVP sales 2 (4387172,4464530); Storica Analitica visura per immobile - Catasto Fabbricati."
"visura-storica","NO","MAGGIORA","11","273","","T","","analitica","","","PVP sales 2 (4387172,4464530); Storica Analitica visura per immobile - Catasto Terreni."
"visura-storica","NO","MAGGIORA","11","274","","F","","analitica","","","PVP sales 2 (4387172,4464530); Storica Analitica visura per immobile - Catasto Fabbricati."
"visura-storica","NO","MAGGIORA","11","274","","T","","analitica","","","PVP sales 2 (4387172,4464530); Storica Analitica visura per immobile - Catasto Terreni."
"visura-storica","NO","MAGGIORA","11","414","","F","","analitica","","","PVP sales 2 (4387172,4464530); Storica Analitica visura per immobile - Catasto Fabbricati."
"visura-storica","NO","MAGGIORA","11","414","","T","","analitica","","","PVP sales 2 (4387172,4464530); Storica Analitica visura per immobile - Catasto Terreni."
"visura-storica","NO","MAGGIORA","11","415","","F","","analitica","","","PVP sales 2 (4387172,4464530); Storica Analitica visura per immobile - Catasto Fabbricati."
"visura-storica","NO","MAGGIORA","11","415","","T","","analitica","","","PVP sales 2 (4387172,4464530); Storica Analitica visura per immobile - Catasto Terreni."
"visura-storica","NO","MAGGIORA","9","162","8","F","","analitica","","","PVP sales 1 (742190); Storica Analitica visura per immobile - Catasto Fabbricati."
"visura-storica","NO","MAGGIORA","9","162","9","F","","analitica","","","PVP sales 1 (742190); Storica Analitica visura per immobile - Catasto Fabbricati."
"visura-storica","NO","MARANO TICINO","5","318","1","F","","analitica","","","PVP sales 2 (2082949,2157612); Storica Analitica visura per immobile - Catasto Fabbricati."
"visura-storica","NO","MARANO TICINO","5","318","2","F","","analitica","","","PVP sales 2 (2082949,2157612); Storica Analitica visura per immobile - Catasto Fabbricati."
"visura-storica","NO","MARANO TICINO","7","429","","F","","analitica","","","PVP sales 1 (813224); Storica Analitica visura per immobile - Catasto Fabbricati."
"visura-storica","NO","MARANO TICINO","7","429","","T","","analitica","","","PVP sales 1 (813224); Storica Analitica visura per immobile - Catasto Terreni."
"visura-storica","NO","MARANO TICINO","9","33","13","F","","analitica","","","PVP sales 1 (407440); Storica Analitica visura per immobile - Catasto Fabbricati."
"visura-storica","NO","MEZZOMERICO","4","353","","T","","analitica","","","PVP sales 1 (4395128); Storica Analitica visura per immobile - Catasto Terreni."
"visura-storica","NO","MEZZOMERICO","4","354","","F","","analitica","","","PVP sales 1 (4395128); Storica Analitica visura per immobile - Catasto Fabbricati."
"visura-storica","NO","MEZZOMERICO","4","356","","T","","analitica","","","PVP sales 1 (4395128); Storica Analitica visura per immobile - Catasto Terreni."
"visura-storica","NO","MEZZOMERICO","6","234","2","F","","analitica","","","PVP sales 1 (2081051); Storica Analitica visura per immobile - Catasto Fabbricati."
"visura-storica","NO","MEZZOMERICO","6","234","3","F","","analitica","","","PVP sales 1 (2081051); Storica Analitica visura per immobile - Catasto Fabbricati."
"visura-storica","NO","MEZZOMERICO","4","354","","F","","analitica","FABBRICARI","","PVP sales 1 (4395128); Storica Analitica visura per immobile - Catasto Fabbricati."
"visura-storica","NO","MEZZOMERICO","4","354","","T","","analitica","FABBRICARI","","PVP sales 1 (4395128); Storica Analitica visura per immobile - Catasto Terreni."
"visura-storica","NO","MIASINO","2","421","2","F","","analitica","","","PVP sales 1 (323288); Storica Analitica visura per immobile - Catasto Fabbricati."
"visura-storica","NO","MOMO","17","54","","T","","analitica","","","PVP sales 1 (1468148); Storica Analitica visura per immobile - Catasto Terreni."
"visura-storica","NO","MOMO","17","55","4","F","","analitica","","","PVP sales 1 (1468148); Storica Analitica visura per immobile - Catasto Fabbricati."
"visura-storica","NO","MOMO","17","55","7","F","","analitica","","","PVP sales 1 (1468148); Storica Analitica visura per immobile - Catasto Fabbricati."
"visura-storica","NO","MOMO","23","44","","F","","analitica","","","PVP sales 2 (4391302,4402242); Storica Analitica visura per immobile - Catasto Fabbricati."
"visura-storica","NO","MOMO","23","44","","T","","analitica","","","PVP sales 2 (4391302,4402242); Storica Analitica visura per immobile - Catasto Terreni."
"visura-storica","NO","MOMO","45","122","","T","","analitica","","","PVP sales 1 (4541220); Storica Analitica visura per immobile - Catasto Terreni."
"visura-storica","NO","MOMO","45","122","10","F","","analitica","","","PVP sales 1 (4541220); Storica Analitica visura per immobile - Catasto Fabbricati."
"visura-storica","NO","MOMO","45","122","7","F","","analitica","","","PVP sales 1 (4541220); Storica Analitica visura per immobile - Catasto Fabbricati."
"visura-storica","NO","MOMO","45","122","9","F","","analitica","","","PVP sales 1 (4541220); Storica Analitica visura per immobile - Catasto Fabbricati."
"visura-storica","NO","MOMO","49","123","","F","","analitica","","","PVP sales 1 (4541220); Storica Analitica visura per immobile - Catasto Fabbricati."
"visura-storica","NO","MOMO","49","123","","T","","analitica","","","PVP sales 1 (4541220); Storica Analitica visura per immobile - Catasto Terreni."
"visura-storica","NO","MOMO","49","125","","T","","analitica","","","PVP sales 1 (4541220); Storica Analitica visura per immobile - Catasto Terreni."
"visura-storica","NO","NEBBIUNO","4","1213","","T","","analitica","","","PVP sales 1 (720041); Storica Analitica visura per immobile - Catasto Terreni."
"visura-storica","NO","NEBBIUNO","4","1213","2","F","","analitica","","","PVP sales 1 (720041); Storica Analitica visura per immobile - Catasto Fabbricati."
"visura-storica","NO","NEBBIUNO","4","1213","3","F","","analitica","","","PVP sales 1 (720041); Storica Analitica visura per immobile - Catasto Fabbricati."
"visura-storica","NO","NEBBIUNO","4","1213","4","F","","analitica","","","PVP sales 1 (720041); Storica Analitica visura per immobile - Catasto Fabbricati."
"visura-storica","NO","NEBBIUNO","6","1025","","F","","analitica","","","PVP sales 1 (1466220); Storica Analitica visura per immobile - Catasto Fabbricati."
"visura-storica","NO","NEBBIUNO","6","1025","","T","","analitica","","","PVP sales 1 (1466220); Storica Analitica visura per immobile - Catasto Terreni."
"visura-storica","NO","NEBBIUNO","6","364","","F","","analitica","","","PVP sales 1 (1466220); Storica Analitica visura per immobile - Catasto Fabbricati."
"visura-storica","NO","NEBBIUNO","6","364","","T","","analitica","","","PVP sales 1 (1466220); Storica Analitica visura per immobile - Catasto Terreni."
"visura-storica","NO","NEBBIUNO","6","445","","F","","analitica","","","PVP sales 1 (658827); Storica Analitica visura per immobile - Catasto Fabbricati."
"visura-storica","NO","NEBBIUNO","6/A","445","4","F","","analitica","","","PVP sales 1 (122606); Storica Analitica visura per immobile - Catasto Fabbricati."
"visura-storica","NO","NEBBIUNO","6/A","445","5","F","","analitica","","","PVP sales 1 (122606); Storica Analitica visura per immobile - Catasto Fabbricati."
"visura-storica","NO","NEBBIUNO","9","59","","F","","analitica","","","PVP sales 1 (1796670); Storica Analitica visura per immobile - Catasto Fabbricati."
"visura-storica","NO","NOVARA","10","202","1","F","","analitica","","","PVP sales 1 (765886); Storica Analitica visura per immobile - Catasto Fabbricati."
"visura-storica","NO","NOVARA","10","202","2","F","","analitica","","","PVP sales 1 (765886); Storica Analitica visura per immobile - Catasto Fabbricati."
"visura-storica","NO","NOVARA","10","241","","F","","analitica","","","PVP sales 1 (438300); Storica Analitica visura per immobile - Catasto Fabbricati."
"visura-storica","NO","NOVARA","10","241","","T","","analitica","","","PVP sales 1 (438300); Storica Analitica visura per immobile - Catasto Terreni."
"visura-storica","NO","NOVARA","10","244","","F","","analitica","","","PVP sales 1 (438300); Storica Analitica visura per immobile - Catasto Fabbricati."
"visura-storica","NO","NOVARA","10","244","","T","","analitica","","","PVP sales 1 (438300); Storica Analitica visura per immobile - Catasto Terreni."
"visura-storica","NO","NOVARA","10","245","","F","","analitica","","","PVP sales 1 (4567628); Storica Analitica visura per immobile - Catasto Fabbricati."
"visura-storica","NO","NOVARA","10","245","","T","","analitica","","","PVP sales 1 (4567628); Storica Analitica visura per immobile - Catasto Terreni."
"visura-storica","NO","NOVARA","10","246","","F","","analitica","","","PVP sales 1 (438300); Storica Analitica visura per immobile - Catasto Fabbricati."
"visura-storica","NO","NOVARA","10","246","","T","","analitica","","","PVP sales 1 (438300); Storica Analitica visura per immobile - Catasto Terreni."
"visura-storica","NO","NOVARA","10","3","2","F","","analitica","","","PVP sales 1 (438300); Storica Analitica visura per immobile - Catasto Fabbricati."
"visura-storica","NO","NOVARA","10","3","3","F","","analitica","","","PVP sales 1 (438300); Storica Analitica visura per immobile - Catasto Fabbricati."
"visura-storica","NO","NOVARA","10","4","","F","","analitica","","","PVP sales 1 (438300); Storica Analitica visura per immobile - Catasto Fabbricati."
"visura-storica","NO","NOVARA","10","4","","T","","analitica","","","PVP sales 1 (438300); Storica Analitica visura per immobile - Catasto Terreni."
"visura-storica","NO","NOVARA","10","97","","F","","analitica","","","PVP sales 1 (4567628); Storica Analitica visura per immobile - Catasto Fabbricati."
"visura-storica","NO","NOVARA","10","97","","T","","analitica","","","PVP sales 1 (4567628); Storica Analitica visura per immobile - Catasto Terreni."
"visura-storica","NO","NOVARA","112","76","8","F","","analitica","","","PVP sales 1 (2195053); Storica Analitica visura per immobile - Catasto Fabbricati."
"visura-storica","NO","NOVARA","115","39","19","F","","analitica","","","PVP sales 1 (2182185); Storica Analitica visura per immobile - Catasto Fabbricati."
"visura-storica","NO","NOVARA","116","1125","","F","","analitica","","","PVP sales 1 (1935871); Storica Analitica visura per immobile - Catasto Fabbricati."
"visura-storica","NO","NOVARA","116","1125","","T","","analitica","","","PVP sales 1 (1935871); Storica Analitica visura per immobile - Catasto Terreni."
"visura-storica","NO","NOVARA","116","949","10","F","","analitica","","","PVP sales 1 (1935871); Storica Analitica visura per immobile - Catasto Fabbricati."
"visura-storica","NO","NOVARA","116","949","9","F","","analitica","","","PVP sales 1 (1935871); Storica Analitica visura per immobile - Catasto Fabbricati."
"visura-storica","NO","NOVARA","117","978","","F","","analitica","","","PVP sales 1 (827453); Storica Analitica visura per immobile - Catasto Fabbricati."
"visura-storica","NO","NOVARA","117","978","","T","","analitica","","","PVP sales 1 (827453); Storica Analitica visura per immobile - Catasto Terreni."
"visura-storica","NO","NOVARA","129","513","12","F","","analitica","","","PVP sales 1 (471997); Storica Analitica visura per immobile - Catasto Fabbricati."
"visura-storica","NO","NOVARA","129","513","13","F","","analitica","","","PVP sales 1 (471997); Storica Analitica visura per immobile - Catasto Fabbricati."
"visura-storica","NO","NOVARA","129","513","17","F","","analitica","","","PVP sales 1 (471997); Storica Analitica visura per immobile - Catasto Fabbricati."
"visura-storica","NO","NOVARA","134","640","","F","","analitica","","","PVP sales 1 (4476903); Storica Analitica visura per immobile - Catasto Fabbricati."
"visura-storica","NO","NOVARA","134","640","","T","","analitica","","","PVP sales 1 (4476903); Storica Analitica visura per immobile - Catasto Terreni."
"visura-storica","NO","NOVARA","134","640","109","F","","analitica","","","PVP sales 1 (4476763); Storica Analitica visura per immobile - Catasto Fabbricati."
"visura-storica","NO","NOVARA","134","640","111","F","","analitica","","","PVP sales 1 (4476903); Storica Analitica visura per immobile - Catasto Fabbricati."
"visura-storica","NO","NOVARA","134","640","112","F","","analitica","","","PVP sales 1 (4476903); Storica Analitica visura per immobile - Catasto Fabbricati."
"visura-storica","NO","NOVARA","134","640","113","F","","analitica","","","PVP sales 1 (4477456); Storica Analitica visura per immobile - Catasto Fabbricati."
"visura-storica","NO","NOVARA","15","242","4","F","","analitica","","","PVP sales 1 (330918); Storica Analitica visura per immobile - Catasto Fabbricati."
"visura-storica","NO","NOVARA","15","326","1","F","","analitica","","","PVP sales 1 (330918); Storica Analitica visura per immobile - Catasto Fabbricati."
"visura-storica","NO","NOVARA","162","12830","42","F","","analitica","","","PVP sales 1 (1521658); Storica Analitica visura per immobile - Catasto Fabbricati."
"visura-storica","NO","NOVARA","162","167","24","F","","analitica","","","PVP sales 1 (2083438); Storica Analitica visura per immobile - Catasto Fabbricati."
"visura-storica","NO","NOVARA","163","14004","10","F","","analitica","","","PVP sales 1 (1942340); Storica Analitica visura per immobile - Catasto Fabbricati."
"visura-storica","NO","NOVARA","163","14004","12","F","","analitica","","","PVP sales 1 (1942340); Storica Analitica visura per immobile - Catasto Fabbricati."
"visura-storica","NO","NOVARA","163","14004","17","F","","analitica","","","PVP sales 1 (1942340); Storica Analitica visura per immobile - Catasto Fabbricati."
"visura-storica","NO","NOVARA","163","14004","50","F","","analitica","","","PVP sales 1 (1942340); Storica Analitica visura per immobile - Catasto Fabbricati."
"visura-storica","NO","NOVARA","164","14007","","F","","analitica","","","PVP sales 1 (265825); Storica Analitica visura per immobile - Catasto Fabbricati."
"visura-storica","NO","NOVARA","164","14007","","T","","analitica","","","PVP sales 1 (265825); Storica Analitica visura per immobile - Catasto Terreni."
"visura-storica","NO","NOVARA","165","10850","10","F","","analitica","","","PVP sales 2 (233645,404114); Storica Analitica visura per immobile - Catasto Fabbricati."
"visura-storica","NO","NOVARA","165","10850","3","F","","analitica","","","PVP sales 2 (233645,404114); Storica Analitica visura per immobile - Catasto Fabbricati."
"visura-storica","NO","NOVARA","166","13487","1","F","","analitica","","","PVP sales 1 (4224555); Storica Analitica visura per immobile - Catasto Fabbricati."
"visura-storica","NO","NOVARA","166","9547","157","F","","analitica","","","PVP sales 1 (4494378); Storica Analitica visura per immobile - Catasto Fabbricati."
"visura-storica","NO","NOVARA","167","11874","233","F","","analitica","","","PVP sales 1 (4565486); Storica Analitica visura per immobile - Catasto Fabbricati."
"visura-storica","NO","NOVARA","167","11874","239","F","","analitica","","","PVP sales 1 (4565486); Storica Analitica visura per immobile - Catasto Fabbricati."
"visura-storica","NO","NOVARA","167","11874","240","F","","analitica","","","PVP sales 1 (4565486); Storica Analitica visura per immobile - Catasto Fabbricati."
"visura-storica","NO","NOVARA","167","11874","7","F","","analitica","","","PVP sales 1 (1568888); Storica Analitica visura per immobile - Catasto Fabbricati."
"visura-storica","NO","NOVARA","167","13862","1","F","","analitica","","","PVP sales 1 (4221035); Storica Analitica visura per immobile - Catasto Fabbricati."
"visura-storica","NO","NOVARA","167","162","","F","","analitica","","","PVP sales 1 (4221035); Storica Analitica visura per immobile - Catasto Fabbricati."
"visura-storica","NO","NOVARA","167","162","","T","","analitica","","","PVP sales 1 (4221035); Storica Analitica visura per immobile - Catasto Terreni."
"visura-storica","NO","NOVARA","167","163","","F","","analitica","","","PVP sales 1 (4221035); Storica Analitica visura per immobile - Catasto Fabbricati."
"visura-storica","NO","NOVARA","167","163","","T","","analitica","","","PVP sales 1 (4221035); Storica Analitica visura per immobile - Catasto Terreni."
"visura-storica","NO","NOVARA","168","9316","11","F","","analitica","","","PVP sales 1 (4539436); Storica Analitica visura per immobile - Catasto Fabbricati."
"visura-storica","NO","NOVARA","168","9412","15","F","","analitica","","","PVP sales 1 (4538343); Storica Analitica visura per immobile - Catasto Fabbricati."
"visura-storica","NO","NOVARA","168","9412","17","F","","analitica","","","PVP sales 1 (4538378); Storica Analitica visura per immobile - Catasto Fabbricati."
"visura-storica","NO","NOVARA","168","9412","22","F","","analitica","","","PVP sales 1 (4538357); Storica Analitica visura per immobile - Catasto Fabbricati."
"visura-storica","NO","NOVARA","168","9412","36","F","","analitica","","","PVP sales 1 (4538399); Storica Analitica visura per immobile - Catasto Fabbricati."
"visura-storica","NO","NOVARA","168","9412","40","F","","analitica","","","PVP sales 1 (4538401); Storica Analitica visura per immobile - Catasto Fabbricati."
"visura-storica","NO","NOVARA","169","10313","18","F","","analitica","","","PVP sales 1 (291492); Storica Analitica visura per immobile - Catasto Fabbricati."
"visura-storica","NO","NOVARA","169","492","3","F","","analitica","","","PVP sales 1 (291492); Storica Analitica visura per immobile - Catasto Fabbricati."
"visura-storica","NO","NOVARA","18","9","1","F","","analitica","","","PVP sales 1 (4494681); Storica Analitica visura per immobile - Catasto Fabbricati."
"visura-storica","NO","NOVARA","18","9","2","F","","analitica","","","PVP sales 1 (4494681); Storica Analitica visura per immobile - Catasto Fabbricati."
"visura-storica","NO","NOVARA","19","20","","F","","analitica","","","PVP sales 2 (956504,1578712); Storica Analitica visura per immobile - Catasto Fabbricati."
"visura-storica","NO","NOVARA","19","243","","T","","analitica","","","PVP sales 1 (957294); Storica Analitica visura per immobile - Catasto Terreni."
"visura-storica","NO","NOVARA","19","267","","T","","analitica","","","PVP sales 1 (956510); Storica Analitica visura per immobile - Catasto Terreni."
"visura-storica","NO","NOVARA","19","339","1","F","","analitica","","","PVP sales 1 (956510); Storica Analitica visura per immobile - Catasto Fabbricati."
"visura-storica","NO","NOVARA","19","341","","F","","analitica","","","PVP sales 1 (956510); Storica Analitica visura per immobile - Catasto Fabbricati."
"visura-storica","NO","NOVARA","19","597","","F","","analitica","","","PVP sales 1 (956510); Storica Analitica visura per immobile - Catasto Fabbricati."
"visura-storica","NO","NOVARA","19","599","1","F","","analitica","","","PVP sales 1 (957294); Storica Analitica visura per immobile - Catasto Fabbricati."
"visura-storica","NO","NOVARA","19","599","2","F","","analitica","","","PVP sales 1 (957294); Storica Analitica visura per immobile - Catasto Fabbricati."
"visura-storica","NO","NOVARA","19","599","3","F","","analitica","","","PVP sales 1 (957294); Storica Analitica visura per immobile - Catasto Fabbricati."
"visura-storica","NO","NOVARA","19","599","4","F","","analitica","","","PVP sales 1 (957294); Storica Analitica visura per immobile - Catasto Fabbricati."
"visura-storica","NO","NOVARA","19","657","","F","","analitica","","","PVP sales 1 (956510); Storica Analitica visura per immobile - Catasto Fabbricati."
"visura-storica","NO","NOVARA","21","24","5","F","","analitica","","","PVP sales 2 (4277260,4462159); Storica Analitica visura per immobile - Catasto Fabbricati."
"visura-storica","NO","NOVARA","21","243","26","F","","analitica","","","PVP sales 5 (2016307,2076640,2214478,4298445,4384810); Storica Analitica visura per immobile - Catasto Fabbricati."
"visura-storica","NO","NOVARA","21","243","27","F","","analitica","","","PVP sales 5 (2016307,2076640,2214478,4298445,4384810); Storica Analitica visura per immobile - Catasto Fabbricati."
"visura-storica","NO","NOVARA","21","243","28","F","","analitica","","","PVP sales 5 (2016307,2076640,2214478,4298445,4384810); Storica Analitica visura per immobile - Catasto Fabbricati."
"visura-storica","NO","NOVARA","21","243","29","F","","analitica","","","PVP sales 5 (2016307,2076640,2214478,4298445,4384810); Storica Analitica visura per immobile - Catasto Fabbricati."
"visura-storica","NO","NOVARA","21","243","30","F","","analitica","","","PVP sales 5 (2016307,2076640,2214478,4298445,4384810); Storica Analitica visura per immobile - Catasto Fabbricati."
"visura-storica","NO","NOVARA","21","243","35","F","","analitica","","","PVP sales 5 (2016307,2076640,2214478,4298445,4384810); Storica Analitica visura per immobile - Catasto Fabbricati."
"visura-storica","NO","NOVARA","21","243","36","F","","analitica","","","PVP sales 5 (2016307,2076640,2214478,4298445,4384810); Storica Analitica visura per immobile - Catasto Fabbricati."
"visura-storica","NO","NOVARA","21","40","","F","","analitica","","","PVP sales 4 (2076631,2214467,4298465,4384819); Storica Analitica visura per immobile - Catasto Fabbricati."
"visura-storica","NO","NOVARA","21","40","","T","","analitica","","","PVP sales 4 (2076631,2214467,4298465,4384819); Storica Analitica visura per immobile - Catasto Terreni."
"visura-storica","NO","NOVARA","21","41","","F","","analitica","","","PVP sales 4 (2076631,2214467,4298465,4384819); Storica Analitica visura per immobile - Catasto Fabbricati."
"visura-storica","NO","NOVARA","21","41","","T","","analitica","","","PVP sales 4 (2076631,2214467,4298465,4384819); Storica Analitica visura per immobile - Catasto Terreni."
"visura-storica","NO","NOVARA","21","42","","F","","analitica","","","PVP sales 4 (2076631,2214467,4298465,4384819); Storica Analitica visura per immobile - Catasto Fabbricati."
"visura-storica","NO","NOVARA","21","42","","T","","analitica","","","PVP sales 4 (2076631,2214467,4298465,4384819); Storica Analitica visura per immobile - Catasto Terreni."
"visura-storica","NO","NOVARA","21","43","","F","","analitica","","","PVP sales 4 (2076631,2214467,4298465,4384819); Storica Analitica visura per immobile - Catasto Fabbricati."
"visura-storica","NO","NOVARA","21","43","","T","","analitica","","","PVP sales 4 (2076631,2214467,4298465,4384819); Storica Analitica visura per immobile - Catasto Terreni."
"visura-storica","NO","NOVARA","21","458","1","F","","analitica","","","PVP sales 5 (2016307,2076640,2214478,4298445,4384810); Storica Analitica visura per immobile - Catasto Fabbricati."
"visura-storica","NO","NOVARA","21","458","2","F","","analitica","","","PVP sales 5 (2016307,2076640,2214478,4298445,4384810); Storica Analitica visura per immobile - Catasto Fabbricati."
"visura-storica","NO","NOVARA","21","484","","F","","analitica","","","PVP sales 4 (2076631,2214467,4298465,4384819); Storica Analitica visura per immobile - Catasto Fabbricati."
"visura-storica","NO","NOVARA","21","484","","T","","analitica","","","PVP sales 4 (2076631,2214467,4298465,4384819); Storica Analitica visura per immobile - Catasto Terreni."
"visura-storica","NO","NOVARA","21","487","","F","","analitica","","","PVP sales 4 (2076631,2214467,4298465,4384819); Storica Analitica visura per immobile - Catasto Fabbricati."
"visura-storica","NO","NOVARA","21","487","","T","","analitica","","","PVP sales 4 (2076631,2214467,4298465,4384819); Storica Analitica visura per immobile - Catasto Terreni."
"visura-storica","NO","NOVARA","21","490","","F","","analitica","","","PVP sales 3 (2214467,4298465,4384819); Storica Analitica visura per immobile - Catasto Fabbricati."
"visura-storica","NO","NOVARA","21","490","","T","","analitica","","","PVP sales 3 (2214467,4298465,4384819); Storica Analitica visura per immobile - Catasto Terreni."
"visura-storica","NO","NOVARA","21","490EX","","F","","analitica","","","PVP sales 1 (2076631); Storica Analitica visura per immobile - Catasto Fabbricati."
"visura-storica","NO","NOVARA","21","490EX","","T","","analitica","","","PVP sales 1 (2076631); Storica Analitica visura per immobile - Catasto Terreni."
"visura-storica","NO","NOVARA","21","499","","F","","analitica","","","PVP sales 4 (2076631,2214467,4298465,4384819); Storica Analitica visura per immobile - Catasto Fabbricati."
"visura-storica","NO","NOVARA","21","499","","T","","analitica","","","PVP sales 4 (2076631,2214467,4298465,4384819); Storica Analitica visura per immobile - Catasto Terreni."
"visura-storica","NO","NOVARA","21","502","","F","","analitica","","","PVP sales 4 (2076631,2214467,4298465,4384819); Storica Analitica visura per immobile - Catasto Fabbricati."
"visura-storica","NO","NOVARA","21","502","","T","","analitica","","","PVP sales 4 (2076631,2214467,4298465,4384819); Storica Analitica visura per immobile - Catasto Terreni."
"visura-storica","NO","NOVARA","21","505","","F","","analitica","","","PVP sales 4 (2076631,2214467,4298465,4384819); Storica Analitica visura per immobile - Catasto Fabbricati."
"visura-storica","NO","NOVARA","21","505","","T","","analitica","","","PVP sales 4 (2076631,2214467,4298465,4384819); Storica Analitica visura per immobile - Catasto Terreni."
"visura-storica","NO","NOVARA","21","506","","F","","analitica","","","PVP sales 4 (2076631,2214467,4298465,4384819); Storica Analitica visura per immobile - Catasto Fabbricati."
"visura-storica","NO","NOVARA","21","506","","T","","analitica","","","PVP sales 4 (2076631,2214467,4298465,4384819); Storica Analitica visura per immobile - Catasto Terreni."
"visura-storica","NO","NOVARA","21","507","","F","","analitica","","","PVP sales 4 (2076631,2214467,4298465,4384819); Storica Analitica visura per immobile - Catasto Fabbricati."
"visura-storica","NO","NOVARA","21","507","","T","","analitica","","","PVP sales 4 (2076631,2214467,4298465,4384819); Storica Analitica visura per immobile - Catasto Terreni."
"visura-storica","NO","NOVARA","21","508","","F","","analitica","","","PVP sales 4 (2076631,2214467,4298465,4384819); Storica Analitica visura per immobile - Catasto Fabbricati."
"visura-storica","NO","NOVARA","21","508","","T","","analitica","","","PVP sales 4 (2076631,2214467,4298465,4384819); Storica Analitica visura per immobile - Catasto Terreni."
"visura-storica","NO","NOVARA","22","1164","","F","","analitica","","","PVP sales 4 (2076631,2214467,4298465,4384819); Storica Analitica visura per immobile - Catasto Fabbricati."
"visura-storica","NO","NOVARA","22","1164","","T","","analitica","","","PVP sales 4 (2076631,2214467,4298465,4384819); Storica Analitica visura per immobile - Catasto Terreni."
"visura-storica","NO","NOVARA","22","1521","6","F","","analitica","","","PVP sales 1 (1635184); Storica Analitica visura per immobile - Catasto Fabbricati."
"visura-storica","NO","NOVARA","22","475","5","F","","analitica","","","PVP sales 1 (4531792); Storica Analitica visura per immobile - Catasto Fabbricati."
"visura-storica","NO","NOVARA","33","51","","F","","analitica","","","PVP sales 1 (575932); Storica Analitica visura per immobile - Catasto Fabbricati."
"visura-storica","NO","NOVARA","33","51","","T","","analitica","","","PVP sales 1 (575932); Storica Analitica visura per immobile - Catasto Terreni."
"visura-storica","NO","NOVARA","33","51","1","F","","analitica","","","PVP sales 2 (493407,575932); Storica Analitica visura per immobile - Catasto Fabbricati."
"visura-storica","NO","NOVARA","35","726","1","F","","analitica","","","PVP sales 1 (960476); Storica Analitica visura per immobile - Catasto Fabbricati."
"visura-storica","NO","NOVARA","35","726","4","F","","analitica","","","PVP sales 1 (960476); Storica Analitica visura per immobile - Catasto Fabbricati."
"visura-storica","NO","NOVARA","35","726","5","F","","analitica","","","PVP sales 1 (960476); Storica Analitica visura per immobile - Catasto Fabbricati."
"visura-storica","NO","NOVARA","35","727","","T","","analitica","","","PVP sales 1 (960476); Storica Analitica visura per immobile - Catasto Terreni."
"visura-storica","NO","NOVARA","37","1707","41","F","","analitica","","","PVP sales 1 (4244468); Storica Analitica visura per immobile - Catasto Fabbricati."
"visura-storica","NO","NOVARA","37","1707","82","F","","analitica","","","PVP sales 1 (4244468); Storica Analitica visura per immobile - Catasto Fabbricati."
"visura-storica","NO","NOVARA","37","1793","6","F","","analitica","","","PVP sales 1 (4529385); Storica Analitica visura per immobile - Catasto Fabbricati."
"visura-storica","NO","NOVARA","37","2056","","F","","analitica","","","PVP sales 1 (4222369); Storica Analitica visura per immobile - Catasto Fabbricati."
"visura-storica","NO","NOVARA","37","2056","","T","","analitica","","","PVP sales 1 (4222369); Storica Analitica visura per immobile - Catasto Terreni."
"visura-storica","NO","NOVARA","37","2056","41","F","","analitica","","","PVP sales 3 (2092127,2162724,4260719); Storica Analitica visura per immobile - Catasto Fabbricati."
"visura-storica","NO","NOVARA","37","276","","F","","analitica","","","PVP sales 1 (1895034); Storica Analitica visura per immobile - Catasto Fabbricati."
"visura-storica","NO","NOVARA","37","276","","T","","analitica","","","PVP sales 1 (1895034); Storica Analitica visura per immobile - Catasto Terreni."
"visura-storica","NO","NOVARA","37","398","7","F","","analitica","","","PVP sales 2 (292952,430148); Storica Analitica visura per immobile - Catasto Fabbricati."
"visura-storica","NO","NOVARA","37","398","8","F","","analitica","","","PVP sales 2 (292952,430148); Storica Analitica visura per immobile - Catasto Fabbricati."
"visura-storica","NO","NOVARA","37","490","12","F","","analitica","","","PVP sales 1 (2130533); Storica Analitica visura per immobile - Catasto Fabbricati."
"visura-storica","NO","NOVARA","37","490","13","F","","analitica","","","PVP sales 1 (2130533); Storica Analitica visura per immobile - Catasto Fabbricati."
"visura-storica","NO","NOVARA","37","490","14","F","","analitica","","","PVP sales 1 (2130533); Storica Analitica visura per immobile - Catasto Fabbricati."
"visura-storica","NO","NOVARA","37","549","14","F","","analitica","","","PVP sales 1 (4529385); Storica Analitica visura per immobile - Catasto Fabbricati."
"visura-storica","NO","NOVARA","37","578","2","F","","analitica","","","PVP sales 1 (4559792); Storica Analitica visura per immobile - Catasto Fabbricati."
"visura-storica","NO","NOVARA","38","1057","21","F","","analitica","","","PVP sales 1 (316377); Storica Analitica visura per immobile - Catasto Fabbricati."
"visura-storica","NO","NOVARA","38","161","41","F","","analitica","","","PVP sales 1 (2098821); Storica Analitica visura per immobile - Catasto Fabbricati."
"visura-storica","NO","NOVARA","38","161","42","F","","analitica","","","PVP sales 1 (2098821); Storica Analitica visura per immobile - Catasto Fabbricati."
"visura-storica","NO","NOVARA","38","161","43","F","","analitica","","","PVP sales 1 (2098821); Storica Analitica visura per immobile - Catasto Fabbricati."
"visura-storica","NO","NOVARA","38","75","7","F","","analitica","","","PVP sales 1 (4545827); Storica Analitica visura per immobile - Catasto Fabbricati."
"visura-storica","NO","NOVARA","38","823","2","F","","analitica","","","PVP sales 1 (291456); Storica Analitica visura per immobile - Catasto Fabbricati."
"visura-storica","NO","NOVARA","39","651","","F","","analitica","","","PVP sales 4 (2076631,2214467,4298465,4384819); Storica Analitica visura per immobile - Catasto Fabbricati."
"visura-storica","NO","NOVARA","39","651","","T","","analitica","","","PVP sales 4 (2076631,2214467,4298465,4384819); Storica Analitica visura per immobile - Catasto Terreni."
"visura-storica","NO","NOVARA","43","783","","F","","analitica","","","PVP sales 1 (4548695); Storica Analitica visura per immobile - Catasto Fabbricati."
"visura-storica","NO","NOVARA","43","783","","T","","analitica","","","PVP sales 1 (4548695); Storica Analitica visura per immobile - Catasto Terreni."
"visura-storica","NO","NOVARA","43","814","","F","","analitica","","","PVP sales 1 (4548695); Storica Analitica visura per immobile - Catasto Fabbricati."
"visura-storica","NO","NOVARA","43","814","","T","","analitica","","","PVP sales 1 (4548695); Storica Analitica visura per immobile - Catasto Terreni."
"visura-storica","NO","NOVARA","44","1041","24","F","","analitica","","","PVP sales 1 (495135); Storica Analitica visura per immobile - Catasto Fabbricati."
"visura-storica","NO","NOVARA","49","29","16","F","","analitica","","","PVP sales 1 (4500027); Storica Analitica visura per immobile - Catasto Fabbricati."
"visura-storica","NO","NOVARA","49","29","17","F","","analitica","","","PVP sales 1 (4500027); Storica Analitica visura per immobile - Catasto Fabbricati."
"visura-storica","NO","NOVARA","49","29","29","F","","analitica","","","PVP sales 1 (4500027); Storica Analitica visura per immobile - Catasto Fabbricati."
"visura-storica","NO","NOVARA","49","337","8","F","","analitica","","","PVP sales 1 (4542271); Storica Analitica visura per immobile - Catasto Fabbricati."
"visura-storica","NO","NOVARA","49","48","108","F","","analitica","","","PVP sales 1 (4411442); Storica Analitica visura per immobile - Catasto Fabbricati."
"visura-storica","NO","NOVARA","49","48","59","F","","analitica","","","PVP sales 1 (4411442); Storica Analitica visura per immobile - Catasto Fabbricati."
"visura-storica","NO","NOVARA","49","48","68","F","","analitica","","","PVP sales 1 (4411442); Storica Analitica visura per immobile - Catasto Fabbricati."
"visura-storica","NO","NOVARA","5","176","","F","","analitica","","","PVP sales 2 (1686603,1876894); Storica Analitica visura per immobile - Catasto Fabbricati."
"visura-storica","NO","NOVARA","5","176","","T","","analitica","","","PVP sales 2 (1686603,1876894); Storica Analitica visura per immobile - Catasto Terreni."
"visura-storica","NO","NOVARA","5","177","","F","","analitica","","","PVP sales 2 (1686603,1876894); Storica Analitica visura per immobile - Catasto Fabbricati."
"visura-storica","NO","NOVARA","5","177","","T","","analitica","","","PVP sales 2 (1686603,1876894); Storica Analitica visura per immobile - Catasto Terreni."
"visura-storica","NO","NOVARA","50","1338","99","F","","analitica","","","PVP sales 1 (4536431); Storica Analitica visura per immobile - Catasto Fabbricati."
"visura-storica","NO","NOVARA","50","702","7","F","","analitica","","","PVP sales 1 (2242548); Storica Analitica visura per immobile - Catasto Fabbricati."
"visura-storica","NO","NOVARA","50","902","1","F","","analitica","","","PVP sales 1 (433591); Storica Analitica visura per immobile - Catasto Fabbricati."
"visura-storica","NO","NOVARA","50","902","2","F","","analitica","","","PVP sales 1 (433591); Storica Analitica visura per immobile - Catasto Fabbricati."
"visura-storica","NO","NOVARA","52","402","","F","","analitica","","","PVP sales 1 (4496376); Storica Analitica visura per immobile - Catasto Fabbricati."
"visura-storica","NO","NOVARA","52","402","","T","","analitica","","","PVP sales 1 (4496376); Storica Analitica visura per immobile - Catasto Terreni."
"visura-storica","NO","NOVARA","74","1086","6","F","","analitica","","","PVP sales 1 (1694596); Storica Analitica visura per immobile - Catasto Fabbricati."
"visura-storica","NO","NOVARA","74","1362","18","F","","analitica","","","PVP sales 1 (4268318); Storica Analitica visura per immobile - Catasto Fabbricati."
"visura-storica","NO","NOVARA","74","197","19","F","","analitica","","","PVP sales 1 (1694665); Storica Analitica visura per immobile - Catasto Fabbricati."
"visura-storica","NO","NOVARA","74","197","4","F","","analitica","","","PVP sales 1 (1694665); Storica Analitica visura per immobile - Catasto Fabbricati."
"visura-storica","NO","NOVARA","74","775","17","F","","analitica","","","PVP sales 1 (4563217); Storica Analitica visura per immobile - Catasto Fabbricati."
"visura-storica","NO","NOVARA","74","775","8","F","","analitica","","","PVP sales 1 (4563217); Storica Analitica visura per immobile - Catasto Fabbricati."
"visura-storica","NO","NOVARA","75","1003","5","F","","analitica","","","PVP sales 1 (4556325); Storica Analitica visura per immobile - Catasto Fabbricati."
"visura-storica","NO","NOVARA","75","1086","14","F","","analitica","","","PVP sales 1 (4432581); Storica Analitica visura per immobile - Catasto Fabbricati."
"visura-storica","NO","NOVARA","75","1317","15","F","","analitica","","","PVP sales 1 (1938900); Storica Analitica visura per immobile - Catasto Fabbricati."
"visura-storica","NO","NOVARA","75","1512","2","F","","analitica","","","PVP sales 1 (4556325); Storica Analitica visura per immobile - Catasto Fabbricati."
"visura-storica","NO","NOVARA","75","1565","2","F","","analitica","","","PVP sales 1 (2091437); Storica Analitica visura per immobile - Catasto Fabbricati."
"visura-storica","NO","NOVARA","75","1565","3","F","","analitica","","","PVP sales 1 (2091437); Storica Analitica visura per immobile - Catasto Fabbricati."
"visura-storica","NO","NOVARA","75","1583","14","F","","analitica","","","PVP sales 1 (4536698); Storica Analitica visura per immobile - Catasto Fabbricati."
"visura-storica","NO","NOVARA","75","295","3","F","","analitica","","","PVP sales 1 (1747265); Storica Analitica visura per immobile - Catasto Fabbricati."
"visura-storica","NO","NOVARA","75","299","8","F","","analitica","","","PVP sales 1 (4432629); Storica Analitica visura per immobile - Catasto Fabbricati."
"visura-storica","NO","NOVARA","75","688","","F","","analitica","","","PVP sales 1 (2122649); Storica Analitica visura per immobile - Catasto Fabbricati."
"visura-storica","NO","NOVARA","75","688","","T","","analitica","","","PVP sales 1 (2122649); Storica Analitica visura per immobile - Catasto Terreni."
"visura-storica","NO","NOVARA","75","815","29","F","","analitica","","","PVP sales 1 (4240936); Storica Analitica visura per immobile - Catasto Fabbricati."
"visura-storica","NO","NOVARA","75","815","32","F","","analitica","","","PVP sales 1 (4240880); Storica Analitica visura per immobile - Catasto Fabbricati."
"visura-storica","NO","NOVARA","75","815","33","F","","analitica","","","PVP sales 1 (4240936); Storica Analitica visura per immobile - Catasto Fabbricati."
"visura-storica","NO","NOVARA","75","815","34","F","","analitica","","","PVP sales 1 (4240880); Storica Analitica visura per immobile - Catasto Fabbricati."
"visura-storica","NO","NOVARA","75","815","35","F","","analitica","","","PVP sales 1 (4240880); Storica Analitica visura per immobile - Catasto Fabbricati."
"visura-storica","NO","NOVARA","76","243","9","F","","analitica","","","PVP sales 1 (1658945); Storica Analitica visura per immobile - Catasto Fabbricati."
"visura-storica","NO","NOVARA","76","640","3","F","","analitica","","","PVP sales 1 (745786); Storica Analitica visura per immobile - Catasto Fabbricati."
"visura-storica","NO","NOVARA","76","640","6","F","","analitica","","","PVP sales 1 (745786); Storica Analitica visura per immobile - Catasto Fabbricati."
"visura-storica","NO","NOVARA","76","700","4","F","","analitica","","","PVP sales 1 (1658945); Storica Analitica visura per immobile - Catasto Fabbricati."
"visura-storica","NO","NOVARA","77","100","13","F","","analitica","","","PVP sales 1 (510183); Storica Analitica visura per immobile - Catasto Fabbricati."
"visura-storica","NO","NOVARA","77","1042","","F","","analitica","","","PVP sales 1 (2081175); Storica Analitica visura per immobile - Catasto Fabbricati."
"visura-storica","NO","NOVARA","77","1042","","T","","analitica","","","PVP sales 1 (2081175); Storica Analitica visura per immobile - Catasto Terreni."
"visura-storica","NO","NOVARA","77","1043","26","F","","analitica","","","PVP sales 1 (1651662); Storica Analitica visura per immobile - Catasto Fabbricati."
"visura-storica","NO","NOVARA","77","1081","40","F","","analitica","","","PVP sales 1 (2095072); Storica Analitica visura per immobile - Catasto Fabbricati."
"visura-storica","NO","NOVARA","77","18","6","F","","analitica","","","PVP sales 1 (4500107); Storica Analitica visura per immobile - Catasto Fabbricati."
"visura-storica","NO","NOVARA","77","18","7","F","","analitica","","","PVP sales 1 (641172); Storica Analitica visura per immobile - Catasto Fabbricati."
"visura-storica","NO","NOVARA","77","196","100","F","","analitica","","","PVP sales 1 (4477504); Storica Analitica visura per immobile - Catasto Fabbricati."
"visura-storica","NO","NOVARA","77","196","110","F","","analitica","","","PVP sales 1 (4477504); Storica Analitica visura per immobile - Catasto Fabbricati."
"visura-storica","NO","NOVARA","77","196","114","F","","analitica","","","PVP sales 1 (4477504); Storica Analitica visura per immobile - Catasto Fabbricati."
"visura-storica","NO","NOVARA","77","196","5","F","","analitica","","","PVP sales 1 (4477504); Storica Analitica visura per immobile - Catasto Fabbricati."
"visura-storica","NO","NOVARA","77","196","96","F","","analitica","","","PVP sales 1 (4477504); Storica Analitica visura per immobile - Catasto Fabbricati."
"visura-storica","NO","NOVARA","77","39","49","F","","analitica","","","PVP sales 1 (296018); Storica Analitica visura per immobile - Catasto Fabbricati."
"visura-storica","NO","NOVARA","77","478","10","F","","analitica","","","PVP sales 1 (808065); Storica Analitica visura per immobile - Catasto Fabbricati."
"visura-storica","NO","NOVARA","77","478","12","F","","analitica","","","PVP sales 1 (4539804); Storica Analitica visura per immobile - Catasto Fabbricati."
"visura-storica","NO","NOVARA","77","658","97","F","","analitica","","","PVP sales 1 (495238); Storica Analitica visura per immobile - Catasto Fabbricati."
"visura-storica","NO","NOVARA","79","35","1","F","","analitica","","","PVP sales 1 (1707657); Storica Analitica visura per immobile - Catasto Fabbricati."
"visura-storica","NO","NOVARA","86","479","","F","","analitica","","","PVP sales 1 (2083930); Storica Analitica visura per immobile - Catasto Fabbricati."
"visura-storica","NO","NOVARA","86","479","","T","","analitica","","","PVP sales 1 (2083930); Storica Analitica visura per immobile - Catasto Terreni."
"visura-storica","NO","NOVARA","94","532","18","F","","analitica","","","PVP sales 1 (1996092); Storica Analitica visura per immobile - Catasto Fabbricati."
"visura-storica","NO","NOVARA","94","532","6","F","","analitica","","","PVP sales 1 (1996092); Storica Analitica visura per immobile - Catasto Fabbricati."
"visura-storica","NO","NOVARA","94","532","7","F","","analitica","","","PVP sales 1 (1996092); Storica Analitica visura per immobile - Catasto Fabbricati."
"visura-storica","NO","NOVARA","94","538","","F","","analitica","","","PVP sales 1 (1996092); Storica Analitica visura per immobile - Catasto Fabbricati."
"visura-storica","NO","NOVARA","94","538","","T","","analitica","","","PVP sales 1 (1996092); Storica Analitica visura per immobile - Catasto Terreni."
"visura-storica","NO","NOVARA","96","421","16","F","","analitica","","","PVP sales 1 (4523879); Storica Analitica visura per immobile - Catasto Fabbricati."
"visura-storica","NO","NOVARA","96","579","13","F","","analitica","","","PVP sales 1 (300793); Storica Analitica visura per immobile - Catasto Fabbricati."
"visura-storica","NO","NOVARA","96","579","26","F","","analitica","","","PVP sales 1 (300793); Storica Analitica visura per immobile - Catasto Fabbricati."
"visura-storica","NO","NOVARA","97","1026","17","F","","analitica","","","PVP sales 1 (890650); Storica Analitica visura per immobile - Catasto Fabbricati."
"visura-storica","NO","NOVARA","97","1094","28","F","","analitica","","","PVP sales 1 (522261); Storica Analitica visura per immobile - Catasto Fabbricati."
"visura-storica","NO","NOVARA","97","223","43","F","","analitica","","","PVP sales 2 (487674,968812); Storica Analitica visura per immobile - Catasto Fabbricati."
"visura-storica","NO","NOVARA","97","223","49","F","","analitica","","","PVP sales 1 (968817); Storica Analitica visura per immobile - Catasto Fabbricati."
"visura-storica","NO","NOVARA","97","631","","F","","analitica","","","PVP sales 1 (2099436); Storica Analitica visura per immobile - Catasto Fabbricati."
"visura-storica","NO","NOVARA","97","631","","T","","analitica","","","PVP sales 1 (2099436); Storica Analitica visura per immobile - Catasto Terreni."
"visura-storica","NO","NOVARA","97","767","10","F","","analitica","","","PVP sales 1 (4541072); Storica Analitica visura per immobile - Catasto Fabbricati."
"visura-storica","NO","NOVARA","97","769","7","F","","analitica","","","PVP sales 1 (4541072); Storica Analitica visura per immobile - Catasto Fabbricati."
"visura-storica","NO","NOVARA","97","932","","F","","analitica","","","PVP sales 1 (890650); Storica Analitica visura per immobile - Catasto Fabbricati."
"visura-storica","NO","NOVARA","97","932","","T","","analitica","","","PVP sales 1 (890650); Storica Analitica visura per immobile - Catasto Terreni."
"visura-storica","NO","NOVARA","97","962","16","F","","analitica","","","PVP sales 1 (2084875); Storica Analitica visura per immobile - Catasto Fabbricati."
"visura-storica","NO","NOVARA","97","962","23","F","","analitica","","","PVP sales 1 (2084875); Storica Analitica visura per immobile - Catasto Fabbricati."
"visura-storica","NO","NOVARA","97","962","92","F","","analitica","","","PVP sales 1 (2084875); Storica Analitica visura per immobile - Catasto Fabbricati."
"visura-storica","NO","NOVARA","97","974","18","F","","analitica","","","PVP sales 1 (617485); Storica Analitica visura per immobile - Catasto Fabbricati."
"visura-storica","NO","NOVARA","97","974","30","F","","analitica","","","PVP sales 1 (617485); Storica Analitica visura per immobile - Catasto Fabbricati."
"visura-storica","NO","NOVARA","98","419","","T","","analitica","","","PVP sales 1 (959037); Storica Analitica visura per immobile - Catasto Terreni."
"visura-storica","NO","NOVARA","98","419","14","F","","analitica","","","PVP sales 1 (959037); Storica Analitica visura per immobile - Catasto Fabbricati."
"visura-storica","NO","NOVARA","98","419","17","F","","analitica","","","PVP sales 1 (959037); Storica Analitica visura per immobile - Catasto Fabbricati."
"visura-storica","NO","NOVARA","98","419","18","F","","analitica","","","PVP sales 1 (959037); Storica Analitica visura per immobile - Catasto Fabbricati."
"visura-storica","NO","NOVARA","98","422","22","F","","analitica","","","PVP sales 1 (2155923); Storica Analitica visura per immobile - Catasto Fabbricati."
"visura-storica","NO","NOVARA","98","422","72","F","","analitica","","","PVP sales 1 (2155923); Storica Analitica visura per immobile - Catasto Fabbricati."
"visura-storica","NO","NOVARA","99","451","46","F","","analitica","","","PVP sales 1 (511640); Storica Analitica visura per immobile - Catasto Fabbricati."
"visura-storica","NO","NOVARA","99","451","49","F","","analitica","","","PVP sales 1 (511640); Storica Analitica visura per immobile - Catasto Fabbricati."
"visura-storica","NO","NOVARA","99","548","61","F","","analitica","","","PVP sales 1 (4506776); Storica Analitica visura per immobile - Catasto Fabbricati."
"visura-storica","NO","NOVARA","99","548","71","F","","analitica","","","PVP sales 1 (4506776); Storica Analitica visura per immobile - Catasto Fabbricati."
"visura-storica","NO","NOVARA","99","761","","T","","analitica","","","PVP sales 1 (959037); Storica Analitica visura per immobile - Catasto Terreni."
"visura-storica","NO","OLEGGIO","1","208","12","F","","analitica","","","PVP sales 1 (1997970); Storica Analitica visura per immobile - Catasto Fabbricati."
"visura-storica","NO","OLEGGIO","19","961","10","F","","analitica","","","PVP sales 2 (651551,838920); Storica Analitica visura per immobile - Catasto Fabbricati."
"visura-storica","NO","OLEGGIO","19","961","5","F","","analitica","","","PVP sales 2 (651551,838920); Storica Analitica visura per immobile - Catasto Fabbricati."
"visura-storica","NO","OLEGGIO","35","326","1","F","","analitica","","","PVP sales 1 (4423463); Storica Analitica visura per immobile - Catasto Fabbricati."
"visura-storica","NO","OLEGGIO","35","326","2","F","","analitica","","","PVP sales 1 (4423463); Storica Analitica visura per immobile - Catasto Fabbricati."
"visura-storica","NO","OLEGGIO","35","327","10","F","","analitica","","","PVP sales 1 (4457704); Storica Analitica visura per immobile - Catasto Fabbricati."
"visura-storica","NO","OLEGGIO","35","327","4","F","","analitica","","","PVP sales 1 (4457704); Storica Analitica visura per immobile - Catasto Fabbricati."
"visura-storica","NO","OLEGGIO","35","327","6","F","","analitica","","","PVP sales 1 (4457704); Storica Analitica visura per immobile - Catasto Fabbricati."
"visura-storica","NO","OLEGGIO","35","327","7","F","","analitica","","","PVP sales 1 (4457704); Storica Analitica visura per immobile - Catasto Fabbricati."
"visura-storica","NO","OLEGGIO","35","327","8","F","","analitica","","","PVP sales 1 (4457704); Storica Analitica visura per immobile - Catasto Fabbricati."
"visura-storica","NO","OLEGGIO","35","327","9","F","","analitica","","","PVP sales 1 (4457704); Storica Analitica visura per immobile - Catasto Fabbricati."
"visura-storica","NO","OLEGGIO","35","91","2","F","","analitica","","","PVP sales 1 (4423463); Storica Analitica visura per immobile - Catasto Fabbricati."
"visura-storica","NO","OLEGGIO","35","91","4","F","","analitica","","","PVP sales 1 (4423463); Storica Analitica visura per immobile - Catasto Fabbricati."
"visura-storica","NO","OLEGGIO","38","349","3","F","","analitica","","","PVP sales 2 (4457463,4512620); Storica Analitica visura per immobile - Catasto Fabbricati."
"visura-storica","NO","OLEGGIO","38","349","4","F","","analitica","","","PVP sales 2 (4404498,4512430); Storica Analitica visura per immobile - Catasto Fabbricati."
"visura-storica","NO","OLEGGIO","38","349","5","F","","analitica","","","PVP sales 1 (4538835); Storica Analitica visura per immobile - Catasto Fabbricati."
"visura-storica","NO","OLEGGIO","38","349","6","F","","analitica","","","PVP sales 2 (4457414,4512551); Storica Analitica visura per immobile - Catasto Fabbricati."
"visura-storica","NO","OLEGGIO","38","349","8","F","","analitica","","","PVP sales 1 (4538835); Storica Analitica visura per immobile - Catasto Fabbricati."
"visura-storica","NO","OLEGGIO","38","349","9","F","","analitica","","","PVP sales 1 (4538835); Storica Analitica visura per immobile - Catasto Fabbricati."
"visura-storica","NO","OLEGGIO","38","8795","20","F","","analitica","","","PVP sales 3 (651443,773338,889490); Storica Analitica visura per immobile - Catasto Fabbricati."
"visura-storica","NO","OLEGGIO","38","8795","21","F","","analitica","","","PVP sales 3 (651443,773338,889490); Storica Analitica visura per immobile - Catasto Fabbricati."
"visura-storica","NO","OLEGGIO","38","9704","40","F","","analitica","","","PVP sales 1 (381969); Storica Analitica visura per immobile - Catasto Fabbricati."
"visura-storica","NO","OLEGGIO","4","226","","F","","analitica","","","PVP sales 2 (444991,568223); Storica Analitica visura per immobile - Catasto Fabbricati."
"visura-storica","NO","OLEGGIO","4","226","","T","","analitica","","","PVP sales 2 (444991,568223); Storica Analitica visura per immobile - Catasto Terreni."
"visura-storica","NO","OLEGGIO","4","226","1","F","","analitica","","","PVP sales 2 (444991,568223); Storica Analitica visura per immobile - Catasto Fabbricati."
"visura-storica","NO","OLEGGIO","4","226","2","F","","analitica","","","PVP sales 2 (444991,568223); Storica Analitica visura per immobile - Catasto Fabbricati."
"visura-storica","NO","OLEGGIO","4","226","3","F","","analitica","","","PVP sales 1 (444991); Storica Analitica visura per immobile - Catasto Fabbricati."
"visura-storica","NO","OLEGGIO","4","227","","F","","analitica","","","PVP sales 2 (444991,568223); Storica Analitica visura per immobile - Catasto Fabbricati."
"visura-storica","NO","OLEGGIO","4","227","","T","","analitica","","","PVP sales 2 (444991,568223); Storica Analitica visura per immobile - Catasto Terreni."
"visura-storica","NO","OLEGGIO","40","1078","15","F","","analitica","","","PVP sales 1 (243905); Storica Analitica visura per immobile - Catasto Fabbricati."
"visura-storica","NO","OLEGGIO","40","1078","16","F","","analitica","","","PVP sales 1 (243905); Storica Analitica visura per immobile - Catasto Fabbricati."
"visura-storica","NO","OLEGGIO","40","1079","","F","","analitica","","","PVP sales 1 (243905); Storica Analitica visura per immobile - Catasto Fabbricati."
"visura-storica","NO","OLEGGIO","40","1079","","T","","analitica","","","PVP sales 1 (243905); Storica Analitica visura per immobile - Catasto Terreni."
"visura-storica","NO","OLEGGIO","42","430","1","F","","analitica","","","PVP sales 1 (4248075); Storica Analitica visura per immobile - Catasto Fabbricati."
"visura-storica","NO","OLEGGIO","42","430","2","F","","analitica","","","PVP sales 1 (4248075); Storica Analitica visura per immobile - Catasto Fabbricati."
"visura-storica","NO","OLEGGIO","42","430","3","F","","analitica","","","PVP sales 1 (4248075); Storica Analitica visura per immobile - Catasto Fabbricati."
"visura-storica","NO","OLEGGIO","42","430","4","F","","analitica","","","PVP sales 1 (4248075); Storica Analitica visura per immobile - Catasto Fabbricati."
"visura-storica","NO","OLEGGIO","42","450","12","F","","analitica","","","PVP sales 2 (4453839,4516069); Storica Analitica visura per immobile - Catasto Fabbricati."
"visura-storica","NO","OLEGGIO","42","450","8","F","","analitica","","","PVP sales 2 (4453839,4516069); Storica Analitica visura per immobile - Catasto Fabbricati."
"visura-storica","NO","OLEGGIO","42","450","9","F","","analitica","","","PVP sales 2 (4453839,4516069); Storica Analitica visura per immobile - Catasto Fabbricati."
"visura-storica","NO","OLEGGIO","56","436","","F","","analitica","","","PVP sales 1 (4553238); Storica Analitica visura per immobile - Catasto Fabbricati."
"visura-storica","NO","OLEGGIO","56","436","","T","","analitica","","","PVP sales 1 (4553238); Storica Analitica visura per immobile - Catasto Terreni."
"visura-storica","NO","OLEGGIO CASTELLO","5","1171","2","F","","analitica","","","PVP sales 1 (1584397); Storica Analitica visura per immobile - Catasto Fabbricati."
"visura-storica","NO","OLEGGIO CASTELLO","5","1171","3","F","","analitica","","","PVP sales 1 (1584397); Storica Analitica visura per immobile - Catasto Fabbricati."
"visura-storica","NO","OLEGGIO CASTELLO","5","1172","2","F","","analitica","","","PVP sales 1 (1416128); Storica Analitica visura per immobile - Catasto Fabbricati."
"visura-storica","NO","OLEGGIO CASTELLO","5","1172","3","F","","analitica","","","PVP sales 1 (1416128); Storica Analitica visura per immobile - Catasto Fabbricati."
"visura-storica","NO","PARUZZARO","21","492","","F","","analitica","","","PVP sales 1 (4273510); Storica Analitica visura per immobile - Catasto Fabbricati."
"visura-storica","NO","PARUZZARO","21","492","","T","","analitica","","","PVP sales 1 (4273510); Storica Analitica visura per immobile - Catasto Terreni."
"visura-storica","NO","PELLA","4","249","6","F","","analitica","","","PVP sales 1 (1435084); Storica Analitica visura per immobile - Catasto Fabbricati."
"visura-storica","NO","PELLA","4","489","","T","","analitica","","","PVP sales 1 (1435080); Storica Analitica visura per immobile - Catasto Terreni."
"visura-storica","NO","PETTENASCO","2","1099","","F","","analitica","","","PVP sales 1 (49315); Storica Analitica visura per immobile - Catasto Fabbricati."
"visura-storica","NO","PETTENASCO","2","1099","","T","","analitica","","","PVP sales 1 (49315); Storica Analitica visura per immobile - Catasto Terreni."
"visura-storica","NO","PETTENASCO","2","1107","","F","","analitica","","","PVP sales 1 (49315); Storica Analitica visura per immobile - Catasto Fabbricati."
"visura-storica","NO","PETTENASCO","2","1107","","T","","analitica","","","PVP sales 1 (49315); Storica Analitica visura per immobile - Catasto Terreni."
"visura-storica","NO","PETTENASCO","2","1108","","F","","analitica","","","PVP sales 1 (49315); Storica Analitica visura per immobile - Catasto Fabbricati."
"visura-storica","NO","PETTENASCO","2","1108","","T","","analitica","","","PVP sales 1 (49315); Storica Analitica visura per immobile - Catasto Terreni."
"visura-storica","NO","PETTENASCO","2","133","","F","","analitica","","","PVP sales 1 (49315); Storica Analitica visura per immobile - Catasto Fabbricati."
"visura-storica","NO","PETTENASCO","2","133","","T","","analitica","","","PVP sales 1 (49315); Storica Analitica visura per immobile - Catasto Terreni."
"visura-storica","NO","PETTENASCO","2","134","","F","","analitica","","","PVP sales 1 (49315); Storica Analitica visura per immobile - Catasto Fabbricati."
"visura-storica","NO","PETTENASCO","2","134","","T","","analitica","","","PVP sales 1 (49315); Storica Analitica visura per immobile - Catasto Terreni."
"visura-storica","NO","PETTENASCO","2","152","","F","","analitica","","","PVP sales 1 (49315); Storica Analitica visura per immobile - Catasto Fabbricati."
"visura-storica","NO","PETTENASCO","2","152","","T","","analitica","","","PVP sales 1 (49315); Storica Analitica visura per immobile - Catasto Terreni."
"visura-storica","NO","PETTENASCO","2","172","","F","","analitica","","","PVP sales 1 (49315); Storica Analitica visura per immobile - Catasto Fabbricati."
"visura-storica","NO","PETTENASCO","2","172","","T","","analitica","","","PVP sales 1 (49315); Storica Analitica visura per immobile - Catasto Terreni."
"visura-storica","NO","PETTENASCO","2","173","","F","","analitica","","","PVP sales 1 (49315); Storica Analitica visura per immobile - Catasto Fabbricati."
"visura-storica","NO","PETTENASCO","2","173","","T","","analitica","","","PVP sales 1 (49315); Storica Analitica visura per immobile - Catasto Terreni."
"visura-storica","NO","PETTENASCO","2","193","","F","","analitica","","","PVP sales 1 (49315); Storica Analitica visura per immobile - Catasto Fabbricati."
"visura-storica","NO","PETTENASCO","2","193","","T","","analitica","","","PVP sales 1 (49315); Storica Analitica visura per immobile - Catasto Terreni."
"visura-storica","NO","PETTENASCO","2","62","","F","","analitica","","","PVP sales 1 (49315); Storica Analitica visura per immobile - Catasto Fabbricati."
"visura-storica","NO","PETTENASCO","2","62","","T","","analitica","","","PVP sales 1 (49315); Storica Analitica visura per immobile - Catasto Terreni."
"visura-storica","NO","PETTENASCO","3","106","","F","","analitica","","","PVP sales 1 (49315); Storica Analitica visura per immobile - Catasto Fabbricati."
"visura-storica","NO","PETTENASCO","3","106","","T","","analitica","","","PVP sales 1 (49315); Storica Analitica visura per immobile - Catasto Terreni."
"visura-storica","NO","PETTENASCO","3","141","","F","","analitica","","","PVP sales 1 (49315); Storica Analitica visura per immobile - Catasto Fabbricati."
"visura-storica","NO","PETTENASCO","3","141","","T","","analitica","","","PVP sales 1 (49315); Storica Analitica visura per immobile - Catasto Terreni."
"visura-storica","NO","PETTENASCO","3","185","2","F","","analitica","","","PVP sales 1 (49315); Storica Analitica visura per immobile - Catasto Fabbricati."
"visura-storica","NO","PETTENASCO","3","186","2","F","","analitica","","","PVP sales 1 (49315); Storica Analitica visura per immobile - Catasto Fabbricati."
"visura-storica","NO","PETTENASCO","3","377","","F","","analitica","","","PVP sales 1 (49318); Storica Analitica visura per immobile - Catasto Fabbricati."
"visura-storica","NO","PETTENASCO","3","377","","T","","analitica","","","PVP sales 1 (49318); Storica Analitica visura per immobile - Catasto Terreni."
"visura-storica","NO","PETTENASCO","3","378","","F","","analitica","","","PVP sales 1 (49318); Storica Analitica visura per immobile - Catasto Fabbricati."
"visura-storica","NO","PETTENASCO","3","378","","T","","analitica","","","PVP sales 1 (49318); Storica Analitica visura per immobile - Catasto Terreni."
"visura-storica","NO","PETTENASCO","3","385","","F","","analitica","","","PVP sales 1 (49318); Storica Analitica visura per immobile - Catasto Fabbricati."
"visura-storica","NO","PETTENASCO","3","385","","T","","analitica","","","PVP sales 1 (49318); Storica Analitica visura per immobile - Catasto Terreni."
"visura-storica","NO","PETTENASCO","3","386","","F","","analitica","","","PVP sales 1 (49318); Storica Analitica visura per immobile - Catasto Fabbricati."
"visura-storica","NO","PETTENASCO","3","386","","T","","analitica","","","PVP sales 1 (49318); Storica Analitica visura per immobile - Catasto Terreni."
"visura-storica","NO","PETTENASCO","3","709","1","F","","analitica","","","PVP sales 1 (49318); Storica Analitica visura per immobile - Catasto Fabbricati."
"visura-storica","NO","PETTENASCO","3","709","2","F","","analitica","","","PVP sales 1 (49318); Storica Analitica visura per immobile - Catasto Fabbricati."
"visura-storica","NO","PETTENASCO","3","792","","F","","analitica","","","PVP sales 1 (49315); Storica Analitica visura per immobile - Catasto Fabbricati."
"visura-storica","NO","PETTENASCO","3","792","","T","","analitica","","","PVP sales 1 (49315); Storica Analitica visura per immobile - Catasto Terreni."
"visura-storica","NO","POMBIA","14","463","","F","","analitica","","","PVP sales 1 (4499492); Storica Analitica visura per immobile - Catasto Fabbricati."
"visura-storica","NO","POMBIA","14","463","","T","","analitica","","","PVP sales 1 (4499492); Storica Analitica visura per immobile - Catasto Terreni."
"visura-storica","NO","POMBIA","15","153","4","F","","analitica","","","PVP sales 1 (4499430); Storica Analitica visura per immobile - Catasto Fabbricati."
"visura-storica","NO","POMBIA","15","153","5","F","","analitica","","","PVP sales 1 (4499430); Storica Analitica visura per immobile - Catasto Fabbricati."
"visura-storica","NO","POMBIA","16","34","","F","","analitica","","","PVP sales 2 (4391247,4402196); Storica Analitica visura per immobile - Catasto Fabbricati."
"visura-storica","NO","POMBIA","16","34","","T","","analitica","","","PVP sales 2 (4391247,4402196); Storica Analitica visura per immobile - Catasto Terreni."
"visura-storica","NO","POMBIA","16","35","","F","","analitica","","","PVP sales 2 (4391247,4402196); Storica Analitica visura per immobile - Catasto Fabbricati."
"visura-storica","NO","POMBIA","16","35","","T","","analitica","","","PVP sales 2 (4391247,4402196); Storica Analitica visura per immobile - Catasto Terreni."
"visura-storica","NO","POMBIA","2","521","1","F","","analitica","","","PVP sales 1 (499879); Storica Analitica visura per immobile - Catasto Fabbricati."
"visura-storica","NO","POMBIA","2","521","4","F","","analitica","","","PVP sales 1 (499879); Storica Analitica visura per immobile - Catasto Fabbricati."
"visura-storica","NO","POMBIA","2","521","5","F","","analitica","","","PVP sales 1 (499879); Storica Analitica visura per immobile - Catasto Fabbricati."
"visura-storica","NO","POMBIA","2","845","1","F","","analitica","","","PVP sales 1 (1577739); Storica Analitica visura per immobile - Catasto Fabbricati."
"visura-storica","NO","POMBIA","3","1289","","F","","analitica","","","PVP sales 1 (1470177); Storica Analitica visura per immobile - Catasto Fabbricati."
"visura-storica","NO","POMBIA","3","1289","","T","","analitica","","","PVP sales 1 (1470177); Storica Analitica visura per immobile - Catasto Terreni."
"visura-storica","NO","POMBIA","3","348","10","F","","analitica","","","PVP sales 1 (813216); Storica Analitica visura per immobile - Catasto Fabbricati."
"visura-storica","NO","POMBIA","3","348","8","F","","analitica","","","PVP sales 1 (813216); Storica Analitica visura per immobile - Catasto Fabbricati."
"visura-storica","NO","POMBIA","3","348","9","F","","analitica","","","PVP sales 1 (813216); Storica Analitica visura per immobile - Catasto Fabbricati."
"visura-storica","NO","POMBIA","3","895","2","F","","analitica","","","PVP sales 1 (1470177); Storica Analitica visura per immobile - Catasto Fabbricati."
"visura-storica","NO","POMBIA","3","895","3","F","","analitica","","","PVP sales 1 (1470177); Storica Analitica visura per immobile - Catasto Fabbricati."
"visura-storica","NO","POMBIA","4","150","","F","","analitica","","","PVP sales 1 (4555676); Storica Analitica visura per immobile - Catasto Fabbricati."
"visura-storica","NO","POMBIA","4","150","","T","","analitica","","","PVP sales 1 (4555676); Storica Analitica visura per immobile - Catasto Terreni."
"visura-storica","NO","POMBIA","6","423","","T","","analitica","","","PVP sales 1 (4210579); Storica Analitica visura per immobile - Catasto Terreni."
"visura-storica","NO","POMBIA","6","423","3","F","","analitica","","","PVP sales 1 (4210579); Storica Analitica visura per immobile - Catasto Fabbricati."
"visura-storica","NO","POMBIA","6","423","4","F","","analitica","","","PVP sales 1 (4210579); Storica Analitica visura per immobile - Catasto Fabbricati."
"visura-storica","NO","POMBIA","6","423","5","F","","analitica","","","PVP sales 1 (4210579); Storica Analitica visura per immobile - Catasto Fabbricati."
"visura-storica","NO","PRATO SESIA","12","326","13","F","","analitica","","","PVP sales 1 (747264); Storica Analitica visura per immobile - Catasto Fabbricati."
"visura-storica","NO","PRATO SESIA","12","326","3","F","","analitica","","","PVP sales 1 (747264); Storica Analitica visura per immobile - Catasto Fabbricati."
"visura-storica","NO","PRATO SESIA","12","334","3","F","","analitica","","","PVP sales 3 (1509452,2202471,4253013); Storica Analitica visura per immobile - Catasto Fabbricati."
"visura-storica","NO","PRATO SESIA","12","334","4","F","","analitica","","","PVP sales 3 (1509452,2202471,4253013); Storica Analitica visura per immobile - Catasto Fabbricati."
"visura-storica","NO","PRATO SESIA","12","385","7","F","","analitica","","","PVP sales 1 (2172965); Storica Analitica visura per immobile - Catasto Fabbricati."
"visura-storica","NO","PRATO SESIA","12","386","6","F","","analitica","","","PVP sales 1 (2172965); Storica Analitica visura per immobile - Catasto Fabbricati."
"visura-storica","NO","PRATO SESIA","5","143","6","F","","analitica","","","PVP sales 3 (4250948,4420395,4492116); Storica Analitica visura per immobile - Catasto Fabbricati."
"visura-storica","NO","PRATO SESIA","5","143","7","F","","analitica","","","PVP sales 3 (4250948,4420395,4492116); Storica Analitica visura per immobile - Catasto Fabbricati."
"visura-storica","NO","PRATO SESIA","9","1159","","F","","analitica","","","PVP sales 2 (2155545,4254591); Storica Analitica visura per immobile - Catasto Fabbricati."
"visura-storica","NO","PRATO SESIA","9","1159","","T","","analitica","","","PVP sales 2 (2155545,4254591); Storica Analitica visura per immobile - Catasto Terreni."
"visura-storica","NO","PRATO SESIA","9","1174","","F","","analitica","","","PVP sales 2 (2155545,4254591); Storica Analitica visura per immobile - Catasto Fabbricati."
"visura-storica","NO","PRATO SESIA","9","1174","","T","","analitica","","","PVP sales 2 (2155545,4254591); Storica Analitica visura per immobile - Catasto Terreni."
"visura-storica","NO","PRATO SESIA","9","1176","","F","","analitica","","","PVP sales 2 (2155545,4254591); Storica Analitica visura per immobile - Catasto Fabbricati."
"visura-storica","NO","PRATO SESIA","9","1176","","T","","analitica","","","PVP sales 2 (2155545,4254591); Storica Analitica visura per immobile - Catasto Terreni."
"visura-storica","NO","PRATO SESIA","9","1182","","F","","analitica","","","PVP sales 2 (2155545,4254591); Storica Analitica visura per immobile - Catasto Fabbricati."
"visura-storica","NO","PRATO SESIA","9","1182","","T","","analitica","","","PVP sales 2 (2155545,4254591); Storica Analitica visura per immobile - Catasto Terreni."
"visura-storica","NO","PRATO SESIA","9","1183","","F","","analitica","","","PVP sales 2 (2155545,4254591); Storica Analitica visura per immobile - Catasto Fabbricati."
"visura-storica","NO","PRATO SESIA","9","1183","","T","","analitica","","","PVP sales 2 (2155545,4254591); Storica Analitica visura per immobile - Catasto Terreni."
"visura-storica","NO","PRATO SESIA","9","1184","","F","","analitica","","","PVP sales 2 (2155545,4254591); Storica Analitica visura per immobile - Catasto Fabbricati."
"visura-storica","NO","PRATO SESIA","9","1184","","T","","analitica","","","PVP sales 2 (2155545,4254591); Storica Analitica visura per immobile - Catasto Terreni."
"visura-storica","NO","PRATO SESIA","9","630","","F","","analitica","","","PVP sales 2 (2155545,4254591); Storica Analitica visura per immobile - Catasto Fabbricati."
"visura-storica","NO","PRATO SESIA","9","630","","T","","analitica","","","PVP sales 2 (2155545,4254591); Storica Analitica visura per immobile - Catasto Terreni."
"visura-storica","NO","PRATO SESIA","9","631","","F","","analitica","","","PVP sales 2 (2155545,4254591); Storica Analitica visura per immobile - Catasto Fabbricati."
"visura-storica","NO","PRATO SESIA","9","631","","T","","analitica","","","PVP sales 2 (2155545,4254591); Storica Analitica visura per immobile - Catasto Terreni."
"visura-storica","NO","PRATO SESIA","9","632","","F","","analitica","","","PVP sales 2 (2155545,4254591); Storica Analitica visura per immobile - Catasto Fabbricati."
"visura-storica","NO","PRATO SESIA","9","632","","T","","analitica","","","PVP sales 2 (2155545,4254591); Storica Analitica visura per immobile - Catasto Terreni."
"visura-storica","NO","PRATO SESIA","9","633","","F","","analitica","","","PVP sales 2 (2155545,4254591); Storica Analitica visura per immobile - Catasto Fabbricati."
"visura-storica","NO","PRATO SESIA","9","633","","T","","analitica","","","PVP sales 2 (2155545,4254591); Storica Analitica visura per immobile - Catasto Terreni."
"visura-storica","NO","PRATO SESIA","9","634","","F","","analitica","","","PVP sales 2 (2155545,4254591); Storica Analitica visura per immobile - Catasto Fabbricati."
"visura-storica","NO","PRATO SESIA","9","634","","T","","analitica","","","PVP sales 2 (2155545,4254591); Storica Analitica visura per immobile - Catasto Terreni."
"visura-storica","NO","PRATO SESIA","9","635","","F","","analitica","","","PVP sales 2 (2155545,4254591); Storica Analitica visura per immobile - Catasto Fabbricati."
"visura-storica","NO","PRATO SESIA","9","635","","T","","analitica","","","PVP sales 2 (2155545,4254591); Storica Analitica visura per immobile - Catasto Terreni."
"visura-storica","NO","PRATO SESIA","9","636","","F","","analitica","","","PVP sales 2 (2155545,4254591); Storica Analitica visura per immobile - Catasto Fabbricati."
"visura-storica","NO","PRATO SESIA","9","636","","T","","analitica","","","PVP sales 2 (2155545,4254591); Storica Analitica visura per immobile - Catasto Terreni."
"visura-storica","NO","PRATO SESIA","9","637","","F","","analitica","","","PVP sales 2 (2155545,4254591); Storica Analitica visura per immobile - Catasto Fabbricati."
"visura-storica","NO","PRATO SESIA","9","637","","T","","analitica","","","PVP sales 2 (2155545,4254591); Storica Analitica visura per immobile - Catasto Terreni."
"visura-storica","NO","PRATO SESIA","9","638","","F","","analitica","","","PVP sales 2 (2155545,4254591); Storica Analitica visura per immobile - Catasto Fabbricati."
"visura-storica","NO","PRATO SESIA","9","638","","T","","analitica","","","PVP sales 2 (2155545,4254591); Storica Analitica visura per immobile - Catasto Terreni."
"visura-storica","NO","PRATO SESIA","9","645","","F","","analitica","","","PVP sales 2 (2155545,4254591); Storica Analitica visura per immobile - Catasto Fabbricati."
"visura-storica","NO","PRATO SESIA","9","645","","T","","analitica","","","PVP sales 2 (2155545,4254591); Storica Analitica visura per immobile - Catasto Terreni."
"visura-storica","NO","PRATO SESIA","9","646","","F","","analitica","","","PVP sales 2 (2155545,4254591); Storica Analitica visura per immobile - Catasto Fabbricati."
"visura-storica","NO","PRATO SESIA","9","646","","T","","analitica","","","PVP sales 2 (2155545,4254591); Storica Analitica visura per immobile - Catasto Terreni."
"visura-storica","NO","RECETTO","10","110","1","F","","analitica","","","PVP sales 1 (1584704); Storica Analitica visura per immobile - Catasto Fabbricati."
"visura-storica","NO","RECETTO","10","348","","F","","analitica","","","PVP sales 1 (1745460); Storica Analitica visura per immobile - Catasto Fabbricati."
"visura-storica","NO","RECETTO","10","348","","T","","analitica","","","PVP sales 1 (1745460); Storica Analitica visura per immobile - Catasto Terreni."
"visura-storica","NO","RECETTO","10","348","6","F","","analitica","","","PVP sales 1 (1745460); Storica Analitica visura per immobile - Catasto Fabbricati."
"visura-storica","NO","RECETTO","11","555","12","F","","analitica","","","PVP sales 1 (4508110); Storica Analitica visura per immobile - Catasto Fabbricati."
"visura-storica","NO","RECETTO","11","555","17","F","","analitica","","","PVP sales 1 (4508190); Storica Analitica visura per immobile - Catasto Fabbricati."
"visura-storica","NO","RECETTO","11","555","6","F","","analitica","","","PVP sales 2 (4420292,4492061); Storica Analitica visura per immobile - Catasto Fabbricati."
"visura-storica","NO","ROMAGNANO SESIA","11","171","24","F","","analitica","","","PVP sales 1 (239808); Storica Analitica visura per immobile - Catasto Fabbricati."
"visura-storica","NO","ROMAGNANO SESIA","20","104","5","F","","analitica","","","PVP sales 3 (4214188,4279298,4279299); Storica Analitica visura per immobile - Catasto Fabbricati."
"visura-storica","NO","ROMAGNANO SESIA","20","1160","6","F","","analitica","","","PVP sales 3 (1634990,2155522,4254521); Storica Analitica visura per immobile - Catasto Fabbricati."
"visura-storica","NO","ROMAGNANO SESIA","20","1160","7","F","","analitica","","","PVP sales 2 (1634990,4254521); Storica Analitica visura per immobile - Catasto Fabbricati."
"visura-storica","NO","ROMAGNANO SESIA","20","642","","F","","analitica","","","PVP sales 1 (501135); Storica Analitica visura per immobile - Catasto Fabbricati."
"visura-storica","NO","ROMAGNANO SESIA","20","642","","T","","analitica","","","PVP sales 1 (501135); Storica Analitica visura per immobile - Catasto Terreni."
"visura-storica","NO","ROMAGNANO SESIA","20","643","","F","","analitica","","","PVP sales 1 (501135); Storica Analitica visura per immobile - Catasto Fabbricati."
"visura-storica","NO","ROMAGNANO SESIA","20","643","","T","","analitica","","","PVP sales 1 (501135); Storica Analitica visura per immobile - Catasto Terreni."
"visura-storica","NO","ROMAGNANO SESIA","22","219","1","F","","analitica","","","PVP sales 1 (538721); Storica Analitica visura per immobile - Catasto Fabbricati."
"visura-storica","NO","ROMAGNANO SESIA","22","219","2","F","","analitica","","","PVP sales 1 (538721); Storica Analitica visura per immobile - Catasto Fabbricati."
"visura-storica","NO","ROMAGNANO SESIA","22","302","","F","","analitica","","","PVP sales 1 (2084379); Storica Analitica visura per immobile - Catasto Fabbricati."
"visura-storica","NO","ROMAGNANO SESIA","22","302","","T","","analitica","","","PVP sales 1 (2084379); Storica Analitica visura per immobile - Catasto Terreni."
"visura-storica","NO","ROMAGNANO SESIA","22","304","","F","","analitica","","","PVP sales 1 (2084379); Storica Analitica visura per immobile - Catasto Fabbricati."
"visura-storica","NO","ROMAGNANO SESIA","22","304","","T","","analitica","","","PVP sales 1 (2084379); Storica Analitica visura per immobile - Catasto Terreni."
"visura-storica","NO","ROMAGNANO SESIA","22","310","","F","","analitica","","","PVP sales 1 (2084379); Storica Analitica visura per immobile - Catasto Fabbricati."
"visura-storica","NO","ROMAGNANO SESIA","22","310","","T","","analitica","","","PVP sales 1 (2084379); Storica Analitica visura per immobile - Catasto Terreni."
"visura-storica","NO","ROMAGNANO SESIA","33","51","3","F","","analitica","","","PVP sales 1 (2259235); Storica Analitica visura per immobile - Catasto Fabbricati."
"visura-storica","NO","ROMAGNANO SESIA","35","557","","F","","analitica","","","PVP sales 1 (2202454); Storica Analitica visura per immobile - Catasto Fabbricati."
"visura-storica","NO","ROMAGNANO SESIA","35","557","","T","","analitica","","","PVP sales 1 (2202454); Storica Analitica visura per immobile - Catasto Terreni."
"visura-storica","NO","ROMAGNANO SESIA","35","559","","F","","analitica","","","PVP sales 1 (2202454); Storica Analitica visura per immobile - Catasto Fabbricati."
"visura-storica","NO","ROMAGNANO SESIA","35","559","","T","","analitica","","","PVP sales 1 (2202454); Storica Analitica visura per immobile - Catasto Terreni."
"visura-storica","NO","ROMAGNANO SESIA","35","561","","F","","analitica","","","PVP sales 1 (2202454); Storica Analitica visura per immobile - Catasto Fabbricati."
"visura-storica","NO","ROMAGNANO SESIA","35","561","","T","","analitica","","","PVP sales 1 (2202454); Storica Analitica visura per immobile - Catasto Terreni."
"visura-storica","NO","ROMAGNANO SESIA","35","562","","F","","analitica","","","PVP sales 1 (2202454); Storica Analitica visura per immobile - Catasto Fabbricati."
"visura-storica","NO","ROMAGNANO SESIA","35","562","","T","","analitica","","","PVP sales 1 (2202454); Storica Analitica visura per immobile - Catasto Terreni."
"visura-storica","NO","ROMAGNANO SESIA","35","643","","F","","analitica","","","PVP sales 2 (2202454,4252997); Storica Analitica visura per immobile - Catasto Fabbricati."
"visura-storica","NO","ROMAGNANO SESIA","35","643","","T","","analitica","","","PVP sales 2 (2202454,4252997); Storica Analitica visura per immobile - Catasto Terreni."
"visura-storica","NO","ROMENTINO","1","98","","F","","analitica","","","PVP sales 1 (4544595); Storica Analitica visura per immobile - Catasto Fabbricati."
"visura-storica","NO","ROMENTINO","18","402","12","F","","analitica","","","PVP sales 1 (1937792); Storica Analitica visura per immobile - Catasto Fabbricati."
"visura-storica","NO","ROMENTINO","18","402","9","F","","analitica","","","PVP sales 1 (1937792); Storica Analitica visura per immobile - Catasto Fabbricati."
"visura-storica","NO","ROMENTINO","20","186","10","F","","analitica","","","PVP sales 1 (2116113); Storica Analitica visura per immobile - Catasto Fabbricati."
"visura-storica","NO","SAN MAURIZIO D'OPAGLIO","5","1545","2","F","","analitica","","","PVP sales 1 (2200815); Storica Analitica visura per immobile - Catasto Fabbricati."
"visura-storica","NO","SAN MAURIZIO D'OPAGLIO","5","1545","3","F","","analitica","","","PVP sales 1 (2200815); Storica Analitica visura per immobile - Catasto Fabbricati."
"visura-storica","NO","SAN MAURIZIO D'OPAGLIO","5","2257","23","F","","analitica","","","PVP sales 1 (527098); Storica Analitica visura per immobile - Catasto Fabbricati."
"visura-storica","NO","SAN MAURIZIO D'OPAGLIO","6","1692","12","F","","analitica","","","PVP sales 1 (4240846); Storica Analitica visura per immobile - Catasto Fabbricati."
"visura-storica","NO","SAN MAURIZIO D'OPAGLIO","6","1692","13","F","","analitica","","","PVP sales 1 (4240846); Storica Analitica visura per immobile - Catasto Fabbricati."
"visura-storica","NO","SAN MAURIZIO D'OPAGLIO","6","1692","8","F","","analitica","","","PVP sales 1 (4240846); Storica Analitica visura per immobile - Catasto Fabbricati."
"visura-storica","NO","SAN PIETRO MOSEZZO","12","412","23","F","","analitica","","","PVP sales 1 (960070); Storica Analitica visura per immobile - Catasto Fabbricati."
"visura-storica","NO","SAN PIETRO MOSEZZO","13","1206","","F","","analitica","","","PVP sales 1 (1522590); Storica Analitica visura per immobile - Catasto Fabbricati."
"visura-storica","NO","SAN PIETRO MOSEZZO","13","1206","","T","","analitica","","","PVP sales 1 (1522590); Storica Analitica visura per immobile - Catasto Terreni."
"visura-storica","NO","SAN PIETRO MOSEZZO","13","1208","","F","","analitica","","","PVP sales 1 (1522590); Storica Analitica visura per immobile - Catasto Fabbricati."
"visura-storica","NO","SAN PIETRO MOSEZZO","13","1208","","T","","analitica","","","PVP sales 1 (1522590); Storica Analitica visura per immobile - Catasto Terreni."
"visura-storica","NO","SAN PIETRO MOSEZZO","13","1361","","F","","analitica","","","PVP sales 1 (1522590); Storica Analitica visura per immobile - Catasto Fabbricati."
"visura-storica","NO","SAN PIETRO MOSEZZO","13","1361","","T","","analitica","","","PVP sales 1 (1522590); Storica Analitica visura per immobile - Catasto Terreni."
"visura-storica","NO","SAN PIETRO MOSEZZO","13","598","","F","","analitica","","","PVP sales 1 (1522590); Storica Analitica visura per immobile - Catasto Fabbricati."
"visura-storica","NO","SAN PIETRO MOSEZZO","13","598","","T","","analitica","","","PVP sales 1 (1522590); Storica Analitica visura per immobile - Catasto Terreni."
"visura-storica","NO","SAN PIETRO MOSEZZO","13","598","1","F","","analitica","","","PVP sales 1 (1522590); Storica Analitica visura per immobile - Catasto Fabbricati."
"visura-storica","NO","SAN PIETRO MOSEZZO","13","598","2","F","","analitica","","","PVP sales 1 (1522590); Storica Analitica visura per immobile - Catasto Fabbricati."
"visura-storica","NO","SAN PIETRO MOSEZZO","13","74","","F","","analitica","","","PVP sales 1 (1522590); Storica Analitica visura per immobile - Catasto Fabbricati."
"visura-storica","NO","SAN PIETRO MOSEZZO","13","74","","T","","analitica","","","PVP sales 1 (1522590); Storica Analitica visura per immobile - Catasto Terreni."
"visura-storica","NO","SAN PIETRO MOSEZZO","3","840","","F","","analitica","","","PVP sales 1 (4559528); Storica Analitica visura per immobile - Catasto Fabbricati."
"visura-storica","NO","SAN PIETRO MOSEZZO","3","840","","T","","analitica","","","PVP sales 1 (4559528); Storica Analitica visura per immobile - Catasto Terreni."
"visura-storica","NO","SAN PIETRO MOSEZZO","3","840","1","F","","analitica","","","PVP sales 1 (4559528); Storica Analitica visura per immobile - Catasto Fabbricati."
"visura-storica","NO","SAN PIETRO MOSEZZO","3","840","2","F","","analitica","","","PVP sales 1 (4559528); Storica Analitica visura per immobile - Catasto Fabbricati."
"visura-storica","NO","SAN PIETRO MOSEZZO","3","840","3","F","","analitica","","","PVP sales 1 (4559528); Storica Analitica visura per immobile - Catasto Fabbricati."
"visura-storica","NO","SAN PIETRO MOSEZZO","8","412","23","F","","analitica","","","PVP sales 1 (554477); Storica Analitica visura per immobile - Catasto Fabbricati."
"visura-storica","NO","SAN PIETRO MOSEZZO","8","572","10","F","","analitica","","","PVP sales 2 (758505,960049); Storica Analitica visura per immobile - Catasto Fabbricati."
"visura-storica","NO","SAN PIETRO MOSEZZO","8","572","11","F","","analitica","","","PVP sales 1 (960049); Storica Analitica visura per immobile - Catasto Fabbricati."
"visura-storica","NO","SAN PIETRO MOSEZZO","8","572","12","F","","analitica","","","PVP sales 1 (960054); Storica Analitica visura per immobile - Catasto Fabbricati."
"visura-storica","NO","SAN PIETRO MOSEZZO","8","572","13","F","","analitica","","","PVP sales 1 (960049); Storica Analitica visura per immobile - Catasto Fabbricati."
"visura-storica","NO","SAN PIETRO MOSEZZO","8","572","7","F","","analitica","","","PVP sales 2 (754355,961081); Storica Analitica visura per immobile - Catasto Fabbricati."
"visura-storica","NO","SAN PIETRO MOSEZZO","8","572","9","F","","analitica","","","PVP sales 2 (758447,960049); Storica Analitica visura per immobile - Catasto Fabbricati."
"visura-storica","NO","SAN PIETRO MOSEZZO","8","573","","F","","analitica","","","PVP sales 1 (960069); Storica Analitica visura per immobile - Catasto Fabbricati."
"visura-storica","NO","SAN PIETRO MOSEZZO","8","816","","F","","analitica","","","PVP sales 2 (743529,960857); Storica Analitica visura per immobile - Catasto Fabbricati."
"visura-storica","NO","SAN PIETRO MOSEZZO","9","266","","T","","analitica","","","PVP sales 3 (2093271,2093279,2093290); Storica Analitica visura per immobile - Catasto Terreni."
"visura-storica","NO","SAN PIETRO MOSEZZO","9","266","2","F","","analitica","","","PVP sales 1 (2093271); Storica Analitica visura per immobile - Catasto Fabbricati."
"visura-storica","NO","SAN PIETRO MOSEZZO","9","266","4","F","","analitica","","","PVP sales 1 (2093279); Storica Analitica visura per immobile - Catasto Fabbricati."
"visura-storica","NO","SAN PIETRO MOSEZZO","9","266","7","F","","analitica","","","PVP sales 1 (2093290); Storica Analitica visura per immobile - Catasto Fabbricati."
"visura-storica","NO","SIZZANO","15","274","","F","","analitica","","","PVP sales 1 (4245286); Storica Analitica visura per immobile - Catasto Fabbricati."
"visura-storica","NO","SIZZANO","15","274","","T","","analitica","","","PVP sales 1 (4245286); Storica Analitica visura per immobile - Catasto Terreni."
"visura-storica","NO","SIZZANO","15","369","1","F","","analitica","","","PVP sales 1 (4245286); Storica Analitica visura per immobile - Catasto Fabbricati."
"visura-storica","NO","SIZZANO","15","369","2","F","","analitica","","","PVP sales 1 (4245286); Storica Analitica visura per immobile - Catasto Fabbricati."
"visura-storica","NO","SIZZANO","4","473","","F","","analitica","","","PVP sales 1 (4248073); Storica Analitica visura per immobile - Catasto Fabbricati."
"visura-storica","NO","SIZZANO","4","473","","T","","analitica","","","PVP sales 1 (4248073); Storica Analitica visura per immobile - Catasto Terreni."
"visura-storica","NO","SIZZANO","6","30","","F","","analitica","","","PVP sales 1 (4248016); Storica Analitica visura per immobile - Catasto Fabbricati."
"visura-storica","NO","SIZZANO","6","30","","T","","analitica","","","PVP sales 1 (4248016); Storica Analitica visura per immobile - Catasto Terreni."
"visura-storica","NO","SOZZAGO","8","336","5","F","","analitica","","","PVP sales 1 (598855); Storica Analitica visura per immobile - Catasto Fabbricati."
"visura-storica","NO","SUNO","16","102","2","F","","analitica","","","PVP sales 2 (4412974,4475964); Storica Analitica visura per immobile - Catasto Fabbricati."
"visura-storica","NO","SUNO","16","102","3","F","","analitica","","","PVP sales 2 (4412974,4475964); Storica Analitica visura per immobile - Catasto Fabbricati."
"visura-storica","NO","SUNO","16","102","4","F","","analitica","","","PVP sales 2 (4412974,4475964); Storica Analitica visura per immobile - Catasto Fabbricati."
"visura-storica","NO","SUNO","16","102","5","F","","analitica","","","PVP sales 2 (4412974,4475964); Storica Analitica visura per immobile - Catasto Fabbricati."
"visura-storica","NO","SUNO","16","162","","F","","analitica","","","PVP sales 1 (4475964); Storica Analitica visura per immobile - Catasto Fabbricati."
"visura-storica","NO","SUNO","16","162","","T","","analitica","","","PVP sales 1 (4475964); Storica Analitica visura per immobile - Catasto Terreni."
"visura-storica","NO","SUNO","16","451","","F","","analitica","","","PVP sales 2 (4412974,4475964); Storica Analitica visura per immobile - Catasto Fabbricati."
"visura-storica","NO","SUNO","16","451","","T","","analitica","","","PVP sales 2 (4412974,4475964); Storica Analitica visura per immobile - Catasto Terreni."
"visura-storica","NO","SUNO","6","125","10","F","","analitica","","","PVP sales 3 (379560,480161,832442); Storica Analitica visura per immobile - Catasto Fabbricati."
"visura-storica","NO","SUNO","6","125","11","F","","analitica","","","PVP sales 4 (379424,481732,609671,833837); Storica Analitica visura per immobile - Catasto Fabbricati."
"visura-storica","NO","SUNO","6","125","12","F","","analitica","","","PVP sales 4 (379424,481732,609671,833837); Storica Analitica visura per immobile - Catasto Fabbricati."
"visura-storica","NO","SUNO","6","633","","F","","analitica","","","PVP sales 1 (806288); Storica Analitica visura per immobile - Catasto Fabbricati."
"visura-storica","NO","SUNO","6","633","","T","","analitica","","","PVP sales 1 (806288); Storica Analitica visura per immobile - Catasto Terreni."
"visura-storica","NO","TORNACO","3","55","2","F","","analitica","","","PVP sales 1 (2229428); Storica Analitica visura per immobile - Catasto Fabbricati."
"visura-storica","NO","TORNACO","3","55","3","F","","analitica","","","PVP sales 1 (2229428); Storica Analitica visura per immobile - Catasto Fabbricati."
"visura-storica","NO","TORNACO","8","267","","F","","analitica","","","PVP sales 1 (806610); Storica Analitica visura per immobile - Catasto Fabbricati."
"visura-storica","NO","TORNACO","8","267","","T","","analitica","","","PVP sales 1 (806610); Storica Analitica visura per immobile - Catasto Terreni."
"visura-storica","NO","TORNACO","8","275","","F","","analitica","","","PVP sales 1 (488582); Storica Analitica visura per immobile - Catasto Fabbricati."
"visura-storica","NO","TORNACO","8","275","","T","","analitica","","","PVP sales 1 (488582); Storica Analitica visura per immobile - Catasto Terreni."
"visura-storica","NO","TRECATE","12","157","18","F","","analitica","","","PVP sales 1 (4500443); Storica Analitica visura per immobile - Catasto Fabbricati."
"visura-storica","NO","TRECATE","12","157","2","F","","analitica","","","PVP sales 1 (4500443); Storica Analitica visura per immobile - Catasto Fabbricati."
"visura-storica","NO","TRECATE","14","139","2","F","","analitica","","","PVP sales 1 (4548157); Storica Analitica visura per immobile - Catasto Fabbricati."
"visura-storica","NO","TRECATE","14","139","3","F","","analitica","","","PVP sales 1 (4548157); Storica Analitica visura per immobile - Catasto Fabbricati."
"visura-storica","NO","TRECATE","14","140","3","F","","analitica","","","PVP sales 1 (4548222); Storica Analitica visura per immobile - Catasto Fabbricati."
"visura-storica","NO","TRECATE","14","140","4","F","","analitica","","","PVP sales 1 (4548222); Storica Analitica visura per immobile - Catasto Fabbricati."
"visura-storica","NO","TRECATE","14","140","5","F","","analitica","","","PVP sales 1 (4548283); Storica Analitica visura per immobile - Catasto Fabbricati."
"visura-storica","NO","TRECATE","14","141","","F","","analitica","","","PVP sales 1 (4554002); Storica Analitica visura per immobile - Catasto Fabbricati."
"visura-storica","NO","TRECATE","14","141","","T","","analitica","","","PVP sales 1 (4554002); Storica Analitica visura per immobile - Catasto Terreni."
"visura-storica","NO","TRECATE","14","94","1","F","","analitica","","","PVP sales 1 (4548283); Storica Analitica visura per immobile - Catasto Fabbricati."
"visura-storica","NO","TRECATE","18","1068","21","F","","analitica","","","PVP sales 2 (1685785,1890509); Storica Analitica visura per immobile - Catasto Fabbricati."
"visura-storica","NO","TRECATE","18","1068","3","F","","analitica","","","PVP sales 2 (517570,1883952); Storica Analitica visura per immobile - Catasto Fabbricati."
"visura-storica","NO","TRECATE","18","1324","5","F","","analitica","","","PVP sales 1 (414415); Storica Analitica visura per immobile - Catasto Fabbricati."
"visura-storica","NO","TRECATE","18","2529","4","F","","analitica","","","PVP sales 2 (1685785,1890509); Storica Analitica visura per immobile - Catasto Fabbricati."
"visura-storica","NO","TRECATE","18","2529","8","F","","analitica","","","PVP sales 2 (517570,1883952); Storica Analitica visura per immobile - Catasto Fabbricati."
"visura-storica","NO","TRECATE","18","2569","8","F","","analitica","","","PVP sales 1 (4535212); Storica Analitica visura per immobile - Catasto Fabbricati."
"visura-storica","NO","TRECATE","18","30","2","F","","analitica","","","PVP sales 1 (1553880); Storica Analitica visura per immobile - Catasto Fabbricati."
"visura-storica","NO","TRECATE","18","30","22","F","","analitica","","","PVP sales 1 (1553880); Storica Analitica visura per immobile - Catasto Fabbricati."
"visura-storica","NO","TRECATE","18","572","","F","","analitica","","","PVP sales 2 (763114,4231741); Storica Analitica visura per immobile - Catasto Fabbricati."
"visura-storica","NO","TRECATE","18","572","","T","","analitica","","","PVP sales 2 (763114,4231741); Storica Analitica visura per immobile - Catasto Terreni."
"visura-storica","NO","TRECATE","18","705","1","F","","analitica","","","PVP sales 1 (454319); Storica Analitica visura per immobile - Catasto Fabbricati."
"visura-storica","NO","TRECATE","18","705","2","F","","analitica","","","PVP sales 1 (454319); Storica Analitica visura per immobile - Catasto Fabbricati."
"visura-storica","NO","TRECATE","18","795","11","F","","analitica","","","PVP sales 1 (414415); Storica Analitica visura per immobile - Catasto Fabbricati."
"visura-storica","NO","TRECATE","19","1110","41","F","","analitica","","","PVP sales 1 (4508894); Storica Analitica visura per immobile - Catasto Fabbricati."
"visura-storica","NO","TRECATE","19","1110","54","F","","analitica","","","PVP sales 1 (4508894); Storica Analitica visura per immobile - Catasto Fabbricati."
"visura-storica","NO","TRECATE","22","1826","4","F","","analitica","","","PVP sales 1 (4535212); Storica Analitica visura per immobile - Catasto Fabbricati."
"visura-storica","NO","TRECATE","22","451","","F","","analitica","","","PVP sales 1 (2154718); Storica Analitica visura per immobile - Catasto Fabbricati."
"visura-storica","NO","TRECATE","22","451","","T","","analitica","","","PVP sales 1 (2154718); Storica Analitica visura per immobile - Catasto Terreni."
"visura-storica","NO","TRECATE","22","643","2","F","","analitica","","","PVP sales 1 (2240520); Storica Analitica visura per immobile - Catasto Fabbricati."
"visura-storica","NO","TRECATE","26","245","2","F","","analitica","","","PVP sales 1 (2035036); Storica Analitica visura per immobile - Catasto Fabbricati."
"visura-storica","NO","TRECATE","26","245","3","F","","analitica","","","PVP sales 1 (2035036); Storica Analitica visura per immobile - Catasto Fabbricati."
"visura-storica","NO","TRECATE","26","245","4","F","","analitica","","","PVP sales 1 (2035036); Storica Analitica visura per immobile - Catasto Fabbricati."
"visura-storica","NO","TRECATE","26","245","5","F","","analitica","","","PVP sales 1 (2035036); Storica Analitica visura per immobile - Catasto Fabbricati."
"visura-storica","NO","TRECATE","37","657","27","F","","analitica","","","PVP sales 1 (4559675); Storica Analitica visura per immobile - Catasto Fabbricati."
"visura-storica","NO","TRECATE","37","657","59","F","","analitica","","","PVP sales 1 (4559675); Storica Analitica visura per immobile - Catasto Fabbricati."
"visura-storica","NO","TRECATE","37","851","11","F","","analitica","","","PVP sales 1 (1449936); Storica Analitica visura per immobile - Catasto Fabbricati."
"visura-storica","NO","TRECATE","37","851","14","F","","analitica","","","PVP sales 1 (1450027); Storica Analitica visura per immobile - Catasto Fabbricati."
"visura-storica","NO","TRECATE","37","851","15","F","","analitica","","","PVP sales 1 (1449936); Storica Analitica visura per immobile - Catasto Fabbricati."
"visura-storica","NO","TRECATE","37","851","18","F","","analitica","","","PVP sales 1 (1450006); Storica Analitica visura per immobile - Catasto Fabbricati."
"visura-storica","NO","TRECATE","37","851","20","F","","analitica","","","PVP sales 1 (1449919); Storica Analitica visura per immobile - Catasto Fabbricati."
"visura-storica","NO","TRECATE","37","851","22","F","","analitica","","","PVP sales 1 (1449938); Storica Analitica visura per immobile - Catasto Fabbricati."
"visura-storica","NO","TRECATE","37","851","23","F","","analitica","","","PVP sales 1 (1449936); Storica Analitica visura per immobile - Catasto Fabbricati."
"visura-storica","NO","TRECATE","37","851","24","F","","analitica","","","PVP sales 1 (1450027); Storica Analitica visura per immobile - Catasto Fabbricati."
"visura-storica","NO","TRECATE","37","851","25","F","","analitica","","","PVP sales 1 (1449936); Storica Analitica visura per immobile - Catasto Fabbricati."
"visura-storica","NO","TRECATE","37","851","28","F","","analitica","","","PVP sales 1 (1450006); Storica Analitica visura per immobile - Catasto Fabbricati."
"visura-storica","NO","TRECATE","37","851","41","F","","analitica","","","PVP sales 1 (1449919); Storica Analitica visura per immobile - Catasto Fabbricati."
"visura-storica","NO","TRECATE","37","851","42","F","","analitica","","","PVP sales 1 (1449938); Storica Analitica visura per immobile - Catasto Fabbricati."
"visura-storica","NO","TRECATE","37","851","43","F","","analitica","","","PVP sales 1 (1449936); Storica Analitica visura per immobile - Catasto Fabbricati."
"visura-storica","NO","TRECATE","37","851","44","F","","analitica","","","PVP sales 1 (1450027); Storica Analitica visura per immobile - Catasto Fabbricati."
"visura-storica","NO","TRECATE","37","851","45","F","","analitica","","","PVP sales 1 (1450004); Storica Analitica visura per immobile - Catasto Fabbricati."
"visura-storica","NO","TRECATE","37","851","46","F","","analitica","","","PVP sales 1 (1449933); Storica Analitica visura per immobile - Catasto Fabbricati."
"visura-storica","NO","TRECATE","37","851","47","F","","analitica","","","PVP sales 1 (1449937); Storica Analitica visura per immobile - Catasto Fabbricati."
"visura-storica","NO","TRECATE","37","851","48","F","","analitica","","","PVP sales 1 (1449936); Storica Analitica visura per immobile - Catasto Fabbricati."
"visura-storica","NO","TRECATE","37","851","49","F","","analitica","","","PVP sales 1 (1450006); Storica Analitica visura per immobile - Catasto Fabbricati."
"visura-storica","NO","TRECATE","37","851","7","F","","analitica","","","PVP sales 1 (1449919); Storica Analitica visura per immobile - Catasto Fabbricati."
"visura-storica","NO","TRECATE","37","851","8","F","","analitica","","","PVP sales 1 (1449938); Storica Analitica visura per immobile - Catasto Fabbricati."
"visura-storica","NO","TRECATE","37","851","83","F","","analitica","","","PVP sales 1 (1451348); Storica Analitica visura per immobile - Catasto Fabbricati."
"visura-storica","NO","TRECATE","37","851","96","F","","analitica","","","PVP sales 1 (1451349); Storica Analitica visura per immobile - Catasto Fabbricati."
"visura-storica","NO","TRECATE","39","121","29","F","","analitica","","","PVP sales 1 (4221578); Storica Analitica visura per immobile - Catasto Fabbricati."
"visura-storica","NO","TRECATE","39","336","19","F","","analitica","","","PVP sales 2 (906230,1524235); Storica Analitica visura per immobile - Catasto Fabbricati."
"visura-storica","NO","TRECATE","42","634","22","F","","analitica","","","PVP sales 1 (4546051); Storica Analitica visura per immobile - Catasto Fabbricati."
"visura-storica","NO","TRECATE","42","634","3","F","","analitica","","","PVP sales 1 (4546051); Storica Analitica visura per immobile - Catasto Fabbricati."
"visura-storica","NO","TRECATE","42","780","10","F","","analitica","","","PVP sales 1 (334303); Storica Analitica visura per immobile - Catasto Fabbricati."
"visura-storica","NO","TRECATE","42","780","102","F","","analitica","","","PVP sales 2 (2064400,2064426); Storica Analitica visura per immobile - Catasto Fabbricati."
"visura-storica","NO","TRECATE","42","780","188","F","","analitica","","","PVP sales 1 (475612); Storica Analitica visura per immobile - Catasto Fabbricati."
"visura-storica","NO","TRECATE","42","780","218","F","","analitica","","","PVP sales 1 (475612); Storica Analitica visura per immobile - Catasto Fabbricati."
"visura-storica","NO","TRECATE","42","780","22","F","","analitica","","","PVP sales 1 (607170); Storica Analitica visura per immobile - Catasto Fabbricati."
"visura-storica","NO","TRECATE","42","780","36","F","","analitica","","","PVP sales 1 (607170); Storica Analitica visura per immobile - Catasto Fabbricati."
"visura-storica","NO","TRECATE","42","780","38","F","","analitica","","","PVP sales 1 (334303); Storica Analitica visura per immobile - Catasto Fabbricati."
"visura-storica","NO","TRECATE","42","780","62","F","","analitica","","","PVP sales 2 (2064400,2064426); Storica Analitica visura per immobile - Catasto Fabbricati."
"visura-storica","NO","TRECATE","62","169","","F","","analitica","","","PVP sales 1 (4222404); Storica Analitica visura per immobile - Catasto Fabbricati."
"visura-storica","NO","TRECATE","62","169","","T","","analitica","","","PVP sales 1 (4222404); Storica Analitica visura per immobile - Catasto Terreni."
"visura-storica","NO","TRECATE","62","169","20","F","","analitica","","","PVP sales 7 (2093730,2162747,4260793,4432665,4463556 +2 more); Storica Analitica visura per immobile - Catasto Fabbricati."
"visura-storica","NO","TRECATE","62","202","3","F","","analitica","","","PVP sales 1 (1853717); Storica Analitica visura per immobile - Catasto Fabbricati."
"visura-storica","NO","TRECATE","62","2306","3","F","","analitica","","","PVP sales 1 (525951); Storica Analitica visura per immobile - Catasto Fabbricati."
"visura-storica","NO","TRECATE","62","878","","F","","analitica","","","PVP sales 1 (827441); Storica Analitica visura per immobile - Catasto Fabbricati."
"visura-storica","NO","TRECATE","62","878","","T","","analitica","","","PVP sales 1 (827441); Storica Analitica visura per immobile - Catasto Terreni."
"visura-storica","NO","VAPRIO D'AGOGNA","7","248","1","F","","analitica","","","PVP sales 1 (4559038); Storica Analitica visura per immobile - Catasto Fabbricati."
"visura-storica","NO","VAPRIO D'AGOGNA","7","248","10","F","","analitica","","","PVP sales 1 (4559038); Storica Analitica visura per immobile - Catasto Fabbricati."
"visura-storica","NO","VAPRIO D'AGOGNA","7","248","11","F","","analitica","","","PVP sales 1 (4559038); Storica Analitica visura per immobile - Catasto Fabbricati."
"visura-storica","NO","VAPRIO D'AGOGNA","7","248","12","F","","analitica","","","PVP sales 1 (4559038); Storica Analitica visura per immobile - Catasto Fabbricati."
"visura-storica","NO","VAPRIO D'AGOGNA","7","248","13","F","","analitica","","","PVP sales 1 (4559038); Storica Analitica visura per immobile - Catasto Fabbricati."
"visura-storica","NO","VAPRIO D'AGOGNA","7","248","14","F","","analitica","","","PVP sales 1 (4559038); Storica Analitica visura per immobile - Catasto Fabbricati."
"visura-storica","NO","VAPRIO D'AGOGNA","7","248","15","F","","analitica","","","PVP sales 1 (4559038); Storica Analitica visura per immobile - Catasto Fabbricati."
"visura-storica","NO","VAPRIO D'AGOGNA","7","248","16","F","","analitica","","","PVP sales 1 (4559038); Storica Analitica visura per immobile - Catasto Fabbricati."
"visura-storica","NO","VAPRIO D'AGOGNA","7","248","17","F","","analitica","","","PVP sales 1 (4559038); Storica Analitica visura per immobile - Catasto Fabbricati."
"visura-storica","NO","VAPRIO D'AGOGNA","7","248","2","F","","analitica","","","PVP sales 1 (4559038); Storica Analitica visura per immobile - Catasto Fabbricati."
"visura-storica","NO","VAPRIO D'AGOGNA","7","248","3","F","","analitica","","","PVP sales 1 (4559038); Storica Analitica visura per immobile - Catasto Fabbricati."
"visura-storica","NO","VAPRIO D'AGOGNA","7","248","4","F","","analitica","","","PVP sales 1 (4559038); Storica Analitica visura per immobile - Catasto Fabbricati."
"visura-storica","NO","VAPRIO D'AGOGNA","7","248","5","F","","analitica","","","PVP sales 1 (4559038); Storica Analitica visura per immobile - Catasto Fabbricati."
"visura-storica","NO","VAPRIO D'AGOGNA","7","248","6","F","","analitica","","","PVP sales 1 (4559038); Storica Analitica visura per immobile - Catasto Fabbricati."
"visura-storica","NO","VAPRIO D'AGOGNA","7","248","7","F","","analitica","","","PVP sales 1 (4559038); Storica Analitica visura per immobile - Catasto Fabbricati."
"visura-storica","NO","VAPRIO D'AGOGNA","7","248","8","F","","analitica","","","PVP sales 1 (4559038); Storica Analitica visura per immobile - Catasto Fabbricati."
"visura-storica","NO","VAPRIO D'AGOGNA","7","248","9","F","","analitica","","","PVP sales 1 (4559038); Storica Analitica visura per immobile - Catasto Fabbricati."
"visura-storica","NO","VAPRIO D'AGOGNA","8","162","","F","","analitica","","","PVP sales 2 (772728,2177644); Storica Analitica visura per immobile - Catasto Fabbricati."
"visura-storica","NO","VAPRIO D'AGOGNA","8","162","","T","","analitica","","","PVP sales 2 (772728,2177644); Storica Analitica visura per immobile - Catasto Terreni."
"visura-storica","NO","VAPRIO D'AGOGNA","8","29","","F","","analitica","","","PVP sales 2 (288671,614314); Storica Analitica visura per immobile - Catasto Fabbricati."
"visura-storica","NO","VAPRIO D'AGOGNA","8","29","","T","","analitica","","","PVP sales 3 (288671,446462,614314); Storica Analitica visura per immobile - Catasto Terreni."
"visura-storica","NO","VAPRIO D'AGOGNA","8","488","","F","","analitica","","","PVP sales 1 (2177644); Storica Analitica visura per immobile - Catasto Fabbricati."
"visura-storica","NO","VAPRIO D'AGOGNA","8","488","","T","","analitica","","","PVP sales 1 (2177644); Storica Analitica visura per immobile - Catasto Terreni."
"visura-storica","NO","VAPRIO D'AGOGNA","8","494","","F","","analitica","","","PVP sales 3 (288671,446462,614314); Storica Analitica visura per immobile - Catasto Fabbricati."
"visura-storica","NO","VAPRIO D'AGOGNA","8","494","","T","","analitica","","","PVP sales 3 (288671,446462,614314); Storica Analitica visura per immobile - Catasto Terreni."
"visura-storica","NO","VAPRIO D'AGOGNA","8","495","1","F","","analitica","","","PVP sales 3 (288671,446462,614314); Storica Analitica visura per immobile - Catasto Fabbricati."
"visura-storica","NO","VARALLO POMBIA","18","1243","25","F","","analitica","","","PVP sales 1 (808086); Storica Analitica visura per immobile - Catasto Fabbricati."
"visura-storica","NO","VARALLO POMBIA","18","459","2","F","","analitica","","","PVP sales 1 (808086); Storica Analitica visura per immobile - Catasto Fabbricati."
"visura-storica","NO","VARALLO POMBIA","21","1373","","T","","analitica","","","PVP sales 1 (1431019); Storica Analitica visura per immobile - Catasto Terreni."
"visura-storica","NO","VARALLO POMBIA","21","1373","1","F","","analitica","","","PVP sales 1 (1431019); Storica Analitica visura per immobile - Catasto Fabbricati."
"visura-storica","NO","VARALLO POMBIA","21","1373","2","F","","analitica","","","PVP sales 1 (1431019); Storica Analitica visura per immobile - Catasto Fabbricati."
"visura-storica","NO","VARALLO POMBIA","21","1373","3","F","","analitica","","","PVP sales 1 (1431019); Storica Analitica visura per immobile - Catasto Fabbricati."
"visura-storica","NO","VARALLO POMBIA","6","175","12","F","","analitica","","","PVP sales 2 (4494135,4541173); Storica Analitica visura per immobile - Catasto Fabbricati."
"visura-storica","NO","VARALLO POMBIA","6","175","13","F","","analitica","","","PVP sales 2 (4494135,4541173); Storica Analitica visura per immobile - Catasto Fabbricati."
"visura-storica","NO","VARALLO POMBIA","6","175","14","F","","analitica","","","PVP sales 2 (4494135,4541173); Storica Analitica visura per immobile - Catasto Fabbricati."
"visura-storica","NO","VARALLO POMBIA","6","175","15","F","","analitica","","","PVP sales 2 (4494135,4541173); Storica Analitica visura per immobile - Catasto Fabbricati."
"visura-storica","NO","VARALLO POMBIA","6","175","16","F","","analitica","","","PVP sales 2 (4494135,4541173); Storica Analitica visura per immobile - Catasto Fabbricati."
"visura-storica","NO","VARALLO POMBIA","6","175","17","F","","analitica","","","PVP sales 2 (4494135,4541173); Storica Analitica visura per immobile - Catasto Fabbricati."
"visura-storica","NO","VARALLO POMBIA","6","175","18","F","","analitica","","","PVP sales 2 (4494135,4541173); Storica Analitica visura per immobile - Catasto Fabbricati."
"visura-storica","NO","VARALLO POMBIA","6","175","19","F","","analitica","","","PVP sales 2 (4494135,4541173); Storica Analitica visura per immobile - Catasto Fabbricati."
"visura-storica","NO","VARALLO POMBIA","6","175","3","F","","analitica","","","PVP sales 2 (4494135,4541173); Storica Analitica visura per immobile - Catasto Fabbricati."
"visura-storica","NO","VARALLO POMBIA","6","175","4","F","","analitica","","","PVP sales 2 (4494135,4541173); Storica Analitica visura per immobile - Catasto Fabbricati."
"visura-storica","NO","VARALLO POMBIA","6","175","5","F","","analitica","","","PVP sales 2 (4494135,4541173); Storica Analitica visura per immobile - Catasto Fabbricati."
"visura-storica","NO","VESPOLATE","22","157","","F","","analitica","","","PVP sales 1 (607901); Storica Analitica visura per immobile - Catasto Fabbricati."
"visura-storica","NO","VESPOLATE","22","157","","T","","analitica","","","PVP sales 1 (607901); Storica Analitica visura per immobile - Catasto Terreni."
"visura-storica","NO","VESPOLATE","22","158","","F","","analitica","","","PVP sales 1 (607901); Storica Analitica visura per immobile - Catasto Fabbricati."
"visura-storica","NO","VESPOLATE","22","158","","T","","analitica","","","PVP sales 1 (607901); Storica Analitica visura per immobile - Catasto Terreni."
"visura-storica","NO","VICOLUNGO","3","194","","T","","analitica","","","PVP sales 1 (2008932); Storica Analitica visura per immobile - Catasto Terreni."
"visura-storica","NO","VICOLUNGO","3","194","1","F","","analitica","","","PVP sales 1 (2008932); Storica Analitica visura per immobile - Catasto Fabbricati."
"visura-storica","NO","VICOLUNGO","3","194","3","F","","analitica","","","PVP sales 1 (2008932); Storica Analitica visura per immobile - Catasto Fabbricati."
"visura-storica","NO","VICOLUNGO","3","194","4","F","","analitica","","","PVP sales 1 (2008932); Storica Analitica visura per immobile - Catasto Fabbricati."
"visura-storica","NO","VICOLUNGO","3","194","5","F","","analitica","","","PVP sales 1 (2008932); Storica Analitica visura per immobile - Catasto Fabbricati."
"visura-storica","NO","VICOLUNGO","8","169","","F","","analitica","","","PVP sales 2 (4416401,4487529); Storica Analitica visura per immobile - Catasto Fabbricati."
"visura-storica","NO","VICOLUNGO","8","169","","T","","analitica","","","PVP sales 2 (4416401,4487529); Storica Analitica visura per immobile - Catasto Terreni."
"visura-storica","NO","VICOLUNGO","8","170","","F","","analitica","","","PVP sales 2 (4416401,4487529); Storica Analitica visura per immobile - Catasto Fabbricati."
"visura-storica","NO","VICOLUNGO","8","170","","T","","analitica","","","PVP sales 2 (4416401,4487529); Storica Analitica visura per immobile - Catasto Terreni."
"visura-storica","NO","VICOLUNGO","8","505","","F","","analitica","","","PVP sales 1 (4416401); Storica Analitica visura per immobile - Catasto Fabbricati."
"visura-storica","NO","VICOLUNGO","8","505","","T","","analitica","","","PVP sales 1 (4416401); Storica Analitica visura per immobile - Catasto Terreni."
"visura-storica","NO","VICOLUNGO","8","506","","F","","analitica","","","PVP sales 1 (4416401); Storica Analitica visura per immobile - Catasto Fabbricati."
"visura-storica","NO","VICOLUNGO","8","506","","T","","analitica","","","PVP sales 1 (4416401); Storica Analitica visura per immobile - Catasto Terreni."
"visura-storica","NO","VICOLUNGO","8","508","1","F","","analitica","","","PVP sales 3 (4416550,4487723,4542964); Storica Analitica visura per immobile - Catasto Fabbricati."
"visura-storica","NO","VICOLUNGO","8","509","","F","","analitica","","","PVP sales 2 (4416482,4487666); Storica Analitica visura per immobile - Catasto Fabbricati."
"visura-storica","NO","VICOLUNGO","8","509","","T","","analitica","","","PVP sales 2 (4416482,4487666); Storica Analitica visura per immobile - Catasto Terreni."
"visura-storica","NO","VICOLUNGO","8","75","2","F","","analitica","","","PVP sales 2 (4413521,4480211); Storica Analitica visura per immobile - Catasto Fabbricati."
"visura-storica","NO","VINZAGLIO","1","365","","F","","analitica","","","PVP sales 2 (4491513,4546248); Storica Analitica visura per immobile - Catasto Fabbricati."
"visura-storica","NO","VINZAGLIO","1","365","","T","","analitica","","","PVP sales 2 (4491513,4546248); Storica Analitica visura per immobile - Catasto Terreni."
"visura-storica","NO","VINZAGLIO","1","649","1","F","","analitica","","","PVP sales 1 (538712); Storica Analitica visura per immobile - Catasto Fabbricati."
"visura-storica","NO","VINZAGLIO","1","649","2","F","","analitica","","","PVP sales 1 (538712); Storica Analitica visura per immobile - Catasto Fabbricati."
"visura-storica","NO","VINZAGLIO","6","586","2","F","","analitica","","","PVP sales 2 (2021637,2182402); Storica Analitica visura per immobile - Catasto Fabbricati."
