"command","provincia","comune","foglio","particella","subalterno","tipo_catasto","codice_fiscale","vista","sezione","source_files","scope_note"
"visura-storica","PI","BIENTINA","16","69","","F","","analitica","","","PVP sales 3 (4258844,4432775,4492840); Storica Analitica visura per immobile - Catasto Fabbricati."
"visura-storica","PI","BIENTINA","16","69","","T","","analitica","","","PVP sales 3 (4258844,4432775,4492840); Storica Analitica visura per immobile - Catasto Terreni."
"visura-storica","PI","BIENTINA","16","74","","F","","analitica","","","PVP sales 2 (4432775,4492840); Storica Analitica visura per immobile - Catasto Fabbricati."
"visura-storica","PI","BIENTINA","16","74","","T","","analitica","","","PVP sales 2 (4432775,4492840); Storica Analitica visura per immobile - Catasto Terreni."
"visura-storica","PI","BIENTINA","17","555","1","F","","analitica","","","PVP sales 3 (4412617,4449386,4493730); Storica Analitica visura per immobile - Catasto Fabbricati."
"visura-storica","PI","BIENTINA","17","555","5","F","","analitica","","","PVP sales 2 (4449386,4493730); Storica Analitica visura per immobile - Catasto Fabbricati."
"visura-storica","PI","BIENTINA","17","632","","F","","analitica","","","PVP sales 3 (4411721,4458360,4549304); Storica Analitica visura per immobile - Catasto Fabbricati."
"visura-storica","PI","BIENTINA","17","632","","T","","analitica","","","PVP sales 3 (4411721,4458360,4549304); Storica Analitica visura per immobile - Catasto Terreni."
"visura-storica","PI","BIENTINA","20","1063","14","F","","analitica","","","PVP sales 1 (1572599); Storica Analitica visura per immobile - Catasto Fabbricati."
"visura-storica","PI","BIENTINA","20","1063","29","F","","analitica","","","PVP sales 1 (1572599); Storica Analitica visura per immobile - Catasto Fabbricati."
"visura-storica","PI","BIENTINA","20","1600","2","F","","analitica","","","PVP sales 1 (4505902); Storica Analitica visura per immobile - Catasto Fabbricati."
"visura-storica","PI","BIENTINA","20","1600","4","F","","analitica","","","PVP sales 1 (4505902); Storica Analitica visura per immobile - Catasto Fabbricati."
"visura-storica","PI","BIENTINA","20","796","2","F","","analitica","","","PVP sales 1 (279253); Storica Analitica visura per immobile - Catasto Fabbricati."
"visura-storica","PI","BIENTINA","20","796","9","F","","analitica","","","PVP sales 1 (482152); Storica Analitica visura per immobile - Catasto Fabbricati."
"visura-storica","PI","BIENTINA","20","835","7","F","","analitica","","","PVP sales 1 (387314); Storica Analitica visura per immobile - Catasto Fabbricati."
"visura-storica","PI","BIENTINA","22","228","7","F","","analitica","","","PVP sales 1 (1701191); Storica Analitica visura per immobile - Catasto Fabbricati."
"visura-storica","PI","BIENTINA","22","232","","F","","analitica","","","PVP sales 1 (1701191); Storica Analitica visura per immobile - Catasto Fabbricati."
"visura-storica","PI","BIENTINA","22","232","","T","","analitica","","","PVP sales 1 (1701191); Storica Analitica visura per immobile - Catasto Terreni."
"visura-storica","PI","BIENTINA","22","493","","F","","analitica","","","PVP sales 1 (4451472); Storica Analitica visura per immobile - Catasto Fabbricati."
"visura-storica","PI","BIENTINA","22","493","","T","","analitica","","","PVP sales 1 (4451472); Storica Analitica visura per immobile - Catasto Terreni."
"visura-storica","PI","BIENTINA","22","939","12","F","","analitica","","","PVP sales 1 (4478606); Storica Analitica visura per immobile - Catasto Fabbricati."
"visura-storica","PI","BIENTINA","22","939","13","F","","analitica","","","PVP sales 1 (4478581); Storica Analitica visura per immobile - Catasto Fabbricati."
"visura-storica","PI","BIENTINA","22","939","18","F","","analitica","","","PVP sales 1 (4478606); Storica Analitica visura per immobile - Catasto Fabbricati."
"visura-storica","PI","BIENTINA","22","939","19","F","","analitica","","","PVP sales 1 (4477839); Storica Analitica visura per immobile - Catasto Fabbricati."
"visura-storica","PI","BIENTINA","22","939","21","F","","analitica","","","PVP sales 1 (4477815); Storica Analitica visura per immobile - Catasto Fabbricati."
"visura-storica","PI","BIENTINA","22","939","24","F","","analitica","","","PVP sales 1 (4477815); Storica Analitica visura per immobile - Catasto Fabbricati."
"visura-storica","PI","BIENTINA","22","939","26","F","","analitica","","","PVP sales 1 (4478581); Storica Analitica visura per immobile - Catasto Fabbricati."
"visura-storica","PI","BIENTINA","22","939","27","F","","analitica","","","PVP sales 1 (4478606); Storica Analitica visura per immobile - Catasto Fabbricati."
"visura-storica","PI","BIENTINA","22","939","28","F","","analitica","","","PVP sales 1 (4478581); Storica Analitica visura per immobile - Catasto Fabbricati."
"visura-storica","PI","BIENTINA","22","939","31","F","","analitica","","","PVP sales 1 (4477844); Storica Analitica visura per immobile - Catasto Fabbricati."
"visura-storica","PI","BIENTINA","22","939","32","F","","analitica","","","PVP sales 1 (4477849); Storica Analitica visura per immobile - Catasto Fabbricati."
"visura-storica","PI","BIENTINA","22","939","33","F","","analitica","","","PVP sales 1 (4477844); Storica Analitica visura per immobile - Catasto Fabbricati."
"visura-storica","PI","BIENTINA","22","939","34","F","","analitica","","","PVP sales 1 (4477839); Storica Analitica visura per immobile - Catasto Fabbricati."
"visura-storica","PI","BIENTINA","22","939","47","F","","analitica","","","PVP sales 1 (4477849); Storica Analitica visura per immobile - Catasto Fabbricati."
"visura-storica","PI","BIENTINA","22","939","76","F","","analitica","","","PVP sales 1 (4477839); Storica Analitica visura per immobile - Catasto Fabbricati."
"visura-storica","PI","BIENTINA","22","939","79","F","","analitica","","","PVP sales 1 (4477815); Storica Analitica visura per immobile - Catasto Fabbricati."
"visura-storica","PI","BIENTINA","22","939","84","F","","analitica","","","PVP sales 1 (4477844); Storica Analitica visura per immobile - Catasto Fabbricati."
"visura-storica","PI","BIENTINA","22","939","85","F","","analitica","","","PVP sales 1 (4477849); Storica Analitica visura per immobile - Catasto Fabbricati."
"visura-storica","PI","BIENTINA","22","96","","F","","analitica","","","PVP sales 1 (1701191); Storica Analitica visura per immobile - Catasto Fabbricati."
"visura-storica","PI","BIENTINA","22","96","","T","","analitica","","","PVP sales 1 (1701191); Storica Analitica visura per immobile - Catasto Terreni."
"visura-storica","PI","BIENTINA","23","148","11","F","","analitica","","","PVP sales 1 (4515846); Storica Analitica visura per immobile - Catasto Fabbricati."
"visura-storica","PI","BIENTINA","25","278","1","F","","analitica","","","PVP sales 1 (1457207); Storica Analitica visura per immobile - Catasto Fabbricati."
"visura-storica","PI","BIENTINA","25","278","2","F","","analitica","","","PVP sales 1 (1457207); Storica Analitica visura per immobile - Catasto Fabbricati."
"visura-storica","PI","BIENTINA","25","278","3","F","","analitica","","","PVP sales 1 (1457207); Storica Analitica visura per immobile - Catasto Fabbricati."
"visura-storica","PI","BIENTINA","25","278","4","F","","analitica","","","PVP sales 1 (1457207); Storica Analitica visura per immobile - Catasto Fabbricati."
"visura-storica","PI","BIENTINA","25","278","5","F","","analitica","","","PVP sales 1 (1457207); Storica Analitica visura per immobile - Catasto Fabbricati."
"visura-storica","PI","BIENTINA","25","278","6","F","","analitica","","","PVP sales 1 (1457207); Storica Analitica visura per immobile - Catasto Fabbricati."
"visura-storica","PI","BIENTINA","26","105","","F","","analitica","","","PVP sales 1 (2166526); Storica Analitica visura per immobile - Catasto Fabbricati."
"visura-storica","PI","BIENTINA","26","105","","T","","analitica","","","PVP sales 1 (2166526); Storica Analitica visura per immobile - Catasto Terreni."
"visura-storica","PI","BIENTINA","26","142","11","F","","analitica","","","PVP sales 1 (4444675); Storica Analitica visura per immobile - Catasto Fabbricati."
"visura-storica","PI","BIENTINA","26","355","12","F","","analitica","","","PVP sales 7 (1430634,1626325,1749052,1891705,2012969 +2 more); Storica Analitica visura per immobile - Catasto Fabbricati."
"visura-storica","PI","BIENTINA","26","355","9","F","","analitica","","","PVP sales 2 (4408439,4491303); Storica Analitica visura per immobile - Catasto Fabbricati."
"visura-storica","PI","BIENTINA","27","314","12","F","","analitica","","","PVP sales 1 (4572822); Storica Analitica visura per immobile - Catasto Fabbricati."
"visura-storica","PI","BIENTINA","9","29","","T","","analitica","","","PVP sales 1 (4460745); Storica Analitica visura per immobile - Catasto Terreni."
"visura-storica","PI","BIENTINA","9","30","","T","","analitica","","","PVP sales 1 (4460745); Storica Analitica visura per immobile - Catasto Terreni."
"visura-storica","PI","BIENTINA","9","58","","T","","analitica","","","PVP sales 1 (4460745); Storica Analitica visura per immobile - Catasto Terreni."
"visura-storica","PI","BIENTINA","9","59","","T","","analitica","","","PVP sales 1 (4460745); Storica Analitica visura per immobile - Catasto Terreni."
"visura-storica","PI","BIENTINA","9","60","","T","","analitica","","","PVP sales 1 (4460745); Storica Analitica visura per immobile - Catasto Terreni."
"visura-storica","PI","BIENTINA","9","62","","T","","analitica","","","PVP sales 1 (4460745); Storica Analitica visura per immobile - Catasto Terreni."
"visura-storica","PI","BIENTINA","9","63","","T","","analitica","","","PVP sales 1 (4460745); Storica Analitica visura per immobile - Catasto Terreni."
"visura-storica","PI","BUTI","14","428","10","F","","analitica","","","PVP sales 1 (4515423); Storica Analitica visura per immobile - Catasto Fabbricati."
"visura-storica","PI","BUTI","14","428","11","F","","analitica","","","PVP sales 1 (4515423); Storica Analitica visura per immobile - Catasto Fabbricati."
"visura-storica","PI","BUTI","14","428","12","F","","analitica","","","PVP sales 1 (4515423); Storica Analitica visura per immobile - Catasto Fabbricati."
"visura-storica","PI","BUTI","14","428","13","F","","analitica","","","PVP sales 1 (4515423); Storica Analitica visura per immobile - Catasto Fabbricati."
"visura-storica","PI","BUTI","14","428","14","F","","analitica","","","PVP sales 1 (4515423); Storica Analitica visura per immobile - Catasto Fabbricati."
"visura-storica","PI","BUTI","14","428","15","F","","analitica","","","PVP sales 1 (4515423); Storica Analitica visura per immobile - Catasto Fabbricati."
"visura-storica","PI","BUTI","14","428","16","F","","analitica","","","PVP sales 1 (4515423); Storica Analitica visura per immobile - Catasto Fabbricati."
"visura-storica","PI","BUTI","14","428","17","F","","analitica","","","PVP sales 1 (4515423); Storica Analitica visura per immobile - Catasto Fabbricati."
"visura-storica","PI","BUTI","14","428","18","F","","analitica","","","PVP sales 1 (4515423); Storica Analitica visura per immobile - Catasto Fabbricati."
"visura-storica","PI","BUTI","14","428","2","F","","analitica","","","PVP sales 1 (4515423); Storica Analitica visura per immobile - Catasto Fabbricati."
"visura-storica","PI","BUTI","14","428","4","F","","analitica","","","PVP sales 1 (4515423); Storica Analitica visura per immobile - Catasto Fabbricati."
"visura-storica","PI","BUTI","14","428","5","F","","analitica","","","PVP sales 1 (4515423); Storica Analitica visura per immobile - Catasto Fabbricati."
"visura-storica","PI","BUTI","14","428","6","F","","analitica","","","PVP sales 1 (4515423); Storica Analitica visura per immobile - Catasto Fabbricati."
"visura-storica","PI","BUTI","14","428","7","F","","analitica","","","PVP sales 1 (4515423); Storica Analitica visura per immobile - Catasto Fabbricati."
"visura-storica","PI","BUTI","14","428","8","F","","analitica","","","PVP sales 1 (4515423); Storica Analitica visura per immobile - Catasto Fabbricati."
"visura-storica","PI","BUTI","14","428","9","F","","analitica","","","PVP sales 1 (4515423); Storica Analitica visura per immobile - Catasto Fabbricati."
"visura-storica","PI","BUTI","15","367","","F","","analitica","","","PVP sales 1 (4444416); Storica Analitica visura per immobile - Catasto Fabbricati."
"visura-storica","PI","BUTI","15","367","","T","","analitica","","","PVP sales 1 (4444416); Storica Analitica visura per immobile - Catasto Terreni."
"visura-storica","PI","BUTI","15","587","3","F","","analitica","","","PVP sales 1 (1504687); Storica Analitica visura per immobile - Catasto Fabbricati."
"visura-storica","PI","BUTI","16","934","","F","","analitica","","","PVP sales 1 (1483797); Storica Analitica visura per immobile - Catasto Fabbricati."
"visura-storica","PI","BUTI","16","934","","T","","analitica","","","PVP sales 3 (1483797,2133513,4252166); Storica Analitica visura per immobile - Catasto Terreni."
"visura-storica","PI","BUTI","16","935","","F","","analitica","","","PVP sales 1 (1483797); Storica Analitica visura per immobile - Catasto Fabbricati."
"visura-storica","PI","BUTI","16","935","","T","","analitica","","","PVP sales 4 (1023401,1483797,2133513,4252166); Storica Analitica visura per immobile - Catasto Terreni."
"visura-storica","PI","BUTI","16","937","","F","","analitica","","","PVP sales 1 (1483797); Storica Analitica visura per immobile - Catasto Fabbricati."
"visura-storica","PI","BUTI","16","937","","T","","analitica","","","PVP sales 4 (1023401,1483797,2133513,4252166); Storica Analitica visura per immobile - Catasto Terreni."
"visura-storica","PI","BUTI","16","943","","T","","analitica","","","PVP sales 1 (1023401); Storica Analitica visura per immobile - Catasto Terreni."
"visura-storica","PI","BUTI","18","1042","","F","","analitica","","","PVP sales 1 (1628884); Storica Analitica visura per immobile - Catasto Fabbricati."
"visura-storica","PI","BUTI","18","1043","","F","","analitica","","","PVP sales 1 (1628884); Storica Analitica visura per immobile - Catasto Fabbricati."
"visura-storica","PI","BUTI","18","1060","","T","","analitica","","","PVP sales 1 (1628884); Storica Analitica visura per immobile - Catasto Terreni."
"visura-storica","PI","BUTI","18","1133","","F","","analitica","","","PVP sales 3 (553378,678766,824312); Storica Analitica visura per immobile - Catasto Fabbricati."
"visura-storica","PI","BUTI","18","1133","","T","","analitica","","","PVP sales 3 (553378,678766,824312); Storica Analitica visura per immobile - Catasto Terreni."
"visura-storica","PI","BUTI","18","491","10","F","","analitica","","","PVP sales 2 (4459678,4560031); Storica Analitica visura per immobile - Catasto Fabbricati."
"visura-storica","PI","BUTI","18","94","3","F","","analitica","","","PVP sales 1 (4433081); Storica Analitica visura per immobile - Catasto Fabbricati."
"visura-storica","PI","BUTI","19","1180","22","F","","analitica","","","PVP sales 2 (883375,1483785); Storica Analitica visura per immobile - Catasto Fabbricati."
"visura-storica","PI","BUTI","19","1180","8","F","","analitica","","","PVP sales 2 (883375,1483785); Storica Analitica visura per immobile - Catasto Fabbricati."
"visura-storica","PI","BUTI","19","279","1","F","","analitica","","","PVP sales 1 (1016246); Storica Analitica visura per immobile - Catasto Fabbricati."
"visura-storica","PI","BUTI","19","702","","F","","analitica","","","PVP sales 1 (4235521); Storica Analitica visura per immobile - Catasto Fabbricati."
"visura-storica","PI","BUTI","19","702","","T","","analitica","","","PVP sales 1 (4235521); Storica Analitica visura per immobile - Catasto Terreni."
"visura-storica","PI","BUTI","19","703","","F","","analitica","","","PVP sales 1 (4235521); Storica Analitica visura per immobile - Catasto Fabbricati."
"visura-storica","PI","BUTI","19","703","","T","","analitica","","","PVP sales 1 (4235521); Storica Analitica visura per immobile - Catasto Terreni."
"visura-storica","PI","CALCI","17","193","3","F","","analitica","","","PVP sales 3 (263485,474424,949165); Storica Analitica visura per immobile - Catasto Fabbricati."
"visura-storica","PI","CALCI","20","574","5","F","","analitica","","","PVP sales 1 (2221677); Storica Analitica visura per immobile - Catasto Fabbricati."
"visura-storica","PI","CALCI","23","249","5","F","","analitica","","","PVP sales 1 (431206); Storica Analitica visura per immobile - Catasto Fabbricati."
"visura-storica","PI","CALCI","23","630","","F","","analitica","","","PVP sales 1 (431206); Storica Analitica visura per immobile - Catasto Fabbricati."
"visura-storica","PI","CALCI","23","630","","T","","analitica","","","PVP sales 1 (431206); Storica Analitica visura per immobile - Catasto Terreni."
"visura-storica","PI","CALCI","27","66","39","F","","analitica","","","PVP sales 1 (2122081); Storica Analitica visura per immobile - Catasto Fabbricati."
"visura-storica","PI","CALCINAIA","1","345","","F","","analitica","","","PVP sales 1 (325096); Storica Analitica visura per immobile - Catasto Fabbricati."
"visura-storica","PI","CALCINAIA","1","345","","T","","analitica","","","PVP sales 1 (325096); Storica Analitica visura per immobile - Catasto Terreni."
"visura-storica","PI","CALCINAIA","1","347","","F","","analitica","","","PVP sales 1 (325096); Storica Analitica visura per immobile - Catasto Fabbricati."
"visura-storica","PI","CALCINAIA","1","347","","T","","analitica","","","PVP sales 1 (325096); Storica Analitica visura per immobile - Catasto Terreni."
"visura-storica","PI","CALCINAIA","1","363","10","F","","analitica","","","PVP sales 2 (325096,737812); Storica Analitica visura per immobile - Catasto Fabbricati."
"visura-storica","PI","CALCINAIA","1","363","13","F","","analitica","","","PVP sales 2 (325096,737812); Storica Analitica visura per immobile - Catasto Fabbricati."
"visura-storica","PI","CALCINAIA","12","38","1","F","","analitica","","","PVP sales 2 (843550,959095); Storica Analitica visura per immobile - Catasto Fabbricati."
"visura-storica","PI","CALCINAIA","12","38","6","F","","analitica","","","PVP sales 2 (843550,959095); Storica Analitica visura per immobile - Catasto Fabbricati."
"visura-storica","PI","CALCINAIA","12","96","","F","","analitica","","","PVP sales 2 (843550,959095); Storica Analitica visura per immobile - Catasto Fabbricati."
"visura-storica","PI","CALCINAIA","12","96","","T","","analitica","","","PVP sales 2 (843550,959095); Storica Analitica visura per immobile - Catasto Terreni."
"visura-storica","PI","CALCINAIA","17","69","14","F","","analitica","","","PVP sales 1 (4492078); Storica Analitica visura per immobile - Catasto Fabbricati."
"visura-storica","PI","CALCINAIA","18","29","7","F","","analitica","","","PVP sales 1 (4444876); Storica Analitica visura per immobile - Catasto Fabbricati."
"visura-storica","PI","CALCINAIA","19","14","11","F","","analitica","","","PVP sales 1 (1600044); Storica Analitica visura per immobile - Catasto Fabbricati."
"visura-storica","PI","CALCINAIA","19","86","85","F","","analitica","","","PVP sales 1 (4474835); Storica Analitica visura per immobile - Catasto Fabbricati."
"visura-storica","PI","CALCINAIA","20","240","1","F","","analitica","","","PVP sales 1 (2194473); Storica Analitica visura per immobile - Catasto Fabbricati."
"visura-storica","PI","CALCINAIA","20","412","14","F","","analitica","","","PVP sales 1 (4221651); Storica Analitica visura per immobile - Catasto Fabbricati."
"visura-storica","PI","CALCINAIA","20","412","15","F","","analitica","","","PVP sales 1 (4221651); Storica Analitica visura per immobile - Catasto Fabbricati."
"visura-storica","PI","CALCINAIA","20","776","2","F","","analitica","","","PVP sales 1 (4571306); Storica Analitica visura per immobile - Catasto Fabbricati."
"visura-storica","PI","CALCINAIA","20","776","3","F","","analitica","","","PVP sales 1 (4571306); Storica Analitica visura per immobile - Catasto Fabbricati."
"visura-storica","PI","CALCINAIA","20","776","5","F","","analitica","","","PVP sales 1 (4571306); Storica Analitica visura per immobile - Catasto Fabbricati."
"visura-storica","PI","CALCINAIA","20","805","","F","","analitica","","","PVP sales 1 (4571306); Storica Analitica visura per immobile - Catasto Fabbricati."
"visura-storica","PI","CALCINAIA","20","805","","T","","analitica","","","PVP sales 1 (4571306); Storica Analitica visura per immobile - Catasto Terreni."
"visura-storica","PI","CALCINAIA","4","47","","F","","analitica","","","PVP sales 1 (2075052); Storica Analitica visura per immobile - Catasto Fabbricati."
"visura-storica","PI","CALCINAIA","4","47","","T","","analitica","","","PVP sales 1 (2075052); Storica Analitica visura per immobile - Catasto Terreni."
"visura-storica","PI","CALCINAIA","4","48","","F","","analitica","","","PVP sales 1 (2075052); Storica Analitica visura per immobile - Catasto Fabbricati."
"visura-storica","PI","CALCINAIA","4","48","","T","","analitica","","","PVP sales 1 (2075052); Storica Analitica visura per immobile - Catasto Terreni."
"visura-storica","PI","CALCINAIA","4","601","","F","","analitica","","","PVP sales 1 (4221897); Storica Analitica visura per immobile - Catasto Fabbricati."
"visura-storica","PI","CALCINAIA","4","601","","T","","analitica","","","PVP sales 1 (4221897); Storica Analitica visura per immobile - Catasto Terreni."
"visura-storica","PI","CALCINAIA","4","682","","F","","analitica","","","PVP sales 1 (4221883); Storica Analitica visura per immobile - Catasto Fabbricati."
"visura-storica","PI","CALCINAIA","4","682","","T","","analitica","","","PVP sales 1 (4221883); Storica Analitica visura per immobile - Catasto Terreni."
"visura-storica","PI","CALCINAIA","5","144","44","F","","analitica","","","PVP sales 1 (2086773); Storica Analitica visura per immobile - Catasto Fabbricati."
"visura-storica","PI","CALCINAIA","5","157","","F","","analitica","","","PVP sales 3 (2064806,2166531,2243142); Storica Analitica visura per immobile - Catasto Fabbricati."
"visura-storica","PI","CALCINAIA","5","157","","T","","analitica","","","PVP sales 3 (2064806,2166531,2243142); Storica Analitica visura per immobile - Catasto Terreni."
"visura-storica","PI","CALCINAIA","5","573","43","F","","analitica","","","PVP sales 1 (4509128); Storica Analitica visura per immobile - Catasto Fabbricati."
"visura-storica","PI","CALCINAIA","5","575","20","F","","analitica","","","PVP sales 1 (1666752); Storica Analitica visura per immobile - Catasto Fabbricati."
"visura-storica","PI","CALCINAIA","6","174","1","F","","analitica","","","PVP sales 1 (981072); Storica Analitica visura per immobile - Catasto Fabbricati."
"visura-storica","PI","CALCINAIA","6","202","5","F","","analitica","","","PVP sales 1 (4425507); Storica Analitica visura per immobile - Catasto Fabbricati."
"visura-storica","PI","CALCINAIA","6","202","6","F","","analitica","","","PVP sales 1 (4425507); Storica Analitica visura per immobile - Catasto Fabbricati."
"visura-storica","PI","CALCINAIA","6","326","7","F","","analitica","","","PVP sales 1 (4284814); Storica Analitica visura per immobile - Catasto Fabbricati."
"visura-storica","PI","CALCINAIA","6","54","27","F","","analitica","","","PVP sales 3 (2068628,2177124,2243213); Storica Analitica visura per immobile - Catasto Fabbricati."
"visura-storica","PI","CALCINAIA","6","97","","F","","analitica","","","PVP sales 2 (2068630,2177126); Storica Analitica visura per immobile - Catasto Fabbricati."
"visura-storica","PI","CALCINAIA","6","97","","T","","analitica","","","PVP sales 2 (2068630,2177126); Storica Analitica visura per immobile - Catasto Terreni."
"visura-storica","PI","CAPANNOLI","20","284","3","F","","analitica","","","PVP sales 2 (1874869,2141568); Storica Analitica visura per immobile - Catasto Fabbricati."
"visura-storica","PI","CAPANNOLI","21","158","10","F","","analitica","","","PVP sales 1 (4269329); Storica Analitica visura per immobile - Catasto Fabbricati."
"visura-storica","PI","CAPANNOLI","21","158","9","F","","analitica","","","PVP sales 2 (2143436,4269200); Storica Analitica visura per immobile - Catasto Fabbricati."
"visura-storica","PI","CAPANNOLI","21","205","5","F","","analitica","","","PVP sales 1 (469161); Storica Analitica visura per immobile - Catasto Fabbricati."
"visura-storica","PI","CAPANNOLI","21","205","6","F","","analitica","","","PVP sales 1 (469184); Storica Analitica visura per immobile - Catasto Fabbricati."
"visura-storica","PI","CAPANNOLI","21","489","","F","","analitica","","","PVP sales 1 (469161); Storica Analitica visura per immobile - Catasto Fabbricati."
"visura-storica","PI","CAPANNOLI","21","489","","T","","analitica","","","PVP sales 1 (469161); Storica Analitica visura per immobile - Catasto Terreni."
"visura-storica","PI","CAPANNOLI","24","650","","F","","analitica","","","PVP sales 2 (2241735,4250100); Storica Analitica visura per immobile - Catasto Fabbricati."
"visura-storica","PI","CAPANNOLI","24","650","","T","","analitica","","","PVP sales 2 (2241735,4250100); Storica Analitica visura per immobile - Catasto Terreni."
"visura-storica","PI","CAPANNOLI","24","657","","F","","analitica","","","PVP sales 1 (2241735); Storica Analitica visura per immobile - Catasto Fabbricati."
"visura-storica","PI","CAPANNOLI","24","657","","T","","analitica","","","PVP sales 1 (2241735); Storica Analitica visura per immobile - Catasto Terreni."
"visura-storica","PI","CAPANNOLI","24","739","","F","","analitica","","","PVP sales 1 (2241735); Storica Analitica visura per immobile - Catasto Fabbricati."
"visura-storica","PI","CAPANNOLI","24","739","","T","","analitica","","","PVP sales 1 (2241735); Storica Analitica visura per immobile - Catasto Terreni."
"visura-storica","PI","CAPANNOLI","24","743","4","F","","analitica","","","PVP sales 2 (2241735,4250100); Storica Analitica visura per immobile - Catasto Fabbricati."
"visura-storica","PI","CAPANNOLI","26","51","13","F","","analitica","","","PVP sales 2 (4345254,4444186); Storica Analitica visura per immobile - Catasto Fabbricati."
"visura-storica","PI","CAPANNOLI","5","221","20","F","","analitica","","","PVP sales 1 (1797396); Storica Analitica visura per immobile - Catasto Fabbricati."
"visura-storica","PI","CAPANNOLI","5","221","47","F","","analitica","","","PVP sales 1 (1797396); Storica Analitica visura per immobile - Catasto Fabbricati."
"visura-storica","PI","CAPANNOLI","5","221","5","F","","analitica","","","PVP sales 2 (1797623,2021150); Storica Analitica visura per immobile - Catasto Fabbricati."
"visura-storica","PI","CAPANNOLI","5","221","9","F","","analitica","","","PVP sales 1 (1797623); Storica Analitica visura per immobile - Catasto Fabbricati."
"visura-storica","PI","CAPANNOLI","5","359","4","F","","analitica","","","PVP sales 1 (1797396); Storica Analitica visura per immobile - Catasto Fabbricati."
"visura-storica","PI","CAPANNOLI","5","751","4","F","","analitica","","","PVP sales 1 (1797396); Storica Analitica visura per immobile - Catasto Fabbricati."
"visura-storica","PI","CAPANNOLI","5","852","49","F","","analitica","","","PVP sales 2 (341278,553230); Storica Analitica visura per immobile - Catasto Fabbricati."
"visura-storica","PI","CAPANNOLI","5","876","","F","","analitica","","","PVP sales 2 (4364534,4461731); Storica Analitica visura per immobile - Catasto Fabbricati."
"visura-storica","PI","CAPANNOLI","5","876","","T","","analitica","","","PVP sales 2 (4364534,4461731); Storica Analitica visura per immobile - Catasto Terreni."
"visura-storica","PI","CAPANNOLI","5","877","","F","","analitica","","","PVP sales 2 (4364534,4461731); Storica Analitica visura per immobile - Catasto Fabbricati."
"visura-storica","PI","CAPANNOLI","5","877","","T","","analitica","","","PVP sales 2 (4364534,4461731); Storica Analitica visura per immobile - Catasto Terreni."
"visura-storica","PI","CAPANNOLI","5","878","","F","","analitica","","","PVP sales 2 (4364534,4461731); Storica Analitica visura per immobile - Catasto Fabbricati."
"visura-storica","PI","CAPANNOLI","5","878","","T","","analitica","","","PVP sales 2 (4364534,4461731); Storica Analitica visura per immobile - Catasto Terreni."
"visura-storica","PI","CAPANNOLI","5","879","","F","","analitica","","","PVP sales 2 (4364534,4461731); Storica Analitica visura per immobile - Catasto Fabbricati."
"visura-storica","PI","CAPANNOLI","5","879","","T","","analitica","","","PVP sales 2 (4364534,4461731); Storica Analitica visura per immobile - Catasto Terreni."
"visura-storica","PI","CAPANNOLI","5","880","","F","","analitica","","","PVP sales 2 (4364534,4461731); Storica Analitica visura per immobile - Catasto Fabbricati."
"visura-storica","PI","CAPANNOLI","5","880","","T","","analitica","","","PVP sales 2 (4364534,4461731); Storica Analitica visura per immobile - Catasto Terreni."
"visura-storica","PI","CAPANNOLI","5","881","","F","","analitica","","","PVP sales 2 (4364534,4461731); Storica Analitica visura per immobile - Catasto Fabbricati."
"visura-storica","PI","CAPANNOLI","5","881","","T","","analitica","","","PVP sales 2 (4364534,4461731); Storica Analitica visura per immobile - Catasto Terreni."
"visura-storica","PI","CAPANNOLI","5","882","","F","","analitica","","","PVP sales 2 (4364534,4461731); Storica Analitica visura per immobile - Catasto Fabbricati."
"visura-storica","PI","CAPANNOLI","5","882","","T","","analitica","","","PVP sales 2 (4364534,4461731); Storica Analitica visura per immobile - Catasto Terreni."
"visura-storica","PI","CAPANNOLI","5","987","12","F","","analitica","","","PVP sales 2 (341278,553230); Storica Analitica visura per immobile - Catasto Fabbricati."
"visura-storica","PI","CAPANNOLI","6","179","","F","","analitica","","","PVP sales 2 (4364534,4461731); Storica Analitica visura per immobile - Catasto Fabbricati."
"visura-storica","PI","CAPANNOLI","6","179","","T","","analitica","","","PVP sales 2 (4364534,4461731); Storica Analitica visura per immobile - Catasto Terreni."
"visura-storica","PI","CAPANNOLI","6","408","","F","","analitica","","","PVP sales 2 (4364534,4461731); Storica Analitica visura per immobile - Catasto Fabbricati."
"visura-storica","PI","CAPANNOLI","6","408","","T","","analitica","","","PVP sales 2 (4364534,4461731); Storica Analitica visura per immobile - Catasto Terreni."
"visura-storica","PI","CAPANNOLI","6","409","","F","","analitica","","","PVP sales 2 (4364534,4461731); Storica Analitica visura per immobile - Catasto Fabbricati."
"visura-storica","PI","CAPANNOLI","6","409","","T","","analitica","","","PVP sales 2 (4364534,4461731); Storica Analitica visura per immobile - Catasto Terreni."
"visura-storica","PI","CAPANNOLI","6","410","","F","","analitica","","","PVP sales 2 (4364534,4461731); Storica Analitica visura per immobile - Catasto Fabbricati."
"visura-storica","PI","CAPANNOLI","6","410","","T","","analitica","","","PVP sales 2 (4364534,4461731); Storica Analitica visura per immobile - Catasto Terreni."
"visura-storica","PI","CAPANNOLI","6","411","","F","","analitica","","","PVP sales 2 (4364534,4461731); Storica Analitica visura per immobile - Catasto Fabbricati."
"visura-storica","PI","CAPANNOLI","6","411","","T","","analitica","","","PVP sales 2 (4364534,4461731); Storica Analitica visura per immobile - Catasto Terreni."
"visura-storica","PI","CAPANNOLI","6","412","","F","","analitica","","","PVP sales 2 (4364534,4461731); Storica Analitica visura per immobile - Catasto Fabbricati."
"visura-storica","PI","CAPANNOLI","6","412","","T","","analitica","","","PVP sales 2 (4364534,4461731); Storica Analitica visura per immobile - Catasto Terreni."
"visura-storica","PI","CAPANNOLI","6","413","","F","","analitica","","","PVP sales 2 (4364534,4461731); Storica Analitica visura per immobile - Catasto Fabbricati."
"visura-storica","PI","CAPANNOLI","6","413","","T","","analitica","","","PVP sales 2 (4364534,4461731); Storica Analitica visura per immobile - Catasto Terreni."
"visura-storica","PI","CAPANNOLI","6","414","","F","","analitica","","","PVP sales 2 (4364534,4461731); Storica Analitica visura per immobile - Catasto Fabbricati."
"visura-storica","PI","CAPANNOLI","6","414","","T","","analitica","","","PVP sales 2 (4364534,4461731); Storica Analitica visura per immobile - Catasto Terreni."
"visura-storica","PI","CAPANNOLI","6","415","","F","","analitica","","","PVP sales 2 (4364534,4461731); Storica Analitica visura per immobile - Catasto Fabbricati."
"visura-storica","PI","CAPANNOLI","6","415","","T","","analitica","","","PVP sales 2 (4364534,4461731); Storica Analitica visura per immobile - Catasto Terreni."
"visura-storica","PI","CAPANNOLI","6","416","","F","","analitica","","","PVP sales 2 (4364534,4461731); Storica Analitica visura per immobile - Catasto Fabbricati."
"visura-storica","PI","CAPANNOLI","6","416","","T","","analitica","","","PVP sales 2 (4364534,4461731); Storica Analitica visura per immobile - Catasto Terreni."
"visura-storica","PI","CAPANNOLI","6","417","","F","","analitica","","","PVP sales 2 (4364534,4461731); Storica Analitica visura per immobile - Catasto Fabbricati."
"visura-storica","PI","CAPANNOLI","6","417","","T","","analitica","","","PVP sales 2 (4364534,4461731); Storica Analitica visura per immobile - Catasto Terreni."
"visura-storica","PI","CAPANNOLI","6","444","","F","","analitica","","","PVP sales 2 (4364534,4461731); Storica Analitica visura per immobile - Catasto Fabbricati."
"visura-storica","PI","CAPANNOLI","6","444","","T","","analitica","","","PVP sales 2 (4364534,4461731); Storica Analitica visura per immobile - Catasto Terreni."
"visura-storica","PI","CAPANNOLI","6","445","","F","","analitica","","","PVP sales 2 (4364534,4461731); Storica Analitica visura per immobile - Catasto Fabbricati."
"visura-storica","PI","CAPANNOLI","6","445","","T","","analitica","","","PVP sales 2 (4364534,4461731); Storica Analitica visura per immobile - Catasto Terreni."
"visura-storica","PI","CAPANNOLI","9","541","5","F","","analitica","","","PVP sales 1 (4501609); Storica Analitica visura per immobile - Catasto Fabbricati."
"visura-storica","PI","CAPANNOLI","9","541","6","F","","analitica","","","PVP sales 1 (4501609); Storica Analitica visura per immobile - Catasto Fabbricati."
"visura-storica","PI","CASCIANA TERME LARI","10","175","","F","","analitica","","","PVP sales 1 (2045487); Storica Analitica visura per immobile - Catasto Fabbricati."
"visura-storica","PI","CASCIANA TERME LARI","10","175","","T","","analitica","","","PVP sales 1 (2045487); Storica Analitica visura per immobile - Catasto Terreni."
"visura-storica","PI","CASCIANA TERME LARI","10","30","","F","","analitica","","","PVP sales 1 (2045487); Storica Analitica visura per immobile - Catasto Fabbricati."
"visura-storica","PI","CASCIANA TERME LARI","10","30","","T","","analitica","","","PVP sales 1 (2045487); Storica Analitica visura per immobile - Catasto Terreni."
"visura-storica","PI","CASCIANA TERME LARI","10","59","","F","","analitica","","","PVP sales 1 (2045487); Storica Analitica visura per immobile - Catasto Fabbricati."
"visura-storica","PI","CASCIANA TERME LARI","10","59","","T","","analitica","","","PVP sales 1 (2045487); Storica Analitica visura per immobile - Catasto Terreni."
"visura-storica","PI","CASCIANA TERME LARI","11","29","4","F","","analitica","","","PVP sales 1 (2126252); Storica Analitica visura per immobile - Catasto Fabbricati."
"visura-storica","PI","CASCIANA TERME LARI","11","48","3","F","","analitica","","","PVP sales 1 (4460671); Storica Analitica visura per immobile - Catasto Fabbricati."
"visura-storica","PI","CASCIANA TERME LARI","11","48","4","F","","analitica","","","PVP sales 1 (4460679); Storica Analitica visura per immobile - Catasto Fabbricati."
"visura-storica","PI","CASCIANA TERME LARI","11","48","6","F","","analitica","","","PVP sales 1 (4460697); Storica Analitica visura per immobile - Catasto Fabbricati."
"visura-storica","PI","CASCIANA TERME LARI","11","48","7","F","","analitica","","","PVP sales 1 (4460699); Storica Analitica visura per immobile - Catasto Fabbricati."
"visura-storica","PI","CASCIANA TERME LARI","11","48","8","F","","analitica","","","PVP sales 1 (4460701); Storica Analitica visura per immobile - Catasto Fabbricati."
"visura-storica","PI","CASCIANA TERME LARI","11","48","9","F","","analitica","","","PVP sales 1 (4460702); Storica Analitica visura per immobile - Catasto Fabbricati."
"visura-storica","PI","CASCIANA TERME LARI","12","117","","F","","analitica","","","PVP sales 1 (2185786); Storica Analitica visura per immobile - Catasto Fabbricati."
"visura-storica","PI","CASCIANA TERME LARI","12","117","","T","","analitica","","","PVP sales 1 (2185786); Storica Analitica visura per immobile - Catasto Terreni."
"visura-storica","PI","CASCIANA TERME LARI","12","447","13","F","","analitica","","","PVP sales 2 (4492990,4568127); Storica Analitica visura per immobile - Catasto Fabbricati."
"visura-storica","PI","CASCIANA TERME LARI","12","447","32","F","","analitica","","","PVP sales 2 (4492990,4568127); Storica Analitica visura per immobile - Catasto Fabbricati."
"visura-storica","PI","CASCIANA TERME LARI","12","659","1","F","","analitica","","","PVP sales 1 (4545283); Storica Analitica visura per immobile - Catasto Fabbricati."
"visura-storica","PI","CASCIANA TERME LARI","12","659","2","F","","analitica","","","PVP sales 1 (4545283); Storica Analitica visura per immobile - Catasto Fabbricati."
"visura-storica","PI","CASCIANA TERME LARI","12","659","3","F","","analitica","","","PVP sales 1 (4548299); Storica Analitica visura per immobile - Catasto Fabbricati."
"visura-storica","PI","CASCIANA TERME LARI","12","659","4","F","","analitica","","","PVP sales 1 (4548299); Storica Analitica visura per immobile - Catasto Fabbricati."
"visura-storica","PI","CASCIANA TERME LARI","13","308","","F","","analitica","","","PVP sales 2 (1112865,1484780); Storica Analitica visura per immobile - Catasto Fabbricati."
"visura-storica","PI","CASCIANA TERME LARI","13","308","","T","","analitica","","","PVP sales 2 (1112865,1484780); Storica Analitica visura per immobile - Catasto Terreni."
"visura-storica","PI","CASCIANA TERME LARI","13","308","2","F","","analitica","","","PVP sales 3 (596876,1112865,1484780); Storica Analitica visura per immobile - Catasto Fabbricati."
"visura-storica","PI","CASCIANA TERME LARI","13","45","","F","","analitica","","","PVP sales 2 (4248806,4555580); Storica Analitica visura per immobile - Catasto Fabbricati."
"visura-storica","PI","CASCIANA TERME LARI","13","45","","T","","analitica","","","PVP sales 2 (4248806,4555580); Storica Analitica visura per immobile - Catasto Terreni."
"visura-storica","PI","CASCIANA TERME LARI","13","671","","F","","analitica","","","PVP sales 1 (4559095); Storica Analitica visura per immobile - Catasto Fabbricati."
"visura-storica","PI","CASCIANA TERME LARI","13","671","","T","","analitica","","","PVP sales 1 (4559095); Storica Analitica visura per immobile - Catasto Terreni."
"visura-storica","PI","CASCIANA TERME LARI","14","121","7","F","","analitica","","","PVP sales 1 (2021053); Storica Analitica visura per immobile - Catasto Fabbricati."
"visura-storica","PI","CASCIANA TERME LARI","14","184","10","F","","analitica","","","PVP sales 3 (2098117,2173728,4395009); Storica Analitica visura per immobile - Catasto Fabbricati."
"visura-storica","PI","CASCIANA TERME LARI","14","477","3","F","","analitica","","","PVP sales 1 (4528292); Storica Analitica visura per immobile - Catasto Fabbricati."
"visura-storica","PI","CASCIANA TERME LARI","14","477","4","F","","analitica","","","PVP sales 1 (4528292); Storica Analitica visura per immobile - Catasto Fabbricati."
"visura-storica","PI","CASCIANA TERME LARI","14","567","8","F","","analitica","","","PVP sales 1 (1013039); Storica Analitica visura per immobile - Catasto Fabbricati."
"visura-storica","PI","CASCIANA TERME LARI","14","64","68","F","","analitica","","","PVP sales 1 (2248888); Storica Analitica visura per immobile - Catasto Fabbricati."
"visura-storica","PI","CASCIANA TERME LARI","14","64","78","F","","analitica","","","PVP sales 1 (2248888); Storica Analitica visura per immobile - Catasto Fabbricati."
"visura-storica","PI","CASCIANA TERME LARI","14","87","37","F","","analitica","","","PVP sales 1 (1013039); Storica Analitica visura per immobile - Catasto Fabbricati."
"visura-storica","PI","CASCIANA TERME LARI","14","87","41","F","","analitica","","","PVP sales 1 (1013039); Storica Analitica visura per immobile - Catasto Fabbricati."
"visura-storica","PI","CASCIANA TERME LARI","14","922","5","F","","analitica","","","PVP sales 1 (4268270); Storica Analitica visura per immobile - Catasto Fabbricati."
"visura-storica","PI","CASCIANA TERME LARI","15","1175","7","F","","analitica","","","PVP sales 1 (4462534); Storica Analitica visura per immobile - Catasto Fabbricati."
"visura-storica","PI","CASCIANA TERME LARI","15","1568","","F","","analitica","","","PVP sales 3 (4427683,4494080,4536123); Storica Analitica visura per immobile - Catasto Fabbricati."
"visura-storica","PI","CASCIANA TERME LARI","15","1568","","T","","analitica","","","PVP sales 3 (4427683,4494080,4536123); Storica Analitica visura per immobile - Catasto Terreni."
"visura-storica","PI","CASCIANA TERME LARI","15","1641","","F","","analitica","","","PVP sales 3 (4427683,4494080,4536123); Storica Analitica visura per immobile - Catasto Fabbricati."
"visura-storica","PI","CASCIANA TERME LARI","15","1641","","T","","analitica","","","PVP sales 3 (4427683,4494080,4536123); Storica Analitica visura per immobile - Catasto Terreni."
"visura-storica","PI","CASCIANA TERME LARI","15","1738","","F","","analitica","","","PVP sales 3 (4427683,4494080,4536123); Storica Analitica visura per immobile - Catasto Fabbricati."
"visura-storica","PI","CASCIANA TERME LARI","15","1738","","T","","analitica","","","PVP sales 3 (4427683,4494080,4536123); Storica Analitica visura per immobile - Catasto Terreni."
"visura-storica","PI","CASCIANA TERME LARI","15","1798","16","F","","analitica","","","PVP sales 3 (4427683,4494080,4536123); Storica Analitica visura per immobile - Catasto Fabbricati."
"visura-storica","PI","CASCIANA TERME LARI","15","196","8","F","","analitica","","","PVP sales 2 (2250985,4261552); Storica Analitica visura per immobile - Catasto Fabbricati."
"visura-storica","PI","CASCIANA TERME LARI","15","2029","","F","","analitica","","","PVP sales 3 (4427683,4494080,4536123); Storica Analitica visura per immobile - Catasto Fabbricati."
"visura-storica","PI","CASCIANA TERME LARI","15","2029","","T","","analitica","","","PVP sales 3 (4427683,4494080,4536123); Storica Analitica visura per immobile - Catasto Terreni."
"visura-storica","PI","CASCIANA TERME LARI","15","2030","","F","","analitica","","","PVP sales 3 (4427683,4494080,4536123); Storica Analitica visura per immobile - Catasto Fabbricati."
"visura-storica","PI","CASCIANA TERME LARI","15","2030","","T","","analitica","","","PVP sales 3 (4427683,4494080,4536123); Storica Analitica visura per immobile - Catasto Terreni."
"visura-storica","PI","CASCIANA TERME LARI","15","420","","F","","analitica","","","PVP sales 1 (4436925); Storica Analitica visura per immobile - Catasto Fabbricati."
"visura-storica","PI","CASCIANA TERME LARI","15","420","","T","","analitica","","","PVP sales 1 (4436925); Storica Analitica visura per immobile - Catasto Terreni."
"visura-storica","PI","CASCIANA TERME LARI","15","536","32","F","","analitica","","","PVP sales 3 (614376,1454256,1993483); Storica Analitica visura per immobile - Catasto Fabbricati."
"visura-storica","PI","CASCIANA TERME LARI","15","536","8","F","","analitica","","","PVP sales 3 (614376,1454256,1993483); Storica Analitica visura per immobile - Catasto Fabbricati."
"visura-storica","PI","CASCIANA TERME LARI","15","641","3","F","","analitica","","","PVP sales 1 (4567239); Storica Analitica visura per immobile - Catasto Fabbricati."
"visura-storica","PI","CASCIANA TERME LARI","15","641","4","F","","analitica","","","PVP sales 1 (4567239); Storica Analitica visura per immobile - Catasto Fabbricati."
"visura-storica","PI","CASCIANA TERME LARI","15","641","5","F","","analitica","","","PVP sales 1 (4567239); Storica Analitica visura per immobile - Catasto Fabbricati."
"visura-storica","PI","CASCIANA TERME LARI","15","641","6","F","","analitica","","","PVP sales 1 (4567252); Storica Analitica visura per immobile - Catasto Fabbricati."
"visura-storica","PI","CASCIANA TERME LARI","15","79","5","F","","analitica","","","PVP sales 1 (2126335); Storica Analitica visura per immobile - Catasto Fabbricati."
"visura-storica","PI","CASCIANA TERME LARI","16","234","","F","","analitica","","","PVP sales 2 (4250871,4250895); Storica Analitica visura per immobile - Catasto Fabbricati."
"visura-storica","PI","CASCIANA TERME LARI","16","234","","T","","analitica","","","PVP sales 2 (4250871,4250895); Storica Analitica visura per immobile - Catasto Terreni."
"visura-storica","PI","CASCIANA TERME LARI","16","264","10","F","","analitica","","","PVP sales 1 (4564462); Storica Analitica visura per immobile - Catasto Fabbricati."
"visura-storica","PI","CASCIANA TERME LARI","17","115","3","F","","analitica","","","PVP sales 4 (4240587,4407078,4452113,4502217); Storica Analitica visura per immobile - Catasto Fabbricati."
"visura-storica","PI","CASCIANA TERME LARI","17","115","4","F","","analitica","","","PVP sales 4 (4240587,4407078,4452113,4502217); Storica Analitica visura per immobile - Catasto Fabbricati."
"visura-storica","PI","CASCIANA TERME LARI","17","292","","F","","analitica","","","PVP sales 3 (1991970,1991985,1992015); Storica Analitica visura per immobile - Catasto Fabbricati."
"visura-storica","PI","CASCIANA TERME LARI","17","292","","T","","analitica","","","PVP sales 3 (1991970,1991985,1992015); Storica Analitica visura per immobile - Catasto Terreni."
"visura-storica","PI","CASCIANA TERME LARI","17","415","","F","","analitica","","","PVP sales 3 (1991970,1991985,1992015); Storica Analitica visura per immobile - Catasto Fabbricati."
"visura-storica","PI","CASCIANA TERME LARI","17","415","","T","","analitica","","","PVP sales 3 (1991970,1991985,1992015); Storica Analitica visura per immobile - Catasto Terreni."
"visura-storica","PI","CASCIANA TERME LARI","17","424","","F","","analitica","","","PVP sales 1 (4250928); Storica Analitica visura per immobile - Catasto Fabbricati."
"visura-storica","PI","CASCIANA TERME LARI","17","424","","T","","analitica","","","PVP sales 1 (4250928); Storica Analitica visura per immobile - Catasto Terreni."
"visura-storica","PI","CASCIANA TERME LARI","17","617","","F","","analitica","","","PVP sales 3 (1991970,1991985,1992015); Storica Analitica visura per immobile - Catasto Fabbricati."
"visura-storica","PI","CASCIANA TERME LARI","17","617","","T","","analitica","","","PVP sales 3 (1991970,1991985,1992015); Storica Analitica visura per immobile - Catasto Terreni."
"visura-storica","PI","CASCIANA TERME LARI","17","619","","F","","analitica","","","PVP sales 3 (1991970,1991985,1992015); Storica Analitica visura per immobile - Catasto Fabbricati."
"visura-storica","PI","CASCIANA TERME LARI","17","619","","T","","analitica","","","PVP sales 3 (1991970,1991985,1992015); Storica Analitica visura per immobile - Catasto Terreni."
"visura-storica","PI","CASCIANA TERME LARI","17","620","","F","","analitica","","","PVP sales 3 (1991970,1991985,1992015); Storica Analitica visura per immobile - Catasto Fabbricati."
"visura-storica","PI","CASCIANA TERME LARI","17","620","","T","","analitica","","","PVP sales 3 (1991970,1991985,1992015); Storica Analitica visura per immobile - Catasto Terreni."
"visura-storica","PI","CASCIANA TERME LARI","17","621","","F","","analitica","","","PVP sales 3 (1991970,1991985,1992015); Storica Analitica visura per immobile - Catasto Fabbricati."
"visura-storica","PI","CASCIANA TERME LARI","17","621","","T","","analitica","","","PVP sales 3 (1991970,1991985,1992015); Storica Analitica visura per immobile - Catasto Terreni."
"visura-storica","PI","CASCIANA TERME LARI","17","622","","F","","analitica","","","PVP sales 3 (1991970,1991985,1992015); Storica Analitica visura per immobile - Catasto Fabbricati."
"visura-storica","PI","CASCIANA TERME LARI","17","622","","T","","analitica","","","PVP sales 3 (1991970,1991985,1992015); Storica Analitica visura per immobile - Catasto Terreni."
"visura-storica","PI","CASCIANA TERME LARI","17","66","4","F","","analitica","","","PVP sales 2 (2150415,2255913); Storica Analitica visura per immobile - Catasto Fabbricati."
"visura-storica","PI","CASCIANA TERME LARI","17","76","","F","","analitica","","","PVP sales 3 (1991970,1991985,1992015); Storica Analitica visura per immobile - Catasto Fabbricati."
"visura-storica","PI","CASCIANA TERME LARI","17","76","","T","","analitica","","","PVP sales 3 (1991970,1991985,1992015); Storica Analitica visura per immobile - Catasto Terreni."
"visura-storica","PI","CASCIANA TERME LARI","17","78","3","F","","analitica","","","PVP sales 1 (1992015); Storica Analitica visura per immobile - Catasto Fabbricati."
"visura-storica","PI","CASCIANA TERME LARI","17","78","4","F","","analitica","","","PVP sales 1 (1991985); Storica Analitica visura per immobile - Catasto Fabbricati."
"visura-storica","PI","CASCIANA TERME LARI","17","79","3","F","","analitica","","","PVP sales 1 (1991970); Storica Analitica visura per immobile - Catasto Fabbricati."
"visura-storica","PI","CASCIANA TERME LARI","17","84","","F","","analitica","","","PVP sales 3 (1991970,1991985,1992015); Storica Analitica visura per immobile - Catasto Fabbricati."
"visura-storica","PI","CASCIANA TERME LARI","17","84","","T","","analitica","","","PVP sales 3 (1991970,1991985,1992015); Storica Analitica visura per immobile - Catasto Terreni."
"visura-storica","PI","CASCIANA TERME LARI","17","85","","F","","analitica","","","PVP sales 3 (1991970,1991985,1992015); Storica Analitica visura per immobile - Catasto Fabbricati."
"visura-storica","PI","CASCIANA TERME LARI","17","85","","T","","analitica","","","PVP sales 3 (1991970,1991985,1992015); Storica Analitica visura per immobile - Catasto Terreni."
"visura-storica","PI","CASCIANA TERME LARI","18","167","11","F","","analitica","","","PVP sales 1 (4497295); Storica Analitica visura per immobile - Catasto Fabbricati."
"visura-storica","PI","CASCIANA TERME LARI","18","167","12","F","","analitica","","","PVP sales 1 (4497295); Storica Analitica visura per immobile - Catasto Fabbricati."
"visura-storica","PI","CASCIANA TERME LARI","18","273","13","F","","analitica","","","PVP sales 2 (2075249,2075313); Storica Analitica visura per immobile - Catasto Fabbricati."
"visura-storica","PI","CASCIANA TERME LARI","18","273","18","F","","analitica","","","PVP sales 2 (2075249,2075313); Storica Analitica visura per immobile - Catasto Fabbricati."
"visura-storica","PI","CASCIANA TERME LARI","2","138","","T","","analitica","","","PVP sales 1 (4548887); Storica Analitica visura per immobile - Catasto Terreni."
"visura-storica","PI","CASCIANA TERME LARI","2","144","","T","","analitica","","","PVP sales 1 (4446808); Storica Analitica visura per immobile - Catasto Terreni."
"visura-storica","PI","CASCIANA TERME LARI","2","145","","T","","analitica","","","PVP sales 1 (4446808); Storica Analitica visura per immobile - Catasto Terreni."
"visura-storica","PI","CASCIANA TERME LARI","2","349","","F","","analitica","","","PVP sales 1 (4548887); Storica Analitica visura per immobile - Catasto Fabbricati."
"visura-storica","PI","CASCIANA TERME LARI","2","350","","T","","analitica","","","PVP sales 1 (4548887); Storica Analitica visura per immobile - Catasto Terreni."
"visura-storica","PI","CASCIANA TERME LARI","2","54","8","F","","analitica","","","PVP sales 1 (4446794); Storica Analitica visura per immobile - Catasto Fabbricati."
"visura-storica","PI","CASCIANA TERME LARI","2","73","1","F","","analitica","","","PVP sales 1 (4548887); Storica Analitica visura per immobile - Catasto Fabbricati."
"visura-storica","PI","CASCIANA TERME LARI","24","602","25","F","","analitica","","","PVP sales 4 (1714668,1714681,1823447,1912492); Storica Analitica visura per immobile - Catasto Fabbricati."
"visura-storica","PI","CASCIANA TERME LARI","24","602","28","F","","analitica","","","PVP sales 4 (1714668,1714681,1823447,1912492); Storica Analitica visura per immobile - Catasto Fabbricati."
"visura-storica","PI","CASCIANA TERME LARI","25","144","","T","","analitica","","","PVP sales 3 (2083183,4247019,4525551); Storica Analitica visura per immobile - Catasto Terreni."
"visura-storica","PI","CASCIANA TERME LARI","25","145","","T","","analitica","","","PVP sales 3 (2083183,4247019,4525551); Storica Analitica visura per immobile - Catasto Terreni."
"visura-storica","PI","CASCIANA TERME LARI","25","457","","T","","analitica","","","PVP sales 3 (2083183,4247019,4525551); Storica Analitica visura per immobile - Catasto Terreni."
"visura-storica","PI","CASCIANA TERME LARI","25","458","","T","","analitica","","","PVP sales 3 (2083183,4247019,4525551); Storica Analitica visura per immobile - Catasto Terreni."
"visura-storica","PI","CASCIANA TERME LARI","25","459","","T","","analitica","","","PVP sales 3 (2083183,4247019,4525551); Storica Analitica visura per immobile - Catasto Terreni."
"visura-storica","PI","CASCIANA TERME LARI","25","461","","T","","analitica","","","PVP sales 2 (4247019,4525551); Storica Analitica visura per immobile - Catasto Terreni."
"visura-storica","PI","CASCIANA TERME LARI","25","462","","F","","analitica","","","PVP sales 1 (4247019); Storica Analitica visura per immobile - Catasto Fabbricati."
"visura-storica","PI","CASCIANA TERME LARI","26","497","","F","","analitica","","","PVP sales 3 (616004,616072,619413); Storica Analitica visura per immobile - Catasto Fabbricati."
"visura-storica","PI","CASCIANA TERME LARI","26","497","3","F","","analitica","","","PVP sales 1 (615720); Storica Analitica visura per immobile - Catasto Fabbricati."
"visura-storica","PI","CASCIANA TERME LARI","26","561","","T","","analitica","","","PVP sales 4 (615720,616004,616072,619413); Storica Analitica visura per immobile - Catasto Terreni."
"visura-storica","PI","CASCIANA TERME LARI","26","859","","T","","analitica","","","PVP sales 4 (615720,616004,616072,619413); Storica Analitica visura per immobile - Catasto Terreni."
"visura-storica","PI","CASCIANA TERME LARI","26","913","1","F","","analitica","","","PVP sales 1 (747093); Storica Analitica visura per immobile - Catasto Fabbricati."
"visura-storica","PI","CASCIANA TERME LARI","26","913","2","F","","analitica","","","PVP sales 2 (384255,747093); Storica Analitica visura per immobile - Catasto Fabbricati."
"visura-storica","PI","CASCIANA TERME LARI","26","913","3","F","","analitica","","","PVP sales 2 (384255,747093); Storica Analitica visura per immobile - Catasto Fabbricati."
"visura-storica","PI","CASCIANA TERME LARI","26","913","4","F","","analitica","","","PVP sales 1 (747089); Storica Analitica visura per immobile - Catasto Fabbricati."
"visura-storica","PI","CASCIANA TERME LARI","26","913","5","F","","analitica","","","PVP sales 2 (384191,747089); Storica Analitica visura per immobile - Catasto Fabbricati."
"visura-storica","PI","CASCIANA TERME LARI","26","913","6","F","","analitica","","","PVP sales 2 (560327,747089); Storica Analitica visura per immobile - Catasto Fabbricati."
"visura-storica","PI","CASCIANA TERME LARI","28","131","","F","","analitica","","","PVP sales 2 (4248806,4555580); Storica Analitica visura per immobile - Catasto Fabbricati."
"visura-storica","PI","CASCIANA TERME LARI","28","131","","T","","analitica","","","PVP sales 2 (4248806,4555580); Storica Analitica visura per immobile - Catasto Terreni."
"visura-storica","PI","CASCIANA TERME LARI","28","142","","F","","analitica","","","PVP sales 2 (4248806,4555580); Storica Analitica visura per immobile - Catasto Fabbricati."
"visura-storica","PI","CASCIANA TERME LARI","28","142","","T","","analitica","","","PVP sales 2 (4248806,4555580); Storica Analitica visura per immobile - Catasto Terreni."
"visura-storica","PI","CASCIANA TERME LARI","28","362","1","F","","analitica","","","PVP sales 2 (4282375,4368979); Storica Analitica visura per immobile - Catasto Fabbricati."
"visura-storica","PI","CASCIANA TERME LARI","28","362","2","F","","analitica","","","PVP sales 2 (4282375,4368979); Storica Analitica visura per immobile - Catasto Fabbricati."
"visura-storica","PI","CASCIANA TERME LARI","28","362","3","F","","analitica","","","PVP sales 2 (4282375,4368979); Storica Analitica visura per immobile - Catasto Fabbricati."
"visura-storica","PI","CASCIANA TERME LARI","28","362","4","F","","analitica","","","PVP sales 2 (4282375,4368979); Storica Analitica visura per immobile - Catasto Fabbricati."
"visura-storica","PI","CASCIANA TERME LARI","3","220","11","F","","analitica","","","PVP sales 1 (4449764); Storica Analitica visura per immobile - Catasto Fabbricati."
"visura-storica","PI","CASCIANA TERME LARI","3","220","17","F","","analitica","","","PVP sales 1 (4449755); Storica Analitica visura per immobile - Catasto Fabbricati."
"visura-storica","PI","CASCIANA TERME LARI","3","274","13","F","","analitica","","","PVP sales 1 (1709428); Storica Analitica visura per immobile - Catasto Fabbricati."
"visura-storica","PI","CASCIANA TERME LARI","3","274","29","F","","analitica","","","PVP sales 1 (1709428); Storica Analitica visura per immobile - Catasto Fabbricati."
"visura-storica","PI","CASCIANA TERME LARI","30","241","","T","","analitica","","","PVP sales 2 (4248806,4555580); Storica Analitica visura per immobile - Catasto Terreni."
"visura-storica","PI","CASCIANA TERME LARI","30","316","","T","","analitica","","","PVP sales 2 (4248806,4555580); Storica Analitica visura per immobile - Catasto Terreni."
"visura-storica","PI","CASCIANA TERME LARI","30","545","11","F","","analitica","","","PVP sales 1 (2068635); Storica Analitica visura per immobile - Catasto Fabbricati."
"visura-storica","PI","CASCIANA TERME LARI","30","606","1","F","","analitica","","","PVP sales 1 (4488662); Storica Analitica visura per immobile - Catasto Fabbricati."
"visura-storica","PI","CASCIANA TERME LARI","31","118","11","F","","analitica","","","PVP sales 1 (490322); Storica Analitica visura per immobile - Catasto Fabbricati."
"visura-storica","PI","CASCIANA TERME LARI","31","118","2","F","","analitica","","","PVP sales 1 (490322); Storica Analitica visura per immobile - Catasto Fabbricati."
"visura-storica","PI","CASCIANA TERME LARI","31","746","5","F","","analitica","","","PVP sales 1 (690989); Storica Analitica visura per immobile - Catasto Fabbricati."
"visura-storica","PI","CASCIANA TERME LARI","32","167","","T","","analitica","","","PVP sales 1 (4246792); Storica Analitica visura per immobile - Catasto Terreni."
"visura-storica","PI","CASCIANA TERME LARI","32","213","","T","","analitica","","","PVP sales 1 (4246792); Storica Analitica visura per immobile - Catasto Terreni."
"visura-storica","PI","CASCIANA TERME LARI","32","263","","T","","analitica","","","PVP sales 1 (4246792); Storica Analitica visura per immobile - Catasto Terreni."
"visura-storica","PI","CASCIANA TERME LARI","32","264","","T","","analitica","","","PVP sales 1 (4246792); Storica Analitica visura per immobile - Catasto Terreni."
"visura-storica","PI","CASCIANA TERME LARI","32","265","","T","","analitica","","","PVP sales 1 (4246792); Storica Analitica visura per immobile - Catasto Terreni."
"visura-storica","PI","CASCIANA TERME LARI","32","267","","T","","analitica","","","PVP sales 1 (4246792); Storica Analitica visura per immobile - Catasto Terreni."
"visura-storica","PI","CASCIANA TERME LARI","32","538","","T","","analitica","","","PVP sales 1 (4246792); Storica Analitica visura per immobile - Catasto Terreni."
"visura-storica","PI","CASCIANA TERME LARI","32","554","","F","","analitica","","","PVP sales 1 (2069164); Storica Analitica visura per immobile - Catasto Fabbricati."
"visura-storica","PI","CASCIANA TERME LARI","32","554","","T","","analitica","","","PVP sales 1 (2069164); Storica Analitica visura per immobile - Catasto Terreni."
"visura-storica","PI","CASCIANA TERME LARI","32","554","3","F","","analitica","","","PVP sales 1 (2206891); Storica Analitica visura per immobile - Catasto Fabbricati."
"visura-storica","PI","CASCIANA TERME LARI","32","554","4","F","","analitica","","","PVP sales 1 (2206891); Storica Analitica visura per immobile - Catasto Fabbricati."
"visura-storica","PI","CASCIANA TERME LARI","32","554","5","F","","analitica","","","PVP sales 1 (2206891); Storica Analitica visura per immobile - Catasto Fabbricati."
"visura-storica","PI","CASCIANA TERME LARI","32","554","7","F","","analitica","","","PVP sales 1 (2206891); Storica Analitica visura per immobile - Catasto Fabbricati."
"visura-storica","PI","CASCIANA TERME LARI","32","561","","T","","analitica","","","PVP sales 1 (4246792); Storica Analitica visura per immobile - Catasto Terreni."
"visura-storica","PI","CASCIANA TERME LARI","32","562","","T","","analitica","","","PVP sales 1 (4246792); Storica Analitica visura per immobile - Catasto Terreni."
"visura-storica","PI","CASCIANA TERME LARI","32","564","","T","","analitica","","","PVP sales 1 (4246792); Storica Analitica visura per immobile - Catasto Terreni."
"visura-storica","PI","CASCIANA TERME LARI","32","582","","T","","analitica","","","PVP sales 1 (4246792); Storica Analitica visura per immobile - Catasto Terreni."
"visura-storica","PI","CASCIANA TERME LARI","32","583","","T","","analitica","","","PVP sales 1 (4246792); Storica Analitica visura per immobile - Catasto Terreni."
"visura-storica","PI","CASCIANA TERME LARI","32","616","","T","","analitica","","","PVP sales 1 (4246792); Storica Analitica visura per immobile - Catasto Terreni."
"visura-storica","PI","CASCIANA TERME LARI","32","617","","T","","analitica","","","PVP sales 1 (4246792); Storica Analitica visura per immobile - Catasto Terreni."
"visura-storica","PI","CASCIANA TERME LARI","32","618","","T","","analitica","","","PVP sales 1 (4246792); Storica Analitica visura per immobile - Catasto Terreni."
"visura-storica","PI","CASCIANA TERME LARI","32","619","","T","","analitica","","","PVP sales 1 (4246792); Storica Analitica visura per immobile - Catasto Terreni."
"visura-storica","PI","CASCIANA TERME LARI","32","620","","T","","analitica","","","PVP sales 1 (4246792); Storica Analitica visura per immobile - Catasto Terreni."
"visura-storica","PI","CASCIANA TERME LARI","32","621","","T","","analitica","","","PVP sales 1 (4246792); Storica Analitica visura per immobile - Catasto Terreni."
"visura-storica","PI","CASCIANA TERME LARI","32","622","","T","","analitica","","","PVP sales 1 (4246792); Storica Analitica visura per immobile - Catasto Terreni."
"visura-storica","PI","CASCIANA TERME LARI","32","623","","T","","analitica","","","PVP sales 1 (4246792); Storica Analitica visura per immobile - Catasto Terreni."
"visura-storica","PI","CASCIANA TERME LARI","32","624","","T","","analitica","","","PVP sales 1 (4246792); Storica Analitica visura per immobile - Catasto Terreni."
"visura-storica","PI","CASCIANA TERME LARI","32","625","","T","","analitica","","","PVP sales 1 (4246792); Storica Analitica visura per immobile - Catasto Terreni."
"visura-storica","PI","CASCIANA TERME LARI","32","626","","T","","analitica","","","PVP sales 1 (4246792); Storica Analitica visura per immobile - Catasto Terreni."
"visura-storica","PI","CASCIANA TERME LARI","32","627","","T","","analitica","","","PVP sales 1 (4246792); Storica Analitica visura per immobile - Catasto Terreni."
"visura-storica","PI","CASCIANA TERME LARI","32","628","","T","","analitica","","","PVP sales 1 (4246792); Storica Analitica visura per immobile - Catasto Terreni."
"visura-storica","PI","CASCIANA TERME LARI","32","629","","T","","analitica","","","PVP sales 1 (4246792); Storica Analitica visura per immobile - Catasto Terreni."
"visura-storica","PI","CASCIANA TERME LARI","32","630","","T","","analitica","","","PVP sales 1 (4246792); Storica Analitica visura per immobile - Catasto Terreni."
"visura-storica","PI","CASCIANA TERME LARI","32","631","","T","","analitica","","","PVP sales 1 (4246792); Storica Analitica visura per immobile - Catasto Terreni."
"visura-storica","PI","CASCIANA TERME LARI","32","632","","T","","analitica","","","PVP sales 1 (4246792); Storica Analitica visura per immobile - Catasto Terreni."
"visura-storica","PI","CASCIANA TERME LARI","32","633","","T","","analitica","","","PVP sales 1 (4246792); Storica Analitica visura per immobile - Catasto Terreni."
"visura-storica","PI","CASCIANA TERME LARI","32","634","","T","","analitica","","","PVP sales 1 (4246792); Storica Analitica visura per immobile - Catasto Terreni."
"visura-storica","PI","CASCIANA TERME LARI","32","635","","T","","analitica","","","PVP sales 1 (4246792); Storica Analitica visura per immobile - Catasto Terreni."
"visura-storica","PI","CASCIANA TERME LARI","32","636","","T","","analitica","","","PVP sales 1 (4246792); Storica Analitica visura per immobile - Catasto Terreni."
"visura-storica","PI","CASCIANA TERME LARI","32","637","","T","","analitica","","","PVP sales 1 (4246792); Storica Analitica visura per immobile - Catasto Terreni."
"visura-storica","PI","CASCIANA TERME LARI","32","638","","T","","analitica","","","PVP sales 1 (4246792); Storica Analitica visura per immobile - Catasto Terreni."
"visura-storica","PI","CASCIANA TERME LARI","32","639","","T","","analitica","","","PVP sales 1 (4246792); Storica Analitica visura per immobile - Catasto Terreni."
"visura-storica","PI","CASCIANA TERME LARI","32","640","","T","","analitica","","","PVP sales 1 (4246792); Storica Analitica visura per immobile - Catasto Terreni."
"visura-storica","PI","CASCIANA TERME LARI","32","641","","T","","analitica","","","PVP sales 1 (4246792); Storica Analitica visura per immobile - Catasto Terreni."
"visura-storica","PI","CASCIANA TERME LARI","32","642","","T","","analitica","","","PVP sales 1 (4246792); Storica Analitica visura per immobile - Catasto Terreni."
"visura-storica","PI","CASCIANA TERME LARI","32","643","","T","","analitica","","","PVP sales 1 (4246792); Storica Analitica visura per immobile - Catasto Terreni."
"visura-storica","PI","CASCIANA TERME LARI","32","644","","T","","analitica","","","PVP sales 1 (4246792); Storica Analitica visura per immobile - Catasto Terreni."
"visura-storica","PI","CASCIANA TERME LARI","32","645","","T","","analitica","","","PVP sales 1 (4246792); Storica Analitica visura per immobile - Catasto Terreni."
"visura-storica","PI","CASCIANA TERME LARI","32","646","","T","","analitica","","","PVP sales 1 (4246792); Storica Analitica visura per immobile - Catasto Terreni."
"visura-storica","PI","CASCIANA TERME LARI","32","647","","T","","analitica","","","PVP sales 1 (4246792); Storica Analitica visura per immobile - Catasto Terreni."
"visura-storica","PI","CASCIANA TERME LARI","32","648","","T","","analitica","","","PVP sales 1 (4246792); Storica Analitica visura per immobile - Catasto Terreni."
"visura-storica","PI","CASCIANA TERME LARI","32","649","","T","","analitica","","","PVP sales 1 (4246792); Storica Analitica visura per immobile - Catasto Terreni."
"visura-storica","PI","CASCIANA TERME LARI","32","650","","T","","analitica","","","PVP sales 1 (4246792); Storica Analitica visura per immobile - Catasto Terreni."
"visura-storica","PI","CASCIANA TERME LARI","32","651","","T","","analitica","","","PVP sales 1 (4246792); Storica Analitica visura per immobile - Catasto Terreni."
"visura-storica","PI","CASCIANA TERME LARI","32","652","","T","","analitica","","","PVP sales 1 (4246792); Storica Analitica visura per immobile - Catasto Terreni."
"visura-storica","PI","CASCIANA TERME LARI","32","653","","T","","analitica","","","PVP sales 1 (4246792); Storica Analitica visura per immobile - Catasto Terreni."
"visura-storica","PI","CASCIANA TERME LARI","32","654","","T","","analitica","","","PVP sales 1 (4246792); Storica Analitica visura per immobile - Catasto Terreni."
"visura-storica","PI","CASCIANA TERME LARI","32","655","","T","","analitica","","","PVP sales 1 (4246792); Storica Analitica visura per immobile - Catasto Terreni."
"visura-storica","PI","CASCIANA TERME LARI","32","656","","T","","analitica","","","PVP sales 1 (4246792); Storica Analitica visura per immobile - Catasto Terreni."
"visura-storica","PI","CASCIANA TERME LARI","32","75","","T","","analitica","","","PVP sales 1 (4246792); Storica Analitica visura per immobile - Catasto Terreni."
"visura-storica","PI","CASCIANA TERME LARI","32","76","","T","","analitica","","","PVP sales 1 (4246792); Storica Analitica visura per immobile - Catasto Terreni."
"visura-storica","PI","CASCIANA TERME LARI","32","83","","T","","analitica","","","PVP sales 1 (4246792); Storica Analitica visura per immobile - Catasto Terreni."
"visura-storica","PI","CASCIANA TERME LARI","32","84","","T","","analitica","","","PVP sales 1 (4246792); Storica Analitica visura per immobile - Catasto Terreni."
"visura-storica","PI","CASCIANA TERME LARI","32","85","","T","","analitica","","","PVP sales 1 (4246792); Storica Analitica visura per immobile - Catasto Terreni."
"visura-storica","PI","CASCIANA TERME LARI","32","87","","T","","analitica","","","PVP sales 1 (4246792); Storica Analitica visura per immobile - Catasto Terreni."
"visura-storica","PI","CASCIANA TERME LARI","32","88","","T","","analitica","","","PVP sales 1 (4246792); Storica Analitica visura per immobile - Catasto Terreni."
"visura-storica","PI","CASCIANA TERME LARI","32","99","","T","","analitica","","","PVP sales 1 (4246792); Storica Analitica visura per immobile - Catasto Terreni."
"visura-storica","PI","CASCIANA TERME LARI","39","167","","T","","analitica","","","PVP sales 2 (4248806,4555580); Storica Analitica visura per immobile - Catasto Terreni."
"visura-storica","PI","CASCIANA TERME LARI","39","172","","T","","analitica","","","PVP sales 2 (4248806,4555580); Storica Analitica visura per immobile - Catasto Terreni."
"visura-storica","PI","CASCIANA TERME LARI","39","181","","T","","analitica","","","PVP sales 2 (4248806,4555580); Storica Analitica visura per immobile - Catasto Terreni."
"visura-storica","PI","CASCIANA TERME LARI","4","195","","F","","analitica","","","PVP sales 2 (4459676,4560021); Storica Analitica visura per immobile - Catasto Fabbricati."
"visura-storica","PI","CASCIANA TERME LARI","4","195","","T","","analitica","","","PVP sales 2 (4459676,4560021); Storica Analitica visura per immobile - Catasto Terreni."
"visura-storica","PI","CASCIANA TERME LARI","4","195","4","F","","analitica","","","PVP sales 2 (4459676,4560021); Storica Analitica visura per immobile - Catasto Fabbricati."
"visura-storica","PI","CASCIANA TERME LARI","4","198","","F","","analitica","","","PVP sales 1 (4560022); Storica Analitica visura per immobile - Catasto Fabbricati."
"visura-storica","PI","CASCIANA TERME LARI","4","198","","T","","analitica","","","PVP sales 1 (4560022); Storica Analitica visura per immobile - Catasto Terreni."
"visura-storica","PI","CASCIANA TERME LARI","4","453","5","F","","analitica","","","PVP sales 1 (4229415); Storica Analitica visura per immobile - Catasto Fabbricati."
"visura-storica","PI","CASCIANA TERME LARI","4","66","17","F","","analitica","","","PVP sales 1 (4429100); Storica Analitica visura per immobile - Catasto Fabbricati."
"visura-storica","PI","CASCIANA TERME LARI","4","66","8","F","","analitica","","","PVP sales 1 (4429100); Storica Analitica visura per immobile - Catasto Fabbricati."
"visura-storica","PI","CASCIANA TERME LARI","4","82","","F","","analitica","","","PVP sales 1 (4560022); Storica Analitica visura per immobile - Catasto Fabbricati."
"visura-storica","PI","CASCIANA TERME LARI","4","82","","T","","analitica","","","PVP sales 1 (4560022); Storica Analitica visura per immobile - Catasto Terreni."
"visura-storica","PI","CASCIANA TERME LARI","40","1","","T","","analitica","","","PVP sales 2 (4248806,4555580); Storica Analitica visura per immobile - Catasto Terreni."
"visura-storica","PI","CASCIANA TERME LARI","40","117","","T","","analitica","","","PVP sales 2 (4248806,4555580); Storica Analitica visura per immobile - Catasto Terreni."
"visura-storica","PI","CASCIANA TERME LARI","40","119","","T","","analitica","","","PVP sales 2 (4248806,4555580); Storica Analitica visura per immobile - Catasto Terreni."
"visura-storica","PI","CASCIANA TERME LARI","40","120","","T","","analitica","","","PVP sales 2 (4248806,4555580); Storica Analitica visura per immobile - Catasto Terreni."
"visura-storica","PI","CASCIANA TERME LARI","40","133","","T","","analitica","","","PVP sales 2 (4248806,4555580); Storica Analitica visura per immobile - Catasto Terreni."
"visura-storica","PI","CASCIANA TERME LARI","40","176","","T","","analitica","","","PVP sales 2 (4248806,4555580); Storica Analitica visura per immobile - Catasto Terreni."
"visura-storica","PI","CASCIANA TERME LARI","40","185","","T","","analitica","","","PVP sales 2 (4248806,4555580); Storica Analitica visura per immobile - Catasto Terreni."
"visura-storica","PI","CASCIANA TERME LARI","40","187","","T","","analitica","","","PVP sales 2 (4248806,4555580); Storica Analitica visura per immobile - Catasto Terreni."
"visura-storica","PI","CASCIANA TERME LARI","40","194","","T","","analitica","","","PVP sales 2 (4248806,4555580); Storica Analitica visura per immobile - Catasto Terreni."
"visura-storica","PI","CASCIANA TERME LARI","40","195","","T","","analitica","","","PVP sales 2 (4248806,4555580); Storica Analitica visura per immobile - Catasto Terreni."
"visura-storica","PI","CASCIANA TERME LARI","40","197","","T","","analitica","","","PVP sales 2 (4248806,4555580); Storica Analitica visura per immobile - Catasto Terreni."
"visura-storica","PI","CASCIANA TERME LARI","40","198","","T","","analitica","","","PVP sales 2 (4248806,4555580); Storica Analitica visura per immobile - Catasto Terreni."
"visura-storica","PI","CASCIANA TERME LARI","40","2","","T","","analitica","","","PVP sales 2 (4248806,4555580); Storica Analitica visura per immobile - Catasto Terreni."
"visura-storica","PI","CASCIANA TERME LARI","40","203","","T","","analitica","","","PVP sales 2 (4248806,4555580); Storica Analitica visura per immobile - Catasto Terreni."
"visura-storica","PI","CASCIANA TERME LARI","40","206","","T","","analitica","","","PVP sales 2 (4248806,4555580); Storica Analitica visura per immobile - Catasto Terreni."
"visura-storica","PI","CASCIANA TERME LARI","40","241","","T","","analitica","","","PVP sales 2 (4248806,4555580); Storica Analitica visura per immobile - Catasto Terreni."
"visura-storica","PI","CASCIANA TERME LARI","40","243","","T","","analitica","","","PVP sales 2 (4248806,4555580); Storica Analitica visura per immobile - Catasto Terreni."
"visura-storica","PI","CASCIANA TERME LARI","40","245","","T","","analitica","","","PVP sales 2 (4248806,4555580); Storica Analitica visura per immobile - Catasto Terreni."
"visura-storica","PI","CASCIANA TERME LARI","40","247","","T","","analitica","","","PVP sales 2 (4248806,4555580); Storica Analitica visura per immobile - Catasto Terreni."
"visura-storica","PI","CASCIANA TERME LARI","40","251","","T","","analitica","","","PVP sales 2 (4248806,4555580); Storica Analitica visura per immobile - Catasto Terreni."
"visura-storica","PI","CASCIANA TERME LARI","40","253","","T","","analitica","","","PVP sales 2 (4248806,4555580); Storica Analitica visura per immobile - Catasto Terreni."
"visura-storica","PI","CASCIANA TERME LARI","40","290","1","F","","analitica","","","PVP sales 1 (4555580); Storica Analitica visura per immobile - Catasto Fabbricati."
"visura-storica","PI","CASCIANA TERME LARI","40","76","","T","","analitica","","","PVP sales 2 (4248806,4555580); Storica Analitica visura per immobile - Catasto Terreni."
"visura-storica","PI","CASCIANA TERME LARI","40","78","","T","","analitica","","","PVP sales 1 (4555580); Storica Analitica visura per immobile - Catasto Terreni."
"visura-storica","PI","CASCIANA TERME LARI","40","89","","T","","analitica","","","PVP sales 2 (4248806,4555580); Storica Analitica visura per immobile - Catasto Terreni."
"visura-storica","PI","CASCIANA TERME LARI","40","95","","T","","analitica","","","PVP sales 2 (4248806,4555580); Storica Analitica visura per immobile - Catasto Terreni."
"visura-storica","PI","CASCIANA TERME LARI","42","116","","T","","analitica","","","PVP sales 2 (4248806,4555580); Storica Analitica visura per immobile - Catasto Terreni."
"visura-storica","PI","CASCIANA TERME LARI","42","117","","T","","analitica","","","PVP sales 2 (4248806,4555580); Storica Analitica visura per immobile - Catasto Terreni."
"visura-storica","PI","CASCIANA TERME LARI","42","17","","T","","analitica","","","PVP sales 2 (4248806,4555580); Storica Analitica visura per immobile - Catasto Terreni."
"visura-storica","PI","CASCIANA TERME LARI","42","32","","T","","analitica","","","PVP sales 2 (4248806,4555580); Storica Analitica visura per immobile - Catasto Terreni."
"visura-storica","PI","CASCIANA TERME LARI","42","48","","T","","analitica","","","PVP sales 2 (4248806,4555580); Storica Analitica visura per immobile - Catasto Terreni."
"visura-storica","PI","CASCIANA TERME LARI","42","65","","T","","analitica","","","PVP sales 2 (4248806,4555580); Storica Analitica visura per immobile - Catasto Terreni."
"visura-storica","PI","CASCIANA TERME LARI","42","67","","T","","analitica","","","PVP sales 2 (4248806,4555580); Storica Analitica visura per immobile - Catasto Terreni."
"visura-storica","PI","CASCIANA TERME LARI","42","81","","T","","analitica","","","PVP sales 2 (4248806,4555580); Storica Analitica visura per immobile - Catasto Terreni."
"visura-storica","PI","CASCIANA TERME LARI","46","1","","T","","analitica","","","PVP sales 2 (4408892,4479347); Storica Analitica visura per immobile - Catasto Terreni."
"visura-storica","PI","CASCIANA TERME LARI","46","10","","T","","analitica","","","PVP sales 2 (4408892,4479347); Storica Analitica visura per immobile - Catasto Terreni."
"visura-storica","PI","CASCIANA TERME LARI","46","12","","T","","analitica","","","PVP sales 2 (4408892,4479347); Storica Analitica visura per immobile - Catasto Terreni."
"visura-storica","PI","CASCIANA TERME LARI","46","140","","T","","analitica","","","PVP sales 2 (4408892,4479347); Storica Analitica visura per immobile - Catasto Terreni."
"visura-storica","PI","CASCIANA TERME LARI","46","141","","T","","analitica","","","PVP sales 2 (4408892,4479347); Storica Analitica visura per immobile - Catasto Terreni."
"visura-storica","PI","CASCIANA TERME LARI","46","142","","T","","analitica","","","PVP sales 2 (4408892,4479347); Storica Analitica visura per immobile - Catasto Terreni."
"visura-storica","PI","CASCIANA TERME LARI","46","143","","T","","analitica","","","PVP sales 2 (4408892,4479347); Storica Analitica visura per immobile - Catasto Terreni."
"visura-storica","PI","CASCIANA TERME LARI","46","144","","T","","analitica","","","PVP sales 2 (4408892,4479347); Storica Analitica visura per immobile - Catasto Terreni."
"visura-storica","PI","CASCIANA TERME LARI","46","145","","T","","analitica","","","PVP sales 2 (4408892,4479347); Storica Analitica visura per immobile - Catasto Terreni."
"visura-storica","PI","CASCIANA TERME LARI","46","146","","T","","analitica","","","PVP sales 2 (4408892,4479347); Storica Analitica visura per immobile - Catasto Terreni."
"visura-storica","PI","CASCIANA TERME LARI","46","148","","T","","analitica","","","PVP sales 2 (4408892,4479347); Storica Analitica visura per immobile - Catasto Terreni."
"visura-storica","PI","CASCIANA TERME LARI","46","149","","T","","analitica","","","PVP sales 2 (4408892,4479347); Storica Analitica visura per immobile - Catasto Terreni."
"visura-storica","PI","CASCIANA TERME LARI","46","150","","T","","analitica","","","PVP sales 2 (4408892,4479347); Storica Analitica visura per immobile - Catasto Terreni."
"visura-storica","PI","CASCIANA TERME LARI","46","151","","T","","analitica","","","PVP sales 2 (4408892,4479347); Storica Analitica visura per immobile - Catasto Terreni."
"visura-storica","PI","CASCIANA TERME LARI","46","152","","T","","analitica","","","PVP sales 2 (4408892,4479347); Storica Analitica visura per immobile - Catasto Terreni."
"visura-storica","PI","CASCIANA TERME LARI","46","2","","T","","analitica","","","PVP sales 2 (4408892,4479347); Storica Analitica visura per immobile - Catasto Terreni."
"visura-storica","PI","CASCIANA TERME LARI","46","219","","T","","analitica","","","PVP sales 3 (4408878,4479348,4533582); Storica Analitica visura per immobile - Catasto Terreni."
"visura-storica","PI","CASCIANA TERME LARI","46","220","","T","","analitica","","","PVP sales 3 (4408878,4479348,4533582); Storica Analitica visura per immobile - Catasto Terreni."
"visura-storica","PI","CASCIANA TERME LARI","46","221","","T","","analitica","","","PVP sales 3 (4408878,4479348,4533582); Storica Analitica visura per immobile - Catasto Terreni."
"visura-storica","PI","CASCIANA TERME LARI","46","222","","T","","analitica","","","PVP sales 3 (4408878,4479348,4533582); Storica Analitica visura per immobile - Catasto Terreni."
"visura-storica","PI","CASCIANA TERME LARI","46","226","","T","","analitica","","","PVP sales 3 (4408878,4479348,4533582); Storica Analitica visura per immobile - Catasto Terreni."
"visura-storica","PI","CASCIANA TERME LARI","46","227","","T","","analitica","","","PVP sales 3 (4408878,4479348,4533582); Storica Analitica visura per immobile - Catasto Terreni."
"visura-storica","PI","CASCIANA TERME LARI","46","228","","T","","analitica","","","PVP sales 3 (4408878,4479348,4533582); Storica Analitica visura per immobile - Catasto Terreni."
"visura-storica","PI","CASCIANA TERME LARI","46","229","","T","","analitica","","","PVP sales 3 (4408878,4479348,4533582); Storica Analitica visura per immobile - Catasto Terreni."
"visura-storica","PI","CASCIANA TERME LARI","46","230","","T","","analitica","","","PVP sales 3 (4408878,4479348,4533582); Storica Analitica visura per immobile - Catasto Terreni."
"visura-storica","PI","CASCIANA TERME LARI","46","231","","T","","analitica","","","PVP sales 3 (4408878,4479348,4533582); Storica Analitica visura per immobile - Catasto Terreni."
"visura-storica","PI","CASCIANA TERME LARI","46","232","","T","","analitica","","","PVP sales 3 (4408878,4479348,4533582); Storica Analitica visura per immobile - Catasto Terreni."
"visura-storica","PI","CASCIANA TERME LARI","46","233","","T","","analitica","","","PVP sales 3 (4408878,4479348,4533582); Storica Analitica visura per immobile - Catasto Terreni."
"visura-storica","PI","CASCIANA TERME LARI","46","234","","T","","analitica","","","PVP sales 3 (4408878,4479348,4533582); Storica Analitica visura per immobile - Catasto Terreni."
"visura-storica","PI","CASCIANA TERME LARI","46","286","","T","","analitica","","","PVP sales 2 (4408892,4479347); Storica Analitica visura per immobile - Catasto Terreni."
"visura-storica","PI","CASCIANA TERME LARI","46","3","","T","","analitica","","","PVP sales 2 (4408892,4479347); Storica Analitica visura per immobile - Catasto Terreni."
"visura-storica","PI","CASCIANA TERME LARI","46","302","","T","","analitica","","","PVP sales 2 (4408892,4479347); Storica Analitica visura per immobile - Catasto Terreni."
"visura-storica","PI","CASCIANA TERME LARI","46","303","","T","","analitica","","","PVP sales 2 (4408892,4479347); Storica Analitica visura per immobile - Catasto Terreni."
"visura-storica","PI","CASCIANA TERME LARI","46","304","","T","","analitica","","","PVP sales 2 (4408892,4479347); Storica Analitica visura per immobile - Catasto Terreni."
"visura-storica","PI","CASCIANA TERME LARI","46","305","","T","","analitica","","","PVP sales 2 (4408892,4479347); Storica Analitica visura per immobile - Catasto Terreni."
"visura-storica","PI","CASCIANA TERME LARI","46","306","","T","","analitica","","","PVP sales 2 (4408892,4479347); Storica Analitica visura per immobile - Catasto Terreni."
"visura-storica","PI","CASCIANA TERME LARI","46","307","","T","","analitica","","","PVP sales 2 (4408892,4479347); Storica Analitica visura per immobile - Catasto Terreni."
"visura-storica","PI","CASCIANA TERME LARI","46","320","","T","","analitica","","","PVP sales 2 (4408892,4479347); Storica Analitica visura per immobile - Catasto Terreni."
"visura-storica","PI","CASCIANA TERME LARI","46","321","","T","","analitica","","","PVP sales 2 (4408892,4479347); Storica Analitica visura per immobile - Catasto Terreni."
"visura-storica","PI","CASCIANA TERME LARI","46","322","","T","","analitica","","","PVP sales 2 (4408892,4479347); Storica Analitica visura per immobile - Catasto Terreni."
"visura-storica","PI","CASCIANA TERME LARI","46","323","","T","","analitica","","","PVP sales 2 (4408892,4479347); Storica Analitica visura per immobile - Catasto Terreni."
"visura-storica","PI","CASCIANA TERME LARI","46","324","","T","","analitica","","","PVP sales 2 (4408892,4479347); Storica Analitica visura per immobile - Catasto Terreni."
"visura-storica","PI","CASCIANA TERME LARI","46","325","","T","","analitica","","","PVP sales 2 (4408892,4479347); Storica Analitica visura per immobile - Catasto Terreni."
"visura-storica","PI","CASCIANA TERME LARI","46","326","","T","","analitica","","","PVP sales 2 (4408892,4479347); Storica Analitica visura per immobile - Catasto Terreni."
"visura-storica","PI","CASCIANA TERME LARI","46","327","","T","","analitica","","","PVP sales 2 (4408892,4479347); Storica Analitica visura per immobile - Catasto Terreni."
"visura-storica","PI","CASCIANA TERME LARI","46","33","","T","","analitica","","","PVP sales 2 (4408892,4479347); Storica Analitica visura per immobile - Catasto Terreni."
"visura-storica","PI","CASCIANA TERME LARI","46","34","","T","","analitica","","","PVP sales 2 (4408892,4479347); Storica Analitica visura per immobile - Catasto Terreni."
"visura-storica","PI","CASCIANA TERME LARI","46","352","","T","","analitica","","","PVP sales 3 (4408878,4479348,4533582); Storica Analitica visura per immobile - Catasto Terreni."
"visura-storica","PI","CASCIANA TERME LARI","46","36","","T","","analitica","","","PVP sales 2 (4408892,4479347); Storica Analitica visura per immobile - Catasto Terreni."
"visura-storica","PI","CASCIANA TERME LARI","46","367","","T","","analitica","","","PVP sales 2 (4408892,4479347); Storica Analitica visura per immobile - Catasto Terreni."
"visura-storica","PI","CASCIANA TERME LARI","46","368","","T","","analitica","","","PVP sales 3 (4408878,4479348,4533582); Storica Analitica visura per immobile - Catasto Terreni."
"visura-storica","PI","CASCIANA TERME LARI","46","369","","T","","analitica","","","PVP sales 2 (4408892,4479347); Storica Analitica visura per immobile - Catasto Terreni."
"visura-storica","PI","CASCIANA TERME LARI","46","37","","T","","analitica","","","PVP sales 2 (4408892,4479347); Storica Analitica visura per immobile - Catasto Terreni."
"visura-storica","PI","CASCIANA TERME LARI","46","370","","T","","analitica","","","PVP sales 2 (4408892,4479347); Storica Analitica visura per immobile - Catasto Terreni."
"visura-storica","PI","CASCIANA TERME LARI","46","38","","T","","analitica","","","PVP sales 2 (4408892,4479347); Storica Analitica visura per immobile - Catasto Terreni."
"visura-storica","PI","CASCIANA TERME LARI","46","39","","T","","analitica","","","PVP sales 2 (4408892,4479347); Storica Analitica visura per immobile - Catasto Terreni."
"visura-storica","PI","CASCIANA TERME LARI","46","394","","F","","analitica","","","PVP sales 2 (4408892,4479347); Storica Analitica visura per immobile - Catasto Fabbricati."
"visura-storica","PI","CASCIANA TERME LARI","46","4","","T","","analitica","","","PVP sales 2 (4408892,4479347); Storica Analitica visura per immobile - Catasto Terreni."
"visura-storica","PI","CASCIANA TERME LARI","46","40","","T","","analitica","","","PVP sales 2 (4408892,4479347); Storica Analitica visura per immobile - Catasto Terreni."
"visura-storica","PI","CASCIANA TERME LARI","46","41","","T","","analitica","","","PVP sales 2 (4408892,4479347); Storica Analitica visura per immobile - Catasto Terreni."
"visura-storica","PI","CASCIANA TERME LARI","46","43","","T","","analitica","","","PVP sales 2 (4408892,4479347); Storica Analitica visura per immobile - Catasto Terreni."
"visura-storica","PI","CASCIANA TERME LARI","46","44","","T","","analitica","","","PVP sales 2 (4408892,4479347); Storica Analitica visura per immobile - Catasto Terreni."
"visura-storica","PI","CASCIANA TERME LARI","46","45","","T","","analitica","","","PVP sales 2 (4408892,4479347); Storica Analitica visura per immobile - Catasto Terreni."
"visura-storica","PI","CASCIANA TERME LARI","46","46","","T","","analitica","","","PVP sales 2 (4408892,4479347); Storica Analitica visura per immobile - Catasto Terreni."
"visura-storica","PI","CASCIANA TERME LARI","46","47","","T","","analitica","","","PVP sales 2 (4408892,4479347); Storica Analitica visura per immobile - Catasto Terreni."
"visura-storica","PI","CASCIANA TERME LARI","46","48","","T","","analitica","","","PVP sales 2 (4408892,4479347); Storica Analitica visura per immobile - Catasto Terreni."
"visura-storica","PI","CASCIANA TERME LARI","46","49","","T","","analitica","","","PVP sales 2 (4408892,4479347); Storica Analitica visura per immobile - Catasto Terreni."
"visura-storica","PI","CASCIANA TERME LARI","46","5","","T","","analitica","","","PVP sales 2 (4408892,4479347); Storica Analitica visura per immobile - Catasto Terreni."
"visura-storica","PI","CASCIANA TERME LARI","46","50","","T","","analitica","","","PVP sales 2 (4408892,4479347); Storica Analitica visura per immobile - Catasto Terreni."
"visura-storica","PI","CASCIANA TERME LARI","46","6","","T","","analitica","","","PVP sales 2 (4408892,4479347); Storica Analitica visura per immobile - Catasto Terreni."
"visura-storica","PI","CASCIANA TERME LARI","46","7","","T","","analitica","","","PVP sales 2 (4408892,4479347); Storica Analitica visura per immobile - Catasto Terreni."
"visura-storica","PI","CASCIANA TERME LARI","46","74","","T","","analitica","","","PVP sales 2 (4408892,4479347); Storica Analitica visura per immobile - Catasto Terreni."
"visura-storica","PI","CASCIANA TERME LARI","46","75","","T","","analitica","","","PVP sales 2 (4408892,4479347); Storica Analitica visura per immobile - Catasto Terreni."
"visura-storica","PI","CASCIANA TERME LARI","46","76","","T","","analitica","","","PVP sales 2 (4408892,4479347); Storica Analitica visura per immobile - Catasto Terreni."
"visura-storica","PI","CASCIANA TERME LARI","46","77","","T","","analitica","","","PVP sales 2 (4408892,4479347); Storica Analitica visura per immobile - Catasto Terreni."
"visura-storica","PI","CASCIANA TERME LARI","46","78","","T","","analitica","","","PVP sales 2 (4408892,4479347); Storica Analitica visura per immobile - Catasto Terreni."
"visura-storica","PI","CASCIANA TERME LARI","46","79","","T","","analitica","","","PVP sales 2 (4408892,4479347); Storica Analitica visura per immobile - Catasto Terreni."
"visura-storica","PI","CASCIANA TERME LARI","46","8","","T","","analitica","","","PVP sales 2 (4408892,4479347); Storica Analitica visura per immobile - Catasto Terreni."
"visura-storica","PI","CASCIANA TERME LARI","46","83","","T","","analitica","","","PVP sales 2 (4408892,4479347); Storica Analitica visura per immobile - Catasto Terreni."
"visura-storica","PI","CASCIANA TERME LARI","46","84","","T","","analitica","","","PVP sales 2 (4408892,4479347); Storica Analitica visura per immobile - Catasto Terreni."
"visura-storica","PI","CASCIANA TERME LARI","46","85","","T","","analitica","","","PVP sales 2 (4408892,4479347); Storica Analitica visura per immobile - Catasto Terreni."
"visura-storica","PI","CASCIANA TERME LARI","46","86","","T","","analitica","","","PVP sales 2 (4408892,4479347); Storica Analitica visura per immobile - Catasto Terreni."
"visura-storica","PI","CASCIANA TERME LARI","46","87","","T","","analitica","","","PVP sales 2 (4408892,4479347); Storica Analitica visura per immobile - Catasto Terreni."
"visura-storica","PI","CASCIANA TERME LARI","46","88","","T","","analitica","","","PVP sales 2 (4408892,4479347); Storica Analitica visura per immobile - Catasto Terreni."
"visura-storica","PI","CASCIANA TERME LARI","46","89","","T","","analitica","","","PVP sales 2 (4408892,4479347); Storica Analitica visura per immobile - Catasto Terreni."
"visura-storica","PI","CASCIANA TERME LARI","46","90","","T","","analitica","","","PVP sales 2 (4408892,4479347); Storica Analitica visura per immobile - Catasto Terreni."
"visura-storica","PI","CASCIANA TERME LARI","46","91","","T","","analitica","","","PVP sales 2 (4408892,4479347); Storica Analitica visura per immobile - Catasto Terreni."
"visura-storica","PI","CASCIANA TERME LARI","46","93","","T","","analitica","","","PVP sales 2 (4408892,4479347); Storica Analitica visura per immobile - Catasto Terreni."
"visura-storica","PI","CASCIANA TERME LARI","46","94","","T","","analitica","","","PVP sales 2 (4408892,4479347); Storica Analitica visura per immobile - Catasto Terreni."
"visura-storica","PI","CASCIANA TERME LARI","46","96","","T","","analitica","","","PVP sales 2 (4408892,4479347); Storica Analitica visura per immobile - Catasto Terreni."
"visura-storica","PI","CASCIANA TERME LARI","46","97","","T","","analitica","","","PVP sales 2 (4408892,4479347); Storica Analitica visura per immobile - Catasto Terreni."
"visura-storica","PI","CASCIANA TERME LARI","46","98","","T","","analitica","","","PVP sales 2 (4408892,4479347); Storica Analitica visura per immobile - Catasto Terreni."
"visura-storica","PI","CASCIANA TERME LARI","49","506","","F","","analitica","","","PVP sales 6 (433796,562629,982086,1606556,1748783 +1 more); Storica Analitica visura per immobile - Catasto Fabbricati."
"visura-storica","PI","CASCIANA TERME LARI","49","506","","T","","analitica","","","PVP sales 6 (433796,562629,982086,1606556,1748783 +1 more); Storica Analitica visura per immobile - Catasto Terreni."
"visura-storica","PI","CASCIANA TERME LARI","49","519","","F","","analitica","","","PVP sales 6 (433796,562629,982086,1606556,1748783 +1 more); Storica Analitica visura per immobile - Catasto Fabbricati."
"visura-storica","PI","CASCIANA TERME LARI","49","519","","T","","analitica","","","PVP sales 6 (433796,562629,982086,1606556,1748783 +1 more); Storica Analitica visura per immobile - Catasto Terreni."
"visura-storica","PI","CASCIANA TERME LARI","7","292","1","F","","analitica","","","PVP sales 1 (2109054); Storica Analitica visura per immobile - Catasto Fabbricati."
"visura-storica","PI","CASCIANA TERME LARI","7","293","","F","","analitica","","","PVP sales 1 (2109054); Storica Analitica visura per immobile - Catasto Fabbricati."
"visura-storica","PI","CASCIANA TERME LARI","7","294","3","F","","analitica","","","PVP sales 1 (2109054); Storica Analitica visura per immobile - Catasto Fabbricati."
"visura-storica","PI","CASCIANA TERME LARI","7","531","5","F","","analitica","","","PVP sales 1 (324406); Storica Analitica visura per immobile - Catasto Fabbricati."
"visura-storica","PI","CASCIANA TERME LARI","7","538","","F","","analitica","","","PVP sales 1 (324406); Storica Analitica visura per immobile - Catasto Fabbricati."
"visura-storica","PI","CASCIANA TERME LARI","7","538","","T","","analitica","","","PVP sales 1 (324406); Storica Analitica visura per immobile - Catasto Terreni."
"visura-storica","PI","CASCIANA TERME LARI","7","539","","F","","analitica","","","PVP sales 1 (324406); Storica Analitica visura per immobile - Catasto Fabbricati."
"visura-storica","PI","CASCIANA TERME LARI","7","539","","T","","analitica","","","PVP sales 1 (324406); Storica Analitica visura per immobile - Catasto Terreni."
"visura-storica","PI","CASCIANA TERME LARI","9","14","","F","","analitica","","","PVP sales 1 (2045487); Storica Analitica visura per immobile - Catasto Fabbricati."
"visura-storica","PI","CASCIANA TERME LARI","9","14","","T","","analitica","","","PVP sales 1 (2045487); Storica Analitica visura per immobile - Catasto Terreni."
"visura-storica","PI","CASCIANA TERME LARI","9","75","","F","","analitica","","","PVP sales 1 (2045487); Storica Analitica visura per immobile - Catasto Fabbricati."
"visura-storica","PI","CASCIANA TERME LARI","9","75","","T","","analitica","","","PVP sales 1 (2045487); Storica Analitica visura per immobile - Catasto Terreni."
"visura-storica","PI","CASCIANA TERME LARI","9","80","","F","","analitica","","","PVP sales 1 (2045487); Storica Analitica visura per immobile - Catasto Fabbricati."
"visura-storica","PI","CASCIANA TERME LARI","9","80","","T","","analitica","","","PVP sales 1 (2045487); Storica Analitica visura per immobile - Catasto Terreni."
"visura-storica","PI","CASCINA","10","411","","F","","analitica","","","PVP sales 1 (1967079); Storica Analitica visura per immobile - Catasto Fabbricati."
"visura-storica","PI","CASCINA","10","411","","T","","analitica","","","PVP sales 1 (1967079); Storica Analitica visura per immobile - Catasto Terreni."
"visura-storica","PI","CASCINA","10","415","3","F","","analitica","","","PVP sales 3 (1474461,1691623,1967079); Storica Analitica visura per immobile - Catasto Fabbricati."
"visura-storica","PI","CASCINA","10","415","4","F","","analitica","","","PVP sales 1 (847148); Storica Analitica visura per immobile - Catasto Fabbricati."
"visura-storica","PI","CASCINA","14","220","12","F","","analitica","","","PVP sales 3 (2155088,2250928,4442220); Storica Analitica visura per immobile - Catasto Fabbricati."
"visura-storica","PI","CASCINA","14","220","13","F","","analitica","","","PVP sales 3 (2155088,2250928,4442220); Storica Analitica visura per immobile - Catasto Fabbricati."
"visura-storica","PI","CASCINA","14","220","14","F","","analitica","","","PVP sales 3 (2155088,2250928,4442220); Storica Analitica visura per immobile - Catasto Fabbricati."
"visura-storica","PI","CASCINA","14","220","15","F","","analitica","","","PVP sales 3 (2155140,2251011,4442868); Storica Analitica visura per immobile - Catasto Fabbricati."
"visura-storica","PI","CASCINA","14","220","16","F","","analitica","","","PVP sales 3 (2155140,2251011,4442868); Storica Analitica visura per immobile - Catasto Fabbricati."
"visura-storica","PI","CASCINA","14","220","3","F","","analitica","","","PVP sales 2 (2155095,4442254); Storica Analitica visura per immobile - Catasto Fabbricati."
"visura-storica","PI","CASCINA","14","252","","F","","analitica","","","PVP sales 1 (2246161); Storica Analitica visura per immobile - Catasto Fabbricati."
"visura-storica","PI","CASCINA","14","252","","T","","analitica","","","PVP sales 1 (2246161); Storica Analitica visura per immobile - Catasto Terreni."
"visura-storica","PI","CASCINA","14","597","12","F","","analitica","","","PVP sales 1 (4243920); Storica Analitica visura per immobile - Catasto Fabbricati."
"visura-storica","PI","CASCINA","14","597","8","F","","analitica","","","PVP sales 1 (4243920); Storica Analitica visura per immobile - Catasto Fabbricati."
"visura-storica","PI","CASCINA","15","184","5","F","","analitica","","","PVP sales 1 (4243496); Storica Analitica visura per immobile - Catasto Fabbricati."
"visura-storica","PI","CASCINA","15","184","6","F","","analitica","","","PVP sales 1 (4243511); Storica Analitica visura per immobile - Catasto Fabbricati."
"visura-storica","PI","CASCINA","15","184","7","F","","analitica","","","PVP sales 1 (4243456); Storica Analitica visura per immobile - Catasto Fabbricati."
"visura-storica","PI","CASCINA","15","202","1","F","","analitica","","","PVP sales 1 (4460414); Storica Analitica visura per immobile - Catasto Fabbricati."
"visura-storica","PI","CASCINA","15","209","9","F","","analitica","","","PVP sales 1 (4246758); Storica Analitica visura per immobile - Catasto Fabbricati."
"visura-storica","PI","CASCINA","15","261","2","F","","analitica","","","PVP sales 1 (2250083); Storica Analitica visura per immobile - Catasto Fabbricati."
"visura-storica","PI","CASCINA","15","302","5","F","","analitica","","","PVP sales 2 (1749232,1874500); Storica Analitica visura per immobile - Catasto Fabbricati."
"visura-storica","PI","CASCINA","15","315","44","F","","analitica","","","PVP sales 1 (4564515); Storica Analitica visura per immobile - Catasto Fabbricati."
"visura-storica","PI","CASCINA","15","319","14","F","","analitica","","","PVP sales 1 (1936227); Storica Analitica visura per immobile - Catasto Fabbricati."
"visura-storica","PI","CASCINA","15","452","8","F","","analitica","","","PVP sales 1 (1936227); Storica Analitica visura per immobile - Catasto Fabbricati."
"visura-storica","PI","CASCINA","15","64","1","F","","analitica","","","PVP sales 3 (895127,1487033,2134914); Storica Analitica visura per immobile - Catasto Fabbricati."
"visura-storica","PI","CASCINA","15","64","2","F","","analitica","","","PVP sales 3 (895127,1487033,2134914); Storica Analitica visura per immobile - Catasto Fabbricati."
"visura-storica","PI","CASCINA","15","64","4","F","","analitica","","","PVP sales 3 (895127,1487033,2134914); Storica Analitica visura per immobile - Catasto Fabbricati."
"visura-storica","PI","CASCINA","15","64","5","F","","analitica","","","PVP sales 3 (895127,1487033,2134914); Storica Analitica visura per immobile - Catasto Fabbricati."
"visura-storica","PI","CASCINA","17","14","3","F","","analitica","","","PVP sales 3 (2242129,4261492,4474072); Storica Analitica visura per immobile - Catasto Fabbricati."
"visura-storica","PI","CASCINA","17","14","4","F","","analitica","","","PVP sales 2 (2242195,4261505); Storica Analitica visura per immobile - Catasto Fabbricati."
"visura-storica","PI","CASCINA","17","324","10","F","","analitica","","","PVP sales 1 (4483731); Storica Analitica visura per immobile - Catasto Fabbricati."
"visura-storica","PI","CASCINA","18","131","1","F","","analitica","","","PVP sales 1 (4246737); Storica Analitica visura per immobile - Catasto Fabbricati."
"visura-storica","PI","CASCINA","18","131","2","F","","analitica","","","PVP sales 1 (4246737); Storica Analitica visura per immobile - Catasto Fabbricati."
"visura-storica","PI","CASCINA","18","132","1","F","","analitica","","","PVP sales 1 (4246737); Storica Analitica visura per immobile - Catasto Fabbricati."
"visura-storica","PI","CASCINA","18","178","11","F","","analitica","","","PVP sales 2 (358024,518737); Storica Analitica visura per immobile - Catasto Fabbricati."
"visura-storica","PI","CASCINA","18","28","8","F","","analitica","","","PVP sales 2 (358024,518737); Storica Analitica visura per immobile - Catasto Fabbricati."
"visura-storica","PI","CASCINA","19","51","20","F","","analitica","","","PVP sales 3 (2122004,4221231,4541668); Storica Analitica visura per immobile - Catasto Fabbricati."
"visura-storica","PI","CASCINA","19","51","21","F","","analitica","","","PVP sales 3 (2122037,4221293,4541686); Storica Analitica visura per immobile - Catasto Fabbricati."
"visura-storica","PI","CASCINA","19","51","32","F","","analitica","","","PVP sales 3 (2122004,4221231,4541668); Storica Analitica visura per immobile - Catasto Fabbricati."
"visura-storica","PI","CASCINA","19","51","33","F","","analitica","","","PVP sales 3 (2122037,4221293,4541686); Storica Analitica visura per immobile - Catasto Fabbricati."
"visura-storica","PI","CASCINA","20","1908","","F","","analitica","","","PVP sales 1 (4425034); Storica Analitica visura per immobile - Catasto Fabbricati."
"visura-storica","PI","CASCINA","20","1908","","T","","analitica","","","PVP sales 1 (4425034); Storica Analitica visura per immobile - Catasto Terreni."
"visura-storica","PI","CASCINA","20","219","3","F","","analitica","","","PVP sales 2 (2060832,4254827); Storica Analitica visura per immobile - Catasto Fabbricati."
"visura-storica","PI","CASCINA","20","219","4","F","","analitica","","","PVP sales 2 (2060832,4254827); Storica Analitica visura per immobile - Catasto Fabbricati."
"visura-storica","PI","CASCINA","20","468","80","F","","analitica","","","PVP sales 1 (663882); Storica Analitica visura per immobile - Catasto Fabbricati."
"visura-storica","PI","CASCINA","20","468","81","F","","analitica","","","PVP sales 1 (663883); Storica Analitica visura per immobile - Catasto Fabbricati."
"visura-storica","PI","CASCINA","23","136","19","F","","analitica","","","PVP sales 1 (316341); Storica Analitica visura per immobile - Catasto Fabbricati."
"visura-storica","PI","CASCINA","23","136","31","F","","analitica","","","PVP sales 1 (4552820); Storica Analitica visura per immobile - Catasto Fabbricati."
"visura-storica","PI","CASCINA","23","142","4","F","","analitica","","","PVP sales 1 (954350); Storica Analitica visura per immobile - Catasto Fabbricati."
"visura-storica","PI","CASCINA","23","144","12","F","","analitica","","","PVP sales 1 (954349); Storica Analitica visura per immobile - Catasto Fabbricati."
"visura-storica","PI","CASCINA","23","144","21","F","","analitica","","","PVP sales 1 (954350); Storica Analitica visura per immobile - Catasto Fabbricati."
"visura-storica","PI","CASCINA","23","144","22","F","","analitica","","","PVP sales 1 (954355); Storica Analitica visura per immobile - Catasto Fabbricati."
"visura-storica","PI","CASCINA","23","144","23","F","","analitica","","","PVP sales 1 (954352); Storica Analitica visura per immobile - Catasto Fabbricati."
"visura-storica","PI","CASCINA","23","413","1","F","","analitica","","","PVP sales 1 (954347); Storica Analitica visura per immobile - Catasto Fabbricati."
"visura-storica","PI","CASCINA","24","297","","F","","analitica","","","PVP sales 1 (538233); Storica Analitica visura per immobile - Catasto Fabbricati."
"visura-storica","PI","CASCINA","24","297","","T","","analitica","","","PVP sales 1 (538233); Storica Analitica visura per immobile - Catasto Terreni."
"visura-storica","PI","CASCINA","24","34","14","F","","analitica","","","PVP sales 1 (4243533); Storica Analitica visura per immobile - Catasto Fabbricati."
"visura-storica","PI","CASCINA","24","34","15","F","","analitica","","","PVP sales 1 (4243522); Storica Analitica visura per immobile - Catasto Fabbricati."
"visura-storica","PI","CASCINA","24","9","2","F","","analitica","","","PVP sales 1 (538233); Storica Analitica visura per immobile - Catasto Fabbricati."
"visura-storica","PI","CASCINA","25","194","17","F","","analitica","","","PVP sales 1 (4515431); Storica Analitica visura per immobile - Catasto Fabbricati."
"visura-storica","PI","CASCINA","25","194","7","F","","analitica","","","PVP sales 1 (4515433); Storica Analitica visura per immobile - Catasto Fabbricati."
"visura-storica","PI","CASCINA","25","195","3","F","","analitica","","","PVP sales 1 (4515436); Storica Analitica visura per immobile - Catasto Fabbricati."
"visura-storica","PI","CASCINA","25","195","4","F","","analitica","","","PVP sales 1 (4515403); Storica Analitica visura per immobile - Catasto Fabbricati."
"visura-storica","PI","CASCINA","25","445","11","F","","analitica","","","PVP sales 4 (2122326,2248415,4452060,4528399); Storica Analitica visura per immobile - Catasto Fabbricati."
"visura-storica","PI","CASCINA","27","1191","","F","","analitica","","","PVP sales 1 (1480434); Storica Analitica visura per immobile - Catasto Fabbricati."
"visura-storica","PI","CASCINA","27","1191","","T","","analitica","","","PVP sales 1 (1480434); Storica Analitica visura per immobile - Catasto Terreni."
"visura-storica","PI","CASCINA","27","1405","","F","","analitica","","","PVP sales 1 (1480434); Storica Analitica visura per immobile - Catasto Fabbricati."
"visura-storica","PI","CASCINA","27","1405","","T","","analitica","","","PVP sales 1 (1480434); Storica Analitica visura per immobile - Catasto Terreni."
"visura-storica","PI","CASCINA","27","363","3","F","","analitica","","","PVP sales 1 (623482); Storica Analitica visura per immobile - Catasto Fabbricati."
"visura-storica","PI","CASCINA","27","854","9","F","","analitica","","","PVP sales 1 (579624); Storica Analitica visura per immobile - Catasto Fabbricati."
"visura-storica","PI","CASCINA","28","284","","T","","analitica","","","PVP sales 3 (4457275,4506904,4553947); Storica Analitica visura per immobile - Catasto Terreni."
"visura-storica","PI","CASCINA","28","317","","T","","analitica","","","PVP sales 3 (4457275,4506904,4553947); Storica Analitica visura per immobile - Catasto Terreni."
"visura-storica","PI","CASCINA","28","335","","T","","analitica","","","PVP sales 3 (4457275,4506904,4553947); Storica Analitica visura per immobile - Catasto Terreni."
"visura-storica","PI","CASCINA","28","644","","T","","analitica","","","PVP sales 3 (4457275,4506904,4553947); Storica Analitica visura per immobile - Catasto Terreni."
"visura-storica","PI","CASCINA","28","645","","T","","analitica","","","PVP sales 3 (4457275,4506904,4553947); Storica Analitica visura per immobile - Catasto Terreni."
"visura-storica","PI","CASCINA","28","646","","T","","analitica","","","PVP sales 3 (4457275,4506904,4553947); Storica Analitica visura per immobile - Catasto Terreni."
"visura-storica","PI","CASCINA","28","709","","T","","analitica","","","PVP sales 3 (4457275,4506904,4553947); Storica Analitica visura per immobile - Catasto Terreni."
"visura-storica","PI","CASCINA","28","735","","T","","analitica","","","PVP sales 3 (4457275,4506904,4553947); Storica Analitica visura per immobile - Catasto Terreni."
"visura-storica","PI","CASCINA","28","756","","T","","analitica","","","PVP sales 3 (4457275,4506904,4553947); Storica Analitica visura per immobile - Catasto Terreni."
"visura-storica","PI","CASCINA","28","759","","T","","analitica","","","PVP sales 3 (4457275,4506904,4553947); Storica Analitica visura per immobile - Catasto Terreni."
"visura-storica","PI","CASCINA","28","96","","T","","analitica","","","PVP sales 3 (4457275,4506904,4553947); Storica Analitica visura per immobile - Catasto Terreni."
"visura-storica","PI","CASCINA","29","330","11","F","","analitica","","","PVP sales 1 (4515593); Storica Analitica visura per immobile - Catasto Fabbricati."
"visura-storica","PI","CASCINA","29","332","8","F","","analitica","","","PVP sales 1 (4515593); Storica Analitica visura per immobile - Catasto Fabbricati."
"visura-storica","PI","CASCINA","32","3","28","F","","analitica","","","PVP sales 2 (4468783,4523184); Storica Analitica visura per immobile - Catasto Fabbricati."
"visura-storica","PI","CASCINA","33","1625","17","F","","analitica","","","PVP sales 1 (4516191); Storica Analitica visura per immobile - Catasto Fabbricati."
"visura-storica","PI","CASCINA","33","1625","28","F","","analitica","","","PVP sales 1 (4516191); Storica Analitica visura per immobile - Catasto Fabbricati."
"visura-storica","PI","CASCINA","37","100","","T","","analitica","","","PVP sales 3 (4457275,4506904,4553947); Storica Analitica visura per immobile - Catasto Terreni."
"visura-storica","PI","CASCINA","37","101","","T","","analitica","","","PVP sales 3 (4457275,4506904,4553947); Storica Analitica visura per immobile - Catasto Terreni."
"visura-storica","PI","CASCINA","37","107","","T","","analitica","","","PVP sales 3 (4457275,4506904,4553947); Storica Analitica visura per immobile - Catasto Terreni."
"visura-storica","PI","CASCINA","37","109","","T","","analitica","","","PVP sales 3 (4457275,4506904,4553947); Storica Analitica visura per immobile - Catasto Terreni."
"visura-storica","PI","CASCINA","37","119","","F","","analitica","","","PVP sales 3 (4457275,4506904,4553947); Storica Analitica visura per immobile - Catasto Fabbricati."
"visura-storica","PI","CASCINA","37","12","","T","","analitica","","","PVP sales 3 (4457275,4506904,4553947); Storica Analitica visura per immobile - Catasto Terreni."
"visura-storica","PI","CASCINA","37","14","","T","","analitica","","","PVP sales 3 (4457275,4506904,4553947); Storica Analitica visura per immobile - Catasto Terreni."
"visura-storica","PI","CASCINA","37","2","","T","","analitica","","","PVP sales 3 (4457275,4506904,4553947); Storica Analitica visura per immobile - Catasto Terreni."
"visura-storica","PI","CASCINA","37","35","","T","","analitica","","","PVP sales 3 (4457275,4506904,4553947); Storica Analitica visura per immobile - Catasto Terreni."
"visura-storica","PI","CASCINA","37","44","","T","","analitica","","","PVP sales 3 (4457275,4506904,4553947); Storica Analitica visura per immobile - Catasto Terreni."
"visura-storica","PI","CASCINA","37","46","","T","","analitica","","","PVP sales 3 (4457275,4506904,4553947); Storica Analitica visura per immobile - Catasto Terreni."
"visura-storica","PI","CASCINA","37","51","","T","","analitica","","","PVP sales 3 (4457275,4506904,4553947); Storica Analitica visura per immobile - Catasto Terreni."
"visura-storica","PI","CASCINA","37","52","","T","","analitica","","","PVP sales 3 (4457275,4506904,4553947); Storica Analitica visura per immobile - Catasto Terreni."
"visura-storica","PI","CASCINA","37","53","","T","","analitica","","","PVP sales 3 (4457275,4506904,4553947); Storica Analitica visura per immobile - Catasto Terreni."
"visura-storica","PI","CASCINA","37","78","","T","","analitica","","","PVP sales 3 (4457275,4506904,4553947); Storica Analitica visura per immobile - Catasto Terreni."
"visura-storica","PI","CASCINA","37","80","","T","","analitica","","","PVP sales 3 (4457275,4506904,4553947); Storica Analitica visura per immobile - Catasto Terreni."
"visura-storica","PI","CASCINA","37","85","","T","","analitica","","","PVP sales 3 (4457275,4506904,4553947); Storica Analitica visura per immobile - Catasto Terreni."
"visura-storica","PI","CASCINA","37","87","","T","","analitica","","","PVP sales 3 (4457275,4506904,4553947); Storica Analitica visura per immobile - Catasto Terreni."
"visura-storica","PI","CASCINA","37","89","","T","","analitica","","","PVP sales 3 (4457275,4506904,4553947); Storica Analitica visura per immobile - Catasto Terreni."
"visura-storica","PI","CASCINA","37","93","","T","","analitica","","","PVP sales 3 (4457275,4506904,4553947); Storica Analitica visura per immobile - Catasto Terreni."
"visura-storica","PI","CASCINA","37","94","","T","","analitica","","","PVP sales 3 (4457275,4506904,4553947); Storica Analitica visura per immobile - Catasto Terreni."
"visura-storica","PI","CASCINA","37","95","","T","","analitica","","","PVP sales 3 (4457275,4506904,4553947); Storica Analitica visura per immobile - Catasto Terreni."
"visura-storica","PI","CASCINA","37","96","","T","","analitica","","","PVP sales 3 (4457275,4506904,4553947); Storica Analitica visura per immobile - Catasto Terreni."
"visura-storica","PI","CASCINA","37","98","","T","","analitica","","","PVP sales 3 (4457275,4506904,4553947); Storica Analitica visura per immobile - Catasto Terreni."
"visura-storica","PI","CASCINA","38","140","","T","","analitica","","","PVP sales 3 (4457275,4506904,4553947); Storica Analitica visura per immobile - Catasto Terreni."
"visura-storica","PI","CASCINA","38","142","","T","","analitica","","","PVP sales 3 (4457275,4506904,4553947); Storica Analitica visura per immobile - Catasto Terreni."
"visura-storica","PI","CASCINA","38","143","","T","","analitica","","","PVP sales 3 (4457275,4506904,4553947); Storica Analitica visura per immobile - Catasto Terreni."
"visura-storica","PI","CASCINA","38","145","","T","","analitica","","","PVP sales 3 (4457275,4506904,4553947); Storica Analitica visura per immobile - Catasto Terreni."
"visura-storica","PI","CASCINA","38","160","","T","","analitica","","","PVP sales 3 (4457275,4506904,4553947); Storica Analitica visura per immobile - Catasto Terreni."
"visura-storica","PI","CASCINA","38","162","","T","","analitica","","","PVP sales 3 (4457275,4506904,4553947); Storica Analitica visura per immobile - Catasto Terreni."
"visura-storica","PI","CASCINA","38","175","","T","","analitica","","","PVP sales 3 (4457275,4506904,4553947); Storica Analitica visura per immobile - Catasto Terreni."
"visura-storica","PI","CASCINA","38","176","","T","","analitica","","","PVP sales 3 (4457275,4506904,4553947); Storica Analitica visura per immobile - Catasto Terreni."
"visura-storica","PI","CASCINA","38","26","","T","","analitica","","","PVP sales 3 (4457275,4506904,4553947); Storica Analitica visura per immobile - Catasto Terreni."
"visura-storica","PI","CASCINA","38","35","","T","","analitica","","","PVP sales 3 (4457275,4506904,4553947); Storica Analitica visura per immobile - Catasto Terreni."
"visura-storica","PI","CASCINA","38","40","","T","","analitica","","","PVP sales 3 (4457275,4506904,4553947); Storica Analitica visura per immobile - Catasto Terreni."
"visura-storica","PI","CASCINA","39","215","4","F","","analitica","","","PVP sales 1 (4211317); Storica Analitica visura per immobile - Catasto Fabbricati."
"visura-storica","PI","CASCINA","39","215","5","F","","analitica","","","PVP sales 1 (4211317); Storica Analitica visura per immobile - Catasto Fabbricati."
"visura-storica","PI","CASCINA","4","1830","18","F","","analitica","","","PVP sales 1 (156182); Storica Analitica visura per immobile - Catasto Fabbricati."
"visura-storica","PI","CASCINA","4","1830","2","F","","analitica","","","PVP sales 1 (156182); Storica Analitica visura per immobile - Catasto Fabbricati."
"visura-storica","PI","CASCINA","4","1830","27","F","","analitica","","","PVP sales 1 (156182); Storica Analitica visura per immobile - Catasto Fabbricati."
"visura-storica","PI","CASCINA","4","1830","3","F","","analitica","","","PVP sales 1 (156182); Storica Analitica visura per immobile - Catasto Fabbricati."
"visura-storica","PI","CASCINA","4","1830","5","F","","analitica","","","PVP sales 1 (156182); Storica Analitica visura per immobile - Catasto Fabbricati."
"visura-storica","PI","CASCINA","40","225","14","F","","analitica","","","PVP sales 3 (2251682,4261632,4418487); Storica Analitica visura per immobile - Catasto Fabbricati."
"visura-storica","PI","CASCINA","40","225","3","F","","analitica","","","PVP sales 5 (2251680,4261611,4418459,4461271,4518282); Storica Analitica visura per immobile - Catasto Fabbricati."
"visura-storica","PI","CASCINA","40","225","8","F","","analitica","","","PVP sales 3 (2251681,4261619,4418465); Storica Analitica visura per immobile - Catasto Fabbricati."
"visura-storica","PI","CASCINA","42","160","","F","","analitica","","","PVP sales 2 (2087187,2250648); Storica Analitica visura per immobile - Catasto Fabbricati."
"visura-storica","PI","CASCINA","42","160","","T","","analitica","","","PVP sales 2 (2087187,2250648); Storica Analitica visura per immobile - Catasto Terreni."
"visura-storica","PI","CASCINA","42","162","","F","","analitica","","","PVP sales 2 (2087591,2250697); Storica Analitica visura per immobile - Catasto Fabbricati."
"visura-storica","PI","CASCINA","42","162","","T","","analitica","","","PVP sales 2 (2087591,2250697); Storica Analitica visura per immobile - Catasto Terreni."
"visura-storica","PI","CASCINA","42","164","","F","","analitica","","","PVP sales 2 (2087187,2250648); Storica Analitica visura per immobile - Catasto Fabbricati."
"visura-storica","PI","CASCINA","42","164","","T","","analitica","","","PVP sales 2 (2087187,2250648); Storica Analitica visura per immobile - Catasto Terreni."
"visura-storica","PI","CASCINA","42","18","11","F","","analitica","","","PVP sales 1 (4440917); Storica Analitica visura per immobile - Catasto Fabbricati."
"visura-storica","PI","CASCINA","42","197","","F","","analitica","","","PVP sales 2 (2087187,2250648); Storica Analitica visura per immobile - Catasto Fabbricati."
"visura-storica","PI","CASCINA","42","197","","T","","analitica","","","PVP sales 2 (2087187,2250648); Storica Analitica visura per immobile - Catasto Terreni."
"visura-storica","PI","CASCINA","42","198","","F","","analitica","","","PVP sales 2 (2087187,2250648); Storica Analitica visura per immobile - Catasto Fabbricati."
"visura-storica","PI","CASCINA","42","198","","T","","analitica","","","PVP sales 2 (2087187,2250648); Storica Analitica visura per immobile - Catasto Terreni."
"visura-storica","PI","CASCINA","42","22","","F","","analitica","","","PVP sales 2 (2087187,2250648); Storica Analitica visura per immobile - Catasto Fabbricati."
"visura-storica","PI","CASCINA","42","22","","T","","analitica","","","PVP sales 2 (2087187,2250648); Storica Analitica visura per immobile - Catasto Terreni."
"visura-storica","PI","CASCINA","42","23","","F","","analitica","","","PVP sales 2 (2087187,2250648); Storica Analitica visura per immobile - Catasto Fabbricati."
"visura-storica","PI","CASCINA","42","23","","T","","analitica","","","PVP sales 2 (2087187,2250648); Storica Analitica visura per immobile - Catasto Terreni."
"visura-storica","PI","CASCINA","42","77","","F","","analitica","","","PVP sales 2 (2087187,2250648); Storica Analitica visura per immobile - Catasto Fabbricati."
"visura-storica","PI","CASCINA","42","77","","T","","analitica","","","PVP sales 2 (2087187,2250648); Storica Analitica visura per immobile - Catasto Terreni."
"visura-storica","PI","CASCINA","43","689","","F","","analitica","","","PVP sales 1 (420159); Storica Analitica visura per immobile - Catasto Fabbricati."
"visura-storica","PI","CASCINA","43","689","","T","","analitica","","","PVP sales 1 (420159); Storica Analitica visura per immobile - Catasto Terreni."
"visura-storica","PI","CASCINA","43","758","10","F","","analitica","","","PVP sales 4 (2112857,4446293,4495671,4531403); Storica Analitica visura per immobile - Catasto Fabbricati."
"visura-storica","PI","CASCINA","43","758","11","F","","analitica","","","PVP sales 4 (2112857,4446293,4495671,4531403); Storica Analitica visura per immobile - Catasto Fabbricati."
"visura-storica","PI","CASCINA","43","758","2","F","","analitica","","","PVP sales 4 (2112857,4446293,4495671,4531403); Storica Analitica visura per immobile - Catasto Fabbricati."
"visura-storica","PI","CASCINA","43","758","24","F","","analitica","","","PVP sales 1 (4446423); Storica Analitica visura per immobile - Catasto Fabbricati."
"visura-storica","PI","CASCINA","43","758","25","F","","analitica","","","PVP sales 3 (4446286,4495629,4531379); Storica Analitica visura per immobile - Catasto Fabbricati."
"visura-storica","PI","CASCINA","43","758","26","F","","analitica","","","PVP sales 3 (4446290,4495630,4531401); Storica Analitica visura per immobile - Catasto Fabbricati."
"visura-storica","PI","CASCINA","43","758","29","F","","analitica","","","PVP sales 1 (4228989); Storica Analitica visura per immobile - Catasto Fabbricati."
"visura-storica","PI","CASCINA","43","758","3","F","","analitica","","","PVP sales 4 (2112857,4446293,4495671,4531403); Storica Analitica visura per immobile - Catasto Fabbricati."
"visura-storica","PI","CASCINA","43","758","30","F","","analitica","","","PVP sales 1 (4228989); Storica Analitica visura per immobile - Catasto Fabbricati."
"visura-storica","PI","CASCINA","43","758","5","F","","analitica","","","PVP sales 4 (2112857,4446293,4495671,4531403); Storica Analitica visura per immobile - Catasto Fabbricati."
"visura-storica","PI","CASCINA","43","758","50","F","","analitica","","","PVP sales 4 (2112857,4446293,4495671,4531403); Storica Analitica visura per immobile - Catasto Fabbricati."
"visura-storica","PI","CASCINA","43","758","9","F","","analitica","","","PVP sales 4 (2112857,4446293,4495671,4531403); Storica Analitica visura per immobile - Catasto Fabbricati."
"visura-storica","PI","CASCINA","45","263","8","F","","analitica","","","PVP sales 1 (4248562); Storica Analitica visura per immobile - Catasto Fabbricati."
"visura-storica","PI","CASCINA","45","387","","F","","analitica","","","PVP sales 1 (4248562); Storica Analitica visura per immobile - Catasto Fabbricati."
"visura-storica","PI","CASCINA","45","387","","T","","analitica","","","PVP sales 1 (4248562); Storica Analitica visura per immobile - Catasto Terreni."
"visura-storica","PI","CASCINA","48","35","","T","","analitica","","","PVP sales 3 (4457275,4506904,4553947); Storica Analitica visura per immobile - Catasto Terreni."
"visura-storica","PI","CASCINA","48","5","","T","","analitica","","","PVP sales 3 (4457275,4506904,4553947); Storica Analitica visura per immobile - Catasto Terreni."
"visura-storica","PI","CASCINA","5","1","70","F","","analitica","","","PVP sales 1 (1874841); Storica Analitica visura per immobile - Catasto Fabbricati."
"visura-storica","PI","CASCINA","5","1","73","F","","analitica","","","PVP sales 1 (1874841); Storica Analitica visura per immobile - Catasto Fabbricati."
"visura-storica","PI","CASCINA","5","1","74","F","","analitica","","","PVP sales 1 (1874841); Storica Analitica visura per immobile - Catasto Fabbricati."
"visura-storica","PI","CASCINA","5","1","80","F","","analitica","","","PVP sales 1 (1874841); Storica Analitica visura per immobile - Catasto Fabbricati."
"visura-storica","PI","CASCINA","5","1280","44","F","","analitica","","","PVP sales 1 (4424018); Storica Analitica visura per immobile - Catasto Fabbricati."
"visura-storica","PI","CASCINA","5","1559","7","F","","analitica","","","PVP sales 1 (4528435); Storica Analitica visura per immobile - Catasto Fabbricati."
"visura-storica","PI","CASCINA","5","2","2","F","","analitica","","","PVP sales 1 (1874841); Storica Analitica visura per immobile - Catasto Fabbricati."
"visura-storica","PI","CASCINA","5","2","3","F","","analitica","","","PVP sales 1 (1874841); Storica Analitica visura per immobile - Catasto Fabbricati."
"visura-storica","PI","CASCINA","5","2","4","F","","analitica","","","PVP sales 1 (1874841); Storica Analitica visura per immobile - Catasto Fabbricati."
"visura-storica","PI","CASCINA","5","2","5","F","","analitica","","","PVP sales 1 (1874841); Storica Analitica visura per immobile - Catasto Fabbricati."
"visura-storica","PI","CASCINA","5","2","6","F","","analitica","","","PVP sales 1 (1874841); Storica Analitica visura per immobile - Catasto Fabbricati."
"visura-storica","PI","CASCINA","5","2","7","F","","analitica","","","PVP sales 1 (1874841); Storica Analitica visura per immobile - Catasto Fabbricati."
"visura-storica","PI","CASCINA","5","2","8","F","","analitica","","","PVP sales 1 (1874841); Storica Analitica visura per immobile - Catasto Fabbricati."
"visura-storica","PI","CASCINA","56","53","","F","","analitica","","","PVP sales 1 (2094811); Storica Analitica visura per immobile - Catasto Fabbricati."
"visura-storica","PI","CASCINA","56","53","","T","","analitica","","","PVP sales 1 (2094811); Storica Analitica visura per immobile - Catasto Terreni."
"visura-storica","PI","CASCINA","56","53","1","F","","analitica","","","PVP sales 1 (2094241); Storica Analitica visura per immobile - Catasto Fabbricati."
"visura-storica","PI","CASCINA","59","112","","F","","analitica","","","PVP sales 2 (253362,600581); Storica Analitica visura per immobile - Catasto Fabbricati."
"visura-storica","PI","CASCINA","59","112","","T","","analitica","","","PVP sales 2 (253362,600581); Storica Analitica visura per immobile - Catasto Terreni."
"visura-storica","PI","CASCINA","59","33","8","F","","analitica","","","PVP sales 2 (253362,600581); Storica Analitica visura per immobile - Catasto Fabbricati."
"visura-storica","PI","CASCINA","60","13","","T","","analitica","","","PVP sales 3 (4457275,4506904,4553947); Storica Analitica visura per immobile - Catasto Terreni."
"visura-storica","PI","CASCINA","60","35","","T","","analitica","","","PVP sales 3 (4457275,4506904,4553947); Storica Analitica visura per immobile - Catasto Terreni."
"visura-storica","PI","CASCINA","63","118","10","F","","analitica","","","PVP sales 1 (4548583); Storica Analitica visura per immobile - Catasto Fabbricati."
"visura-storica","PI","CASCINA","63","169","1","F","","analitica","","","PVP sales 2 (2065851,4243079); Storica Analitica visura per immobile - Catasto Fabbricati."
"visura-storica","PI","CASCINA","63","169","2","F","","analitica","","","PVP sales 1 (2065852); Storica Analitica visura per immobile - Catasto Fabbricati."
"visura-storica","PI","CASCINA","63","169","4","F","","analitica","","","PVP sales 2 (2065851,4243079); Storica Analitica visura per immobile - Catasto Fabbricati."
"visura-storica","PI","CASCINA","66","217","7","F","","analitica","","","PVP sales 1 (4531807); Storica Analitica visura per immobile - Catasto Fabbricati."
"visura-storica","PI","CASCINA","69","351","","F","","analitica","","","PVP sales 1 (4400416); Storica Analitica visura per immobile - Catasto Fabbricati."
"visura-storica","PI","CASCINA","69","351","","T","","analitica","","","PVP sales 1 (4400416); Storica Analitica visura per immobile - Catasto Terreni."
"visura-storica","PI","CASCINA","7","144","","F","","analitica","","","PVP sales 1 (4500051); Storica Analitica visura per immobile - Catasto Fabbricati."
"visura-storica","PI","CASCINA","7","144","","T","","analitica","","","PVP sales 1 (4500051); Storica Analitica visura per immobile - Catasto Terreni."
"visura-storica","PI","CASCINA","7","144","1","F","","analitica","","","PVP sales 1 (4500051); Storica Analitica visura per immobile - Catasto Fabbricati."
"visura-storica","PI","CASCINA","7","144","2","F","","analitica","","","PVP sales 1 (4500051); Storica Analitica visura per immobile - Catasto Fabbricati."
"visura-storica","PI","CASCINA","83","223","","F","","analitica","","","PVP sales 3 (4451239,4493291,4533735); Storica Analitica visura per immobile - Catasto Fabbricati."
"visura-storica","PI","CASCINA","83","223","","T","","analitica","","","PVP sales 3 (4451239,4493291,4533735); Storica Analitica visura per immobile - Catasto Terreni."
"visura-storica","PI","CASCINA","83","67","","F","","analitica","","","PVP sales 3 (4451239,4493291,4533735); Storica Analitica visura per immobile - Catasto Fabbricati."
"visura-storica","PI","CASCINA","83","67","","T","","analitica","","","PVP sales 3 (4451239,4493291,4533735); Storica Analitica visura per immobile - Catasto Terreni."
"visura-storica","PI","CASTELFRANCO DI SOTTO","10","110","","T","","analitica","","","PVP sales 1 (4460719); Storica Analitica visura per immobile - Catasto Terreni."
"visura-storica","PI","CASTELFRANCO DI SOTTO","10","216","","T","","analitica","","","PVP sales 1 (4460719); Storica Analitica visura per immobile - Catasto Terreni."
"visura-storica","PI","CASTELFRANCO DI SOTTO","10","274","","T","","analitica","","","PVP sales 1 (4460719); Storica Analitica visura per immobile - Catasto Terreni."
"visura-storica","PI","CASTELFRANCO DI SOTTO","10","277","","T","","analitica","","","PVP sales 1 (4460719); Storica Analitica visura per immobile - Catasto Terreni."
"visura-storica","PI","CASTELFRANCO DI SOTTO","10","302","","F","","analitica","","","PVP sales 1 (4216607); Storica Analitica visura per immobile - Catasto Fabbricati."
"visura-storica","PI","CASTELFRANCO DI SOTTO","10","302","","T","","analitica","","","PVP sales 1 (4216607); Storica Analitica visura per immobile - Catasto Terreni."
"visura-storica","PI","CASTELFRANCO DI SOTTO","10","308","","F","","analitica","","","PVP sales 1 (4216607); Storica Analitica visura per immobile - Catasto Fabbricati."
"visura-storica","PI","CASTELFRANCO DI SOTTO","10","308","","T","","analitica","","","PVP sales 1 (4216607); Storica Analitica visura per immobile - Catasto Terreni."
"visura-storica","PI","CASTELFRANCO DI SOTTO","10","364","1","F","","analitica","","","PVP sales 1 (4460755); Storica Analitica visura per immobile - Catasto Fabbricati."
"visura-storica","PI","CASTELFRANCO DI SOTTO","10","365","","T","","analitica","","","PVP sales 1 (4460731); Storica Analitica visura per immobile - Catasto Terreni."
"visura-storica","PI","CASTELFRANCO DI SOTTO","10","366","","T","","analitica","","","PVP sales 1 (4460731); Storica Analitica visura per immobile - Catasto Terreni."
"visura-storica","PI","CASTELFRANCO DI SOTTO","10","469","","F","","analitica","","","PVP sales 1 (4460705); Storica Analitica visura per immobile - Catasto Fabbricati."
"visura-storica","PI","CASTELFRANCO DI SOTTO","10","471","","T","","analitica","","","PVP sales 1 (4460715); Storica Analitica visura per immobile - Catasto Terreni."
"visura-storica","PI","CASTELFRANCO DI SOTTO","10","623","","T","","analitica","","","PVP sales 1 (4460710); Storica Analitica visura per immobile - Catasto Terreni."
"visura-storica","PI","CASTELFRANCO DI SOTTO","10","635","1","F","","analitica","","","PVP sales 2 (4224633,4447278); Storica Analitica visura per immobile - Catasto Fabbricati."
"visura-storica","PI","CASTELFRANCO DI SOTTO","10","635","3","F","","analitica","","","PVP sales 2 (4224633,4447278); Storica Analitica visura per immobile - Catasto Fabbricati."
"visura-storica","PI","CASTELFRANCO DI SOTTO","11","53","","T","","analitica","","","PVP sales 1 (4460686); Storica Analitica visura per immobile - Catasto Terreni."
"visura-storica","PI","CASTELFRANCO DI SOTTO","11","782","","T","","analitica","","","PVP sales 1 (4460686); Storica Analitica visura per immobile - Catasto Terreni."
"visura-storica","PI","CASTELFRANCO DI SOTTO","12","379","","T","","analitica","","","PVP sales 1 (4246773); Storica Analitica visura per immobile - Catasto Terreni."
"visura-storica","PI","CASTELFRANCO DI SOTTO","12","790","4","F","","analitica","","","PVP sales 2 (2191308,2191319); Storica Analitica visura per immobile - Catasto Fabbricati."
"visura-storica","PI","CASTELFRANCO DI SOTTO","12","790","5","F","","analitica","","","PVP sales 2 (2191308,2191319); Storica Analitica visura per immobile - Catasto Fabbricati."
"visura-storica","PI","CASTELFRANCO DI SOTTO","13","432","","T","","analitica","","","PVP sales 1 (2016309); Storica Analitica visura per immobile - Catasto Terreni."
"visura-storica","PI","CASTELFRANCO DI SOTTO","14","883","","F","","analitica","","","PVP sales 3 (4391355,4461165,4518219); Storica Analitica visura per immobile - Catasto Fabbricati."
"visura-storica","PI","CASTELFRANCO DI SOTTO","14","883","","T","","analitica","","","PVP sales 3 (4391355,4461165,4518219); Storica Analitica visura per immobile - Catasto Terreni."
"visura-storica","PI","CASTELFRANCO DI SOTTO","14","894","","F","","analitica","","","PVP sales 3 (4391364,4461171,4518221); Storica Analitica visura per immobile - Catasto Fabbricati."
"visura-storica","PI","CASTELFRANCO DI SOTTO","14","894","","T","","analitica","","","PVP sales 3 (4391364,4461171,4518221); Storica Analitica visura per immobile - Catasto Terreni."
"visura-storica","PI","CASTELFRANCO DI SOTTO","15","163","","F","","analitica","","","PVP sales 3 (2120042,2255237,4508367); Storica Analitica visura per immobile - Catasto Fabbricati."
"visura-storica","PI","CASTELFRANCO DI SOTTO","15","163","","T","","analitica","","","PVP sales 4 (2120042,2255237,4284660,4508367); Storica Analitica visura per immobile - Catasto Terreni."
"visura-storica","PI","CASTELFRANCO DI SOTTO","15","174","","F","","analitica","","","PVP sales 3 (2120042,2255237,4508367); Storica Analitica visura per immobile - Catasto Fabbricati."
"visura-storica","PI","CASTELFRANCO DI SOTTO","15","174","","T","","analitica","","","PVP sales 4 (2120042,2255237,4284660,4508367); Storica Analitica visura per immobile - Catasto Terreni."
"visura-storica","PI","CASTELFRANCO DI SOTTO","15","176","","F","","analitica","","","PVP sales 3 (2120042,2255237,4508367); Storica Analitica visura per immobile - Catasto Fabbricati."
"visura-storica","PI","CASTELFRANCO DI SOTTO","15","176","","T","","analitica","","","PVP sales 4 (2120042,2255237,4284660,4508367); Storica Analitica visura per immobile - Catasto Terreni."
"visura-storica","PI","CASTELFRANCO DI SOTTO","15","240","","F","","analitica","","","PVP sales 3 (2120042,2255237,4508367); Storica Analitica visura per immobile - Catasto Fabbricati."
"visura-storica","PI","CASTELFRANCO DI SOTTO","15","240","","T","","analitica","","","PVP sales 4 (2120042,2255237,4284660,4508367); Storica Analitica visura per immobile - Catasto Terreni."
"visura-storica","PI","CASTELFRANCO DI SOTTO","15","60","","F","","analitica","","","PVP sales 3 (2120042,2255237,4508367); Storica Analitica visura per immobile - Catasto Fabbricati."
"visura-storica","PI","CASTELFRANCO DI SOTTO","15","60","","T","","analitica","","","PVP sales 4 (2120042,2255237,4284660,4508367); Storica Analitica visura per immobile - Catasto Terreni."
"visura-storica","PI","CASTELFRANCO DI SOTTO","15","66","","F","","analitica","","","PVP sales 3 (2120042,2255237,4508367); Storica Analitica visura per immobile - Catasto Fabbricati."
"visura-storica","PI","CASTELFRANCO DI SOTTO","15","66","","T","","analitica","","","PVP sales 4 (2120042,2255237,4284660,4508367); Storica Analitica visura per immobile - Catasto Terreni."
"visura-storica","PI","CASTELFRANCO DI SOTTO","15","68","","F","","analitica","","","PVP sales 3 (2120042,2255237,4508367); Storica Analitica visura per immobile - Catasto Fabbricati."
"visura-storica","PI","CASTELFRANCO DI SOTTO","15","68","","T","","analitica","","","PVP sales 4 (2120042,2255237,4284660,4508367); Storica Analitica visura per immobile - Catasto Terreni."
"visura-storica","PI","CASTELFRANCO DI SOTTO","15","72","","F","","analitica","","","PVP sales 3 (2120042,2255237,4508367); Storica Analitica visura per immobile - Catasto Fabbricati."
"visura-storica","PI","CASTELFRANCO DI SOTTO","15","72","","T","","analitica","","","PVP sales 4 (2120042,2255237,4284660,4508367); Storica Analitica visura per immobile - Catasto Terreni."
"visura-storica","PI","CASTELFRANCO DI SOTTO","15","76","","F","","analitica","","","PVP sales 3 (2120042,2255237,4508367); Storica Analitica visura per immobile - Catasto Fabbricati."
"visura-storica","PI","CASTELFRANCO DI SOTTO","15","76","","T","","analitica","","","PVP sales 4 (2120042,2255237,4284660,4508367); Storica Analitica visura per immobile - Catasto Terreni."
"visura-storica","PI","CASTELFRANCO DI SOTTO","15","81","","F","","analitica","","","PVP sales 3 (2120042,2255237,4508367); Storica Analitica visura per immobile - Catasto Fabbricati."
"visura-storica","PI","CASTELFRANCO DI SOTTO","15","81","","T","","analitica","","","PVP sales 4 (2120042,2255237,4284660,4508367); Storica Analitica visura per immobile - Catasto Terreni."
"visura-storica","PI","CASTELFRANCO DI SOTTO","15","82","","F","","analitica","","","PVP sales 3 (2120042,2255237,4508367); Storica Analitica visura per immobile - Catasto Fabbricati."
"visura-storica","PI","CASTELFRANCO DI SOTTO","15","82","","T","","analitica","","","PVP sales 4 (2120042,2255237,4284660,4508367); Storica Analitica visura per immobile - Catasto Terreni."
"visura-storica","PI","CASTELFRANCO DI SOTTO","15","83","","F","","analitica","","","PVP sales 3 (2120042,2255237,4508367); Storica Analitica visura per immobile - Catasto Fabbricati."
"visura-storica","PI","CASTELFRANCO DI SOTTO","15","83","","T","","analitica","","","PVP sales 4 (2120042,2255237,4284660,4508367); Storica Analitica visura per immobile - Catasto Terreni."
"visura-storica","PI","CASTELFRANCO DI SOTTO","15","85","","F","","analitica","","","PVP sales 3 (2120042,2255237,4508367); Storica Analitica visura per immobile - Catasto Fabbricati."
"visura-storica","PI","CASTELFRANCO DI SOTTO","15","85","","T","","analitica","","","PVP sales 4 (2120042,2255237,4284660,4508367); Storica Analitica visura per immobile - Catasto Terreni."
"visura-storica","PI","CASTELFRANCO DI SOTTO","15","86","","F","","analitica","","","PVP sales 3 (2120042,2255237,4508367); Storica Analitica visura per immobile - Catasto Fabbricati."
"visura-storica","PI","CASTELFRANCO DI SOTTO","15","86","","T","","analitica","","","PVP sales 4 (2120042,2255237,4284660,4508367); Storica Analitica visura per immobile - Catasto Terreni."
"visura-storica","PI","CASTELFRANCO DI SOTTO","15","88","","F","","analitica","","","PVP sales 3 (2120042,2255237,4508367); Storica Analitica visura per immobile - Catasto Fabbricati."
"visura-storica","PI","CASTELFRANCO DI SOTTO","15","88","","T","","analitica","","","PVP sales 4 (2120042,2255237,4284660,4508367); Storica Analitica visura per immobile - Catasto Terreni."
"visura-storica","PI","CASTELFRANCO DI SOTTO","15","95","","F","","analitica","","","PVP sales 3 (2120042,2255237,4508367); Storica Analitica visura per immobile - Catasto Fabbricati."
"visura-storica","PI","CASTELFRANCO DI SOTTO","15","95","","T","","analitica","","","PVP sales 4 (2120042,2255237,4284660,4508367); Storica Analitica visura per immobile - Catasto Terreni."
"visura-storica","PI","CASTELFRANCO DI SOTTO","17","225","5","F","","analitica","","","PVP sales 2 (4485185,4530281); Storica Analitica visura per immobile - Catasto Fabbricati."
"visura-storica","PI","CASTELFRANCO DI SOTTO","18","163","","T","","analitica","","","PVP sales 1 (4460724); Storica Analitica visura per immobile - Catasto Terreni."
"visura-storica","PI","CASTELFRANCO DI SOTTO","18","270","","T","","analitica","","","PVP sales 1 (4460737); Storica Analitica visura per immobile - Catasto Terreni."
"visura-storica","PI","CASTELFRANCO DI SOTTO","18","313","","T","","analitica","","","PVP sales 1 (4460738); Storica Analitica visura per immobile - Catasto Terreni."
"visura-storica","PI","CASTELFRANCO DI SOTTO","18","64","","T","","analitica","","","PVP sales 1 (4460724); Storica Analitica visura per immobile - Catasto Terreni."
"visura-storica","PI","CASTELFRANCO DI SOTTO","19","129","","T","","analitica","","","PVP sales 1 (4246770); Storica Analitica visura per immobile - Catasto Terreni."
"visura-storica","PI","CASTELFRANCO DI SOTTO","19","130","","T","","analitica","","","PVP sales 1 (4246770); Storica Analitica visura per immobile - Catasto Terreni."
"visura-storica","PI","CASTELFRANCO DI SOTTO","19","148","","T","","analitica","","","PVP sales 1 (4246770); Storica Analitica visura per immobile - Catasto Terreni."
"visura-storica","PI","CASTELFRANCO DI SOTTO","19","149","","T","","analitica","","","PVP sales 1 (4246770); Storica Analitica visura per immobile - Catasto Terreni."
"visura-storica","PI","CASTELFRANCO DI SOTTO","19","150","","T","","analitica","","","PVP sales 1 (4246770); Storica Analitica visura per immobile - Catasto Terreni."
"visura-storica","PI","CASTELFRANCO DI SOTTO","19","151","","T","","analitica","","","PVP sales 1 (4246770); Storica Analitica visura per immobile - Catasto Terreni."
"visura-storica","PI","CASTELFRANCO DI SOTTO","19","179","","T","","analitica","","","PVP sales 1 (4246770); Storica Analitica visura per immobile - Catasto Terreni."
"visura-storica","PI","CASTELFRANCO DI SOTTO","19","210","3","F","","analitica","","","PVP sales 1 (2016309); Storica Analitica visura per immobile - Catasto Fabbricati."
"visura-storica","PI","CASTELFRANCO DI SOTTO","19","281","11","F","","analitica","","","PVP sales 1 (4246741); Storica Analitica visura per immobile - Catasto Fabbricati."
"visura-storica","PI","CASTELFRANCO DI SOTTO","19","281","13","F","","analitica","","","PVP sales 1 (4246741); Storica Analitica visura per immobile - Catasto Fabbricati."
"visura-storica","PI","CASTELFRANCO DI SOTTO","19","281","3","F","","analitica","","","PVP sales 1 (4246741); Storica Analitica visura per immobile - Catasto Fabbricati."
"visura-storica","PI","CASTELFRANCO DI SOTTO","19","281","8","F","","analitica","","","PVP sales 1 (4246741); Storica Analitica visura per immobile - Catasto Fabbricati."
"visura-storica","PI","CASTELFRANCO DI SOTTO","19","281","9","F","","analitica","","","PVP sales 1 (4246741); Storica Analitica visura per immobile - Catasto Fabbricati."
"visura-storica","PI","CASTELFRANCO DI SOTTO","19","285","","T","","analitica","","","PVP sales 1 (4246741); Storica Analitica visura per immobile - Catasto Terreni."
"visura-storica","PI","CASTELFRANCO DI SOTTO","19","327","","T","","analitica","","","PVP sales 1 (4246744); Storica Analitica visura per immobile - Catasto Terreni."
"visura-storica","PI","CASTELFRANCO DI SOTTO","19","328","","T","","analitica","","","PVP sales 1 (4246744); Storica Analitica visura per immobile - Catasto Terreni."
"visura-storica","PI","CASTELFRANCO DI SOTTO","19","377","","T","","analitica","","","PVP sales 1 (4246744); Storica Analitica visura per immobile - Catasto Terreni."
"visura-storica","PI","CASTELFRANCO DI SOTTO","19","503","","T","","analitica","","","PVP sales 1 (4246770); Storica Analitica visura per immobile - Catasto Terreni."
"visura-storica","PI","CASTELFRANCO DI SOTTO","19","563","1","F","","analitica","","","PVP sales 1 (4559186); Storica Analitica visura per immobile - Catasto Fabbricati."
"visura-storica","PI","CASTELFRANCO DI SOTTO","22","199","","T","","analitica","","","PVP sales 1 (4460691); Storica Analitica visura per immobile - Catasto Terreni."
"visura-storica","PI","CASTELFRANCO DI SOTTO","22","200","","T","","analitica","","","PVP sales 1 (4460691); Storica Analitica visura per immobile - Catasto Terreni."
"visura-storica","PI","CASTELFRANCO DI SOTTO","22","241","","T","","analitica","","","PVP sales 1 (4460691); Storica Analitica visura per immobile - Catasto Terreni."
"visura-storica","PI","CASTELFRANCO DI SOTTO","22","242","","T","","analitica","","","PVP sales 1 (4460691); Storica Analitica visura per immobile - Catasto Terreni."
"visura-storica","PI","CASTELFRANCO DI SOTTO","22","50","","T","","analitica","","","PVP sales 1 (4460691); Storica Analitica visura per immobile - Catasto Terreni."
"visura-storica","PI","CASTELFRANCO DI SOTTO","22","55","","T","","analitica","","","PVP sales 1 (4460691); Storica Analitica visura per immobile - Catasto Terreni."
"visura-storica","PI","CASTELFRANCO DI SOTTO","23","1","","T","","analitica","","","PVP sales 1 (4246744); Storica Analitica visura per immobile - Catasto Terreni."
"visura-storica","PI","CASTELFRANCO DI SOTTO","23","3","","T","","analitica","","","PVP sales 1 (4246744); Storica Analitica visura per immobile - Catasto Terreni."
"visura-storica","PI","CASTELFRANCO DI SOTTO","25","100","","T","","analitica","","","PVP sales 1 (4460723); Storica Analitica visura per immobile - Catasto Terreni."
"visura-storica","PI","CASTELFRANCO DI SOTTO","25","180","","T","","analitica","","","PVP sales 1 (4460723); Storica Analitica visura per immobile - Catasto Terreni."
"visura-storica","PI","CASTELFRANCO DI SOTTO","25","59","","F","","analitica","","","PVP sales 1 (2254898); Storica Analitica visura per immobile - Catasto Fabbricati."
"visura-storica","PI","CASTELFRANCO DI SOTTO","25","59","","T","","analitica","","","PVP sales 1 (2254898); Storica Analitica visura per immobile - Catasto Terreni."
"visura-storica","PI","CASTELFRANCO DI SOTTO","25","87","","T","","analitica","","","PVP sales 1 (4460723); Storica Analitica visura per immobile - Catasto Terreni."
"visura-storica","PI","CASTELFRANCO DI SOTTO","25","95","","T","","analitica","","","PVP sales 1 (4460723); Storica Analitica visura per immobile - Catasto Terreni."
"visura-storica","PI","CASTELFRANCO DI SOTTO","26","103","","T","","analitica","","","PVP sales 1 (4460735); Storica Analitica visura per immobile - Catasto Terreni."
"visura-storica","PI","CASTELFRANCO DI SOTTO","26","106","","T","","analitica","","","PVP sales 1 (4460735); Storica Analitica visura per immobile - Catasto Terreni."
"visura-storica","PI","CASTELFRANCO DI SOTTO","26","111","","T","","analitica","","","PVP sales 1 (4460735); Storica Analitica visura per immobile - Catasto Terreni."
"visura-storica","PI","CASTELFRANCO DI SOTTO","26","112","","T","","analitica","","","PVP sales 1 (4460735); Storica Analitica visura per immobile - Catasto Terreni."
"visura-storica","PI","CASTELFRANCO DI SOTTO","26","132","","T","","analitica","","","PVP sales 1 (4460735); Storica Analitica visura per immobile - Catasto Terreni."
"visura-storica","PI","CASTELFRANCO DI SOTTO","26","133","","T","","analitica","","","PVP sales 1 (4460735); Storica Analitica visura per immobile - Catasto Terreni."
"visura-storica","PI","CASTELFRANCO DI SOTTO","26","137","","T","","analitica","","","PVP sales 1 (4460735); Storica Analitica visura per immobile - Catasto Terreni."
"visura-storica","PI","CASTELFRANCO DI SOTTO","26","148","","T","","analitica","","","PVP sales 1 (4460735); Storica Analitica visura per immobile - Catasto Terreni."
"visura-storica","PI","CASTELFRANCO DI SOTTO","26","149","","T","","analitica","","","PVP sales 1 (4460735); Storica Analitica visura per immobile - Catasto Terreni."
"visura-storica","PI","CASTELFRANCO DI SOTTO","26","166","","T","","analitica","","","PVP sales 1 (4460735); Storica Analitica visura per immobile - Catasto Terreni."
"visura-storica","PI","CASTELFRANCO DI SOTTO","26","196","","T","","analitica","","","PVP sales 1 (4460735); Storica Analitica visura per immobile - Catasto Terreni."
"visura-storica","PI","CASTELFRANCO DI SOTTO","26","202","","T","","analitica","","","PVP sales 1 (4460735); Storica Analitica visura per immobile - Catasto Terreni."
"visura-storica","PI","CASTELFRANCO DI SOTTO","26","223","","T","","analitica","","","PVP sales 1 (4460735); Storica Analitica visura per immobile - Catasto Terreni."
"visura-storica","PI","CASTELFRANCO DI SOTTO","26","244","","F","","analitica","","","PVP sales 2 (4485194,4530296); Storica Analitica visura per immobile - Catasto Fabbricati."
"visura-storica","PI","CASTELFRANCO DI SOTTO","26","244","","T","","analitica","","","PVP sales 2 (4485194,4530296); Storica Analitica visura per immobile - Catasto Terreni."
"visura-storica","PI","CASTELFRANCO DI SOTTO","26","259","","T","","analitica","","","PVP sales 1 (4460735); Storica Analitica visura per immobile - Catasto Terreni."
"visura-storica","PI","CASTELFRANCO DI SOTTO","26","260","","T","","analitica","","","PVP sales 1 (4460735); Storica Analitica visura per immobile - Catasto Terreni."
"visura-storica","PI","CASTELFRANCO DI SOTTO","26","43","","T","","analitica","","","PVP sales 1 (4460735); Storica Analitica visura per immobile - Catasto Terreni."
"visura-storica","PI","CASTELFRANCO DI SOTTO","26","45","","T","","analitica","","","PVP sales 1 (4460735); Storica Analitica visura per immobile - Catasto Terreni."
"visura-storica","PI","CASTELFRANCO DI SOTTO","26","46","","T","","analitica","","","PVP sales 1 (4460735); Storica Analitica visura per immobile - Catasto Terreni."
"visura-storica","PI","CASTELFRANCO DI SOTTO","26","68","","T","","analitica","","","PVP sales 1 (4460735); Storica Analitica visura per immobile - Catasto Terreni."
"visura-storica","PI","CASTELFRANCO DI SOTTO","26","71","","T","","analitica","","","PVP sales 1 (4460735); Storica Analitica visura per immobile - Catasto Terreni."
"visura-storica","PI","CASTELFRANCO DI SOTTO","26","75","","T","","analitica","","","PVP sales 1 (4460735); Storica Analitica visura per immobile - Catasto Terreni."
"visura-storica","PI","CASTELFRANCO DI SOTTO","26","76","","T","","analitica","","","PVP sales 1 (4460735); Storica Analitica visura per immobile - Catasto Terreni."
"visura-storica","PI","CASTELFRANCO DI SOTTO","26","80","","T","","analitica","","","PVP sales 1 (4460735); Storica Analitica visura per immobile - Catasto Terreni."
"visura-storica","PI","CASTELFRANCO DI SOTTO","26","81","","T","","analitica","","","PVP sales 1 (4460735); Storica Analitica visura per immobile - Catasto Terreni."
"visura-storica","PI","CASTELFRANCO DI SOTTO","26","87","","T","","analitica","","","PVP sales 1 (4460735); Storica Analitica visura per immobile - Catasto Terreni."
"visura-storica","PI","CASTELFRANCO DI SOTTO","27","517","","F","","analitica","","","PVP sales 1 (4492978); Storica Analitica visura per immobile - Catasto Fabbricati."
"visura-storica","PI","CASTELFRANCO DI SOTTO","27","517","","T","","analitica","","","PVP sales 1 (4492978); Storica Analitica visura per immobile - Catasto Terreni."
"visura-storica","PI","CASTELFRANCO DI SOTTO","27","567","2","F","","analitica","","","PVP sales 1 (4492978); Storica Analitica visura per immobile - Catasto Fabbricati."
"visura-storica","PI","CASTELFRANCO DI SOTTO","27","567","3","F","","analitica","","","PVP sales 1 (4492978); Storica Analitica visura per immobile - Catasto Fabbricati."
"visura-storica","PI","CASTELFRANCO DI SOTTO","3","241","6","F","","analitica","","","PVP sales 1 (2226168); Storica Analitica visura per immobile - Catasto Fabbricati."
"visura-storica","PI","CASTELFRANCO DI SOTTO","31","162","","F","","analitica","","","PVP sales 4 (4397352,4469536,4516765,4568772); Storica Analitica visura per immobile - Catasto Fabbricati."
"visura-storica","PI","CASTELFRANCO DI SOTTO","31","162","","T","","analitica","","","PVP sales 4 (4397352,4469536,4516765,4568772); Storica Analitica visura per immobile - Catasto Terreni."
"visura-storica","PI","CASTELFRANCO DI SOTTO","31","175","","F","","analitica","","","PVP sales 2 (4469536,4516765); Storica Analitica visura per immobile - Catasto Fabbricati."
"visura-storica","PI","CASTELFRANCO DI SOTTO","31","175","","T","","analitica","","","PVP sales 2 (4469536,4516765); Storica Analitica visura per immobile - Catasto Terreni."
"visura-storica","PI","CASTELFRANCO DI SOTTO","31","213","","F","","analitica","","","PVP sales 2 (4469536,4516765); Storica Analitica visura per immobile - Catasto Fabbricati."
"visura-storica","PI","CASTELFRANCO DI SOTTO","31","213","","T","","analitica","","","PVP sales 2 (4469536,4516765); Storica Analitica visura per immobile - Catasto Terreni."
"visura-storica","PI","CASTELFRANCO DI SOTTO","31","215","","F","","analitica","","","PVP sales 2 (4469536,4516765); Storica Analitica visura per immobile - Catasto Fabbricati."
"visura-storica","PI","CASTELFRANCO DI SOTTO","31","215","","T","","analitica","","","PVP sales 2 (4469536,4516765); Storica Analitica visura per immobile - Catasto Terreni."
"visura-storica","PI","CASTELFRANCO DI SOTTO","31","239","","F","","analitica","","","PVP sales 2 (4469536,4516765); Storica Analitica visura per immobile - Catasto Fabbricati."
"visura-storica","PI","CASTELFRANCO DI SOTTO","31","239","","T","","analitica","","","PVP sales 2 (4469536,4516765); Storica Analitica visura per immobile - Catasto Terreni."
"visura-storica","PI","CASTELFRANCO DI SOTTO","32","15","5","F","","analitica","","","PVP sales 1 (2122039); Storica Analitica visura per immobile - Catasto Fabbricati."
"visura-storica","PI","CASTELFRANCO DI SOTTO","34","159","6","F","","analitica","","","PVP sales 3 (2087483,4489070,4554995); Storica Analitica visura per immobile - Catasto Fabbricati."
"visura-storica","PI","CASTELFRANCO DI SOTTO","34","206","","T","","analitica","","","PVP sales 3 (2087483,4489070,4554995); Storica Analitica visura per immobile - Catasto Terreni."
"visura-storica","PI","CASTELFRANCO DI SOTTO","4","986","10","F","","analitica","","","PVP sales 1 (2139866); Storica Analitica visura per immobile - Catasto Fabbricati."
"visura-storica","PI","CASTELFRANCO DI SOTTO","4","986","11","F","","analitica","","","PVP sales 1 (2139875); Storica Analitica visura per immobile - Catasto Fabbricati."
"visura-storica","PI","CASTELFRANCO DI SOTTO","4","986","17","F","","analitica","","","PVP sales 1 (2139875); Storica Analitica visura per immobile - Catasto Fabbricati."
"visura-storica","PI","CASTELFRANCO DI SOTTO","4","986","18","F","","analitica","","","PVP sales 1 (2139866); Storica Analitica visura per immobile - Catasto Fabbricati."
"visura-storica","PI","CASTELFRANCO DI SOTTO","4","986","4","F","","analitica","","","PVP sales 1 (2139866); Storica Analitica visura per immobile - Catasto Fabbricati."
"visura-storica","PI","CASTELFRANCO DI SOTTO","4","986","5","F","","analitica","","","PVP sales 1 (2139875); Storica Analitica visura per immobile - Catasto Fabbricati."
"visura-storica","PI","CASTELFRANCO DI SOTTO","40","1145","","F","","analitica","","","PVP sales 1 (4548245); Storica Analitica visura per immobile - Catasto Fabbricati."
"visura-storica","PI","CASTELFRANCO DI SOTTO","40","1146","","F","","analitica","","","PVP sales 1 (4548334); Storica Analitica visura per immobile - Catasto Fabbricati."
"visura-storica","PI","CASTELFRANCO DI SOTTO","40","1333","","F","","analitica","","","PVP sales 2 (4406808,4516634); Storica Analitica visura per immobile - Catasto Fabbricati."
"visura-storica","PI","CASTELFRANCO DI SOTTO","40","1333","","T","","analitica","","","PVP sales 2 (4406808,4516634); Storica Analitica visura per immobile - Catasto Terreni."
"visura-storica","PI","CASTELFRANCO DI SOTTO","40","232","1","F","","analitica","","","PVP sales 1 (4548334); Storica Analitica visura per immobile - Catasto Fabbricati."
"visura-storica","PI","CASTELFRANCO DI SOTTO","40","953","1","F","","analitica","","","PVP sales 1 (4548245); Storica Analitica visura per immobile - Catasto Fabbricati."
"visura-storica","PI","CASTELFRANCO DI SOTTO","40","953","2","F","","analitica","","","PVP sales 1 (4548245); Storica Analitica visura per immobile - Catasto Fabbricati."
"visura-storica","PI","CASTELFRANCO DI SOTTO","42","496","","F","","analitica","","","PVP sales 1 (2093132); Storica Analitica visura per immobile - Catasto Fabbricati."
"visura-storica","PI","CASTELFRANCO DI SOTTO","42","496","","T","","analitica","","","PVP sales 1 (2093132); Storica Analitica visura per immobile - Catasto Terreni."
"visura-storica","PI","CASTELFRANCO DI SOTTO","42","776","21","F","","analitica","","","PVP sales 1 (211137); Storica Analitica visura per immobile - Catasto Fabbricati."
"visura-storica","PI","CASTELFRANCO DI SOTTO","42","776","22","F","","analitica","","","PVP sales 1 (211025); Storica Analitica visura per immobile - Catasto Fabbricati."
"visura-storica","PI","CASTELFRANCO DI SOTTO","42","776","29","F","","analitica","","","PVP sales 1 (211216); Storica Analitica visura per immobile - Catasto Fabbricati."
"visura-storica","PI","CASTELFRANCO DI SOTTO","43","1014","2","F","","analitica","","","PVP sales 1 (838849); Storica Analitica visura per immobile - Catasto Fabbricati."
"visura-storica","PI","CASTELFRANCO DI SOTTO","43","118","9","F","","analitica","","","PVP sales 2 (301745,441094); Storica Analitica visura per immobile - Catasto Fabbricati."
"visura-storica","PI","CASTELFRANCO DI SOTTO","43","1511","13","F","","analitica","","","PVP sales 1 (2170455); Storica Analitica visura per immobile - Catasto Fabbricati."
"visura-storica","PI","CASTELFRANCO DI SOTTO","43","1511","5","F","","analitica","","","PVP sales 1 (2170455); Storica Analitica visura per immobile - Catasto Fabbricati."
"visura-storica","PI","CASTELFRANCO DI SOTTO","43","152","4","F","","analitica","","","PVP sales 3 (1706687,1960265,2146563); Storica Analitica visura per immobile - Catasto Fabbricati."
"visura-storica","PI","CASTELFRANCO DI SOTTO","43","21","3","F","","analitica","","","PVP sales 1 (4430459); Storica Analitica visura per immobile - Catasto Fabbricati."
"visura-storica","PI","CASTELFRANCO DI SOTTO","43","21","6","F","","analitica","","","PVP sales 1 (4430459); Storica Analitica visura per immobile - Catasto Fabbricati."
"visura-storica","PI","CASTELFRANCO DI SOTTO","43","257","2","F","","analitica","","","PVP sales 1 (4564516); Storica Analitica visura per immobile - Catasto Fabbricati."
"visura-storica","PI","CASTELFRANCO DI SOTTO","43","257","9","F","","analitica","","","PVP sales 1 (4564516); Storica Analitica visura per immobile - Catasto Fabbricati."
"visura-storica","PI","CASTELFRANCO DI SOTTO","43","2713","1","F","","analitica","","","PVP sales 3 (4456581,4493906,4551056); Storica Analitica visura per immobile - Catasto Fabbricati."
"visura-storica","PI","CASTELFRANCO DI SOTTO","43","2713","10","F","","analitica","","","PVP sales 3 (4456581,4493906,4551056); Storica Analitica visura per immobile - Catasto Fabbricati."
"visura-storica","PI","CASTELFRANCO DI SOTTO","43","2713","11","F","","analitica","","","PVP sales 3 (4456581,4493906,4551056); Storica Analitica visura per immobile - Catasto Fabbricati."
"visura-storica","PI","CASTELFRANCO DI SOTTO","43","2713","12","F","","analitica","","","PVP sales 3 (4456581,4493906,4551056); Storica Analitica visura per immobile - Catasto Fabbricati."
"visura-storica","PI","CASTELFRANCO DI SOTTO","43","2713","13","F","","analitica","","","PVP sales 3 (4456581,4493906,4551056); Storica Analitica visura per immobile - Catasto Fabbricati."
"visura-storica","PI","CASTELFRANCO DI SOTTO","43","2713","14","F","","analitica","","","PVP sales 3 (4456581,4493906,4551056); Storica Analitica visura per immobile - Catasto Fabbricati."
"visura-storica","PI","CASTELFRANCO DI SOTTO","43","2713","15","F","","analitica","","","PVP sales 3 (4456581,4493906,4551056); Storica Analitica visura per immobile - Catasto Fabbricati."
"visura-storica","PI","CASTELFRANCO DI SOTTO","43","2713","16","F","","analitica","","","PVP sales 3 (4456581,4493906,4551056); Storica Analitica visura per immobile - Catasto Fabbricati."
"visura-storica","PI","CASTELFRANCO DI SOTTO","43","2713","17","F","","analitica","","","PVP sales 3 (4456581,4493906,4551056); Storica Analitica visura per immobile - Catasto Fabbricati."
"visura-storica","PI","CASTELFRANCO DI SOTTO","43","2713","18","F","","analitica","","","PVP sales 3 (4456581,4493906,4551056); Storica Analitica visura per immobile - Catasto Fabbricati."
"visura-storica","PI","CASTELFRANCO DI SOTTO","43","2713","2","F","","analitica","","","PVP sales 3 (4456581,4493906,4551056); Storica Analitica visura per immobile - Catasto Fabbricati."
"visura-storica","PI","CASTELFRANCO DI SOTTO","43","2713","3","F","","analitica","","","PVP sales 3 (4456581,4493906,4551056); Storica Analitica visura per immobile - Catasto Fabbricati."
"visura-storica","PI","CASTELFRANCO DI SOTTO","43","2713","4","F","","analitica","","","PVP sales 3 (4456581,4493906,4551056); Storica Analitica visura per immobile - Catasto Fabbricati."
"visura-storica","PI","CASTELFRANCO DI SOTTO","43","2713","5","F","","analitica","","","PVP sales 3 (4456581,4493906,4551056); Storica Analitica visura per immobile - Catasto Fabbricati."
"visura-storica","PI","CASTELFRANCO DI SOTTO","43","2713","6","F","","analitica","","","PVP sales 3 (4456581,4493906,4551056); Storica Analitica visura per immobile - Catasto Fabbricati."
"visura-storica","PI","CASTELFRANCO DI SOTTO","43","2713","7","F","","analitica","","","PVP sales 3 (4456581,4493906,4551056); Storica Analitica visura per immobile - Catasto Fabbricati."
"visura-storica","PI","CASTELFRANCO DI SOTTO","43","2713","8","F","","analitica","","","PVP sales 3 (4456581,4493906,4551056); Storica Analitica visura per immobile - Catasto Fabbricati."
"visura-storica","PI","CASTELFRANCO DI SOTTO","43","2713","9","F","","analitica","","","PVP sales 3 (4456581,4493906,4551056); Storica Analitica visura per immobile - Catasto Fabbricati."
"visura-storica","PI","CASTELFRANCO DI SOTTO","43","422","","T","","analitica","","","PVP sales 2 (4429019,4556499); Storica Analitica visura per immobile - Catasto Terreni."
"visura-storica","PI","CASTELFRANCO DI SOTTO","43","428","19","F","","analitica","","","PVP sales 2 (4429019,4556499); Storica Analitica visura per immobile - Catasto Fabbricati."
"visura-storica","PI","CASTELFRANCO DI SOTTO","43","428","20","F","","analitica","","","PVP sales 2 (4429019,4556499); Storica Analitica visura per immobile - Catasto Fabbricati."
"visura-storica","PI","CASTELFRANCO DI SOTTO","43","551","3","F","","analitica","","","PVP sales 2 (4404431,4452117); Storica Analitica visura per immobile - Catasto Fabbricati."
"visura-storica","PI","CASTELFRANCO DI SOTTO","43","59","5","F","","analitica","","","PVP sales 1 (4490508); Storica Analitica visura per immobile - Catasto Fabbricati."
"visura-storica","PI","CASTELFRANCO DI SOTTO","43","62","9","F","","analitica","","","PVP sales 2 (1709182,2021157); Storica Analitica visura per immobile - Catasto Fabbricati."
"visura-storica","PI","CASTELFRANCO DI SOTTO","43","834","6","F","","analitica","","","PVP sales 1 (838849); Storica Analitica visura per immobile - Catasto Fabbricati."
"visura-storica","PI","CASTELFRANCO DI SOTTO","43","933","4","F","","analitica","","","PVP sales 2 (4514976,4553213); Storica Analitica visura per immobile - Catasto Fabbricati."
"visura-storica","PI","CASTELFRANCO DI SOTTO","43","96","4","F","","analitica","","","PVP sales 2 (4456454,4517497); Storica Analitica visura per immobile - Catasto Fabbricati."
"visura-storica","PI","CASTELFRANCO DI SOTTO","43","98","3","F","","analitica","","","PVP sales 2 (4251811,4475260); Storica Analitica visura per immobile - Catasto Fabbricati."
"visura-storica","PI","CASTELFRANCO DI SOTTO","43","98","4","F","","analitica","","","PVP sales 2 (4251811,4475260); Storica Analitica visura per immobile - Catasto Fabbricati."
"visura-storica","PI","CASTELFRANCO DI SOTTO","44","93","","F","","analitica","","","PVP sales 1 (4525210); Storica Analitica visura per immobile - Catasto Fabbricati."
"visura-storica","PI","CASTELFRANCO DI SOTTO","45","89","1","F","","analitica","","","PVP sales 1 (734171); Storica Analitica visura per immobile - Catasto Fabbricati."
"visura-storica","PI","CASTELFRANCO DI SOTTO","45","89","2","F","","analitica","","","PVP sales 1 (734209); Storica Analitica visura per immobile - Catasto Fabbricati."
"visura-storica","PI","CASTELFRANCO DI SOTTO","45","89","3","F","","analitica","","","PVP sales 1 (734289); Storica Analitica visura per immobile - Catasto Fabbricati."
"visura-storica","PI","CASTELFRANCO DI SOTTO","45","89","4","F","","analitica","","","PVP sales 1 (734289); Storica Analitica visura per immobile - Catasto Fabbricati."
"visura-storica","PI","CASTELFRANCO DI SOTTO","6","185","","T","","analitica","","","PVP sales 1 (4460740); Storica Analitica visura per immobile - Catasto Terreni."
"visura-storica","PI","CASTELFRANCO DI SOTTO","6","222","","T","","analitica","","","PVP sales 1 (4460740); Storica Analitica visura per immobile - Catasto Terreni."
"visura-storica","PI","CASTELFRANCO DI SOTTO","6","224","","T","","analitica","","","PVP sales 1 (4460740); Storica Analitica visura per immobile - Catasto Terreni."
"visura-storica","PI","CASTELFRANCO DI SOTTO","8","378","2","F","","analitica","","","PVP sales 1 (916315); Storica Analitica visura per immobile - Catasto Fabbricati."
"visura-storica","PI","CASTELFRANCO DI SOTTO","8","378","3","F","","analitica","","","PVP sales 1 (916315); Storica Analitica visura per immobile - Catasto Fabbricati."
"visura-storica","PI","CASTELFRANCO DI SOTTO","8","601","","F","","analitica","","","PVP sales 2 (4409607,4531765); Storica Analitica visura per immobile - Catasto Fabbricati."
"visura-storica","PI","CASTELFRANCO DI SOTTO","8","601","","T","","analitica","","","PVP sales 2 (4409607,4531765); Storica Analitica visura per immobile - Catasto Terreni."
"visura-storica","PI","CASTELFRANCO DI SOTTO","8","645","","F","","analitica","","","PVP sales 2 (4409607,4531765); Storica Analitica visura per immobile - Catasto Fabbricati."
"visura-storica","PI","CASTELFRANCO DI SOTTO","8","645","","T","","analitica","","","PVP sales 2 (4409607,4531765); Storica Analitica visura per immobile - Catasto Terreni."
"visura-storica","PI","CASTELFRANCO DI SOTTO","8","66","2","F","","analitica","","","PVP sales 2 (4409607,4531765); Storica Analitica visura per immobile - Catasto Fabbricati."
"visura-storica","PI","CASTELFRANCO DI SOTTO","8","66","3","F","","analitica","","","PVP sales 2 (4409607,4531765); Storica Analitica visura per immobile - Catasto Fabbricati."
"visura-storica","PI","CASTELFRANCO DI SOTTO","8","814","","F","","analitica","","","PVP sales 2 (4409607,4531765); Storica Analitica visura per immobile - Catasto Fabbricati."
"visura-storica","PI","CASTELFRANCO DI SOTTO","8","814","","T","","analitica","","","PVP sales 2 (4409607,4531765); Storica Analitica visura per immobile - Catasto Terreni."
"visura-storica","PI","CASTELFRANCO DI SOTTO","9","91","","T","","analitica","","","PVP sales 1 (4460729); Storica Analitica visura per immobile - Catasto Terreni."
"visura-storica","PI","CASTELFRANCO DI SOTTO","9","93","","T","","analitica","","","PVP sales 1 (4460729); Storica Analitica visura per immobile - Catasto Terreni."
"visura-storica","PI","CASTELFRANCO DI SOTTO","9","94","","T","","analitica","","","PVP sales 1 (4460729); Storica Analitica visura per immobile - Catasto Terreni."
"visura-storica","PI","CASTELNUOVO DI VAL DI CECINA","31","473","","F","","analitica","","","PVP sales 1 (4561129); Storica Analitica visura per immobile - Catasto Fabbricati."
"visura-storica","PI","CASTELNUOVO DI VAL DI CECINA","31","473","","T","","analitica","","","PVP sales 1 (4561129); Storica Analitica visura per immobile - Catasto Terreni."
"visura-storica","PI","CASTELNUOVO DI VAL DI CECINA","31","479","1","F","","analitica","","","PVP sales 1 (4561129); Storica Analitica visura per immobile - Catasto Fabbricati."
"visura-storica","PI","CASTELNUOVO DI VAL DI CECINA","31","479","10","F","","analitica","","","PVP sales 1 (4561129); Storica Analitica visura per immobile - Catasto Fabbricati."
"visura-storica","PI","CASTELNUOVO DI VAL DI CECINA","31","479","11","F","","analitica","","","PVP sales 1 (4561129); Storica Analitica visura per immobile - Catasto Fabbricati."
"visura-storica","PI","CASTELNUOVO DI VAL DI CECINA","31","479","12","F","","analitica","","","PVP sales 1 (4561129); Storica Analitica visura per immobile - Catasto Fabbricati."
"visura-storica","PI","CASTELNUOVO DI VAL DI CECINA","31","479","5","F","","analitica","","","PVP sales 1 (4561129); Storica Analitica visura per immobile - Catasto Fabbricati."
"visura-storica","PI","CASTELNUOVO DI VAL DI CECINA","31","479","8","F","","analitica","","","PVP sales 1 (4561129); Storica Analitica visura per immobile - Catasto Fabbricati."
"visura-storica","PI","CASTELNUOVO DI VAL DI CECINA","31","479","9","F","","analitica","","","PVP sales 1 (4561129); Storica Analitica visura per immobile - Catasto Fabbricati."
"visura-storica","PI","CASTELNUOVO DI VAL DI CECINA","41","461","4","F","","analitica","","","PVP sales 1 (4435541); Storica Analitica visura per immobile - Catasto Fabbricati."
"visura-storica","PI","CASTELNUOVO DI VAL DI CECINA","41","461","5","F","","analitica","","","PVP sales 1 (4435569); Storica Analitica visura per immobile - Catasto Fabbricati."
"visura-storica","PI","CASTELNUOVO DI VAL DI CECINA","50","368","","F","","analitica","","","PVP sales 2 (4454830,4547283); Storica Analitica visura per immobile - Catasto Fabbricati."
"visura-storica","PI","CASTELNUOVO DI VAL DI CECINA","50","368","","T","","analitica","","","PVP sales 1 (4454830); Storica Analitica visura per immobile - Catasto Terreni."
"visura-storica","PI","CASTELNUOVO DI VAL DI CECINA","79","102","4","F","","analitica","","","PVP sales 1 (2028439); Storica Analitica visura per immobile - Catasto Fabbricati."
"visura-storica","PI","CHIANNI","10","498","","F","","analitica","","","PVP sales 1 (4443919); Storica Analitica visura per immobile - Catasto Fabbricati."
"visura-storica","PI","CHIANNI","10","498","","T","","analitica","","","PVP sales 1 (4443919); Storica Analitica visura per immobile - Catasto Terreni."
"visura-storica","PI","CHIANNI","16","38","10","F","","analitica","","","PVP sales 2 (1565131,1642400); Storica Analitica visura per immobile - Catasto Fabbricati."
"visura-storica","PI","CHIANNI","16","38","11","F","","analitica","","","PVP sales 2 (1565131,1642400); Storica Analitica visura per immobile - Catasto Fabbricati."
"visura-storica","PI","CHIANNI","16","38","12","F","","analitica","","","PVP sales 1 (1565131); Storica Analitica visura per immobile - Catasto Fabbricati."
"visura-storica","PI","CHIANNI","16","470","","F","","analitica","","","PVP sales 1 (2140509); Storica Analitica visura per immobile - Catasto Fabbricati."
"visura-storica","PI","CHIANNI","16","470","","T","","analitica","","","PVP sales 1 (2140509); Storica Analitica visura per immobile - Catasto Terreni."
"visura-storica","PI","CHIANNI","16","53","7","F","","analitica","","","PVP sales 1 (2140509); Storica Analitica visura per immobile - Catasto Fabbricati."
"visura-storica","PI","CHIANNI","24","283","","T","","analitica","","","PVP sales 1 (4247381); Storica Analitica visura per immobile - Catasto Terreni."
"visura-storica","PI","CHIANNI","24","440","","F","","analitica","","","PVP sales 1 (4528400); Storica Analitica visura per immobile - Catasto Fabbricati."
"visura-storica","PI","CHIANNI","24","440","","T","","analitica","","","PVP sales 1 (4528400); Storica Analitica visura per immobile - Catasto Terreni."
"visura-storica","PI","CHIANNI","24","504","1","F","","analitica","","","PVP sales 1 (4247381); Storica Analitica visura per immobile - Catasto Fabbricati."
"visura-storica","PI","CHIANNI","24","504","2","F","","analitica","","","PVP sales 1 (4247381); Storica Analitica visura per immobile - Catasto Fabbricati."
"visura-storica","PI","CHIANNI","24","504","3","F","","analitica","","","PVP sales 1 (4247381); Storica Analitica visura per immobile - Catasto Fabbricati."
"visura-storica","PI","CHIANNI","24","504","4","F","","analitica","","","PVP sales 1 (4247381); Storica Analitica visura per immobile - Catasto Fabbricati."
"visura-storica","PI","CHIANNI","24","505","","T","","analitica","","","PVP sales 1 (4247381); Storica Analitica visura per immobile - Catasto Terreni."
"visura-storica","PI","CHIANNI","32","229","","T","","analitica","","","PVP sales 1 (4247381); Storica Analitica visura per immobile - Catasto Terreni."
"visura-storica","PI","CHIANNI","32","230","","T","","analitica","","","PVP sales 1 (4247381); Storica Analitica visura per immobile - Catasto Terreni."
"visura-storica","PI","CHIANNI","32","232","","T","","analitica","","","PVP sales 1 (4247381); Storica Analitica visura per immobile - Catasto Terreni."
"visura-storica","PI","CHIANNI","32","233","","T","","analitica","","","PVP sales 1 (4247381); Storica Analitica visura per immobile - Catasto Terreni."
"visura-storica","PI","CHIANNI","32","473","","F","","analitica","","","PVP sales 1 (4247381); Storica Analitica visura per immobile - Catasto Fabbricati."
"visura-storica","PI","CHIANNI","50","57","","T","","analitica","","","PVP sales 2 (4467033,4533607); Storica Analitica visura per immobile - Catasto Terreni."
"visura-storica","PI","CHIANNI","50","58","","T","","analitica","","","PVP sales 2 (4467033,4533607); Storica Analitica visura per immobile - Catasto Terreni."
"visura-storica","PI","CHIANNI","50","59","","T","","analitica","","","PVP sales 2 (4467033,4533607); Storica Analitica visura per immobile - Catasto Terreni."
"visura-storica","PI","CHIANNI","50","60","","T","","analitica","","","PVP sales 2 (4467033,4533607); Storica Analitica visura per immobile - Catasto Terreni."
"visura-storica","PI","CHIANNI","50","61","","T","","analitica","","","PVP sales 2 (4467033,4533607); Storica Analitica visura per immobile - Catasto Terreni."
"visura-storica","PI","CHIANNI","50","65","","T","","analitica","","","PVP sales 2 (4467033,4533607); Storica Analitica visura per immobile - Catasto Terreni."
"visura-storica","PI","CHIANNI","50","66","","T","","analitica","","","PVP sales 2 (4467033,4533607); Storica Analitica visura per immobile - Catasto Terreni."
"visura-storica","PI","CHIANNI","50","67","","T","","analitica","","","PVP sales 2 (4467033,4533607); Storica Analitica visura per immobile - Catasto Terreni."
"visura-storica","PI","CHIANNI","50","68","","T","","analitica","","","PVP sales 2 (4467033,4533607); Storica Analitica visura per immobile - Catasto Terreni."
"visura-storica","PI","CHIANNI","50","71","","T","","analitica","","","PVP sales 2 (4467033,4533607); Storica Analitica visura per immobile - Catasto Terreni."
"visura-storica","PI","CHIANNI","52","20","","T","","analitica","","","PVP sales 2 (4467018,4533605); Storica Analitica visura per immobile - Catasto Terreni."
"visura-storica","PI","CHIANNI","52","21","","T","","analitica","","","PVP sales 2 (4467018,4533605); Storica Analitica visura per immobile - Catasto Terreni."
"visura-storica","PI","CHIANNI","53","1","","T","","analitica","","","PVP sales 2 (4467018,4533605); Storica Analitica visura per immobile - Catasto Terreni."
"visura-storica","PI","CHIANNI","53","10","","T","","analitica","","","PVP sales 2 (4467033,4533607); Storica Analitica visura per immobile - Catasto Terreni."
"visura-storica","PI","CHIANNI","53","11","","T","","analitica","","","PVP sales 2 (4467033,4533607); Storica Analitica visura per immobile - Catasto Terreni."
"visura-storica","PI","CHIANNI","53","12","","T","","analitica","","","PVP sales 2 (4467033,4533607); Storica Analitica visura per immobile - Catasto Terreni."
"visura-storica","PI","CHIANNI","53","13","","T","","analitica","","","PVP sales 2 (4467033,4533607); Storica Analitica visura per immobile - Catasto Terreni."
"visura-storica","PI","CHIANNI","53","14","","T","","analitica","","","PVP sales 2 (4467018,4533605); Storica Analitica visura per immobile - Catasto Terreni."
"visura-storica","PI","CHIANNI","53","15","","T","","analitica","","","PVP sales 2 (4467018,4533605); Storica Analitica visura per immobile - Catasto Terreni."
"visura-storica","PI","CHIANNI","53","16","","T","","analitica","","","PVP sales 2 (4467018,4533605); Storica Analitica visura per immobile - Catasto Terreni."
"visura-storica","PI","CHIANNI","53","17","","T","","analitica","","","PVP sales 2 (4467018,4533605); Storica Analitica visura per immobile - Catasto Terreni."
"visura-storica","PI","CHIANNI","53","18","1","F","","analitica","","","PVP sales 2 (4467018,4533605); Storica Analitica visura per immobile - Catasto Fabbricati."
"visura-storica","PI","CHIANNI","53","18","2","F","","analitica","","","PVP sales 2 (4467018,4533605); Storica Analitica visura per immobile - Catasto Fabbricati."
"visura-storica","PI","CHIANNI","53","18","3","F","","analitica","","","PVP sales 2 (4467018,4533605); Storica Analitica visura per immobile - Catasto Fabbricati."
"visura-storica","PI","CHIANNI","53","18","4","F","","analitica","","","PVP sales 2 (4467018,4533605); Storica Analitica visura per immobile - Catasto Fabbricati."
"visura-storica","PI","CHIANNI","53","2","","T","","analitica","","","PVP sales 2 (4467018,4533605); Storica Analitica visura per immobile - Catasto Terreni."
"visura-storica","PI","CHIANNI","53","22","","T","","analitica","","","PVP sales 2 (4467018,4533605); Storica Analitica visura per immobile - Catasto Terreni."
"visura-storica","PI","CHIANNI","53","23","","T","","analitica","","","PVP sales 2 (4467018,4533605); Storica Analitica visura per immobile - Catasto Terreni."
"visura-storica","PI","CHIANNI","53","24","","T","","analitica","","","PVP sales 2 (4467018,4533605); Storica Analitica visura per immobile - Catasto Terreni."
"visura-storica","PI","CHIANNI","53","25","","T","","analitica","","","PVP sales 2 (4467033,4533607); Storica Analitica visura per immobile - Catasto Terreni."
"visura-storica","PI","CHIANNI","53","26","","T","","analitica","","","PVP sales 2 (4467033,4533607); Storica Analitica visura per immobile - Catasto Terreni."
"visura-storica","PI","CHIANNI","53","27","","T","","analitica","","","PVP sales 2 (4467033,4533607); Storica Analitica visura per immobile - Catasto Terreni."
"visura-storica","PI","CHIANNI","53","28","","T","","analitica","","","PVP sales 2 (4467033,4533607); Storica Analitica visura per immobile - Catasto Terreni."
"visura-storica","PI","CHIANNI","53","3","","T","","analitica","","","PVP sales 2 (4467018,4533605); Storica Analitica visura per immobile - Catasto Terreni."
"visura-storica","PI","CHIANNI","53","30","","T","","analitica","","","PVP sales 2 (4467033,4533607); Storica Analitica visura per immobile - Catasto Terreni."
"visura-storica","PI","CHIANNI","53","31","","T","","analitica","","","PVP sales 2 (4467033,4533607); Storica Analitica visura per immobile - Catasto Terreni."
"visura-storica","PI","CHIANNI","53","32","","T","","analitica","","","PVP sales 2 (4467033,4533607); Storica Analitica visura per immobile - Catasto Terreni."
"visura-storica","PI","CHIANNI","53","33","","T","","analitica","","","PVP sales 2 (4467033,4533607); Storica Analitica visura per immobile - Catasto Terreni."
"visura-storica","PI","CHIANNI","53","34","","T","","analitica","","","PVP sales 2 (4467033,4533607); Storica Analitica visura per immobile - Catasto Terreni."
"visura-storica","PI","CHIANNI","53","35","","T","","analitica","","","PVP sales 2 (4467033,4533607); Storica Analitica visura per immobile - Catasto Terreni."
"visura-storica","PI","CHIANNI","53","36","","T","","analitica","","","PVP sales 2 (4467033,4533607); Storica Analitica visura per immobile - Catasto Terreni."
"visura-storica","PI","CHIANNI","53","37","","T","","analitica","","","PVP sales 2 (4467033,4533607); Storica Analitica visura per immobile - Catasto Terreni."
"visura-storica","PI","CHIANNI","53","38","","T","","analitica","","","PVP sales 2 (4467033,4533607); Storica Analitica visura per immobile - Catasto Terreni."
"visura-storica","PI","CHIANNI","53","39","","T","","analitica","","","PVP sales 2 (4467018,4533605); Storica Analitica visura per immobile - Catasto Terreni."
"visura-storica","PI","CHIANNI","53","4","","T","","analitica","","","PVP sales 2 (4467018,4533605); Storica Analitica visura per immobile - Catasto Terreni."
"visura-storica","PI","CHIANNI","53","40","","T","","analitica","","","PVP sales 2 (4467018,4533605); Storica Analitica visura per immobile - Catasto Terreni."
"visura-storica","PI","CHIANNI","53","41","","T","","analitica","","","PVP sales 2 (4467018,4533605); Storica Analitica visura per immobile - Catasto Terreni."
"visura-storica","PI","CHIANNI","53","42","","T","","analitica","","","PVP sales 2 (4467018,4533605); Storica Analitica visura per immobile - Catasto Terreni."
"visura-storica","PI","CHIANNI","53","43","","T","","analitica","","","PVP sales 2 (4467018,4533605); Storica Analitica visura per immobile - Catasto Terreni."
"visura-storica","PI","CHIANNI","53","44","","T","","analitica","","","PVP sales 2 (4467018,4533605); Storica Analitica visura per immobile - Catasto Terreni."
"visura-storica","PI","CHIANNI","53","45","","T","","analitica","","","PVP sales 2 (4467018,4533605); Storica Analitica visura per immobile - Catasto Terreni."
"visura-storica","PI","CHIANNI","53","46","","T","","analitica","","","PVP sales 2 (4467033,4533607); Storica Analitica visura per immobile - Catasto Terreni."
"visura-storica","PI","CHIANNI","53","47","","T","","analitica","","","PVP sales 2 (4467033,4533607); Storica Analitica visura per immobile - Catasto Terreni."
"visura-storica","PI","CHIANNI","53","48","","T","","analitica","","","PVP sales 2 (4467018,4533605); Storica Analitica visura per immobile - Catasto Terreni."
"visura-storica","PI","CHIANNI","53","49","","T","","analitica","","","PVP sales 2 (4467018,4533605); Storica Analitica visura per immobile - Catasto Terreni."
"visura-storica","PI","CHIANNI","53","5","","T","","analitica","","","PVP sales 2 (4467018,4533605); Storica Analitica visura per immobile - Catasto Terreni."
"visura-storica","PI","CHIANNI","53","50","","T","","analitica","","","PVP sales 2 (4467018,4533605); Storica Analitica visura per immobile - Catasto Terreni."
"visura-storica","PI","CHIANNI","53","51","","T","","analitica","","","PVP sales 2 (4467018,4533605); Storica Analitica visura per immobile - Catasto Terreni."
"visura-storica","PI","CHIANNI","53","52","","T","","analitica","","","PVP sales 2 (4467018,4533605); Storica Analitica visura per immobile - Catasto Terreni."
"visura-storica","PI","CHIANNI","53","53","","T","","analitica","","","PVP sales 2 (4467018,4533605); Storica Analitica visura per immobile - Catasto Terreni."
"visura-storica","PI","CHIANNI","53","54","","T","","analitica","","","PVP sales 2 (4467018,4533605); Storica Analitica visura per immobile - Catasto Terreni."
"visura-storica","PI","CHIANNI","53","55","","T","","analitica","","","PVP sales 2 (4467033,4533607); Storica Analitica visura per immobile - Catasto Terreni."
"visura-storica","PI","CHIANNI","53","56","","T","","analitica","","","PVP sales 2 (4467033,4533607); Storica Analitica visura per immobile - Catasto Terreni."
"visura-storica","PI","CHIANNI","53","57","","T","","analitica","","","PVP sales 2 (4467033,4533607); Storica Analitica visura per immobile - Catasto Terreni."
"visura-storica","PI","CHIANNI","53","58","","T","","analitica","","","PVP sales 2 (4467033,4533607); Storica Analitica visura per immobile - Catasto Terreni."
"visura-storica","PI","CHIANNI","53","59","","T","","analitica","","","PVP sales 2 (4467018,4533605); Storica Analitica visura per immobile - Catasto Terreni."
"visura-storica","PI","CHIANNI","53","6","","T","","analitica","","","PVP sales 2 (4467018,4533605); Storica Analitica visura per immobile - Catasto Terreni."
"visura-storica","PI","CHIANNI","53","60","","T","","analitica","","","PVP sales 2 (4467033,4533607); Storica Analitica visura per immobile - Catasto Terreni."
"visura-storica","PI","CHIANNI","53","61","","F","","analitica","","","PVP sales 2 (4467018,4533605); Storica Analitica visura per immobile - Catasto Fabbricati."
"visura-storica","PI","CHIANNI","53","62","","F","","analitica","","","PVP sales 2 (4467033,4533607); Storica Analitica visura per immobile - Catasto Fabbricati."
"visura-storica","PI","CHIANNI","53","7","","T","","analitica","","","PVP sales 2 (4467018,4533605); Storica Analitica visura per immobile - Catasto Terreni."
"visura-storica","PI","CHIANNI","53","8","","T","","analitica","","","PVP sales 2 (4467018,4533605); Storica Analitica visura per immobile - Catasto Terreni."
"visura-storica","PI","CHIANNI","53","9","","T","","analitica","","","PVP sales 2 (4467018,4533605); Storica Analitica visura per immobile - Catasto Terreni."
"visura-storica","PI","CHIANNI","55","36","","T","","analitica","","","PVP sales 2 (4467033,4533607); Storica Analitica visura per immobile - Catasto Terreni."
"visura-storica","PI","CHIANNI","55","37","","T","","analitica","","","PVP sales 2 (4467033,4533607); Storica Analitica visura per immobile - Catasto Terreni."
"visura-storica","PI","CHIANNI","55","52","","T","","analitica","","","PVP sales 2 (4467033,4533607); Storica Analitica visura per immobile - Catasto Terreni."
"visura-storica","PI","CHIANNI","56","15","","F","","analitica","","","PVP sales 4 (4481204,4513953,4535331,4563996); Storica Analitica visura per immobile - Catasto Fabbricati."
"visura-storica","PI","CHIANNI","56","15","","T","","analitica","","","PVP sales 4 (4481204,4513953,4535331,4563996); Storica Analitica visura per immobile - Catasto Terreni."
"visura-storica","PI","CHIANNI","56","16","","T","","analitica","","","PVP sales 2 (4467033,4533607); Storica Analitica visura per immobile - Catasto Terreni."
"visura-storica","PI","CHIANNI","56","17","","F","","analitica","","","PVP sales 4 (4481204,4513953,4535331,4563996); Storica Analitica visura per immobile - Catasto Fabbricati."
"visura-storica","PI","CHIANNI","56","17","","T","","analitica","","","PVP sales 4 (4481204,4513953,4535331,4563996); Storica Analitica visura per immobile - Catasto Terreni."
"visura-storica","PI","CHIANNI","56","18","","T","","analitica","","","PVP sales 2 (4467033,4533607); Storica Analitica visura per immobile - Catasto Terreni."
"visura-storica","PI","CHIANNI","56","19","","F","","analitica","","","PVP sales 4 (4481204,4513953,4535331,4563996); Storica Analitica visura per immobile - Catasto Fabbricati."
"visura-storica","PI","CHIANNI","56","19","","T","","analitica","","","PVP sales 4 (4481204,4513953,4535331,4563996); Storica Analitica visura per immobile - Catasto Terreni."
"visura-storica","PI","CHIANNI","56","34","","F","","analitica","","","PVP sales 4 (4481204,4513953,4535331,4563996); Storica Analitica visura per immobile - Catasto Fabbricati."
"visura-storica","PI","CHIANNI","56","34","","T","","analitica","","","PVP sales 4 (4481204,4513953,4535331,4563996); Storica Analitica visura per immobile - Catasto Terreni."
"visura-storica","PI","CHIANNI","6","16","","F","","analitica","","","PVP sales 4 (4481204,4513953,4535331,4563996); Storica Analitica visura per immobile - Catasto Fabbricati."
"visura-storica","PI","CHIANNI","6","16","","T","","analitica","","","PVP sales 4 (4481204,4513953,4535331,4563996); Storica Analitica visura per immobile - Catasto Terreni."
"visura-storica","PI","CHIANNI","6","17","","F","","analitica","","","PVP sales 4 (4481204,4513953,4535331,4563996); Storica Analitica visura per immobile - Catasto Fabbricati."
"visura-storica","PI","CHIANNI","6","17","","T","","analitica","","","PVP sales 4 (4481204,4513953,4535331,4563996); Storica Analitica visura per immobile - Catasto Terreni."
"visura-storica","PI","CHIANNI","6","18","","F","","analitica","","","PVP sales 4 (4481204,4513953,4535331,4563996); Storica Analitica visura per immobile - Catasto Fabbricati."
"visura-storica","PI","CHIANNI","6","18","","T","","analitica","","","PVP sales 4 (4481204,4513953,4535331,4563996); Storica Analitica visura per immobile - Catasto Terreni."
"visura-storica","PI","CHIANNI","6","9","","F","","analitica","","","PVP sales 4 (4481204,4513953,4535331,4563996); Storica Analitica visura per immobile - Catasto Fabbricati."
"visura-storica","PI","CHIANNI","6","9","","T","","analitica","","","PVP sales 4 (4481204,4513953,4535331,4563996); Storica Analitica visura per immobile - Catasto Terreni."
"visura-storica","PI","CRESPINA LORENZANA","11","79","","F","","analitica","","","PVP sales 1 (4565003); Storica Analitica visura per immobile - Catasto Fabbricati."
"visura-storica","PI","CRESPINA LORENZANA","17","413","30","F","","analitica","","","PVP sales 1 (2127121); Storica Analitica visura per immobile - Catasto Fabbricati."
"visura-storica","PI","CRESPINA LORENZANA","23","371","","T","","analitica","","","PVP sales 2 (4408860,4479349); Storica Analitica visura per immobile - Catasto Terreni."
"visura-storica","PI","CRESPINA LORENZANA","23","441","","T","","analitica","","","PVP sales 2 (4408860,4479349); Storica Analitica visura per immobile - Catasto Terreni."
"visura-storica","PI","CRESPINA LORENZANA","23","465","","T","","analitica","","","PVP sales 2 (4408860,4479349); Storica Analitica visura per immobile - Catasto Terreni."
"visura-storica","PI","CRESPINA LORENZANA","23","471","","T","","analitica","","","PVP sales 2 (4408860,4479349); Storica Analitica visura per immobile - Catasto Terreni."
"visura-storica","PI","CRESPINA LORENZANA","23","488","","T","","analitica","","","PVP sales 2 (4408860,4479349); Storica Analitica visura per immobile - Catasto Terreni."
"visura-storica","PI","CRESPINA LORENZANA","23","508","","T","","analitica","","","PVP sales 2 (4408860,4479349); Storica Analitica visura per immobile - Catasto Terreni."
"visura-storica","PI","CRESPINA LORENZANA","23","509","","T","","analitica","","","PVP sales 2 (4408860,4479349); Storica Analitica visura per immobile - Catasto Terreni."
"visura-storica","PI","CRESPINA LORENZANA","23","510","","T","","analitica","","","PVP sales 2 (4408860,4479349); Storica Analitica visura per immobile - Catasto Terreni."
"visura-storica","PI","CRESPINA LORENZANA","23","511","","T","","analitica","","","PVP sales 2 (4408860,4479349); Storica Analitica visura per immobile - Catasto Terreni."
"visura-storica","PI","CRESPINA LORENZANA","23","513","","T","","analitica","","","PVP sales 2 (4408860,4479349); Storica Analitica visura per immobile - Catasto Terreni."
"visura-storica","PI","CRESPINA LORENZANA","23","514","","T","","analitica","","","PVP sales 2 (4408860,4479349); Storica Analitica visura per immobile - Catasto Terreni."
"visura-storica","PI","CRESPINA LORENZANA","23","515","","T","","analitica","","","PVP sales 2 (4408860,4479349); Storica Analitica visura per immobile - Catasto Terreni."
"visura-storica","PI","CRESPINA LORENZANA","23","516","","T","","analitica","","","PVP sales 2 (4408860,4479349); Storica Analitica visura per immobile - Catasto Terreni."
"visura-storica","PI","CRESPINA LORENZANA","23","517","","T","","analitica","","","PVP sales 2 (4408860,4479349); Storica Analitica visura per immobile - Catasto Terreni."
"visura-storica","PI","CRESPINA LORENZANA","23","518","","T","","analitica","","","PVP sales 2 (4408860,4479349); Storica Analitica visura per immobile - Catasto Terreni."
"visura-storica","PI","CRESPINA LORENZANA","23","519","","T","","analitica","","","PVP sales 2 (4408860,4479349); Storica Analitica visura per immobile - Catasto Terreni."
"visura-storica","PI","CRESPINA LORENZANA","23","520","","T","","analitica","","","PVP sales 2 (4408860,4479349); Storica Analitica visura per immobile - Catasto Terreni."
"visura-storica","PI","CRESPINA LORENZANA","23","521","","T","","analitica","","","PVP sales 2 (4408860,4479349); Storica Analitica visura per immobile - Catasto Terreni."
"visura-storica","PI","CRESPINA LORENZANA","23","522","","T","","analitica","","","PVP sales 2 (4408860,4479349); Storica Analitica visura per immobile - Catasto Terreni."
"visura-storica","PI","CRESPINA LORENZANA","23","523","","T","","analitica","","","PVP sales 2 (4408860,4479349); Storica Analitica visura per immobile - Catasto Terreni."
"visura-storica","PI","CRESPINA LORENZANA","23","524","","T","","analitica","","","PVP sales 2 (4408860,4479349); Storica Analitica visura per immobile - Catasto Terreni."
"visura-storica","PI","CRESPINA LORENZANA","23","525","","T","","analitica","","","PVP sales 2 (4408860,4479349); Storica Analitica visura per immobile - Catasto Terreni."
"visura-storica","PI","CRESPINA LORENZANA","24","48/52","6","F","","analitica","","","PVP sales 1 (1961290); Storica Analitica visura per immobile - Catasto Fabbricati."
"visura-storica","PI","CRESPINA LORENZANA","5","312","34","F","","analitica","","","PVP sales 4 (1854384,1960277,2101418,4375853); Storica Analitica visura per immobile - Catasto Fabbricati."
"visura-storica","PI","CRESPINA LORENZANA","5","312","36","F","","analitica","","","PVP sales 1 (2101418); Storica Analitica visura per immobile - Catasto Fabbricati."
"visura-storica","PI","CRESPINA LORENZANA","5","312","39","F","","analitica","","","PVP sales 1 (1709053); Storica Analitica visura per immobile - Catasto Fabbricati."
"visura-storica","PI","CRESPINA LORENZANA","5","312","4","F","","analitica","","","PVP sales 1 (4236384); Storica Analitica visura per immobile - Catasto Fabbricati."
"visura-storica","PI","CRESPINA LORENZANA","5","312","42","F","","analitica","","","PVP sales 1 (1709053); Storica Analitica visura per immobile - Catasto Fabbricati."
"visura-storica","PI","CRESPINA LORENZANA","5","312","44","F","","analitica","","","PVP sales 1 (1709053); Storica Analitica visura per immobile - Catasto Fabbricati."
"visura-storica","PI","CRESPINA LORENZANA","5","312","73","F","","analitica","","","PVP sales 4 (1854384,1960277,2101418,4375853); Storica Analitica visura per immobile - Catasto Fabbricati."
"visura-storica","PI","CRESPINA LORENZANA","5","312","74","F","","analitica","","","PVP sales 1 (1709053); Storica Analitica visura per immobile - Catasto Fabbricati."
"visura-storica","PI","CRESPINA LORENZANA","8","294","1","F","","analitica","","","PVP sales 2 (906555,1665134); Storica Analitica visura per immobile - Catasto Fabbricati."
"visura-storica","PI","CRESPINA LORENZANA","8","294","2","F","","analitica","","","PVP sales 2 (905739,1665116); Storica Analitica visura per immobile - Catasto Fabbricati."
"visura-storica","PI","CRESPINA LORENZANA","8","294","3","F","","analitica","","","PVP sales 4 (905739,906555,1665116,1665134); Storica Analitica visura per immobile - Catasto Fabbricati."
"visura-storica","PI","CRESPINA LORENZANA","9","554","2","F","","analitica","","","PVP sales 2 (1597578,1748929); Storica Analitica visura per immobile - Catasto Fabbricati."
"visura-storica","PI","CRESPINA LORENZANA","9","554","3","F","","analitica","","","PVP sales 2 (1597578,1748929); Storica Analitica visura per immobile - Catasto Fabbricati."
"visura-storica","PI","CRESPINA LORENZANA","9","554","4","F","","analitica","","","PVP sales 2 (1597578,1748929); Storica Analitica visura per immobile - Catasto Fabbricati."
"visura-storica","PI","FAUGLIA","12","400","3","F","","analitica","","","PVP sales 1 (1687273); Storica Analitica visura per immobile - Catasto Fabbricati."
"visura-storica","PI","FAUGLIA","12","400","4","F","","analitica","","","PVP sales 1 (1687273); Storica Analitica visura per immobile - Catasto Fabbricati."
"visura-storica","PI","FAUGLIA","20","41","1","F","","analitica","","","PVP sales 2 (4431780,4527826); Storica Analitica visura per immobile - Catasto Fabbricati."
"visura-storica","PI","FAUGLIA","20","42","5","F","","analitica","","","PVP sales 2 (4431780,4527826); Storica Analitica visura per immobile - Catasto Fabbricati."
"visura-storica","PI","FAUGLIA","20","42","6","F","","analitica","","","PVP sales 2 (4431780,4527826); Storica Analitica visura per immobile - Catasto Fabbricati."
"visura-storica","PI","FAUGLIA","20","42","7","F","","analitica","","","PVP sales 2 (4431780,4527826); Storica Analitica visura per immobile - Catasto Fabbricati."
"visura-storica","PI","FAUGLIA","20","42","8","F","","analitica","","","PVP sales 2 (4431780,4527826); Storica Analitica visura per immobile - Catasto Fabbricati."
"visura-storica","PI","FAUGLIA","20","42","9","F","","analitica","","","PVP sales 2 (4431780,4527826); Storica Analitica visura per immobile - Catasto Fabbricati."
"visura-storica","PI","FAUGLIA","21","254","1","F","","analitica","","","PVP sales 1 (431782); Storica Analitica visura per immobile - Catasto Fabbricati."
"visura-storica","PI","FAUGLIA","21","254","3","F","","analitica","","","PVP sales 1 (431782); Storica Analitica visura per immobile - Catasto Fabbricati."
"visura-storica","PI","FAUGLIA","22","187","","F","","analitica","","","PVP sales 1 (4485268); Storica Analitica visura per immobile - Catasto Fabbricati."
"visura-storica","PI","FAUGLIA","22","958","15","F","","analitica","","","PVP sales 3 (152260,364380,597786); Storica Analitica visura per immobile - Catasto Fabbricati."
"visura-storica","PI","FAUGLIA","24","384","4","F","","analitica","","","PVP sales 1 (4461933); Storica Analitica visura per immobile - Catasto Fabbricati."
"visura-storica","PI","FAUGLIA","3","139","","F","","analitica","","","PVP sales 1 (4488420); Storica Analitica visura per immobile - Catasto Fabbricati."
"visura-storica","PI","FAUGLIA","3","139","","T","","analitica","","","PVP sales 1 (4488420); Storica Analitica visura per immobile - Catasto Terreni."
"visura-storica","PI","FAUGLIA","5","154","2","F","","analitica","","","PVP sales 1 (4238101); Storica Analitica visura per immobile - Catasto Fabbricati."
"visura-storica","PI","FAUGLIA","5","341","2","F","","analitica","","","PVP sales 1 (2122340); Storica Analitica visura per immobile - Catasto Fabbricati."
"visura-storica","PI","FAUGLIA","5","341","5","F","","analitica","","","PVP sales 1 (2122340); Storica Analitica visura per immobile - Catasto Fabbricati."
"visura-storica","PI","FAUGLIA","5","341","6","F","","analitica","","","PVP sales 1 (2122340); Storica Analitica visura per immobile - Catasto Fabbricati."
"visura-storica","PI","FAUGLIA","7","186","","T","","analitica","","","PVP sales 3 (4428694,4474262,4541069); Storica Analitica visura per immobile - Catasto Terreni."
"visura-storica","PI","FAUGLIA","7","187","21","F","","analitica","","","PVP sales 3 (4428694,4474262,4541069); Storica Analitica visura per immobile - Catasto Fabbricati."
"visura-storica","PI","LAJATICO","10","115","1","F","","analitica","","","PVP sales 1 (4243691); Storica Analitica visura per immobile - Catasto Fabbricati."
"visura-storica","PI","LAJATICO","15","13","11","F","","analitica","","","PVP sales 2 (2097825,4449137); Storica Analitica visura per immobile - Catasto Fabbricati."
"visura-storica","PI","LAJATICO","15","13","6","F","","analitica","","","PVP sales 2 (2097825,4449137); Storica Analitica visura per immobile - Catasto Fabbricati."
"visura-storica","PI","LAJATICO","15","13","8","F","","analitica","","","PVP sales 2 (2097825,4449137); Storica Analitica visura per immobile - Catasto Fabbricati."
"visura-storica","PI","LAJATICO","15","143","","F","","analitica","","","PVP sales 1 (4243678); Storica Analitica visura per immobile - Catasto Fabbricati."
"visura-storica","PI","LAJATICO","15","143","","T","","analitica","","","PVP sales 1 (4243678); Storica Analitica visura per immobile - Catasto Terreni."
"visura-storica","PI","LAJATICO","15","162","","F","","analitica","","","PVP sales 1 (4243678); Storica Analitica visura per immobile - Catasto Fabbricati."
"visura-storica","PI","LAJATICO","15","162","","T","","analitica","","","PVP sales 1 (4243678); Storica Analitica visura per immobile - Catasto Terreni."
"visura-storica","PI","LAJATICO","15","381","13","F","","analitica","","","PVP sales 1 (4243678); Storica Analitica visura per immobile - Catasto Fabbricati."
"visura-storica","PI","LAJATICO","15","385","","T","","analitica","","","PVP sales 1 (2097815); Storica Analitica visura per immobile - Catasto Terreni."
"visura-storica","PI","LAJATICO","15","387","","T","","analitica","","","PVP sales 1 (2097815); Storica Analitica visura per immobile - Catasto Terreni."
"visura-storica","PI","LAJATICO","15","391","1","F","","analitica","","","PVP sales 1 (2097815); Storica Analitica visura per immobile - Catasto Fabbricati."
"visura-storica","PI","LAJATICO","15","460","","F","","analitica","","","PVP sales 1 (4243678); Storica Analitica visura per immobile - Catasto Fabbricati."
"visura-storica","PI","LAJATICO","15","460","","T","","analitica","","","PVP sales 1 (4243678); Storica Analitica visura per immobile - Catasto Terreni."
"visura-storica","PI","LAJATICO","26","143","1","F","","analitica","","","PVP sales 2 (4421191,4499545); Storica Analitica visura per immobile - Catasto Fabbricati."
"visura-storica","PI","LAJATICO","26","143","3","F","","analitica","","","PVP sales 2 (4421191,4499545); Storica Analitica visura per immobile - Catasto Fabbricati."
"visura-storica","PI","LAJATICO","26","143","4","F","","analitica","","","PVP sales 2 (4421191,4499545); Storica Analitica visura per immobile - Catasto Fabbricati."
"visura-storica","PI","LAJATICO","26","174","2","F","","analitica","","","PVP sales 2 (4421191,4499545); Storica Analitica visura per immobile - Catasto Fabbricati."
"visura-storica","PI","LAJATICO","49","194","7","F","","analitica","","","PVP sales 2 (2129933,4213383); Storica Analitica visura per immobile - Catasto Fabbricati."
"visura-storica","PI","LAJATICO","7","37","","T","","analitica","","","PVP sales 2 (2097953,4449157); Storica Analitica visura per immobile - Catasto Terreni."
"visura-storica","PI","LAJATICO","7","38","","T","","analitica","","","PVP sales 1 (2097953); Storica Analitica visura per immobile - Catasto Terreni."
"visura-storica","PI","LAJATICO","7","68","","T","","analitica","","","PVP sales 1 (2097953); Storica Analitica visura per immobile - Catasto Terreni."
"visura-storica","PI","LAJATICO","7","69","","T","","analitica","","","PVP sales 1 (2097953); Storica Analitica visura per immobile - Catasto Terreni."
"visura-storica","PI","LAJATICO","7","70","","T","","analitica","","","PVP sales 1 (2097953); Storica Analitica visura per immobile - Catasto Terreni."
"visura-storica","PI","LAJATICO","7","71","","T","","analitica","","","PVP sales 1 (2097953); Storica Analitica visura per immobile - Catasto Terreni."
"visura-storica","PI","LAJATICO","9","124","","F","","analitica","","","PVP sales 1 (2197646); Storica Analitica visura per immobile - Catasto Fabbricati."
"visura-storica","PI","LAJATICO","9","124","","T","","analitica","","","PVP sales 1 (2197646); Storica Analitica visura per immobile - Catasto Terreni."
"visura-storica","PI","LAJATICO","9","125","4","F","","analitica","","","PVP sales 1 (4243381); Storica Analitica visura per immobile - Catasto Fabbricati."
"visura-storica","PI","LAJATICO","9","125","7","F","","analitica","","","PVP sales 1 (4243381); Storica Analitica visura per immobile - Catasto Fabbricati."
"visura-storica","PI","LAJATICO","9","125","8","F","","analitica","","","PVP sales 1 (4243381); Storica Analitica visura per immobile - Catasto Fabbricati."
"visura-storica","PI","LAJATICO","9","126","13","F","","analitica","","","PVP sales 1 (4243641); Storica Analitica visura per immobile - Catasto Fabbricati."
"visura-storica","PI","LAJATICO","9","126","3","F","","analitica","","","PVP sales 1 (4243381); Storica Analitica visura per immobile - Catasto Fabbricati."
"visura-storica","PI","LAJATICO","9","126","4","F","","analitica","","","PVP sales 1 (4243381); Storica Analitica visura per immobile - Catasto Fabbricati."
"visura-storica","PI","LAJATICO","9","126","8","F","","analitica","","","PVP sales 1 (4243623); Storica Analitica visura per immobile - Catasto Fabbricati."
"visura-storica","PI","LAJATICO","9","126","9","F","","analitica","","","PVP sales 1 (4243623); Storica Analitica visura per immobile - Catasto Fabbricati."
"visura-storica","PI","LAJATICO","9","135","","F","","analitica","","","PVP sales 1 (4243718); Storica Analitica visura per immobile - Catasto Fabbricati."
"visura-storica","PI","LAJATICO","9","135","","T","","analitica","","","PVP sales 1 (4243718); Storica Analitica visura per immobile - Catasto Terreni."
"visura-storica","PI","LAJATICO","9","160","","F","","analitica","","","PVP sales 1 (4243642); Storica Analitica visura per immobile - Catasto Fabbricati."
"visura-storica","PI","LAJATICO","9","160","","T","","analitica","","","PVP sales 1 (4243642); Storica Analitica visura per immobile - Catasto Terreni."
"visura-storica","PI","LAJATICO","9","192","","F","","analitica","","","PVP sales 1 (4243642); Storica Analitica visura per immobile - Catasto Fabbricati."
"visura-storica","PI","LAJATICO","9","192","","T","","analitica","","","PVP sales 1 (4243642); Storica Analitica visura per immobile - Catasto Terreni."
"visura-storica","PI","LAJATICO","9","224","","F","","analitica","","","PVP sales 1 (4243642); Storica Analitica visura per immobile - Catasto Fabbricati."
"visura-storica","PI","LAJATICO","9","224","","T","","analitica","","","PVP sales 1 (4243642); Storica Analitica visura per immobile - Catasto Terreni."
"visura-storica","PI","LAJATICO","9","59","","F","","analitica","","","PVP sales 1 (4243718); Storica Analitica visura per immobile - Catasto Fabbricati."
"visura-storica","PI","LAJATICO","9","59","","T","","analitica","","","PVP sales 1 (4243718); Storica Analitica visura per immobile - Catasto Terreni."
"visura-storica","PI","LAJATICO","9","73","","F","","analitica","","","PVP sales 1 (4243718); Storica Analitica visura per immobile - Catasto Fabbricati."
"visura-storica","PI","LAJATICO","9","73","","T","","analitica","","","PVP sales 1 (4243718); Storica Analitica visura per immobile - Catasto Terreni."
"visura-storica","PI","LAJATICO","9","74","","F","","analitica","","","PVP sales 1 (4243718); Storica Analitica visura per immobile - Catasto Fabbricati."
"visura-storica","PI","LAJATICO","9","74","","T","","analitica","","","PVP sales 1 (4243718); Storica Analitica visura per immobile - Catasto Terreni."
"visura-storica","PI","LAJATICO","9","75","","F","","analitica","","","PVP sales 1 (4243718); Storica Analitica visura per immobile - Catasto Fabbricati."
"visura-storica","PI","LAJATICO","9","75","","T","","analitica","","","PVP sales 1 (4243718); Storica Analitica visura per immobile - Catasto Terreni."
"visura-storica","PI","LAJATICO","9","76","","F","","analitica","","","PVP sales 1 (4243718); Storica Analitica visura per immobile - Catasto Fabbricati."
"visura-storica","PI","LAJATICO","9","76","","T","","analitica","","","PVP sales 1 (4243718); Storica Analitica visura per immobile - Catasto Terreni."
"visura-storica","PI","LAJATICO","9","95","","F","","analitica","","","PVP sales 1 (4243718); Storica Analitica visura per immobile - Catasto Fabbricati."
"visura-storica","PI","LAJATICO","9","95","","T","","analitica","","","PVP sales 1 (4243718); Storica Analitica visura per immobile - Catasto Terreni."
"visura-storica","PI","LAJATICO","9","97","","F","","analitica","","","PVP sales 1 (4243718); Storica Analitica visura per immobile - Catasto Fabbricati."
"visura-storica","PI","LAJATICO","9","97","","T","","analitica","","","PVP sales 1 (4243718); Storica Analitica visura per immobile - Catasto Terreni."
"visura-storica","PI","LAJATICO","9","98","","F","","analitica","","","PVP sales 1 (4243718); Storica Analitica visura per immobile - Catasto Fabbricati."
"visura-storica","PI","LAJATICO","9","98","","T","","analitica","","","PVP sales 1 (4243718); Storica Analitica visura per immobile - Catasto Terreni."
"visura-storica","PI","MONTECATINI VAL DI CECINA","138","156","1","F","","analitica","","","PVP sales 3 (1903224,2028618,2100997); Storica Analitica visura per immobile - Catasto Fabbricati."
"visura-storica","PI","MONTECATINI VAL DI CECINA","139","345","5","F","","analitica","","","PVP sales 1 (2183223); Storica Analitica visura per immobile - Catasto Fabbricati."
"visura-storica","PI","MONTECATINI VAL DI CECINA","47","254","","F","","analitica","","","PVP sales 1 (4422754); Storica Analitica visura per immobile - Catasto Fabbricati."
"visura-storica","PI","MONTECATINI VAL DI CECINA","47","254","","T","","analitica","","","PVP sales 1 (4422754); Storica Analitica visura per immobile - Catasto Terreni."
"visura-storica","PI","MONTECATINI VAL DI CECINA","47","265","1","F","","analitica","","","PVP sales 1 (4422704); Storica Analitica visura per immobile - Catasto Fabbricati."
"visura-storica","PI","MONTECATINI VAL DI CECINA","47","265","2","F","","analitica","","","PVP sales 1 (4422704); Storica Analitica visura per immobile - Catasto Fabbricati."
"visura-storica","PI","MONTECATINI VAL DI CECINA","47","270","","F","","analitica","","","PVP sales 1 (4422754); Storica Analitica visura per immobile - Catasto Fabbricati."
"visura-storica","PI","MONTECATINI VAL DI CECINA","47","270","","T","","analitica","","","PVP sales 1 (4422754); Storica Analitica visura per immobile - Catasto Terreni."
"visura-storica","PI","MONTECATINI VAL DI CECINA","47","271","","F","","analitica","","","PVP sales 1 (4422704); Storica Analitica visura per immobile - Catasto Fabbricati."
"visura-storica","PI","MONTECATINI VAL DI CECINA","47","271","","T","","analitica","","","PVP sales 1 (4422704); Storica Analitica visura per immobile - Catasto Terreni."
"visura-storica","PI","MONTECATINI VAL DI CECINA","47","304","","F","","analitica","","","PVP sales 1 (4422704); Storica Analitica visura per immobile - Catasto Fabbricati."
"visura-storica","PI","MONTECATINI VAL DI CECINA","47","304","","T","","analitica","","","PVP sales 1 (4422704); Storica Analitica visura per immobile - Catasto Terreni."
"visura-storica","PI","MONTECATINI VAL DI CECINA","47","34","3","F","","analitica","","","PVP sales 1 (4422704); Storica Analitica visura per immobile - Catasto Fabbricati."
"visura-storica","PI","MONTECATINI VAL DI CECINA","9","1","","T","","analitica","","","PVP sales 1 (4246798); Storica Analitica visura per immobile - Catasto Terreni."
"visura-storica","PI","MONTECATINI VAL DI CECINA","9","2","","T","","analitica","","","PVP sales 1 (4246798); Storica Analitica visura per immobile - Catasto Terreni."
"visura-storica","PI","MONTECATINI VAL DI CECINA","9","22","","T","","analitica","","","PVP sales 1 (4246798); Storica Analitica visura per immobile - Catasto Terreni."
"visura-storica","PI","MONTECATINI VAL DI CECINA","9","23","","T","","analitica","","","PVP sales 1 (4246798); Storica Analitica visura per immobile - Catasto Terreni."
"visura-storica","PI","MONTECATINI VAL DI CECINA","9","24","","T","","analitica","","","PVP sales 1 (4246798); Storica Analitica visura per immobile - Catasto Terreni."
"visura-storica","PI","MONTECATINI VAL DI CECINA","9","25","","T","","analitica","","","PVP sales 1 (4246798); Storica Analitica visura per immobile - Catasto Terreni."
"visura-storica","PI","MONTECATINI VAL DI CECINA","9","26","","T","","analitica","","","PVP sales 1 (4246798); Storica Analitica visura per immobile - Catasto Terreni."
"visura-storica","PI","MONTECATINI VAL DI CECINA","9","27","","T","","analitica","","","PVP sales 1 (4246798); Storica Analitica visura per immobile - Catasto Terreni."
"visura-storica","PI","MONTECATINI VAL DI CECINA","9","28","","T","","analitica","","","PVP sales 1 (4246798); Storica Analitica visura per immobile - Catasto Terreni."
"visura-storica","PI","MONTECATINI VAL DI CECINA","9","29","","T","","analitica","","","PVP sales 1 (4246798); Storica Analitica visura per immobile - Catasto Terreni."
"visura-storica","PI","MONTECATINI VAL DI CECINA","9","30","","T","","analitica","","","PVP sales 1 (4246798); Storica Analitica visura per immobile - Catasto Terreni."
"visura-storica","PI","MONTECATINI VAL DI CECINA","9","31","","T","","analitica","","","PVP sales 1 (4246798); Storica Analitica visura per immobile - Catasto Terreni."
"visura-storica","PI","MONTECATINI VAL DI CECINA","9","32","","T","","analitica","","","PVP sales 1 (4246798); Storica Analitica visura per immobile - Catasto Terreni."
"visura-storica","PI","MONTECATINI VAL DI CECINA","9","33","","T","","analitica","","","PVP sales 1 (4246798); Storica Analitica visura per immobile - Catasto Terreni."
"visura-storica","PI","MONTECATINI VAL DI CECINA","9","68","","T","","analitica","","","PVP sales 1 (4246798); Storica Analitica visura per immobile - Catasto Terreni."
"visura-storica","PI","MONTECATINI VAL DI CECINA","9","71","","T","","analitica","","","PVP sales 1 (4246798); Storica Analitica visura per immobile - Catasto Terreni."
"visura-storica","PI","MONTECATINI VAL DI CECINA","9","72","","F","","analitica","","","PVP sales 1 (4246798); Storica Analitica visura per immobile - Catasto Fabbricati."
"visura-storica","PI","MONTECATINI VAL DI CECINA","9","75","","F","","analitica","","","PVP sales 1 (4246798); Storica Analitica visura per immobile - Catasto Fabbricati."
"visura-storica","PI","MONTEVERDI MARITTIMO","15","121","","F","","analitica","","","PVP sales 3 (855454,2193764,4490498); Storica Analitica visura per immobile - Catasto Fabbricati."
"visura-storica","PI","MONTEVERDI MARITTIMO","15","121","","T","","analitica","","","PVP sales 3 (855454,2193764,4490498); Storica Analitica visura per immobile - Catasto Terreni."
"visura-storica","PI","MONTEVERDI MARITTIMO","15","68","","F","","analitica","","","PVP sales 3 (855454,2193764,4490498); Storica Analitica visura per immobile - Catasto Fabbricati."
"visura-storica","PI","MONTEVERDI MARITTIMO","15","68","","T","","analitica","","","PVP sales 3 (855454,2193764,4490498); Storica Analitica visura per immobile - Catasto Terreni."
"visura-storica","PI","MONTEVERDI MARITTIMO","15","69","","F","","analitica","","","PVP sales 3 (855454,2193764,4490498); Storica Analitica visura per immobile - Catasto Fabbricati."
"visura-storica","PI","MONTEVERDI MARITTIMO","15","69","","T","","analitica","","","PVP sales 3 (855454,2193764,4490498); Storica Analitica visura per immobile - Catasto Terreni."
"visura-storica","PI","MONTEVERDI MARITTIMO","15","70","","F","","analitica","","","PVP sales 3 (855454,2193764,4490498); Storica Analitica visura per immobile - Catasto Fabbricati."
"visura-storica","PI","MONTEVERDI MARITTIMO","15","70","","T","","analitica","","","PVP sales 3 (855454,2193764,4490498); Storica Analitica visura per immobile - Catasto Terreni."
"visura-storica","PI","MONTEVERDI MARITTIMO","15","71","","F","","analitica","","","PVP sales 3 (855454,2193764,4490498); Storica Analitica visura per immobile - Catasto Fabbricati."
"visura-storica","PI","MONTEVERDI MARITTIMO","15","71","","T","","analitica","","","PVP sales 3 (855454,2193764,4490498); Storica Analitica visura per immobile - Catasto Terreni."
"visura-storica","PI","MONTEVERDI MARITTIMO","15","72","","F","","analitica","","","PVP sales 3 (855454,2193764,4490498); Storica Analitica visura per immobile - Catasto Fabbricati."
"visura-storica","PI","MONTEVERDI MARITTIMO","15","72","","T","","analitica","","","PVP sales 3 (855454,2193764,4490498); Storica Analitica visura per immobile - Catasto Terreni."
"visura-storica","PI","MONTEVERDI MARITTIMO","15","91","","F","","analitica","","","PVP sales 3 (855454,2193764,4490498); Storica Analitica visura per immobile - Catasto Fabbricati."
"visura-storica","PI","MONTEVERDI MARITTIMO","15","91","","T","","analitica","","","PVP sales 3 (855454,2193764,4490498); Storica Analitica visura per immobile - Catasto Terreni."
"visura-storica","PI","MONTEVERDI MARITTIMO","15","92","","F","","analitica","","","PVP sales 3 (855454,2193764,4490498); Storica Analitica visura per immobile - Catasto Fabbricati."
"visura-storica","PI","MONTEVERDI MARITTIMO","15","92","","T","","analitica","","","PVP sales 3 (855454,2193764,4490498); Storica Analitica visura per immobile - Catasto Terreni."
"visura-storica","PI","MONTEVERDI MARITTIMO","15","93","","F","","analitica","","","PVP sales 3 (855454,2193764,4490498); Storica Analitica visura per immobile - Catasto Fabbricati."
"visura-storica","PI","MONTEVERDI MARITTIMO","15","93","","T","","analitica","","","PVP sales 3 (855454,2193764,4490498); Storica Analitica visura per immobile - Catasto Terreni."
"visura-storica","PI","MONTEVERDI MARITTIMO","15","94","","F","","analitica","","","PVP sales 3 (855454,2193764,4490498); Storica Analitica visura per immobile - Catasto Fabbricati."
"visura-storica","PI","MONTEVERDI MARITTIMO","15","94","","T","","analitica","","","PVP sales 3 (855454,2193764,4490498); Storica Analitica visura per immobile - Catasto Terreni."
"visura-storica","PI","MONTEVERDI MARITTIMO","15","95","","F","","analitica","","","PVP sales 3 (855454,2193764,4490498); Storica Analitica visura per immobile - Catasto Fabbricati."
"visura-storica","PI","MONTEVERDI MARITTIMO","15","95","","T","","analitica","","","PVP sales 3 (855454,2193764,4490498); Storica Analitica visura per immobile - Catasto Terreni."
"visura-storica","PI","MONTEVERDI MARITTIMO","15","96","","F","","analitica","","","PVP sales 3 (855454,2193764,4490498); Storica Analitica visura per immobile - Catasto Fabbricati."
"visura-storica","PI","MONTEVERDI MARITTIMO","15","96","","T","","analitica","","","PVP sales 3 (855454,2193764,4490498); Storica Analitica visura per immobile - Catasto Terreni."
"visura-storica","PI","MONTEVERDI MARITTIMO","20","10","","F","","analitica","","","PVP sales 2 (855454,4490498); Storica Analitica visura per immobile - Catasto Fabbricati."
"visura-storica","PI","MONTEVERDI MARITTIMO","20","10","","T","","analitica","","","PVP sales 2 (855454,4490498); Storica Analitica visura per immobile - Catasto Terreni."
"visura-storica","PI","MONTEVERDI MARITTIMO","20","112","","F","","analitica","","","PVP sales 1 (4490498); Storica Analitica visura per immobile - Catasto Fabbricati."
"visura-storica","PI","MONTEVERDI MARITTIMO","20","112","","T","","analitica","","","PVP sales 1 (4490498); Storica Analitica visura per immobile - Catasto Terreni."
"visura-storica","PI","MONTEVERDI MARITTIMO","20","112AA","","F","","analitica","","","PVP sales 1 (2193764); Storica Analitica visura per immobile - Catasto Fabbricati."
"visura-storica","PI","MONTEVERDI MARITTIMO","20","112AA","","T","","analitica","","","PVP sales 1 (2193764); Storica Analitica visura per immobile - Catasto Terreni."
"visura-storica","PI","MONTEVERDI MARITTIMO","20","112BB","","F","","analitica","","","PVP sales 1 (2193764); Storica Analitica visura per immobile - Catasto Fabbricati."
"visura-storica","PI","MONTEVERDI MARITTIMO","20","112BB","","T","","analitica","","","PVP sales 1 (2193764); Storica Analitica visura per immobile - Catasto Terreni."
"visura-storica","PI","MONTEVERDI MARITTIMO","20","120","","F","","analitica","","","PVP sales 3 (855454,2193764,4490498); Storica Analitica visura per immobile - Catasto Fabbricati."
"visura-storica","PI","MONTEVERDI MARITTIMO","20","120","","T","","analitica","","","PVP sales 3 (855454,2193764,4490498); Storica Analitica visura per immobile - Catasto Terreni."
"visura-storica","PI","MONTEVERDI MARITTIMO","20","122","","F","","analitica","","","PVP sales 3 (855454,2193764,4490498); Storica Analitica visura per immobile - Catasto Fabbricati."
"visura-storica","PI","MONTEVERDI MARITTIMO","20","122","","T","","analitica","","","PVP sales 3 (855454,2193764,4490498); Storica Analitica visura per immobile - Catasto Terreni."
"visura-storica","PI","MONTEVERDI MARITTIMO","20","123","","F","","analitica","","","PVP sales 3 (855454,2193764,4490498); Storica Analitica visura per immobile - Catasto Fabbricati."
"visura-storica","PI","MONTEVERDI MARITTIMO","20","123","","T","","analitica","","","PVP sales 3 (855454,2193764,4490498); Storica Analitica visura per immobile - Catasto Terreni."
"visura-storica","PI","MONTEVERDI MARITTIMO","20","126","","F","","analitica","","","PVP sales 3 (855454,2193764,4490498); Storica Analitica visura per immobile - Catasto Fabbricati."
"visura-storica","PI","MONTEVERDI MARITTIMO","20","126","","T","","analitica","","","PVP sales 3 (855454,2193764,4490498); Storica Analitica visura per immobile - Catasto Terreni."
"visura-storica","PI","MONTEVERDI MARITTIMO","20","127","","F","","analitica","","","PVP sales 3 (855454,2193764,4490498); Storica Analitica visura per immobile - Catasto Fabbricati."
"visura-storica","PI","MONTEVERDI MARITTIMO","20","127","","T","","analitica","","","PVP sales 3 (855454,2193764,4490498); Storica Analitica visura per immobile - Catasto Terreni."
"visura-storica","PI","MONTEVERDI MARITTIMO","20","128","","F","","analitica","","","PVP sales 3 (855454,2193764,4490498); Storica Analitica visura per immobile - Catasto Fabbricati."
"visura-storica","PI","MONTEVERDI MARITTIMO","20","128","","T","","analitica","","","PVP sales 3 (855454,2193764,4490498); Storica Analitica visura per immobile - Catasto Terreni."
"visura-storica","PI","MONTEVERDI MARITTIMO","20","131","","F","","analitica","","","PVP sales 3 (855454,2193764,4490498); Storica Analitica visura per immobile - Catasto Fabbricati."
"visura-storica","PI","MONTEVERDI MARITTIMO","20","131","","T","","analitica","","","PVP sales 3 (855454,2193764,4490498); Storica Analitica visura per immobile - Catasto Terreni."
"visura-storica","PI","MONTEVERDI MARITTIMO","20","15","","F","","analitica","","","PVP sales 3 (855454,2193764,4490498); Storica Analitica visura per immobile - Catasto Fabbricati."
"visura-storica","PI","MONTEVERDI MARITTIMO","20","15","","T","","analitica","","","PVP sales 3 (855454,2193764,4490498); Storica Analitica visura per immobile - Catasto Terreni."
"visura-storica","PI","MONTEVERDI MARITTIMO","20","22","","F","","analitica","","","PVP sales 3 (855454,2193764,4490498); Storica Analitica visura per immobile - Catasto Fabbricati."
"visura-storica","PI","MONTEVERDI MARITTIMO","20","22","","T","","analitica","","","PVP sales 3 (855454,2193764,4490498); Storica Analitica visura per immobile - Catasto Terreni."
"visura-storica","PI","MONTEVERDI MARITTIMO","20","23","","F","","analitica","","","PVP sales 3 (855454,2193764,4490498); Storica Analitica visura per immobile - Catasto Fabbricati."
"visura-storica","PI","MONTEVERDI MARITTIMO","20","23","","T","","analitica","","","PVP sales 3 (855454,2193764,4490498); Storica Analitica visura per immobile - Catasto Terreni."
"visura-storica","PI","MONTEVERDI MARITTIMO","20","25","","F","","analitica","","","PVP sales 3 (855454,2193764,4490498); Storica Analitica visura per immobile - Catasto Fabbricati."
"visura-storica","PI","MONTEVERDI MARITTIMO","20","25","","T","","analitica","","","PVP sales 3 (855454,2193764,4490498); Storica Analitica visura per immobile - Catasto Terreni."
"visura-storica","PI","MONTEVERDI MARITTIMO","20","26","","F","","analitica","","","PVP sales 3 (855454,2193764,4490498); Storica Analitica visura per immobile - Catasto Fabbricati."
"visura-storica","PI","MONTEVERDI MARITTIMO","20","26","","T","","analitica","","","PVP sales 3 (855454,2193764,4490498); Storica Analitica visura per immobile - Catasto Terreni."
"visura-storica","PI","MONTEVERDI MARITTIMO","20","27","","F","","analitica","","","PVP sales 3 (855454,2193764,4490498); Storica Analitica visura per immobile - Catasto Fabbricati."
"visura-storica","PI","MONTEVERDI MARITTIMO","20","27","","T","","analitica","","","PVP sales 3 (855454,2193764,4490498); Storica Analitica visura per immobile - Catasto Terreni."
"visura-storica","PI","MONTEVERDI MARITTIMO","20","28","","F","","analitica","","","PVP sales 3 (855454,2193764,4490498); Storica Analitica visura per immobile - Catasto Fabbricati."
"visura-storica","PI","MONTEVERDI MARITTIMO","20","28","","T","","analitica","","","PVP sales 3 (855454,2193764,4490498); Storica Analitica visura per immobile - Catasto Terreni."
"visura-storica","PI","MONTEVERDI MARITTIMO","20","29","","F","","analitica","","","PVP sales 3 (855454,2193764,4490498); Storica Analitica visura per immobile - Catasto Fabbricati."
"visura-storica","PI","MONTEVERDI MARITTIMO","20","29","","T","","analitica","","","PVP sales 3 (855454,2193764,4490498); Storica Analitica visura per immobile - Catasto Terreni."
"visura-storica","PI","MONTEVERDI MARITTIMO","20","30","","F","","analitica","","","PVP sales 3 (855454,2193764,4490498); Storica Analitica visura per immobile - Catasto Fabbricati."
"visura-storica","PI","MONTEVERDI MARITTIMO","20","30","","T","","analitica","","","PVP sales 3 (855454,2193764,4490498); Storica Analitica visura per immobile - Catasto Terreni."
"visura-storica","PI","MONTEVERDI MARITTIMO","20","31","","F","","analitica","","","PVP sales 3 (855454,2193764,4490498); Storica Analitica visura per immobile - Catasto Fabbricati."
"visura-storica","PI","MONTEVERDI MARITTIMO","20","31","","T","","analitica","","","PVP sales 3 (855454,2193764,4490498); Storica Analitica visura per immobile - Catasto Terreni."
"visura-storica","PI","MONTEVERDI MARITTIMO","20","32","","F","","analitica","","","PVP sales 3 (855454,2193764,4490498); Storica Analitica visura per immobile - Catasto Fabbricati."
"visura-storica","PI","MONTEVERDI MARITTIMO","20","32","","T","","analitica","","","PVP sales 3 (855454,2193764,4490498); Storica Analitica visura per immobile - Catasto Terreni."
"visura-storica","PI","MONTEVERDI MARITTIMO","20","52","","F","","analitica","","","PVP sales 3 (855454,2193764,4490498); Storica Analitica visura per immobile - Catasto Fabbricati."
"visura-storica","PI","MONTEVERDI MARITTIMO","20","52","","T","","analitica","","","PVP sales 3 (855454,2193764,4490498); Storica Analitica visura per immobile - Catasto Terreni."
"visura-storica","PI","MONTEVERDI MARITTIMO","20","57","","F","","analitica","","","PVP sales 3 (855454,2193764,4490498); Storica Analitica visura per immobile - Catasto Fabbricati."
"visura-storica","PI","MONTEVERDI MARITTIMO","20","57","","T","","analitica","","","PVP sales 3 (855454,2193764,4490498); Storica Analitica visura per immobile - Catasto Terreni."
"visura-storica","PI","MONTEVERDI MARITTIMO","20","58","","F","","analitica","","","PVP sales 3 (855454,2193764,4490498); Storica Analitica visura per immobile - Catasto Fabbricati."
"visura-storica","PI","MONTEVERDI MARITTIMO","20","58","","T","","analitica","","","PVP sales 3 (855454,2193764,4490498); Storica Analitica visura per immobile - Catasto Terreni."
"visura-storica","PI","MONTEVERDI MARITTIMO","20","59","","F","","analitica","","","PVP sales 3 (855454,2193764,4490498); Storica Analitica visura per immobile - Catasto Fabbricati."
"visura-storica","PI","MONTEVERDI MARITTIMO","20","59","","T","","analitica","","","PVP sales 3 (855454,2193764,4490498); Storica Analitica visura per immobile - Catasto Terreni."
"visura-storica","PI","MONTEVERDI MARITTIMO","20","6","","F","","analitica","","","PVP sales 3 (855454,2193764,4490498); Storica Analitica visura per immobile - Catasto Fabbricati."
"visura-storica","PI","MONTEVERDI MARITTIMO","20","6","","T","","analitica","","","PVP sales 3 (855454,2193764,4490498); Storica Analitica visura per immobile - Catasto Terreni."
"visura-storica","PI","MONTEVERDI MARITTIMO","20","61","","F","","analitica","","","PVP sales 3 (855454,2193764,4490498); Storica Analitica visura per immobile - Catasto Fabbricati."
"visura-storica","PI","MONTEVERDI MARITTIMO","20","61","","T","","analitica","","","PVP sales 3 (855454,2193764,4490498); Storica Analitica visura per immobile - Catasto Terreni."
"visura-storica","PI","MONTEVERDI MARITTIMO","20","65","","F","","analitica","","","PVP sales 3 (855454,2193764,4490498); Storica Analitica visura per immobile - Catasto Fabbricati."
"visura-storica","PI","MONTEVERDI MARITTIMO","20","65","","T","","analitica","","","PVP sales 3 (855454,2193764,4490498); Storica Analitica visura per immobile - Catasto Terreni."
"visura-storica","PI","MONTEVERDI MARITTIMO","20","66","","F","","analitica","","","PVP sales 3 (855454,2193764,4490498); Storica Analitica visura per immobile - Catasto Fabbricati."
"visura-storica","PI","MONTEVERDI MARITTIMO","20","66","","T","","analitica","","","PVP sales 3 (855454,2193764,4490498); Storica Analitica visura per immobile - Catasto Terreni."
"visura-storica","PI","MONTEVERDI MARITTIMO","20","67","","F","","analitica","","","PVP sales 3 (855454,2193764,4490498); Storica Analitica visura per immobile - Catasto Fabbricati."
"visura-storica","PI","MONTEVERDI MARITTIMO","20","67","","T","","analitica","","","PVP sales 3 (855454,2193764,4490498); Storica Analitica visura per immobile - Catasto Terreni."
"visura-storica","PI","MONTEVERDI MARITTIMO","20","68","","F","","analitica","","","PVP sales 3 (855454,2193764,4490498); Storica Analitica visura per immobile - Catasto Fabbricati."
"visura-storica","PI","MONTEVERDI MARITTIMO","20","68","","T","","analitica","","","PVP sales 3 (855454,2193764,4490498); Storica Analitica visura per immobile - Catasto Terreni."
"visura-storica","PI","MONTEVERDI MARITTIMO","20","69","","F","","analitica","","","PVP sales 3 (855454,2193764,4490498); Storica Analitica visura per immobile - Catasto Fabbricati."
"visura-storica","PI","MONTEVERDI MARITTIMO","20","69","","T","","analitica","","","PVP sales 3 (855454,2193764,4490498); Storica Analitica visura per immobile - Catasto Terreni."
"visura-storica","PI","MONTEVERDI MARITTIMO","20","7","","F","","analitica","","","PVP sales 3 (855454,2193764,4490498); Storica Analitica visura per immobile - Catasto Fabbricati."
"visura-storica","PI","MONTEVERDI MARITTIMO","20","7","","T","","analitica","","","PVP sales 3 (855454,2193764,4490498); Storica Analitica visura per immobile - Catasto Terreni."
"visura-storica","PI","MONTEVERDI MARITTIMO","20","70","","F","","analitica","","","PVP sales 3 (855454,2193764,4490498); Storica Analitica visura per immobile - Catasto Fabbricati."
"visura-storica","PI","MONTEVERDI MARITTIMO","20","70","","T","","analitica","","","PVP sales 3 (855454,2193764,4490498); Storica Analitica visura per immobile - Catasto Terreni."
"visura-storica","PI","MONTEVERDI MARITTIMO","20","73","","F","","analitica","","","PVP sales 3 (855454,2193764,4490498); Storica Analitica visura per immobile - Catasto Fabbricati."
"visura-storica","PI","MONTEVERDI MARITTIMO","20","73","","T","","analitica","","","PVP sales 3 (855454,2193764,4490498); Storica Analitica visura per immobile - Catasto Terreni."
"visura-storica","PI","MONTEVERDI MARITTIMO","20","78","","F","","analitica","","","PVP sales 3 (855454,2193764,4490498); Storica Analitica visura per immobile - Catasto Fabbricati."
"visura-storica","PI","MONTEVERDI MARITTIMO","20","78","","T","","analitica","","","PVP sales 3 (855454,2193764,4490498); Storica Analitica visura per immobile - Catasto Terreni."
"visura-storica","PI","MONTEVERDI MARITTIMO","20","8","","F","","analitica","","","PVP sales 3 (855454,2193764,4490498); Storica Analitica visura per immobile - Catasto Fabbricati."
"visura-storica","PI","MONTEVERDI MARITTIMO","20","8","","T","","analitica","","","PVP sales 3 (855454,2193764,4490498); Storica Analitica visura per immobile - Catasto Terreni."
"visura-storica","PI","MONTEVERDI MARITTIMO","20","83","","F","","analitica","","","PVP sales 3 (855454,2193764,4490498); Storica Analitica visura per immobile - Catasto Fabbricati."
"visura-storica","PI","MONTEVERDI MARITTIMO","20","83","","T","","analitica","","","PVP sales 3 (855454,2193764,4490498); Storica Analitica visura per immobile - Catasto Terreni."
"visura-storica","PI","MONTEVERDI MARITTIMO","20","84","","F","","analitica","","","PVP sales 3 (855454,2193764,4490498); Storica Analitica visura per immobile - Catasto Fabbricati."
"visura-storica","PI","MONTEVERDI MARITTIMO","20","84","","T","","analitica","","","PVP sales 3 (855454,2193764,4490498); Storica Analitica visura per immobile - Catasto Terreni."
"visura-storica","PI","MONTEVERDI MARITTIMO","20","88","","F","","analitica","","","PVP sales 3 (855454,2193764,4490498); Storica Analitica visura per immobile - Catasto Fabbricati."
"visura-storica","PI","MONTEVERDI MARITTIMO","20","88","","T","","analitica","","","PVP sales 3 (855454,2193764,4490498); Storica Analitica visura per immobile - Catasto Terreni."
"visura-storica","PI","MONTEVERDI MARITTIMO","20","89","","F","","analitica","","","PVP sales 3 (855454,2193764,4490498); Storica Analitica visura per immobile - Catasto Fabbricati."
"visura-storica","PI","MONTEVERDI MARITTIMO","20","89","","T","","analitica","","","PVP sales 3 (855454,2193764,4490498); Storica Analitica visura per immobile - Catasto Terreni."
"visura-storica","PI","MONTEVERDI MARITTIMO","20","9","","F","","analitica","","","PVP sales 3 (855454,2193764,4490498); Storica Analitica visura per immobile - Catasto Fabbricati."
"visura-storica","PI","MONTEVERDI MARITTIMO","20","9","","T","","analitica","","","PVP sales 3 (855454,2193764,4490498); Storica Analitica visura per immobile - Catasto Terreni."
"visura-storica","PI","MONTEVERDI MARITTIMO","20","90","","F","","analitica","","","PVP sales 3 (855454,2193764,4490498); Storica Analitica visura per immobile - Catasto Fabbricati."
"visura-storica","PI","MONTEVERDI MARITTIMO","20","90","","T","","analitica","","","PVP sales 3 (855454,2193764,4490498); Storica Analitica visura per immobile - Catasto Terreni."
"visura-storica","PI","MONTEVERDI MARITTIMO","20","91","","F","","analitica","","","PVP sales 3 (855454,2193764,4490498); Storica Analitica visura per immobile - Catasto Fabbricati."
"visura-storica","PI","MONTEVERDI MARITTIMO","20","91","","T","","analitica","","","PVP sales 3 (855454,2193764,4490498); Storica Analitica visura per immobile - Catasto Terreni."
"visura-storica","PI","MONTEVERDI MARITTIMO","21","1","","F","","analitica","","","PVP sales 3 (855454,2193764,4490498); Storica Analitica visura per immobile - Catasto Fabbricati."
"visura-storica","PI","MONTEVERDI MARITTIMO","21","1","","T","","analitica","","","PVP sales 3 (855454,2193764,4490498); Storica Analitica visura per immobile - Catasto Terreni."
"visura-storica","PI","MONTEVERDI MARITTIMO","21","189","","F","","analitica","","","PVP sales 3 (855454,2193764,4490498); Storica Analitica visura per immobile - Catasto Fabbricati."
"visura-storica","PI","MONTEVERDI MARITTIMO","21","189","","T","","analitica","","","PVP sales 3 (855454,2193764,4490498); Storica Analitica visura per immobile - Catasto Terreni."
"visura-storica","PI","MONTEVERDI MARITTIMO","21","190","","F","","analitica","","","PVP sales 3 (855454,2193764,4490498); Storica Analitica visura per immobile - Catasto Fabbricati."
"visura-storica","PI","MONTEVERDI MARITTIMO","21","190","","T","","analitica","","","PVP sales 3 (855454,2193764,4490498); Storica Analitica visura per immobile - Catasto Terreni."
"visura-storica","PI","MONTEVERDI MARITTIMO","21","2","","F","","analitica","","","PVP sales 3 (855454,2193764,4490498); Storica Analitica visura per immobile - Catasto Fabbricati."
"visura-storica","PI","MONTEVERDI MARITTIMO","21","2","","T","","analitica","","","PVP sales 3 (855454,2193764,4490498); Storica Analitica visura per immobile - Catasto Terreni."
"visura-storica","PI","MONTEVERDI MARITTIMO","21","20","","F","","analitica","","","PVP sales 3 (855454,2193764,4490498); Storica Analitica visura per immobile - Catasto Fabbricati."
"visura-storica","PI","MONTEVERDI MARITTIMO","21","20","","T","","analitica","","","PVP sales 3 (855454,2193764,4490498); Storica Analitica visura per immobile - Catasto Terreni."
"visura-storica","PI","MONTEVERDI MARITTIMO","21","203","","F","","analitica","","","PVP sales 3 (855454,2193764,4490498); Storica Analitica visura per immobile - Catasto Fabbricati."
"visura-storica","PI","MONTEVERDI MARITTIMO","21","203","","T","","analitica","","","PVP sales 3 (855454,2193764,4490498); Storica Analitica visura per immobile - Catasto Terreni."
"visura-storica","PI","MONTEVERDI MARITTIMO","21","204","","F","","analitica","","","PVP sales 3 (855454,2193764,4490498); Storica Analitica visura per immobile - Catasto Fabbricati."
"visura-storica","PI","MONTEVERDI MARITTIMO","21","204","","T","","analitica","","","PVP sales 3 (855454,2193764,4490498); Storica Analitica visura per immobile - Catasto Terreni."
"visura-storica","PI","MONTEVERDI MARITTIMO","21","21","","F","","analitica","","","PVP sales 3 (855454,2193764,4490498); Storica Analitica visura per immobile - Catasto Fabbricati."
"visura-storica","PI","MONTEVERDI MARITTIMO","21","21","","T","","analitica","","","PVP sales 3 (855454,2193764,4490498); Storica Analitica visura per immobile - Catasto Terreni."
"visura-storica","PI","MONTEVERDI MARITTIMO","21","3","","F","","analitica","","","PVP sales 3 (855454,2193764,4490498); Storica Analitica visura per immobile - Catasto Fabbricati."
"visura-storica","PI","MONTEVERDI MARITTIMO","21","3","","T","","analitica","","","PVP sales 3 (855454,2193764,4490498); Storica Analitica visura per immobile - Catasto Terreni."
"visura-storica","PI","MONTEVERDI MARITTIMO","21","4","","F","","analitica","","","PVP sales 3 (855454,2193764,4490498); Storica Analitica visura per immobile - Catasto Fabbricati."
"visura-storica","PI","MONTEVERDI MARITTIMO","21","4","","T","","analitica","","","PVP sales 3 (855454,2193764,4490498); Storica Analitica visura per immobile - Catasto Terreni."
"visura-storica","PI","MONTEVERDI MARITTIMO","25","146","","F","","analitica","","","PVP sales 3 (855454,2193764,4490498); Storica Analitica visura per immobile - Catasto Fabbricati."
"visura-storica","PI","MONTEVERDI MARITTIMO","25","146","","T","","analitica","","","PVP sales 3 (855454,2193764,4490498); Storica Analitica visura per immobile - Catasto Terreni."
"visura-storica","PI","MONTEVERDI MARITTIMO","25","2","","F","","analitica","","","PVP sales 3 (855454,2193764,4490498); Storica Analitica visura per immobile - Catasto Fabbricati."
"visura-storica","PI","MONTEVERDI MARITTIMO","25","2","","T","","analitica","","","PVP sales 3 (855454,2193764,4490498); Storica Analitica visura per immobile - Catasto Terreni."
"visura-storica","PI","MONTEVERDI MARITTIMO","25","3","","F","","analitica","","","PVP sales 3 (855454,2193764,4490498); Storica Analitica visura per immobile - Catasto Fabbricati."
"visura-storica","PI","MONTEVERDI MARITTIMO","25","3","","T","","analitica","","","PVP sales 3 (855454,2193764,4490498); Storica Analitica visura per immobile - Catasto Terreni."
"visura-storica","PI","MONTEVERDI MARITTIMO","25","39","","F","","analitica","","","PVP sales 3 (855454,2193764,4490498); Storica Analitica visura per immobile - Catasto Fabbricati."
"visura-storica","PI","MONTEVERDI MARITTIMO","25","39","","T","","analitica","","","PVP sales 3 (855454,2193764,4490498); Storica Analitica visura per immobile - Catasto Terreni."
"visura-storica","PI","MONTEVERDI MARITTIMO","25","5","","F","","analitica","","","PVP sales 3 (855454,2193764,4490498); Storica Analitica visura per immobile - Catasto Fabbricati."
"visura-storica","PI","MONTEVERDI MARITTIMO","25","5","","T","","analitica","","","PVP sales 3 (855454,2193764,4490498); Storica Analitica visura per immobile - Catasto Terreni."
"visura-storica","PI","MONTEVERDI MARITTIMO","25","6","","F","","analitica","","","PVP sales 3 (855454,2193764,4490498); Storica Analitica visura per immobile - Catasto Fabbricati."
"visura-storica","PI","MONTEVERDI MARITTIMO","25","6","","T","","analitica","","","PVP sales 3 (855454,2193764,4490498); Storica Analitica visura per immobile - Catasto Terreni."
"visura-storica","PI","MONTEVERDI MARITTIMO","25","7","","F","","analitica","","","PVP sales 3 (855454,2193764,4490498); Storica Analitica visura per immobile - Catasto Fabbricati."
"visura-storica","PI","MONTEVERDI MARITTIMO","25","7","","T","","analitica","","","PVP sales 3 (855454,2193764,4490498); Storica Analitica visura per immobile - Catasto Terreni."
"visura-storica","PI","MONTEVERDI MARITTIMO","26","10","","F","","analitica","","","PVP sales 3 (855454,2193764,4490498); Storica Analitica visura per immobile - Catasto Fabbricati."
"visura-storica","PI","MONTEVERDI MARITTIMO","26","10","","T","","analitica","","","PVP sales 3 (855454,2193764,4490498); Storica Analitica visura per immobile - Catasto Terreni."
"visura-storica","PI","MONTEVERDI MARITTIMO","26","11","","F","","analitica","","","PVP sales 3 (855454,2193764,4490498); Storica Analitica visura per immobile - Catasto Fabbricati."
"visura-storica","PI","MONTEVERDI MARITTIMO","26","11","","T","","analitica","","","PVP sales 3 (855454,2193764,4490498); Storica Analitica visura per immobile - Catasto Terreni."
"visura-storica","PI","MONTEVERDI MARITTIMO","26","12","","F","","analitica","","","PVP sales 3 (855454,2193764,4490498); Storica Analitica visura per immobile - Catasto Fabbricati."
"visura-storica","PI","MONTEVERDI MARITTIMO","26","12","","T","","analitica","","","PVP sales 3 (855454,2193764,4490498); Storica Analitica visura per immobile - Catasto Terreni."
"visura-storica","PI","MONTEVERDI MARITTIMO","26","13","","F","","analitica","","","PVP sales 3 (855454,2193764,4490498); Storica Analitica visura per immobile - Catasto Fabbricati."
"visura-storica","PI","MONTEVERDI MARITTIMO","26","13","","T","","analitica","","","PVP sales 3 (855454,2193764,4490498); Storica Analitica visura per immobile - Catasto Terreni."
"visura-storica","PI","MONTEVERDI MARITTIMO","26","14","","F","","analitica","","","PVP sales 3 (855454,2193764,4490498); Storica Analitica visura per immobile - Catasto Fabbricati."
"visura-storica","PI","MONTEVERDI MARITTIMO","26","14","","T","","analitica","","","PVP sales 3 (855454,2193764,4490498); Storica Analitica visura per immobile - Catasto Terreni."
"visura-storica","PI","MONTEVERDI MARITTIMO","26","15","","F","","analitica","","","PVP sales 3 (855454,2193764,4490498); Storica Analitica visura per immobile - Catasto Fabbricati."
"visura-storica","PI","MONTEVERDI MARITTIMO","26","15","","T","","analitica","","","PVP sales 3 (855454,2193764,4490498); Storica Analitica visura per immobile - Catasto Terreni."
"visura-storica","PI","MONTEVERDI MARITTIMO","26","16","","F","","analitica","","","PVP sales 3 (855454,2193764,4490498); Storica Analitica visura per immobile - Catasto Fabbricati."
"visura-storica","PI","MONTEVERDI MARITTIMO","26","16","","T","","analitica","","","PVP sales 3 (855454,2193764,4490498); Storica Analitica visura per immobile - Catasto Terreni."
"visura-storica","PI","MONTEVERDI MARITTIMO","26","17","","F","","analitica","","","PVP sales 2 (2193764,4490498); Storica Analitica visura per immobile - Catasto Fabbricati."
"visura-storica","PI","MONTEVERDI MARITTIMO","26","17","","T","","analitica","","","PVP sales 2 (2193764,4490498); Storica Analitica visura per immobile - Catasto Terreni."
"visura-storica","PI","MONTEVERDI MARITTIMO","26","2","","F","","analitica","","","PVP sales 3 (855454,2193764,4490498); Storica Analitica visura per immobile - Catasto Fabbricati."
"visura-storica","PI","MONTEVERDI MARITTIMO","26","2","","T","","analitica","","","PVP sales 3 (855454,2193764,4490498); Storica Analitica visura per immobile - Catasto Terreni."
"visura-storica","PI","MONTEVERDI MARITTIMO","26","25","","F","","analitica","","","PVP sales 3 (855454,2193764,4490498); Storica Analitica visura per immobile - Catasto Fabbricati."
"visura-storica","PI","MONTEVERDI MARITTIMO","26","25","","T","","analitica","","","PVP sales 3 (855454,2193764,4490498); Storica Analitica visura per immobile - Catasto Terreni."
"visura-storica","PI","MONTEVERDI MARITTIMO","26","26","","F","","analitica","","","PVP sales 3 (855454,2193764,4490498); Storica Analitica visura per immobile - Catasto Fabbricati."
"visura-storica","PI","MONTEVERDI MARITTIMO","26","26","","T","","analitica","","","PVP sales 3 (855454,2193764,4490498); Storica Analitica visura per immobile - Catasto Terreni."
"visura-storica","PI","MONTEVERDI MARITTIMO","26","27","","F","","analitica","","","PVP sales 3 (855454,2193764,4490498); Storica Analitica visura per immobile - Catasto Fabbricati."
"visura-storica","PI","MONTEVERDI MARITTIMO","26","27","","T","","analitica","","","PVP sales 3 (855454,2193764,4490498); Storica Analitica visura per immobile - Catasto Terreni."
"visura-storica","PI","MONTEVERDI MARITTIMO","26","28","","F","","analitica","","","PVP sales 3 (855454,2193764,4490498); Storica Analitica visura per immobile - Catasto Fabbricati."
"visura-storica","PI","MONTEVERDI MARITTIMO","26","28","","T","","analitica","","","PVP sales 3 (855454,2193764,4490498); Storica Analitica visura per immobile - Catasto Terreni."
"visura-storica","PI","MONTEVERDI MARITTIMO","26","29","","F","","analitica","","","PVP sales 3 (855454,2193764,4490498); Storica Analitica visura per immobile - Catasto Fabbricati."
"visura-storica","PI","MONTEVERDI MARITTIMO","26","29","","T","","analitica","","","PVP sales 3 (855454,2193764,4490498); Storica Analitica visura per immobile - Catasto Terreni."
"visura-storica","PI","MONTEVERDI MARITTIMO","26","4","","F","","analitica","","","PVP sales 3 (855454,2193764,4490498); Storica Analitica visura per immobile - Catasto Fabbricati."
"visura-storica","PI","MONTEVERDI MARITTIMO","26","4","","T","","analitica","","","PVP sales 3 (855454,2193764,4490498); Storica Analitica visura per immobile - Catasto Terreni."
"visura-storica","PI","MONTEVERDI MARITTIMO","26","5","","F","","analitica","","","PVP sales 3 (855454,2193764,4490498); Storica Analitica visura per immobile - Catasto Fabbricati."
"visura-storica","PI","MONTEVERDI MARITTIMO","26","5","","T","","analitica","","","PVP sales 3 (855454,2193764,4490498); Storica Analitica visura per immobile - Catasto Terreni."
"visura-storica","PI","MONTEVERDI MARITTIMO","26","6","","F","","analitica","","","PVP sales 3 (855454,2193764,4490498); Storica Analitica visura per immobile - Catasto Fabbricati."
"visura-storica","PI","MONTEVERDI MARITTIMO","26","6","","T","","analitica","","","PVP sales 3 (855454,2193764,4490498); Storica Analitica visura per immobile - Catasto Terreni."
"visura-storica","PI","MONTEVERDI MARITTIMO","26","7","","F","","analitica","","","PVP sales 3 (855454,2193764,4490498); Storica Analitica visura per immobile - Catasto Fabbricati."
"visura-storica","PI","MONTEVERDI MARITTIMO","26","7","","T","","analitica","","","PVP sales 3 (855454,2193764,4490498); Storica Analitica visura per immobile - Catasto Terreni."
"visura-storica","PI","MONTEVERDI MARITTIMO","26","78","","F","","analitica","","","PVP sales 3 (855454,2193764,4490498); Storica Analitica visura per immobile - Catasto Fabbricati."
"visura-storica","PI","MONTEVERDI MARITTIMO","26","78","","T","","analitica","","","PVP sales 3 (855454,2193764,4490498); Storica Analitica visura per immobile - Catasto Terreni."
"visura-storica","PI","MONTEVERDI MARITTIMO","26","8","","F","","analitica","","","PVP sales 3 (855454,2193764,4490498); Storica Analitica visura per immobile - Catasto Fabbricati."
"visura-storica","PI","MONTEVERDI MARITTIMO","26","8","","T","","analitica","","","PVP sales 3 (855454,2193764,4490498); Storica Analitica visura per immobile - Catasto Terreni."
"visura-storica","PI","MONTEVERDI MARITTIMO","26","80","","F","","analitica","","","PVP sales 3 (855454,2193764,4490498); Storica Analitica visura per immobile - Catasto Fabbricati."
"visura-storica","PI","MONTEVERDI MARITTIMO","26","80","","T","","analitica","","","PVP sales 3 (855454,2193764,4490498); Storica Analitica visura per immobile - Catasto Terreni."
"visura-storica","PI","MONTEVERDI MARITTIMO","26","85","","F","","analitica","","","PVP sales 3 (855454,2193764,4490498); Storica Analitica visura per immobile - Catasto Fabbricati."
"visura-storica","PI","MONTEVERDI MARITTIMO","26","85","","T","","analitica","","","PVP sales 3 (855454,2193764,4490498); Storica Analitica visura per immobile - Catasto Terreni."
"visura-storica","PI","MONTEVERDI MARITTIMO","26","86","","F","","analitica","","","PVP sales 3 (855454,2193764,4490498); Storica Analitica visura per immobile - Catasto Fabbricati."
"visura-storica","PI","MONTEVERDI MARITTIMO","26","86","","T","","analitica","","","PVP sales 3 (855454,2193764,4490498); Storica Analitica visura per immobile - Catasto Terreni."
"visura-storica","PI","MONTEVERDI MARITTIMO","26","9","","F","","analitica","","","PVP sales 3 (855454,2193764,4490498); Storica Analitica visura per immobile - Catasto Fabbricati."
"visura-storica","PI","MONTEVERDI MARITTIMO","26","9","","T","","analitica","","","PVP sales 3 (855454,2193764,4490498); Storica Analitica visura per immobile - Catasto Terreni."
"visura-storica","PI","MONTEVERDI MARITTIMO","26","96","","F","","analitica","","","PVP sales 3 (855454,2193764,4490498); Storica Analitica visura per immobile - Catasto Fabbricati."
"visura-storica","PI","MONTEVERDI MARITTIMO","26","96","","T","","analitica","","","PVP sales 3 (855454,2193764,4490498); Storica Analitica visura per immobile - Catasto Terreni."
"visura-storica","PI","MONTEVERDI MARITTIMO","26","97","","F","","analitica","","","PVP sales 3 (855454,2193764,4490498); Storica Analitica visura per immobile - Catasto Fabbricati."
"visura-storica","PI","MONTEVERDI MARITTIMO","26","97","","T","","analitica","","","PVP sales 3 (855454,2193764,4490498); Storica Analitica visura per immobile - Catasto Terreni."
"visura-storica","PI","MONTEVERDI MARITTIMO","69","244","3","F","","analitica","","","PVP sales 1 (334925); Storica Analitica visura per immobile - Catasto Fabbricati."
"visura-storica","PI","MONTEVERDI MARITTIMO","69","383","","F","","analitica","","","PVP sales 1 (4391048); Storica Analitica visura per immobile - Catasto Fabbricati."
"visura-storica","PI","MONTEVERDI MARITTIMO","69","383","","T","","analitica","","","PVP sales 1 (4391048); Storica Analitica visura per immobile - Catasto Terreni."
"visura-storica","PI","MONTEVERDI MARITTIMO","69","406","","F","","analitica","","","PVP sales 1 (4391048); Storica Analitica visura per immobile - Catasto Fabbricati."
"visura-storica","PI","MONTEVERDI MARITTIMO","69","406","","T","","analitica","","","PVP sales 1 (4391048); Storica Analitica visura per immobile - Catasto Terreni."
"visura-storica","PI","MONTOPOLI IN VAL D'ARNO","10","794","11","F","","analitica","","","PVP sales 1 (4210492); Storica Analitica visura per immobile - Catasto Fabbricati."
"visura-storica","PI","MONTOPOLI IN VAL D'ARNO","10","91","10","F","","analitica","","","PVP sales 1 (4237966); Storica Analitica visura per immobile - Catasto Fabbricati."
"visura-storica","PI","MONTOPOLI IN VAL D'ARNO","10","91","12","F","","analitica","","","PVP sales 1 (4237992); Storica Analitica visura per immobile - Catasto Fabbricati."
"visura-storica","PI","MONTOPOLI IN VAL D'ARNO","10","91","14","F","","analitica","","","PVP sales 3 (4238049,4408482,4467560); Storica Analitica visura per immobile - Catasto Fabbricati."
"visura-storica","PI","MONTOPOLI IN VAL D'ARNO","10","91","15","F","","analitica","","","PVP sales 3 (4238024,4408505,4467551); Storica Analitica visura per immobile - Catasto Fabbricati."
"visura-storica","PI","MONTOPOLI IN VAL D'ARNO","10","91","16","F","","analitica","","","PVP sales 1 (4238013); Storica Analitica visura per immobile - Catasto Fabbricati."
"visura-storica","PI","MONTOPOLI IN VAL D'ARNO","10","91","21","F","","analitica","","","PVP sales 1 (4238067); Storica Analitica visura per immobile - Catasto Fabbricati."
"visura-storica","PI","MONTOPOLI IN VAL D'ARNO","10","91","24","F","","analitica","","","PVP sales 1 (4237966); Storica Analitica visura per immobile - Catasto Fabbricati."
"visura-storica","PI","MONTOPOLI IN VAL D'ARNO","10","91","27","F","","analitica","","","PVP sales 1 (4237992); Storica Analitica visura per immobile - Catasto Fabbricati."
"visura-storica","PI","MONTOPOLI IN VAL D'ARNO","10","91","29","F","","analitica","","","PVP sales 3 (4238049,4408482,4467560); Storica Analitica visura per immobile - Catasto Fabbricati."
"visura-storica","PI","MONTOPOLI IN VAL D'ARNO","10","91","33","F","","analitica","","","PVP sales 1 (4238067); Storica Analitica visura per immobile - Catasto Fabbricati."
"visura-storica","PI","MONTOPOLI IN VAL D'ARNO","10","91","34","F","","analitica","","","PVP sales 1 (4238013); Storica Analitica visura per immobile - Catasto Fabbricati."
"visura-storica","PI","MONTOPOLI IN VAL D'ARNO","10","91","35","F","","analitica","","","PVP sales 3 (4238024,4408505,4467551); Storica Analitica visura per immobile - Catasto Fabbricati."
"visura-storica","PI","MONTOPOLI IN VAL D'ARNO","10","91","36","F","","analitica","","","PVP sales 1 (4238064); Storica Analitica visura per immobile - Catasto Fabbricati."
"visura-storica","PI","MONTOPOLI IN VAL D'ARNO","12","234","","T","","analitica","","","PVP sales 2 (4442679,4502346); Storica Analitica visura per immobile - Catasto Terreni."
"visura-storica","PI","MONTOPOLI IN VAL D'ARNO","12","26","","T","","analitica","","","PVP sales 2 (4442679,4502346); Storica Analitica visura per immobile - Catasto Terreni."
"visura-storica","PI","MONTOPOLI IN VAL D'ARNO","12","29","","F","","analitica","","","PVP sales 2 (4442679,4502346); Storica Analitica visura per immobile - Catasto Fabbricati."
"visura-storica","PI","MONTOPOLI IN VAL D'ARNO","12","29","","T","","analitica","","","PVP sales 1 (4442679); Storica Analitica visura per immobile - Catasto Terreni."
"visura-storica","PI","MONTOPOLI IN VAL D'ARNO","12","42","","F","","analitica","","","PVP sales 1 (4537039); Storica Analitica visura per immobile - Catasto Fabbricati."
"visura-storica","PI","MONTOPOLI IN VAL D'ARNO","12","42","","T","","analitica","","","PVP sales 1 (4537039); Storica Analitica visura per immobile - Catasto Terreni."
"visura-storica","PI","MONTOPOLI IN VAL D'ARNO","12","421","6","F","","analitica","","","PVP sales 1 (4439837); Storica Analitica visura per immobile - Catasto Fabbricati."
"visura-storica","PI","MONTOPOLI IN VAL D'ARNO","15","229","14","F","","analitica","","","PVP sales 1 (4529716); Storica Analitica visura per immobile - Catasto Fabbricati."
"visura-storica","PI","MONTOPOLI IN VAL D'ARNO","15","229","2","F","","analitica","","","PVP sales 1 (4529716); Storica Analitica visura per immobile - Catasto Fabbricati."
"visura-storica","PI","MONTOPOLI IN VAL D'ARNO","15","545","16","F","","analitica","","","PVP sales 1 (541246); Storica Analitica visura per immobile - Catasto Fabbricati."
"visura-storica","PI","MONTOPOLI IN VAL D'ARNO","18","209","","F","","analitica","","","PVP sales 1 (4562666); Storica Analitica visura per immobile - Catasto Fabbricati."
"visura-storica","PI","MONTOPOLI IN VAL D'ARNO","18","209","","T","","analitica","","","PVP sales 1 (4562666); Storica Analitica visura per immobile - Catasto Terreni."
"visura-storica","PI","MONTOPOLI IN VAL D'ARNO","18","210","","F","","analitica","","","PVP sales 1 (4562666); Storica Analitica visura per immobile - Catasto Fabbricati."
"visura-storica","PI","MONTOPOLI IN VAL D'ARNO","18","210","","T","","analitica","","","PVP sales 1 (4562666); Storica Analitica visura per immobile - Catasto Terreni."
"visura-storica","PI","MONTOPOLI IN VAL D'ARNO","18","211","","F","","analitica","","","PVP sales 1 (4562666); Storica Analitica visura per immobile - Catasto Fabbricati."
"visura-storica","PI","MONTOPOLI IN VAL D'ARNO","18","211","","T","","analitica","","","PVP sales 1 (4562666); Storica Analitica visura per immobile - Catasto Terreni."
"visura-storica","PI","MONTOPOLI IN VAL D'ARNO","18","212","","F","","analitica","","","PVP sales 1 (4562666); Storica Analitica visura per immobile - Catasto Fabbricati."
"visura-storica","PI","MONTOPOLI IN VAL D'ARNO","18","212","","T","","analitica","","","PVP sales 1 (4562666); Storica Analitica visura per immobile - Catasto Terreni."
"visura-storica","PI","MONTOPOLI IN VAL D'ARNO","19","653","1","F","","analitica","","","PVP sales 1 (4551888); Storica Analitica visura per immobile - Catasto Fabbricati."
"visura-storica","PI","MONTOPOLI IN VAL D'ARNO","19","653","4","F","","analitica","","","PVP sales 1 (4551888); Storica Analitica visura per immobile - Catasto Fabbricati."
"visura-storica","PI","MONTOPOLI IN VAL D'ARNO","19","653","9","F","","analitica","","","PVP sales 1 (4551888); Storica Analitica visura per immobile - Catasto Fabbricati."
"visura-storica","PI","MONTOPOLI IN VAL D'ARNO","2","289","4","F","","analitica","","","PVP sales 1 (4485237); Storica Analitica visura per immobile - Catasto Fabbricati."
"visura-storica","PI","MONTOPOLI IN VAL D'ARNO","2","289","5","F","","analitica","","","PVP sales 1 (4485237); Storica Analitica visura per immobile - Catasto Fabbricati."
"visura-storica","PI","MONTOPOLI IN VAL D'ARNO","2","289","6","F","","analitica","","","PVP sales 1 (4485237); Storica Analitica visura per immobile - Catasto Fabbricati."
"visura-storica","PI","MONTOPOLI IN VAL D'ARNO","22","10","","F","","analitica","","","PVP sales 3 (4248969,4332631,4428816); Storica Analitica visura per immobile - Catasto Fabbricati."
"visura-storica","PI","MONTOPOLI IN VAL D'ARNO","22","10","","T","","analitica","","","PVP sales 3 (4248969,4332631,4428816); Storica Analitica visura per immobile - Catasto Terreni."
"visura-storica","PI","MONTOPOLI IN VAL D'ARNO","22","127","","F","","analitica","","","PVP sales 1 (4249234); Storica Analitica visura per immobile - Catasto Fabbricati."
"visura-storica","PI","MONTOPOLI IN VAL D'ARNO","22","127","","T","","analitica","","","PVP sales 1 (4249234); Storica Analitica visura per immobile - Catasto Terreni."
"visura-storica","PI","MONTOPOLI IN VAL D'ARNO","22","13","","F","","analitica","","","PVP sales 1 (4249234); Storica Analitica visura per immobile - Catasto Fabbricati."
"visura-storica","PI","MONTOPOLI IN VAL D'ARNO","22","13","","T","","analitica","","","PVP sales 1 (4249234); Storica Analitica visura per immobile - Catasto Terreni."
"visura-storica","PI","MONTOPOLI IN VAL D'ARNO","22","14","","F","","analitica","","","PVP sales 3 (4248969,4332631,4428816); Storica Analitica visura per immobile - Catasto Fabbricati."
"visura-storica","PI","MONTOPOLI IN VAL D'ARNO","22","14","","T","","analitica","","","PVP sales 3 (4248969,4332631,4428816); Storica Analitica visura per immobile - Catasto Terreni."
"visura-storica","PI","MONTOPOLI IN VAL D'ARNO","22","15","","F","","analitica","","","PVP sales 1 (4249234); Storica Analitica visura per immobile - Catasto Fabbricati."
"visura-storica","PI","MONTOPOLI IN VAL D'ARNO","22","15","","T","","analitica","","","PVP sales 1 (4249234); Storica Analitica visura per immobile - Catasto Terreni."
"visura-storica","PI","MONTOPOLI IN VAL D'ARNO","22","16","","F","","analitica","","","PVP sales 3 (4248969,4332631,4428816); Storica Analitica visura per immobile - Catasto Fabbricati."
"visura-storica","PI","MONTOPOLI IN VAL D'ARNO","22","16","","T","","analitica","","","PVP sales 3 (4248969,4332631,4428816); Storica Analitica visura per immobile - Catasto Terreni."
"visura-storica","PI","MONTOPOLI IN VAL D'ARNO","22","167","","F","","analitica","","","PVP sales 3 (4248969,4332631,4428816); Storica Analitica visura per immobile - Catasto Fabbricati."
"visura-storica","PI","MONTOPOLI IN VAL D'ARNO","22","167","","T","","analitica","","","PVP sales 3 (4248969,4332631,4428816); Storica Analitica visura per immobile - Catasto Terreni."
"visura-storica","PI","MONTOPOLI IN VAL D'ARNO","22","168","","F","","analitica","","","PVP sales 3 (4248969,4332631,4428816); Storica Analitica visura per immobile - Catasto Fabbricati."
"visura-storica","PI","MONTOPOLI IN VAL D'ARNO","22","168","","T","","analitica","","","PVP sales 3 (4248969,4332631,4428816); Storica Analitica visura per immobile - Catasto Terreni."
"visura-storica","PI","MONTOPOLI IN VAL D'ARNO","22","169","","F","","analitica","","","PVP sales 1 (4249234); Storica Analitica visura per immobile - Catasto Fabbricati."
"visura-storica","PI","MONTOPOLI IN VAL D'ARNO","22","169","","T","","analitica","","","PVP sales 1 (4249234); Storica Analitica visura per immobile - Catasto Terreni."
"visura-storica","PI","MONTOPOLI IN VAL D'ARNO","22","188","","F","","analitica","","","PVP sales 1 (4249234); Storica Analitica visura per immobile - Catasto Fabbricati."
"visura-storica","PI","MONTOPOLI IN VAL D'ARNO","22","188","","T","","analitica","","","PVP sales 1 (4249234); Storica Analitica visura per immobile - Catasto Terreni."
"visura-storica","PI","MONTOPOLI IN VAL D'ARNO","22","20","","F","","analitica","","","PVP sales 1 (4248969); Storica Analitica visura per immobile - Catasto Fabbricati."
"visura-storica","PI","MONTOPOLI IN VAL D'ARNO","22","20","","T","","analitica","","","PVP sales 1 (4248969); Storica Analitica visura per immobile - Catasto Terreni."
"visura-storica","PI","MONTOPOLI IN VAL D'ARNO","22","20","6","F","","analitica","","","PVP sales 2 (4332631,4428816); Storica Analitica visura per immobile - Catasto Fabbricati."
"visura-storica","PI","MONTOPOLI IN VAL D'ARNO","22","20","7","F","","analitica","","","PVP sales 2 (4332631,4428816); Storica Analitica visura per immobile - Catasto Fabbricati."
"visura-storica","PI","MONTOPOLI IN VAL D'ARNO","22","20","8","F","","analitica","","","PVP sales 2 (4332631,4428816); Storica Analitica visura per immobile - Catasto Fabbricati."
"visura-storica","PI","MONTOPOLI IN VAL D'ARNO","22","20","9","F","","analitica","","","PVP sales 1 (4332631); Storica Analitica visura per immobile - Catasto Fabbricati."
"visura-storica","PI","MONTOPOLI IN VAL D'ARNO","22","21","","F","","analitica","","","PVP sales 1 (4249234); Storica Analitica visura per immobile - Catasto Fabbricati."
"visura-storica","PI","MONTOPOLI IN VAL D'ARNO","22","21","","T","","analitica","","","PVP sales 1 (4249234); Storica Analitica visura per immobile - Catasto Terreni."
"visura-storica","PI","MONTOPOLI IN VAL D'ARNO","22","23","","F","","analitica","","","PVP sales 1 (4249234); Storica Analitica visura per immobile - Catasto Fabbricati."
"visura-storica","PI","MONTOPOLI IN VAL D'ARNO","22","23","","T","","analitica","","","PVP sales 1 (4249234); Storica Analitica visura per immobile - Catasto Terreni."
"visura-storica","PI","MONTOPOLI IN VAL D'ARNO","22","251","","F","","analitica","","","PVP sales 3 (4248969,4332631,4428816); Storica Analitica visura per immobile - Catasto Fabbricati."
"visura-storica","PI","MONTOPOLI IN VAL D'ARNO","22","251","","T","","analitica","","","PVP sales 3 (4248969,4332631,4428816); Storica Analitica visura per immobile - Catasto Terreni."
"visura-storica","PI","MONTOPOLI IN VAL D'ARNO","22","253","","F","","analitica","","","PVP sales 1 (4249234); Storica Analitica visura per immobile - Catasto Fabbricati."
"visura-storica","PI","MONTOPOLI IN VAL D'ARNO","22","253","","T","","analitica","","","PVP sales 1 (4249234); Storica Analitica visura per immobile - Catasto Terreni."
"visura-storica","PI","MONTOPOLI IN VAL D'ARNO","22","254","","F","","analitica","","","PVP sales 1 (4249234); Storica Analitica visura per immobile - Catasto Fabbricati."
"visura-storica","PI","MONTOPOLI IN VAL D'ARNO","22","254","","T","","analitica","","","PVP sales 1 (4249234); Storica Analitica visura per immobile - Catasto Terreni."
"visura-storica","PI","MONTOPOLI IN VAL D'ARNO","22","255","","F","","analitica","","","PVP sales 3 (4248969,4332631,4428816); Storica Analitica visura per immobile - Catasto Fabbricati."
"visura-storica","PI","MONTOPOLI IN VAL D'ARNO","22","255","","T","","analitica","","","PVP sales 3 (4248969,4332631,4428816); Storica Analitica visura per immobile - Catasto Terreni."
"visura-storica","PI","MONTOPOLI IN VAL D'ARNO","22","256","","F","","analitica","","","PVP sales 1 (4249234); Storica Analitica visura per immobile - Catasto Fabbricati."
"visura-storica","PI","MONTOPOLI IN VAL D'ARNO","22","256","","T","","analitica","","","PVP sales 1 (4249234); Storica Analitica visura per immobile - Catasto Terreni."
"visura-storica","PI","MONTOPOLI IN VAL D'ARNO","22","301","","F","","analitica","","","PVP sales 1 (4249234); Storica Analitica visura per immobile - Catasto Fabbricati."
"visura-storica","PI","MONTOPOLI IN VAL D'ARNO","22","301","","T","","analitica","","","PVP sales 1 (4249234); Storica Analitica visura per immobile - Catasto Terreni."
"visura-storica","PI","MONTOPOLI IN VAL D'ARNO","22","308","","F","","analitica","","","PVP sales 1 (4248969); Storica Analitica visura per immobile - Catasto Fabbricati."
"visura-storica","PI","MONTOPOLI IN VAL D'ARNO","22","308","","T","","analitica","","","PVP sales 1 (4248969); Storica Analitica visura per immobile - Catasto Terreni."
"visura-storica","PI","MONTOPOLI IN VAL D'ARNO","22","308","1","F","","analitica","","","PVP sales 2 (4332631,4428816); Storica Analitica visura per immobile - Catasto Fabbricati."
"visura-storica","PI","MONTOPOLI IN VAL D'ARNO","22","308","2","F","","analitica","","","PVP sales 2 (4332631,4428816); Storica Analitica visura per immobile - Catasto Fabbricati."
"visura-storica","PI","MONTOPOLI IN VAL D'ARNO","22","308","3","F","","analitica","","","PVP sales 2 (4332631,4428816); Storica Analitica visura per immobile - Catasto Fabbricati."
"visura-storica","PI","MONTOPOLI IN VAL D'ARNO","22","68","","F","","analitica","","","PVP sales 3 (4248969,4332631,4428816); Storica Analitica visura per immobile - Catasto Fabbricati."
"visura-storica","PI","MONTOPOLI IN VAL D'ARNO","22","68","","T","","analitica","","","PVP sales 3 (4248969,4332631,4428816); Storica Analitica visura per immobile - Catasto Terreni."
"visura-storica","PI","MONTOPOLI IN VAL D'ARNO","22","7","","F","","analitica","","","PVP sales 3 (4248969,4332631,4428816); Storica Analitica visura per immobile - Catasto Fabbricati."
"visura-storica","PI","MONTOPOLI IN VAL D'ARNO","22","7","","T","","analitica","","","PVP sales 3 (4248969,4332631,4428816); Storica Analitica visura per immobile - Catasto Terreni."
"visura-storica","PI","MONTOPOLI IN VAL D'ARNO","22","74","","F","","analitica","","","PVP sales 1 (4249234); Storica Analitica visura per immobile - Catasto Fabbricati."
"visura-storica","PI","MONTOPOLI IN VAL D'ARNO","22","74","","T","","analitica","","","PVP sales 1 (4249234); Storica Analitica visura per immobile - Catasto Terreni."
"visura-storica","PI","MONTOPOLI IN VAL D'ARNO","22","8","","F","","analitica","","","PVP sales 3 (4248969,4332631,4428816); Storica Analitica visura per immobile - Catasto Fabbricati."
"visura-storica","PI","MONTOPOLI IN VAL D'ARNO","22","8","","T","","analitica","","","PVP sales 3 (4248969,4332631,4428816); Storica Analitica visura per immobile - Catasto Terreni."
"visura-storica","PI","MONTOPOLI IN VAL D'ARNO","22","84","","F","","analitica","","","PVP sales 1 (4249234); Storica Analitica visura per immobile - Catasto Fabbricati."
"visura-storica","PI","MONTOPOLI IN VAL D'ARNO","22","84","","T","","analitica","","","PVP sales 1 (4249234); Storica Analitica visura per immobile - Catasto Terreni."
"visura-storica","PI","MONTOPOLI IN VAL D'ARNO","22","9","","F","","analitica","","","PVP sales 3 (4248969,4332631,4428816); Storica Analitica visura per immobile - Catasto Fabbricati."
"visura-storica","PI","MONTOPOLI IN VAL D'ARNO","22","9","","T","","analitica","","","PVP sales 3 (4248969,4332631,4428816); Storica Analitica visura per immobile - Catasto Terreni."
"visura-storica","PI","MONTOPOLI IN VAL D'ARNO","23","16","3","F","","analitica","","","PVP sales 2 (4238255,4546211); Storica Analitica visura per immobile - Catasto Fabbricati."
"visura-storica","PI","MONTOPOLI IN VAL D'ARNO","23","16","5","F","","analitica","","","PVP sales 2 (4238255,4546211); Storica Analitica visura per immobile - Catasto Fabbricati."
"visura-storica","PI","MONTOPOLI IN VAL D'ARNO","23","16","6","F","","analitica","","","PVP sales 2 (4238255,4546211); Storica Analitica visura per immobile - Catasto Fabbricati."
"visura-storica","PI","MONTOPOLI IN VAL D'ARNO","23","184","","F","","analitica","","","PVP sales 2 (4443159,4492474); Storica Analitica visura per immobile - Catasto Fabbricati."
"visura-storica","PI","MONTOPOLI IN VAL D'ARNO","23","184","","T","","analitica","","","PVP sales 2 (4443159,4492474); Storica Analitica visura per immobile - Catasto Terreni."
"visura-storica","PI","MONTOPOLI IN VAL D'ARNO","23","215","1","F","","analitica","","","PVP sales 2 (4238255,4546211); Storica Analitica visura per immobile - Catasto Fabbricati."
"visura-storica","PI","MONTOPOLI IN VAL D'ARNO","23","638","","F","","analitica","","","PVP sales 2 (4238255,4546211); Storica Analitica visura per immobile - Catasto Fabbricati."
"visura-storica","PI","MONTOPOLI IN VAL D'ARNO","23","641","","F","","analitica","","","PVP sales 2 (4238255,4546211); Storica Analitica visura per immobile - Catasto Fabbricati."
"visura-storica","PI","MONTOPOLI IN VAL D'ARNO","23","648","","F","","analitica","","","PVP sales 2 (4238255,4546211); Storica Analitica visura per immobile - Catasto Fabbricati."
"visura-storica","PI","MONTOPOLI IN VAL D'ARNO","23","650","","F","","analitica","","","PVP sales 2 (4238255,4546211); Storica Analitica visura per immobile - Catasto Fabbricati."
"visura-storica","PI","MONTOPOLI IN VAL D'ARNO","23","656","","T","","analitica","","","PVP sales 2 (4238255,4546211); Storica Analitica visura per immobile - Catasto Terreni."
"visura-storica","PI","MONTOPOLI IN VAL D'ARNO","25","235","","T","","analitica","","","PVP sales 1 (4449833); Storica Analitica visura per immobile - Catasto Terreni."
"visura-storica","PI","MONTOPOLI IN VAL D'ARNO","25","240","","T","","analitica","","","PVP sales 1 (4449833); Storica Analitica visura per immobile - Catasto Terreni."
"visura-storica","PI","MONTOPOLI IN VAL D'ARNO","25","259","","T","","analitica","","","PVP sales 1 (4449833); Storica Analitica visura per immobile - Catasto Terreni."
"visura-storica","PI","MONTOPOLI IN VAL D'ARNO","26","154","","F","","analitica","","","PVP sales 1 (4562666); Storica Analitica visura per immobile - Catasto Fabbricati."
"visura-storica","PI","MONTOPOLI IN VAL D'ARNO","26","154","","T","","analitica","","","PVP sales 1 (4562666); Storica Analitica visura per immobile - Catasto Terreni."
"visura-storica","PI","MONTOPOLI IN VAL D'ARNO","26","220","","F","","analitica","","","PVP sales 1 (4562666); Storica Analitica visura per immobile - Catasto Fabbricati."
"visura-storica","PI","MONTOPOLI IN VAL D'ARNO","26","220","","T","","analitica","","","PVP sales 1 (4562666); Storica Analitica visura per immobile - Catasto Terreni."
"visura-storica","PI","MONTOPOLI IN VAL D'ARNO","26","222","","F","","analitica","","","PVP sales 1 (4562666); Storica Analitica visura per immobile - Catasto Fabbricati."
"visura-storica","PI","MONTOPOLI IN VAL D'ARNO","26","222","","T","","analitica","","","PVP sales 1 (4562666); Storica Analitica visura per immobile - Catasto Terreni."
"visura-storica","PI","MONTOPOLI IN VAL D'ARNO","26","252","","F","","analitica","","","PVP sales 1 (4562666); Storica Analitica visura per immobile - Catasto Fabbricati."
"visura-storica","PI","MONTOPOLI IN VAL D'ARNO","26","252","","T","","analitica","","","PVP sales 1 (4562666); Storica Analitica visura per immobile - Catasto Terreni."
"visura-storica","PI","MONTOPOLI IN VAL D'ARNO","26","26","","F","","analitica","","","PVP sales 1 (4562666); Storica Analitica visura per immobile - Catasto Fabbricati."
"visura-storica","PI","MONTOPOLI IN VAL D'ARNO","26","26","","T","","analitica","","","PVP sales 1 (4562666); Storica Analitica visura per immobile - Catasto Terreni."
"visura-storica","PI","MONTOPOLI IN VAL D'ARNO","26","265","","F","","analitica","","","PVP sales 1 (4562666); Storica Analitica visura per immobile - Catasto Fabbricati."
"visura-storica","PI","MONTOPOLI IN VAL D'ARNO","26","265","","T","","analitica","","","PVP sales 1 (4562666); Storica Analitica visura per immobile - Catasto Terreni."
"visura-storica","PI","MONTOPOLI IN VAL D'ARNO","26","266","","F","","analitica","","","PVP sales 1 (4562666); Storica Analitica visura per immobile - Catasto Fabbricati."
"visura-storica","PI","MONTOPOLI IN VAL D'ARNO","26","266","","T","","analitica","","","PVP sales 1 (4562666); Storica Analitica visura per immobile - Catasto Terreni."
"visura-storica","PI","MONTOPOLI IN VAL D'ARNO","26","28","","F","","analitica","","","PVP sales 1 (4562666); Storica Analitica visura per immobile - Catasto Fabbricati."
"visura-storica","PI","MONTOPOLI IN VAL D'ARNO","26","28","","T","","analitica","","","PVP sales 1 (4562666); Storica Analitica visura per immobile - Catasto Terreni."
"visura-storica","PI","MONTOPOLI IN VAL D'ARNO","26","29","4","F","","analitica","","","PVP sales 1 (4562666); Storica Analitica visura per immobile - Catasto Fabbricati."
"visura-storica","PI","MONTOPOLI IN VAL D'ARNO","26","29","7","F","","analitica","","","PVP sales 1 (4562666); Storica Analitica visura per immobile - Catasto Fabbricati."
"visura-storica","PI","MONTOPOLI IN VAL D'ARNO","26","29","8","F","","analitica","","","PVP sales 1 (4562666); Storica Analitica visura per immobile - Catasto Fabbricati."
"visura-storica","PI","MONTOPOLI IN VAL D'ARNO","26","29","9","F","","analitica","","","PVP sales 1 (4562666); Storica Analitica visura per immobile - Catasto Fabbricati."
"visura-storica","PI","MONTOPOLI IN VAL D'ARNO","26","44","","F","","analitica","","","PVP sales 1 (4562666); Storica Analitica visura per immobile - Catasto Fabbricati."
"visura-storica","PI","MONTOPOLI IN VAL D'ARNO","26","44","","T","","analitica","","","PVP sales 1 (4562666); Storica Analitica visura per immobile - Catasto Terreni."
"visura-storica","PI","MONTOPOLI IN VAL D'ARNO","26","46","","F","","analitica","","","PVP sales 1 (4562666); Storica Analitica visura per immobile - Catasto Fabbricati."
"visura-storica","PI","MONTOPOLI IN VAL D'ARNO","26","46","","T","","analitica","","","PVP sales 1 (4562666); Storica Analitica visura per immobile - Catasto Terreni."
"visura-storica","PI","MONTOPOLI IN VAL D'ARNO","26","48","","F","","analitica","","","PVP sales 1 (4562666); Storica Analitica visura per immobile - Catasto Fabbricati."
"visura-storica","PI","MONTOPOLI IN VAL D'ARNO","26","48","","T","","analitica","","","PVP sales 1 (4562666); Storica Analitica visura per immobile - Catasto Terreni."
"visura-storica","PI","MONTOPOLI IN VAL D'ARNO","3","1470","14","F","","analitica","","","PVP sales 2 (780517,961299); Storica Analitica visura per immobile - Catasto Fabbricati."
"visura-storica","PI","MONTOPOLI IN VAL D'ARNO","3","1470","15","F","","analitica","","","PVP sales 2 (780607,961362); Storica Analitica visura per immobile - Catasto Fabbricati."
"visura-storica","PI","MONTOPOLI IN VAL D'ARNO","3","1470","16","F","","analitica","","","PVP sales 1 (780629); Storica Analitica visura per immobile - Catasto Fabbricati."
"visura-storica","PI","MONTOPOLI IN VAL D'ARNO","3","1470","17","F","","analitica","","","PVP sales 2 (780643,961377); Storica Analitica visura per immobile - Catasto Fabbricati."
"visura-storica","PI","MONTOPOLI IN VAL D'ARNO","3","1470","18","F","","analitica","","","PVP sales 2 (780713,961386); Storica Analitica visura per immobile - Catasto Fabbricati."
"visura-storica","PI","MONTOPOLI IN VAL D'ARNO","3","1470","19","F","","analitica","","","PVP sales 2 (780695,961397); Storica Analitica visura per immobile - Catasto Fabbricati."
"visura-storica","PI","MONTOPOLI IN VAL D'ARNO","3","1470","20","F","","analitica","","","PVP sales 2 (780741,961636); Storica Analitica visura per immobile - Catasto Fabbricati."
"visura-storica","PI","MONTOPOLI IN VAL D'ARNO","3","1470","22","F","","analitica","","","PVP sales 1 (780785); Storica Analitica visura per immobile - Catasto Fabbricati."
"visura-storica","PI","MONTOPOLI IN VAL D'ARNO","3","1470","25","F","","analitica","","","PVP sales 2 (780827,961645); Storica Analitica visura per immobile - Catasto Fabbricati."
"visura-storica","PI","MONTOPOLI IN VAL D'ARNO","3","1470","28","F","","analitica","","","PVP sales 2 (780868,961656); Storica Analitica visura per immobile - Catasto Fabbricati."
"visura-storica","PI","MONTOPOLI IN VAL D'ARNO","3","1470","29","F","","analitica","","","PVP sales 2 (780842,961662); Storica Analitica visura per immobile - Catasto Fabbricati."
"visura-storica","PI","MONTOPOLI IN VAL D'ARNO","3","1470","30","F","","analitica","","","PVP sales 2 (780957,961674); Storica Analitica visura per immobile - Catasto Fabbricati."
"visura-storica","PI","MONTOPOLI IN VAL D'ARNO","3","1470","31","F","","analitica","","","PVP sales 1 (780965); Storica Analitica visura per immobile - Catasto Fabbricati."
"visura-storica","PI","MONTOPOLI IN VAL D'ARNO","3","1470","35","F","","analitica","","","PVP sales 1 (780785); Storica Analitica visura per immobile - Catasto Fabbricati."
"visura-storica","PI","MONTOPOLI IN VAL D'ARNO","3","1470","37","F","","analitica","","","PVP sales 2 (780437,961288); Storica Analitica visura per immobile - Catasto Fabbricati."
"visura-storica","PI","MONTOPOLI IN VAL D'ARNO","3","1470","41","F","","analitica","","","PVP sales 2 (780643,961377); Storica Analitica visura per immobile - Catasto Fabbricati."
"visura-storica","PI","MONTOPOLI IN VAL D'ARNO","3","1470","42","F","","analitica","","","PVP sales 2 (780713,961386); Storica Analitica visura per immobile - Catasto Fabbricati."
"visura-storica","PI","MONTOPOLI IN VAL D'ARNO","3","1470","43","F","","analitica","","","PVP sales 1 (780629); Storica Analitica visura per immobile - Catasto Fabbricati."
"visura-storica","PI","MONTOPOLI IN VAL D'ARNO","3","1470","46","F","","analitica","","","PVP sales 2 (780741,961636); Storica Analitica visura per immobile - Catasto Fabbricati."
"visura-storica","PI","MONTOPOLI IN VAL D'ARNO","3","1470","47","F","","analitica","","","PVP sales 2 (780695,961397); Storica Analitica visura per immobile - Catasto Fabbricati."
"visura-storica","PI","MONTOPOLI IN VAL D'ARNO","3","1470","48","F","","analitica","","","PVP sales 1 (780785); Storica Analitica visura per immobile - Catasto Fabbricati."
"visura-storica","PI","MONTOPOLI IN VAL D'ARNO","3","1470","52","F","","analitica","","","PVP sales 2 (780607,961362); Storica Analitica visura per immobile - Catasto Fabbricati."
"visura-storica","PI","MONTOPOLI IN VAL D'ARNO","3","1470","53","F","","analitica","","","PVP sales 2 (780517,961299); Storica Analitica visura per immobile - Catasto Fabbricati."
"visura-storica","PI","MONTOPOLI IN VAL D'ARNO","3","1470","55","F","","analitica","","","PVP sales 2 (780827,961645); Storica Analitica visura per immobile - Catasto Fabbricati."
"visura-storica","PI","MONTOPOLI IN VAL D'ARNO","3","1470","56","F","","analitica","","","PVP sales 2 (780827,961645); Storica Analitica visura per immobile - Catasto Fabbricati."
"visura-storica","PI","MONTOPOLI IN VAL D'ARNO","3","1470","58","F","","analitica","","","PVP sales 2 (780868,961656); Storica Analitica visura per immobile - Catasto Fabbricati."
"visura-storica","PI","MONTOPOLI IN VAL D'ARNO","3","1470","59","F","","analitica","","","PVP sales 2 (780842,961662); Storica Analitica visura per immobile - Catasto Fabbricati."
"visura-storica","PI","MONTOPOLI IN VAL D'ARNO","3","1470","60","F","","analitica","","","PVP sales 2 (780957,961674); Storica Analitica visura per immobile - Catasto Fabbricati."
"visura-storica","PI","MONTOPOLI IN VAL D'ARNO","3","1470","62","F","","analitica","","","PVP sales 1 (780965); Storica Analitica visura per immobile - Catasto Fabbricati."
"visura-storica","PI","MONTOPOLI IN VAL D'ARNO","3","1470","66","F","","analitica","","","PVP sales 2 (780437,961288); Storica Analitica visura per immobile - Catasto Fabbricati."
"visura-storica","PI","MONTOPOLI IN VAL D'ARNO","3","1470","78","F","","analitica","","","PVP sales 2 (780517,961299); Storica Analitica visura per immobile - Catasto Fabbricati."
"visura-storica","PI","MONTOPOLI IN VAL D'ARNO","3","1470","79","F","","analitica","","","PVP sales 2 (780607,961362); Storica Analitica visura per immobile - Catasto Fabbricati."
"visura-storica","PI","MONTOPOLI IN VAL D'ARNO","3","1470","80","F","","analitica","","","PVP sales 1 (780629); Storica Analitica visura per immobile - Catasto Fabbricati."
"visura-storica","PI","MONTOPOLI IN VAL D'ARNO","3","1470","81","F","","analitica","","","PVP sales 2 (780713,961386); Storica Analitica visura per immobile - Catasto Fabbricati."
"visura-storica","PI","MONTOPOLI IN VAL D'ARNO","3","1470","82","F","","analitica","","","PVP sales 2 (780741,961636); Storica Analitica visura per immobile - Catasto Fabbricati."
"visura-storica","PI","MONTOPOLI IN VAL D'ARNO","3","1470","83","F","","analitica","","","PVP sales 2 (780957,961674); Storica Analitica visura per immobile - Catasto Fabbricati."
"visura-storica","PI","MONTOPOLI IN VAL D'ARNO","3","1470","84","F","","analitica","","","PVP sales 2 (780957,961674); Storica Analitica visura per immobile - Catasto Fabbricati."
"visura-storica","PI","MONTOPOLI IN VAL D'ARNO","3","1470","85","F","","analitica","","","PVP sales 1 (780965); Storica Analitica visura per immobile - Catasto Fabbricati."
"visura-storica","PI","MONTOPOLI IN VAL D'ARNO","3","1470","87","F","","analitica","","","PVP sales 2 (780643,961377); Storica Analitica visura per immobile - Catasto Fabbricati."
"visura-storica","PI","MONTOPOLI IN VAL D'ARNO","3","1470","88","F","","analitica","","","PVP sales 2 (780868,961656); Storica Analitica visura per immobile - Catasto Fabbricati."
"visura-storica","PI","MONTOPOLI IN VAL D'ARNO","3","1470","89","F","","analitica","","","PVP sales 2 (780695,961397); Storica Analitica visura per immobile - Catasto Fabbricati."
"visura-storica","PI","MONTOPOLI IN VAL D'ARNO","3","1470","91","F","","analitica","","","PVP sales 2 (780842,961662); Storica Analitica visura per immobile - Catasto Fabbricati."
"visura-storica","PI","MONTOPOLI IN VAL D'ARNO","3","1470","92","F","","analitica","","","PVP sales 2 (780437,961288); Storica Analitica visura per immobile - Catasto Fabbricati."
"visura-storica","PI","MONTOPOLI IN VAL D'ARNO","3","244","","F","","analitica","","","PVP sales 1 (169010); Storica Analitica visura per immobile - Catasto Fabbricati."
"visura-storica","PI","MONTOPOLI IN VAL D'ARNO","3","244","","T","","analitica","","","PVP sales 1 (169010); Storica Analitica visura per immobile - Catasto Terreni."
"visura-storica","PI","MONTOPOLI IN VAL D'ARNO","3","251","1","F","","analitica","","","PVP sales 1 (276488); Storica Analitica visura per immobile - Catasto Fabbricati."
"visura-storica","PI","MONTOPOLI IN VAL D'ARNO","3","259","2","F","","analitica","","","PVP sales 1 (4518444); Storica Analitica visura per immobile - Catasto Fabbricati."
"visura-storica","PI","MONTOPOLI IN VAL D'ARNO","3","529","1","F","","analitica","","","PVP sales 1 (4518444); Storica Analitica visura per immobile - Catasto Fabbricati."
"visura-storica","PI","MONTOPOLI IN VAL D'ARNO","3","546","5","F","","analitica","","","PVP sales 2 (4502525,4542675); Storica Analitica visura per immobile - Catasto Fabbricati."
"visura-storica","PI","MONTOPOLI IN VAL D'ARNO","3","546","6","F","","analitica","","","PVP sales 2 (4502525,4542675); Storica Analitica visura per immobile - Catasto Fabbricati."
"visura-storica","PI","MONTOPOLI IN VAL D'ARNO","3","546","7","F","","analitica","","","PVP sales 2 (4502525,4542675); Storica Analitica visura per immobile - Catasto Fabbricati."
"visura-storica","PI","MONTOPOLI IN VAL D'ARNO","3","793","10","F","","analitica","","","PVP sales 1 (4537717); Storica Analitica visura per immobile - Catasto Fabbricati."
"visura-storica","PI","MONTOPOLI IN VAL D'ARNO","3","793","15","F","","analitica","","","PVP sales 1 (4537717); Storica Analitica visura per immobile - Catasto Fabbricati."
"visura-storica","PI","MONTOPOLI IN VAL D'ARNO","3","793","16","F","","analitica","","","PVP sales 1 (4537717); Storica Analitica visura per immobile - Catasto Fabbricati."
"visura-storica","PI","MONTOPOLI IN VAL D'ARNO","3","796","","F","","analitica","","","PVP sales 1 (4537717); Storica Analitica visura per immobile - Catasto Fabbricati."
"visura-storica","PI","MONTOPOLI IN VAL D'ARNO","3","796","","T","","analitica","","","PVP sales 1 (4537717); Storica Analitica visura per immobile - Catasto Terreni."
"visura-storica","PI","MONTOPOLI IN VAL D'ARNO","4","109","7","F","","analitica","","","PVP sales 1 (4518486); Storica Analitica visura per immobile - Catasto Fabbricati."
"visura-storica","PI","MONTOPOLI IN VAL D'ARNO","4","305","","F","","analitica","","","PVP sales 1 (1415741); Storica Analitica visura per immobile - Catasto Fabbricati."
"visura-storica","PI","MONTOPOLI IN VAL D'ARNO","4","305","","T","","analitica","","","PVP sales 1 (1415741); Storica Analitica visura per immobile - Catasto Terreni."
"visura-storica","PI","MONTOPOLI IN VAL D'ARNO","4","57","29","F","","analitica","","","PVP sales 1 (4246257); Storica Analitica visura per immobile - Catasto Fabbricati."
"visura-storica","PI","MONTOPOLI IN VAL D'ARNO","4","57","47","F","","analitica","","","PVP sales 1 (4246257); Storica Analitica visura per immobile - Catasto Fabbricati."
"visura-storica","PI","PALAIA","14","82","4","F","","analitica","","","PVP sales 1 (4398564); Storica Analitica visura per immobile - Catasto Fabbricati."
"visura-storica","PI","PALAIA","14","82","5","F","","analitica","","","PVP sales 3 (4398564,4498739,4547703); Storica Analitica visura per immobile - Catasto Fabbricati."
"visura-storica","PI","PALAIA","14","82","6","F","","analitica","","","PVP sales 3 (4398483,4498702,4547673); Storica Analitica visura per immobile - Catasto Fabbricati."
"visura-storica","PI","PALAIA","14","82","7","F","","analitica","","","PVP sales 3 (4398547,4498717,4547695); Storica Analitica visura per immobile - Catasto Fabbricati."
"visura-storica","PI","PALAIA","14","82","8","F","","analitica","","","PVP sales 3 (4398542,4498727,4547711); Storica Analitica visura per immobile - Catasto Fabbricati."
"visura-storica","PI","PALAIA","14","82","9","F","","analitica","","","PVP sales 3 (4398562,4498726,4547699); Storica Analitica visura per immobile - Catasto Fabbricati."
"visura-storica","PI","PALAIA","17","211","1","F","","analitica","","","PVP sales 1 (2117171); Storica Analitica visura per immobile - Catasto Fabbricati."
"visura-storica","PI","PALAIA","17","211","2","F","","analitica","","","PVP sales 1 (2117171); Storica Analitica visura per immobile - Catasto Fabbricati."
"visura-storica","PI","PALAIA","17","83","134","F","","analitica","","","PVP sales 1 (2117171); Storica Analitica visura per immobile - Catasto Fabbricati."
"visura-storica","PI","PALAIA","23","219","","F","","analitica","","","PVP sales 3 (4426096,4488186,4526692); Storica Analitica visura per immobile - Catasto Fabbricati."
"visura-storica","PI","PALAIA","23","219","","T","","analitica","","","PVP sales 3 (4426096,4488186,4526692); Storica Analitica visura per immobile - Catasto Terreni."
"visura-storica","PI","PALAIA","34","109","","F","","analitica","","","PVP sales 1 (621740); Storica Analitica visura per immobile - Catasto Fabbricati."
"visura-storica","PI","PALAIA","34","109","","T","","analitica","","","PVP sales 1 (621740); Storica Analitica visura per immobile - Catasto Terreni."
"visura-storica","PI","PALAIA","34","13","","F","","analitica","","","PVP sales 1 (621740); Storica Analitica visura per immobile - Catasto Fabbricati."
"visura-storica","PI","PALAIA","34","13","","T","","analitica","","","PVP sales 1 (621740); Storica Analitica visura per immobile - Catasto Terreni."
"visura-storica","PI","PALAIA","34","15","","F","","analitica","","","PVP sales 1 (621740); Storica Analitica visura per immobile - Catasto Fabbricati."
"visura-storica","PI","PALAIA","34","15","","T","","analitica","","","PVP sales 1 (621740); Storica Analitica visura per immobile - Catasto Terreni."
"visura-storica","PI","PALAIA","34","37","","F","","analitica","","","PVP sales 1 (621740); Storica Analitica visura per immobile - Catasto Fabbricati."
"visura-storica","PI","PALAIA","34","37","","T","","analitica","","","PVP sales 1 (621740); Storica Analitica visura per immobile - Catasto Terreni."
"visura-storica","PI","PALAIA","34","375","","F","","analitica","","","PVP sales 1 (621740); Storica Analitica visura per immobile - Catasto Fabbricati."
"visura-storica","PI","PALAIA","34","375","","T","","analitica","","","PVP sales 1 (621740); Storica Analitica visura per immobile - Catasto Terreni."
"visura-storica","PI","PALAIA","34","376","","F","","analitica","","","PVP sales 1 (621740); Storica Analitica visura per immobile - Catasto Fabbricati."
"visura-storica","PI","PALAIA","34","376","","T","","analitica","","","PVP sales 1 (621740); Storica Analitica visura per immobile - Catasto Terreni."
"visura-storica","PI","PALAIA","34","39","","F","","analitica","","","PVP sales 1 (621740); Storica Analitica visura per immobile - Catasto Fabbricati."
"visura-storica","PI","PALAIA","34","39","","T","","analitica","","","PVP sales 1 (621740); Storica Analitica visura per immobile - Catasto Terreni."
"visura-storica","PI","PALAIA","34","486","","F","","analitica","","","PVP sales 1 (621740); Storica Analitica visura per immobile - Catasto Fabbricati."
"visura-storica","PI","PALAIA","34","486","","T","","analitica","","","PVP sales 1 (621740); Storica Analitica visura per immobile - Catasto Terreni."
"visura-storica","PI","PALAIA","34","496","","F","","analitica","","","PVP sales 1 (621740); Storica Analitica visura per immobile - Catasto Fabbricati."
"visura-storica","PI","PALAIA","34","496","","T","","analitica","","","PVP sales 1 (621740); Storica Analitica visura per immobile - Catasto Terreni."
"visura-storica","PI","PALAIA","34","496","1","F","","analitica","","","PVP sales 1 (621740); Storica Analitica visura per immobile - Catasto Fabbricati."
"visura-storica","PI","PALAIA","34","496","2","F","","analitica","","","PVP sales 1 (621740); Storica Analitica visura per immobile - Catasto Fabbricati."
"visura-storica","PI","PALAIA","34","496","3","F","","analitica","","","PVP sales 1 (621740); Storica Analitica visura per immobile - Catasto Fabbricati."
"visura-storica","PI","PALAIA","34","497","","F","","analitica","","","PVP sales 1 (621740); Storica Analitica visura per immobile - Catasto Fabbricati."
"visura-storica","PI","PALAIA","34","497","","T","","analitica","","","PVP sales 1 (621740); Storica Analitica visura per immobile - Catasto Terreni."
"visura-storica","PI","PALAIA","34","497","1","F","","analitica","","","PVP sales 1 (621740); Storica Analitica visura per immobile - Catasto Fabbricati."
"visura-storica","PI","PALAIA","34","497","2","F","","analitica","","","PVP sales 1 (621740); Storica Analitica visura per immobile - Catasto Fabbricati."
"visura-storica","PI","PALAIA","34","498","","F","","analitica","","","PVP sales 1 (621740); Storica Analitica visura per immobile - Catasto Fabbricati."
"visura-storica","PI","PALAIA","34","498","","T","","analitica","","","PVP sales 1 (621740); Storica Analitica visura per immobile - Catasto Terreni."
"visura-storica","PI","PALAIA","47","113","11","F","","analitica","","","PVP sales 1 (4460747); Storica Analitica visura per immobile - Catasto Fabbricati."
"visura-storica","PI","PALAIA","47","113","12","F","","analitica","","","PVP sales 1 (4460759); Storica Analitica visura per immobile - Catasto Fabbricati."
"visura-storica","PI","PALAIA","47","113","13","F","","analitica","","","PVP sales 1 (4460774); Storica Analitica visura per immobile - Catasto Fabbricati."
"visura-storica","PI","PALAIA","47","782","10","F","","analitica","","","PVP sales 2 (2143602,2256007); Storica Analitica visura per immobile - Catasto Fabbricati."
"visura-storica","PI","PALAIA","47","782","5","F","","analitica","","","PVP sales 2 (2143602,2256007); Storica Analitica visura per immobile - Catasto Fabbricati."
"visura-storica","PI","PALAIA","5","104","5","F","","analitica","","","PVP sales 4 (2103176,2202229,4455514,4526617); Storica Analitica visura per immobile - Catasto Fabbricati."
"visura-storica","PI","PALAIA","5","108","","F","","analitica","","","PVP sales 1 (2202245); Storica Analitica visura per immobile - Catasto Fabbricati."
"visura-storica","PI","PALAIA","5","108","","T","","analitica","","","PVP sales 3 (2103184,2202245,4248378); Storica Analitica visura per immobile - Catasto Terreni."
"visura-storica","PI","PALAIA","5","111","","F","","analitica","","","PVP sales 1 (2202245); Storica Analitica visura per immobile - Catasto Fabbricati."
"visura-storica","PI","PALAIA","5","111","","T","","analitica","","","PVP sales 3 (2103184,2202245,4248378); Storica Analitica visura per immobile - Catasto Terreni."
"visura-storica","PI","PALAIA","5","114","","F","","analitica","","","PVP sales 1 (2202245); Storica Analitica visura per immobile - Catasto Fabbricati."
"visura-storica","PI","PALAIA","5","114","","T","","analitica","","","PVP sales 3 (2103184,2202245,4248378); Storica Analitica visura per immobile - Catasto Terreni."
"visura-storica","PI","PALAIA","5","115","","F","","analitica","","","PVP sales 1 (2202245); Storica Analitica visura per immobile - Catasto Fabbricati."
"visura-storica","PI","PALAIA","5","115","","T","","analitica","","","PVP sales 3 (2103184,2202245,4248378); Storica Analitica visura per immobile - Catasto Terreni."
"visura-storica","PI","PALAIA","5","117","","T","","analitica","","","PVP sales 1 (4248378); Storica Analitica visura per immobile - Catasto Terreni."
"visura-storica","PI","PALAIA","5","117A","","F","","analitica","","","PVP sales 1 (2202245); Storica Analitica visura per immobile - Catasto Fabbricati."
"visura-storica","PI","PALAIA","5","117A","","T","","analitica","","","PVP sales 2 (2103184,2202245); Storica Analitica visura per immobile - Catasto Terreni."
"visura-storica","PI","PALAIA","5","117B","","F","","analitica","","","PVP sales 1 (2202245); Storica Analitica visura per immobile - Catasto Fabbricati."
"visura-storica","PI","PALAIA","5","117B","","T","","analitica","","","PVP sales 2 (2103184,2202245); Storica Analitica visura per immobile - Catasto Terreni."
"visura-storica","PI","PALAIA","5","119","","T","","analitica","","","PVP sales 1 (4248378); Storica Analitica visura per immobile - Catasto Terreni."
"visura-storica","PI","PALAIA","5","119A","","F","","analitica","","","PVP sales 1 (2202245); Storica Analitica visura per immobile - Catasto Fabbricati."
"visura-storica","PI","PALAIA","5","119A","","T","","analitica","","","PVP sales 2 (2103184,2202245); Storica Analitica visura per immobile - Catasto Terreni."
"visura-storica","PI","PALAIA","5","119B","","F","","analitica","","","PVP sales 1 (2202245); Storica Analitica visura per immobile - Catasto Fabbricati."
"visura-storica","PI","PALAIA","5","119B","","T","","analitica","","","PVP sales 2 (2103184,2202245); Storica Analitica visura per immobile - Catasto Terreni."
"visura-storica","PI","PALAIA","5","122","","F","","analitica","","","PVP sales 1 (2202245); Storica Analitica visura per immobile - Catasto Fabbricati."
"visura-storica","PI","PALAIA","5","122","","T","","analitica","","","PVP sales 2 (2202245,4248378); Storica Analitica visura per immobile - Catasto Terreni."
"visura-storica","PI","PALAIA","5","179","","F","","analitica","","","PVP sales 3 (2103184,2202245,4248378); Storica Analitica visura per immobile - Catasto Fabbricati."
"visura-storica","PI","PALAIA","5","179","","T","","analitica","","","PVP sales 1 (2202245); Storica Analitica visura per immobile - Catasto Terreni."
"visura-storica","PI","PALAIA","50","71","","F","","analitica","","","PVP sales 1 (290200); Storica Analitica visura per immobile - Catasto Fabbricati."
"visura-storica","PI","PALAIA","55","82","7","F","","analitica","","","PVP sales 1 (4427870); Storica Analitica visura per immobile - Catasto Fabbricati."
"visura-storica","PI","PALAIA","6","122","","T","","analitica","","","PVP sales 1 (2103184); Storica Analitica visura per immobile - Catasto Terreni."
"visura-storica","PI","PALAIA","6","91","15","F","","analitica","","","PVP sales 4 (2103123,4248104,4455489,4526594); Storica Analitica visura per immobile - Catasto Fabbricati."
"visura-storica","PI","PALAIA","6","91","18","F","","analitica","","","PVP sales 4 (2103123,4248104,4455489,4526594); Storica Analitica visura per immobile - Catasto Fabbricati."
"visura-storica","PI","PALAIA","6","91","7","F","","analitica","","","PVP sales 4 (2103123,4248104,4455489,4526594); Storica Analitica visura per immobile - Catasto Fabbricati."
"visura-storica","PI","PALAIA","62","131","2","F","","analitica","","","PVP sales 1 (4449804); Storica Analitica visura per immobile - Catasto Fabbricati."
"visura-storica","PI","PALAIA","68","185","2","F","","analitica","","","PVP sales 1 (4467883); Storica Analitica visura per immobile - Catasto Fabbricati."
"visura-storica","PI","PALAIA","68","185","5","F","","analitica","","","PVP sales 1 (4467883); Storica Analitica visura per immobile - Catasto Fabbricati."
"visura-storica","PI","PALAIA","68","76","13","F","","analitica","","","PVP sales 1 (4475277); Storica Analitica visura per immobile - Catasto Fabbricati."
"visura-storica","PI","PALAIA","68","76","7","F","","analitica","","","PVP sales 1 (4475277); Storica Analitica visura per immobile - Catasto Fabbricati."
"visura-storica","PI","PALAIA","69","127","","F","","analitica","","","PVP sales 2 (4419558,4522918); Storica Analitica visura per immobile - Catasto Fabbricati."
"visura-storica","PI","PALAIA","69","127","","T","","analitica","","","PVP sales 2 (4419558,4522918); Storica Analitica visura per immobile - Catasto Terreni."
"visura-storica","PI","PALAIA","69","128","","F","","analitica","","","PVP sales 2 (4419558,4522918); Storica Analitica visura per immobile - Catasto Fabbricati."
"visura-storica","PI","PALAIA","69","128","","T","","analitica","","","PVP sales 2 (4419558,4522918); Storica Analitica visura per immobile - Catasto Terreni."
"visura-storica","PI","PALAIA","69","129","","F","","analitica","","","PVP sales 2 (4419558,4522918); Storica Analitica visura per immobile - Catasto Fabbricati."
"visura-storica","PI","PALAIA","69","129","","T","","analitica","","","PVP sales 2 (4419558,4522918); Storica Analitica visura per immobile - Catasto Terreni."
"visura-storica","PI","PALAIA","69","130","","F","","analitica","","","PVP sales 2 (4419558,4522918); Storica Analitica visura per immobile - Catasto Fabbricati."
"visura-storica","PI","PALAIA","69","130","","T","","analitica","","","PVP sales 2 (4419558,4522918); Storica Analitica visura per immobile - Catasto Terreni."
"visura-storica","PI","PALAIA","69","131","","F","","analitica","","","PVP sales 2 (4419558,4522918); Storica Analitica visura per immobile - Catasto Fabbricati."
"visura-storica","PI","PALAIA","69","131","","T","","analitica","","","PVP sales 2 (4419558,4522918); Storica Analitica visura per immobile - Catasto Terreni."
"visura-storica","PI","PALAIA","69","132","","F","","analitica","","","PVP sales 2 (4419558,4522918); Storica Analitica visura per immobile - Catasto Fabbricati."
"visura-storica","PI","PALAIA","69","132","","T","","analitica","","","PVP sales 2 (4419558,4522918); Storica Analitica visura per immobile - Catasto Terreni."
"visura-storica","PI","PALAIA","69","133","","F","","analitica","","","PVP sales 2 (4419558,4522918); Storica Analitica visura per immobile - Catasto Fabbricati."
"visura-storica","PI","PALAIA","69","133","","T","","analitica","","","PVP sales 2 (4419558,4522918); Storica Analitica visura per immobile - Catasto Terreni."
"visura-storica","PI","PALAIA","69","241","","F","","analitica","","","PVP sales 2 (4419558,4522918); Storica Analitica visura per immobile - Catasto Fabbricati."
"visura-storica","PI","PALAIA","69","241","","T","","analitica","","","PVP sales 2 (4419558,4522918); Storica Analitica visura per immobile - Catasto Terreni."
"visura-storica","PI","PALAIA","69","265","1","F","","analitica","","","PVP sales 2 (4419558,4522918); Storica Analitica visura per immobile - Catasto Fabbricati."
"visura-storica","PI","PALAIA","81","134","","F","","analitica","","","PVP sales 2 (2122528,4218364); Storica Analitica visura per immobile - Catasto Fabbricati."
"visura-storica","PI","PALAIA","81","134","","T","","analitica","","","PVP sales 2 (2122528,4218364); Storica Analitica visura per immobile - Catasto Terreni."
"visura-storica","PI","PALAIA","81","135","","F","","analitica","","","PVP sales 2 (2122528,4218364); Storica Analitica visura per immobile - Catasto Fabbricati."
"visura-storica","PI","PALAIA","81","135","","T","","analitica","","","PVP sales 2 (2122528,4218364); Storica Analitica visura per immobile - Catasto Terreni."
"visura-storica","PI","PALAIA","81","20","","F","","analitica","","","PVP sales 2 (2122528,4218364); Storica Analitica visura per immobile - Catasto Fabbricati."
"visura-storica","PI","PALAIA","81","20","","T","","analitica","","","PVP sales 2 (2122528,4218364); Storica Analitica visura per immobile - Catasto Terreni."
"visura-storica","PI","PALAIA","81","21","","F","","analitica","","","PVP sales 2 (2122528,4218364); Storica Analitica visura per immobile - Catasto Fabbricati."
"visura-storica","PI","PALAIA","81","21","","T","","analitica","","","PVP sales 2 (2122528,4218364); Storica Analitica visura per immobile - Catasto Terreni."
"visura-storica","PI","PALAIA","81","22","","F","","analitica","","","PVP sales 2 (2122528,4218364); Storica Analitica visura per immobile - Catasto Fabbricati."
"visura-storica","PI","PALAIA","81","22","","T","","analitica","","","PVP sales 2 (2122528,4218364); Storica Analitica visura per immobile - Catasto Terreni."
"visura-storica","PI","PALAIA","81","23","","F","","analitica","","","PVP sales 2 (2122528,4218364); Storica Analitica visura per immobile - Catasto Fabbricati."
"visura-storica","PI","PALAIA","81","23","","T","","analitica","","","PVP sales 2 (2122528,4218364); Storica Analitica visura per immobile - Catasto Terreni."
"visura-storica","PI","PALAIA","81","24","","F","","analitica","","","PVP sales 2 (2122528,4218364); Storica Analitica visura per immobile - Catasto Fabbricati."
"visura-storica","PI","PALAIA","81","24","","T","","analitica","","","PVP sales 2 (2122528,4218364); Storica Analitica visura per immobile - Catasto Terreni."
"visura-storica","PI","PALAIA","81","50","","F","","analitica","","","PVP sales 2 (2122528,4218364); Storica Analitica visura per immobile - Catasto Fabbricati."
"visura-storica","PI","PALAIA","81","50","","T","","analitica","","","PVP sales 2 (2122528,4218364); Storica Analitica visura per immobile - Catasto Terreni."
"visura-storica","PI","PALAIA","81","51","","F","","analitica","","","PVP sales 2 (2122528,4218364); Storica Analitica visura per immobile - Catasto Fabbricati."
"visura-storica","PI","PALAIA","81","51","","T","","analitica","","","PVP sales 2 (2122528,4218364); Storica Analitica visura per immobile - Catasto Terreni."
"visura-storica","PI","PALAIA","81","54","","F","","analitica","","","PVP sales 2 (2122528,4218364); Storica Analitica visura per immobile - Catasto Fabbricati."
"visura-storica","PI","PALAIA","81","54","","T","","analitica","","","PVP sales 2 (2122528,4218364); Storica Analitica visura per immobile - Catasto Terreni."
"visura-storica","PI","PALAIA","81","95","","F","","analitica","","","PVP sales 2 (2122528,4218364); Storica Analitica visura per immobile - Catasto Fabbricati."
"visura-storica","PI","PALAIA","81","95","","T","","analitica","","","PVP sales 2 (2122528,4218364); Storica Analitica visura per immobile - Catasto Terreni."
"visura-storica","PI","PALAIA","81","96","","F","","analitica","","","PVP sales 2 (2122528,4218364); Storica Analitica visura per immobile - Catasto Fabbricati."
"visura-storica","PI","PALAIA","81","96","","T","","analitica","","","PVP sales 2 (2122528,4218364); Storica Analitica visura per immobile - Catasto Terreni."
"visura-storica","PI","PECCIOLI","10","514","12","F","","analitica","","","PVP sales 1 (296229); Storica Analitica visura per immobile - Catasto Fabbricati."
"visura-storica","PI","PECCIOLI","10","514","13","F","","analitica","","","PVP sales 1 (296229); Storica Analitica visura per immobile - Catasto Fabbricati."
"visura-storica","PI","PECCIOLI","24","111","1","F","","analitica","","","PVP sales 2 (4419608,4522937); Storica Analitica visura per immobile - Catasto Fabbricati."
"visura-storica","PI","PECCIOLI","24","117","","F","","analitica","","","PVP sales 1 (4419608); Storica Analitica visura per immobile - Catasto Fabbricati."
"visura-storica","PI","PECCIOLI","24","117","","T","","analitica","","","PVP sales 1 (4419608); Storica Analitica visura per immobile - Catasto Terreni."
"visura-storica","PI","PECCIOLI","24","1291","2","F","","analitica","","","PVP sales 2 (4419609,4523054); Storica Analitica visura per immobile - Catasto Fabbricati."
"visura-storica","PI","PECCIOLI","24","1291","8","F","","analitica","","","PVP sales 2 (4419609,4523054); Storica Analitica visura per immobile - Catasto Fabbricati."
"visura-storica","PI","PECCIOLI","24","466","13","F","","analitica","","","PVP sales 2 (4418005,4506975); Storica Analitica visura per immobile - Catasto Fabbricati."
"visura-storica","PI","PECCIOLI","24","466","5","F","","analitica","","","PVP sales 2 (4418005,4506975); Storica Analitica visura per immobile - Catasto Fabbricati."
"visura-storica","PI","PECCIOLI","24","502","12","F","","analitica","","","PVP sales 1 (2072800); Storica Analitica visura per immobile - Catasto Fabbricati."
"visura-storica","PI","PECCIOLI","24","502","14","F","","analitica","","","PVP sales 1 (2072800); Storica Analitica visura per immobile - Catasto Fabbricati."
"visura-storica","PI","PECCIOLI","24","785","3","F","","analitica","","","PVP sales 1 (4515385); Storica Analitica visura per immobile - Catasto Fabbricati."
"visura-storica","PI","PECCIOLI","29","106","","T","","analitica","","","PVP sales 1 (660148); Storica Analitica visura per immobile - Catasto Terreni."
"visura-storica","PI","PECCIOLI","29","115","20","F","","analitica","","","PVP sales 1 (885801); Storica Analitica visura per immobile - Catasto Fabbricati."
"visura-storica","PI","PECCIOLI","29","115","28","F","","analitica","","","PVP sales 3 (659801,660579,884211); Storica Analitica visura per immobile - Catasto Fabbricati."
"visura-storica","PI","PECCIOLI","29","115","30","F","","analitica","","","PVP sales 1 (659956); Storica Analitica visura per immobile - Catasto Fabbricati."
"visura-storica","PI","PECCIOLI","29","115","31","F","","analitica","","","PVP sales 1 (885804); Storica Analitica visura per immobile - Catasto Fabbricati."
"visura-storica","PI","PECCIOLI","29","115","34","F","","analitica","","","PVP sales 1 (885806); Storica Analitica visura per immobile - Catasto Fabbricati."
"visura-storica","PI","PECCIOLI","29","115","35","F","","analitica","","","PVP sales 1 (885819); Storica Analitica visura per immobile - Catasto Fabbricati."
"visura-storica","PI","PECCIOLI","29","115","36","F","","analitica","","","PVP sales 1 (885829); Storica Analitica visura per immobile - Catasto Fabbricati."
"visura-storica","PI","PECCIOLI","29","115","37","F","","analitica","","","PVP sales 1 (885805); Storica Analitica visura per immobile - Catasto Fabbricati."
"visura-storica","PI","PECCIOLI","29","115","38","F","","analitica","","","PVP sales 1 (885845); Storica Analitica visura per immobile - Catasto Fabbricati."
"visura-storica","PI","PECCIOLI","29","115","39","F","","analitica","","","PVP sales 1 (885848); Storica Analitica visura per immobile - Catasto Fabbricati."
"visura-storica","PI","PECCIOLI","29","115","40","F","","analitica","","","PVP sales 1 (884202); Storica Analitica visura per immobile - Catasto Fabbricati."
"visura-storica","PI","PECCIOLI","29","115","41","F","","analitica","","","PVP sales 1 (885840); Storica Analitica visura per immobile - Catasto Fabbricati."
"visura-storica","PI","PECCIOLI","29","115","49","F","","analitica","","","PVP sales 2 (884206,885826); Storica Analitica visura per immobile - Catasto Fabbricati."
"visura-storica","PI","PECCIOLI","29","115","50","F","","analitica","","","PVP sales 2 (884206,885826); Storica Analitica visura per immobile - Catasto Fabbricati."
"visura-storica","PI","PECCIOLI","29","208","10","F","","analitica","","","PVP sales 1 (885804); Storica Analitica visura per immobile - Catasto Fabbricati."
"visura-storica","PI","PECCIOLI","29","208","12","F","","analitica","","","PVP sales 1 (885806); Storica Analitica visura per immobile - Catasto Fabbricati."
"visura-storica","PI","PECCIOLI","29","208","13","F","","analitica","","","PVP sales 1 (885819); Storica Analitica visura per immobile - Catasto Fabbricati."
"visura-storica","PI","PECCIOLI","29","208","14","F","","analitica","","","PVP sales 1 (885829); Storica Analitica visura per immobile - Catasto Fabbricati."
"visura-storica","PI","PECCIOLI","29","208","15","F","","analitica","","","PVP sales 1 (885805); Storica Analitica visura per immobile - Catasto Fabbricati."
"visura-storica","PI","PECCIOLI","29","208","18","F","","analitica","","","PVP sales 1 (885845); Storica Analitica visura per immobile - Catasto Fabbricati."
"visura-storica","PI","PECCIOLI","29","208","19","F","","analitica","","","PVP sales 1 (885848); Storica Analitica visura per immobile - Catasto Fabbricati."
"visura-storica","PI","PECCIOLI","29","208","20","F","","analitica","","","PVP sales 1 (884202); Storica Analitica visura per immobile - Catasto Fabbricati."
"visura-storica","PI","PECCIOLI","29","208","21","F","","analitica","","","PVP sales 1 (885840); Storica Analitica visura per immobile - Catasto Fabbricati."
"visura-storica","PI","PECCIOLI","29","208","24","F","","analitica","","","PVP sales 2 (884206,885826); Storica Analitica visura per immobile - Catasto Fabbricati."
"visura-storica","PI","PECCIOLI","29","208","26","F","","analitica","","","PVP sales 1 (885831); Storica Analitica visura per immobile - Catasto Fabbricati."
"visura-storica","PI","PECCIOLI","29","208","27","F","","analitica","","","PVP sales 1 (885836); Storica Analitica visura per immobile - Catasto Fabbricati."
"visura-storica","PI","PECCIOLI","29","208","28","F","","analitica","","","PVP sales 1 (884210); Storica Analitica visura per immobile - Catasto Fabbricati."
"visura-storica","PI","PECCIOLI","29","208","8","F","","analitica","","","PVP sales 3 (659801,660579,884211); Storica Analitica visura per immobile - Catasto Fabbricati."
"visura-storica","PI","PECCIOLI","29","208","9","F","","analitica","","","PVP sales 2 (659956,885801); Storica Analitica visura per immobile - Catasto Fabbricati."
"visura-storica","PI","PECCIOLI","29","98","","T","","analitica","","","PVP sales 1 (660148); Storica Analitica visura per immobile - Catasto Terreni."
"visura-storica","PI","PECCIOLI","37","564","","T","","analitica","","","PVP sales 1 (4430456); Storica Analitica visura per immobile - Catasto Terreni."
"visura-storica","PI","PECCIOLI","37","566","","T","","analitica","","","PVP sales 1 (4430456); Storica Analitica visura per immobile - Catasto Terreni."
"visura-storica","PI","PECCIOLI","37","567","","T","","analitica","","","PVP sales 1 (4430456); Storica Analitica visura per immobile - Catasto Terreni."
"visura-storica","PI","PECCIOLI","37","569","","T","","analitica","","","PVP sales 1 (4430456); Storica Analitica visura per immobile - Catasto Terreni."
"visura-storica","PI","PECCIOLI","37","571","","T","","analitica","","","PVP sales 1 (4430456); Storica Analitica visura per immobile - Catasto Terreni."
"visura-storica","PI","PECCIOLI","38","11","1","F","","analitica","","","PVP sales 1 (4430456); Storica Analitica visura per immobile - Catasto Fabbricati."
"visura-storica","PI","PECCIOLI","38","11","2","F","","analitica","","","PVP sales 1 (4430457); Storica Analitica visura per immobile - Catasto Fabbricati."
"visura-storica","PI","PECCIOLI","38","13","","T","","analitica","","","PVP sales 1 (4430457); Storica Analitica visura per immobile - Catasto Terreni."
"visura-storica","PI","PECCIOLI","38","254","","T","","analitica","","","PVP sales 1 (4430457); Storica Analitica visura per immobile - Catasto Terreni."
"visura-storica","PI","PECCIOLI","38","256","","T","","analitica","","","PVP sales 1 (4430457); Storica Analitica visura per immobile - Catasto Terreni."
"visura-storica","PI","PECCIOLI","38","259","","T","","analitica","","","PVP sales 1 (4430457); Storica Analitica visura per immobile - Catasto Terreni."
"visura-storica","PI","PECCIOLI","38","261","","T","","analitica","","","PVP sales 1 (4430457); Storica Analitica visura per immobile - Catasto Terreni."
"visura-storica","PI","PECCIOLI","48","156","1","F","","analitica","","","PVP sales 1 (559515); Storica Analitica visura per immobile - Catasto Fabbricati."
"visura-storica","PI","PECCIOLI","48","156","5","F","","analitica","","","PVP sales 1 (559515); Storica Analitica visura per immobile - Catasto Fabbricati."
"visura-storica","PI","PECCIOLI","71","250","7","F","","analitica","","","PVP sales 1 (4416260); Storica Analitica visura per immobile - Catasto Fabbricati."
"visura-storica","PI","PECCIOLI","71","250","8","F","","analitica","","","PVP sales 1 (4416260); Storica Analitica visura per immobile - Catasto Fabbricati."
"visura-storica","PI","PECCIOLI","75","50","5","F","","analitica","","","PVP sales 1 (220265); Storica Analitica visura per immobile - Catasto Fabbricati."
"visura-storica","PI","PECCIOLI","9","409","20","F","","analitica","","","PVP sales 1 (4482350); Storica Analitica visura per immobile - Catasto Fabbricati."
"visura-storica","PI","PECCIOLI","29","115","49","F","","analitica","C1","","PVP sales 1 (660021); Storica Analitica visura per immobile - Catasto Fabbricati."
"visura-storica","PI","PECCIOLI","29","208","24","F","","analitica","C6","","PVP sales 1 (660021); Storica Analitica visura per immobile - Catasto Fabbricati."
"visura-storica","PI","PECCIOLI","29","208","25","F","","analitica","C6","","PVP sales 1 (660023); Storica Analitica visura per immobile - Catasto Fabbricati."
"visura-storica","PI","PECCIOLI","29","208","26","F","","analitica","C6","","PVP sales 1 (660147); Storica Analitica visura per immobile - Catasto Fabbricati."
"visura-storica","PI","PECCIOLI","29","208","27","F","","analitica","C6","","PVP sales 1 (660150); Storica Analitica visura per immobile - Catasto Fabbricati."
"visura-storica","PI","PECCIOLI","29","208","28","F","","analitica","C6","","PVP sales 1 (660600); Storica Analitica visura per immobile - Catasto Fabbricati."
"visura-storica","PI","PECCIOLI","29","115","50","F","","analitica","P1","","PVP sales 1 (660021); Storica Analitica visura per immobile - Catasto Fabbricati."
"visura-storica","PI","PISA","104","170","7","F","","analitica","","","PVP sales 1 (2243950); Storica Analitica visura per immobile - Catasto Fabbricati."
"visura-storica","PI","PISA","104","7","","F","","analitica","","","PVP sales 3 (646607,797817,949360); Storica Analitica visura per immobile - Catasto Fabbricati."
"visura-storica","PI","PISA","104","7","","T","","analitica","","","PVP sales 3 (646607,797817,949360); Storica Analitica visura per immobile - Catasto Terreni."
"visura-storica","PI","PISA","104","8","317","F","","analitica","","","PVP sales 2 (4391341,4456382); Storica Analitica visura per immobile - Catasto Fabbricati."
"visura-storica","PI","PISA","104","8","370","F","","analitica","","","PVP sales 2 (4391341,4456382); Storica Analitica visura per immobile - Catasto Fabbricati."
"visura-storica","PI","PISA","104","9","327","F","","analitica","","","PVP sales 1 (2210784); Storica Analitica visura per immobile - Catasto Fabbricati."
"visura-storica","PI","PISA","104","9","333","F","","analitica","","","PVP sales 1 (2210784); Storica Analitica visura per immobile - Catasto Fabbricati."
"visura-storica","PI","PISA","113","9","122","F","","analitica","","","PVP sales 1 (524598); Storica Analitica visura per immobile - Catasto Fabbricati."
"visura-storica","PI","PISA","113","9","170","F","","analitica","","","PVP sales 1 (524598); Storica Analitica visura per immobile - Catasto Fabbricati."
"visura-storica","PI","PISA","113","9","192","F","","analitica","","","PVP sales 1 (4417117); Storica Analitica visura per immobile - Catasto Fabbricati."
"visura-storica","PI","PISA","113","9","193","F","","analitica","","","PVP sales 1 (4417117); Storica Analitica visura per immobile - Catasto Fabbricati."
"visura-storica","PI","PISA","113","9","73","F","","analitica","","","PVP sales 1 (4417117); Storica Analitica visura per immobile - Catasto Fabbricati."
"visura-storica","PI","PISA","113","9","75","F","","analitica","","","PVP sales 1 (524598); Storica Analitica visura per immobile - Catasto Fabbricati."
"visura-storica","PI","PISA","113","9","93","F","","analitica","","","PVP sales 1 (4417117); Storica Analitica visura per immobile - Catasto Fabbricati."
"visura-storica","PI","PISA","116","80","","F","","analitica","","","PVP sales 1 (4222125); Storica Analitica visura per immobile - Catasto Fabbricati."
"visura-storica","PI","PISA","116","80","","T","","analitica","","","PVP sales 1 (4222125); Storica Analitica visura per immobile - Catasto Terreni."
"visura-storica","PI","PISA","117","162","32","F","","analitica","","","PVP sales 2 (4222018,4222125); Storica Analitica visura per immobile - Catasto Fabbricati."
"visura-storica","PI","PISA","120","319","18","F","","analitica","","","PVP sales 1 (401760); Storica Analitica visura per immobile - Catasto Fabbricati."
"visura-storica","PI","PISA","120","320","18","F","","analitica","","","PVP sales 1 (401760); Storica Analitica visura per immobile - Catasto Fabbricati."
"visura-storica","PI","PISA","121","361","23","F","","analitica","","","PVP sales 1 (4547585); Storica Analitica visura per immobile - Catasto Fabbricati."
"visura-storica","PI","PISA","124","111","11","F","","analitica","","","PVP sales 1 (4456181); Storica Analitica visura per immobile - Catasto Fabbricati."
"visura-storica","PI","PISA","124","111","7","F","","analitica","","","PVP sales 1 (4456181); Storica Analitica visura per immobile - Catasto Fabbricati."
"visura-storica","PI","PISA","124","255","27","F","","analitica","","","PVP sales 2 (1695753,1807022); Storica Analitica visura per immobile - Catasto Fabbricati."
"visura-storica","PI","PISA","124","404","5","F","","analitica","","","PVP sales 2 (4404646,4474599); Storica Analitica visura per immobile - Catasto Fabbricati."
"visura-storica","PI","PISA","124","415","13","F","","analitica","","","PVP sales 7 (624536,1605219,1869074,2038324,2167446 +2 more); Storica Analitica visura per immobile - Catasto Fabbricati."
"visura-storica","PI","PISA","124","415","23","F","","analitica","","","PVP sales 7 (624536,1605219,1869074,2038324,2167446 +2 more); Storica Analitica visura per immobile - Catasto Fabbricati."
"visura-storica","PI","PISA","124","415","24","F","","analitica","","","PVP sales 2 (623467,1605272); Storica Analitica visura per immobile - Catasto Fabbricati."
"visura-storica","PI","PISA","124","415","34","F","","analitica","","","PVP sales 7 (624536,1605219,1869074,2038324,2167446 +2 more); Storica Analitica visura per immobile - Catasto Fabbricati."
"visura-storica","PI","PISA","124","415","35","F","","analitica","","","PVP sales 7 (624536,1605219,1869074,2038324,2167446 +2 more); Storica Analitica visura per immobile - Catasto Fabbricati."
"visura-storica","PI","PISA","124","578","156","F","","analitica","","","PVP sales 1 (325475); Storica Analitica visura per immobile - Catasto Fabbricati."
"visura-storica","PI","PISA","125","255","51","F","","analitica","","","PVP sales 2 (402723,550528); Storica Analitica visura per immobile - Catasto Fabbricati."
"visura-storica","PI","PISA","125","255","71","F","","analitica","","","PVP sales 2 (402723,550528); Storica Analitica visura per immobile - Catasto Fabbricati."
"visura-storica","PI","PISA","125","28","8","F","","analitica","","","PVP sales 1 (2037364); Storica Analitica visura per immobile - Catasto Fabbricati."
"visura-storica","PI","PISA","126","318","108","F","","analitica","","","PVP sales 1 (402008); Storica Analitica visura per immobile - Catasto Fabbricati."
"visura-storica","PI","PISA","126","318","43","F","","analitica","","","PVP sales 1 (402008); Storica Analitica visura per immobile - Catasto Fabbricati."
"visura-storica","PI","PISA","13","1203","10","F","","analitica","","","PVP sales 1 (1936442); Storica Analitica visura per immobile - Catasto Fabbricati."
"visura-storica","PI","PISA","13","1203","2","F","","analitica","","","PVP sales 1 (4283028); Storica Analitica visura per immobile - Catasto Fabbricati."
"visura-storica","PI","PISA","13","1203","4","F","","analitica","","","PVP sales 1 (4283028); Storica Analitica visura per immobile - Catasto Fabbricati."
"visura-storica","PI","PISA","13","1203","8","F","","analitica","","","PVP sales 1 (1936442); Storica Analitica visura per immobile - Catasto Fabbricati."
"visura-storica","PI","PISA","13","1203","9","F","","analitica","","","PVP sales 1 (1936442); Storica Analitica visura per immobile - Catasto Fabbricati."
"visura-storica","PI","PISA","13","308","3","F","","analitica","","","PVP sales 1 (878185); Storica Analitica visura per immobile - Catasto Fabbricati."
"visura-storica","PI","PISA","15","24","5","F","","analitica","","","PVP sales 1 (4211460); Storica Analitica visura per immobile - Catasto Fabbricati."
"visura-storica","PI","PISA","15","596","2","F","","analitica","","","PVP sales 1 (4211460); Storica Analitica visura per immobile - Catasto Fabbricati."
"visura-storica","PI","PISA","17","59","15","F","","analitica","","","PVP sales 3 (4411057,4477966,4528752); Storica Analitica visura per immobile - Catasto Fabbricati."
"visura-storica","PI","PISA","18","403","10","F","","analitica","","","PVP sales 1 (2244195); Storica Analitica visura per immobile - Catasto Fabbricati."
"visura-storica","PI","PISA","19","1184","","F","","analitica","","","PVP sales 4 (4379232,4458138,4503304,4550379); Storica Analitica visura per immobile - Catasto Fabbricati."
"visura-storica","PI","PISA","19","1184","","T","","analitica","","","PVP sales 4 (4379232,4458138,4503304,4550379); Storica Analitica visura per immobile - Catasto Terreni."
"visura-storica","PI","PISA","19","403","11","F","","analitica","","","PVP sales 1 (4475953); Storica Analitica visura per immobile - Catasto Fabbricati."
"visura-storica","PI","PISA","19","403","23","F","","analitica","","","PVP sales 1 (4475953); Storica Analitica visura per immobile - Catasto Fabbricati."
"visura-storica","PI","PISA","19","55","6","F","","analitica","","","PVP sales 1 (4442986); Storica Analitica visura per immobile - Catasto Fabbricati."
"visura-storica","PI","PISA","19","801","","F","","analitica","","","PVP sales 4 (4379232,4458138,4503304,4550379); Storica Analitica visura per immobile - Catasto Fabbricati."
"visura-storica","PI","PISA","19","801","","T","","analitica","","","PVP sales 4 (4379232,4458138,4503304,4550379); Storica Analitica visura per immobile - Catasto Terreni."
"visura-storica","PI","PISA","20","1908","","F","","analitica","","","PVP sales 1 (4520323); Storica Analitica visura per immobile - Catasto Fabbricati."
"visura-storica","PI","PISA","20","1908","","T","","analitica","","","PVP sales 1 (4520323); Storica Analitica visura per immobile - Catasto Terreni."
"visura-storica","PI","PISA","20","340","24","F","","analitica","","","PVP sales 1 (4444678); Storica Analitica visura per immobile - Catasto Fabbricati."
"visura-storica","PI","PISA","25","324","","F","","analitica","","","PVP sales 1 (478498); Storica Analitica visura per immobile - Catasto Fabbricati."
"visura-storica","PI","PISA","25","324","","T","","analitica","","","PVP sales 1 (478498); Storica Analitica visura per immobile - Catasto Terreni."
"visura-storica","PI","PISA","25","324","1","F","","analitica","","","PVP sales 2 (304042,1471899); Storica Analitica visura per immobile - Catasto Fabbricati."
"visura-storica","PI","PISA","25","324","13","F","","analitica","","","PVP sales 2 (304042,1471899); Storica Analitica visura per immobile - Catasto Fabbricati."
"visura-storica","PI","PISA","26","32","1","F","","analitica","","","PVP sales 1 (895753); Storica Analitica visura per immobile - Catasto Fabbricati."
"visura-storica","PI","PISA","26","32","3","F","","analitica","","","PVP sales 1 (895753); Storica Analitica visura per immobile - Catasto Fabbricati."
"visura-storica","PI","PISA","26","32","4","F","","analitica","","","PVP sales 1 (895753); Storica Analitica visura per immobile - Catasto Fabbricati."
"visura-storica","PI","PISA","26","61","10","F","","analitica","","","PVP sales 1 (4479369); Storica Analitica visura per immobile - Catasto Fabbricati."
"visura-storica","PI","PISA","28","91","","F","","analitica","","","PVP sales 1 (248193); Storica Analitica visura per immobile - Catasto Fabbricati."
"visura-storica","PI","PISA","28","91","","T","","analitica","","","PVP sales 1 (248193); Storica Analitica visura per immobile - Catasto Terreni."
"visura-storica","PI","PISA","29","1006","304","F","","analitica","","","PVP sales 1 (4218371); Storica Analitica visura per immobile - Catasto Fabbricati."
"visura-storica","PI","PISA","30","61","95","F","","analitica","","","PVP sales 1 (4537048); Storica Analitica visura per immobile - Catasto Fabbricati."
"visura-storica","PI","PISA","30","61","97","F","","analitica","","","PVP sales 1 (4537055); Storica Analitica visura per immobile - Catasto Fabbricati."
"visura-storica","PI","PISA","32","57","1","F","","analitica","","","PVP sales 1 (4251588); Storica Analitica visura per immobile - Catasto Fabbricati."
"visura-storica","PI","PISA","34","1202","16","F","","analitica","","","PVP sales 1 (2248680); Storica Analitica visura per immobile - Catasto Fabbricati."
"visura-storica","PI","PISA","34","1202","27","F","","analitica","","","PVP sales 1 (2248680); Storica Analitica visura per immobile - Catasto Fabbricati."
"visura-storica","PI","PISA","36","103","19","F","","analitica","","","PVP sales 1 (4550754); Storica Analitica visura per immobile - Catasto Fabbricati."
"visura-storica","PI","PISA","37","281","","F","","analitica","","","PVP sales 1 (4564999); Storica Analitica visura per immobile - Catasto Fabbricati."
"visura-storica","PI","PISA","37","5","2","F","","analitica","","","PVP sales 1 (4564999); Storica Analitica visura per immobile - Catasto Fabbricati."
"visura-storica","PI","PISA","38","37","12","F","","analitica","","","PVP sales 1 (4515773); Storica Analitica visura per immobile - Catasto Fabbricati."
"visura-storica","PI","PISA","38","37","13","F","","analitica","","","PVP sales 1 (4515791); Storica Analitica visura per immobile - Catasto Fabbricati."
"visura-storica","PI","PISA","38","37","14","F","","analitica","","","PVP sales 1 (4515788); Storica Analitica visura per immobile - Catasto Fabbricati."
"visura-storica","PI","PISA","39","333","10","F","","analitica","","","PVP sales 1 (2251661); Storica Analitica visura per immobile - Catasto Fabbricati."
"visura-storica","PI","PISA","43","272","2","F","","analitica","","","PVP sales 2 (431009,622483); Storica Analitica visura per immobile - Catasto Fabbricati."
"visura-storica","PI","PISA","43","272","3","F","","analitica","","","PVP sales 2 (431009,622483); Storica Analitica visura per immobile - Catasto Fabbricati."
"visura-storica","PI","PISA","45","1518","124","F","","analitica","","","PVP sales 1 (1880460); Storica Analitica visura per immobile - Catasto Fabbricati."
"visura-storica","PI","PISA","45","1518","140","F","","analitica","","","PVP sales 1 (1880460); Storica Analitica visura per immobile - Catasto Fabbricati."
"visura-storica","PI","PISA","46","1969","1","F","","analitica","","","PVP sales 1 (4515366); Storica Analitica visura per immobile - Catasto Fabbricati."
"visura-storica","PI","PISA","46","1969","2","F","","analitica","","","PVP sales 1 (4515366); Storica Analitica visura per immobile - Catasto Fabbricati."
"visura-storica","PI","PISA","46","2527","133","F","","analitica","","","PVP sales 1 (4561143); Storica Analitica visura per immobile - Catasto Fabbricati."
"visura-storica","PI","PISA","46","2527","137","F","","analitica","","","PVP sales 1 (4561143); Storica Analitica visura per immobile - Catasto Fabbricati."
"visura-storica","PI","PISA","47","1432","","F","","analitica","","","PVP sales 1 (4260950); Storica Analitica visura per immobile - Catasto Fabbricati."
"visura-storica","PI","PISA","47","1432","","T","","analitica","","","PVP sales 1 (4260950); Storica Analitica visura per immobile - Catasto Terreni."
"visura-storica","PI","PISA","47","193","","F","","analitica","","","PVP sales 1 (4260950); Storica Analitica visura per immobile - Catasto Fabbricati."
"visura-storica","PI","PISA","47","193","","T","","analitica","","","PVP sales 1 (4260950); Storica Analitica visura per immobile - Catasto Terreni."
"visura-storica","PI","PISA","47","194","","F","","analitica","","","PVP sales 1 (4260950); Storica Analitica visura per immobile - Catasto Fabbricati."
"visura-storica","PI","PISA","47","194","","T","","analitica","","","PVP sales 1 (4260950); Storica Analitica visura per immobile - Catasto Terreni."
"visura-storica","PI","PISA","47","851","19","F","","analitica","","","PVP sales 1 (4526041); Storica Analitica visura per immobile - Catasto Fabbricati."
"visura-storica","PI","PISA","48","148","3","F","","analitica","","","PVP sales 1 (297242); Storica Analitica visura per immobile - Catasto Fabbricati."
"visura-storica","PI","PISA","48","149","","F","","analitica","","","PVP sales 1 (4547366); Storica Analitica visura per immobile - Catasto Fabbricati."
"visura-storica","PI","PISA","48","149","","T","","analitica","","","PVP sales 1 (4547366); Storica Analitica visura per immobile - Catasto Terreni."
"visura-storica","PI","PISA","48","7","123","F","","analitica","","","PVP sales 1 (4284109); Storica Analitica visura per immobile - Catasto Fabbricati."
"visura-storica","PI","PISA","48","7","128","F","","analitica","","","PVP sales 1 (4284109); Storica Analitica visura per immobile - Catasto Fabbricati."
"visura-storica","PI","PISA","49","241","288","F","","analitica","","","PVP sales 1 (4508803); Storica Analitica visura per immobile - Catasto Fabbricati."
"visura-storica","PI","PISA","49","241","338","F","","analitica","","","PVP sales 1 (4508803); Storica Analitica visura per immobile - Catasto Fabbricati."
"visura-storica","PI","PISA","49","293","5","F","","analitica","","","PVP sales 2 (4356466,4465532); Storica Analitica visura per immobile - Catasto Fabbricati."
"visura-storica","PI","PISA","49","31","4","F","","analitica","","","PVP sales 1 (304410); Storica Analitica visura per immobile - Catasto Fabbricati."
"visura-storica","PI","PISA","49","331","29","F","","analitica","","","PVP sales 2 (2155059,2251661); Storica Analitica visura per immobile - Catasto Fabbricati."
"visura-storica","PI","PISA","49","331","32","F","","analitica","","","PVP sales 2 (2155059,2251661); Storica Analitica visura per immobile - Catasto Fabbricati."
"visura-storica","PI","PISA","49","333","10","F","","analitica","","","PVP sales 1 (2155059); Storica Analitica visura per immobile - Catasto Fabbricati."
"visura-storica","PI","PISA","49","333","13","F","","analitica","","","PVP sales 2 (2155059,2251661); Storica Analitica visura per immobile - Catasto Fabbricati."
"visura-storica","PI","PISA","49","48","","F","","analitica","","","PVP sales 1 (304410); Storica Analitica visura per immobile - Catasto Fabbricati."
"visura-storica","PI","PISA","49","48","","T","","analitica","","","PVP sales 1 (304410); Storica Analitica visura per immobile - Catasto Terreni."
"visura-storica","PI","PISA","49","960","10","F","","analitica","","","PVP sales 3 (1749235,1874546,1965519); Storica Analitica visura per immobile - Catasto Fabbricati."
"visura-storica","PI","PISA","5","43","2","F","","analitica","","","PVP sales 1 (2128092); Storica Analitica visura per immobile - Catasto Fabbricati."
"visura-storica","PI","PISA","5","43","4","F","","analitica","","","PVP sales 1 (2128092); Storica Analitica visura per immobile - Catasto Fabbricati."
"visura-storica","PI","PISA","53","343","3","F","","analitica","","","PVP sales 1 (2260523); Storica Analitica visura per immobile - Catasto Fabbricati."
"visura-storica","PI","PISA","53","343","8","F","","analitica","","","PVP sales 1 (2260523); Storica Analitica visura per immobile - Catasto Fabbricati."
"visura-storica","PI","PISA","53","532","","F","","analitica","","","PVP sales 1 (2260523); Storica Analitica visura per immobile - Catasto Fabbricati."
"visura-storica","PI","PISA","53","532","","T","","analitica","","","PVP sales 1 (2260523); Storica Analitica visura per immobile - Catasto Terreni."
"visura-storica","PI","PISA","53","55","","F","","analitica","","","PVP sales 1 (2260523); Storica Analitica visura per immobile - Catasto Fabbricati."
"visura-storica","PI","PISA","53","55","","T","","analitica","","","PVP sales 1 (2260523); Storica Analitica visura per immobile - Catasto Terreni."
"visura-storica","PI","PISA","57","341","23","F","","analitica","","","PVP sales 1 (1749206); Storica Analitica visura per immobile - Catasto Fabbricati."
"visura-storica","PI","PISA","58","36","24","F","","analitica","","","PVP sales 1 (2226153); Storica Analitica visura per immobile - Catasto Fabbricati."
"visura-storica","PI","PISA","58","36","29","F","","analitica","","","PVP sales 1 (2226153); Storica Analitica visura per immobile - Catasto Fabbricati."
"visura-storica","PI","PISA","58","36","30","F","","analitica","","","PVP sales 1 (2226153); Storica Analitica visura per immobile - Catasto Fabbricati."
"visura-storica","PI","PISA","59","105","","F","","analitica","","","PVP sales 1 (514582); Storica Analitica visura per immobile - Catasto Fabbricati."
"visura-storica","PI","PISA","59","105","","T","","analitica","","","PVP sales 1 (514582); Storica Analitica visura per immobile - Catasto Terreni."
"visura-storica","PI","PISA","59","105","11","F","","analitica","","","PVP sales 1 (855547); Storica Analitica visura per immobile - Catasto Fabbricati."
"visura-storica","PI","PISA","59","105","8","F","","analitica","","","PVP sales 1 (855547); Storica Analitica visura per immobile - Catasto Fabbricati."
"visura-storica","PI","PISA","6","97","","F","","analitica","","","PVP sales 1 (2243218); Storica Analitica visura per immobile - Catasto Fabbricati."
"visura-storica","PI","PISA","6","97","","T","","analitica","","","PVP sales 1 (2243218); Storica Analitica visura per immobile - Catasto Terreni."
"visura-storica","PI","PISA","60","707","","F","","analitica","","","PVP sales 1 (4514659); Storica Analitica visura per immobile - Catasto Fabbricati."
"visura-storica","PI","PISA","61","238","","F","","analitica","","","PVP sales 2 (4406740,4531436); Storica Analitica visura per immobile - Catasto Fabbricati."
"visura-storica","PI","PISA","61","238","","T","","analitica","","","PVP sales 2 (4406740,4531436); Storica Analitica visura per immobile - Catasto Terreni."
"visura-storica","PI","PISA","61","241","","F","","analitica","","","PVP sales 1 (4531436); Storica Analitica visura per immobile - Catasto Fabbricati."
"visura-storica","PI","PISA","61","241","","T","","analitica","","","PVP sales 1 (4531436); Storica Analitica visura per immobile - Catasto Terreni."
"visura-storica","PI","PISA","61","242","","F","","analitica","","","PVP sales 1 (4531436); Storica Analitica visura per immobile - Catasto Fabbricati."
"visura-storica","PI","PISA","61","242","","T","","analitica","","","PVP sales 1 (4531436); Storica Analitica visura per immobile - Catasto Terreni."
"visura-storica","PI","PISA","61","264","","F","","analitica","","","PVP sales 1 (4531436); Storica Analitica visura per immobile - Catasto Fabbricati."
"visura-storica","PI","PISA","61","264","","T","","analitica","","","PVP sales 1 (4531436); Storica Analitica visura per immobile - Catasto Terreni."
"visura-storica","PI","PISA","64","20","","F","","analitica","","","PVP sales 1 (4409107); Storica Analitica visura per immobile - Catasto Fabbricati."
"visura-storica","PI","PISA","64","20","","T","","analitica","","","PVP sales 1 (4409107); Storica Analitica visura per immobile - Catasto Terreni."
"visura-storica","PI","PISA","65","60","8","F","","analitica","","","PVP sales 1 (747071); Storica Analitica visura per immobile - Catasto Fabbricati."
"visura-storica","PI","PISA","67","50","1","F","","analitica","","","PVP sales 3 (2140441,2225048,4258119); Storica Analitica visura per immobile - Catasto Fabbricati."
"visura-storica","PI","PISA","67","50","8","F","","analitica","","","PVP sales 3 (2140441,2225048,4258119); Storica Analitica visura per immobile - Catasto Fabbricati."
"visura-storica","PI","PISA","8","193","7","F","","analitica","","","PVP sales 1 (449518); Storica Analitica visura per immobile - Catasto Fabbricati."
"visura-storica","PI","PISA","8","240","1","F","","analitica","","","PVP sales 1 (211303); Storica Analitica visura per immobile - Catasto Fabbricati."
"visura-storica","PI","PISA","8","240","2","F","","analitica","","","PVP sales 1 (211303); Storica Analitica visura per immobile - Catasto Fabbricati."
"visura-storica","PI","PISA","8","26","21","F","","analitica","","","PVP sales 1 (2152062); Storica Analitica visura per immobile - Catasto Fabbricati."
"visura-storica","PI","PISA","8","26","22","F","","analitica","","","PVP sales 1 (2152062); Storica Analitica visura per immobile - Catasto Fabbricati."
"visura-storica","PI","PISA","8","26","24","F","","analitica","","","PVP sales 1 (2152062); Storica Analitica visura per immobile - Catasto Fabbricati."
"visura-storica","PI","PISA","82","661","1","F","","analitica","","","PVP sales 1 (4414040); Storica Analitica visura per immobile - Catasto Fabbricati."
"visura-storica","PI","PISA","82","661","2","F","","analitica","","","PVP sales 1 (4246762); Storica Analitica visura per immobile - Catasto Fabbricati."
"visura-storica","PI","PISA","82","663","","F","","analitica","","","PVP sales 1 (4414040); Storica Analitica visura per immobile - Catasto Fabbricati."
"visura-storica","PI","PISA","82","663","","T","","analitica","","","PVP sales 1 (4414040); Storica Analitica visura per immobile - Catasto Terreni."
"visura-storica","PI","PISA","83","118","","F","","analitica","","","PVP sales 1 (4490476); Storica Analitica visura per immobile - Catasto Fabbricati."
"visura-storica","PI","PISA","83","118","","T","","analitica","","","PVP sales 1 (4490476); Storica Analitica visura per immobile - Catasto Terreni."
"visura-storica","PI","PISA","83","159","1","F","","analitica","","","PVP sales 1 (825920); Storica Analitica visura per immobile - Catasto Fabbricati."
"visura-storica","PI","PISA","83","344","","F","","analitica","","","PVP sales 1 (825920); Storica Analitica visura per immobile - Catasto Fabbricati."
"visura-storica","PI","PISA","83","344","","T","","analitica","","","PVP sales 1 (825920); Storica Analitica visura per immobile - Catasto Terreni."
"visura-storica","PI","PISA","83","346","","F","","analitica","","","PVP sales 1 (825920); Storica Analitica visura per immobile - Catasto Fabbricati."
"visura-storica","PI","PISA","83","346","","T","","analitica","","","PVP sales 1 (825920); Storica Analitica visura per immobile - Catasto Terreni."
"visura-storica","PI","PISA","83","461","34","F","","analitica","","","PVP sales 2 (907899,944004); Storica Analitica visura per immobile - Catasto Fabbricati."
"visura-storica","PI","PISA","83","461","36","F","","analitica","","","PVP sales 2 (907961,944014); Storica Analitica visura per immobile - Catasto Fabbricati."
"visura-storica","PI","PISA","83","461","37","F","","analitica","","","PVP sales 1 (944850); Storica Analitica visura per immobile - Catasto Fabbricati."
"visura-storica","PI","PISA","83","461","38","F","","analitica","","","PVP sales 2 (907997,944857); Storica Analitica visura per immobile - Catasto Fabbricati."
"visura-storica","PI","PISA","83","461","39","F","","analitica","","","PVP sales 2 (908117,944032); Storica Analitica visura per immobile - Catasto Fabbricati."
"visura-storica","PI","PISA","83","461","41","F","","analitica","","","PVP sales 2 (908129,944042); Storica Analitica visura per immobile - Catasto Fabbricati."
"visura-storica","PI","PISA","83","480","","F","","analitica","","","PVP sales 2 (429668,982913); Storica Analitica visura per immobile - Catasto Fabbricati."
"visura-storica","PI","PISA","83","480","","T","","analitica","","","PVP sales 2 (429668,982913); Storica Analitica visura per immobile - Catasto Terreni."
"visura-storica","PI","PISA","84","176","","F","","analitica","","","PVP sales 1 (4403788); Storica Analitica visura per immobile - Catasto Fabbricati."
"visura-storica","PI","PISA","84","176","","T","","analitica","","","PVP sales 1 (4403788); Storica Analitica visura per immobile - Catasto Terreni."
"visura-storica","PI","PISA","84","3004","","F","","analitica","","","PVP sales 1 (389448); Storica Analitica visura per immobile - Catasto Fabbricati."
"visura-storica","PI","PISA","84","3004","","T","","analitica","","","PVP sales 1 (389448); Storica Analitica visura per immobile - Catasto Terreni."
"visura-storica","PI","PISA","84","3004","11","F","","analitica","","","PVP sales 4 (241261,389390,494592,679322); Storica Analitica visura per immobile - Catasto Fabbricati."
"visura-storica","PI","PISA","84","3004","12","F","","analitica","","","PVP sales 1 (493618); Storica Analitica visura per immobile - Catasto Fabbricati."
"visura-storica","PI","PISA","84","3004","13","F","","analitica","","","PVP sales 1 (241399); Storica Analitica visura per immobile - Catasto Fabbricati."
"visura-storica","PI","PISA","84","3004","15","F","","analitica","","","PVP sales 3 (389448,493719,679368); Storica Analitica visura per immobile - Catasto Fabbricati."
"visura-storica","PI","PISA","84","3004","24","F","","analitica","","","PVP sales 3 (388838,493618,680442); Storica Analitica visura per immobile - Catasto Fabbricati."
"visura-storica","PI","PISA","84","3004","25","F","","analitica","","","PVP sales 1 (389150); Storica Analitica visura per immobile - Catasto Fabbricati."
"visura-storica","PI","PISA","84","3004","26","F","","analitica","","","PVP sales 1 (389150); Storica Analitica visura per immobile - Catasto Fabbricati."
"visura-storica","PI","PISA","84","3004","28","F","","analitica","","","PVP sales 4 (241261,389390,494592,679322); Storica Analitica visura per immobile - Catasto Fabbricati."
"visura-storica","PI","PISA","84","3004","29","F","","analitica","","","PVP sales 2 (493719,679368); Storica Analitica visura per immobile - Catasto Fabbricati."
"visura-storica","PI","PISA","84","3004","33","F","","analitica","","","PVP sales 1 (241399); Storica Analitica visura per immobile - Catasto Fabbricati."
"visura-storica","PI","PISA","84","3004","34","F","","analitica","","","PVP sales 2 (238758,389608); Storica Analitica visura per immobile - Catasto Fabbricati."
"visura-storica","PI","PISA","84","3004","35","F","","analitica","","","PVP sales 2 (389668,494843); Storica Analitica visura per immobile - Catasto Fabbricati."
"visura-storica","PI","PISA","84","3004","38","F","","analitica","","","PVP sales 2 (389668,494843); Storica Analitica visura per immobile - Catasto Fabbricati."
"visura-storica","PI","PISA","84","3004","5","F","","analitica","","","PVP sales 1 (389150); Storica Analitica visura per immobile - Catasto Fabbricati."
"visura-storica","PI","PISA","84","3004","8","F","","analitica","","","PVP sales 2 (238758,389608); Storica Analitica visura per immobile - Catasto Fabbricati."
"visura-storica","PI","PISA","84","304","12","F","","analitica","","","PVP sales 1 (680442); Storica Analitica visura per immobile - Catasto Fabbricati."
"visura-storica","PI","PISA","85","90","12","F","","analitica","","","PVP sales 3 (2122630,2244248,4528417); Storica Analitica visura per immobile - Catasto Fabbricati."
"visura-storica","PI","PISA","85","90","13","F","","analitica","","","PVP sales 2 (2122630,2244248); Storica Analitica visura per immobile - Catasto Fabbricati."
"visura-storica","PI","PISA","85","90","14","F","","analitica","","","PVP sales 2 (2122630,2244248); Storica Analitica visura per immobile - Catasto Fabbricati."
"visura-storica","PI","PISA","85","90","15","F","","analitica","","","PVP sales 2 (2122630,2244248); Storica Analitica visura per immobile - Catasto Fabbricati."
"visura-storica","PI","PISA","85","90","16","F","","analitica","","","PVP sales 2 (2122630,2244248); Storica Analitica visura per immobile - Catasto Fabbricati."
"visura-storica","PI","PISA","85","90","17","F","","analitica","","","PVP sales 2 (2122630,2244248); Storica Analitica visura per immobile - Catasto Fabbricati."
"visura-storica","PI","PISA","85","90","18","F","","analitica","","","PVP sales 2 (2122630,2244248); Storica Analitica visura per immobile - Catasto Fabbricati."
"visura-storica","PI","PISA","85","90","19","F","","analitica","","","PVP sales 2 (2122630,2244248); Storica Analitica visura per immobile - Catasto Fabbricati."
"visura-storica","PI","PISA","85","90","20","F","","analitica","","","PVP sales 2 (2122630,2244248); Storica Analitica visura per immobile - Catasto Fabbricati."
"visura-storica","PI","PISA","85","90","21","F","","analitica","","","PVP sales 2 (2122630,2244248); Storica Analitica visura per immobile - Catasto Fabbricati."
"visura-storica","PI","PISA","85","90","22","F","","analitica","","","PVP sales 2 (2122630,2244248); Storica Analitica visura per immobile - Catasto Fabbricati."
"visura-storica","PI","PISA","85","90","23","F","","analitica","","","PVP sales 2 (2122630,2244248); Storica Analitica visura per immobile - Catasto Fabbricati."
"visura-storica","PI","PISA","85","90","24","F","","analitica","","","PVP sales 2 (2122630,2244248); Storica Analitica visura per immobile - Catasto Fabbricati."
"visura-storica","PI","PISA","85","90","25","F","","analitica","","","PVP sales 2 (2122630,2244248); Storica Analitica visura per immobile - Catasto Fabbricati."
"visura-storica","PI","PISA","85","90","26","F","","analitica","","","PVP sales 2 (2122630,2244248); Storica Analitica visura per immobile - Catasto Fabbricati."
"visura-storica","PI","PISA","85","90","27","F","","analitica","","","PVP sales 2 (2122630,2244248); Storica Analitica visura per immobile - Catasto Fabbricati."
"visura-storica","PI","PISA","85","90","28","F","","analitica","","","PVP sales 2 (2122630,2244248); Storica Analitica visura per immobile - Catasto Fabbricati."
"visura-storica","PI","PISA","85","90","29","F","","analitica","","","PVP sales 2 (2122630,2244248); Storica Analitica visura per immobile - Catasto Fabbricati."
"visura-storica","PI","PISA","85","90","30","F","","analitica","","","PVP sales 2 (2122630,2244248); Storica Analitica visura per immobile - Catasto Fabbricati."
"visura-storica","PI","PISA","85","90","31","F","","analitica","","","PVP sales 2 (2122630,2244248); Storica Analitica visura per immobile - Catasto Fabbricati."
"visura-storica","PI","PISA","85","90","32","F","","analitica","","","PVP sales 2 (2122630,2244248); Storica Analitica visura per immobile - Catasto Fabbricati."
"visura-storica","PI","PISA","85","90","33","F","","analitica","","","PVP sales 2 (2122630,2244248); Storica Analitica visura per immobile - Catasto Fabbricati."
"visura-storica","PI","PISA","85","90","34","F","","analitica","","","PVP sales 2 (2122630,2244248); Storica Analitica visura per immobile - Catasto Fabbricati."
"visura-storica","PI","PISA","85","90","35","F","","analitica","","","PVP sales 2 (2122630,2244248); Storica Analitica visura per immobile - Catasto Fabbricati."
"visura-storica","PI","PISA","85","90","36","F","","analitica","","","PVP sales 2 (2122630,2244248); Storica Analitica visura per immobile - Catasto Fabbricati."
"visura-storica","PI","PISA","85","90","37","F","","analitica","","","PVP sales 2 (2122630,2244248); Storica Analitica visura per immobile - Catasto Fabbricati."
"visura-storica","PI","PISA","85","90","38","F","","analitica","","","PVP sales 2 (2122630,2244248); Storica Analitica visura per immobile - Catasto Fabbricati."
"visura-storica","PI","PISA","85","90","39","F","","analitica","","","PVP sales 2 (2122630,2244248); Storica Analitica visura per immobile - Catasto Fabbricati."
"visura-storica","PI","PISA","85","90","40","F","","analitica","","","PVP sales 2 (2122630,2244248); Storica Analitica visura per immobile - Catasto Fabbricati."
"visura-storica","PI","PISA","85","90","41","F","","analitica","","","PVP sales 2 (2122630,2244248); Storica Analitica visura per immobile - Catasto Fabbricati."
"visura-storica","PI","PISA","85","90","42","F","","analitica","","","PVP sales 2 (2122630,2244248); Storica Analitica visura per immobile - Catasto Fabbricati."
"visura-storica","PI","PISA","85","90","43","F","","analitica","","","PVP sales 2 (2122630,2244248); Storica Analitica visura per immobile - Catasto Fabbricati."
"visura-storica","PI","PISA","85","90","44","F","","analitica","","","PVP sales 2 (2122630,2244248); Storica Analitica visura per immobile - Catasto Fabbricati."
"visura-storica","PI","PISA","85","90","45","F","","analitica","","","PVP sales 2 (2122630,2244248); Storica Analitica visura per immobile - Catasto Fabbricati."
"visura-storica","PI","PISA","85","90","46","F","","analitica","","","PVP sales 2 (2122630,2244248); Storica Analitica visura per immobile - Catasto Fabbricati."
"visura-storica","PI","PISA","85","90","47","F","","analitica","","","PVP sales 2 (2122630,2244248); Storica Analitica visura per immobile - Catasto Fabbricati."
"visura-storica","PI","PISA","85","90","48","F","","analitica","","","PVP sales 2 (2122630,2244248); Storica Analitica visura per immobile - Catasto Fabbricati."
"visura-storica","PI","PISA","85","90","49","F","","analitica","","","PVP sales 2 (2122630,2244248); Storica Analitica visura per immobile - Catasto Fabbricati."
"visura-storica","PI","PISA","85","90","50","F","","analitica","","","PVP sales 2 (2122630,2244248); Storica Analitica visura per immobile - Catasto Fabbricati."
"visura-storica","PI","PISA","85","90","51","F","","analitica","","","PVP sales 2 (2122630,2244248); Storica Analitica visura per immobile - Catasto Fabbricati."
"visura-storica","PI","PISA","85","90","52","F","","analitica","","","PVP sales 2 (2122630,2244248); Storica Analitica visura per immobile - Catasto Fabbricati."
"visura-storica","PI","PISA","85","90","53","F","","analitica","","","PVP sales 2 (2122630,2244248); Storica Analitica visura per immobile - Catasto Fabbricati."
"visura-storica","PI","PISA","93","284","34","F","","analitica","","","PVP sales 2 (907731,908138); Storica Analitica visura per immobile - Catasto Fabbricati."
"visura-storica","PI","PISA","93","284","39","F","","analitica","","","PVP sales 2 (907810,943973); Storica Analitica visura per immobile - Catasto Fabbricati."
"visura-storica","PI","PISA","93","284","40","F","","analitica","","","PVP sales 1 (907810); Storica Analitica visura per immobile - Catasto Fabbricati."
"visura-storica","PI","PISA","93","284","41","F","","analitica","","","PVP sales 2 (907810,943973); Storica Analitica visura per immobile - Catasto Fabbricati."
"visura-storica","PI","PISA","94","1198","","F","","analitica","","","PVP sales 1 (4565550); Storica Analitica visura per immobile - Catasto Fabbricati."
"visura-storica","PI","PISA","94","1198","","T","","analitica","","","PVP sales 1 (4565550); Storica Analitica visura per immobile - Catasto Terreni."
"visura-storica","PI","PISA","94","160","","F","","analitica","","","PVP sales 2 (4496215,4533423); Storica Analitica visura per immobile - Catasto Fabbricati."
"visura-storica","PI","PISA","94","160","","T","","analitica","","","PVP sales 2 (4496215,4533423); Storica Analitica visura per immobile - Catasto Terreni."
"visura-storica","PI","PISA","94","1798","","F","","analitica","","","PVP sales 1 (4240717); Storica Analitica visura per immobile - Catasto Fabbricati."
"visura-storica","PI","PISA","94","1798","","T","","analitica","","","PVP sales 1 (4240717); Storica Analitica visura per immobile - Catasto Terreni."
"visura-storica","PI","PISA","94","2769","","F","","analitica","","","PVP sales 1 (4565550); Storica Analitica visura per immobile - Catasto Fabbricati."
"visura-storica","PI","PISA","94","2769","","T","","analitica","","","PVP sales 1 (4565550); Storica Analitica visura per immobile - Catasto Terreni."
"visura-storica","PI","PISA","94","2770","","F","","analitica","","","PVP sales 1 (4565550); Storica Analitica visura per immobile - Catasto Fabbricati."
"visura-storica","PI","PISA","94","2770","","T","","analitica","","","PVP sales 1 (4565550); Storica Analitica visura per immobile - Catasto Terreni."
"visura-storica","PI","PISA","94","294","3","F","","analitica","","","PVP sales 1 (326336); Storica Analitica visura per immobile - Catasto Fabbricati."
"visura-storica","PI","PISA","94","294","9","F","","analitica","","","PVP sales 1 (326336); Storica Analitica visura per immobile - Catasto Fabbricati."
"visura-storica","PI","PISA","94","435","6","F","","analitica","","","PVP sales 1 (4565550); Storica Analitica visura per immobile - Catasto Fabbricati."
"visura-storica","PI","PISA","94","435","7","F","","analitica","","","PVP sales 1 (4565550); Storica Analitica visura per immobile - Catasto Fabbricati."
"visura-storica","PI","PISA","94","473","6","F","","analitica","","","PVP sales 1 (939221); Storica Analitica visura per immobile - Catasto Fabbricati."
"visura-storica","PI","POMARANCE","13","109","","T","","analitica","","","PVP sales 2 (4467049,4533589); Storica Analitica visura per immobile - Catasto Terreni."
"visura-storica","PI","POMARANCE","13","111","","T","","analitica","","","PVP sales 2 (4467049,4533589); Storica Analitica visura per immobile - Catasto Terreni."
"visura-storica","PI","POMARANCE","13","112","","T","","analitica","","","PVP sales 2 (4467049,4533589); Storica Analitica visura per immobile - Catasto Terreni."
"visura-storica","PI","POMARANCE","13","136","","T","","analitica","","","PVP sales 2 (4467049,4533589); Storica Analitica visura per immobile - Catasto Terreni."
"visura-storica","PI","POMARANCE","13","138","","T","","analitica","","","PVP sales 2 (4467049,4533589); Storica Analitica visura per immobile - Catasto Terreni."
"visura-storica","PI","POMARANCE","13","155","2","F","","analitica","","","PVP sales 2 (4467062,4533588); Storica Analitica visura per immobile - Catasto Fabbricati."
"visura-storica","PI","POMARANCE","13","176","1","F","","analitica","","","PVP sales 2 (4467049,4533589); Storica Analitica visura per immobile - Catasto Fabbricati."
"visura-storica","PI","POMARANCE","13","43","","T","","analitica","","","PVP sales 2 (4467049,4533589); Storica Analitica visura per immobile - Catasto Terreni."
"visura-storica","PI","POMARANCE","13","46","3","F","","analitica","","","PVP sales 2 (4467037,4533587); Storica Analitica visura per immobile - Catasto Fabbricati."
"visura-storica","PI","POMARANCE","13","46","5","F","","analitica","","","PVP sales 2 (4467049,4533589); Storica Analitica visura per immobile - Catasto Fabbricati."
"visura-storica","PI","POMARANCE","13","46","6","F","","analitica","","","PVP sales 2 (4467049,4533589); Storica Analitica visura per immobile - Catasto Fabbricati."
"visura-storica","PI","POMARANCE","13","6","","T","","analitica","","","PVP sales 2 (4467049,4533589); Storica Analitica visura per immobile - Catasto Terreni."
"visura-storica","PI","POMARANCE","13","92","","T","","analitica","","","PVP sales 2 (4467049,4533589); Storica Analitica visura per immobile - Catasto Terreni."
"visura-storica","PI","POMARANCE","139","306","","F","","analitica","","","PVP sales 1 (2094572); Storica Analitica visura per immobile - Catasto Fabbricati."
"visura-storica","PI","POMARANCE","139","306","","T","","analitica","","","PVP sales 1 (2094572); Storica Analitica visura per immobile - Catasto Terreni."
"visura-storica","PI","POMARANCE","139","306","2","F","","analitica","","","PVP sales 1 (1992072); Storica Analitica visura per immobile - Catasto Fabbricati."
"visura-storica","PI","POMARANCE","139","308","","F","","analitica","","","PVP sales 2 (1992072,2094572); Storica Analitica visura per immobile - Catasto Fabbricati."
"visura-storica","PI","POMARANCE","139","308","","T","","analitica","","","PVP sales 2 (1992072,2094572); Storica Analitica visura per immobile - Catasto Terreni."
"visura-storica","PI","POMARANCE","139","605","10","F","","analitica","","","PVP sales 1 (4449812); Storica Analitica visura per immobile - Catasto Fabbricati."
"visura-storica","PI","POMARANCE","139","605","21","F","","analitica","","","PVP sales 1 (4449812); Storica Analitica visura per immobile - Catasto Fabbricati."
"visura-storica","PI","POMARANCE","169","234","17","F","","analitica","","","PVP sales 1 (4439431); Storica Analitica visura per immobile - Catasto Fabbricati."
"visura-storica","PI","POMARANCE","169","234","20","F","","analitica","","","PVP sales 1 (4439431); Storica Analitica visura per immobile - Catasto Fabbricati."
"visura-storica","PI","POMARANCE","169","234","34","F","","analitica","","","PVP sales 1 (4439431); Storica Analitica visura per immobile - Catasto Fabbricati."
"visura-storica","PI","POMARANCE","169","234","9","F","","analitica","","","PVP sales 1 (4439431); Storica Analitica visura per immobile - Catasto Fabbricati."
"visura-storica","PI","POMARANCE","178","129","","F","","analitica","","","PVP sales 3 (855220,2193694,4490470); Storica Analitica visura per immobile - Catasto Fabbricati."
"visura-storica","PI","POMARANCE","178","129","","T","","analitica","","","PVP sales 3 (855220,2193694,4490470); Storica Analitica visura per immobile - Catasto Terreni."
"visura-storica","PI","POMARANCE","178","133","","F","","analitica","","","PVP sales 3 (855220,2193694,4490470); Storica Analitica visura per immobile - Catasto Fabbricati."
"visura-storica","PI","POMARANCE","178","133","","T","","analitica","","","PVP sales 3 (855220,2193694,4490470); Storica Analitica visura per immobile - Catasto Terreni."
"visura-storica","PI","POMARANCE","178","138","5","F","","analitica","","","PVP sales 3 (855220,2193694,4490470); Storica Analitica visura per immobile - Catasto Fabbricati."
"visura-storica","PI","POMARANCE","183","19","11","F","","analitica","","","PVP sales 3 (4214326,4459664,4509864); Storica Analitica visura per immobile - Catasto Fabbricati."
"visura-storica","PI","POMARANCE","183","307","6","F","","analitica","","","PVP sales 1 (4535356); Storica Analitica visura per immobile - Catasto Fabbricati."
"visura-storica","PI","POMARANCE","191","219","","F","","analitica","","","PVP sales 2 (4221818,4484010); Storica Analitica visura per immobile - Catasto Fabbricati."
"visura-storica","PI","POMARANCE","191","219","","T","","analitica","","","PVP sales 2 (4221818,4484010); Storica Analitica visura per immobile - Catasto Terreni."
"visura-storica","PI","POMARANCE","33","252","1","F","","analitica","","","PVP sales 1 (4240448); Storica Analitica visura per immobile - Catasto Fabbricati."
"visura-storica","PI","POMARANCE","50","139","","F","","analitica","","","PVP sales 1 (852455); Storica Analitica visura per immobile - Catasto Fabbricati."
"visura-storica","PI","POMARANCE","50","139","","T","","analitica","","","PVP sales 1 (852455); Storica Analitica visura per immobile - Catasto Terreni."
"visura-storica","PI","POMARANCE","50","139","9","F","","analitica","","","PVP sales 1 (852455); Storica Analitica visura per immobile - Catasto Fabbricati."
"visura-storica","PI","POMARANCE","50","299","","F","","analitica","","","PVP sales 1 (852455); Storica Analitica visura per immobile - Catasto Fabbricati."
"visura-storica","PI","POMARANCE","50","299","","T","","analitica","","","PVP sales 1 (852455); Storica Analitica visura per immobile - Catasto Terreni."
"visura-storica","PI","POMARANCE","50","299","5","F","","analitica","","","PVP sales 1 (852455); Storica Analitica visura per immobile - Catasto Fabbricati."
"visura-storica","PI","PONSACCO","1","1046","1","F","","analitica","","","PVP sales 1 (454390); Storica Analitica visura per immobile - Catasto Fabbricati."
"visura-storica","PI","PONSACCO","1","1046","2","F","","analitica","","","PVP sales 1 (454390); Storica Analitica visura per immobile - Catasto Fabbricati."
"visura-storica","PI","PONSACCO","1","1046","3","F","","analitica","","","PVP sales 1 (454390); Storica Analitica visura per immobile - Catasto Fabbricati."
"visura-storica","PI","PONSACCO","1","1223","8","F","","analitica","","","PVP sales 1 (4562166); Storica Analitica visura per immobile - Catasto Fabbricati."
"visura-storica","PI","PONSACCO","1","1279","47","F","","analitica","","","PVP sales 1 (1748033); Storica Analitica visura per immobile - Catasto Fabbricati."
"visura-storica","PI","PONSACCO","1","1279","51","F","","analitica","","","PVP sales 1 (1672510); Storica Analitica visura per immobile - Catasto Fabbricati."
"visura-storica","PI","PONSACCO","1","1279","52","F","","analitica","","","PVP sales 1 (1672510); Storica Analitica visura per immobile - Catasto Fabbricati."
"visura-storica","PI","PONSACCO","1","1279","57","F","","analitica","","","PVP sales 1 (1672546); Storica Analitica visura per immobile - Catasto Fabbricati."
"visura-storica","PI","PONSACCO","1","1279","59","F","","analitica","","","PVP sales 1 (1672546); Storica Analitica visura per immobile - Catasto Fabbricati."
"visura-storica","PI","PONSACCO","1","1279","60","F","","analitica","","","PVP sales 1 (1672510); Storica Analitica visura per immobile - Catasto Fabbricati."
"visura-storica","PI","PONSACCO","1","1279","63","F","","analitica","","","PVP sales 1 (1672540); Storica Analitica visura per immobile - Catasto Fabbricati."
"visura-storica","PI","PONSACCO","1","1279","66","F","","analitica","","","PVP sales 1 (1672540); Storica Analitica visura per immobile - Catasto Fabbricati."
"visura-storica","PI","PONSACCO","1","1279","68","F","","analitica","","","PVP sales 1 (1672510); Storica Analitica visura per immobile - Catasto Fabbricati."
"visura-storica","PI","PONSACCO","1","1279","69","F","","analitica","","","PVP sales 1 (1672510); Storica Analitica visura per immobile - Catasto Fabbricati."
"visura-storica","PI","PONSACCO","1","1300","","F","","analitica","","","PVP sales 1 (4248512); Storica Analitica visura per immobile - Catasto Fabbricati."
"visura-storica","PI","PONSACCO","1","1300","","T","","analitica","","","PVP sales 1 (4248512); Storica Analitica visura per immobile - Catasto Terreni."
"visura-storica","PI","PONSACCO","1","1301","","F","","analitica","","","PVP sales 1 (4248512); Storica Analitica visura per immobile - Catasto Fabbricati."
"visura-storica","PI","PONSACCO","1","1301","","T","","analitica","","","PVP sales 1 (4248512); Storica Analitica visura per immobile - Catasto Terreni."
"visura-storica","PI","PONSACCO","1","1302","","F","","analitica","","","PVP sales 1 (4248512); Storica Analitica visura per immobile - Catasto Fabbricati."
"visura-storica","PI","PONSACCO","1","1302","","T","","analitica","","","PVP sales 1 (4248512); Storica Analitica visura per immobile - Catasto Terreni."
"visura-storica","PI","PONSACCO","1","1303","","F","","analitica","","","PVP sales 1 (4248512); Storica Analitica visura per immobile - Catasto Fabbricati."
"visura-storica","PI","PONSACCO","1","1303","","T","","analitica","","","PVP sales 1 (4248512); Storica Analitica visura per immobile - Catasto Terreni."
"visura-storica","PI","PONSACCO","1","1304","","F","","analitica","","","PVP sales 1 (4248512); Storica Analitica visura per immobile - Catasto Fabbricati."
"visura-storica","PI","PONSACCO","1","1304","","T","","analitica","","","PVP sales 1 (4248512); Storica Analitica visura per immobile - Catasto Terreni."
"visura-storica","PI","PONSACCO","1","143","23","F","","analitica","","","PVP sales 1 (4268275); Storica Analitica visura per immobile - Catasto Fabbricati."
"visura-storica","PI","PONSACCO","1","1614","7","F","","analitica","","","PVP sales 3 (4438731,4472548,4507200); Storica Analitica visura per immobile - Catasto Fabbricati."
"visura-storica","PI","PONSACCO","1","244","1","F","","analitica","","","PVP sales 1 (4248512); Storica Analitica visura per immobile - Catasto Fabbricati."
"visura-storica","PI","PONSACCO","1","571","","F","","analitica","","","PVP sales 1 (4248512); Storica Analitica visura per immobile - Catasto Fabbricati."
"visura-storica","PI","PONSACCO","1","571","","T","","analitica","","","PVP sales 1 (4248512); Storica Analitica visura per immobile - Catasto Terreni."
"visura-storica","PI","PONSACCO","1","88","4","F","","analitica","","","PVP sales 1 (2122636); Storica Analitica visura per immobile - Catasto Fabbricati."
"visura-storica","PI","PONSACCO","11","88","4","F","","analitica","","","PVP sales 1 (4218395); Storica Analitica visura per immobile - Catasto Fabbricati."
"visura-storica","PI","PONSACCO","12","1830","11","F","","analitica","","","PVP sales 1 (2247481); Storica Analitica visura per immobile - Catasto Fabbricati."
"visura-storica","PI","PONSACCO","12","1830","112","F","","analitica","","","PVP sales 1 (2247492); Storica Analitica visura per immobile - Catasto Fabbricati."
"visura-storica","PI","PONSACCO","12","1830","113","F","","analitica","","","PVP sales 1 (2249003); Storica Analitica visura per immobile - Catasto Fabbricati."
"visura-storica","PI","PONSACCO","12","1830","12","F","","analitica","","","PVP sales 1 (2248984); Storica Analitica visura per immobile - Catasto Fabbricati."
"visura-storica","PI","PONSACCO","12","1830","122","F","","analitica","","","PVP sales 1 (2247481); Storica Analitica visura per immobile - Catasto Fabbricati."
"visura-storica","PI","PONSACCO","12","1830","126","F","","analitica","","","PVP sales 1 (2093309); Storica Analitica visura per immobile - Catasto Fabbricati."
"visura-storica","PI","PONSACCO","12","1830","15","F","","analitica","","","PVP sales 1 (2249011); Storica Analitica visura per immobile - Catasto Fabbricati."
"visura-storica","PI","PONSACCO","12","1830","171","F","","analitica","","","PVP sales 1 (2247492); Storica Analitica visura per immobile - Catasto Fabbricati."
"visura-storica","PI","PONSACCO","12","1830","172","F","","analitica","","","PVP sales 1 (2248994); Storica Analitica visura per immobile - Catasto Fabbricati."
"visura-storica","PI","PONSACCO","12","1830","173","F","","analitica","","","PVP sales 1 (2249003); Storica Analitica visura per immobile - Catasto Fabbricati."
"visura-storica","PI","PONSACCO","12","1830","175","F","","analitica","","","PVP sales 1 (2248984); Storica Analitica visura per immobile - Catasto Fabbricati."
"visura-storica","PI","PONSACCO","12","1830","176","F","","analitica","","","PVP sales 1 (2248987); Storica Analitica visura per immobile - Catasto Fabbricati."
"visura-storica","PI","PONSACCO","12","1830","204","F","","analitica","","","PVP sales 1 (2247481); Storica Analitica visura per immobile - Catasto Fabbricati."
"visura-storica","PI","PONSACCO","12","1830","205","F","","analitica","","","PVP sales 1 (2247492); Storica Analitica visura per immobile - Catasto Fabbricati."
"visura-storica","PI","PONSACCO","12","1830","208","F","","analitica","","","PVP sales 1 (2249011); Storica Analitica visura per immobile - Catasto Fabbricati."
"visura-storica","PI","PONSACCO","12","1830","43","F","","analitica","","","PVP sales 1 (2248994); Storica Analitica visura per immobile - Catasto Fabbricati."
"visura-storica","PI","PONSACCO","12","1830","82","F","","analitica","","","PVP sales 1 (2248994); Storica Analitica visura per immobile - Catasto Fabbricati."
"visura-storica","PI","PONSACCO","12","1955","10","F","","analitica","","","PVP sales 1 (4510954); Storica Analitica visura per immobile - Catasto Fabbricati."
"visura-storica","PI","PONSACCO","12","1955","17","F","","analitica","","","PVP sales 1 (4510954); Storica Analitica visura per immobile - Catasto Fabbricati."
"visura-storica","PI","PONSACCO","12","400","","F","","analitica","","","PVP sales 1 (4462863); Storica Analitica visura per immobile - Catasto Fabbricati."
"visura-storica","PI","PONSACCO","12","400","","T","","analitica","","","PVP sales 1 (4462863); Storica Analitica visura per immobile - Catasto Terreni."
"visura-storica","PI","PONSACCO","12","71","26","F","","analitica","","","PVP sales 1 (2243158); Storica Analitica visura per immobile - Catasto Fabbricati."
"visura-storica","PI","PONSACCO","12","71","7","F","","analitica","","","PVP sales 1 (2243158); Storica Analitica visura per immobile - Catasto Fabbricati."
"visura-storica","PI","PONSACCO","12","989","22","F","","analitica","","","PVP sales 1 (4533594); Storica Analitica visura per immobile - Catasto Fabbricati."
"visura-storica","PI","PONSACCO","12","989","29","F","","analitica","","","PVP sales 1 (4533594); Storica Analitica visura per immobile - Catasto Fabbricati."
"visura-storica","PI","PONSACCO","13","1203","10","F","","analitica","","","PVP sales 1 (4283039); Storica Analitica visura per immobile - Catasto Fabbricati."
"visura-storica","PI","PONSACCO","13","1203","2","F","","analitica","","","PVP sales 1 (1935626); Storica Analitica visura per immobile - Catasto Fabbricati."
"visura-storica","PI","PONSACCO","13","1203","3","F","","analitica","","","PVP sales 2 (1936459,4283049); Storica Analitica visura per immobile - Catasto Fabbricati."
"visura-storica","PI","PONSACCO","13","1203","4","F","","analitica","","","PVP sales 1 (1935626); Storica Analitica visura per immobile - Catasto Fabbricati."
"visura-storica","PI","PONSACCO","13","1203","5","F","","analitica","","","PVP sales 2 (1936459,4283049); Storica Analitica visura per immobile - Catasto Fabbricati."
"visura-storica","PI","PONSACCO","13","1203","8","F","","analitica","","","PVP sales 1 (4283039); Storica Analitica visura per immobile - Catasto Fabbricati."
"visura-storica","PI","PONSACCO","13","1203","9","F","","analitica","","","PVP sales 1 (4283039); Storica Analitica visura per immobile - Catasto Fabbricati."
"visura-storica","PI","PONSACCO","13","148","8","F","","analitica","","","PVP sales 2 (2244541,4452059); Storica Analitica visura per immobile - Catasto Fabbricati."
"visura-storica","PI","PONSACCO","2","145","1","F","","analitica","","","PVP sales 1 (2069046); Storica Analitica visura per immobile - Catasto Fabbricati."
"visura-storica","PI","PONSACCO","2","622","","F","","analitica","","","PVP sales 1 (2069046); Storica Analitica visura per immobile - Catasto Fabbricati."
"visura-storica","PI","PONSACCO","2","623","","F","","analitica","","","PVP sales 1 (2069046); Storica Analitica visura per immobile - Catasto Fabbricati."
"visura-storica","PI","PONSACCO","2","646","","T","","analitica","","","PVP sales 1 (2069046); Storica Analitica visura per immobile - Catasto Terreni."
"visura-storica","PI","PONSACCO","2","677","","T","","analitica","","","PVP sales 1 (2069046); Storica Analitica visura per immobile - Catasto Terreni."
"visura-storica","PI","PONSACCO","3","217","7","F","","analitica","","","PVP sales 1 (4437314); Storica Analitica visura per immobile - Catasto Fabbricati."
"visura-storica","PI","PONSACCO","3","220","16","F","","analitica","","","PVP sales 2 (4499844,4549579); Storica Analitica visura per immobile - Catasto Fabbricati."
"visura-storica","PI","PONSACCO","3","220","17","F","","analitica","","","PVP sales 1 (4499847); Storica Analitica visura per immobile - Catasto Fabbricati."
"visura-storica","PI","PONSACCO","3","220","18","F","","analitica","","","PVP sales 1 (4499844); Storica Analitica visura per immobile - Catasto Fabbricati."
"visura-storica","PI","PONSACCO","3","220","19","F","","analitica","","","PVP sales 1 (4499853); Storica Analitica visura per immobile - Catasto Fabbricati."
"visura-storica","PI","PONSACCO","3","578","24","F","","analitica","","","PVP sales 1 (4544537); Storica Analitica visura per immobile - Catasto Fabbricati."
"visura-storica","PI","PONSACCO","3","578","43","F","","analitica","","","PVP sales 1 (4544537); Storica Analitica visura per immobile - Catasto Fabbricati."
"visura-storica","PI","PONSACCO","3","889","27","F","","analitica","","","PVP sales 1 (2242821); Storica Analitica visura per immobile - Catasto Fabbricati."
"visura-storica","PI","PONSACCO","3","889","30","F","","analitica","","","PVP sales 1 (2242821); Storica Analitica visura per immobile - Catasto Fabbricati."
"visura-storica","PI","PONSACCO","4","165","","F","","analitica","","","PVP sales 1 (4544752); Storica Analitica visura per immobile - Catasto Fabbricati."
"visura-storica","PI","PONSACCO","4","165","","T","","analitica","","","PVP sales 1 (4544752); Storica Analitica visura per immobile - Catasto Terreni."
"visura-storica","PI","PONSACCO","4","167","","F","","analitica","","","PVP sales 1 (4544752); Storica Analitica visura per immobile - Catasto Fabbricati."
"visura-storica","PI","PONSACCO","4","167","","T","","analitica","","","PVP sales 1 (4544752); Storica Analitica visura per immobile - Catasto Terreni."
"visura-storica","PI","PONSACCO","8","1032","18","F","","analitica","","","PVP sales 2 (557768,870057); Storica Analitica visura per immobile - Catasto Fabbricati."
"visura-storica","PI","PONSACCO","8","1032","53","F","","analitica","","","PVP sales 2 (557768,870057); Storica Analitica visura per immobile - Catasto Fabbricati."
"visura-storica","PI","PONSACCO","8","1223","","F","","analitica","","","PVP sales 3 (4488311,4488776,4566391); Storica Analitica visura per immobile - Catasto Fabbricati."
"visura-storica","PI","PONSACCO","8","1223","","T","","analitica","","","PVP sales 3 (4488311,4488776,4566391); Storica Analitica visura per immobile - Catasto Terreni."
"visura-storica","PI","PONSACCO","8","148","","F","","analitica","","","PVP sales 1 (4266975); Storica Analitica visura per immobile - Catasto Fabbricati."
"visura-storica","PI","PONSACCO","8","148","","T","","analitica","","","PVP sales 1 (4266975); Storica Analitica visura per immobile - Catasto Terreni."
"visura-storica","PI","PONSACCO","8","148","2","F","","analitica","","","PVP sales 1 (2203115); Storica Analitica visura per immobile - Catasto Fabbricati."
"visura-storica","PI","PONSACCO","8","173","3","F","","analitica","","","PVP sales 1 (471425); Storica Analitica visura per immobile - Catasto Fabbricati."
"visura-storica","PI","PONSACCO","8","191","11","F","","analitica","","","PVP sales 1 (2115025); Storica Analitica visura per immobile - Catasto Fabbricati."
"visura-storica","PI","PONSACCO","8","191","15","F","","analitica","","","PVP sales 2 (2115013,2251434); Storica Analitica visura per immobile - Catasto Fabbricati."
"visura-storica","PI","PONSACCO","8","191","18","F","","analitica","","","PVP sales 2 (2115022,2214857); Storica Analitica visura per immobile - Catasto Fabbricati."
"visura-storica","PI","PONSACCO","8","191","19","F","","analitica","","","PVP sales 2 (2115025,2214858); Storica Analitica visura per immobile - Catasto Fabbricati."
"visura-storica","PI","PONSACCO","8","191","9","F","","analitica","","","PVP sales 1 (2115022); Storica Analitica visura per immobile - Catasto Fabbricati."
"visura-storica","PI","PONSACCO","8","192","16","F","","analitica","","","PVP sales 1 (4476839); Storica Analitica visura per immobile - Catasto Fabbricati."
"visura-storica","PI","PONSACCO","8","26","","F","","analitica","","","PVP sales 1 (4515535); Storica Analitica visura per immobile - Catasto Fabbricati."
"visura-storica","PI","PONSACCO","8","26","21","F","","analitica","","","PVP sales 1 (2060477); Storica Analitica visura per immobile - Catasto Fabbricati."
"visura-storica","PI","PONSACCO","8","26","22","F","","analitica","","","PVP sales 2 (2060477,4473783); Storica Analitica visura per immobile - Catasto Fabbricati."
"visura-storica","PI","PONSACCO","8","26","24","F","","analitica","","","PVP sales 1 (2060477); Storica Analitica visura per immobile - Catasto Fabbricati."
"visura-storica","PI","PONSACCO","8","495","1","F","","analitica","","","PVP sales 3 (450393,563151,981291); Storica Analitica visura per immobile - Catasto Fabbricati."
"visura-storica","PI","PONSACCO","8","496","10","F","","analitica","","","PVP sales 3 (450393,563151,981291); Storica Analitica visura per immobile - Catasto Fabbricati."
"visura-storica","PI","PONSACCO","8","496","9","F","","analitica","","","PVP sales 3 (450393,563151,981291); Storica Analitica visura per immobile - Catasto Fabbricati."
"visura-storica","PI","PONSACCO","8","632","","F","","analitica","","","PVP sales 1 (4488739); Storica Analitica visura per immobile - Catasto Fabbricati."
"visura-storica","PI","PONSACCO","8","632","","T","","analitica","","","PVP sales 1 (4488739); Storica Analitica visura per immobile - Catasto Terreni."
"visura-storica","PI","PONSACCO","8","632","7","F","","analitica","","","PVP sales 2 (4488311,4566391); Storica Analitica visura per immobile - Catasto Fabbricati."
"visura-storica","PI","PONSACCO","8","702","15","F","","analitica","","","PVP sales 2 (1490350,1720259); Storica Analitica visura per immobile - Catasto Fabbricati."
"visura-storica","PI","PONSACCO","8","71","1","F","","analitica","","","PVP sales 3 (450393,563151,981291); Storica Analitica visura per immobile - Catasto Fabbricati."
"visura-storica","PI","PONSACCO","9","443","27","F","","analitica","","","PVP sales 1 (4430977); Storica Analitica visura per immobile - Catasto Fabbricati."
"visura-storica","PI","PONSACCO","9","443","9","F","","analitica","","","PVP sales 1 (4430977); Storica Analitica visura per immobile - Catasto Fabbricati."
"visura-storica","PI","PONSACCO","9","605","1","F","","analitica","","","PVP sales 2 (1991910,1991950); Storica Analitica visura per immobile - Catasto Fabbricati."
"visura-storica","PI","PONSACCO","9","605","3","F","","analitica","","","PVP sales 1 (1991910); Storica Analitica visura per immobile - Catasto Fabbricati."
"visura-storica","PI","PONSACCO","9","605","4","F","","analitica","","","PVP sales 1 (1991950); Storica Analitica visura per immobile - Catasto Fabbricati."
"visura-storica","PI","PONTEDERA","1","755","23","F","","analitica","","","PVP sales 2 (4436562,4519312); Storica Analitica visura per immobile - Catasto Fabbricati."
"visura-storica","PI","PONTEDERA","1","810","","F","","analitica","","","PVP sales 1 (4252240); Storica Analitica visura per immobile - Catasto Fabbricati."
"visura-storica","PI","PONTEDERA","1","810","1","F","","analitica","","","PVP sales 4 (895129,1487538,2135368,4252240); Storica Analitica visura per immobile - Catasto Fabbricati."
"visura-storica","PI","PONTEDERA","1","810","2","F","","analitica","","","PVP sales 4 (895129,1487538,2135368,4252240); Storica Analitica visura per immobile - Catasto Fabbricati."
"visura-storica","PI","PONTEDERA","1","810","3","F","","analitica","","","PVP sales 3 (895129,1487538,2135368); Storica Analitica visura per immobile - Catasto Fabbricati."
"visura-storica","PI","PONTEDERA","1","810","4","F","","analitica","","","PVP sales 4 (895129,1487538,2135368,4252240); Storica Analitica visura per immobile - Catasto Fabbricati."
"visura-storica","PI","PONTEDERA","1","857","14","F","","analitica","","","PVP sales 1 (4535200); Storica Analitica visura per immobile - Catasto Fabbricati."
"visura-storica","PI","PONTEDERA","1","857","4","F","","analitica","","","PVP sales 1 (4535200); Storica Analitica visura per immobile - Catasto Fabbricati."
"visura-storica","PI","PONTEDERA","10","19","10","F","","analitica","","","PVP sales 1 (4439831); Storica Analitica visura per immobile - Catasto Fabbricati."
"visura-storica","PI","PONTEDERA","10","19","11","F","","analitica","","","PVP sales 1 (4439831); Storica Analitica visura per immobile - Catasto Fabbricati."
"visura-storica","PI","PONTEDERA","10","19","12","F","","analitica","","","PVP sales 1 (4439831); Storica Analitica visura per immobile - Catasto Fabbricati."
"visura-storica","PI","PONTEDERA","10","19","13","F","","analitica","","","PVP sales 1 (4439831); Storica Analitica visura per immobile - Catasto Fabbricati."
"visura-storica","PI","PONTEDERA","10","19","14","F","","analitica","","","PVP sales 1 (4439831); Storica Analitica visura per immobile - Catasto Fabbricati."
"visura-storica","PI","PONTEDERA","10","19","15","F","","analitica","","","PVP sales 1 (4439831); Storica Analitica visura per immobile - Catasto Fabbricati."
"visura-storica","PI","PONTEDERA","10","19","16","F","","analitica","","","PVP sales 1 (4439831); Storica Analitica visura per immobile - Catasto Fabbricati."
"visura-storica","PI","PONTEDERA","10","19","17","F","","analitica","","","PVP sales 1 (4439831); Storica Analitica visura per immobile - Catasto Fabbricati."
"visura-storica","PI","PONTEDERA","10","19","18","F","","analitica","","","PVP sales 1 (4439831); Storica Analitica visura per immobile - Catasto Fabbricati."
"visura-storica","PI","PONTEDERA","10","19","19","F","","analitica","","","PVP sales 1 (4439831); Storica Analitica visura per immobile - Catasto Fabbricati."
"visura-storica","PI","PONTEDERA","10","19","20","F","","analitica","","","PVP sales 1 (4439831); Storica Analitica visura per immobile - Catasto Fabbricati."
"visura-storica","PI","PONTEDERA","10","19","21","F","","analitica","","","PVP sales 1 (4439831); Storica Analitica visura per immobile - Catasto Fabbricati."
"visura-storica","PI","PONTEDERA","10","19","22","F","","analitica","","","PVP sales 1 (4439831); Storica Analitica visura per immobile - Catasto Fabbricati."
"visura-storica","PI","PONTEDERA","10","19","23","F","","analitica","","","PVP sales 1 (4439831); Storica Analitica visura per immobile - Catasto Fabbricati."
"visura-storica","PI","PONTEDERA","10","19","24","F","","analitica","","","PVP sales 1 (4439831); Storica Analitica visura per immobile - Catasto Fabbricati."
"visura-storica","PI","PONTEDERA","10","19","25","F","","analitica","","","PVP sales 1 (4439831); Storica Analitica visura per immobile - Catasto Fabbricati."
"visura-storica","PI","PONTEDERA","10","19","26","F","","analitica","","","PVP sales 1 (4439831); Storica Analitica visura per immobile - Catasto Fabbricati."
"visura-storica","PI","PONTEDERA","10","19","27","F","","analitica","","","PVP sales 1 (4439831); Storica Analitica visura per immobile - Catasto Fabbricati."
"visura-storica","PI","PONTEDERA","10","19","28","F","","analitica","","","PVP sales 1 (4439831); Storica Analitica visura per immobile - Catasto Fabbricati."
"visura-storica","PI","PONTEDERA","10","19","29","F","","analitica","","","PVP sales 1 (4439831); Storica Analitica visura per immobile - Catasto Fabbricati."
"visura-storica","PI","PONTEDERA","10","19","30","F","","analitica","","","PVP sales 1 (4439831); Storica Analitica visura per immobile - Catasto Fabbricati."
"visura-storica","PI","PONTEDERA","10","19","31","F","","analitica","","","PVP sales 1 (4439831); Storica Analitica visura per immobile - Catasto Fabbricati."
"visura-storica","PI","PONTEDERA","10","19","32","F","","analitica","","","PVP sales 1 (4439831); Storica Analitica visura per immobile - Catasto Fabbricati."
"visura-storica","PI","PONTEDERA","10","19","33","F","","analitica","","","PVP sales 1 (4439831); Storica Analitica visura per immobile - Catasto Fabbricati."
"visura-storica","PI","PONTEDERA","10","19","34","F","","analitica","","","PVP sales 1 (4439831); Storica Analitica visura per immobile - Catasto Fabbricati."
"visura-storica","PI","PONTEDERA","10","19","35","F","","analitica","","","PVP sales 1 (4439831); Storica Analitica visura per immobile - Catasto Fabbricati."
"visura-storica","PI","PONTEDERA","10","19","36","F","","analitica","","","PVP sales 1 (4439831); Storica Analitica visura per immobile - Catasto Fabbricati."
"visura-storica","PI","PONTEDERA","10","19","37","F","","analitica","","","PVP sales 1 (4439831); Storica Analitica visura per immobile - Catasto Fabbricati."
"visura-storica","PI","PONTEDERA","10","19","38","F","","analitica","","","PVP sales 1 (4439831); Storica Analitica visura per immobile - Catasto Fabbricati."
"visura-storica","PI","PONTEDERA","10","19","39","F","","analitica","","","PVP sales 1 (4439831); Storica Analitica visura per immobile - Catasto Fabbricati."
"visura-storica","PI","PONTEDERA","10","19","40","F","","analitica","","","PVP sales 1 (4439831); Storica Analitica visura per immobile - Catasto Fabbricati."
"visura-storica","PI","PONTEDERA","10","19","41","F","","analitica","","","PVP sales 1 (4439831); Storica Analitica visura per immobile - Catasto Fabbricati."
"visura-storica","PI","PONTEDERA","10","19","42","F","","analitica","","","PVP sales 1 (4439831); Storica Analitica visura per immobile - Catasto Fabbricati."
"visura-storica","PI","PONTEDERA","10","19","43","F","","analitica","","","PVP sales 1 (4439831); Storica Analitica visura per immobile - Catasto Fabbricati."
"visura-storica","PI","PONTEDERA","10","19","44","F","","analitica","","","PVP sales 1 (4439831); Storica Analitica visura per immobile - Catasto Fabbricati."
"visura-storica","PI","PONTEDERA","10","19","8","F","","analitica","","","PVP sales 1 (4439831); Storica Analitica visura per immobile - Catasto Fabbricati."
"visura-storica","PI","PONTEDERA","10","19","9","F","","analitica","","","PVP sales 1 (4439831); Storica Analitica visura per immobile - Catasto Fabbricati."
"visura-storica","PI","PONTEDERA","10","30","10","F","","analitica","","","PVP sales 1 (4429087); Storica Analitica visura per immobile - Catasto Fabbricati."
"visura-storica","PI","PONTEDERA","10","30","11","F","","analitica","","","PVP sales 1 (4429089); Storica Analitica visura per immobile - Catasto Fabbricati."
"visura-storica","PI","PONTEDERA","10","30","12","F","","analitica","","","PVP sales 1 (4429076); Storica Analitica visura per immobile - Catasto Fabbricati."
"visura-storica","PI","PONTEDERA","10","30","13","F","","analitica","","","PVP sales 1 (4429092); Storica Analitica visura per immobile - Catasto Fabbricati."
"visura-storica","PI","PONTEDERA","10","30","14","F","","analitica","","","PVP sales 1 (4429084); Storica Analitica visura per immobile - Catasto Fabbricati."
"visura-storica","PI","PONTEDERA","10","30","15","F","","analitica","","","PVP sales 1 (4429085); Storica Analitica visura per immobile - Catasto Fabbricati."
"visura-storica","PI","PONTEDERA","10","30","16","F","","analitica","","","PVP sales 1 (4429086); Storica Analitica visura per immobile - Catasto Fabbricati."
"visura-storica","PI","PONTEDERA","10","30","17","F","","analitica","","","PVP sales 1 (4429111); Storica Analitica visura per immobile - Catasto Fabbricati."
"visura-storica","PI","PONTEDERA","10","30","18","F","","analitica","","","PVP sales 1 (4429130); Storica Analitica visura per immobile - Catasto Fabbricati."
"visura-storica","PI","PONTEDERA","10","30","19","F","","analitica","","","PVP sales 1 (4429133); Storica Analitica visura per immobile - Catasto Fabbricati."
"visura-storica","PI","PONTEDERA","10","30","20","F","","analitica","","","PVP sales 1 (4429137); Storica Analitica visura per immobile - Catasto Fabbricati."
"visura-storica","PI","PONTEDERA","10","30","21","F","","analitica","","","PVP sales 1 (4429139); Storica Analitica visura per immobile - Catasto Fabbricati."
"visura-storica","PI","PONTEDERA","10","30","22","F","","analitica","","","PVP sales 1 (4429140); Storica Analitica visura per immobile - Catasto Fabbricati."
"visura-storica","PI","PONTEDERA","10","30","3","F","","analitica","","","PVP sales 1 (4429055); Storica Analitica visura per immobile - Catasto Fabbricati."
"visura-storica","PI","PONTEDERA","10","30","5","F","","analitica","","","PVP sales 1 (4429044); Storica Analitica visura per immobile - Catasto Fabbricati."
"visura-storica","PI","PONTEDERA","10","30","6","F","","analitica","","","PVP sales 1 (4429060); Storica Analitica visura per immobile - Catasto Fabbricati."
"visura-storica","PI","PONTEDERA","10","30","7","F","","analitica","","","PVP sales 1 (4429061); Storica Analitica visura per immobile - Catasto Fabbricati."
"visura-storica","PI","PONTEDERA","10","30","8","F","","analitica","","","PVP sales 1 (4429062); Storica Analitica visura per immobile - Catasto Fabbricati."
"visura-storica","PI","PONTEDERA","10","30","9","F","","analitica","","","PVP sales 1 (4429071); Storica Analitica visura per immobile - Catasto Fabbricati."
"visura-storica","PI","PONTEDERA","10","34","1","F","","analitica","","","PVP sales 1 (4429101); Storica Analitica visura per immobile - Catasto Fabbricati."
"visura-storica","PI","PONTEDERA","10","376","2","F","","analitica","","","PVP sales 1 (935824); Storica Analitica visura per immobile - Catasto Fabbricati."
"visura-storica","PI","PONTEDERA","10","382","10","F","","analitica","","","PVP sales 1 (4429655); Storica Analitica visura per immobile - Catasto Fabbricati."
"visura-storica","PI","PONTEDERA","12","107","3","F","","analitica","","","PVP sales 1 (2122544); Storica Analitica visura per immobile - Catasto Fabbricati."
"visura-storica","PI","PONTEDERA","12","112","","F","","analitica","","","PVP sales 1 (4561940); Storica Analitica visura per immobile - Catasto Fabbricati."
"visura-storica","PI","PONTEDERA","12","112","","T","","analitica","","","PVP sales 1 (4561940); Storica Analitica visura per immobile - Catasto Terreni."
"visura-storica","PI","PONTEDERA","12","239","1","F","","analitica","","","PVP sales 2 (4464034,4520819); Storica Analitica visura per immobile - Catasto Fabbricati."
"visura-storica","PI","PONTEDERA","12","239","2","F","","analitica","","","PVP sales 2 (4464034,4520819); Storica Analitica visura per immobile - Catasto Fabbricati."
"visura-storica","PI","PONTEDERA","12","442","30","F","","analitica","","","PVP sales 4 (2014048,2117076,2254053,4495821); Storica Analitica visura per immobile - Catasto Fabbricati."
"visura-storica","PI","PONTEDERA","12","442","31","F","","analitica","","","PVP sales 2 (2014108,2117086); Storica Analitica visura per immobile - Catasto Fabbricati."
"visura-storica","PI","PONTEDERA","12","594","51","F","","analitica","","","PVP sales 1 (2068632); Storica Analitica visura per immobile - Catasto Fabbricati."
"visura-storica","PI","PONTEDERA","12","71","46","F","","analitica","","","PVP sales 1 (413080); Storica Analitica visura per immobile - Catasto Fabbricati."
"visura-storica","PI","PONTEDERA","12","844","37","F","","analitica","","","PVP sales 1 (4555733); Storica Analitica visura per immobile - Catasto Fabbricati."
"visura-storica","PI","PONTEDERA","13","193","14","F","","analitica","","","PVP sales 1 (1532039); Storica Analitica visura per immobile - Catasto Fabbricati."
"visura-storica","PI","PONTEDERA","13","193","4","F","","analitica","","","PVP sales 1 (1531755); Storica Analitica visura per immobile - Catasto Fabbricati."
"visura-storica","PI","PONTEDERA","13","193","5","F","","analitica","","","PVP sales 1 (1531938); Storica Analitica visura per immobile - Catasto Fabbricati."
"visura-storica","PI","PONTEDERA","13","193","6","F","","analitica","","","PVP sales 1 (1532018); Storica Analitica visura per immobile - Catasto Fabbricati."
"visura-storica","PI","PONTEDERA","13","193","8","F","","analitica","","","PVP sales 2 (1531920,1747755); Storica Analitica visura per immobile - Catasto Fabbricati."
"visura-storica","PI","PONTEDERA","14","117","131","F","","analitica","","","PVP sales 1 (2177169); Storica Analitica visura per immobile - Catasto Fabbricati."
"visura-storica","PI","PONTEDERA","14","117","135","F","","analitica","","","PVP sales 2 (2177813,4233978); Storica Analitica visura per immobile - Catasto Fabbricati."
"visura-storica","PI","PONTEDERA","14","117","149","F","","analitica","","","PVP sales 1 (2177620); Storica Analitica visura per immobile - Catasto Fabbricati."
"visura-storica","PI","PONTEDERA","14","117","189","F","","analitica","","","PVP sales 1 (2177620); Storica Analitica visura per immobile - Catasto Fabbricati."
"visura-storica","PI","PONTEDERA","14","117","191","F","","analitica","","","PVP sales 1 (2177169); Storica Analitica visura per immobile - Catasto Fabbricati."
"visura-storica","PI","PONTEDERA","14","117","198","F","","analitica","","","PVP sales 2 (2177702,4233978); Storica Analitica visura per immobile - Catasto Fabbricati."
"visura-storica","PI","PONTEDERA","14","117","64","F","","analitica","","","PVP sales 1 (2177620); Storica Analitica visura per immobile - Catasto Fabbricati."
"visura-storica","PI","PONTEDERA","14","117","65","F","","analitica","","","PVP sales 2 (2177691,4234028); Storica Analitica visura per immobile - Catasto Fabbricati."
"visura-storica","PI","PONTEDERA","14","168","5","F","","analitica","","","PVP sales 1 (4456305); Storica Analitica visura per immobile - Catasto Fabbricati."
"visura-storica","PI","PONTEDERA","15","326","7","F","","analitica","","","PVP sales 1 (2194193); Storica Analitica visura per immobile - Catasto Fabbricati."
"visura-storica","PI","PONTEDERA","15","326","9","F","","analitica","","","PVP sales 1 (2194193); Storica Analitica visura per immobile - Catasto Fabbricati."
"visura-storica","PI","PONTEDERA","17","175","28","F","","analitica","","","PVP sales 1 (342825); Storica Analitica visura per immobile - Catasto Fabbricati."
"visura-storica","PI","PONTEDERA","17","277","16","F","","analitica","","","PVP sales 4 (474038,610146,781069,905636); Storica Analitica visura per immobile - Catasto Fabbricati."
"visura-storica","PI","PONTEDERA","17","315","5","F","","analitica","","","PVP sales 1 (4535166); Storica Analitica visura per immobile - Catasto Fabbricati."
"visura-storica","PI","PONTEDERA","17","736","","F","","analitica","","","PVP sales 1 (4535166); Storica Analitica visura per immobile - Catasto Fabbricati."
"visura-storica","PI","PONTEDERA","17","736","","T","","analitica","","","PVP sales 1 (4535166); Storica Analitica visura per immobile - Catasto Terreni."
"visura-storica","PI","PONTEDERA","17","738","","F","","analitica","","","PVP sales 1 (4535166); Storica Analitica visura per immobile - Catasto Fabbricati."
"visura-storica","PI","PONTEDERA","17","738","","T","","analitica","","","PVP sales 1 (4535166); Storica Analitica visura per immobile - Catasto Terreni."
"visura-storica","PI","PONTEDERA","2","91","9","F","","analitica","","","PVP sales 1 (2058612); Storica Analitica visura per immobile - Catasto Fabbricati."
"visura-storica","PI","PONTEDERA","21","318","","F","","analitica","","","PVP sales 1 (4552777); Storica Analitica visura per immobile - Catasto Fabbricati."
"visura-storica","PI","PONTEDERA","21","318","","T","","analitica","","","PVP sales 1 (4552777); Storica Analitica visura per immobile - Catasto Terreni."
"visura-storica","PI","PONTEDERA","21","320","","F","","analitica","","","PVP sales 1 (4552777); Storica Analitica visura per immobile - Catasto Fabbricati."
"visura-storica","PI","PONTEDERA","21","320","","T","","analitica","","","PVP sales 1 (4552777); Storica Analitica visura per immobile - Catasto Terreni."
"visura-storica","PI","PONTEDERA","21","336","","F","","analitica","","","PVP sales 1 (4552777); Storica Analitica visura per immobile - Catasto Fabbricati."
"visura-storica","PI","PONTEDERA","21","336","","T","","analitica","","","PVP sales 1 (4552777); Storica Analitica visura per immobile - Catasto Terreni."
"visura-storica","PI","PONTEDERA","21","337","","F","","analitica","","","PVP sales 1 (4552777); Storica Analitica visura per immobile - Catasto Fabbricati."
"visura-storica","PI","PONTEDERA","21","337","","T","","analitica","","","PVP sales 1 (4552777); Storica Analitica visura per immobile - Catasto Terreni."
"visura-storica","PI","PONTEDERA","21","361","1","F","","analitica","","","PVP sales 2 (1479867,1729930); Storica Analitica visura per immobile - Catasto Fabbricati."
"visura-storica","PI","PONTEDERA","22","379","6","F","","analitica","","","PVP sales 3 (389648,601296,942697); Storica Analitica visura per immobile - Catasto Fabbricati."
"visura-storica","PI","PONTEDERA","23","1146","1","F","","analitica","","","PVP sales 1 (2115007); Storica Analitica visura per immobile - Catasto Fabbricati."
"visura-storica","PI","PONTEDERA","23","677","2","F","","analitica","","","PVP sales 2 (4464028,4520838); Storica Analitica visura per immobile - Catasto Fabbricati."
"visura-storica","PI","PONTEDERA","23","677","4","F","","analitica","","","PVP sales 2 (4464028,4520838); Storica Analitica visura per immobile - Catasto Fabbricati."
"visura-storica","PI","PONTEDERA","23","88","19","F","","analitica","","","PVP sales 1 (2068631); Storica Analitica visura per immobile - Catasto Fabbricati."
"visura-storica","PI","PONTEDERA","27","111","","F","","analitica","","","PVP sales 1 (1567508); Storica Analitica visura per immobile - Catasto Fabbricati."
"visura-storica","PI","PONTEDERA","27","111","","T","","analitica","","","PVP sales 1 (1567508); Storica Analitica visura per immobile - Catasto Terreni."
"visura-storica","PI","PONTEDERA","27","118","","F","","analitica","","","PVP sales 1 (1567508); Storica Analitica visura per immobile - Catasto Fabbricati."
"visura-storica","PI","PONTEDERA","27","118","","T","","analitica","","","PVP sales 1 (1567508); Storica Analitica visura per immobile - Catasto Terreni."
"visura-storica","PI","PONTEDERA","3","441","","F","","analitica","","","PVP sales 1 (4454298); Storica Analitica visura per immobile - Catasto Fabbricati."
"visura-storica","PI","PONTEDERA","3","441","","T","","analitica","","","PVP sales 1 (4454298); Storica Analitica visura per immobile - Catasto Terreni."
"visura-storica","PI","PONTEDERA","3","441","1","F","","analitica","","","PVP sales 1 (4454298); Storica Analitica visura per immobile - Catasto Fabbricati."
"visura-storica","PI","PONTEDERA","3","441","2","F","","analitica","","","PVP sales 1 (4454298); Storica Analitica visura per immobile - Catasto Fabbricati."
"visura-storica","PI","PONTEDERA","3","441","3","F","","analitica","","","PVP sales 1 (4454298); Storica Analitica visura per immobile - Catasto Fabbricati."
"visura-storica","PI","PONTEDERA","32","340","3","F","","analitica","","","PVP sales 2 (1501578,1611202); Storica Analitica visura per immobile - Catasto Fabbricati."
"visura-storica","PI","PONTEDERA","34","112","13","F","","analitica","","","PVP sales 1 (4468265); Storica Analitica visura per immobile - Catasto Fabbricati."
"visura-storica","PI","PONTEDERA","34","112","2","F","","analitica","","","PVP sales 1 (4468265); Storica Analitica visura per immobile - Catasto Fabbricati."
"visura-storica","PI","PONTEDERA","34","112","5","F","","analitica","","","PVP sales 1 (4468265); Storica Analitica visura per immobile - Catasto Fabbricati."
"visura-storica","PI","PONTEDERA","34","57","","F","","analitica","","","PVP sales 1 (4452078); Storica Analitica visura per immobile - Catasto Fabbricati."
"visura-storica","PI","PONTEDERA","34","57","","T","","analitica","","","PVP sales 1 (4452078); Storica Analitica visura per immobile - Catasto Terreni."
"visura-storica","PI","PONTEDERA","42","117","4","F","","analitica","","","PVP sales 1 (4567216); Storica Analitica visura per immobile - Catasto Fabbricati."
"visura-storica","PI","PONTEDERA","44","178","2","F","","analitica","","","PVP sales 3 (389513,601295,942692); Storica Analitica visura per immobile - Catasto Fabbricati."
"visura-storica","PI","PONTEDERA","44","290","","T","","analitica","","","PVP sales 1 (4515354); Storica Analitica visura per immobile - Catasto Terreni."
"visura-storica","PI","PONTEDERA","44","291","","T","","analitica","","","PVP sales 1 (4515354); Storica Analitica visura per immobile - Catasto Terreni."
"visura-storica","PI","PONTEDERA","44","292","","T","","analitica","","","PVP sales 1 (4515354); Storica Analitica visura per immobile - Catasto Terreni."
"visura-storica","PI","PONTEDERA","44","320","1","F","","analitica","","","PVP sales 1 (4515354); Storica Analitica visura per immobile - Catasto Fabbricati."
"visura-storica","PI","PONTEDERA","44","320","2","F","","analitica","","","PVP sales 1 (4515354); Storica Analitica visura per immobile - Catasto Fabbricati."
"visura-storica","PI","PONTEDERA","44","320","3","F","","analitica","","","PVP sales 1 (4515354); Storica Analitica visura per immobile - Catasto Fabbricati."
"visura-storica","PI","PONTEDERA","44","321","","T","","analitica","","","PVP sales 1 (4515354); Storica Analitica visura per immobile - Catasto Terreni."
"visura-storica","PI","PONTEDERA","44","323","","T","","analitica","","","PVP sales 1 (4515354); Storica Analitica visura per immobile - Catasto Terreni."
"visura-storica","PI","PONTEDERA","44","50","2","F","","analitica","","","PVP sales 3 (389513,601295,942692); Storica Analitica visura per immobile - Catasto Fabbricati."
"visura-storica","PI","PONTEDERA","44","50","7","F","","analitica","","","PVP sales 3 (389513,601295,942692); Storica Analitica visura per immobile - Catasto Fabbricati."
"visura-storica","PI","PONTEDERA","44","54","","T","","analitica","","","PVP sales 1 (4515354); Storica Analitica visura per immobile - Catasto Terreni."
"visura-storica","PI","PONTEDERA","44","55","","T","","analitica","","","PVP sales 1 (4515354); Storica Analitica visura per immobile - Catasto Terreni."
"visura-storica","PI","PONTEDERA","44","56","","T","","analitica","","","PVP sales 1 (4515354); Storica Analitica visura per immobile - Catasto Terreni."
"visura-storica","PI","PONTEDERA","44","59","","T","","analitica","","","PVP sales 1 (4515354); Storica Analitica visura per immobile - Catasto Terreni."
"visura-storica","PI","PONTEDERA","44","61","","T","","analitica","","","PVP sales 1 (4515354); Storica Analitica visura per immobile - Catasto Terreni."
"visura-storica","PI","PONTEDERA","44","65","","T","","analitica","","","PVP sales 1 (4515354); Storica Analitica visura per immobile - Catasto Terreni."
"visura-storica","PI","PONTEDERA","44","66","3","F","","analitica","","","PVP sales 1 (4515354); Storica Analitica visura per immobile - Catasto Fabbricati."
"visura-storica","PI","PONTEDERA","57","23","","F","","analitica","","","PVP sales 3 (4426096,4488186,4526692); Storica Analitica visura per immobile - Catasto Fabbricati."
"visura-storica","PI","PONTEDERA","57","23","","T","","analitica","","","PVP sales 3 (4426096,4488186,4526692); Storica Analitica visura per immobile - Catasto Terreni."
"visura-storica","PI","PONTEDERA","57","38","","F","","analitica","","","PVP sales 3 (4426096,4488186,4526692); Storica Analitica visura per immobile - Catasto Fabbricati."
"visura-storica","PI","PONTEDERA","57","38","","T","","analitica","","","PVP sales 3 (4426096,4488186,4526692); Storica Analitica visura per immobile - Catasto Terreni."
"visura-storica","PI","PONTEDERA","57","52","","F","","analitica","","","PVP sales 3 (4426096,4488186,4526692); Storica Analitica visura per immobile - Catasto Fabbricati."
"visura-storica","PI","PONTEDERA","57","52","","T","","analitica","","","PVP sales 3 (4426096,4488186,4526692); Storica Analitica visura per immobile - Catasto Terreni."
"visura-storica","PI","PONTEDERA","57","53","","F","","analitica","","","PVP sales 3 (4426096,4488186,4526692); Storica Analitica visura per immobile - Catasto Fabbricati."
"visura-storica","PI","PONTEDERA","57","53","","T","","analitica","","","PVP sales 3 (4426096,4488186,4526692); Storica Analitica visura per immobile - Catasto Terreni."
"visura-storica","PI","PONTEDERA","6","475","6","F","","analitica","","","PVP sales 1 (656857); Storica Analitica visura per immobile - Catasto Fabbricati."
"visura-storica","PI","PONTEDERA","9","66","15","F","","analitica","","","PVP sales 2 (4420733,4507051); Storica Analitica visura per immobile - Catasto Fabbricati."
"visura-storica","PI","PONTEDERA","9","73","","F","","analitica","","","PVP sales 1 (4509423); Storica Analitica visura per immobile - Catasto Fabbricati."
"visura-storica","PI","PONTEDERA","9","73","","T","","analitica","","","PVP sales 1 (4509423); Storica Analitica visura per immobile - Catasto Terreni."
"visura-storica","PI","SAN GIULIANO TERME","1","154","","F","","analitica","","","PVP sales 1 (919720); Storica Analitica visura per immobile - Catasto Fabbricati."
"visura-storica","PI","SAN GIULIANO TERME","1","154","","T","","analitica","","","PVP sales 1 (919720); Storica Analitica visura per immobile - Catasto Terreni."
"visura-storica","PI","SAN GIULIANO TERME","1","71","1","F","","analitica","","","PVP sales 1 (919720); Storica Analitica visura per immobile - Catasto Fabbricati."
"visura-storica","PI","SAN GIULIANO TERME","1","76","","F","","analitica","","","PVP sales 1 (919720); Storica Analitica visura per immobile - Catasto Fabbricati."
"visura-storica","PI","SAN GIULIANO TERME","1","76","","T","","analitica","","","PVP sales 1 (919720); Storica Analitica visura per immobile - Catasto Terreni."
"visura-storica","PI","SAN GIULIANO TERME","10","29","4","F","","analitica","","","PVP sales 1 (4416249); Storica Analitica visura per immobile - Catasto Fabbricati."
"visura-storica","PI","SAN GIULIANO TERME","10","65","3","F","","analitica","","","PVP sales 1 (4416249); Storica Analitica visura per immobile - Catasto Fabbricati."
"visura-storica","PI","SAN GIULIANO TERME","10","65","4","F","","analitica","","","PVP sales 1 (4416249); Storica Analitica visura per immobile - Catasto Fabbricati."
"visura-storica","PI","SAN GIULIANO TERME","13","105","","T","","analitica","","","PVP sales 1 (4467913); Storica Analitica visura per immobile - Catasto Terreni."
"visura-storica","PI","SAN GIULIANO TERME","13","154","","T","","analitica","","","PVP sales 1 (4467913); Storica Analitica visura per immobile - Catasto Terreni."
"visura-storica","PI","SAN GIULIANO TERME","13","193","23","F","","analitica","","","PVP sales 2 (4213374,4416265); Storica Analitica visura per immobile - Catasto Fabbricati."
"visura-storica","PI","SAN GIULIANO TERME","13","428","","F","","analitica","","","PVP sales 2 (4213374,4416265); Storica Analitica visura per immobile - Catasto Fabbricati."
"visura-storica","PI","SAN GIULIANO TERME","13","428","","T","","analitica","","","PVP sales 2 (4213374,4416265); Storica Analitica visura per immobile - Catasto Terreni."
"visura-storica","PI","SAN GIULIANO TERME","13","515","","T","","analitica","","","PVP sales 1 (4467913); Storica Analitica visura per immobile - Catasto Terreni."
"visura-storica","PI","SAN GIULIANO TERME","13","672","","T","","analitica","","","PVP sales 1 (4535174); Storica Analitica visura per immobile - Catasto Terreni."
"visura-storica","PI","SAN GIULIANO TERME","14","117","","T","","analitica","","","PVP sales 1 (4535174); Storica Analitica visura per immobile - Catasto Terreni."
"visura-storica","PI","SAN GIULIANO TERME","14","12","","T","","analitica","","","PVP sales 1 (4535174); Storica Analitica visura per immobile - Catasto Terreni."
"visura-storica","PI","SAN GIULIANO TERME","14","122","","T","","analitica","","","PVP sales 1 (4535174); Storica Analitica visura per immobile - Catasto Terreni."
"visura-storica","PI","SAN GIULIANO TERME","14","123","","T","","analitica","","","PVP sales 1 (4535174); Storica Analitica visura per immobile - Catasto Terreni."
"visura-storica","PI","SAN GIULIANO TERME","14","145","","T","","analitica","","","PVP sales 1 (4535174); Storica Analitica visura per immobile - Catasto Terreni."
"visura-storica","PI","SAN GIULIANO TERME","14","174","","T","","analitica","","","PVP sales 1 (4535174); Storica Analitica visura per immobile - Catasto Terreni."
"visura-storica","PI","SAN GIULIANO TERME","14","203","","F","","analitica","","","PVP sales 1 (4535174); Storica Analitica visura per immobile - Catasto Fabbricati."
"visura-storica","PI","SAN GIULIANO TERME","14","213","","T","","analitica","","","PVP sales 1 (4535174); Storica Analitica visura per immobile - Catasto Terreni."
"visura-storica","PI","SAN GIULIANO TERME","14","215","","T","","analitica","","","PVP sales 1 (4535174); Storica Analitica visura per immobile - Catasto Terreni."
"visura-storica","PI","SAN GIULIANO TERME","14","27","","T","","analitica","","","PVP sales 1 (4535174); Storica Analitica visura per immobile - Catasto Terreni."
"visura-storica","PI","SAN GIULIANO TERME","14","67","","T","","analitica","","","PVP sales 1 (4535174); Storica Analitica visura per immobile - Catasto Terreni."
"visura-storica","PI","SAN GIULIANO TERME","19","1080","","F","","analitica","","","PVP sales 1 (4559273); Storica Analitica visura per immobile - Catasto Fabbricati."
"visura-storica","PI","SAN GIULIANO TERME","19","1080","","T","","analitica","","","PVP sales 1 (4559273); Storica Analitica visura per immobile - Catasto Terreni."
"visura-storica","PI","SAN GIULIANO TERME","19","313","5","F","","analitica","","","PVP sales 2 (428871,559832); Storica Analitica visura per immobile - Catasto Fabbricati."
"visura-storica","PI","SAN GIULIANO TERME","2","88","","F","","analitica","","","PVP sales 3 (4444671,4482318,4518076); Storica Analitica visura per immobile - Catasto Fabbricati."
"visura-storica","PI","SAN GIULIANO TERME","2","88","","T","","analitica","","","PVP sales 3 (4444671,4482318,4518076); Storica Analitica visura per immobile - Catasto Terreni."
"visura-storica","PI","SAN GIULIANO TERME","2","89","","F","","analitica","","","PVP sales 3 (4444671,4482318,4518076); Storica Analitica visura per immobile - Catasto Fabbricati."
"visura-storica","PI","SAN GIULIANO TERME","2","89","","T","","analitica","","","PVP sales 3 (4444671,4482318,4518076); Storica Analitica visura per immobile - Catasto Terreni."
"visura-storica","PI","SAN GIULIANO TERME","2","90","","F","","analitica","","","PVP sales 3 (4444671,4482318,4518076); Storica Analitica visura per immobile - Catasto Fabbricati."
"visura-storica","PI","SAN GIULIANO TERME","2","90","","T","","analitica","","","PVP sales 3 (4444671,4482318,4518076); Storica Analitica visura per immobile - Catasto Terreni."
"visura-storica","PI","SAN GIULIANO TERME","20","306","8","F","","analitica","","","PVP sales 1 (4541662); Storica Analitica visura per immobile - Catasto Fabbricati."
"visura-storica","PI","SAN GIULIANO TERME","20","317","3","F","","analitica","","","PVP sales 3 (1936889,2029585,2102095); Storica Analitica visura per immobile - Catasto Fabbricati."
"visura-storica","PI","SAN GIULIANO TERME","22","1093","1","F","","analitica","","","PVP sales 1 (539193); Storica Analitica visura per immobile - Catasto Fabbricati."
"visura-storica","PI","SAN GIULIANO TERME","22","7","1","F","","analitica","","","PVP sales 1 (539193); Storica Analitica visura per immobile - Catasto Fabbricati."
"visura-storica","PI","SAN GIULIANO TERME","26","61","10","F","","analitica","","","PVP sales 1 (4529646); Storica Analitica visura per immobile - Catasto Fabbricati."
"visura-storica","PI","SAN GIULIANO TERME","29","30","3","F","","analitica","","","PVP sales 2 (1993055,2098704); Storica Analitica visura per immobile - Catasto Fabbricati."
"visura-storica","PI","SAN GIULIANO TERME","34","18","","T","","analitica","","","PVP sales 2 (4502498,4548120); Storica Analitica visura per immobile - Catasto Terreni."
"visura-storica","PI","SAN GIULIANO TERME","34","447","","F","","analitica","","","PVP sales 2 (4474771,4528409); Storica Analitica visura per immobile - Catasto Fabbricati."
"visura-storica","PI","SAN GIULIANO TERME","34","447","","T","","analitica","","","PVP sales 2 (4474771,4528409); Storica Analitica visura per immobile - Catasto Terreni."
"visura-storica","PI","SAN GIULIANO TERME","34","45","","T","","analitica","","","PVP sales 2 (4502498,4548120); Storica Analitica visura per immobile - Catasto Terreni."
"visura-storica","PI","SAN GIULIANO TERME","34","450","1","F","","analitica","","","PVP sales 2 (4474780,4528412); Storica Analitica visura per immobile - Catasto Fabbricati."
"visura-storica","PI","SAN GIULIANO TERME","34","456","","T","","analitica","","","PVP sales 2 (4502498,4548120); Storica Analitica visura per immobile - Catasto Terreni."
"visura-storica","PI","SAN GIULIANO TERME","34","57","4","F","","analitica","","","PVP sales 2 (4502498,4548120); Storica Analitica visura per immobile - Catasto Fabbricati."
"visura-storica","PI","SAN GIULIANO TERME","34","57","5","F","","analitica","","","PVP sales 2 (4502498,4548120); Storica Analitica visura per immobile - Catasto Fabbricati."
"visura-storica","PI","SAN GIULIANO TERME","35","109","3","F","","analitica","","","PVP sales 2 (2242732,2242743); Storica Analitica visura per immobile - Catasto Fabbricati."
"visura-storica","PI","SAN GIULIANO TERME","35","354","21","F","","analitica","","","PVP sales 1 (919711); Storica Analitica visura per immobile - Catasto Fabbricati."
"visura-storica","PI","SAN GIULIANO TERME","35","429","","F","","analitica","","","PVP sales 1 (2242732); Storica Analitica visura per immobile - Catasto Fabbricati."
"visura-storica","PI","SAN GIULIANO TERME","35","429","","T","","analitica","","","PVP sales 2 (2242732,2242743); Storica Analitica visura per immobile - Catasto Terreni."
"visura-storica","PI","SAN GIULIANO TERME","36","122","11","F","","analitica","","","PVP sales 1 (4427495); Storica Analitica visura per immobile - Catasto Fabbricati."
"visura-storica","PI","SAN GIULIANO TERME","36","122","14","F","","analitica","","","PVP sales 1 (4427495); Storica Analitica visura per immobile - Catasto Fabbricati."
"visura-storica","PI","SAN GIULIANO TERME","36","132","","F","","analitica","","","PVP sales 1 (4559294); Storica Analitica visura per immobile - Catasto Fabbricati."
"visura-storica","PI","SAN GIULIANO TERME","36","132","","T","","analitica","","","PVP sales 1 (4559294); Storica Analitica visura per immobile - Catasto Terreni."
"visura-storica","PI","SAN GIULIANO TERME","36","290","","F","","analitica","","","PVP sales 1 (4559294); Storica Analitica visura per immobile - Catasto Fabbricati."
"visura-storica","PI","SAN GIULIANO TERME","36","290","","T","","analitica","","","PVP sales 1 (4559294); Storica Analitica visura per immobile - Catasto Terreni."
"visura-storica","PI","SAN GIULIANO TERME","36","521","","F","","analitica","","","PVP sales 1 (4559294); Storica Analitica visura per immobile - Catasto Fabbricati."
"visura-storica","PI","SAN GIULIANO TERME","36","521","","T","","analitica","","","PVP sales 1 (4559294); Storica Analitica visura per immobile - Catasto Terreni."
"visura-storica","PI","SAN GIULIANO TERME","36","522","","F","","analitica","","","PVP sales 1 (4559295); Storica Analitica visura per immobile - Catasto Fabbricati."
"visura-storica","PI","SAN GIULIANO TERME","36","522","","T","","analitica","","","PVP sales 1 (4559295); Storica Analitica visura per immobile - Catasto Terreni."
"visura-storica","PI","SAN GIULIANO TERME","36","731","","F","","analitica","","","PVP sales 1 (4559295); Storica Analitica visura per immobile - Catasto Fabbricati."
"visura-storica","PI","SAN GIULIANO TERME","36","731","","T","","analitica","","","PVP sales 1 (4559295); Storica Analitica visura per immobile - Catasto Terreni."
"visura-storica","PI","SAN GIULIANO TERME","36","732","","F","","analitica","","","PVP sales 1 (4559295); Storica Analitica visura per immobile - Catasto Fabbricati."
"visura-storica","PI","SAN GIULIANO TERME","36","732","","T","","analitica","","","PVP sales 1 (4559295); Storica Analitica visura per immobile - Catasto Terreni."
"visura-storica","PI","SAN GIULIANO TERME","36","733","","F","","analitica","","","PVP sales 1 (4559295); Storica Analitica visura per immobile - Catasto Fabbricati."
"visura-storica","PI","SAN GIULIANO TERME","36","733","","T","","analitica","","","PVP sales 1 (4559295); Storica Analitica visura per immobile - Catasto Terreni."
"visura-storica","PI","SAN GIULIANO TERME","36","734","","F","","analitica","","","PVP sales 1 (4559295); Storica Analitica visura per immobile - Catasto Fabbricati."
"visura-storica","PI","SAN GIULIANO TERME","36","734","","T","","analitica","","","PVP sales 1 (4559295); Storica Analitica visura per immobile - Catasto Terreni."
"visura-storica","PI","SAN GIULIANO TERME","37","70","3","F","","analitica","","","PVP sales 1 (2123519); Storica Analitica visura per immobile - Catasto Fabbricati."
"visura-storica","PI","SAN GIULIANO TERME","39","340","2","F","","analitica","","","PVP sales 5 (747096,882743,1483278,1720064,2133460); Storica Analitica visura per immobile - Catasto Fabbricati."
"visura-storica","PI","SAN GIULIANO TERME","39","341","1","F","","analitica","","","PVP sales 5 (747096,882743,1483278,1720064,2133460); Storica Analitica visura per immobile - Catasto Fabbricati."
"visura-storica","PI","SAN GIULIANO TERME","41","366","19","F","","analitica","","","PVP sales 1 (470649); Storica Analitica visura per immobile - Catasto Fabbricati."
"visura-storica","PI","SAN GIULIANO TERME","41","366","8","F","","analitica","","","PVP sales 1 (470649); Storica Analitica visura per immobile - Catasto Fabbricati."
"visura-storica","PI","SAN GIULIANO TERME","51","62","9","F","","analitica","","","PVP sales 1 (2196369); Storica Analitica visura per immobile - Catasto Fabbricati."
"visura-storica","PI","SAN GIULIANO TERME","52","252","1","F","","analitica","","","PVP sales 1 (1549097); Storica Analitica visura per immobile - Catasto Fabbricati."
"visura-storica","PI","SAN GIULIANO TERME","55","530","2","F","","analitica","","","PVP sales 2 (4487581,4544738); Storica Analitica visura per immobile - Catasto Fabbricati."
"visura-storica","PI","SAN GIULIANO TERME","55","641","6","F","","analitica","","","PVP sales 2 (4487588,4544731); Storica Analitica visura per immobile - Catasto Fabbricati."
"visura-storica","PI","SAN GIULIANO TERME","55","641","7","F","","analitica","","","PVP sales 2 (4487614,4544732); Storica Analitica visura per immobile - Catasto Fabbricati."
"visura-storica","PI","SAN GIULIANO TERME","6","395","","F","","analitica","","","PVP sales 1 (1886054); Storica Analitica visura per immobile - Catasto Fabbricati."
"visura-storica","PI","SAN GIULIANO TERME","6","395","","T","","analitica","","","PVP sales 1 (1886054); Storica Analitica visura per immobile - Catasto Terreni."
"visura-storica","PI","SAN GIULIANO TERME","66","49","11","F","","analitica","","","PVP sales 3 (4428976,4464014,4520852); Storica Analitica visura per immobile - Catasto Fabbricati."
"visura-storica","PI","SAN GIULIANO TERME","66","49","12","F","","analitica","","","PVP sales 3 (4428976,4464014,4520852); Storica Analitica visura per immobile - Catasto Fabbricati."
"visura-storica","PI","SAN GIULIANO TERME","66","49","13","F","","analitica","","","PVP sales 3 (4428976,4464014,4520852); Storica Analitica visura per immobile - Catasto Fabbricati."
"visura-storica","PI","SAN GIULIANO TERME","66","49","18","F","","analitica","","","PVP sales 3 (4428976,4464014,4520852); Storica Analitica visura per immobile - Catasto Fabbricati."
"visura-storica","PI","SAN GIULIANO TERME","66","49","5","F","","analitica","","","PVP sales 3 (4428976,4464014,4520852); Storica Analitica visura per immobile - Catasto Fabbricati."
"visura-storica","PI","SAN GIULIANO TERME","67","228","","F","","analitica","","","PVP sales 1 (4573568); Storica Analitica visura per immobile - Catasto Fabbricati."
"visura-storica","PI","SAN GIULIANO TERME","67","228","","T","","analitica","","","PVP sales 1 (4573568); Storica Analitica visura per immobile - Catasto Terreni."
"visura-storica","PI","SAN GIULIANO TERME","67","229","","F","","analitica","","","PVP sales 1 (4573568); Storica Analitica visura per immobile - Catasto Fabbricati."
"visura-storica","PI","SAN GIULIANO TERME","67","229","","T","","analitica","","","PVP sales 1 (4573568); Storica Analitica visura per immobile - Catasto Terreni."
"visura-storica","PI","SAN GIULIANO TERME","67","254","","F","","analitica","","","PVP sales 1 (4573568); Storica Analitica visura per immobile - Catasto Fabbricati."
"visura-storica","PI","SAN GIULIANO TERME","7","454","","T","","analitica","","","PVP sales 3 (4268278,4410031,4468682); Storica Analitica visura per immobile - Catasto Terreni."
"visura-storica","PI","SAN GIULIANO TERME","7","455","","T","","analitica","","","PVP sales 3 (4268278,4410031,4468682); Storica Analitica visura per immobile - Catasto Terreni."
"visura-storica","PI","SAN GIULIANO TERME","73","21","2","F","","analitica","","","PVP sales 2 (2122515,4218352); Storica Analitica visura per immobile - Catasto Fabbricati."
"visura-storica","PI","SAN GIULIANO TERME","82","418","","T","","analitica","","","PVP sales 1 (747079); Storica Analitica visura per immobile - Catasto Terreni."
"visura-storica","PI","SAN GIULIANO TERME","82","456","1","F","","analitica","","","PVP sales 1 (747079); Storica Analitica visura per immobile - Catasto Fabbricati."
"visura-storica","PI","SAN GIULIANO TERME","82","457","","T","","analitica","","","PVP sales 1 (747079); Storica Analitica visura per immobile - Catasto Terreni."
"visura-storica","PI","SAN GIULIANO TERME","82","802","","F","","analitica","","","PVP sales 1 (667951); Storica Analitica visura per immobile - Catasto Fabbricati."
"visura-storica","PI","SAN GIULIANO TERME","82","802","","T","","analitica","","","PVP sales 1 (667951); Storica Analitica visura per immobile - Catasto Terreni."
"visura-storica","PI","SAN GIULIANO TERME","82","803","","F","","analitica","","","PVP sales 1 (667951); Storica Analitica visura per immobile - Catasto Fabbricati."
"visura-storica","PI","SAN GIULIANO TERME","82","803","","T","","analitica","","","PVP sales 1 (667951); Storica Analitica visura per immobile - Catasto Terreni."
"visura-storica","PI","SAN GIULIANO TERME","82","97","","T","","analitica","","","PVP sales 1 (747079); Storica Analitica visura per immobile - Catasto Terreni."
"visura-storica","PI","SAN GIULIANO TERME","83","118","10","F","","analitica","","","PVP sales 2 (2118071,2195284); Storica Analitica visura per immobile - Catasto Fabbricati."
"visura-storica","PI","SAN GIULIANO TERME","83","118","15","F","","analitica","","","PVP sales 2 (2118071,2195284); Storica Analitica visura per immobile - Catasto Fabbricati."
"visura-storica","PI","SAN GIULIANO TERME","83","120","10","F","","analitica","","","PVP sales 2 (2118071,2195284); Storica Analitica visura per immobile - Catasto Fabbricati."
"visura-storica","PI","SAN GIULIANO TERME","83","120","8","F","","analitica","","","PVP sales 2 (2118071,2195284); Storica Analitica visura per immobile - Catasto Fabbricati."
"visura-storica","PI","SAN GIULIANO TERME","83","121","5","F","","analitica","","","PVP sales 2 (2118071,2195284); Storica Analitica visura per immobile - Catasto Fabbricati."
"visura-storica","PI","SAN GIULIANO TERME","83","257","7","F","","analitica","","","PVP sales 2 (4504981,4545443); Storica Analitica visura per immobile - Catasto Fabbricati."
"visura-storica","PI","SAN GIULIANO TERME","87","273","","F","","analitica","","","PVP sales 1 (4490505); Storica Analitica visura per immobile - Catasto Fabbricati."
"visura-storica","PI","SAN GIULIANO TERME","87","273","","T","","analitica","","","PVP sales 1 (4490505); Storica Analitica visura per immobile - Catasto Terreni."
"visura-storica","PI","SAN GIULIANO TERME","87","273","112","F","","analitica","","","PVP sales 1 (4500105); Storica Analitica visura per immobile - Catasto Fabbricati."
"visura-storica","PI","SAN GIULIANO TERME","87","273","113","F","","analitica","","","PVP sales 1 (4500110); Storica Analitica visura per immobile - Catasto Fabbricati."
"visura-storica","PI","SAN GIULIANO TERME","87","273","118","F","","analitica","","","PVP sales 2 (2109454,4242618); Storica Analitica visura per immobile - Catasto Fabbricati."
"visura-storica","PI","SAN GIULIANO TERME","87","273","141","F","","analitica","","","PVP sales 2 (4500103,4548162); Storica Analitica visura per immobile - Catasto Fabbricati."
"visura-storica","PI","SAN GIULIANO TERME","87","273","40","F","","analitica","","","PVP sales 2 (4500085,4548173); Storica Analitica visura per immobile - Catasto Fabbricati."
"visura-storica","PI","SAN GIULIANO TERME","87","273","53","F","","analitica","","","PVP sales 2 (4500085,4548173); Storica Analitica visura per immobile - Catasto Fabbricati."
"visura-storica","PI","SAN GIULIANO TERME","90","1022","","F","","analitica","","","PVP sales 1 (552335); Storica Analitica visura per immobile - Catasto Fabbricati."
"visura-storica","PI","SAN GIULIANO TERME","90","1022","","T","","analitica","","","PVP sales 1 (552335); Storica Analitica visura per immobile - Catasto Terreni."
"visura-storica","PI","SAN GIULIANO TERME","95","110","5","F","","analitica","","","PVP sales 1 (4467909); Storica Analitica visura per immobile - Catasto Fabbricati."
"visura-storica","PI","SAN GIULIANO TERME","95","110","6","F","","analitica","","","PVP sales 1 (4467887); Storica Analitica visura per immobile - Catasto Fabbricati."
"visura-storica","PI","SAN GIULIANO TERME","96","141","26","F","","analitica","","","PVP sales 2 (1835463,1941346); Storica Analitica visura per immobile - Catasto Fabbricati."
"visura-storica","PI","SAN GIULIANO TERME","96","141","3","F","","analitica","","","PVP sales 2 (1835463,1941346); Storica Analitica visura per immobile - Catasto Fabbricati."
"visura-storica","PI","SAN MINIATO","1","26","","F","","analitica","","","PVP sales 2 (4251831,4475276); Storica Analitica visura per immobile - Catasto Fabbricati."
"visura-storica","PI","SAN MINIATO","1","26","","T","","analitica","","","PVP sales 2 (4251831,4475276); Storica Analitica visura per immobile - Catasto Terreni."
"visura-storica","PI","SAN MINIATO","1","27","","F","","analitica","","","PVP sales 2 (4251831,4475276); Storica Analitica visura per immobile - Catasto Fabbricati."
"visura-storica","PI","SAN MINIATO","1","27","","T","","analitica","","","PVP sales 2 (4251831,4475276); Storica Analitica visura per immobile - Catasto Terreni."
"visura-storica","PI","SAN MINIATO","1","41","","F","","analitica","","","PVP sales 2 (4251831,4475276); Storica Analitica visura per immobile - Catasto Fabbricati."
"visura-storica","PI","SAN MINIATO","1","41","","T","","analitica","","","PVP sales 2 (4251831,4475276); Storica Analitica visura per immobile - Catasto Terreni."
"visura-storica","PI","SAN MINIATO","1","59","","F","","analitica","","","PVP sales 2 (4251831,4475276); Storica Analitica visura per immobile - Catasto Fabbricati."
"visura-storica","PI","SAN MINIATO","1","59","","T","","analitica","","","PVP sales 2 (4251831,4475276); Storica Analitica visura per immobile - Catasto Terreni."
"visura-storica","PI","SAN MINIATO","1","91","","F","","analitica","","","PVP sales 2 (4251831,4475276); Storica Analitica visura per immobile - Catasto Fabbricati."
"visura-storica","PI","SAN MINIATO","1","91","","T","","analitica","","","PVP sales 2 (4251831,4475276); Storica Analitica visura per immobile - Catasto Terreni."
"visura-storica","PI","SAN MINIATO","1","98","","F","","analitica","","","PVP sales 2 (4251831,4475276); Storica Analitica visura per immobile - Catasto Fabbricati."
"visura-storica","PI","SAN MINIATO","1","98","","T","","analitica","","","PVP sales 2 (4251831,4475276); Storica Analitica visura per immobile - Catasto Terreni."
"visura-storica","PI","SAN MINIATO","10","102","","F","","analitica","","","PVP sales 1 (923223); Storica Analitica visura per immobile - Catasto Fabbricati."
"visura-storica","PI","SAN MINIATO","10","102","","T","","analitica","","","PVP sales 1 (923223); Storica Analitica visura per immobile - Catasto Terreni."
"visura-storica","PI","SAN MINIATO","10","119","","F","","analitica","","","PVP sales 6 (1706269,1915775,2021127,2129463,4274589 +1 more); Storica Analitica visura per immobile - Catasto Fabbricati."
"visura-storica","PI","SAN MINIATO","10","119","","T","","analitica","","","PVP sales 6 (1706269,1915775,2021127,2129463,4274589 +1 more); Storica Analitica visura per immobile - Catasto Terreni."
"visura-storica","PI","SAN MINIATO","10","120","","F","","analitica","","","PVP sales 6 (1706269,1915775,2021127,2129463,4274589 +1 more); Storica Analitica visura per immobile - Catasto Fabbricati."
"visura-storica","PI","SAN MINIATO","10","120","","T","","analitica","","","PVP sales 6 (1706269,1915775,2021127,2129463,4274589 +1 more); Storica Analitica visura per immobile - Catasto Terreni."
"visura-storica","PI","SAN MINIATO","10","222","","F","","analitica","","","PVP sales 6 (1706269,1915775,2021127,2129463,4274589 +1 more); Storica Analitica visura per immobile - Catasto Fabbricati."
"visura-storica","PI","SAN MINIATO","10","222","","T","","analitica","","","PVP sales 6 (1706269,1915775,2021127,2129463,4274589 +1 more); Storica Analitica visura per immobile - Catasto Terreni."
"visura-storica","PI","SAN MINIATO","10","842","","F","","analitica","","","PVP sales 6 (1706269,1915775,2021127,2129463,4274589 +1 more); Storica Analitica visura per immobile - Catasto Fabbricati."
"visura-storica","PI","SAN MINIATO","10","842","","T","","analitica","","","PVP sales 6 (1706269,1915775,2021127,2129463,4274589 +1 more); Storica Analitica visura per immobile - Catasto Terreni."
"visura-storica","PI","SAN MINIATO","10","95","","F","","analitica","","","PVP sales 6 (1706269,1915775,2021127,2129463,4274589 +1 more); Storica Analitica visura per immobile - Catasto Fabbricati."
"visura-storica","PI","SAN MINIATO","10","95","","T","","analitica","","","PVP sales 6 (1706269,1915775,2021127,2129463,4274589 +1 more); Storica Analitica visura per immobile - Catasto Terreni."
"visura-storica","PI","SAN MINIATO","10","96","4","F","","analitica","","","PVP sales 6 (1706269,1915775,2021127,2129463,4274589 +1 more); Storica Analitica visura per immobile - Catasto Fabbricati."
"visura-storica","PI","SAN MINIATO","10","96","5","F","","analitica","","","PVP sales 6 (1706269,1915775,2021127,2129463,4274589 +1 more); Storica Analitica visura per immobile - Catasto Fabbricati."
"visura-storica","PI","SAN MINIATO","10","96","6","F","","analitica","","","PVP sales 6 (1706269,1915775,2021127,2129463,4274589 +1 more); Storica Analitica visura per immobile - Catasto Fabbricati."
"visura-storica","PI","SAN MINIATO","10","96","7","F","","analitica","","","PVP sales 6 (1706269,1915775,2021127,2129463,4274589 +1 more); Storica Analitica visura per immobile - Catasto Fabbricati."
"visura-storica","PI","SAN MINIATO","11","1","","F","","analitica","","","PVP sales 2 (4251831,4475276); Storica Analitica visura per immobile - Catasto Fabbricati."
"visura-storica","PI","SAN MINIATO","11","1","","T","","analitica","","","PVP sales 2 (4251831,4475276); Storica Analitica visura per immobile - Catasto Terreni."
"visura-storica","PI","SAN MINIATO","12","50","2","F","","analitica","","","PVP sales 1 (4564962); Storica Analitica visura per immobile - Catasto Fabbricati."
"visura-storica","PI","SAN MINIATO","14","144","17","F","","analitica","","","PVP sales 1 (1859976); Storica Analitica visura per immobile - Catasto Fabbricati."
"visura-storica","PI","SAN MINIATO","14","144","18","F","","analitica","","","PVP sales 1 (1859976); Storica Analitica visura per immobile - Catasto Fabbricati."
"visura-storica","PI","SAN MINIATO","14","144","19","F","","analitica","","","PVP sales 1 (1859986); Storica Analitica visura per immobile - Catasto Fabbricati."
"visura-storica","PI","SAN MINIATO","14","144","20","F","","analitica","","","PVP sales 1 (1860200); Storica Analitica visura per immobile - Catasto Fabbricati."
"visura-storica","PI","SAN MINIATO","14","144","21","F","","analitica","","","PVP sales 2 (1859986,1860200); Storica Analitica visura per immobile - Catasto Fabbricati."
"visura-storica","PI","SAN MINIATO","14","254","1","F","","analitica","","","PVP sales 2 (232254,551617); Storica Analitica visura per immobile - Catasto Fabbricati."
"visura-storica","PI","SAN MINIATO","14","254","4","F","","analitica","","","PVP sales 2 (232254,551617); Storica Analitica visura per immobile - Catasto Fabbricati."
"visura-storica","PI","SAN MINIATO","14","342","29","F","","analitica","","","PVP sales 2 (4478943,4547451); Storica Analitica visura per immobile - Catasto Fabbricati."
"visura-storica","PI","SAN MINIATO","14","342","30","F","","analitica","","","PVP sales 2 (4478943,4547451); Storica Analitica visura per immobile - Catasto Fabbricati."
"visura-storica","PI","SAN MINIATO","14","342","32","F","","analitica","","","PVP sales 2 (4478943,4547451); Storica Analitica visura per immobile - Catasto Fabbricati."
"visura-storica","PI","SAN MINIATO","14","342","35","F","","analitica","","","PVP sales 2 (4478943,4547451); Storica Analitica visura per immobile - Catasto Fabbricati."
"visura-storica","PI","SAN MINIATO","14","342","36","F","","analitica","","","PVP sales 2 (4478943,4547451); Storica Analitica visura per immobile - Catasto Fabbricati."
"visura-storica","PI","SAN MINIATO","14","342","38","F","","analitica","","","PVP sales 2 (4478943,4547451); Storica Analitica visura per immobile - Catasto Fabbricati."
"visura-storica","PI","SAN MINIATO","14","342","39","F","","analitica","","","PVP sales 2 (4478943,4547451); Storica Analitica visura per immobile - Catasto Fabbricati."
"visura-storica","PI","SAN MINIATO","14","342","40","F","","analitica","","","PVP sales 2 (4478943,4547451); Storica Analitica visura per immobile - Catasto Fabbricati."
"visura-storica","PI","SAN MINIATO","14","537","3","F","","analitica","","","PVP sales 1 (1589316); Storica Analitica visura per immobile - Catasto Fabbricati."
"visura-storica","PI","SAN MINIATO","14","691","7","F","","analitica","","","PVP sales 2 (4478943,4547451); Storica Analitica visura per immobile - Catasto Fabbricati."
"visura-storica","PI","SAN MINIATO","15","100","6","F","","analitica","","","PVP sales 2 (2058273,2150633); Storica Analitica visura per immobile - Catasto Fabbricati."
"visura-storica","PI","SAN MINIATO","15","100","7","F","","analitica","","","PVP sales 2 (2058273,2150633); Storica Analitica visura per immobile - Catasto Fabbricati."
"visura-storica","PI","SAN MINIATO","15","104","4","F","","analitica","","","PVP sales 1 (4538676); Storica Analitica visura per immobile - Catasto Fabbricati."
"visura-storica","PI","SAN MINIATO","15","718","22","F","","analitica","","","PVP sales 1 (562796); Storica Analitica visura per immobile - Catasto Fabbricati."
"visura-storica","PI","SAN MINIATO","15","718","6","F","","analitica","","","PVP sales 1 (562796); Storica Analitica visura per immobile - Catasto Fabbricati."
"visura-storica","PI","SAN MINIATO","15","79","3","F","","analitica","","","PVP sales 1 (4524285); Storica Analitica visura per immobile - Catasto Fabbricati."
"visura-storica","PI","SAN MINIATO","16","160","","F","","analitica","","","PVP sales 3 (1109856,2203113,4563102); Storica Analitica visura per immobile - Catasto Fabbricati."
"visura-storica","PI","SAN MINIATO","16","160","","T","","analitica","","","PVP sales 3 (1109856,2203113,4563102); Storica Analitica visura per immobile - Catasto Terreni."
"visura-storica","PI","SAN MINIATO","16","235","","F","","analitica","","","PVP sales 3 (1109856,2203113,4563102); Storica Analitica visura per immobile - Catasto Fabbricati."
"visura-storica","PI","SAN MINIATO","16","235","","T","","analitica","","","PVP sales 3 (1109856,2203113,4563102); Storica Analitica visura per immobile - Catasto Terreni."
"visura-storica","PI","SAN MINIATO","16","26","","F","","analitica","","","PVP sales 3 (1109856,2203113,4563102); Storica Analitica visura per immobile - Catasto Fabbricati."
"visura-storica","PI","SAN MINIATO","16","26","","T","","analitica","","","PVP sales 3 (1109856,2203113,4563102); Storica Analitica visura per immobile - Catasto Terreni."
"visura-storica","PI","SAN MINIATO","16","262","","F","","analitica","","","PVP sales 3 (1109856,2203113,4563102); Storica Analitica visura per immobile - Catasto Fabbricati."
"visura-storica","PI","SAN MINIATO","16","262","","T","","analitica","","","PVP sales 3 (1109856,2203113,4563102); Storica Analitica visura per immobile - Catasto Terreni."
"visura-storica","PI","SAN MINIATO","16","263","","F","","analitica","","","PVP sales 3 (1109856,2203113,4563102); Storica Analitica visura per immobile - Catasto Fabbricati."
"visura-storica","PI","SAN MINIATO","16","263","","T","","analitica","","","PVP sales 3 (1109856,2203113,4563102); Storica Analitica visura per immobile - Catasto Terreni."
"visura-storica","PI","SAN MINIATO","16","264","","F","","analitica","","","PVP sales 3 (1109856,2203113,4563102); Storica Analitica visura per immobile - Catasto Fabbricati."
"visura-storica","PI","SAN MINIATO","16","264","","T","","analitica","","","PVP sales 3 (1109856,2203113,4563102); Storica Analitica visura per immobile - Catasto Terreni."
"visura-storica","PI","SAN MINIATO","16","265","","F","","analitica","","","PVP sales 3 (1109856,2203113,4563102); Storica Analitica visura per immobile - Catasto Fabbricati."
"visura-storica","PI","SAN MINIATO","16","265","","T","","analitica","","","PVP sales 3 (1109856,2203113,4563102); Storica Analitica visura per immobile - Catasto Terreni."
"visura-storica","PI","SAN MINIATO","16","266","","F","","analitica","","","PVP sales 3 (1109856,2203113,4563102); Storica Analitica visura per immobile - Catasto Fabbricati."
"visura-storica","PI","SAN MINIATO","16","266","","T","","analitica","","","PVP sales 3 (1109856,2203113,4563102); Storica Analitica visura per immobile - Catasto Terreni."
"visura-storica","PI","SAN MINIATO","16","27","","F","","analitica","","","PVP sales 3 (1109856,2203113,4563102); Storica Analitica visura per immobile - Catasto Fabbricati."
"visura-storica","PI","SAN MINIATO","16","27","","T","","analitica","","","PVP sales 3 (1109856,2203113,4563102); Storica Analitica visura per immobile - Catasto Terreni."
"visura-storica","PI","SAN MINIATO","16","28","3","F","","analitica","","","PVP sales 3 (1109856,2203113,4563102); Storica Analitica visura per immobile - Catasto Fabbricati."
"visura-storica","PI","SAN MINIATO","16","29","1","F","","analitica","","","PVP sales 3 (1109856,2203113,4563102); Storica Analitica visura per immobile - Catasto Fabbricati."
"visura-storica","PI","SAN MINIATO","16","30","1","F","","analitica","","","PVP sales 3 (1109856,2203113,4563102); Storica Analitica visura per immobile - Catasto Fabbricati."
"visura-storica","PI","SAN MINIATO","16","30","2","F","","analitica","","","PVP sales 3 (1109856,2203113,4563102); Storica Analitica visura per immobile - Catasto Fabbricati."
"visura-storica","PI","SAN MINIATO","16","35","","F","","analitica","","","PVP sales 3 (1109856,2203113,4563102); Storica Analitica visura per immobile - Catasto Fabbricati."
"visura-storica","PI","SAN MINIATO","16","35","","T","","analitica","","","PVP sales 3 (1109856,2203113,4563102); Storica Analitica visura per immobile - Catasto Terreni."
"visura-storica","PI","SAN MINIATO","16","402","","F","","analitica","","","PVP sales 3 (1109856,2203113,4563102); Storica Analitica visura per immobile - Catasto Fabbricati."
"visura-storica","PI","SAN MINIATO","16","402","","T","","analitica","","","PVP sales 3 (1109856,2203113,4563102); Storica Analitica visura per immobile - Catasto Terreni."
"visura-storica","PI","SAN MINIATO","17","1432","","F","","analitica","","","PVP sales 1 (4439869); Storica Analitica visura per immobile - Catasto Fabbricati."
"visura-storica","PI","SAN MINIATO","17","189","15","F","","analitica","","","PVP sales 1 (4439869); Storica Analitica visura per immobile - Catasto Fabbricati."
"visura-storica","PI","SAN MINIATO","17","189","22","F","","analitica","","","PVP sales 1 (4439869); Storica Analitica visura per immobile - Catasto Fabbricati."
"visura-storica","PI","SAN MINIATO","17","189","24","F","","analitica","","","PVP sales 1 (4439865); Storica Analitica visura per immobile - Catasto Fabbricati."
"visura-storica","PI","SAN MINIATO","17","1895","","T","","analitica","","","PVP sales 1 (4439869); Storica Analitica visura per immobile - Catasto Terreni."
"visura-storica","PI","SAN MINIATO","17","249","","T","","analitica","","","PVP sales 1 (4439869); Storica Analitica visura per immobile - Catasto Terreni."
"visura-storica","PI","SAN MINIATO","18","1278","13","F","","analitica","","","PVP sales 1 (1558502); Storica Analitica visura per immobile - Catasto Fabbricati."
"visura-storica","PI","SAN MINIATO","18","1278","14","F","","analitica","","","PVP sales 1 (1558502); Storica Analitica visura per immobile - Catasto Fabbricati."
"visura-storica","PI","SAN MINIATO","18","1278","15","F","","analitica","","","PVP sales 1 (1558502); Storica Analitica visura per immobile - Catasto Fabbricati."
"visura-storica","PI","SAN MINIATO","18","465","3","F","","analitica","","","PVP sales 1 (4525367); Storica Analitica visura per immobile - Catasto Fabbricati."
"visura-storica","PI","SAN MINIATO","21","177","1","F","","analitica","","","PVP sales 1 (4474249); Storica Analitica visura per immobile - Catasto Fabbricati."
"visura-storica","PI","SAN MINIATO","21","177","2","F","","analitica","","","PVP sales 1 (4474249); Storica Analitica visura per immobile - Catasto Fabbricati."
"visura-storica","PI","SAN MINIATO","21","386","","T","","analitica","","","PVP sales 1 (4474249); Storica Analitica visura per immobile - Catasto Terreni."
"visura-storica","PI","SAN MINIATO","21","387","","T","","analitica","","","PVP sales 1 (4474249); Storica Analitica visura per immobile - Catasto Terreni."
"visura-storica","PI","SAN MINIATO","21","388","","T","","analitica","","","PVP sales 1 (4474249); Storica Analitica visura per immobile - Catasto Terreni."
"visura-storica","PI","SAN MINIATO","21","389","","T","","analitica","","","PVP sales 1 (4474249); Storica Analitica visura per immobile - Catasto Terreni."
"visura-storica","PI","SAN MINIATO","22","1344","11","F","","analitica","","","PVP sales 1 (678446); Storica Analitica visura per immobile - Catasto Fabbricati."
"visura-storica","PI","SAN MINIATO","22","1344","28","F","","analitica","","","PVP sales 1 (678446); Storica Analitica visura per immobile - Catasto Fabbricati."
"visura-storica","PI","SAN MINIATO","23","150","10","F","","analitica","","","PVP sales 1 (1860212); Storica Analitica visura per immobile - Catasto Fabbricati."
"visura-storica","PI","SAN MINIATO","23","150","3","F","","analitica","","","PVP sales 1 (1860212); Storica Analitica visura per immobile - Catasto Fabbricati."
"visura-storica","PI","SAN MINIATO","23","150","4","F","","analitica","","","PVP sales 1 (1860218); Storica Analitica visura per immobile - Catasto Fabbricati."
"visura-storica","PI","SAN MINIATO","23","150","8","F","","analitica","","","PVP sales 2 (1860212,1860218); Storica Analitica visura per immobile - Catasto Fabbricati."
"visura-storica","PI","SAN MINIATO","23","150","9","F","","analitica","","","PVP sales 2 (1860212,1860218); Storica Analitica visura per immobile - Catasto Fabbricati."
"visura-storica","PI","SAN MINIATO","24","795","17","F","","analitica","","","PVP sales 3 (1517736,1644533,1762529); Storica Analitica visura per immobile - Catasto Fabbricati."
"visura-storica","PI","SAN MINIATO","24","795","171","F","","analitica","","","PVP sales 3 (1517736,1644533,1762529); Storica Analitica visura per immobile - Catasto Fabbricati."
"visura-storica","PI","SAN MINIATO","24","795","44","F","","analitica","","","PVP sales 3 (1517736,1644533,1762529); Storica Analitica visura per immobile - Catasto Fabbricati."
"visura-storica","PI","SAN MINIATO","24","795","93","F","","analitica","","","PVP sales 1 (783290); Storica Analitica visura per immobile - Catasto Fabbricati."
"visura-storica","PI","SAN MINIATO","26","437","1","F","","analitica","","","PVP sales 1 (4417099); Storica Analitica visura per immobile - Catasto Fabbricati."
"visura-storica","PI","SAN MINIATO","26","437","2","F","","analitica","","","PVP sales 1 (4417099); Storica Analitica visura per immobile - Catasto Fabbricati."
"visura-storica","PI","SAN MINIATO","26","437","3","F","","analitica","","","PVP sales 1 (4417099); Storica Analitica visura per immobile - Catasto Fabbricati."
"visura-storica","PI","SAN MINIATO","27","155","","F","","analitica","","","PVP sales 2 (2071971,4467528); Storica Analitica visura per immobile - Catasto Fabbricati."
"visura-storica","PI","SAN MINIATO","27","155","","T","","analitica","","","PVP sales 1 (2071971); Storica Analitica visura per immobile - Catasto Terreni."
"visura-storica","PI","SAN MINIATO","27","211","16","F","","analitica","","","PVP sales 5 (2071971,2138945,4237973,4408504,4467528); Storica Analitica visura per immobile - Catasto Fabbricati."
"visura-storica","PI","SAN MINIATO","27","211","19","F","","analitica","","","PVP sales 5 (2071971,2138945,4237973,4408504,4467528); Storica Analitica visura per immobile - Catasto Fabbricati."
"visura-storica","PI","SAN MINIATO","27","211","21","F","","analitica","","","PVP sales 5 (2071971,2138945,4237973,4408504,4467528); Storica Analitica visura per immobile - Catasto Fabbricati."
"visura-storica","PI","SAN MINIATO","27","211","22","F","","analitica","","","PVP sales 5 (2071971,2138945,4237973,4408504,4467528); Storica Analitica visura per immobile - Catasto Fabbricati."
"visura-storica","PI","SAN MINIATO","27","378","2","F","","analitica","","","PVP sales 2 (4499858,4540368); Storica Analitica visura per immobile - Catasto Fabbricati."
"visura-storica","PI","SAN MINIATO","27","65","3","F","","analitica","","","PVP sales 2 (1486095,1709502); Storica Analitica visura per immobile - Catasto Fabbricati."
"visura-storica","PI","SAN MINIATO","27","673","","F","","analitica","","","PVP sales 2 (4499858,4540368); Storica Analitica visura per immobile - Catasto Fabbricati."
"visura-storica","PI","SAN MINIATO","27","673","","T","","analitica","","","PVP sales 2 (4499858,4540368); Storica Analitica visura per immobile - Catasto Terreni."
"visura-storica","PI","SAN MINIATO","28","303","","T","","analitica","","","PVP sales 2 (2058819,2158918); Storica Analitica visura per immobile - Catasto Terreni."
"visura-storica","PI","SAN MINIATO","28","304","","F","","analitica","","","PVP sales 2 (2058819,2158918); Storica Analitica visura per immobile - Catasto Fabbricati."
"visura-storica","PI","SAN MINIATO","28","414","","T","","analitica","","","PVP sales 2 (2058819,2158918); Storica Analitica visura per immobile - Catasto Terreni."
"visura-storica","PI","SAN MINIATO","28","53","3","F","","analitica","","","PVP sales 2 (333409,605197); Storica Analitica visura per immobile - Catasto Fabbricati."
"visura-storica","PI","SAN MINIATO","28","53","6","F","","analitica","","","PVP sales 1 (605197); Storica Analitica visura per immobile - Catasto Fabbricati."
"visura-storica","PI","SAN MINIATO","3","129","7","F","","analitica","","","PVP sales 2 (2117565,2254969); Storica Analitica visura per immobile - Catasto Fabbricati."
"visura-storica","PI","SAN MINIATO","3","36","4","F","","analitica","","","PVP sales 1 (4240412); Storica Analitica visura per immobile - Catasto Fabbricati."
"visura-storica","PI","SAN MINIATO","30","1066","","T","","analitica","","","PVP sales 1 (4540765); Storica Analitica visura per immobile - Catasto Terreni."
"visura-storica","PI","SAN MINIATO","30","1098","","T","","analitica","","","PVP sales 1 (4540765); Storica Analitica visura per immobile - Catasto Terreni."
"visura-storica","PI","SAN MINIATO","30","1100","","T","","analitica","","","PVP sales 1 (4540765); Storica Analitica visura per immobile - Catasto Terreni."
"visura-storica","PI","SAN MINIATO","30","1102","","T","","analitica","","","PVP sales 1 (4540765); Storica Analitica visura per immobile - Catasto Terreni."
"visura-storica","PI","SAN MINIATO","30","1104","","T","","analitica","","","PVP sales 1 (4540765); Storica Analitica visura per immobile - Catasto Terreni."
"visura-storica","PI","SAN MINIATO","30","1183","","T","","analitica","","","PVP sales 1 (4540765); Storica Analitica visura per immobile - Catasto Terreni."
"visura-storica","PI","SAN MINIATO","30","1185","","T","","analitica","","","PVP sales 1 (4540765); Storica Analitica visura per immobile - Catasto Terreni."
"visura-storica","PI","SAN MINIATO","30","1187","","T","","analitica","","","PVP sales 1 (4540765); Storica Analitica visura per immobile - Catasto Terreni."
"visura-storica","PI","SAN MINIATO","33","2","","F","","analitica","","","PVP sales 1 (4548693); Storica Analitica visura per immobile - Catasto Fabbricati."
"visura-storica","PI","SAN MINIATO","33","2","","T","","analitica","","","PVP sales 1 (4548693); Storica Analitica visura per immobile - Catasto Terreni."
"visura-storica","PI","SAN MINIATO","33","2","18","F","","analitica","","","PVP sales 1 (4548693); Storica Analitica visura per immobile - Catasto Fabbricati."
"visura-storica","PI","SAN MINIATO","33","232","","T","","analitica","","","PVP sales 1 (4430455); Storica Analitica visura per immobile - Catasto Terreni."
"visura-storica","PI","SAN MINIATO","33","293","","T","","analitica","","","PVP sales 1 (4430455); Storica Analitica visura per immobile - Catasto Terreni."
"visura-storica","PI","SAN MINIATO","33","583","","T","","analitica","","","PVP sales 1 (4430455); Storica Analitica visura per immobile - Catasto Terreni."
"visura-storica","PI","SAN MINIATO","38","184","","F","","analitica","","","PVP sales 1 (4537750); Storica Analitica visura per immobile - Catasto Fabbricati."
"visura-storica","PI","SAN MINIATO","38","184","","T","","analitica","","","PVP sales 1 (4537750); Storica Analitica visura per immobile - Catasto Terreni."
"visura-storica","PI","SAN MINIATO","38","336","","F","","analitica","","","PVP sales 1 (4537750); Storica Analitica visura per immobile - Catasto Fabbricati."
"visura-storica","PI","SAN MINIATO","38","336","","T","","analitica","","","PVP sales 1 (4537750); Storica Analitica visura per immobile - Catasto Terreni."
"visura-storica","PI","SAN MINIATO","38","341","","F","","analitica","","","PVP sales 1 (4537750); Storica Analitica visura per immobile - Catasto Fabbricati."
"visura-storica","PI","SAN MINIATO","38","341","","T","","analitica","","","PVP sales 1 (4537750); Storica Analitica visura per immobile - Catasto Terreni."
"visura-storica","PI","SAN MINIATO","38","346","","F","","analitica","","","PVP sales 1 (4537750); Storica Analitica visura per immobile - Catasto Fabbricati."
"visura-storica","PI","SAN MINIATO","38","346","","T","","analitica","","","PVP sales 1 (4537750); Storica Analitica visura per immobile - Catasto Terreni."
"visura-storica","PI","SAN MINIATO","4","1032","","F","","analitica","","","PVP sales 4 (1589324,1676003,1781560,1909797); Storica Analitica visura per immobile - Catasto Fabbricati."
"visura-storica","PI","SAN MINIATO","4","1032","","T","","analitica","","","PVP sales 5 (1589098,1589324,1676003,1781560,1909797); Storica Analitica visura per immobile - Catasto Terreni."
"visura-storica","PI","SAN MINIATO","4","1398","5","F","","analitica","","","PVP sales 5 (1589098,1589324,1676003,1781560,1909797); Storica Analitica visura per immobile - Catasto Fabbricati."
"visura-storica","PI","SAN MINIATO","4","1398","7","F","","analitica","","","PVP sales 5 (1589098,1589324,1676003,1781560,1909797); Storica Analitica visura per immobile - Catasto Fabbricati."
"visura-storica","PI","SAN MINIATO","4","36","3","F","","analitica","","","PVP sales 1 (4240412); Storica Analitica visura per immobile - Catasto Fabbricati."
"visura-storica","PI","SAN MINIATO","4","405","5","F","","analitica","","","PVP sales 1 (4437884); Storica Analitica visura per immobile - Catasto Fabbricati."
"visura-storica","PI","SAN MINIATO","4","931","","F","","analitica","","","PVP sales 4 (1589324,1676003,1781560,1909797); Storica Analitica visura per immobile - Catasto Fabbricati."
"visura-storica","PI","SAN MINIATO","4","931","","T","","analitica","","","PVP sales 5 (1589098,1589324,1676003,1781560,1909797); Storica Analitica visura per immobile - Catasto Terreni."
"visura-storica","PI","SAN MINIATO","41","119","5","F","","analitica","","","PVP sales 2 (1112994,1113104); Storica Analitica visura per immobile - Catasto Fabbricati."
"visura-storica","PI","SAN MINIATO","41","119","6","F","","analitica","","","PVP sales 2 (1112963,1195996); Storica Analitica visura per immobile - Catasto Fabbricati."
"visura-storica","PI","SAN MINIATO","41","120","4","F","","analitica","","","PVP sales 2 (1112963,1195996); Storica Analitica visura per immobile - Catasto Fabbricati."
"visura-storica","PI","SAN MINIATO","41","120","6","F","","analitica","","","PVP sales 2 (1112994,1113104); Storica Analitica visura per immobile - Catasto Fabbricati."
"visura-storica","PI","SAN MINIATO","41","120","9","F","","analitica","","","PVP sales 1 (974100); Storica Analitica visura per immobile - Catasto Fabbricati."
"visura-storica","PI","SAN MINIATO","41","129","5","F","","analitica","","","PVP sales 1 (974100); Storica Analitica visura per immobile - Catasto Fabbricati."
"visura-storica","PI","SAN MINIATO","43","139","1","F","","analitica","","","PVP sales 1 (1920623); Storica Analitica visura per immobile - Catasto Fabbricati."
"visura-storica","PI","SAN MINIATO","43","140","7","F","","analitica","","","PVP sales 1 (1920623); Storica Analitica visura per immobile - Catasto Fabbricati."
"visura-storica","PI","SAN MINIATO","5","189","","F","","analitica","","","PVP sales 2 (2250167,4452064); Storica Analitica visura per immobile - Catasto Fabbricati."
"visura-storica","PI","SAN MINIATO","5","189","","T","","analitica","","","PVP sales 2 (2250167,4452064); Storica Analitica visura per immobile - Catasto Terreni."
"visura-storica","PI","SAN MINIATO","5","249","1","F","","analitica","","","PVP sales 1 (4452080); Storica Analitica visura per immobile - Catasto Fabbricati."
"visura-storica","PI","SAN MINIATO","5","249","2","F","","analitica","","","PVP sales 2 (2249104,4452082); Storica Analitica visura per immobile - Catasto Fabbricati."
"visura-storica","PI","SAN MINIATO","5","249","3","F","","analitica","","","PVP sales 2 (2250157,4452062); Storica Analitica visura per immobile - Catasto Fabbricati."
"visura-storica","PI","SAN MINIATO","5","249","4","F","","analitica","","","PVP sales 2 (2249102,4452063); Storica Analitica visura per immobile - Catasto Fabbricati."
"visura-storica","PI","SAN MINIATO","5","249","7","F","","analitica","","","PVP sales 2 (2250168,4452084); Storica Analitica visura per immobile - Catasto Fabbricati."
"visura-storica","PI","SAN MINIATO","5","356","16","F","","analitica","","","PVP sales 1 (4452106); Storica Analitica visura per immobile - Catasto Fabbricati."
"visura-storica","PI","SAN MINIATO","5","359","260","F","","analitica","","","PVP sales 1 (4452106); Storica Analitica visura per immobile - Catasto Fabbricati."
"visura-storica","PI","SAN MINIATO","57","214","","F","","analitica","","","PVP sales 3 (1923548,2128081,4389977); Storica Analitica visura per immobile - Catasto Fabbricati."
"visura-storica","PI","SAN MINIATO","57","214","","T","","analitica","","","PVP sales 3 (1923548,2128081,4389977); Storica Analitica visura per immobile - Catasto Terreni."
"visura-storica","PI","SAN MINIATO","57","506","","F","","analitica","","","PVP sales 3 (1923614,2128084,4389982); Storica Analitica visura per immobile - Catasto Fabbricati."
"visura-storica","PI","SAN MINIATO","57","506","","T","","analitica","","","PVP sales 3 (1923614,2128084,4389982); Storica Analitica visura per immobile - Catasto Terreni."
"visura-storica","PI","SAN MINIATO","57","621","1","F","","analitica","","","PVP sales 3 (1923502,2127733,4389904); Storica Analitica visura per immobile - Catasto Fabbricati."
"visura-storica","PI","SAN MINIATO","57","621","2","F","","analitica","","","PVP sales 3 (1923525,2128032,4389968); Storica Analitica visura per immobile - Catasto Fabbricati."
"visura-storica","PI","SAN MINIATO","57","621","3","F","","analitica","","","PVP sales 2 (2128076,4389974); Storica Analitica visura per immobile - Catasto Fabbricati."
"visura-storica","PI","SAN MINIATO","57","621","4","F","","analitica","","","PVP sales 3 (1923502,2127733,4389904); Storica Analitica visura per immobile - Catasto Fabbricati."
"visura-storica","PI","SAN MINIATO","57","621","5","F","","analitica","","","PVP sales 3 (1923502,2127733,4389904); Storica Analitica visura per immobile - Catasto Fabbricati."
"visura-storica","PI","SAN MINIATO","57","621","6","F","","analitica","","","PVP sales 3 (1923525,2128032,4389968); Storica Analitica visura per immobile - Catasto Fabbricati."
"visura-storica","PI","SAN MINIATO","57","621","7","F","","analitica","","","PVP sales 3 (1923525,2128032,4389968); Storica Analitica visura per immobile - Catasto Fabbricati."
"visura-storica","PI","SAN MINIATO","57","621","8","F","","analitica","","","PVP sales 2 (2128076,4389974); Storica Analitica visura per immobile - Catasto Fabbricati."
"visura-storica","PI","SAN MINIATO","57","621","9","F","","analitica","","","PVP sales 2 (2128076,4389974); Storica Analitica visura per immobile - Catasto Fabbricati."
"visura-storica","PI","SAN MINIATO","57","622","","F","","analitica","","","PVP sales 3 (1923614,2128084,4389982); Storica Analitica visura per immobile - Catasto Fabbricati."
"visura-storica","PI","SAN MINIATO","57","622","","T","","analitica","","","PVP sales 3 (1923614,2128084,4389982); Storica Analitica visura per immobile - Catasto Terreni."
"visura-storica","PI","SAN MINIATO","58","214","1","F","","analitica","","","PVP sales 1 (4443134); Storica Analitica visura per immobile - Catasto Fabbricati."
"visura-storica","PI","SAN MINIATO","58","214","2","F","","analitica","","","PVP sales 1 (4443134); Storica Analitica visura per immobile - Catasto Fabbricati."
"visura-storica","PI","SAN MINIATO","58","214","3","F","","analitica","","","PVP sales 1 (4443134); Storica Analitica visura per immobile - Catasto Fabbricati."
"visura-storica","PI","SAN MINIATO","58","231","","F","","analitica","","","PVP sales 1 (4443134); Storica Analitica visura per immobile - Catasto Fabbricati."
"visura-storica","PI","SAN MINIATO","58","62","","F","","analitica","","","PVP sales 3 (1923638,2128091,4389988); Storica Analitica visura per immobile - Catasto Fabbricati."
"visura-storica","PI","SAN MINIATO","58","62","","T","","analitica","","","PVP sales 3 (1923638,2128091,4389988); Storica Analitica visura per immobile - Catasto Terreni."
"visura-storica","PI","SAN MINIATO","58","63","","F","","analitica","","","PVP sales 3 (1923638,2128091,4389988); Storica Analitica visura per immobile - Catasto Fabbricati."
"visura-storica","PI","SAN MINIATO","58","63","","T","","analitica","","","PVP sales 3 (1923638,2128091,4389988); Storica Analitica visura per immobile - Catasto Terreni."
"visura-storica","PI","SAN MINIATO","61","109","","F","","analitica","","","PVP sales 1 (1983725); Storica Analitica visura per immobile - Catasto Fabbricati."
"visura-storica","PI","SAN MINIATO","61","109","","T","","analitica","","","PVP sales 1 (1983725); Storica Analitica visura per immobile - Catasto Terreni."
"visura-storica","PI","SAN MINIATO","61","133","","F","","analitica","","","PVP sales 1 (1983725); Storica Analitica visura per immobile - Catasto Fabbricati."
"visura-storica","PI","SAN MINIATO","61","133","","T","","analitica","","","PVP sales 1 (1983725); Storica Analitica visura per immobile - Catasto Terreni."
"visura-storica","PI","SAN MINIATO","61","163","5","F","","analitica","","","PVP sales 1 (1983725); Storica Analitica visura per immobile - Catasto Fabbricati."
"visura-storica","PI","SAN MINIATO","61","184","1","F","","analitica","","","PVP sales 1 (1983725); Storica Analitica visura per immobile - Catasto Fabbricati."
"visura-storica","PI","SAN MINIATO","61","184","2","F","","analitica","","","PVP sales 1 (1983725); Storica Analitica visura per immobile - Catasto Fabbricati."
"visura-storica","PI","SAN MINIATO","61","184","3","F","","analitica","","","PVP sales 1 (1983725); Storica Analitica visura per immobile - Catasto Fabbricati."
"visura-storica","PI","SAN MINIATO","61","184","4","F","","analitica","","","PVP sales 1 (1983725); Storica Analitica visura per immobile - Catasto Fabbricati."
"visura-storica","PI","SAN MINIATO","61","184","5","F","","analitica","","","PVP sales 1 (1983725); Storica Analitica visura per immobile - Catasto Fabbricati."
"visura-storica","PI","SAN MINIATO","61","184","6","F","","analitica","","","PVP sales 1 (1983725); Storica Analitica visura per immobile - Catasto Fabbricati."
"visura-storica","PI","SAN MINIATO","61","185","1","F","","analitica","","","PVP sales 1 (1983725); Storica Analitica visura per immobile - Catasto Fabbricati."
"visura-storica","PI","SAN MINIATO","61","185","2","F","","analitica","","","PVP sales 1 (1983725); Storica Analitica visura per immobile - Catasto Fabbricati."
"visura-storica","PI","SAN MINIATO","61","185","3","F","","analitica","","","PVP sales 1 (1983725); Storica Analitica visura per immobile - Catasto Fabbricati."
"visura-storica","PI","SAN MINIATO","61","185","4","F","","analitica","","","PVP sales 1 (1983725); Storica Analitica visura per immobile - Catasto Fabbricati."
"visura-storica","PI","SAN MINIATO","61","186","1","F","","analitica","","","PVP sales 1 (1983725); Storica Analitica visura per immobile - Catasto Fabbricati."
"visura-storica","PI","SAN MINIATO","61","186","2","F","","analitica","","","PVP sales 1 (1983725); Storica Analitica visura per immobile - Catasto Fabbricati."
"visura-storica","PI","SAN MINIATO","61","187","1","F","","analitica","","","PVP sales 1 (1983725); Storica Analitica visura per immobile - Catasto Fabbricati."
"visura-storica","PI","SAN MINIATO","61","187","2","F","","analitica","","","PVP sales 1 (1983725); Storica Analitica visura per immobile - Catasto Fabbricati."
"visura-storica","PI","SAN MINIATO","61","187","3","F","","analitica","","","PVP sales 1 (1983725); Storica Analitica visura per immobile - Catasto Fabbricati."
"visura-storica","PI","SAN MINIATO","61","187","4","F","","analitica","","","PVP sales 1 (1983725); Storica Analitica visura per immobile - Catasto Fabbricati."
"visura-storica","PI","SAN MINIATO","61","192","","F","","analitica","","","PVP sales 1 (1983725); Storica Analitica visura per immobile - Catasto Fabbricati."
"visura-storica","PI","SAN MINIATO","61","192","","T","","analitica","","","PVP sales 1 (1983725); Storica Analitica visura per immobile - Catasto Terreni."
"visura-storica","PI","SAN MINIATO","61","193","1","F","","analitica","","","PVP sales 1 (1983725); Storica Analitica visura per immobile - Catasto Fabbricati."
"visura-storica","PI","SAN MINIATO","61","193","2","F","","analitica","","","PVP sales 1 (1983725); Storica Analitica visura per immobile - Catasto Fabbricati."
"visura-storica","PI","SAN MINIATO","61","193","3","F","","analitica","","","PVP sales 1 (1983725); Storica Analitica visura per immobile - Catasto Fabbricati."
"visura-storica","PI","SAN MINIATO","61","193","4","F","","analitica","","","PVP sales 1 (1983725); Storica Analitica visura per immobile - Catasto Fabbricati."
"visura-storica","PI","SAN MINIATO","61","193","6","F","","analitica","","","PVP sales 1 (1983725); Storica Analitica visura per immobile - Catasto Fabbricati."
"visura-storica","PI","SAN MINIATO","61","193","7","F","","analitica","","","PVP sales 1 (1983725); Storica Analitica visura per immobile - Catasto Fabbricati."
"visura-storica","PI","SAN MINIATO","61","195","","F","","analitica","","","PVP sales 1 (1983725); Storica Analitica visura per immobile - Catasto Fabbricati."
"visura-storica","PI","SAN MINIATO","61","195","","T","","analitica","","","PVP sales 1 (1983725); Storica Analitica visura per immobile - Catasto Terreni."
"visura-storica","PI","SAN MINIATO","61","197","1","F","","analitica","","","PVP sales 1 (1983725); Storica Analitica visura per immobile - Catasto Fabbricati."
"visura-storica","PI","SAN MINIATO","61","197","10","F","","analitica","","","PVP sales 1 (1983725); Storica Analitica visura per immobile - Catasto Fabbricati."
"visura-storica","PI","SAN MINIATO","61","197","11","F","","analitica","","","PVP sales 1 (1983725); Storica Analitica visura per immobile - Catasto Fabbricati."
"visura-storica","PI","SAN MINIATO","61","197","12","F","","analitica","","","PVP sales 1 (1983725); Storica Analitica visura per immobile - Catasto Fabbricati."
"visura-storica","PI","SAN MINIATO","61","197","13","F","","analitica","","","PVP sales 1 (1983725); Storica Analitica visura per immobile - Catasto Fabbricati."
"visura-storica","PI","SAN MINIATO","61","197","14","F","","analitica","","","PVP sales 1 (1983725); Storica Analitica visura per immobile - Catasto Fabbricati."
"visura-storica","PI","SAN MINIATO","61","197","2","F","","analitica","","","PVP sales 1 (1983725); Storica Analitica visura per immobile - Catasto Fabbricati."
"visura-storica","PI","SAN MINIATO","61","197","3","F","","analitica","","","PVP sales 1 (1983725); Storica Analitica visura per immobile - Catasto Fabbricati."
"visura-storica","PI","SAN MINIATO","61","197","4","F","","analitica","","","PVP sales 1 (1983725); Storica Analitica visura per immobile - Catasto Fabbricati."
"visura-storica","PI","SAN MINIATO","61","197","5","F","","analitica","","","PVP sales 1 (1983725); Storica Analitica visura per immobile - Catasto Fabbricati."
"visura-storica","PI","SAN MINIATO","61","197","6","F","","analitica","","","PVP sales 1 (1983725); Storica Analitica visura per immobile - Catasto Fabbricati."
"visura-storica","PI","SAN MINIATO","61","197","7","F","","analitica","","","PVP sales 1 (1983725); Storica Analitica visura per immobile - Catasto Fabbricati."
"visura-storica","PI","SAN MINIATO","61","197","8","F","","analitica","","","PVP sales 1 (1983725); Storica Analitica visura per immobile - Catasto Fabbricati."
"visura-storica","PI","SAN MINIATO","61","197","9","F","","analitica","","","PVP sales 1 (1983725); Storica Analitica visura per immobile - Catasto Fabbricati."
"visura-storica","PI","SAN MINIATO","61","198","1","F","","analitica","","","PVP sales 1 (1983725); Storica Analitica visura per immobile - Catasto Fabbricati."
"visura-storica","PI","SAN MINIATO","61","198","2","F","","analitica","","","PVP sales 1 (1983725); Storica Analitica visura per immobile - Catasto Fabbricati."
"visura-storica","PI","SAN MINIATO","61","198","3","F","","analitica","","","PVP sales 1 (1983725); Storica Analitica visura per immobile - Catasto Fabbricati."
"visura-storica","PI","SAN MINIATO","61","198","4","F","","analitica","","","PVP sales 1 (1983725); Storica Analitica visura per immobile - Catasto Fabbricati."
"visura-storica","PI","SAN MINIATO","61","198","5","F","","analitica","","","PVP sales 1 (1983725); Storica Analitica visura per immobile - Catasto Fabbricati."
"visura-storica","PI","SAN MINIATO","61","198","6","F","","analitica","","","PVP sales 1 (1983725); Storica Analitica visura per immobile - Catasto Fabbricati."
"visura-storica","PI","SAN MINIATO","61","198","7","F","","analitica","","","PVP sales 1 (1983725); Storica Analitica visura per immobile - Catasto Fabbricati."
"visura-storica","PI","SAN MINIATO","61","198","8","F","","analitica","","","PVP sales 1 (1983725); Storica Analitica visura per immobile - Catasto Fabbricati."
"visura-storica","PI","SAN MINIATO","61","200","","F","","analitica","","","PVP sales 1 (1983725); Storica Analitica visura per immobile - Catasto Fabbricati."
"visura-storica","PI","SAN MINIATO","61","200","","T","","analitica","","","PVP sales 1 (1983725); Storica Analitica visura per immobile - Catasto Terreni."
"visura-storica","PI","SAN MINIATO","61","202","","F","","analitica","","","PVP sales 1 (1983725); Storica Analitica visura per immobile - Catasto Fabbricati."
"visura-storica","PI","SAN MINIATO","61","202","","T","","analitica","","","PVP sales 1 (1983725); Storica Analitica visura per immobile - Catasto Terreni."
"visura-storica","PI","SAN MINIATO","61","204","","F","","analitica","","","PVP sales 1 (1983725); Storica Analitica visura per immobile - Catasto Fabbricati."
"visura-storica","PI","SAN MINIATO","61","204","","T","","analitica","","","PVP sales 1 (1983725); Storica Analitica visura per immobile - Catasto Terreni."
"visura-storica","PI","SAN MINIATO","61","205","","F","","analitica","","","PVP sales 1 (1983725); Storica Analitica visura per immobile - Catasto Fabbricati."
"visura-storica","PI","SAN MINIATO","61","205","","T","","analitica","","","PVP sales 1 (1983725); Storica Analitica visura per immobile - Catasto Terreni."
"visura-storica","PI","SAN MINIATO","61","207","","F","","analitica","","","PVP sales 1 (1983725); Storica Analitica visura per immobile - Catasto Fabbricati."
"visura-storica","PI","SAN MINIATO","61","207","","T","","analitica","","","PVP sales 1 (1983725); Storica Analitica visura per immobile - Catasto Terreni."
"visura-storica","PI","SAN MINIATO","61","209","","F","","analitica","","","PVP sales 1 (1983725); Storica Analitica visura per immobile - Catasto Fabbricati."
"visura-storica","PI","SAN MINIATO","61","209","","T","","analitica","","","PVP sales 1 (1983725); Storica Analitica visura per immobile - Catasto Terreni."
"visura-storica","PI","SAN MINIATO","61","65","1","F","","analitica","","","PVP sales 1 (1983725); Storica Analitica visura per immobile - Catasto Fabbricati."
"visura-storica","PI","SAN MINIATO","61","65","2","F","","analitica","","","PVP sales 1 (1983725); Storica Analitica visura per immobile - Catasto Fabbricati."
"visura-storica","PI","SAN MINIATO","61","65","3","F","","analitica","","","PVP sales 1 (1983725); Storica Analitica visura per immobile - Catasto Fabbricati."
"visura-storica","PI","SAN MINIATO","61","65","4","F","","analitica","","","PVP sales 1 (1983725); Storica Analitica visura per immobile - Catasto Fabbricati."
"visura-storica","PI","SAN MINIATO","61","66","3","F","","analitica","","","PVP sales 1 (1983725); Storica Analitica visura per immobile - Catasto Fabbricati."
"visura-storica","PI","SAN MINIATO","61","66","4","F","","analitica","","","PVP sales 1 (1983725); Storica Analitica visura per immobile - Catasto Fabbricati."
"visura-storica","PI","SAN MINIATO","61","66","5","F","","analitica","","","PVP sales 1 (1983725); Storica Analitica visura per immobile - Catasto Fabbricati."
"visura-storica","PI","SAN MINIATO","61","67","","F","","analitica","","","PVP sales 1 (1983725); Storica Analitica visura per immobile - Catasto Fabbricati."
"visura-storica","PI","SAN MINIATO","61","67","","T","","analitica","","","PVP sales 1 (1983725); Storica Analitica visura per immobile - Catasto Terreni."
"visura-storica","PI","SAN MINIATO","61","70","1","F","","analitica","","","PVP sales 1 (1983725); Storica Analitica visura per immobile - Catasto Fabbricati."
"visura-storica","PI","SAN MINIATO","61","70","2","F","","analitica","","","PVP sales 1 (1983725); Storica Analitica visura per immobile - Catasto Fabbricati."
"visura-storica","PI","SAN MINIATO","61","70","3","F","","analitica","","","PVP sales 1 (1983725); Storica Analitica visura per immobile - Catasto Fabbricati."
"visura-storica","PI","SAN MINIATO","61","70","4","F","","analitica","","","PVP sales 1 (1983725); Storica Analitica visura per immobile - Catasto Fabbricati."
"visura-storica","PI","SAN MINIATO","61","70","5","F","","analitica","","","PVP sales 1 (1983725); Storica Analitica visura per immobile - Catasto Fabbricati."
"visura-storica","PI","SAN MINIATO","61","70","6","F","","analitica","","","PVP sales 1 (1983725); Storica Analitica visura per immobile - Catasto Fabbricati."
"visura-storica","PI","SAN MINIATO","61","70","7","F","","analitica","","","PVP sales 1 (1983725); Storica Analitica visura per immobile - Catasto Fabbricati."
"visura-storica","PI","SAN MINIATO","61","70","8","F","","analitica","","","PVP sales 1 (1983725); Storica Analitica visura per immobile - Catasto Fabbricati."
"visura-storica","PI","SAN MINIATO","61","95","2","F","","analitica","","","PVP sales 1 (1983725); Storica Analitica visura per immobile - Catasto Fabbricati."
"visura-storica","PI","SAN MINIATO","61","95","3","F","","analitica","","","PVP sales 1 (1983725); Storica Analitica visura per immobile - Catasto Fabbricati."
"visura-storica","PI","SAN MINIATO","61","95","4","F","","analitica","","","PVP sales 1 (1983725); Storica Analitica visura per immobile - Catasto Fabbricati."
"visura-storica","PI","SAN MINIATO","61","95","5","F","","analitica","","","PVP sales 1 (1983725); Storica Analitica visura per immobile - Catasto Fabbricati."
"visura-storica","PI","SAN MINIATO","61","97","3","F","","analitica","","","PVP sales 1 (1983725); Storica Analitica visura per immobile - Catasto Fabbricati."
"visura-storica","PI","SAN MINIATO","61","97","4","F","","analitica","","","PVP sales 1 (1983725); Storica Analitica visura per immobile - Catasto Fabbricati."
"visura-storica","PI","SAN MINIATO","61","97","5","F","","analitica","","","PVP sales 1 (1983725); Storica Analitica visura per immobile - Catasto Fabbricati."
"visura-storica","PI","SAN MINIATO","61","97","6","F","","analitica","","","PVP sales 1 (1983725); Storica Analitica visura per immobile - Catasto Fabbricati."
"visura-storica","PI","SAN MINIATO","61","99","","F","","analitica","","","PVP sales 1 (1983725); Storica Analitica visura per immobile - Catasto Fabbricati."
"visura-storica","PI","SAN MINIATO","61","99","","T","","analitica","","","PVP sales 1 (1983725); Storica Analitica visura per immobile - Catasto Terreni."
"visura-storica","PI","SAN MINIATO","65","103","","F","","analitica","","","PVP sales 3 (1923641,2128094,4407271); Storica Analitica visura per immobile - Catasto Fabbricati."
"visura-storica","PI","SAN MINIATO","65","103","","T","","analitica","","","PVP sales 3 (1923641,2128094,4407271); Storica Analitica visura per immobile - Catasto Terreni."
"visura-storica","PI","SAN MINIATO","65","206","","F","","analitica","","","PVP sales 3 (1923641,2128094,4407271); Storica Analitica visura per immobile - Catasto Fabbricati."
"visura-storica","PI","SAN MINIATO","65","206","","T","","analitica","","","PVP sales 3 (1923641,2128094,4407271); Storica Analitica visura per immobile - Catasto Terreni."
"visura-storica","PI","SAN MINIATO","65","262","","F","","analitica","","","PVP sales 3 (1923641,2128094,4407271); Storica Analitica visura per immobile - Catasto Fabbricati."
"visura-storica","PI","SAN MINIATO","65","262","","T","","analitica","","","PVP sales 3 (1923641,2128094,4407271); Storica Analitica visura per immobile - Catasto Terreni."
"visura-storica","PI","SAN MINIATO","65","264","","F","","analitica","","","PVP sales 1 (2128094); Storica Analitica visura per immobile - Catasto Fabbricati."
"visura-storica","PI","SAN MINIATO","65","264","","T","","analitica","","","PVP sales 1 (2128094); Storica Analitica visura per immobile - Catasto Terreni."
"visura-storica","PI","SAN MINIATO","65","266","","F","","analitica","","","PVP sales 3 (1923641,2128094,4407271); Storica Analitica visura per immobile - Catasto Fabbricati."
"visura-storica","PI","SAN MINIATO","65","266","","T","","analitica","","","PVP sales 3 (1923641,2128094,4407271); Storica Analitica visura per immobile - Catasto Terreni."
"visura-storica","PI","SAN MINIATO","65","267","","F","","analitica","","","PVP sales 3 (1923641,2128094,4407271); Storica Analitica visura per immobile - Catasto Fabbricati."
"visura-storica","PI","SAN MINIATO","65","267","","T","","analitica","","","PVP sales 3 (1923641,2128094,4407271); Storica Analitica visura per immobile - Catasto Terreni."
"visura-storica","PI","SAN MINIATO","65","268","","F","","analitica","","","PVP sales 3 (1923641,2128094,4407271); Storica Analitica visura per immobile - Catasto Fabbricati."
"visura-storica","PI","SAN MINIATO","65","268","","T","","analitica","","","PVP sales 3 (1923641,2128094,4407271); Storica Analitica visura per immobile - Catasto Terreni."
"visura-storica","PI","SAN MINIATO","65","269","","F","","analitica","","","PVP sales 3 (1923641,2128094,4407271); Storica Analitica visura per immobile - Catasto Fabbricati."
"visura-storica","PI","SAN MINIATO","65","269","","T","","analitica","","","PVP sales 3 (1923641,2128094,4407271); Storica Analitica visura per immobile - Catasto Terreni."
"visura-storica","PI","SAN MINIATO","65","270","","F","","analitica","","","PVP sales 3 (1923641,2128094,4407271); Storica Analitica visura per immobile - Catasto Fabbricati."
"visura-storica","PI","SAN MINIATO","65","270","","T","","analitica","","","PVP sales 3 (1923641,2128094,4407271); Storica Analitica visura per immobile - Catasto Terreni."
"visura-storica","PI","SAN MINIATO","65","28","","F","","analitica","","","PVP sales 1 (2128094); Storica Analitica visura per immobile - Catasto Fabbricati."
"visura-storica","PI","SAN MINIATO","65","28","","T","","analitica","","","PVP sales 1 (2128094); Storica Analitica visura per immobile - Catasto Terreni."
"visura-storica","PI","SAN MINIATO","65","287","","F","","analitica","","","PVP sales 3 (1923641,2128094,4407271); Storica Analitica visura per immobile - Catasto Fabbricati."
"visura-storica","PI","SAN MINIATO","65","287","","T","","analitica","","","PVP sales 3 (1923641,2128094,4407271); Storica Analitica visura per immobile - Catasto Terreni."
"visura-storica","PI","SAN MINIATO","65","289","","F","","analitica","","","PVP sales 3 (1923641,2128094,4407271); Storica Analitica visura per immobile - Catasto Fabbricati."
"visura-storica","PI","SAN MINIATO","65","289","","T","","analitica","","","PVP sales 3 (1923641,2128094,4407271); Storica Analitica visura per immobile - Catasto Terreni."
"visura-storica","PI","SAN MINIATO","65","290","","F","","analitica","","","PVP sales 3 (1923641,2128094,4407271); Storica Analitica visura per immobile - Catasto Fabbricati."
"visura-storica","PI","SAN MINIATO","65","290","","T","","analitica","","","PVP sales 3 (1923641,2128094,4407271); Storica Analitica visura per immobile - Catasto Terreni."
"visura-storica","PI","SAN MINIATO","65","375","4","F","","analitica","","","PVP sales 3 (1923641,2128094,4407271); Storica Analitica visura per immobile - Catasto Fabbricati."
"visura-storica","PI","SAN MINIATO","65","389","","F","","analitica","","","PVP sales 3 (1923641,2128094,4407271); Storica Analitica visura per immobile - Catasto Fabbricati."
"visura-storica","PI","SAN MINIATO","65","389","","T","","analitica","","","PVP sales 3 (1923641,2128094,4407271); Storica Analitica visura per immobile - Catasto Terreni."
"visura-storica","PI","SAN MINIATO","65","390","","F","","analitica","","","PVP sales 3 (1923641,2128094,4407271); Storica Analitica visura per immobile - Catasto Fabbricati."
"visura-storica","PI","SAN MINIATO","65","390","","T","","analitica","","","PVP sales 3 (1923641,2128094,4407271); Storica Analitica visura per immobile - Catasto Terreni."
"visura-storica","PI","SAN MINIATO","65","69","","F","","analitica","","","PVP sales 3 (1923641,2128094,4407271); Storica Analitica visura per immobile - Catasto Fabbricati."
"visura-storica","PI","SAN MINIATO","65","69","","T","","analitica","","","PVP sales 3 (1923641,2128094,4407271); Storica Analitica visura per immobile - Catasto Terreni."
"visura-storica","PI","SAN MINIATO","67","228","","F","","analitica","","","PVP sales 1 (1983725); Storica Analitica visura per immobile - Catasto Fabbricati."
"visura-storica","PI","SAN MINIATO","67","228","","T","","analitica","","","PVP sales 1 (1983725); Storica Analitica visura per immobile - Catasto Terreni."
"visura-storica","PI","SAN MINIATO","7","124","16","F","","analitica","","","PVP sales 1 (4438793); Storica Analitica visura per immobile - Catasto Fabbricati."
"visura-storica","PI","SAN MINIATO","78","130","","F","","analitica","","","PVP sales 2 (1923641,4407271); Storica Analitica visura per immobile - Catasto Fabbricati."
"visura-storica","PI","SAN MINIATO","78","130","","T","","analitica","","","PVP sales 2 (1923641,4407271); Storica Analitica visura per immobile - Catasto Terreni."
"visura-storica","PI","SAN MINIATO","78","154","","F","","analitica","","","PVP sales 2 (1923641,4407271); Storica Analitica visura per immobile - Catasto Fabbricati."
"visura-storica","PI","SAN MINIATO","78","154","","T","","analitica","","","PVP sales 2 (1923641,4407271); Storica Analitica visura per immobile - Catasto Terreni."
"visura-storica","PI","SAN MINIATO","78","170","","F","","analitica","","","PVP sales 3 (1923641,2128094,4407271); Storica Analitica visura per immobile - Catasto Fabbricati."
"visura-storica","PI","SAN MINIATO","78","170","","T","","analitica","","","PVP sales 3 (1923641,2128094,4407271); Storica Analitica visura per immobile - Catasto Terreni."
"visura-storica","PI","SAN MINIATO","78","24","","F","","analitica","","","PVP sales 3 (1923641,2128094,4407271); Storica Analitica visura per immobile - Catasto Fabbricati."
"visura-storica","PI","SAN MINIATO","78","24","","T","","analitica","","","PVP sales 3 (1923641,2128094,4407271); Storica Analitica visura per immobile - Catasto Terreni."
"visura-storica","PI","SAN MINIATO","78","245","","F","","analitica","","","PVP sales 2 (1923641,4407271); Storica Analitica visura per immobile - Catasto Fabbricati."
"visura-storica","PI","SAN MINIATO","78","245","","T","","analitica","","","PVP sales 2 (1923641,4407271); Storica Analitica visura per immobile - Catasto Terreni."
"visura-storica","PI","SAN MINIATO","78","246","","F","","analitica","","","PVP sales 2 (1923641,4407271); Storica Analitica visura per immobile - Catasto Fabbricati."
"visura-storica","PI","SAN MINIATO","78","246","","T","","analitica","","","PVP sales 2 (1923641,4407271); Storica Analitica visura per immobile - Catasto Terreni."
"visura-storica","PI","SAN MINIATO","78","248","","F","","analitica","","","PVP sales 3 (1923641,2128094,4407271); Storica Analitica visura per immobile - Catasto Fabbricati."
"visura-storica","PI","SAN MINIATO","78","248","","T","","analitica","","","PVP sales 3 (1923641,2128094,4407271); Storica Analitica visura per immobile - Catasto Terreni."
"visura-storica","PI","SAN MINIATO","78","249","","F","","analitica","","","PVP sales 3 (1923641,2128094,4407271); Storica Analitica visura per immobile - Catasto Fabbricati."
"visura-storica","PI","SAN MINIATO","78","249","","T","","analitica","","","PVP sales 3 (1923641,2128094,4407271); Storica Analitica visura per immobile - Catasto Terreni."
"visura-storica","PI","SAN MINIATO","78","250","","F","","analitica","","","PVP sales 2 (1923641,4407271); Storica Analitica visura per immobile - Catasto Fabbricati."
"visura-storica","PI","SAN MINIATO","78","250","","T","","analitica","","","PVP sales 2 (1923641,4407271); Storica Analitica visura per immobile - Catasto Terreni."
"visura-storica","PI","SAN MINIATO","78","251","","F","","analitica","","","PVP sales 2 (1923641,4407271); Storica Analitica visura per immobile - Catasto Fabbricati."
"visura-storica","PI","SAN MINIATO","78","251","","T","","analitica","","","PVP sales 2 (1923641,4407271); Storica Analitica visura per immobile - Catasto Terreni."
"visura-storica","PI","SAN MINIATO","78","252","","F","","analitica","","","PVP sales 2 (1923641,4407271); Storica Analitica visura per immobile - Catasto Fabbricati."
"visura-storica","PI","SAN MINIATO","78","252","","T","","analitica","","","PVP sales 2 (1923641,4407271); Storica Analitica visura per immobile - Catasto Terreni."
"visura-storica","PI","SAN MINIATO","78","253","","F","","analitica","","","PVP sales 2 (1923641,4407271); Storica Analitica visura per immobile - Catasto Fabbricati."
"visura-storica","PI","SAN MINIATO","78","253","","T","","analitica","","","PVP sales 2 (1923641,4407271); Storica Analitica visura per immobile - Catasto Terreni."
"visura-storica","PI","SAN MINIATO","78","254","","F","","analitica","","","PVP sales 2 (1923641,4407271); Storica Analitica visura per immobile - Catasto Fabbricati."
"visura-storica","PI","SAN MINIATO","78","254","","T","","analitica","","","PVP sales 2 (1923641,4407271); Storica Analitica visura per immobile - Catasto Terreni."
"visura-storica","PI","SAN MINIATO","78","255","","F","","analitica","","","PVP sales 2 (1923641,4407271); Storica Analitica visura per immobile - Catasto Fabbricati."
"visura-storica","PI","SAN MINIATO","78","255","","T","","analitica","","","PVP sales 2 (1923641,4407271); Storica Analitica visura per immobile - Catasto Terreni."
"visura-storica","PI","SAN MINIATO","78","256","","F","","analitica","","","PVP sales 2 (1923641,4407271); Storica Analitica visura per immobile - Catasto Fabbricati."
"visura-storica","PI","SAN MINIATO","78","256","","T","","analitica","","","PVP sales 2 (1923641,4407271); Storica Analitica visura per immobile - Catasto Terreni."
"visura-storica","PI","SAN MINIATO","78","258","","F","","analitica","","","PVP sales 3 (1923641,2128094,4407271); Storica Analitica visura per immobile - Catasto Fabbricati."
"visura-storica","PI","SAN MINIATO","78","258","","T","","analitica","","","PVP sales 3 (1923641,2128094,4407271); Storica Analitica visura per immobile - Catasto Terreni."
"visura-storica","PI","SAN MINIATO","78","260","","F","","analitica","","","PVP sales 3 (1923641,2128094,4407271); Storica Analitica visura per immobile - Catasto Fabbricati."
"visura-storica","PI","SAN MINIATO","78","260","","T","","analitica","","","PVP sales 3 (1923641,2128094,4407271); Storica Analitica visura per immobile - Catasto Terreni."
"visura-storica","PI","SAN MINIATO","78","261","","F","","analitica","","","PVP sales 3 (1923641,2128094,4407271); Storica Analitica visura per immobile - Catasto Fabbricati."
"visura-storica","PI","SAN MINIATO","78","261","","T","","analitica","","","PVP sales 3 (1923641,2128094,4407271); Storica Analitica visura per immobile - Catasto Terreni."
"visura-storica","PI","SAN MINIATO","78","263","","F","","analitica","","","PVP sales 3 (1923641,2128094,4407271); Storica Analitica visura per immobile - Catasto Fabbricati."
"visura-storica","PI","SAN MINIATO","78","263","","T","","analitica","","","PVP sales 3 (1923641,2128094,4407271); Storica Analitica visura per immobile - Catasto Terreni."
"visura-storica","PI","SAN MINIATO","78","264","","F","","analitica","","","PVP sales 2 (1923641,4407271); Storica Analitica visura per immobile - Catasto Fabbricati."
"visura-storica","PI","SAN MINIATO","78","264","","T","","analitica","","","PVP sales 2 (1923641,4407271); Storica Analitica visura per immobile - Catasto Terreni."
"visura-storica","PI","SAN MINIATO","78","28","","F","","analitica","","","PVP sales 2 (1923641,4407271); Storica Analitica visura per immobile - Catasto Fabbricati."
"visura-storica","PI","SAN MINIATO","78","28","","T","","analitica","","","PVP sales 2 (1923641,4407271); Storica Analitica visura per immobile - Catasto Terreni."
"visura-storica","PI","SAN MINIATO","78","287","","F","","analitica","","","PVP sales 3 (1923641,2128094,4407271); Storica Analitica visura per immobile - Catasto Fabbricati."
"visura-storica","PI","SAN MINIATO","78","287","","T","","analitica","","","PVP sales 3 (1923641,2128094,4407271); Storica Analitica visura per immobile - Catasto Terreni."
"visura-storica","PI","SAN MINIATO","78","289","","F","","analitica","","","PVP sales 3 (1923641,2128094,4407271); Storica Analitica visura per immobile - Catasto Fabbricati."
"visura-storica","PI","SAN MINIATO","78","289","","T","","analitica","","","PVP sales 3 (1923641,2128094,4407271); Storica Analitica visura per immobile - Catasto Terreni."
"visura-storica","PI","SAN MINIATO","78","291","","F","","analitica","","","PVP sales 3 (1923641,2128094,4407271); Storica Analitica visura per immobile - Catasto Fabbricati."
"visura-storica","PI","SAN MINIATO","78","291","","T","","analitica","","","PVP sales 3 (1923641,2128094,4407271); Storica Analitica visura per immobile - Catasto Terreni."
"visura-storica","PI","SAN MINIATO","78","293","","F","","analitica","","","PVP sales 3 (1923641,2128094,4407271); Storica Analitica visura per immobile - Catasto Fabbricati."
"visura-storica","PI","SAN MINIATO","78","293","","T","","analitica","","","PVP sales 3 (1923641,2128094,4407271); Storica Analitica visura per immobile - Catasto Terreni."
"visura-storica","PI","SAN MINIATO","78","61","","F","","analitica","","","PVP sales 3 (1923641,2128094,4407271); Storica Analitica visura per immobile - Catasto Fabbricati."
"visura-storica","PI","SAN MINIATO","78","61","","T","","analitica","","","PVP sales 3 (1923641,2128094,4407271); Storica Analitica visura per immobile - Catasto Terreni."
"visura-storica","PI","SAN MINIATO","79","10","","F","","analitica","","","PVP sales 3 (1923641,2128094,4407271); Storica Analitica visura per immobile - Catasto Fabbricati."
"visura-storica","PI","SAN MINIATO","79","10","","T","","analitica","","","PVP sales 3 (1923641,2128094,4407271); Storica Analitica visura per immobile - Catasto Terreni."
"visura-storica","PI","SAN MINIATO","79","104","","F","","analitica","","","PVP sales 3 (1923641,2128094,4407271); Storica Analitica visura per immobile - Catasto Fabbricati."
"visura-storica","PI","SAN MINIATO","79","104","","T","","analitica","","","PVP sales 3 (1923641,2128094,4407271); Storica Analitica visura per immobile - Catasto Terreni."
"visura-storica","PI","SAN MINIATO","79","109","","F","","analitica","","","PVP sales 3 (1923641,2128094,4407271); Storica Analitica visura per immobile - Catasto Fabbricati."
"visura-storica","PI","SAN MINIATO","79","109","","T","","analitica","","","PVP sales 3 (1923641,2128094,4407271); Storica Analitica visura per immobile - Catasto Terreni."
"visura-storica","PI","SAN MINIATO","79","11","","F","","analitica","","","PVP sales 3 (1923641,2128094,4407271); Storica Analitica visura per immobile - Catasto Fabbricati."
"visura-storica","PI","SAN MINIATO","79","11","","T","","analitica","","","PVP sales 3 (1923641,2128094,4407271); Storica Analitica visura per immobile - Catasto Terreni."
"visura-storica","PI","SAN MINIATO","79","110","","F","","analitica","","","PVP sales 3 (1923641,2128094,4407271); Storica Analitica visura per immobile - Catasto Fabbricati."
"visura-storica","PI","SAN MINIATO","79","110","","T","","analitica","","","PVP sales 3 (1923641,2128094,4407271); Storica Analitica visura per immobile - Catasto Terreni."
"visura-storica","PI","SAN MINIATO","79","111","","F","","analitica","","","PVP sales 3 (1923641,2128094,4407271); Storica Analitica visura per immobile - Catasto Fabbricati."
"visura-storica","PI","SAN MINIATO","79","111","","T","","analitica","","","PVP sales 3 (1923641,2128094,4407271); Storica Analitica visura per immobile - Catasto Terreni."
"visura-storica","PI","SAN MINIATO","79","177","","F","","analitica","","","PVP sales 3 (1923641,2128094,4407271); Storica Analitica visura per immobile - Catasto Fabbricati."
"visura-storica","PI","SAN MINIATO","79","177","","T","","analitica","","","PVP sales 3 (1923641,2128094,4407271); Storica Analitica visura per immobile - Catasto Terreni."
"visura-storica","PI","SAN MINIATO","79","18","","F","","analitica","","","PVP sales 3 (1923641,2128094,4407271); Storica Analitica visura per immobile - Catasto Fabbricati."
"visura-storica","PI","SAN MINIATO","79","18","","T","","analitica","","","PVP sales 3 (1923641,2128094,4407271); Storica Analitica visura per immobile - Catasto Terreni."
"visura-storica","PI","SAN MINIATO","79","193","","F","","analitica","","","PVP sales 3 (1923641,2128094,4407271); Storica Analitica visura per immobile - Catasto Fabbricati."
"visura-storica","PI","SAN MINIATO","79","193","","T","","analitica","","","PVP sales 3 (1923641,2128094,4407271); Storica Analitica visura per immobile - Catasto Terreni."
"visura-storica","PI","SAN MINIATO","79","194","","F","","analitica","","","PVP sales 3 (1923641,2128094,4407271); Storica Analitica visura per immobile - Catasto Fabbricati."
"visura-storica","PI","SAN MINIATO","79","194","","T","","analitica","","","PVP sales 3 (1923641,2128094,4407271); Storica Analitica visura per immobile - Catasto Terreni."
"visura-storica","PI","SAN MINIATO","79","195","","F","","analitica","","","PVP sales 3 (1923641,2128094,4407271); Storica Analitica visura per immobile - Catasto Fabbricati."
"visura-storica","PI","SAN MINIATO","79","195","","T","","analitica","","","PVP sales 3 (1923641,2128094,4407271); Storica Analitica visura per immobile - Catasto Terreni."
"visura-storica","PI","SAN MINIATO","79","196","","F","","analitica","","","PVP sales 3 (1923641,2128094,4407271); Storica Analitica visura per immobile - Catasto Fabbricati."
"visura-storica","PI","SAN MINIATO","79","196","","T","","analitica","","","PVP sales 3 (1923641,2128094,4407271); Storica Analitica visura per immobile - Catasto Terreni."
"visura-storica","PI","SAN MINIATO","79","197","","F","","analitica","","","PVP sales 3 (1923641,2128094,4407271); Storica Analitica visura per immobile - Catasto Fabbricati."
"visura-storica","PI","SAN MINIATO","79","197","","T","","analitica","","","PVP sales 3 (1923641,2128094,4407271); Storica Analitica visura per immobile - Catasto Terreni."
"visura-storica","PI","SAN MINIATO","79","199","","F","","analitica","","","PVP sales 3 (1923641,2128094,4407271); Storica Analitica visura per immobile - Catasto Fabbricati."
"visura-storica","PI","SAN MINIATO","79","199","","T","","analitica","","","PVP sales 3 (1923641,2128094,4407271); Storica Analitica visura per immobile - Catasto Terreni."
"visura-storica","PI","SAN MINIATO","79","20","","F","","analitica","","","PVP sales 3 (1923641,2128094,4407271); Storica Analitica visura per immobile - Catasto Fabbricati."
"visura-storica","PI","SAN MINIATO","79","20","","T","","analitica","","","PVP sales 3 (1923641,2128094,4407271); Storica Analitica visura per immobile - Catasto Terreni."
"visura-storica","PI","SAN MINIATO","79","200","","F","","analitica","","","PVP sales 3 (1923641,2128094,4407271); Storica Analitica visura per immobile - Catasto Fabbricati."
"visura-storica","PI","SAN MINIATO","79","200","","T","","analitica","","","PVP sales 3 (1923641,2128094,4407271); Storica Analitica visura per immobile - Catasto Terreni."
"visura-storica","PI","SAN MINIATO","79","202","","F","","analitica","","","PVP sales 3 (1923641,2128094,4407271); Storica Analitica visura per immobile - Catasto Fabbricati."
"visura-storica","PI","SAN MINIATO","79","202","","T","","analitica","","","PVP sales 3 (1923641,2128094,4407271); Storica Analitica visura per immobile - Catasto Terreni."
"visura-storica","PI","SAN MINIATO","79","205","","F","","analitica","","","PVP sales 3 (1923641,2128094,4407271); Storica Analitica visura per immobile - Catasto Fabbricati."
"visura-storica","PI","SAN MINIATO","79","205","","T","","analitica","","","PVP sales 3 (1923641,2128094,4407271); Storica Analitica visura per immobile - Catasto Terreni."
"visura-storica","PI","SAN MINIATO","79","22","","F","","analitica","","","PVP sales 3 (1923641,2128094,4407271); Storica Analitica visura per immobile - Catasto Fabbricati."
"visura-storica","PI","SAN MINIATO","79","22","","T","","analitica","","","PVP sales 3 (1923641,2128094,4407271); Storica Analitica visura per immobile - Catasto Terreni."
"visura-storica","PI","SAN MINIATO","79","221","","F","","analitica","","","PVP sales 3 (1923641,2128094,4407271); Storica Analitica visura per immobile - Catasto Fabbricati."
"visura-storica","PI","SAN MINIATO","79","221","","T","","analitica","","","PVP sales 3 (1923641,2128094,4407271); Storica Analitica visura per immobile - Catasto Terreni."
"visura-storica","PI","SAN MINIATO","79","223","","F","","analitica","","","PVP sales 3 (1923641,2128094,4407271); Storica Analitica visura per immobile - Catasto Fabbricati."
"visura-storica","PI","SAN MINIATO","79","223","","T","","analitica","","","PVP sales 3 (1923641,2128094,4407271); Storica Analitica visura per immobile - Catasto Terreni."
"visura-storica","PI","SAN MINIATO","79","225","","F","","analitica","","","PVP sales 3 (1923641,2128094,4407271); Storica Analitica visura per immobile - Catasto Fabbricati."
"visura-storica","PI","SAN MINIATO","79","225","","T","","analitica","","","PVP sales 3 (1923641,2128094,4407271); Storica Analitica visura per immobile - Catasto Terreni."
"visura-storica","PI","SAN MINIATO","79","227","","F","","analitica","","","PVP sales 3 (1923641,2128094,4407271); Storica Analitica visura per immobile - Catasto Fabbricati."
"visura-storica","PI","SAN MINIATO","79","227","","T","","analitica","","","PVP sales 3 (1923641,2128094,4407271); Storica Analitica visura per immobile - Catasto Terreni."
"visura-storica","PI","SAN MINIATO","79","229","","F","","analitica","","","PVP sales 3 (1923641,2128094,4407271); Storica Analitica visura per immobile - Catasto Fabbricati."
"visura-storica","PI","SAN MINIATO","79","229","","T","","analitica","","","PVP sales 3 (1923641,2128094,4407271); Storica Analitica visura per immobile - Catasto Terreni."
"visura-storica","PI","SAN MINIATO","79","23","","F","","analitica","","","PVP sales 3 (1923641,2128094,4407271); Storica Analitica visura per immobile - Catasto Fabbricati."
"visura-storica","PI","SAN MINIATO","79","23","","T","","analitica","","","PVP sales 3 (1923641,2128094,4407271); Storica Analitica visura per immobile - Catasto Terreni."
"visura-storica","PI","SAN MINIATO","79","231","","F","","analitica","","","PVP sales 3 (1923641,2128094,4407271); Storica Analitica visura per immobile - Catasto Fabbricati."
"visura-storica","PI","SAN MINIATO","79","231","","T","","analitica","","","PVP sales 3 (1923641,2128094,4407271); Storica Analitica visura per immobile - Catasto Terreni."
"visura-storica","PI","SAN MINIATO","79","248","2","F","","analitica","","","PVP sales 3 (1923641,2128094,4407271); Storica Analitica visura per immobile - Catasto Fabbricati."
"visura-storica","PI","SAN MINIATO","79","248","3","F","","analitica","","","PVP sales 3 (1923641,2128094,4407271); Storica Analitica visura per immobile - Catasto Fabbricati."
"visura-storica","PI","SAN MINIATO","79","248","4","F","","analitica","","","PVP sales 3 (1923641,2128094,4407271); Storica Analitica visura per immobile - Catasto Fabbricati."
"visura-storica","PI","SAN MINIATO","79","249","","F","","analitica","","","PVP sales 3 (1923641,2128094,4407271); Storica Analitica visura per immobile - Catasto Fabbricati."
"visura-storica","PI","SAN MINIATO","79","249","","T","","analitica","","","PVP sales 3 (1923641,2128094,4407271); Storica Analitica visura per immobile - Catasto Terreni."
"visura-storica","PI","SAN MINIATO","79","25","","F","","analitica","","","PVP sales 3 (1923641,2128094,4407271); Storica Analitica visura per immobile - Catasto Fabbricati."
"visura-storica","PI","SAN MINIATO","79","25","","T","","analitica","","","PVP sales 3 (1923641,2128094,4407271); Storica Analitica visura per immobile - Catasto Terreni."
"visura-storica","PI","SAN MINIATO","79","272","1","F","","analitica","","","PVP sales 3 (1923641,2128094,4407271); Storica Analitica visura per immobile - Catasto Fabbricati."
"visura-storica","PI","SAN MINIATO","79","94","","F","","analitica","","","PVP sales 3 (1923641,2128094,4407271); Storica Analitica visura per immobile - Catasto Fabbricati."
"visura-storica","PI","SAN MINIATO","79","94","","T","","analitica","","","PVP sales 3 (1923641,2128094,4407271); Storica Analitica visura per immobile - Catasto Terreni."
"visura-storica","PI","SAN MINIATO","79","95","","F","","analitica","","","PVP sales 3 (1923641,2128094,4407271); Storica Analitica visura per immobile - Catasto Fabbricati."
"visura-storica","PI","SAN MINIATO","79","95","","T","","analitica","","","PVP sales 3 (1923641,2128094,4407271); Storica Analitica visura per immobile - Catasto Terreni."
"visura-storica","PI","SAN MINIATO","83","107","","T","","analitica","","","PVP sales 2 (4251831,4475276); Storica Analitica visura per immobile - Catasto Terreni."
"visura-storica","PI","SAN MINIATO","83","166","","T","","analitica","","","PVP sales 2 (4251831,4475276); Storica Analitica visura per immobile - Catasto Terreni."
"visura-storica","PI","SAN MINIATO","83","167","","T","","analitica","","","PVP sales 2 (4251831,4475276); Storica Analitica visura per immobile - Catasto Terreni."
"visura-storica","PI","SAN MINIATO","83","176","","T","","analitica","","","PVP sales 2 (4251831,4475276); Storica Analitica visura per immobile - Catasto Terreni."
"visura-storica","PI","SAN MINIATO","83","19","","T","","analitica","","","PVP sales 2 (4251831,4475276); Storica Analitica visura per immobile - Catasto Terreni."
"visura-storica","PI","SAN MINIATO","83","20","","T","","analitica","","","PVP sales 2 (4251831,4475276); Storica Analitica visura per immobile - Catasto Terreni."
"visura-storica","PI","SAN MINIATO","83","21","","T","","analitica","","","PVP sales 2 (4251831,4475276); Storica Analitica visura per immobile - Catasto Terreni."
"visura-storica","PI","SAN MINIATO","83","22","","T","","analitica","","","PVP sales 2 (4251831,4475276); Storica Analitica visura per immobile - Catasto Terreni."
"visura-storica","PI","SAN MINIATO","83","23","","T","","analitica","","","PVP sales 2 (4251831,4475276); Storica Analitica visura per immobile - Catasto Terreni."
"visura-storica","PI","SAN MINIATO","83","3","","T","","analitica","","","PVP sales 2 (4251831,4475276); Storica Analitica visura per immobile - Catasto Terreni."
"visura-storica","PI","SAN MINIATO","83","30","","T","","analitica","","","PVP sales 2 (4251831,4475276); Storica Analitica visura per immobile - Catasto Terreni."
"visura-storica","PI","SAN MINIATO","83","38","","T","","analitica","","","PVP sales 2 (4251831,4475276); Storica Analitica visura per immobile - Catasto Terreni."
"visura-storica","PI","SAN MINIATO","83","4","","T","","analitica","","","PVP sales 2 (4251831,4475276); Storica Analitica visura per immobile - Catasto Terreni."
"visura-storica","PI","SAN MINIATO","83","8","","T","","analitica","","","PVP sales 2 (4251831,4475276); Storica Analitica visura per immobile - Catasto Terreni."
"visura-storica","PI","SAN MINIATO","83","82","","T","","analitica","","","PVP sales 2 (4251831,4475276); Storica Analitica visura per immobile - Catasto Terreni."
"visura-storica","PI","SAN MINIATO","83","84","","T","","analitica","","","PVP sales 2 (4251831,4475276); Storica Analitica visura per immobile - Catasto Terreni."
"visura-storica","PI","SAN MINIATO","83","85","","T","","analitica","","","PVP sales 2 (4251831,4475276); Storica Analitica visura per immobile - Catasto Terreni."
"visura-storica","PI","SAN MINIATO","83","9","","T","","analitica","","","PVP sales 2 (4251831,4475276); Storica Analitica visura per immobile - Catasto Terreni."
"visura-storica","PI","SAN MINIATO","83","94","","T","","analitica","","","PVP sales 2 (4251831,4475276); Storica Analitica visura per immobile - Catasto Terreni."
"visura-storica","PI","SAN MINIATO","93","27","","F","","analitica","","","PVP sales 1 (1438482); Storica Analitica visura per immobile - Catasto Fabbricati."
"visura-storica","PI","SAN MINIATO","93","27","","T","","analitica","","","PVP sales 1 (1438482); Storica Analitica visura per immobile - Catasto Terreni."
"visura-storica","PI","SAN MINIATO","93","27","5","F","","analitica","","","PVP sales 2 (850133,983571); Storica Analitica visura per immobile - Catasto Fabbricati."
"visura-storica","PI","SAN MINIATO","96","271","4","F","","analitica","","","PVP sales 1 (2115045); Storica Analitica visura per immobile - Catasto Fabbricati."
"visura-storica","PI","SAN MINIATO","96","271","8","F","","analitica","","","PVP sales 1 (2115045); Storica Analitica visura per immobile - Catasto Fabbricati."
"visura-storica","PI","SANTA CROCE SULL'ARNO","10","328","1","F","","analitica","","","PVP sales 1 (218790); Storica Analitica visura per immobile - Catasto Fabbricati."
"visura-storica","PI","SANTA CROCE SULL'ARNO","10","328","17","F","","analitica","","","PVP sales 1 (218790); Storica Analitica visura per immobile - Catasto Fabbricati."
"visura-storica","PI","SANTA CROCE SULL'ARNO","10","329","1","F","","analitica","","","PVP sales 1 (218790); Storica Analitica visura per immobile - Catasto Fabbricati."
"visura-storica","PI","SANTA CROCE SULL'ARNO","11","461","2","F","","analitica","","","PVP sales 1 (325074); Storica Analitica visura per immobile - Catasto Fabbricati."
"visura-storica","PI","SANTA CROCE SULL'ARNO","11","865","","F","","analitica","","","PVP sales 1 (325074); Storica Analitica visura per immobile - Catasto Fabbricati."
"visura-storica","PI","SANTA CROCE SULL'ARNO","11","865","","T","","analitica","","","PVP sales 1 (325074); Storica Analitica visura per immobile - Catasto Terreni."
"visura-storica","PI","SANTA CROCE SULL'ARNO","11","866","","F","","analitica","","","PVP sales 1 (325074); Storica Analitica visura per immobile - Catasto Fabbricati."
"visura-storica","PI","SANTA CROCE SULL'ARNO","11","866","","T","","analitica","","","PVP sales 1 (325074); Storica Analitica visura per immobile - Catasto Terreni."
"visura-storica","PI","SANTA CROCE SULL'ARNO","12","224","11","F","","analitica","","","PVP sales 1 (1772877); Storica Analitica visura per immobile - Catasto Fabbricati."
"visura-storica","PI","SANTA CROCE SULL'ARNO","12","224","6","F","","analitica","","","PVP sales 1 (1772877); Storica Analitica visura per immobile - Catasto Fabbricati."
"visura-storica","PI","SANTA CROCE SULL'ARNO","12","241","7","F","","analitica","","","PVP sales 1 (2129945); Storica Analitica visura per immobile - Catasto Fabbricati."
"visura-storica","PI","SANTA CROCE SULL'ARNO","12","393","2","F","","analitica","","","PVP sales 1 (2129945); Storica Analitica visura per immobile - Catasto Fabbricati."
"visura-storica","PI","SANTA CROCE SULL'ARNO","14","1083","37","F","","analitica","","","PVP sales 1 (4492036); Storica Analitica visura per immobile - Catasto Fabbricati."
"visura-storica","PI","SANTA CROCE SULL'ARNO","14","1083","9","F","","analitica","","","PVP sales 1 (4492036); Storica Analitica visura per immobile - Catasto Fabbricati."
"visura-storica","PI","SANTA CROCE SULL'ARNO","14","1096","17","F","","analitica","","","PVP sales 2 (4246735,4523162); Storica Analitica visura per immobile - Catasto Fabbricati."
"visura-storica","PI","SANTA CROCE SULL'ARNO","14","1096","2","F","","analitica","","","PVP sales 2 (4246735,4523162); Storica Analitica visura per immobile - Catasto Fabbricati."
"visura-storica","PI","SANTA CROCE SULL'ARNO","14","221","4","F","","analitica","","","PVP sales 2 (1964182,2248406); Storica Analitica visura per immobile - Catasto Fabbricati."
"visura-storica","PI","SANTA CROCE SULL'ARNO","14","240","","F","","analitica","","","PVP sales 3 (4257617,4427648,4520110); Storica Analitica visura per immobile - Catasto Fabbricati."
"visura-storica","PI","SANTA CROCE SULL'ARNO","14","240","","T","","analitica","","","PVP sales 2 (4427648,4520110); Storica Analitica visura per immobile - Catasto Terreni."
"visura-storica","PI","SANTA CROCE SULL'ARNO","14","295","4","F","","analitica","","","PVP sales 1 (2208984); Storica Analitica visura per immobile - Catasto Fabbricati."
"visura-storica","PI","SANTA CROCE SULL'ARNO","14","295","6","F","","analitica","","","PVP sales 1 (2208984); Storica Analitica visura per immobile - Catasto Fabbricati."
"visura-storica","PI","SANTA CROCE SULL'ARNO","14","393","3","F","","analitica","","","PVP sales 1 (4526153); Storica Analitica visura per immobile - Catasto Fabbricati."
"visura-storica","PI","SANTA CROCE SULL'ARNO","14","393","4","F","","analitica","","","PVP sales 1 (4526153); Storica Analitica visura per immobile - Catasto Fabbricati."
"visura-storica","PI","SANTA CROCE SULL'ARNO","14","393","6","F","","analitica","","","PVP sales 1 (4526153); Storica Analitica visura per immobile - Catasto Fabbricati."
"visura-storica","PI","SANTA CROCE SULL'ARNO","14","537","1","F","","analitica","","","PVP sales 7 (1675882,1781414,1909781,1976774,1976784 +2 more); Storica Analitica visura per immobile - Catasto Fabbricati."
"visura-storica","PI","SANTA CROCE SULL'ARNO","14","537","2","F","","analitica","","","PVP sales 7 (1675882,1781414,1909781,1976774,1976784 +2 more); Storica Analitica visura per immobile - Catasto Fabbricati."
"visura-storica","PI","SANTA CROCE SULL'ARNO","14","537","3","F","","analitica","","","PVP sales 2 (1675952,1781427); Storica Analitica visura per immobile - Catasto Fabbricati."
"visura-storica","PI","SANTA CROCE SULL'ARNO","14","538","1","F","","analitica","","","PVP sales 1 (4541683); Storica Analitica visura per immobile - Catasto Fabbricati."
"visura-storica","PI","SANTA CROCE SULL'ARNO","14","538","3","F","","analitica","","","PVP sales 1 (4541666); Storica Analitica visura per immobile - Catasto Fabbricati."
"visura-storica","PI","SANTA CROCE SULL'ARNO","14","918","","F","","analitica","","","PVP sales 1 (4480622); Storica Analitica visura per immobile - Catasto Fabbricati."
"visura-storica","PI","SANTA CROCE SULL'ARNO","14","918","","T","","analitica","","","PVP sales 1 (4480622); Storica Analitica visura per immobile - Catasto Terreni."
"visura-storica","PI","SANTA CROCE SULL'ARNO","15","1568","","F","","analitica","","","PVP sales 1 (4251604); Storica Analitica visura per immobile - Catasto Fabbricati."
"visura-storica","PI","SANTA CROCE SULL'ARNO","15","1568","","T","","analitica","","","PVP sales 1 (4251604); Storica Analitica visura per immobile - Catasto Terreni."
"visura-storica","PI","SANTA CROCE SULL'ARNO","15","209","1","F","","analitica","","","PVP sales 1 (4251604); Storica Analitica visura per immobile - Catasto Fabbricati."
"visura-storica","PI","SANTA CROCE SULL'ARNO","15","259","7","F","","analitica","","","PVP sales 2 (561638,981229); Storica Analitica visura per immobile - Catasto Fabbricati."
"visura-storica","PI","SANTA CROCE SULL'ARNO","15","46","1","F","","analitica","","","PVP sales 4 (2013689,2116663,2254007,4461728); Storica Analitica visura per immobile - Catasto Fabbricati."
"visura-storica","PI","SANTA CROCE SULL'ARNO","15","46","2","F","","analitica","","","PVP sales 2 (2013803,2117071); Storica Analitica visura per immobile - Catasto Fabbricati."
"visura-storica","PI","SANTA CROCE SULL'ARNO","15","661","10","F","","analitica","","","PVP sales 1 (466059); Storica Analitica visura per immobile - Catasto Fabbricati."
"visura-storica","PI","SANTA CROCE SULL'ARNO","16","1531","26","F","","analitica","","","PVP sales 3 (517075,653866,808368); Storica Analitica visura per immobile - Catasto Fabbricati."
"visura-storica","PI","SANTA CROCE SULL'ARNO","16","1531","72","F","","analitica","","","PVP sales 2 (517075,808368); Storica Analitica visura per immobile - Catasto Fabbricati."
"visura-storica","PI","SANTA CROCE SULL'ARNO","16","216","27","F","","analitica","","","PVP sales 1 (895281); Storica Analitica visura per immobile - Catasto Fabbricati."
"visura-storica","PI","SANTA CROCE SULL'ARNO","16","216","31","F","","analitica","","","PVP sales 1 (895281); Storica Analitica visura per immobile - Catasto Fabbricati."
"visura-storica","PI","SANTA CROCE SULL'ARNO","16","353","3","F","","analitica","","","PVP sales 1 (4541652); Storica Analitica visura per immobile - Catasto Fabbricati."
"visura-storica","PI","SANTA CROCE SULL'ARNO","16","713","13","F","","analitica","","","PVP sales 2 (4458650,4534480); Storica Analitica visura per immobile - Catasto Fabbricati."
"visura-storica","PI","SANTA CROCE SULL'ARNO","16","715","20","F","","analitica","","","PVP sales 3 (618451,790721,950959); Storica Analitica visura per immobile - Catasto Fabbricati."
"visura-storica","PI","SANTA CROCE SULL'ARNO","17","175","8","F","","analitica","","","PVP sales 2 (4427080,4502426); Storica Analitica visura per immobile - Catasto Fabbricati."
"visura-storica","PI","SANTA CROCE SULL'ARNO","18","121","5","F","","analitica","","","PVP sales 1 (4533602); Storica Analitica visura per immobile - Catasto Fabbricati."
"visura-storica","PI","SANTA CROCE SULL'ARNO","18","121","6","F","","analitica","","","PVP sales 1 (4533602); Storica Analitica visura per immobile - Catasto Fabbricati."
"visura-storica","PI","SANTA CROCE SULL'ARNO","18","343","14","F","","analitica","","","PVP sales 1 (2244010); Storica Analitica visura per immobile - Catasto Fabbricati."
"visura-storica","PI","SANTA CROCE SULL'ARNO","18","403","12","F","","analitica","","","PVP sales 1 (2244250); Storica Analitica visura per immobile - Catasto Fabbricati."
"visura-storica","PI","SANTA CROCE SULL'ARNO","18","403","13","F","","analitica","","","PVP sales 1 (2244194); Storica Analitica visura per immobile - Catasto Fabbricati."
"visura-storica","PI","SANTA CROCE SULL'ARNO","18","403","14","F","","analitica","","","PVP sales 1 (2244198); Storica Analitica visura per immobile - Catasto Fabbricati."
"visura-storica","PI","SANTA CROCE SULL'ARNO","18","403","8","F","","analitica","","","PVP sales 1 (2244023); Storica Analitica visura per immobile - Catasto Fabbricati."
"visura-storica","PI","SANTA CROCE SULL'ARNO","18","403","9","F","","analitica","","","PVP sales 1 (2244199); Storica Analitica visura per immobile - Catasto Fabbricati."
"visura-storica","PI","SANTA CROCE SULL'ARNO","18","440","15","F","","analitica","","","PVP sales 3 (2048920,2118391,2194831); Storica Analitica visura per immobile - Catasto Fabbricati."
"visura-storica","PI","SANTA CROCE SULL'ARNO","18","440","16","F","","analitica","","","PVP sales 3 (2048920,2118391,2194831); Storica Analitica visura per immobile - Catasto Fabbricati."
"visura-storica","PI","SANTA CROCE SULL'ARNO","18","440","17","F","","analitica","","","PVP sales 3 (2048920,2118391,2194831); Storica Analitica visura per immobile - Catasto Fabbricati."
"visura-storica","PI","SANTA CROCE SULL'ARNO","18","440","20","F","","analitica","","","PVP sales 3 (2048920,2118391,2194831); Storica Analitica visura per immobile - Catasto Fabbricati."
"visura-storica","PI","SANTA CROCE SULL'ARNO","18","927","1","F","","analitica","","","PVP sales 1 (95702); Storica Analitica visura per immobile - Catasto Fabbricati."
"visura-storica","PI","SANTA CROCE SULL'ARNO","18","969","13","F","","analitica","","","PVP sales 2 (1622542,2074811); Storica Analitica visura per immobile - Catasto Fabbricati."
"visura-storica","PI","SANTA CROCE SULL'ARNO","18","969","26","F","","analitica","","","PVP sales 1 (965698); Storica Analitica visura per immobile - Catasto Fabbricati."
"visura-storica","PI","SANTA CROCE SULL'ARNO","18","997","601","F","","analitica","","","PVP sales 2 (1622542,2074811); Storica Analitica visura per immobile - Catasto Fabbricati."
"visura-storica","PI","SANTA CROCE SULL'ARNO","19","361","1","F","","analitica","","","PVP sales 3 (2250061,4261397,4499894); Storica Analitica visura per immobile - Catasto Fabbricati."
"visura-storica","PI","SANTA CROCE SULL'ARNO","19","361","2","F","","analitica","","","PVP sales 3 (2250061,4261397,4499894); Storica Analitica visura per immobile - Catasto Fabbricati."
"visura-storica","PI","SANTA CROCE SULL'ARNO","19","361","3","F","","analitica","","","PVP sales 3 (2250061,4261397,4499894); Storica Analitica visura per immobile - Catasto Fabbricati."
"visura-storica","PI","SANTA CROCE SULL'ARNO","19","403","11","F","","analitica","","","PVP sales 1 (2244196); Storica Analitica visura per immobile - Catasto Fabbricati."
"visura-storica","PI","SANTA CROCE SULL'ARNO","19","55","4","F","","analitica","","","PVP sales 1 (2251022); Storica Analitica visura per immobile - Catasto Fabbricati."
"visura-storica","PI","SANTA CROCE SULL'ARNO","19","55","5","F","","analitica","","","PVP sales 3 (2155219,2251027,4443001); Storica Analitica visura per immobile - Catasto Fabbricati."
"visura-storica","PI","SANTA CROCE SULL'ARNO","19","55","6","F","","analitica","","","PVP sales 2 (2155221,2251039); Storica Analitica visura per immobile - Catasto Fabbricati."
"visura-storica","PI","SANTA CROCE SULL'ARNO","19","55","7","F","","analitica","","","PVP sales 3 (2155223,2251049,4442989); Storica Analitica visura per immobile - Catasto Fabbricati."
"visura-storica","PI","SANTA CROCE SULL'ARNO","2","343","","F","","analitica","","","PVP sales 1 (4480620); Storica Analitica visura per immobile - Catasto Fabbricati."
"visura-storica","PI","SANTA CROCE SULL'ARNO","2","343","","T","","analitica","","","PVP sales 1 (4480620); Storica Analitica visura per immobile - Catasto Terreni."
"visura-storica","PI","SANTA CROCE SULL'ARNO","2","353","","F","","analitica","","","PVP sales 1 (4480620); Storica Analitica visura per immobile - Catasto Fabbricati."
"visura-storica","PI","SANTA CROCE SULL'ARNO","2","353","","T","","analitica","","","PVP sales 1 (4480620); Storica Analitica visura per immobile - Catasto Terreni."
"visura-storica","PI","SANTA CROCE SULL'ARNO","2","538","","F","","analitica","","","PVP sales 1 (4480619); Storica Analitica visura per immobile - Catasto Fabbricati."
"visura-storica","PI","SANTA CROCE SULL'ARNO","2","538","","T","","analitica","","","PVP sales 1 (4480619); Storica Analitica visura per immobile - Catasto Terreni."
"visura-storica","PI","SANTA CROCE SULL'ARNO","26","1531","72","F","","analitica","","","PVP sales 1 (653866); Storica Analitica visura per immobile - Catasto Fabbricati."
"visura-storica","PI","SANTA CROCE SULL'ARNO","5","104","6","F","","analitica","","","PVP sales 1 (4248350); Storica Analitica visura per immobile - Catasto Fabbricati."
"visura-storica","PI","SANTA CROCE SULL'ARNO","6","17","","F","","analitica","","","PVP sales 1 (4480621); Storica Analitica visura per immobile - Catasto Fabbricati."
"visura-storica","PI","SANTA CROCE SULL'ARNO","6","17","","T","","analitica","","","PVP sales 1 (4480621); Storica Analitica visura per immobile - Catasto Terreni."
"visura-storica","PI","SANTA CROCE SULL'ARNO","6","1709","","F","","analitica","","","PVP sales 1 (131003); Storica Analitica visura per immobile - Catasto Fabbricati."
"visura-storica","PI","SANTA CROCE SULL'ARNO","6","1709","","T","","analitica","","","PVP sales 1 (131003); Storica Analitica visura per immobile - Catasto Terreni."
"visura-storica","PI","SANTA CROCE SULL'ARNO","6","23","","F","","analitica","","","PVP sales 1 (4480621); Storica Analitica visura per immobile - Catasto Fabbricati."
"visura-storica","PI","SANTA CROCE SULL'ARNO","6","23","","T","","analitica","","","PVP sales 1 (4480621); Storica Analitica visura per immobile - Catasto Terreni."
"visura-storica","PI","SANTA CROCE SULL'ARNO","6","286","3","F","","analitica","","","PVP sales 1 (4492749); Storica Analitica visura per immobile - Catasto Fabbricati."
"visura-storica","PI","SANTA CROCE SULL'ARNO","84","3004","10","F","","analitica","","","PVP sales 1 (389150); Storica Analitica visura per immobile - Catasto Fabbricati."
"visura-storica","PI","SANTA CROCE SULL'ARNO","84","3004","12","F","","analitica","","","PVP sales 1 (388838); Storica Analitica visura per immobile - Catasto Fabbricati."
"visura-storica","PI","SANTA LUCE","29","129","30","F","","analitica","","","PVP sales 2 (384606,873212); Storica Analitica visura per immobile - Catasto Fabbricati."
"visura-storica","PI","SANTA LUCE","29","129","31","F","","analitica","","","PVP sales 1 (384624); Storica Analitica visura per immobile - Catasto Fabbricati."
"visura-storica","PI","SANTA LUCE","29","129","32","F","","analitica","","","PVP sales 1 (870377); Storica Analitica visura per immobile - Catasto Fabbricati."
"visura-storica","PI","SANTA LUCE","29","129","33","F","","analitica","","","PVP sales 1 (870403); Storica Analitica visura per immobile - Catasto Fabbricati."
"visura-storica","PI","SANTA LUCE","29","129","37","F","","analitica","","","PVP sales 2 (384606,873212); Storica Analitica visura per immobile - Catasto Fabbricati."
"visura-storica","PI","SANTA LUCE","29","129","38","F","","analitica","","","PVP sales 2 (384624,870366); Storica Analitica visura per immobile - Catasto Fabbricati."
"visura-storica","PI","SANTA LUCE","29","129","41","F","","analitica","","","PVP sales 1 (870403); Storica Analitica visura per immobile - Catasto Fabbricati."
"visura-storica","PI","SANTA LUCE","29","129","42","F","","analitica","","","PVP sales 1 (870388); Storica Analitica visura per immobile - Catasto Fabbricati."
"visura-storica","PI","SANTA LUCE","29","129","43","F","","analitica","","","PVP sales 1 (870377); Storica Analitica visura per immobile - Catasto Fabbricati."
"visura-storica","PI","SANTA LUCE","29","42","26","F","","analitica","","","PVP sales 1 (870388); Storica Analitica visura per immobile - Catasto Fabbricati."
"visura-storica","PI","SANTA LUCE","48","402","4","F","","analitica","","","PVP sales 1 (443186); Storica Analitica visura per immobile - Catasto Fabbricati."
"visura-storica","PI","SANTA LUCE","48","402","5","F","","analitica","","","PVP sales 1 (443186); Storica Analitica visura per immobile - Catasto Fabbricati."
"visura-storica","PI","SANTA LUCE","52","141","","F","","analitica","","","PVP sales 1 (2168367); Storica Analitica visura per immobile - Catasto Fabbricati."
"visura-storica","PI","SANTA LUCE","52","141","","T","","analitica","","","PVP sales 1 (2168367); Storica Analitica visura per immobile - Catasto Terreni."
"visura-storica","PI","SANTA LUCE","52","191","","F","","analitica","","","PVP sales 1 (2168367); Storica Analitica visura per immobile - Catasto Fabbricati."
"visura-storica","PI","SANTA LUCE","52","191","","T","","analitica","","","PVP sales 1 (2168367); Storica Analitica visura per immobile - Catasto Terreni."
"visura-storica","PI","SANTA LUCE","52","192","","F","","analitica","","","PVP sales 1 (2168367); Storica Analitica visura per immobile - Catasto Fabbricati."
"visura-storica","PI","SANTA LUCE","52","192","","T","","analitica","","","PVP sales 1 (2168367); Storica Analitica visura per immobile - Catasto Terreni."
"visura-storica","PI","SANTA LUCE","52","94","","F","","analitica","","","PVP sales 1 (2168367); Storica Analitica visura per immobile - Catasto Fabbricati."
"visura-storica","PI","SANTA LUCE","52","94","","T","","analitica","","","PVP sales 1 (2168367); Storica Analitica visura per immobile - Catasto Terreni."
"visura-storica","PI","SANTA MARIA A MONTE","12","326","","F","","analitica","","","PVP sales 1 (1846033); Storica Analitica visura per immobile - Catasto Fabbricati."
"visura-storica","PI","SANTA MARIA A MONTE","12","326","","T","","analitica","","","PVP sales 1 (1846033); Storica Analitica visura per immobile - Catasto Terreni."
"visura-storica","PI","SANTA MARIA A MONTE","12","329","","F","","analitica","","","PVP sales 1 (1846033); Storica Analitica visura per immobile - Catasto Fabbricati."
"visura-storica","PI","SANTA MARIA A MONTE","12","329","","T","","analitica","","","PVP sales 1 (1846033); Storica Analitica visura per immobile - Catasto Terreni."
"visura-storica","PI","SANTA MARIA A MONTE","12","782","","F","","analitica","","","PVP sales 1 (1846033); Storica Analitica visura per immobile - Catasto Fabbricati."
"visura-storica","PI","SANTA MARIA A MONTE","12","782","","T","","analitica","","","PVP sales 1 (1846033); Storica Analitica visura per immobile - Catasto Terreni."
"visura-storica","PI","SANTA MARIA A MONTE","12","786","","F","","analitica","","","PVP sales 1 (1846033); Storica Analitica visura per immobile - Catasto Fabbricati."
"visura-storica","PI","SANTA MARIA A MONTE","12","786","","T","","analitica","","","PVP sales 1 (1846033); Storica Analitica visura per immobile - Catasto Terreni."
"visura-storica","PI","SANTA MARIA A MONTE","12","800","16","F","","analitica","","","PVP sales 3 (691015,913462,969834); Storica Analitica visura per immobile - Catasto Fabbricati."
"visura-storica","PI","SANTA MARIA A MONTE","12","800","31","F","","analitica","","","PVP sales 3 (691015,913462,969834); Storica Analitica visura per immobile - Catasto Fabbricati."
"visura-storica","PI","SANTA MARIA A MONTE","12","917","","F","","analitica","","","PVP sales 1 (1846033); Storica Analitica visura per immobile - Catasto Fabbricati."
"visura-storica","PI","SANTA MARIA A MONTE","12","917","","T","","analitica","","","PVP sales 1 (1846033); Storica Analitica visura per immobile - Catasto Terreni."
"visura-storica","PI","SANTA MARIA A MONTE","12","918","","F","","analitica","","","PVP sales 1 (1846033); Storica Analitica visura per immobile - Catasto Fabbricati."
"visura-storica","PI","SANTA MARIA A MONTE","12","918","","T","","analitica","","","PVP sales 1 (1846033); Storica Analitica visura per immobile - Catasto Terreni."
"visura-storica","PI","SANTA MARIA A MONTE","12","919","","F","","analitica","","","PVP sales 1 (1846033); Storica Analitica visura per immobile - Catasto Fabbricati."
"visura-storica","PI","SANTA MARIA A MONTE","12","919","","T","","analitica","","","PVP sales 1 (1846033); Storica Analitica visura per immobile - Catasto Terreni."
"visura-storica","PI","SANTA MARIA A MONTE","12","920","","F","","analitica","","","PVP sales 1 (1846033); Storica Analitica visura per immobile - Catasto Fabbricati."
"visura-storica","PI","SANTA MARIA A MONTE","12","920","","T","","analitica","","","PVP sales 1 (1846033); Storica Analitica visura per immobile - Catasto Terreni."
"visura-storica","PI","SANTA MARIA A MONTE","12","921","","F","","analitica","","","PVP sales 1 (1846033); Storica Analitica visura per immobile - Catasto Fabbricati."
"visura-storica","PI","SANTA MARIA A MONTE","12","921","","T","","analitica","","","PVP sales 1 (1846033); Storica Analitica visura per immobile - Catasto Terreni."
"visura-storica","PI","SANTA MARIA A MONTE","12","922","","F","","analitica","","","PVP sales 1 (1846033); Storica Analitica visura per immobile - Catasto Fabbricati."
"visura-storica","PI","SANTA MARIA A MONTE","12","922","","T","","analitica","","","PVP sales 1 (1846033); Storica Analitica visura per immobile - Catasto Terreni."
"visura-storica","PI","SANTA MARIA A MONTE","14","156","","T","","analitica","","","PVP sales 1 (4519228); Storica Analitica visura per immobile - Catasto Terreni."
"visura-storica","PI","SANTA MARIA A MONTE","14","77","","F","","analitica","","","PVP sales 1 (4242215); Storica Analitica visura per immobile - Catasto Fabbricati."
"visura-storica","PI","SANTA MARIA A MONTE","14","77","","T","","analitica","","","PVP sales 1 (4242215); Storica Analitica visura per immobile - Catasto Terreni."
"visura-storica","PI","SANTA MARIA A MONTE","16","148","","F","","analitica","","","PVP sales 1 (4258759); Storica Analitica visura per immobile - Catasto Fabbricati."
"visura-storica","PI","SANTA MARIA A MONTE","16","148","","T","","analitica","","","PVP sales 1 (4258759); Storica Analitica visura per immobile - Catasto Terreni."
"visura-storica","PI","SANTA MARIA A MONTE","16","179","","F","","analitica","","","PVP sales 3 (4258830,4258831,4432772); Storica Analitica visura per immobile - Catasto Fabbricati."
"visura-storica","PI","SANTA MARIA A MONTE","16","179","","T","","analitica","","","PVP sales 3 (4258830,4258831,4432772); Storica Analitica visura per immobile - Catasto Terreni."
"visura-storica","PI","SANTA MARIA A MONTE","16","252","","F","","analitica","","","PVP sales 2 (4258830,4432772); Storica Analitica visura per immobile - Catasto Fabbricati."
"visura-storica","PI","SANTA MARIA A MONTE","16","252","","T","","analitica","","","PVP sales 2 (4258830,4432772); Storica Analitica visura per immobile - Catasto Terreni."
"visura-storica","PI","SANTA MARIA A MONTE","16","522","","F","","analitica","","","PVP sales 2 (4258830,4432772); Storica Analitica visura per immobile - Catasto Fabbricati."
"visura-storica","PI","SANTA MARIA A MONTE","16","522","","T","","analitica","","","PVP sales 2 (4258830,4432772); Storica Analitica visura per immobile - Catasto Terreni."
"visura-storica","PI","SANTA MARIA A MONTE","16","524","","F","","analitica","","","PVP sales 2 (4258830,4432772); Storica Analitica visura per immobile - Catasto Fabbricati."
"visura-storica","PI","SANTA MARIA A MONTE","16","524","","T","","analitica","","","PVP sales 2 (4258830,4432772); Storica Analitica visura per immobile - Catasto Terreni."
"visura-storica","PI","SANTA MARIA A MONTE","21","1082","","F","","analitica","","","PVP sales 1 (1706225); Storica Analitica visura per immobile - Catasto Fabbricati."
"visura-storica","PI","SANTA MARIA A MONTE","21","1082","","T","","analitica","","","PVP sales 1 (1706225); Storica Analitica visura per immobile - Catasto Terreni."
"visura-storica","PI","SANTA MARIA A MONTE","21","1083","","F","","analitica","","","PVP sales 1 (1706225); Storica Analitica visura per immobile - Catasto Fabbricati."
"visura-storica","PI","SANTA MARIA A MONTE","21","1083","","T","","analitica","","","PVP sales 1 (1706225); Storica Analitica visura per immobile - Catasto Terreni."
"visura-storica","PI","SANTA MARIA A MONTE","21","1390","3","F","","analitica","","","PVP sales 1 (4268398); Storica Analitica visura per immobile - Catasto Fabbricati."
"visura-storica","PI","SANTA MARIA A MONTE","21","1390","9","F","","analitica","","","PVP sales 1 (4268398); Storica Analitica visura per immobile - Catasto Fabbricati."
"visura-storica","PI","SANTA MARIA A MONTE","21","296","","F","","analitica","","","PVP sales 1 (1706225); Storica Analitica visura per immobile - Catasto Fabbricati."
"visura-storica","PI","SANTA MARIA A MONTE","21","296","","T","","analitica","","","PVP sales 1 (1706225); Storica Analitica visura per immobile - Catasto Terreni."
"visura-storica","PI","SANTA MARIA A MONTE","21","310","","F","","analitica","","","PVP sales 1 (1706225); Storica Analitica visura per immobile - Catasto Fabbricati."
"visura-storica","PI","SANTA MARIA A MONTE","21","310","","T","","analitica","","","PVP sales 1 (1706225); Storica Analitica visura per immobile - Catasto Terreni."
"visura-storica","PI","SANTA MARIA A MONTE","21","449","3","F","","analitica","","","PVP sales 1 (1706225); Storica Analitica visura per immobile - Catasto Fabbricati."
"visura-storica","PI","SANTA MARIA A MONTE","21","449","4","F","","analitica","","","PVP sales 1 (1706225); Storica Analitica visura per immobile - Catasto Fabbricati."
"visura-storica","PI","SANTA MARIA A MONTE","21","694","","F","","analitica","","","PVP sales 1 (1706225); Storica Analitica visura per immobile - Catasto Fabbricati."
"visura-storica","PI","SANTA MARIA A MONTE","21","694","","T","","analitica","","","PVP sales 1 (1706225); Storica Analitica visura per immobile - Catasto Terreni."
"visura-storica","PI","SANTA MARIA A MONTE","22","146","6","F","","analitica","","","PVP sales 1 (4480576); Storica Analitica visura per immobile - Catasto Fabbricati."
"visura-storica","PI","SANTA MARIA A MONTE","22","146","8","F","","analitica","","","PVP sales 1 (4480576); Storica Analitica visura per immobile - Catasto Fabbricati."
"visura-storica","PI","SANTA MARIA A MONTE","23","371","","F","","analitica","","","PVP sales 2 (4532648,4532674); Storica Analitica visura per immobile - Catasto Fabbricati."
"visura-storica","PI","SANTA MARIA A MONTE","23","371","","T","","analitica","","","PVP sales 2 (4532648,4532674); Storica Analitica visura per immobile - Catasto Terreni."
"visura-storica","PI","SANTA MARIA A MONTE","23","372","3","F","","analitica","","","PVP sales 2 (4532648,4532674); Storica Analitica visura per immobile - Catasto Fabbricati."
"visura-storica","PI","SANTA MARIA A MONTE","24","1011","12","F","","analitica","","","PVP sales 2 (2077539,2131477); Storica Analitica visura per immobile - Catasto Fabbricati."
"visura-storica","PI","SANTA MARIA A MONTE","24","1011","19","F","","analitica","","","PVP sales 2 (2077539,2131477); Storica Analitica visura per immobile - Catasto Fabbricati."
"visura-storica","PI","SANTA MARIA A MONTE","24","1011","34","F","","analitica","","","PVP sales 2 (2077539,2131477); Storica Analitica visura per immobile - Catasto Fabbricati."
"visura-storica","PI","SANTA MARIA A MONTE","25","1999","1","F","","analitica","","","PVP sales 3 (1916333,2021136,4463509); Storica Analitica visura per immobile - Catasto Fabbricati."
"visura-storica","PI","SANTA MARIA A MONTE","25","1999","2","F","","analitica","","","PVP sales 3 (1916403,2021137,4463553); Storica Analitica visura per immobile - Catasto Fabbricati."
"visura-storica","PI","SANTA MARIA A MONTE","25","1999","3","F","","analitica","","","PVP sales 3 (1916408,2021139,4463560); Storica Analitica visura per immobile - Catasto Fabbricati."
"visura-storica","PI","SANTA MARIA A MONTE","26","129","35","F","","analitica","","","PVP sales 1 (4519228); Storica Analitica visura per immobile - Catasto Fabbricati."
"visura-storica","PI","SANTA MARIA A MONTE","27","135","3","F","","analitica","","","PVP sales 4 (1560561,1709284,1874956,2082531); Storica Analitica visura per immobile - Catasto Fabbricati."
"visura-storica","PI","SANTA MARIA A MONTE","27","135","4","F","","analitica","","","PVP sales 4 (1560561,1709284,1874956,2082531); Storica Analitica visura per immobile - Catasto Fabbricati."
"visura-storica","PI","SANTA MARIA A MONTE","27","85","","F","","analitica","","","PVP sales 1 (4438653); Storica Analitica visura per immobile - Catasto Fabbricati."
"visura-storica","PI","SANTA MARIA A MONTE","27","85","","T","","analitica","","","PVP sales 1 (4438653); Storica Analitica visura per immobile - Catasto Terreni."
"visura-storica","PI","SANTA MARIA A MONTE","28","1173","","F","","analitica","","","PVP sales 1 (1607792); Storica Analitica visura per immobile - Catasto Fabbricati."
"visura-storica","PI","SANTA MARIA A MONTE","28","1173","","T","","analitica","","","PVP sales 1 (1607792); Storica Analitica visura per immobile - Catasto Terreni."
"visura-storica","PI","SANTA MARIA A MONTE","28","1175","","F","","analitica","","","PVP sales 1 (1607792); Storica Analitica visura per immobile - Catasto Fabbricati."
"visura-storica","PI","SANTA MARIA A MONTE","28","1175","","T","","analitica","","","PVP sales 1 (1607792); Storica Analitica visura per immobile - Catasto Terreni."
"visura-storica","PI","SANTA MARIA A MONTE","28","1177","","F","","analitica","","","PVP sales 1 (1607792); Storica Analitica visura per immobile - Catasto Fabbricati."
"visura-storica","PI","SANTA MARIA A MONTE","28","1177","","T","","analitica","","","PVP sales 1 (1607792); Storica Analitica visura per immobile - Catasto Terreni."
"visura-storica","PI","SANTA MARIA A MONTE","28","1184","11","F","","analitica","","","PVP sales 1 (2194649); Storica Analitica visura per immobile - Catasto Fabbricati."
"visura-storica","PI","SANTA MARIA A MONTE","28","247","12","F","","analitica","","","PVP sales 1 (547044); Storica Analitica visura per immobile - Catasto Fabbricati."
"visura-storica","PI","SANTA MARIA A MONTE","28","247","23","F","","analitica","","","PVP sales 1 (545926); Storica Analitica visura per immobile - Catasto Fabbricati."
"visura-storica","PI","SANTA MARIA A MONTE","28","247","24","F","","analitica","","","PVP sales 1 (545926); Storica Analitica visura per immobile - Catasto Fabbricati."
"visura-storica","PI","SANTA MARIA A MONTE","28","278","","F","","analitica","","","PVP sales 1 (4515388); Storica Analitica visura per immobile - Catasto Fabbricati."
"visura-storica","PI","SANTA MARIA A MONTE","28","303","1","F","","analitica","","","PVP sales 1 (232491); Storica Analitica visura per immobile - Catasto Fabbricati."
"visura-storica","PI","SANTA MARIA A MONTE","28","456","10","F","","analitica","","","PVP sales 1 (2190391); Storica Analitica visura per immobile - Catasto Fabbricati."
"visura-storica","PI","SANTA MARIA A MONTE","28","456","2","F","","analitica","","","PVP sales 1 (2190391); Storica Analitica visura per immobile - Catasto Fabbricati."
"visura-storica","PI","SANTA MARIA A MONTE","28","456","3","F","","analitica","","","PVP sales 1 (2190391); Storica Analitica visura per immobile - Catasto Fabbricati."
"visura-storica","PI","SANTA MARIA A MONTE","28","456","4","F","","analitica","","","PVP sales 1 (1916219); Storica Analitica visura per immobile - Catasto Fabbricati."
"visura-storica","PI","SANTA MARIA A MONTE","28","456","6","F","","analitica","","","PVP sales 1 (2190391); Storica Analitica visura per immobile - Catasto Fabbricati."
"visura-storica","PI","SANTA MARIA A MONTE","28","456","7","F","","analitica","","","PVP sales 1 (2190381); Storica Analitica visura per immobile - Catasto Fabbricati."
"visura-storica","PI","SANTA MARIA A MONTE","28","456","8","F","","analitica","","","PVP sales 1 (2190389); Storica Analitica visura per immobile - Catasto Fabbricati."
"visura-storica","PI","SANTA MARIA A MONTE","28","456","9","F","","analitica","","","PVP sales 1 (2190389); Storica Analitica visura per immobile - Catasto Fabbricati."
"visura-storica","PI","SANTA MARIA A MONTE","28","543","4","F","","analitica","","","PVP sales 1 (315493); Storica Analitica visura per immobile - Catasto Fabbricati."
"visura-storica","PI","SANTA MARIA A MONTE","28","543","8","F","","analitica","","","PVP sales 1 (315493); Storica Analitica visura per immobile - Catasto Fabbricati."
"visura-storica","PI","SANTA MARIA A MONTE","28","743","11","F","","analitica","","","PVP sales 1 (2190366); Storica Analitica visura per immobile - Catasto Fabbricati."
"visura-storica","PI","SANTA MARIA A MONTE","29","316","14","F","","analitica","","","PVP sales 1 (508707); Storica Analitica visura per immobile - Catasto Fabbricati."
"visura-storica","PI","SANTA MARIA A MONTE","29","316","5","F","","analitica","","","PVP sales 1 (508617); Storica Analitica visura per immobile - Catasto Fabbricati."
"visura-storica","PI","SANTA MARIA A MONTE","30","200","5","F","","analitica","","","PVP sales 1 (2107923); Storica Analitica visura per immobile - Catasto Fabbricati."
"visura-storica","PI","SANTA MARIA A MONTE","30","27","17","F","","analitica","","","PVP sales 1 (2070788); Storica Analitica visura per immobile - Catasto Fabbricati."
"visura-storica","PI","SANTA MARIA A MONTE","30","325","1","F","","analitica","","","PVP sales 4 (426788,426836,552851,867009); Storica Analitica visura per immobile - Catasto Fabbricati."
"visura-storica","PI","SANTA MARIA A MONTE","30","325","3","F","","analitica","","","PVP sales 4 (426788,426836,552851,867009); Storica Analitica visura per immobile - Catasto Fabbricati."
"visura-storica","PI","SANTA MARIA A MONTE","30","325","5","F","","analitica","","","PVP sales 4 (426788,426836,552851,867009); Storica Analitica visura per immobile - Catasto Fabbricati."
"visura-storica","PI","SANTA MARIA A MONTE","30","325","6","F","","analitica","","","PVP sales 4 (426788,426836,552851,867009); Storica Analitica visura per immobile - Catasto Fabbricati."
"visura-storica","PI","SANTA MARIA A MONTE","30","325","7","F","","analitica","","","PVP sales 2 (426788,426836); Storica Analitica visura per immobile - Catasto Fabbricati."
"visura-storica","PI","SANTA MARIA A MONTE","30","325","8","F","","analitica","","","PVP sales 2 (426788,426836); Storica Analitica visura per immobile - Catasto Fabbricati."
"visura-storica","PI","SANTA MARIA A MONTE","30","356","4","F","","analitica","","","PVP sales 4 (426788,426836,552851,867009); Storica Analitica visura per immobile - Catasto Fabbricati."
"visura-storica","PI","SANTA MARIA A MONTE","30","410","","F","","analitica","","","PVP sales 1 (4216010); Storica Analitica visura per immobile - Catasto Fabbricati."
"visura-storica","PI","SANTA MARIA A MONTE","30","410","","T","","analitica","","","PVP sales 1 (4216010); Storica Analitica visura per immobile - Catasto Terreni."
"visura-storica","PI","SANTA MARIA A MONTE","30","715","2","F","","analitica","","","PVP sales 4 (426788,426836,552851,867009); Storica Analitica visura per immobile - Catasto Fabbricati."
"visura-storica","PI","SANTA MARIA A MONTE","31","11","15","F","","analitica","","","PVP sales 1 (2190396); Storica Analitica visura per immobile - Catasto Fabbricati."
"visura-storica","PI","SANTA MARIA A MONTE","31","11","6","F","","analitica","","","PVP sales 1 (2190396); Storica Analitica visura per immobile - Catasto Fabbricati."
"visura-storica","PI","SANTA MARIA A MONTE","31","11","7","F","","analitica","","","PVP sales 1 (2190396); Storica Analitica visura per immobile - Catasto Fabbricati."
"visura-storica","PI","SANTA MARIA A MONTE","33","108","3","F","","analitica","","","PVP sales 3 (2021106,2129076,2255937); Storica Analitica visura per immobile - Catasto Fabbricati."
"visura-storica","PI","SANTA MARIA A MONTE","33","23","6","F","","analitica","","","PVP sales 1 (4423050); Storica Analitica visura per immobile - Catasto Fabbricati."
"visura-storica","PI","SANTA MARIA A MONTE","33","23","7","F","","analitica","","","PVP sales 1 (4242859); Storica Analitica visura per immobile - Catasto Fabbricati."
"visura-storica","PI","SANTA MARIA A MONTE","33","31","2","F","","analitica","","","PVP sales 1 (2190375); Storica Analitica visura per immobile - Catasto Fabbricati."
"visura-storica","PI","SANTA MARIA A MONTE","35","196","6","F","","analitica","","","PVP sales 2 (4474737,4528405); Storica Analitica visura per immobile - Catasto Fabbricati."
"visura-storica","PI","SANTA MARIA A MONTE","35","365","24","F","","analitica","","","PVP sales 1 (4485562); Storica Analitica visura per immobile - Catasto Fabbricati."
"visura-storica","PI","SANTA MARIA A MONTE","35","365","25","F","","analitica","","","PVP sales 1 (4486229); Storica Analitica visura per immobile - Catasto Fabbricati."
"visura-storica","PI","SANTA MARIA A MONTE","35","365","26","F","","analitica","","","PVP sales 1 (4485562); Storica Analitica visura per immobile - Catasto Fabbricati."
"visura-storica","PI","SANTA MARIA A MONTE","35","365","27","F","","analitica","","","PVP sales 1 (4486491); Storica Analitica visura per immobile - Catasto Fabbricati."
"visura-storica","PI","SANTA MARIA A MONTE","35","365","28","F","","analitica","","","PVP sales 1 (4486058); Storica Analitica visura per immobile - Catasto Fabbricati."
"visura-storica","PI","SANTA MARIA A MONTE","35","365","30","F","","analitica","","","PVP sales 1 (4485562); Storica Analitica visura per immobile - Catasto Fabbricati."
"visura-storica","PI","SANTA MARIA A MONTE","35","365","31","F","","analitica","","","PVP sales 1 (4486058); Storica Analitica visura per immobile - Catasto Fabbricati."
"visura-storica","PI","SANTA MARIA A MONTE","35","365","33","F","","analitica","","","PVP sales 1 (4486229); Storica Analitica visura per immobile - Catasto Fabbricati."
"visura-storica","PI","SANTA MARIA A MONTE","35","365","34","F","","analitica","","","PVP sales 1 (4485562); Storica Analitica visura per immobile - Catasto Fabbricati."
"visura-storica","PI","SANTA MARIA A MONTE","35","365","35","F","","analitica","","","PVP sales 1 (4486491); Storica Analitica visura per immobile - Catasto Fabbricati."
"visura-storica","PI","SANTA MARIA A MONTE","35","365","36","F","","analitica","","","PVP sales 1 (4486522); Storica Analitica visura per immobile - Catasto Fabbricati."
"visura-storica","PI","SANTA MARIA A MONTE","36","42","2","F","","analitica","","","PVP sales 1 (2190380); Storica Analitica visura per immobile - Catasto Fabbricati."
"visura-storica","PI","SANTA MARIA A MONTE","38","425","2","F","","analitica","","","PVP sales 1 (4268162); Storica Analitica visura per immobile - Catasto Fabbricati."
"visura-storica","PI","SANTA MARIA A MONTE","40","51","2","F","","analitica","","","PVP sales 1 (4473596); Storica Analitica visura per immobile - Catasto Fabbricati."
"visura-storica","PI","SANTA MARIA A MONTE","40","51","3","F","","analitica","","","PVP sales 1 (4473596); Storica Analitica visura per immobile - Catasto Fabbricati."
"visura-storica","PI","SANTA MARIA A MONTE","40","53","8","F","","analitica","","","PVP sales 1 (2063012); Storica Analitica visura per immobile - Catasto Fabbricati."
"visura-storica","PI","SANTA MARIA A MONTE","40","555","","F","","analitica","","","PVP sales 1 (4473596); Storica Analitica visura per immobile - Catasto Fabbricati."
"visura-storica","PI","TERRICCIOLA","12","121","","F","","analitica","","","PVP sales 1 (1486924); Storica Analitica visura per immobile - Catasto Fabbricati."
"visura-storica","PI","TERRICCIOLA","12","121","","T","","analitica","","","PVP sales 1 (1486924); Storica Analitica visura per immobile - Catasto Terreni."
"visura-storica","PI","TERRICCIOLA","12","121","2","F","","analitica","","","PVP sales 1 (1486924); Storica Analitica visura per immobile - Catasto Fabbricati."
"visura-storica","PI","TERRICCIOLA","12","67","","F","","analitica","","","PVP sales 1 (1486924); Storica Analitica visura per immobile - Catasto Fabbricati."
"visura-storica","PI","TERRICCIOLA","12","67","","T","","analitica","","","PVP sales 1 (1486924); Storica Analitica visura per immobile - Catasto Terreni."
"visura-storica","PI","TERRICCIOLA","12","82","","F","","analitica","","","PVP sales 1 (1486924); Storica Analitica visura per immobile - Catasto Fabbricati."
"visura-storica","PI","TERRICCIOLA","12","82","","T","","analitica","","","PVP sales 1 (1486924); Storica Analitica visura per immobile - Catasto Terreni."
"visura-storica","PI","TERRICCIOLA","12","83","","F","","analitica","","","PVP sales 1 (1486924); Storica Analitica visura per immobile - Catasto Fabbricati."
"visura-storica","PI","TERRICCIOLA","12","83","","T","","analitica","","","PVP sales 1 (1486924); Storica Analitica visura per immobile - Catasto Terreni."
"visura-storica","PI","TERRICCIOLA","14","237","4","F","","analitica","","","PVP sales 1 (4239008); Storica Analitica visura per immobile - Catasto Fabbricati."
"visura-storica","PI","TERRICCIOLA","20","620AA","","F","","analitica","","","PVP sales 1 (1745126); Storica Analitica visura per immobile - Catasto Fabbricati."
"visura-storica","PI","TERRICCIOLA","20","620AA","","T","","analitica","","","PVP sales 1 (1745126); Storica Analitica visura per immobile - Catasto Terreni."
"visura-storica","PI","TERRICCIOLA","21","73","9","F","","analitica","","","PVP sales 2 (4428716,4474268); Storica Analitica visura per immobile - Catasto Fabbricati."
"visura-storica","PI","TERRICCIOLA","25","182","","F","","analitica","","","PVP sales 1 (2105916); Storica Analitica visura per immobile - Catasto Fabbricati."
"visura-storica","PI","TERRICCIOLA","25","182","","T","","analitica","","","PVP sales 1 (2105916); Storica Analitica visura per immobile - Catasto Terreni."
"visura-storica","PI","TERRICCIOLA","25","489","1","F","","analitica","","","PVP sales 1 (2061835); Storica Analitica visura per immobile - Catasto Fabbricati."
"visura-storica","PI","TERRICCIOLA","27","111","","F","","analitica","","","PVP sales 5 (823349,945841,1416284,1745126,1854434); Storica Analitica visura per immobile - Catasto Fabbricati."
"visura-storica","PI","TERRICCIOLA","27","111","","T","","analitica","","","PVP sales 5 (823349,945841,1416284,1745126,1854434); Storica Analitica visura per immobile - Catasto Terreni."
"visura-storica","PI","TERRICCIOLA","27","118","","F","","analitica","","","PVP sales 5 (823349,945841,1416284,1745126,1854434); Storica Analitica visura per immobile - Catasto Fabbricati."
"visura-storica","PI","TERRICCIOLA","27","118","","T","","analitica","","","PVP sales 5 (823349,945841,1416284,1745126,1854434); Storica Analitica visura per immobile - Catasto Terreni."
"visura-storica","PI","TERRICCIOLA","27","129AA","","F","","analitica","","","PVP sales 6 (823349,945841,1416284,1567508,1745126 +1 more); Storica Analitica visura per immobile - Catasto Fabbricati."
"visura-storica","PI","TERRICCIOLA","27","129AA","","T","","analitica","","","PVP sales 6 (823349,945841,1416284,1567508,1745126 +1 more); Storica Analitica visura per immobile - Catasto Terreni."
"visura-storica","PI","TERRICCIOLA","27","129AB","","F","","analitica","","","PVP sales 6 (823349,945841,1416284,1567508,1745126 +1 more); Storica Analitica visura per immobile - Catasto Fabbricati."
"visura-storica","PI","TERRICCIOLA","27","129AB","","T","","analitica","","","PVP sales 6 (823349,945841,1416284,1567508,1745126 +1 more); Storica Analitica visura per immobile - Catasto Terreni."
"visura-storica","PI","TERRICCIOLA","27","130","","F","","analitica","","","PVP sales 6 (823349,945841,1416284,1567508,1745126 +1 more); Storica Analitica visura per immobile - Catasto Fabbricati."
"visura-storica","PI","TERRICCIOLA","27","130","","T","","analitica","","","PVP sales 6 (823349,945841,1416284,1567508,1745126 +1 more); Storica Analitica visura per immobile - Catasto Terreni."
"visura-storica","PI","TERRICCIOLA","27","133","","F","","analitica","","","PVP sales 5 (823349,1416284,1567508,1745126,1854434); Storica Analitica visura per immobile - Catasto Fabbricati."
"visura-storica","PI","TERRICCIOLA","27","133","","T","","analitica","","","PVP sales 5 (823349,1416284,1567508,1745126,1854434); Storica Analitica visura per immobile - Catasto Terreni."
"visura-storica","PI","TERRICCIOLA","27","208","","F","","analitica","","","PVP sales 6 (823349,945841,1416284,1567508,1745126 +1 more); Storica Analitica visura per immobile - Catasto Fabbricati."
"visura-storica","PI","TERRICCIOLA","27","208","","T","","analitica","","","PVP sales 6 (823349,945841,1416284,1567508,1745126 +1 more); Storica Analitica visura per immobile - Catasto Terreni."
"visura-storica","PI","TERRICCIOLA","27","272","","F","","analitica","","","PVP sales 6 (823349,945841,1416284,1567508,1745126 +1 more); Storica Analitica visura per immobile - Catasto Fabbricati."
"visura-storica","PI","TERRICCIOLA","27","272","","T","","analitica","","","PVP sales 6 (823349,945841,1416284,1567508,1745126 +1 more); Storica Analitica visura per immobile - Catasto Terreni."
"visura-storica","PI","TERRICCIOLA","27","275","","F","","analitica","","","PVP sales 6 (823349,945841,1416284,1567508,1745126 +1 more); Storica Analitica visura per immobile - Catasto Fabbricati."
"visura-storica","PI","TERRICCIOLA","27","275","","T","","analitica","","","PVP sales 6 (823349,945841,1416284,1567508,1745126 +1 more); Storica Analitica visura per immobile - Catasto Terreni."
"visura-storica","PI","TERRICCIOLA","27","276","","F","","analitica","","","PVP sales 6 (823349,945841,1416284,1567508,1745126 +1 more); Storica Analitica visura per immobile - Catasto Fabbricati."
"visura-storica","PI","TERRICCIOLA","27","276","","T","","analitica","","","PVP sales 6 (823349,945841,1416284,1567508,1745126 +1 more); Storica Analitica visura per immobile - Catasto Terreni."
"visura-storica","PI","TERRICCIOLA","27","28","","F","","analitica","","","PVP sales 1 (1567508); Storica Analitica visura per immobile - Catasto Fabbricati."
"visura-storica","PI","TERRICCIOLA","27","28","","T","","analitica","","","PVP sales 1 (1567508); Storica Analitica visura per immobile - Catasto Terreni."
"visura-storica","PI","TERRICCIOLA","27","309","","F","","analitica","","","PVP sales 6 (823349,945841,1416284,1567508,1745126 +1 more); Storica Analitica visura per immobile - Catasto Fabbricati."
"visura-storica","PI","TERRICCIOLA","27","309","","T","","analitica","","","PVP sales 6 (823349,945841,1416284,1567508,1745126 +1 more); Storica Analitica visura per immobile - Catasto Terreni."
"visura-storica","PI","TERRICCIOLA","27","347","12","F","","analitica","","","PVP sales 1 (4523321); Storica Analitica visura per immobile - Catasto Fabbricati."
"visura-storica","PI","TERRICCIOLA","27","347","7","F","","analitica","","","PVP sales 3 (4419631,4419632,4523338); Storica Analitica visura per immobile - Catasto Fabbricati."
"visura-storica","PI","TERRICCIOLA","27","373","","F","","analitica","","","PVP sales 6 (823349,945841,1416284,1567508,1745126 +1 more); Storica Analitica visura per immobile - Catasto Fabbricati."
"visura-storica","PI","TERRICCIOLA","27","373","","T","","analitica","","","PVP sales 6 (823349,945841,1416284,1567508,1745126 +1 more); Storica Analitica visura per immobile - Catasto Terreni."
"visura-storica","PI","TERRICCIOLA","27","374","","F","","analitica","","","PVP sales 6 (823349,945841,1416284,1567508,1745126 +1 more); Storica Analitica visura per immobile - Catasto Fabbricati."
"visura-storica","PI","TERRICCIOLA","27","374","","T","","analitica","","","PVP sales 6 (823349,945841,1416284,1567508,1745126 +1 more); Storica Analitica visura per immobile - Catasto Terreni."
"visura-storica","PI","TERRICCIOLA","27","48","","F","","analitica","","","PVP sales 5 (823349,945841,1416284,1745126,1854434); Storica Analitica visura per immobile - Catasto Fabbricati."
"visura-storica","PI","TERRICCIOLA","27","48","","T","","analitica","","","PVP sales 5 (823349,945841,1416284,1745126,1854434); Storica Analitica visura per immobile - Catasto Terreni."
"visura-storica","PI","TERRICCIOLA","27","626","","F","","analitica","","","PVP sales 6 (823349,945841,1416284,1567508,1745126 +1 more); Storica Analitica visura per immobile - Catasto Fabbricati."
"visura-storica","PI","TERRICCIOLA","27","626","","T","","analitica","","","PVP sales 6 (823349,945841,1416284,1567508,1745126 +1 more); Storica Analitica visura per immobile - Catasto Terreni."
"visura-storica","PI","TERRICCIOLA","28","248","","F","","analitica","","","PVP sales 4 (408989,743998,885424,992230); Storica Analitica visura per immobile - Catasto Fabbricati."
"visura-storica","PI","TERRICCIOLA","28","248","","T","","analitica","","","PVP sales 4 (408989,743998,885424,992230); Storica Analitica visura per immobile - Catasto Terreni."
"visura-storica","PI","TERRICCIOLA","28","263","","F","","analitica","","","PVP sales 2 (409046,744001); Storica Analitica visura per immobile - Catasto Fabbricati."
"visura-storica","PI","TERRICCIOLA","28","263","","T","","analitica","","","PVP sales 2 (409046,744001); Storica Analitica visura per immobile - Catasto Terreni."
"visura-storica","PI","TERRICCIOLA","28","278","","F","","analitica","","","PVP sales 4 (408989,743998,885424,992230); Storica Analitica visura per immobile - Catasto Fabbricati."
"visura-storica","PI","TERRICCIOLA","28","278","","T","","analitica","","","PVP sales 4 (408989,743998,885424,992230); Storica Analitica visura per immobile - Catasto Terreni."
"visura-storica","PI","TERRICCIOLA","29","31AA","","F","","analitica","","","PVP sales 6 (823349,945841,1416284,1567508,1745126 +1 more); Storica Analitica visura per immobile - Catasto Fabbricati."
"visura-storica","PI","TERRICCIOLA","29","31AA","","T","","analitica","","","PVP sales 6 (823349,945841,1416284,1567508,1745126 +1 more); Storica Analitica visura per immobile - Catasto Terreni."
"visura-storica","PI","TERRICCIOLA","29","31AB","","F","","analitica","","","PVP sales 6 (823349,945841,1416284,1567508,1745126 +1 more); Storica Analitica visura per immobile - Catasto Fabbricati."
"visura-storica","PI","TERRICCIOLA","29","31AB","","T","","analitica","","","PVP sales 6 (823349,945841,1416284,1567508,1745126 +1 more); Storica Analitica visura per immobile - Catasto Terreni."
"visura-storica","PI","TERRICCIOLA","29","620AA","","F","","analitica","","","PVP sales 5 (823349,945841,1416284,1567508,1854434); Storica Analitica visura per immobile - Catasto Fabbricati."
"visura-storica","PI","TERRICCIOLA","29","620AA","","T","","analitica","","","PVP sales 5 (823349,945841,1416284,1567508,1854434); Storica Analitica visura per immobile - Catasto Terreni."
"visura-storica","PI","TERRICCIOLA","29","620AB","","F","","analitica","","","PVP sales 6 (823349,945841,1416284,1567508,1745126 +1 more); Storica Analitica visura per immobile - Catasto Fabbricati."
"visura-storica","PI","TERRICCIOLA","29","620AB","","T","","analitica","","","PVP sales 6 (823349,945841,1416284,1567508,1745126 +1 more); Storica Analitica visura per immobile - Catasto Terreni."
"visura-storica","PI","TERRICCIOLA","29","621","","F","","analitica","","","PVP sales 5 (823349,1416284,1567508,1745126,1854434); Storica Analitica visura per immobile - Catasto Fabbricati."
"visura-storica","PI","TERRICCIOLA","29","621","","T","","analitica","","","PVP sales 5 (823349,1416284,1567508,1745126,1854434); Storica Analitica visura per immobile - Catasto Terreni."
"visura-storica","PI","TERRICCIOLA","29","622","","F","","analitica","","","PVP sales 5 (823349,1416284,1567508,1745126,1854434); Storica Analitica visura per immobile - Catasto Fabbricati."
"visura-storica","PI","TERRICCIOLA","29","622","","T","","analitica","","","PVP sales 5 (823349,1416284,1567508,1745126,1854434); Storica Analitica visura per immobile - Catasto Terreni."
"visura-storica","PI","TERRICCIOLA","29","623","","F","","analitica","","","PVP sales 5 (823349,1416284,1567508,1745126,1854434); Storica Analitica visura per immobile - Catasto Fabbricati."
"visura-storica","PI","TERRICCIOLA","29","623","","T","","analitica","","","PVP sales 5 (823349,1416284,1567508,1745126,1854434); Storica Analitica visura per immobile - Catasto Terreni."
"visura-storica","PI","TERRICCIOLA","29","624","","F","","analitica","","","PVP sales 5 (823349,1416284,1567508,1745126,1854434); Storica Analitica visura per immobile - Catasto Fabbricati."
"visura-storica","PI","TERRICCIOLA","29","624","","T","","analitica","","","PVP sales 5 (823349,1416284,1567508,1745126,1854434); Storica Analitica visura per immobile - Catasto Terreni."
"visura-storica","PI","TERRICCIOLA","29","625","","F","","analitica","","","PVP sales 6 (823349,945841,1416284,1567508,1745126 +1 more); Storica Analitica visura per immobile - Catasto Fabbricati."
"visura-storica","PI","TERRICCIOLA","29","625","","T","","analitica","","","PVP sales 6 (823349,945841,1416284,1567508,1745126 +1 more); Storica Analitica visura per immobile - Catasto Terreni."
"visura-storica","PI","TERRICCIOLA","29","684AA","","F","","analitica","","","PVP sales 6 (823349,945841,1416284,1567508,1745126 +1 more); Storica Analitica visura per immobile - Catasto Fabbricati."
"visura-storica","PI","TERRICCIOLA","29","684AA","","T","","analitica","","","PVP sales 6 (823349,945841,1416284,1567508,1745126 +1 more); Storica Analitica visura per immobile - Catasto Terreni."
"visura-storica","PI","TERRICCIOLA","29","684AB","","F","","analitica","","","PVP sales 6 (823349,945841,1416284,1567508,1745126 +1 more); Storica Analitica visura per immobile - Catasto Fabbricati."
"visura-storica","PI","TERRICCIOLA","29","684AB","","T","","analitica","","","PVP sales 6 (823349,945841,1416284,1567508,1745126 +1 more); Storica Analitica visura per immobile - Catasto Terreni."
"visura-storica","PI","TERRICCIOLA","29","783","","F","","analitica","","","PVP sales 6 (823349,945841,1416284,1567508,1745126 +1 more); Storica Analitica visura per immobile - Catasto Fabbricati."
"visura-storica","PI","TERRICCIOLA","29","783","","T","","analitica","","","PVP sales 6 (823349,945841,1416284,1567508,1745126 +1 more); Storica Analitica visura per immobile - Catasto Terreni."
"visura-storica","PI","TERRICCIOLA","29","95AA","","F","","analitica","","","PVP sales 6 (823349,945841,1416284,1567508,1745126 +1 more); Storica Analitica visura per immobile - Catasto Fabbricati."
"visura-storica","PI","TERRICCIOLA","29","95AA","","T","","analitica","","","PVP sales 6 (823349,945841,1416284,1567508,1745126 +1 more); Storica Analitica visura per immobile - Catasto Terreni."
"visura-storica","PI","TERRICCIOLA","29","95AB","","F","","analitica","","","PVP sales 6 (823349,945841,1416284,1567508,1745126 +1 more); Storica Analitica visura per immobile - Catasto Fabbricati."
"visura-storica","PI","TERRICCIOLA","29","95AB","","T","","analitica","","","PVP sales 6 (823349,945841,1416284,1567508,1745126 +1 more); Storica Analitica visura per immobile - Catasto Terreni."
"visura-storica","PI","TERRICCIOLA","3","1","","F","","analitica","","","PVP sales 1 (470571); Storica Analitica visura per immobile - Catasto Fabbricati."
"visura-storica","PI","TERRICCIOLA","3","1","","T","","analitica","","","PVP sales 1 (470571); Storica Analitica visura per immobile - Catasto Terreni."
"visura-storica","PI","TERRICCIOLA","3","176","","F","","analitica","","","PVP sales 2 (4245649,4245701); Storica Analitica visura per immobile - Catasto Fabbricati."
"visura-storica","PI","TERRICCIOLA","3","176","","T","","analitica","","","PVP sales 2 (4245649,4245701); Storica Analitica visura per immobile - Catasto Terreni."
"visura-storica","PI","TERRICCIOLA","3","186","3","F","","analitica","","","PVP sales 1 (4245471); Storica Analitica visura per immobile - Catasto Fabbricati."
"visura-storica","PI","TERRICCIOLA","3","186","4","F","","analitica","","","PVP sales 1 (4245517); Storica Analitica visura per immobile - Catasto Fabbricati."
"visura-storica","PI","TERRICCIOLA","3","186","5","F","","analitica","","","PVP sales 1 (4245592); Storica Analitica visura per immobile - Catasto Fabbricati."
"visura-storica","PI","TERRICCIOLA","3","186","6","F","","analitica","","","PVP sales 1 (4245649); Storica Analitica visura per immobile - Catasto Fabbricati."
"visura-storica","PI","TERRICCIOLA","3","237","15","F","","analitica","","","PVP sales 1 (2066225); Storica Analitica visura per immobile - Catasto Fabbricati."
"visura-storica","PI","TERRICCIOLA","3","237","8","F","","analitica","","","PVP sales 1 (2066218); Storica Analitica visura per immobile - Catasto Fabbricati."
"visura-storica","PI","TERRICCIOLA","3","340","2","F","","analitica","","","PVP sales 1 (470571); Storica Analitica visura per immobile - Catasto Fabbricati."
"visura-storica","PI","TERRICCIOLA","3","340","3","F","","analitica","","","PVP sales 1 (470571); Storica Analitica visura per immobile - Catasto Fabbricati."
"visura-storica","PI","TERRICCIOLA","3","340","4","F","","analitica","","","PVP sales 1 (470571); Storica Analitica visura per immobile - Catasto Fabbricati."
"visura-storica","PI","TERRICCIOLA","3","356","1","F","","analitica","","","PVP sales 1 (470571); Storica Analitica visura per immobile - Catasto Fabbricati."
"visura-storica","PI","TERRICCIOLA","3","366","","F","","analitica","","","PVP sales 1 (470571); Storica Analitica visura per immobile - Catasto Fabbricati."
"visura-storica","PI","TERRICCIOLA","3","366","","T","","analitica","","","PVP sales 1 (470571); Storica Analitica visura per immobile - Catasto Terreni."
"visura-storica","PI","TERRICCIOLA","3","368","","F","","analitica","","","PVP sales 1 (470571); Storica Analitica visura per immobile - Catasto Fabbricati."
"visura-storica","PI","TERRICCIOLA","3","368","","T","","analitica","","","PVP sales 1 (470571); Storica Analitica visura per immobile - Catasto Terreni."
"visura-storica","PI","TERRICCIOLA","3","405","","F","","analitica","","","PVP sales 1 (4245649); Storica Analitica visura per immobile - Catasto Fabbricati."
"visura-storica","PI","TERRICCIOLA","3","405","","T","","analitica","","","PVP sales 1 (4245649); Storica Analitica visura per immobile - Catasto Terreni."
"visura-storica","PI","TERRICCIOLA","3","406","","F","","analitica","","","PVP sales 1 (4245649); Storica Analitica visura per immobile - Catasto Fabbricati."
"visura-storica","PI","TERRICCIOLA","3","406","","T","","analitica","","","PVP sales 1 (4245649); Storica Analitica visura per immobile - Catasto Terreni."
"visura-storica","PI","TERRICCIOLA","3","437","","F","","analitica","","","PVP sales 1 (4245649); Storica Analitica visura per immobile - Catasto Fabbricati."
"visura-storica","PI","TERRICCIOLA","3","437","","T","","analitica","","","PVP sales 1 (4245649); Storica Analitica visura per immobile - Catasto Terreni."
"visura-storica","PI","TERRICCIOLA","3","438","","F","","analitica","","","PVP sales 1 (4245649); Storica Analitica visura per immobile - Catasto Fabbricati."
"visura-storica","PI","TERRICCIOLA","3","438","","T","","analitica","","","PVP sales 1 (4245649); Storica Analitica visura per immobile - Catasto Terreni."
"visura-storica","PI","TERRICCIOLA","3","739","","F","","analitica","","","PVP sales 1 (4245649); Storica Analitica visura per immobile - Catasto Fabbricati."
"visura-storica","PI","TERRICCIOLA","3","739","","T","","analitica","","","PVP sales 1 (4245649); Storica Analitica visura per immobile - Catasto Terreni."
"visura-storica","PI","TERRICCIOLA","4","1217","","F","","analitica","","","PVP sales 1 (4559226); Storica Analitica visura per immobile - Catasto Fabbricati."
"visura-storica","PI","TERRICCIOLA","4","1217","","T","","analitica","","","PVP sales 1 (4559226); Storica Analitica visura per immobile - Catasto Terreni."
"visura-storica","PI","TERRICCIOLA","4","1218","","F","","analitica","","","PVP sales 1 (4559215); Storica Analitica visura per immobile - Catasto Fabbricati."
"visura-storica","PI","TERRICCIOLA","4","1218","","T","","analitica","","","PVP sales 1 (4559215); Storica Analitica visura per immobile - Catasto Terreni."
"visura-storica","PI","TERRICCIOLA","4","45","","F","","analitica","","","PVP sales 1 (4559210); Storica Analitica visura per immobile - Catasto Fabbricati."
"visura-storica","PI","TERRICCIOLA","4","45","","T","","analitica","","","PVP sales 1 (4559210); Storica Analitica visura per immobile - Catasto Terreni."
"visura-storica","PI","TERRICCIOLA","4","65","","F","","analitica","","","PVP sales 1 (4559153); Storica Analitica visura per immobile - Catasto Fabbricati."
"visura-storica","PI","TERRICCIOLA","4","65","","T","","analitica","","","PVP sales 1 (4559153); Storica Analitica visura per immobile - Catasto Terreni."
"visura-storica","PI","TERRICCIOLA","6","27","","F","","analitica","","","PVP sales 1 (4485277); Storica Analitica visura per immobile - Catasto Fabbricati."
"visura-storica","PI","TERRICCIOLA","6","70","12","F","","analitica","","","PVP sales 2 (416947,620730); Storica Analitica visura per immobile - Catasto Fabbricati."
"visura-storica","PI","VECCHIANO","10","78","","F","","analitica","","","PVP sales 1 (4507694); Storica Analitica visura per immobile - Catasto Fabbricati."
"visura-storica","PI","VECCHIANO","10","78","","T","","analitica","","","PVP sales 1 (4507694); Storica Analitica visura per immobile - Catasto Terreni."
"visura-storica","PI","VECCHIANO","10","78","1","F","","analitica","","","PVP sales 1 (4507694); Storica Analitica visura per immobile - Catasto Fabbricati."
"visura-storica","PI","VECCHIANO","10","78","16","F","","analitica","","","PVP sales 1 (4507694); Storica Analitica visura per immobile - Catasto Fabbricati."
"visura-storica","PI","VECCHIANO","10","78","17","F","","analitica","","","PVP sales 1 (4507694); Storica Analitica visura per immobile - Catasto Fabbricati."
"visura-storica","PI","VECCHIANO","10","78","18","F","","analitica","","","PVP sales 1 (4507694); Storica Analitica visura per immobile - Catasto Fabbricati."
"visura-storica","PI","VECCHIANO","10","78","19","F","","analitica","","","PVP sales 1 (4507694); Storica Analitica visura per immobile - Catasto Fabbricati."
"visura-storica","PI","VECCHIANO","10","78","2","F","","analitica","","","PVP sales 1 (4507694); Storica Analitica visura per immobile - Catasto Fabbricati."
"visura-storica","PI","VECCHIANO","10","78","20","F","","analitica","","","PVP sales 1 (4507694); Storica Analitica visura per immobile - Catasto Fabbricati."
"visura-storica","PI","VECCHIANO","10","78","27","F","","analitica","","","PVP sales 1 (4507694); Storica Analitica visura per immobile - Catasto Fabbricati."
"visura-storica","PI","VECCHIANO","10","78","28","F","","analitica","","","PVP sales 1 (4507694); Storica Analitica visura per immobile - Catasto Fabbricati."
"visura-storica","PI","VECCHIANO","10","78","3","F","","analitica","","","PVP sales 1 (4507694); Storica Analitica visura per immobile - Catasto Fabbricati."
"visura-storica","PI","VECCHIANO","10","83","","F","","analitica","","","PVP sales 1 (4507694); Storica Analitica visura per immobile - Catasto Fabbricati."
"visura-storica","PI","VECCHIANO","10","83","","T","","analitica","","","PVP sales 1 (4507694); Storica Analitica visura per immobile - Catasto Terreni."
"visura-storica","PI","VECCHIANO","13","115","","T","","analitica","","","PVP sales 3 (4428970,4464006,4520832); Storica Analitica visura per immobile - Catasto Terreni."
"visura-storica","PI","VECCHIANO","13","117","","T","","analitica","","","PVP sales 3 (4428970,4464006,4520832); Storica Analitica visura per immobile - Catasto Terreni."
"visura-storica","PI","VECCHIANO","13","374","","T","","analitica","","","PVP sales 3 (4428970,4464006,4520832); Storica Analitica visura per immobile - Catasto Terreni."
"visura-storica","PI","VECCHIANO","13","375","","T","","analitica","","","PVP sales 3 (4428970,4464006,4520832); Storica Analitica visura per immobile - Catasto Terreni."
"visura-storica","PI","VECCHIANO","16","64","2","F","","analitica","","","PVP sales 1 (4507708); Storica Analitica visura per immobile - Catasto Fabbricati."
"visura-storica","PI","VECCHIANO","16","64","3","F","","analitica","","","PVP sales 1 (4507708); Storica Analitica visura per immobile - Catasto Fabbricati."
"visura-storica","PI","VECCHIANO","16","64","4","F","","analitica","","","PVP sales 1 (4507708); Storica Analitica visura per immobile - Catasto Fabbricati."
"visura-storica","PI","VECCHIANO","20","189","","F","","analitica","","","PVP sales 2 (860401,1902872); Storica Analitica visura per immobile - Catasto Fabbricati."
"visura-storica","PI","VECCHIANO","20","189","","T","","analitica","","","PVP sales 2 (860401,1902872); Storica Analitica visura per immobile - Catasto Terreni."
"visura-storica","PI","VECCHIANO","20","330","9","F","","analitica","","","PVP sales 3 (2073549,2133204,2243144); Storica Analitica visura per immobile - Catasto Fabbricati."
"visura-storica","PI","VECCHIANO","20","340","","F","","analitica","","","PVP sales 1 (1608345); Storica Analitica visura per immobile - Catasto Fabbricati."
"visura-storica","PI","VECCHIANO","20","340","","T","","analitica","","","PVP sales 1 (1608345); Storica Analitica visura per immobile - Catasto Terreni."
"visura-storica","PI","VECCHIANO","20","410","117","F","","analitica","","","PVP sales 1 (2059000); Storica Analitica visura per immobile - Catasto Fabbricati."
"visura-storica","PI","VECCHIANO","20","410","87","F","","analitica","","","PVP sales 1 (2059000); Storica Analitica visura per immobile - Catasto Fabbricati."
"visura-storica","PI","VECCHIANO","20","410","88","F","","analitica","","","PVP sales 1 (2059000); Storica Analitica visura per immobile - Catasto Fabbricati."
"visura-storica","PI","VECCHIANO","20","471","","F","","analitica","","","PVP sales 2 (860401,1902872); Storica Analitica visura per immobile - Catasto Fabbricati."
"visura-storica","PI","VECCHIANO","20","471","","T","","analitica","","","PVP sales 2 (860401,1902872); Storica Analitica visura per immobile - Catasto Terreni."
"visura-storica","PI","VECCHIANO","20","472","","F","","analitica","","","PVP sales 2 (860401,1902872); Storica Analitica visura per immobile - Catasto Fabbricati."
"visura-storica","PI","VECCHIANO","20","472","","T","","analitica","","","PVP sales 2 (860401,1902872); Storica Analitica visura per immobile - Catasto Terreni."
"visura-storica","PI","VECCHIANO","23","1","","F","","analitica","","","PVP sales 1 (667991); Storica Analitica visura per immobile - Catasto Fabbricati."
"visura-storica","PI","VECCHIANO","23","1","","T","","analitica","","","PVP sales 1 (667991); Storica Analitica visura per immobile - Catasto Terreni."
"visura-storica","PI","VECCHIANO","27","1592","2","F","","analitica","","","PVP sales 3 (1928161,1928199,1995125); Storica Analitica visura per immobile - Catasto Fabbricati."
"visura-storica","PI","VECCHIANO","27","382","2","F","","analitica","","","PVP sales 3 (1928161,1928199,1995125); Storica Analitica visura per immobile - Catasto Fabbricati."
"visura-storica","PI","VECCHIANO","27","464","5","F","","analitica","","","PVP sales 1 (4460793); Storica Analitica visura per immobile - Catasto Fabbricati."
"visura-storica","PI","VECCHIANO","32","284","","F","","analitica","","","PVP sales 1 (760835); Storica Analitica visura per immobile - Catasto Fabbricati."
"visura-storica","PI","VECCHIANO","32","284","","T","","analitica","","","PVP sales 1 (760835); Storica Analitica visura per immobile - Catasto Terreni."
"visura-storica","PI","VECCHIANO","32","60","6","F","","analitica","","","PVP sales 1 (2001262); Storica Analitica visura per immobile - Catasto Fabbricati."
"visura-storica","PI","VECCHIANO","33","568","2","F","","analitica","","","PVP sales 3 (2155259,2251043,4444442); Storica Analitica visura per immobile - Catasto Fabbricati."
"visura-storica","PI","VECCHIANO","33","568","3","F","","analitica","","","PVP sales 3 (2155259,2251043,4444442); Storica Analitica visura per immobile - Catasto Fabbricati."
"visura-storica","PI","VECCHIANO","33","568","5","F","","analitica","","","PVP sales 3 (2155259,2251043,4444442); Storica Analitica visura per immobile - Catasto Fabbricati."
"visura-storica","PI","VECCHIANO","33","568","6","F","","analitica","","","PVP sales 3 (2155259,2251043,4444442); Storica Analitica visura per immobile - Catasto Fabbricati."
"visura-storica","PI","VECCHIANO","36","522","","F","","analitica","","","PVP sales 1 (2248408); Storica Analitica visura per immobile - Catasto Fabbricati."
"visura-storica","PI","VECCHIANO","36","522","","T","","analitica","","","PVP sales 1 (2248408); Storica Analitica visura per immobile - Catasto Terreni."
"visura-storica","PI","VECCHIANO","6","236","","T","","analitica","","","PVP sales 2 (4459020,4540758); Storica Analitica visura per immobile - Catasto Terreni."
"visura-storica","PI","VECCHIANO","6","240","","T","","analitica","","","PVP sales 2 (4459020,4540758); Storica Analitica visura per immobile - Catasto Terreni."
"visura-storica","PI","VECCHIANO","6","255","","T","","analitica","","","PVP sales 2 (4459020,4540758); Storica Analitica visura per immobile - Catasto Terreni."
"visura-storica","PI","VECCHIANO","6","257","","T","","analitica","","","PVP sales 2 (4459020,4540758); Storica Analitica visura per immobile - Catasto Terreni."
"visura-storica","PI","VECCHIANO","6","258","","T","","analitica","","","PVP sales 2 (4459020,4540758); Storica Analitica visura per immobile - Catasto Terreni."
"visura-storica","PI","VECCHIANO","6","260","","T","","analitica","","","PVP sales 2 (4459020,4540758); Storica Analitica visura per immobile - Catasto Terreni."
"visura-storica","PI","VECCHIANO","6","267","1","F","","analitica","","","PVP sales 2 (4459020,4540758); Storica Analitica visura per immobile - Catasto Fabbricati."
"visura-storica","PI","VECCHIANO","6","267","2","F","","analitica","","","PVP sales 2 (4459020,4540758); Storica Analitica visura per immobile - Catasto Fabbricati."
"visura-storica","PI","VECCHIANO","6","267","3","F","","analitica","","","PVP sales 2 (4459020,4540758); Storica Analitica visura per immobile - Catasto Fabbricati."
"visura-storica","PI","VECCHIANO","6","267","4","F","","analitica","","","PVP sales 2 (4459020,4540758); Storica Analitica visura per immobile - Catasto Fabbricati."
"visura-storica","PI","VECCHIANO","6","267","5","F","","analitica","","","PVP sales 2 (4459020,4540758); Storica Analitica visura per immobile - Catasto Fabbricati."
"visura-storica","PI","VECCHIANO","6","267","6","F","","analitica","","","PVP sales 2 (4459020,4540758); Storica Analitica visura per immobile - Catasto Fabbricati."
"visura-storica","PI","VECCHIANO","6","274","","F","","analitica","","","PVP sales 1 (2129939); Storica Analitica visura per immobile - Catasto Fabbricati."
"visura-storica","PI","VECCHIANO","6","274","","T","","analitica","","","PVP sales 1 (2129939); Storica Analitica visura per immobile - Catasto Terreni."
"visura-storica","PI","VECCHIANO","6","53","","F","","analitica","","","PVP sales 1 (2129942); Storica Analitica visura per immobile - Catasto Fabbricati."
"visura-storica","PI","VECCHIANO","6","53","","T","","analitica","","","PVP sales 1 (2129942); Storica Analitica visura per immobile - Catasto Terreni."
"visura-storica","PI","VECCHIANO","7","232","2","F","","analitica","","","PVP sales 1 (4443437); Storica Analitica visura per immobile - Catasto Fabbricati."
"visura-storica","PI","VECCHIANO","7","232","3","F","","analitica","","","PVP sales 1 (4443437); Storica Analitica visura per immobile - Catasto Fabbricati."
"visura-storica","PI","VECCHIANO","7","232","6","F","","analitica","","","PVP sales 1 (4443437); Storica Analitica visura per immobile - Catasto Fabbricati."
"visura-storica","PI","VECCHIANO","7","232","9","F","","analitica","","","PVP sales 1 (4443437); Storica Analitica visura per immobile - Catasto Fabbricati."
"visura-storica","PI","VECCHIANO","7","262","5","F","","analitica","","","PVP sales 2 (4467146,4533591); Storica Analitica visura per immobile - Catasto Fabbricati."
"visura-storica","PI","VECCHIANO","7","264","3","F","","analitica","","","PVP sales 2 (4467146,4533591); Storica Analitica visura per immobile - Catasto Fabbricati."
"visura-storica","PI","VICOPISANO","18","975","1","F","","analitica","","","PVP sales 1 (4515568); Storica Analitica visura per immobile - Catasto Fabbricati."
"visura-storica","PI","VICOPISANO","18","975","2","F","","analitica","","","PVP sales 1 (4515568); Storica Analitica visura per immobile - Catasto Fabbricati."
"visura-storica","PI","VICOPISANO","20","491","1","F","","analitica","","","PVP sales 1 (4250342); Storica Analitica visura per immobile - Catasto Fabbricati."
"visura-storica","PI","VICOPISANO","22","111","17","F","","analitica","","","PVP sales 1 (4558612); Storica Analitica visura per immobile - Catasto Fabbricati."
"visura-storica","PI","VICOPISANO","22","111","18","F","","analitica","","","PVP sales 1 (4558612); Storica Analitica visura per immobile - Catasto Fabbricati."
"visura-storica","PI","VICOPISANO","22","213","","F","","analitica","","","PVP sales 3 (4446253,4495642,4531314); Storica Analitica visura per immobile - Catasto Fabbricati."
"visura-storica","PI","VICOPISANO","22","213","","T","","analitica","","","PVP sales 3 (4446253,4495642,4531314); Storica Analitica visura per immobile - Catasto Terreni."
"visura-storica","PI","VICOPISANO","22","214","","F","","analitica","","","PVP sales 3 (4446253,4495642,4531314); Storica Analitica visura per immobile - Catasto Fabbricati."
"visura-storica","PI","VICOPISANO","22","214","","T","","analitica","","","PVP sales 3 (4446253,4495642,4531314); Storica Analitica visura per immobile - Catasto Terreni."
"visura-storica","PI","VICOPISANO","22","217","","F","","analitica","","","PVP sales 3 (4446253,4495642,4531314); Storica Analitica visura per immobile - Catasto Fabbricati."
"visura-storica","PI","VICOPISANO","22","217","","T","","analitica","","","PVP sales 3 (4446253,4495642,4531314); Storica Analitica visura per immobile - Catasto Terreni."
"visura-storica","PI","VICOPISANO","22","218","","F","","analitica","","","PVP sales 3 (4446253,4495642,4531314); Storica Analitica visura per immobile - Catasto Fabbricati."
"visura-storica","PI","VICOPISANO","22","218","","T","","analitica","","","PVP sales 3 (4446253,4495642,4531314); Storica Analitica visura per immobile - Catasto Terreni."
"visura-storica","PI","VICOPISANO","22","220","","F","","analitica","","","PVP sales 3 (4446253,4495642,4531314); Storica Analitica visura per immobile - Catasto Fabbricati."
"visura-storica","PI","VICOPISANO","22","220","","T","","analitica","","","PVP sales 3 (4446253,4495642,4531314); Storica Analitica visura per immobile - Catasto Terreni."
"visura-storica","PI","VICOPISANO","22","222","","F","","analitica","","","PVP sales 3 (4446253,4495642,4531314); Storica Analitica visura per immobile - Catasto Fabbricati."
"visura-storica","PI","VICOPISANO","22","222","","T","","analitica","","","PVP sales 3 (4446253,4495642,4531314); Storica Analitica visura per immobile - Catasto Terreni."
"visura-storica","PI","VICOPISANO","22","224","","F","","analitica","","","PVP sales 3 (4446253,4495642,4531314); Storica Analitica visura per immobile - Catasto Fabbricati."
"visura-storica","PI","VICOPISANO","22","224","","T","","analitica","","","PVP sales 3 (4446253,4495642,4531314); Storica Analitica visura per immobile - Catasto Terreni."
"visura-storica","PI","VICOPISANO","22","225","","F","","analitica","","","PVP sales 3 (4446253,4495642,4531314); Storica Analitica visura per immobile - Catasto Fabbricati."
"visura-storica","PI","VICOPISANO","22","225","","T","","analitica","","","PVP sales 3 (4446253,4495642,4531314); Storica Analitica visura per immobile - Catasto Terreni."
"visura-storica","PI","VICOPISANO","22","226","","F","","analitica","","","PVP sales 3 (4446253,4495642,4531314); Storica Analitica visura per immobile - Catasto Fabbricati."
"visura-storica","PI","VICOPISANO","22","226","","T","","analitica","","","PVP sales 3 (4446253,4495642,4531314); Storica Analitica visura per immobile - Catasto Terreni."
"visura-storica","PI","VICOPISANO","22","227","","F","","analitica","","","PVP sales 3 (4446253,4495642,4531314); Storica Analitica visura per immobile - Catasto Fabbricati."
"visura-storica","PI","VICOPISANO","22","227","","T","","analitica","","","PVP sales 3 (4446253,4495642,4531314); Storica Analitica visura per immobile - Catasto Terreni."
"visura-storica","PI","VICOPISANO","22","228","","F","","analitica","","","PVP sales 3 (4446253,4495642,4531314); Storica Analitica visura per immobile - Catasto Fabbricati."
"visura-storica","PI","VICOPISANO","22","228","","T","","analitica","","","PVP sales 3 (4446253,4495642,4531314); Storica Analitica visura per immobile - Catasto Terreni."
"visura-storica","PI","VICOPISANO","22","231","","F","","analitica","","","PVP sales 1 (1494163); Storica Analitica visura per immobile - Catasto Fabbricati."
"visura-storica","PI","VICOPISANO","22","231","","T","","analitica","","","PVP sales 1 (1494163); Storica Analitica visura per immobile - Catasto Terreni."
"visura-storica","PI","VICOPISANO","22","232","","F","","analitica","","","PVP sales 1 (1494163); Storica Analitica visura per immobile - Catasto Fabbricati."
"visura-storica","PI","VICOPISANO","22","232","","T","","analitica","","","PVP sales 1 (1494163); Storica Analitica visura per immobile - Catasto Terreni."
"visura-storica","PI","VICOPISANO","22","233","","F","","analitica","","","PVP sales 1 (1494163); Storica Analitica visura per immobile - Catasto Fabbricati."
"visura-storica","PI","VICOPISANO","22","233","","T","","analitica","","","PVP sales 1 (1494163); Storica Analitica visura per immobile - Catasto Terreni."
"visura-storica","PI","VICOPISANO","22","234","","F","","analitica","","","PVP sales 1 (1494163); Storica Analitica visura per immobile - Catasto Fabbricati."
"visura-storica","PI","VICOPISANO","22","234","","T","","analitica","","","PVP sales 1 (1494163); Storica Analitica visura per immobile - Catasto Terreni."
"visura-storica","PI","VICOPISANO","22","235","","F","","analitica","","","PVP sales 1 (1494163); Storica Analitica visura per immobile - Catasto Fabbricati."
"visura-storica","PI","VICOPISANO","22","235","","T","","analitica","","","PVP sales 1 (1494163); Storica Analitica visura per immobile - Catasto Terreni."
"visura-storica","PI","VICOPISANO","22","236","","F","","analitica","","","PVP sales 1 (1494163); Storica Analitica visura per immobile - Catasto Fabbricati."
"visura-storica","PI","VICOPISANO","22","236","","T","","analitica","","","PVP sales 1 (1494163); Storica Analitica visura per immobile - Catasto Terreni."
"visura-storica","PI","VICOPISANO","22","237","","F","","analitica","","","PVP sales 1 (1494163); Storica Analitica visura per immobile - Catasto Fabbricati."
"visura-storica","PI","VICOPISANO","22","237","","T","","analitica","","","PVP sales 1 (1494163); Storica Analitica visura per immobile - Catasto Terreni."
"visura-storica","PI","VICOPISANO","22","238","","F","","analitica","","","PVP sales 1 (1494163); Storica Analitica visura per immobile - Catasto Fabbricati."
"visura-storica","PI","VICOPISANO","22","238","","T","","analitica","","","PVP sales 1 (1494163); Storica Analitica visura per immobile - Catasto Terreni."
"visura-storica","PI","VICOPISANO","22","239","","F","","analitica","","","PVP sales 1 (1494163); Storica Analitica visura per immobile - Catasto Fabbricati."
"visura-storica","PI","VICOPISANO","22","239","","T","","analitica","","","PVP sales 1 (1494163); Storica Analitica visura per immobile - Catasto Terreni."
"visura-storica","PI","VICOPISANO","22","245","","F","","analitica","","","PVP sales 1 (1494163); Storica Analitica visura per immobile - Catasto Fabbricati."
"visura-storica","PI","VICOPISANO","22","245","","T","","analitica","","","PVP sales 1 (1494163); Storica Analitica visura per immobile - Catasto Terreni."
"visura-storica","PI","VICOPISANO","22","246","","F","","analitica","","","PVP sales 1 (1494163); Storica Analitica visura per immobile - Catasto Fabbricati."
"visura-storica","PI","VICOPISANO","22","246","","T","","analitica","","","PVP sales 1 (1494163); Storica Analitica visura per immobile - Catasto Terreni."
"visura-storica","PI","VICOPISANO","22","251","2","F","","analitica","","","PVP sales 3 (4446253,4495642,4531314); Storica Analitica visura per immobile - Catasto Fabbricati."
"visura-storica","PI","VICOPISANO","22","253","4","F","","analitica","","","PVP sales 3 (4446253,4495642,4531314); Storica Analitica visura per immobile - Catasto Fabbricati."
"visura-storica","PI","VICOPISANO","22","253","6","F","","analitica","","","PVP sales 3 (4446253,4495642,4531314); Storica Analitica visura per immobile - Catasto Fabbricati."
"visura-storica","PI","VICOPISANO","22","253","7","F","","analitica","","","PVP sales 3 (4446253,4495642,4531314); Storica Analitica visura per immobile - Catasto Fabbricati."
"visura-storica","PI","VICOPISANO","22","253","8","F","","analitica","","","PVP sales 3 (4446253,4495642,4531314); Storica Analitica visura per immobile - Catasto Fabbricati."
"visura-storica","PI","VICOPISANO","22","253","9","F","","analitica","","","PVP sales 3 (4446253,4495642,4531314); Storica Analitica visura per immobile - Catasto Fabbricati."
"visura-storica","PI","VICOPISANO","22","278","","F","","analitica","","","PVP sales 1 (1494163); Storica Analitica visura per immobile - Catasto Fabbricati."
"visura-storica","PI","VICOPISANO","22","278","","T","","analitica","","","PVP sales 1 (1494163); Storica Analitica visura per immobile - Catasto Terreni."
"visura-storica","PI","VICOPISANO","22","279","","F","","analitica","","","PVP sales 1 (1494163); Storica Analitica visura per immobile - Catasto Fabbricati."
"visura-storica","PI","VICOPISANO","22","279","","T","","analitica","","","PVP sales 1 (1494163); Storica Analitica visura per immobile - Catasto Terreni."
"visura-storica","PI","VICOPISANO","22","59","","F","","analitica","","","PVP sales 1 (1494163); Storica Analitica visura per immobile - Catasto Fabbricati."
"visura-storica","PI","VICOPISANO","22","59","","T","","analitica","","","PVP sales 1 (1494163); Storica Analitica visura per immobile - Catasto Terreni."
"visura-storica","PI","VICOPISANO","23","100","1","F","","analitica","","","PVP sales 1 (4571314); Storica Analitica visura per immobile - Catasto Fabbricati."
"visura-storica","PI","VICOPISANO","23","100","2","F","","analitica","","","PVP sales 1 (4571314); Storica Analitica visura per immobile - Catasto Fabbricati."
"visura-storica","PI","VICOPISANO","23","101","1","F","","analitica","","","PVP sales 1 (4571314); Storica Analitica visura per immobile - Catasto Fabbricati."
"visura-storica","PI","VICOPISANO","23","101","2","F","","analitica","","","PVP sales 1 (4571314); Storica Analitica visura per immobile - Catasto Fabbricati."
"visura-storica","PI","VICOPISANO","23","101","4","F","","analitica","","","PVP sales 1 (4571314); Storica Analitica visura per immobile - Catasto Fabbricati."
"visura-storica","PI","VICOPISANO","23","101","5","F","","analitica","","","PVP sales 1 (4571314); Storica Analitica visura per immobile - Catasto Fabbricati."
"visura-storica","PI","VICOPISANO","23","101","6","F","","analitica","","","PVP sales 1 (4571314); Storica Analitica visura per immobile - Catasto Fabbricati."
"visura-storica","PI","VICOPISANO","23","11","19","F","","analitica","","","PVP sales 1 (4571591); Storica Analitica visura per immobile - Catasto Fabbricati."
"visura-storica","PI","VICOPISANO","23","16","2","F","","analitica","","","PVP sales 1 (4571591); Storica Analitica visura per immobile - Catasto Fabbricati."
"visura-storica","PI","VICOPISANO","23","167","10","F","","analitica","","","PVP sales 2 (4479186,4534033); Storica Analitica visura per immobile - Catasto Fabbricati."
"visura-storica","PI","VICOPISANO","24","2","2","F","","analitica","","","PVP sales 1 (4412502); Storica Analitica visura per immobile - Catasto Fabbricati."
"visura-storica","PI","VICOPISANO","25","30","19","F","","analitica","","","PVP sales 3 (1874324,2117572,2255348); Storica Analitica visura per immobile - Catasto Fabbricati."
"visura-storica","PI","VICOPISANO","25","30","20","F","","analitica","","","PVP sales 3 (1874324,2117572,2255348); Storica Analitica visura per immobile - Catasto Fabbricati."
"visura-storica","PI","VICOPISANO","25","340","3","F","","analitica","","","PVP sales 2 (2177127,2243181); Storica Analitica visura per immobile - Catasto Fabbricati."
"visura-storica","PI","VICOPISANO","25","491","4","F","","analitica","","","PVP sales 1 (4517737); Storica Analitica visura per immobile - Catasto Fabbricati."
"visura-storica","PI","VICOPISANO","25","727","1","F","","analitica","","","PVP sales 2 (1936475,2133527); Storica Analitica visura per immobile - Catasto Fabbricati."
"visura-storica","PI","VICOPISANO","26","703","","F","","analitica","","","PVP sales 1 (4517737); Storica Analitica visura per immobile - Catasto Fabbricati."
"visura-storica","PI","VICOPISANO","26","703","","T","","analitica","","","PVP sales 1 (4517737); Storica Analitica visura per immobile - Catasto Terreni."
"visura-storica","PI","VICOPISANO","3","201","","F","","analitica","","","PVP sales 1 (349468); Storica Analitica visura per immobile - Catasto Fabbricati."
"visura-storica","PI","VICOPISANO","3","201","","T","","analitica","","","PVP sales 1 (349468); Storica Analitica visura per immobile - Catasto Terreni."
"visura-storica","PI","VICOPISANO","3","22","","F","","analitica","","","PVP sales 1 (349468); Storica Analitica visura per immobile - Catasto Fabbricati."
"visura-storica","PI","VICOPISANO","3","22","","T","","analitica","","","PVP sales 1 (349468); Storica Analitica visura per immobile - Catasto Terreni."
"visura-storica","PI","VICOPISANO","3","280","","F","","analitica","","","PVP sales 1 (349468); Storica Analitica visura per immobile - Catasto Fabbricati."
"visura-storica","PI","VICOPISANO","3","280","","T","","analitica","","","PVP sales 1 (349468); Storica Analitica visura per immobile - Catasto Terreni."
"visura-storica","PI","VICOPISANO","3","402","1","F","","analitica","","","PVP sales 1 (4468755); Storica Analitica visura per immobile - Catasto Fabbricati."
"visura-storica","PI","VICOPISANO","3","402","2","F","","analitica","","","PVP sales 3 (349124,690549,4468755); Storica Analitica visura per immobile - Catasto Fabbricati."
"visura-storica","PI","VICOPISANO","3","402","3","F","","analitica","","","PVP sales 3 (349124,690549,4468755); Storica Analitica visura per immobile - Catasto Fabbricati."
"visura-storica","PI","VICOPISANO","7","605","1","F","","analitica","","","PVP sales 1 (4256537); Storica Analitica visura per immobile - Catasto Fabbricati."
"visura-storica","PI","VICOPISANO","7","605","7","F","","analitica","","","PVP sales 1 (4256537); Storica Analitica visura per immobile - Catasto Fabbricati."
"visura-storica","PI","VICOPISANO","8","135","4","F","","analitica","","","PVP sales 3 (1976486,1976552,2052933); Storica Analitica visura per immobile - Catasto Fabbricati."
"visura-storica","PI","VICOPISANO","8","135","5","F","","analitica","","","PVP sales 1 (2052933); Storica Analitica visura per immobile - Catasto Fabbricati."
"visura-storica","PI","VICOPISANO","8","135","6","F","","analitica","","","PVP sales 3 (1976486,1976552,2052933); Storica Analitica visura per immobile - Catasto Fabbricati."
"visura-storica","PI","VICOPISANO","8","135","7","F","","analitica","","","PVP sales 3 (1976486,1976552,2052933); Storica Analitica visura per immobile - Catasto Fabbricati."
"visura-storica","PI","VICOPISANO","8","135","8","F","","analitica","","","PVP sales 3 (1976486,1976552,2052933); Storica Analitica visura per immobile - Catasto Fabbricati."
"visura-storica","PI","VICOPISANO","8","135","9","F","","analitica","","","PVP sales 1 (2052933); Storica Analitica visura per immobile - Catasto Fabbricati."
"visura-storica","PI","VOLTERRA","11","292","4","F","","analitica","","","PVP sales 2 (444890,982193); Storica Analitica visura per immobile - Catasto Fabbricati."
"visura-storica","PI","VOLTERRA","11","292","9","F","","analitica","","","PVP sales 2 (444890,982193); Storica Analitica visura per immobile - Catasto Fabbricati."
"visura-storica","PI","VOLTERRA","113","170","6","F","","analitica","","","PVP sales 1 (4470102); Storica Analitica visura per immobile - Catasto Fabbricati."
"visura-storica","PI","VOLTERRA","113","285","8","F","","analitica","","","PVP sales 2 (4218357,4475231); Storica Analitica visura per immobile - Catasto Fabbricati."
"visura-storica","PI","VOLTERRA","115","163","5","F","","analitica","","","PVP sales 1 (4246834); Storica Analitica visura per immobile - Catasto Fabbricati."
"visura-storica","PI","VOLTERRA","115","5","32","F","","analitica","","","PVP sales 1 (2250914); Storica Analitica visura per immobile - Catasto Fabbricati."
"visura-storica","PI","VOLTERRA","128","427","","F","","analitica","","","PVP sales 1 (2088326); Storica Analitica visura per immobile - Catasto Fabbricati."
"visura-storica","PI","VOLTERRA","128","427","","T","","analitica","","","PVP sales 1 (2088326); Storica Analitica visura per immobile - Catasto Terreni."
"visura-storica","PI","VOLTERRA","131","102","","F","","analitica","","","PVP sales 3 (2244571,4286216,4456936); Storica Analitica visura per immobile - Catasto Fabbricati."
"visura-storica","PI","VOLTERRA","131","102","","T","","analitica","","","PVP sales 3 (2244571,4286216,4456936); Storica Analitica visura per immobile - Catasto Terreni."
"visura-storica","PI","VOLTERRA","131","103","","F","","analitica","","","PVP sales 3 (2244571,4286216,4456936); Storica Analitica visura per immobile - Catasto Fabbricati."
"visura-storica","PI","VOLTERRA","131","103","","T","","analitica","","","PVP sales 3 (2244571,4286216,4456936); Storica Analitica visura per immobile - Catasto Terreni."
"visura-storica","PI","VOLTERRA","131","134","","F","","analitica","","","PVP sales 3 (2244571,4286216,4456936); Storica Analitica visura per immobile - Catasto Fabbricati."
"visura-storica","PI","VOLTERRA","131","134","","T","","analitica","","","PVP sales 3 (2244571,4286216,4456936); Storica Analitica visura per immobile - Catasto Terreni."
"visura-storica","PI","VOLTERRA","131","135","","F","","analitica","","","PVP sales 3 (2244571,4286216,4456936); Storica Analitica visura per immobile - Catasto Fabbricati."
"visura-storica","PI","VOLTERRA","131","135","","T","","analitica","","","PVP sales 3 (2244571,4286216,4456936); Storica Analitica visura per immobile - Catasto Terreni."
"visura-storica","PI","VOLTERRA","131","146","","F","","analitica","","","PVP sales 3 (2244571,4286216,4456936); Storica Analitica visura per immobile - Catasto Fabbricati."
"visura-storica","PI","VOLTERRA","131","146","","T","","analitica","","","PVP sales 3 (2244571,4286216,4456936); Storica Analitica visura per immobile - Catasto Terreni."
"visura-storica","PI","VOLTERRA","131","147","","F","","analitica","","","PVP sales 3 (2244571,4286216,4456936); Storica Analitica visura per immobile - Catasto Fabbricati."
"visura-storica","PI","VOLTERRA","131","147","","T","","analitica","","","PVP sales 3 (2244571,4286216,4456936); Storica Analitica visura per immobile - Catasto Terreni."
"visura-storica","PI","VOLTERRA","131","148","","F","","analitica","","","PVP sales 3 (2244571,4286216,4456936); Storica Analitica visura per immobile - Catasto Fabbricati."
"visura-storica","PI","VOLTERRA","131","148","","T","","analitica","","","PVP sales 3 (2244571,4286216,4456936); Storica Analitica visura per immobile - Catasto Terreni."
"visura-storica","PI","VOLTERRA","131","149","","F","","analitica","","","PVP sales 3 (2244571,4286216,4456936); Storica Analitica visura per immobile - Catasto Fabbricati."
"visura-storica","PI","VOLTERRA","131","149","","T","","analitica","","","PVP sales 3 (2244571,4286216,4456936); Storica Analitica visura per immobile - Catasto Terreni."
"visura-storica","PI","VOLTERRA","131","150","","F","","analitica","","","PVP sales 3 (2244571,4286216,4456936); Storica Analitica visura per immobile - Catasto Fabbricati."
"visura-storica","PI","VOLTERRA","131","150","","T","","analitica","","","PVP sales 3 (2244571,4286216,4456936); Storica Analitica visura per immobile - Catasto Terreni."
"visura-storica","PI","VOLTERRA","131","151","","F","","analitica","","","PVP sales 3 (2244571,4286216,4456936); Storica Analitica visura per immobile - Catasto Fabbricati."
"visura-storica","PI","VOLTERRA","131","151","","T","","analitica","","","PVP sales 3 (2244571,4286216,4456936); Storica Analitica visura per immobile - Catasto Terreni."
"visura-storica","PI","VOLTERRA","131","152","","F","","analitica","","","PVP sales 3 (2244571,4286216,4456936); Storica Analitica visura per immobile - Catasto Fabbricati."
"visura-storica","PI","VOLTERRA","131","152","","T","","analitica","","","PVP sales 3 (2244571,4286216,4456936); Storica Analitica visura per immobile - Catasto Terreni."
"visura-storica","PI","VOLTERRA","131","153","","F","","analitica","","","PVP sales 3 (2244571,4286216,4456936); Storica Analitica visura per immobile - Catasto Fabbricati."
"visura-storica","PI","VOLTERRA","131","153","","T","","analitica","","","PVP sales 3 (2244571,4286216,4456936); Storica Analitica visura per immobile - Catasto Terreni."
"visura-storica","PI","VOLTERRA","131","154","","F","","analitica","","","PVP sales 3 (2244571,4286216,4456936); Storica Analitica visura per immobile - Catasto Fabbricati."
"visura-storica","PI","VOLTERRA","131","154","","T","","analitica","","","PVP sales 3 (2244571,4286216,4456936); Storica Analitica visura per immobile - Catasto Terreni."
"visura-storica","PI","VOLTERRA","131","155","","F","","analitica","","","PVP sales 3 (2244571,4286216,4456936); Storica Analitica visura per immobile - Catasto Fabbricati."
"visura-storica","PI","VOLTERRA","131","155","","T","","analitica","","","PVP sales 3 (2244571,4286216,4456936); Storica Analitica visura per immobile - Catasto Terreni."
"visura-storica","PI","VOLTERRA","131","23","","F","","analitica","","","PVP sales 3 (2244571,4286216,4456936); Storica Analitica visura per immobile - Catasto Fabbricati."
"visura-storica","PI","VOLTERRA","131","23","","T","","analitica","","","PVP sales 3 (2244571,4286216,4456936); Storica Analitica visura per immobile - Catasto Terreni."
"visura-storica","PI","VOLTERRA","131","24","","F","","analitica","","","PVP sales 3 (2244571,4286216,4456936); Storica Analitica visura per immobile - Catasto Fabbricati."
"visura-storica","PI","VOLTERRA","131","24","","T","","analitica","","","PVP sales 3 (2244571,4286216,4456936); Storica Analitica visura per immobile - Catasto Terreni."
"visura-storica","PI","VOLTERRA","131","42","","F","","analitica","","","PVP sales 3 (2244571,4286216,4456936); Storica Analitica visura per immobile - Catasto Fabbricati."
"visura-storica","PI","VOLTERRA","131","42","","T","","analitica","","","PVP sales 3 (2244571,4286216,4456936); Storica Analitica visura per immobile - Catasto Terreni."
"visura-storica","PI","VOLTERRA","131","79","","F","","analitica","","","PVP sales 3 (2244571,4286216,4456936); Storica Analitica visura per immobile - Catasto Fabbricati."
"visura-storica","PI","VOLTERRA","131","79","","T","","analitica","","","PVP sales 3 (2244571,4286216,4456936); Storica Analitica visura per immobile - Catasto Terreni."
"visura-storica","PI","VOLTERRA","131","80","","F","","analitica","","","PVP sales 3 (2244571,4286216,4456936); Storica Analitica visura per immobile - Catasto Fabbricati."
"visura-storica","PI","VOLTERRA","131","80","","T","","analitica","","","PVP sales 3 (2244571,4286216,4456936); Storica Analitica visura per immobile - Catasto Terreni."
"visura-storica","PI","VOLTERRA","131","94","","F","","analitica","","","PVP sales 3 (2244571,4286216,4456936); Storica Analitica visura per immobile - Catasto Fabbricati."
"visura-storica","PI","VOLTERRA","131","94","","T","","analitica","","","PVP sales 3 (2244571,4286216,4456936); Storica Analitica visura per immobile - Catasto Terreni."
"visura-storica","PI","VOLTERRA","131","95","","F","","analitica","","","PVP sales 3 (2244571,4286216,4456936); Storica Analitica visura per immobile - Catasto Fabbricati."
"visura-storica","PI","VOLTERRA","131","95","","T","","analitica","","","PVP sales 3 (2244571,4286216,4456936); Storica Analitica visura per immobile - Catasto Terreni."
"visura-storica","PI","VOLTERRA","131","96","","F","","analitica","","","PVP sales 3 (2244571,4286216,4456936); Storica Analitica visura per immobile - Catasto Fabbricati."
"visura-storica","PI","VOLTERRA","131","96","","T","","analitica","","","PVP sales 3 (2244571,4286216,4456936); Storica Analitica visura per immobile - Catasto Terreni."
"visura-storica","PI","VOLTERRA","131","97","","F","","analitica","","","PVP sales 3 (2244571,4286216,4456936); Storica Analitica visura per immobile - Catasto Fabbricati."
"visura-storica","PI","VOLTERRA","131","97","","T","","analitica","","","PVP sales 3 (2244571,4286216,4456936); Storica Analitica visura per immobile - Catasto Terreni."
"visura-storica","PI","VOLTERRA","131","98","","F","","analitica","","","PVP sales 3 (2244571,4286216,4456936); Storica Analitica visura per immobile - Catasto Fabbricati."
"visura-storica","PI","VOLTERRA","131","98","","T","","analitica","","","PVP sales 3 (2244571,4286216,4456936); Storica Analitica visura per immobile - Catasto Terreni."
"visura-storica","PI","VOLTERRA","131","99","","F","","analitica","","","PVP sales 3 (2244571,4286216,4456936); Storica Analitica visura per immobile - Catasto Fabbricati."
"visura-storica","PI","VOLTERRA","131","99","","T","","analitica","","","PVP sales 3 (2244571,4286216,4456936); Storica Analitica visura per immobile - Catasto Terreni."
"visura-storica","PI","VOLTERRA","155","67","","F","","analitica","","","PVP sales 3 (2244571,4286216,4456936); Storica Analitica visura per immobile - Catasto Fabbricati."
"visura-storica","PI","VOLTERRA","155","67","","T","","analitica","","","PVP sales 3 (2244571,4286216,4456936); Storica Analitica visura per immobile - Catasto Terreni."
"visura-storica","PI","VOLTERRA","162","23","","T","","analitica","","","PVP sales 2 (527418,2050514); Storica Analitica visura per immobile - Catasto Terreni."
"visura-storica","PI","VOLTERRA","162","24","","T","","analitica","","","PVP sales 2 (527418,2050514); Storica Analitica visura per immobile - Catasto Terreni."
"visura-storica","PI","VOLTERRA","162","26","","T","","analitica","","","PVP sales 2 (527418,2050514); Storica Analitica visura per immobile - Catasto Terreni."
"visura-storica","PI","VOLTERRA","162","27","","T","","analitica","","","PVP sales 2 (527418,2050514); Storica Analitica visura per immobile - Catasto Terreni."
"visura-storica","PI","VOLTERRA","162","28","","T","","analitica","","","PVP sales 2 (527418,2050514); Storica Analitica visura per immobile - Catasto Terreni."
"visura-storica","PI","VOLTERRA","162","30","","F","","analitica","","","PVP sales 1 (527418); Storica Analitica visura per immobile - Catasto Fabbricati."
"visura-storica","PI","VOLTERRA","162","30","1","F","","analitica","","","PVP sales 1 (2050514); Storica Analitica visura per immobile - Catasto Fabbricati."
"visura-storica","PI","VOLTERRA","162","30","2","F","","analitica","","","PVP sales 1 (2050514); Storica Analitica visura per immobile - Catasto Fabbricati."
"visura-storica","PI","VOLTERRA","162","30","3","F","","analitica","","","PVP sales 1 (2050514); Storica Analitica visura per immobile - Catasto Fabbricati."
"visura-storica","PI","VOLTERRA","162","30","4","F","","analitica","","","PVP sales 1 (2050514); Storica Analitica visura per immobile - Catasto Fabbricati."
"visura-storica","PI","VOLTERRA","162","30","5","F","","analitica","","","PVP sales 1 (2050514); Storica Analitica visura per immobile - Catasto Fabbricati."
"visura-storica","PI","VOLTERRA","162","30","6","F","","analitica","","","PVP sales 1 (2050514); Storica Analitica visura per immobile - Catasto Fabbricati."
"visura-storica","PI","VOLTERRA","162","30","7","F","","analitica","","","PVP sales 1 (2050514); Storica Analitica visura per immobile - Catasto Fabbricati."
"visura-storica","PI","VOLTERRA","162","30","8","F","","analitica","","","PVP sales 1 (2050514); Storica Analitica visura per immobile - Catasto Fabbricati."
"visura-storica","PI","VOLTERRA","162","30","9","F","","analitica","","","PVP sales 1 (2050514); Storica Analitica visura per immobile - Catasto Fabbricati."
"visura-storica","PI","VOLTERRA","162","32","","T","","analitica","","","PVP sales 2 (527418,2050514); Storica Analitica visura per immobile - Catasto Terreni."
"visura-storica","PI","VOLTERRA","162","36","","T","","analitica","","","PVP sales 2 (527418,2050514); Storica Analitica visura per immobile - Catasto Terreni."
"visura-storica","PI","VOLTERRA","186","9","6","F","","analitica","","","PVP sales 1 (558797); Storica Analitica visura per immobile - Catasto Fabbricati."
"visura-storica","PI","VOLTERRA","186","9","7","F","","analitica","","","PVP sales 1 (558797); Storica Analitica visura per immobile - Catasto Fabbricati."
"visura-storica","PI","VOLTERRA","186","9","8","F","","analitica","","","PVP sales 1 (558797); Storica Analitica visura per immobile - Catasto Fabbricati."
"visura-storica","PI","VOLTERRA","188","262","3","F","","analitica","","","PVP sales 1 (4474257); Storica Analitica visura per immobile - Catasto Fabbricati."
"visura-storica","PI","VOLTERRA","188","495","3","F","","analitica","","","PVP sales 1 (4535197); Storica Analitica visura per immobile - Catasto Fabbricati."
"visura-storica","PI","VOLTERRA","188","589","15","F","","analitica","","","PVP sales 3 (600651,962713,1109405); Storica Analitica visura per immobile - Catasto Fabbricati."
"visura-storica","PI","VOLTERRA","188","589","4","F","","analitica","","","PVP sales 3 (600651,962713,1109405); Storica Analitica visura per immobile - Catasto Fabbricati."
"visura-storica","PI","VOLTERRA","20","141","","F","","analitica","","","PVP sales 1 (4449795); Storica Analitica visura per immobile - Catasto Fabbricati."
"visura-storica","PI","VOLTERRA","20","144","","F","","analitica","","","PVP sales 1 (4449795); Storica Analitica visura per immobile - Catasto Fabbricati."
"visura-storica","PI","VOLTERRA","20","28","33","F","","analitica","","","PVP sales 1 (668213); Storica Analitica visura per immobile - Catasto Fabbricati."
"visura-storica","PI","VOLTERRA","20","28","34","F","","analitica","","","PVP sales 1 (4449795); Storica Analitica visura per immobile - Catasto Fabbricati."
"visura-storica","PI","VOLTERRA","20","28","35","F","","analitica","","","PVP sales 1 (4449795); Storica Analitica visura per immobile - Catasto Fabbricati."
"visura-storica","PI","VOLTERRA","20","28","36","F","","analitica","","","PVP sales 1 (4449795); Storica Analitica visura per immobile - Catasto Fabbricati."
"visura-storica","PI","VOLTERRA","20","28","38","F","","analitica","","","PVP sales 1 (4449795); Storica Analitica visura per immobile - Catasto Fabbricati."
"visura-storica","PI","VOLTERRA","20","28","39","F","","analitica","","","PVP sales 1 (4449795); Storica Analitica visura per immobile - Catasto Fabbricati."
"visura-storica","PI","VOLTERRA","20","28","40","F","","analitica","","","PVP sales 1 (4449795); Storica Analitica visura per immobile - Catasto Fabbricati."
"visura-storica","PI","VOLTERRA","20","28","42","F","","analitica","","","PVP sales 1 (4449795); Storica Analitica visura per immobile - Catasto Fabbricati."
"visura-storica","PI","VOLTERRA","20","28","43","F","","analitica","","","PVP sales 1 (4449795); Storica Analitica visura per immobile - Catasto Fabbricati."
"visura-storica","PI","VOLTERRA","20","28","44","F","","analitica","","","PVP sales 1 (4449795); Storica Analitica visura per immobile - Catasto Fabbricati."
"visura-storica","PI","VOLTERRA","20","28","48","F","","analitica","","","PVP sales 1 (4449795); Storica Analitica visura per immobile - Catasto Fabbricati."
"visura-storica","PI","VOLTERRA","20","28","49","F","","analitica","","","PVP sales 1 (4449795); Storica Analitica visura per immobile - Catasto Fabbricati."
"visura-storica","PI","VOLTERRA","20","28","50","F","","analitica","","","PVP sales 1 (4449795); Storica Analitica visura per immobile - Catasto Fabbricati."
"visura-storica","PI","VOLTERRA","20","28","51","F","","analitica","","","PVP sales 1 (4449795); Storica Analitica visura per immobile - Catasto Fabbricati."
"visura-storica","PI","VOLTERRA","20","28","53","F","","analitica","","","PVP sales 1 (4449795); Storica Analitica visura per immobile - Catasto Fabbricati."
"visura-storica","PI","VOLTERRA","20","28","54","F","","analitica","","","PVP sales 1 (4449795); Storica Analitica visura per immobile - Catasto Fabbricati."
"visura-storica","PI","VOLTERRA","20","28","57","F","","analitica","","","PVP sales 1 (4449795); Storica Analitica visura per immobile - Catasto Fabbricati."
"visura-storica","PI","VOLTERRA","20","28","58","F","","analitica","","","PVP sales 1 (4449795); Storica Analitica visura per immobile - Catasto Fabbricati."
"visura-storica","PI","VOLTERRA","20","28","59","F","","analitica","","","PVP sales 1 (4449795); Storica Analitica visura per immobile - Catasto Fabbricati."
"visura-storica","PI","VOLTERRA","20","28","61","F","","analitica","","","PVP sales 1 (4449795); Storica Analitica visura per immobile - Catasto Fabbricati."
"visura-storica","PI","VOLTERRA","20","28","62","F","","analitica","","","PVP sales 1 (4449795); Storica Analitica visura per immobile - Catasto Fabbricati."
"visura-storica","PI","VOLTERRA","20","28","63","F","","analitica","","","PVP sales 1 (4449795); Storica Analitica visura per immobile - Catasto Fabbricati."
"visura-storica","PI","VOLTERRA","20","28","65","F","","analitica","","","PVP sales 1 (4449795); Storica Analitica visura per immobile - Catasto Fabbricati."
"visura-storica","PI","VOLTERRA","20","28","69","F","","analitica","","","PVP sales 1 (4449795); Storica Analitica visura per immobile - Catasto Fabbricati."
"visura-storica","PI","VOLTERRA","20","28","70","F","","analitica","","","PVP sales 1 (4449795); Storica Analitica visura per immobile - Catasto Fabbricati."
"visura-storica","PI","VOLTERRA","20","28","73","F","","analitica","","","PVP sales 1 (4449795); Storica Analitica visura per immobile - Catasto Fabbricati."
"visura-storica","PI","VOLTERRA","20","28","74","F","","analitica","","","PVP sales 1 (4449795); Storica Analitica visura per immobile - Catasto Fabbricati."
"visura-storica","PI","VOLTERRA","20","28","76","F","","analitica","","","PVP sales 1 (4449795); Storica Analitica visura per immobile - Catasto Fabbricati."
"visura-storica","PI","VOLTERRA","20","28","77","F","","analitica","","","PVP sales 1 (4449795); Storica Analitica visura per immobile - Catasto Fabbricati."
"visura-storica","PI","VOLTERRA","20","28","78","F","","analitica","","","PVP sales 1 (4449795); Storica Analitica visura per immobile - Catasto Fabbricati."
"visura-storica","PI","VOLTERRA","20","28","79","F","","analitica","","","PVP sales 1 (4449795); Storica Analitica visura per immobile - Catasto Fabbricati."
"visura-storica","PI","VOLTERRA","20","28","80","F","","analitica","","","PVP sales 1 (4449795); Storica Analitica visura per immobile - Catasto Fabbricati."
"visura-storica","PI","VOLTERRA","20","28","81","F","","analitica","","","PVP sales 1 (4449795); Storica Analitica visura per immobile - Catasto Fabbricati."
"visura-storica","PI","VOLTERRA","20","28","82","F","","analitica","","","PVP sales 1 (4449795); Storica Analitica visura per immobile - Catasto Fabbricati."
"visura-storica","PI","VOLTERRA","20","28","83","F","","analitica","","","PVP sales 1 (4449795); Storica Analitica visura per immobile - Catasto Fabbricati."
"visura-storica","PI","VOLTERRA","20","28","84","F","","analitica","","","PVP sales 1 (4449795); Storica Analitica visura per immobile - Catasto Fabbricati."
"visura-storica","PI","VOLTERRA","28","399","7","F","","analitica","","","PVP sales 2 (2171618,4493426); Storica Analitica visura per immobile - Catasto Fabbricati."
"visura-storica","PI","VOLTERRA","38","116","","F","","analitica","","","PVP sales 3 (1647023,1761888,1869191); Storica Analitica visura per immobile - Catasto Fabbricati."
"visura-storica","PI","VOLTERRA","38","116","","T","","analitica","","","PVP sales 3 (1647023,1761888,1869191); Storica Analitica visura per immobile - Catasto Terreni."
"visura-storica","PI","VOLTERRA","38","124","","F","","analitica","","","PVP sales 3 (1647023,1761888,1869191); Storica Analitica visura per immobile - Catasto Fabbricati."
"visura-storica","PI","VOLTERRA","38","124","","T","","analitica","","","PVP sales 3 (1647023,1761888,1869191); Storica Analitica visura per immobile - Catasto Terreni."
"visura-storica","PI","VOLTERRA","38","130","","F","","analitica","","","PVP sales 3 (1647023,1761888,1869191); Storica Analitica visura per immobile - Catasto Fabbricati."
"visura-storica","PI","VOLTERRA","38","130","","T","","analitica","","","PVP sales 3 (1647023,1761888,1869191); Storica Analitica visura per immobile - Catasto Terreni."
"visura-storica","PI","VOLTERRA","38","137","","F","","analitica","","","PVP sales 3 (1647023,1761888,1869191); Storica Analitica visura per immobile - Catasto Fabbricati."
"visura-storica","PI","VOLTERRA","38","137","","T","","analitica","","","PVP sales 3 (1647023,1761888,1869191); Storica Analitica visura per immobile - Catasto Terreni."
"visura-storica","PI","VOLTERRA","38","153","","F","","analitica","","","PVP sales 3 (1647023,1761888,1869191); Storica Analitica visura per immobile - Catasto Fabbricati."
"visura-storica","PI","VOLTERRA","38","153","","T","","analitica","","","PVP sales 3 (1647023,1761888,1869191); Storica Analitica visura per immobile - Catasto Terreni."
"visura-storica","PI","VOLTERRA","38","174","10","F","","analitica","","","PVP sales 3 (1647023,1761888,1869191); Storica Analitica visura per immobile - Catasto Fabbricati."
"visura-storica","PI","VOLTERRA","38","174","11","F","","analitica","","","PVP sales 3 (1647023,1761888,1869191); Storica Analitica visura per immobile - Catasto Fabbricati."
"visura-storica","PI","VOLTERRA","38","174","12","F","","analitica","","","PVP sales 3 (1647023,1761888,1869191); Storica Analitica visura per immobile - Catasto Fabbricati."
"visura-storica","PI","VOLTERRA","38","174","13","F","","analitica","","","PVP sales 3 (1647023,1761888,1869191); Storica Analitica visura per immobile - Catasto Fabbricati."
"visura-storica","PI","VOLTERRA","38","174","14","F","","analitica","","","PVP sales 3 (1647023,1761888,1869191); Storica Analitica visura per immobile - Catasto Fabbricati."
"visura-storica","PI","VOLTERRA","38","174","6","F","","analitica","","","PVP sales 3 (1647023,1761888,1869191); Storica Analitica visura per immobile - Catasto Fabbricati."
"visura-storica","PI","VOLTERRA","38","174","7","F","","analitica","","","PVP sales 3 (1647023,1761888,1869191); Storica Analitica visura per immobile - Catasto Fabbricati."
"visura-storica","PI","VOLTERRA","38","174","8","F","","analitica","","","PVP sales 3 (1647023,1761888,1869191); Storica Analitica visura per immobile - Catasto Fabbricati."
"visura-storica","PI","VOLTERRA","38","174","9","F","","analitica","","","PVP sales 3 (1647023,1761888,1869191); Storica Analitica visura per immobile - Catasto Fabbricati."
"visura-storica","PI","VOLTERRA","38","204","","F","","analitica","","","PVP sales 2 (4543395,4543907); Storica Analitica visura per immobile - Catasto Fabbricati."
"visura-storica","PI","VOLTERRA","38","204","","T","","analitica","","","PVP sales 2 (4543395,4543907); Storica Analitica visura per immobile - Catasto Terreni."
"visura-storica","PI","VOLTERRA","38","209","","F","","analitica","","","PVP sales 2 (4543395,4543907); Storica Analitica visura per immobile - Catasto Fabbricati."
"visura-storica","PI","VOLTERRA","38","209","","T","","analitica","","","PVP sales 2 (4543395,4543907); Storica Analitica visura per immobile - Catasto Terreni."
"visura-storica","PI","VOLTERRA","38","214","","F","","analitica","","","PVP sales 2 (4543395,4543907); Storica Analitica visura per immobile - Catasto Fabbricati."
"visura-storica","PI","VOLTERRA","38","214","","T","","analitica","","","PVP sales 2 (4543395,4543907); Storica Analitica visura per immobile - Catasto Terreni."
"visura-storica","PI","VOLTERRA","38","220","","F","","analitica","","","PVP sales 1 (4543395); Storica Analitica visura per immobile - Catasto Fabbricati."
"visura-storica","PI","VOLTERRA","38","220","","T","","analitica","","","PVP sales 1 (4543395); Storica Analitica visura per immobile - Catasto Terreni."
"visura-storica","PI","VOLTERRA","38","220","1","F","","analitica","","","PVP sales 1 (4543395); Storica Analitica visura per immobile - Catasto Fabbricati."
"visura-storica","PI","VOLTERRA","38","220","2","F","","analitica","","","PVP sales 1 (4543907); Storica Analitica visura per immobile - Catasto Fabbricati."
"visura-storica","PI","VOLTERRA","38","220","3","F","","analitica","","","PVP sales 1 (4543907); Storica Analitica visura per immobile - Catasto Fabbricati."
"visura-storica","PI","VOLTERRA","38","221","","F","","analitica","","","PVP sales 3 (1647023,1761888,1869191); Storica Analitica visura per immobile - Catasto Fabbricati."
"visura-storica","PI","VOLTERRA","38","221","","T","","analitica","","","PVP sales 3 (1647023,1761888,1869191); Storica Analitica visura per immobile - Catasto Terreni."
"visura-storica","PI","VOLTERRA","38","239","","F","","analitica","","","PVP sales 1 (4543949); Storica Analitica visura per immobile - Catasto Fabbricati."
"visura-storica","PI","VOLTERRA","38","239","","T","","analitica","","","PVP sales 1 (4543949); Storica Analitica visura per immobile - Catasto Terreni."
"visura-storica","PI","VOLTERRA","38","241","","F","","analitica","","","PVP sales 1 (4543949); Storica Analitica visura per immobile - Catasto Fabbricati."
"visura-storica","PI","VOLTERRA","38","241","","T","","analitica","","","PVP sales 1 (4543949); Storica Analitica visura per immobile - Catasto Terreni."
"visura-storica","PI","VOLTERRA","38","244","","F","","analitica","","","PVP sales 1 (4543949); Storica Analitica visura per immobile - Catasto Fabbricati."
"visura-storica","PI","VOLTERRA","38","244","","T","","analitica","","","PVP sales 1 (4543949); Storica Analitica visura per immobile - Catasto Terreni."
"visura-storica","PI","VOLTERRA","38","252","","F","","analitica","","","PVP sales 3 (1647023,1761888,1869191); Storica Analitica visura per immobile - Catasto Fabbricati."
"visura-storica","PI","VOLTERRA","38","252","","T","","analitica","","","PVP sales 3 (1647023,1761888,1869191); Storica Analitica visura per immobile - Catasto Terreni."
"visura-storica","PI","VOLTERRA","38","253","","F","","analitica","","","PVP sales 3 (1647023,1761888,1869191); Storica Analitica visura per immobile - Catasto Fabbricati."
"visura-storica","PI","VOLTERRA","38","253","","T","","analitica","","","PVP sales 3 (1647023,1761888,1869191); Storica Analitica visura per immobile - Catasto Terreni."
"visura-storica","PI","VOLTERRA","38","254","","F","","analitica","","","PVP sales 3 (1647023,1761888,1869191); Storica Analitica visura per immobile - Catasto Fabbricati."
"visura-storica","PI","VOLTERRA","38","254","","T","","analitica","","","PVP sales 3 (1647023,1761888,1869191); Storica Analitica visura per immobile - Catasto Terreni."
"visura-storica","PI","VOLTERRA","38","30","","F","","analitica","","","PVP sales 3 (1647023,1761888,1869191); Storica Analitica visura per immobile - Catasto Fabbricati."
"visura-storica","PI","VOLTERRA","38","30","","T","","analitica","","","PVP sales 3 (1647023,1761888,1869191); Storica Analitica visura per immobile - Catasto Terreni."
"visura-storica","PI","VOLTERRA","38","35","","F","","analitica","","","PVP sales 3 (1647023,1761888,1869191); Storica Analitica visura per immobile - Catasto Fabbricati."
"visura-storica","PI","VOLTERRA","38","35","","T","","analitica","","","PVP sales 3 (1647023,1761888,1869191); Storica Analitica visura per immobile - Catasto Terreni."
"visura-storica","PI","VOLTERRA","38","39","","F","","analitica","","","PVP sales 3 (1647023,1761888,1869191); Storica Analitica visura per immobile - Catasto Fabbricati."
"visura-storica","PI","VOLTERRA","38","39","","T","","analitica","","","PVP sales 3 (1647023,1761888,1869191); Storica Analitica visura per immobile - Catasto Terreni."
"visura-storica","PI","VOLTERRA","38","40","","F","","analitica","","","PVP sales 3 (1647023,1761888,1869191); Storica Analitica visura per immobile - Catasto Fabbricati."
"visura-storica","PI","VOLTERRA","38","40","","T","","analitica","","","PVP sales 3 (1647023,1761888,1869191); Storica Analitica visura per immobile - Catasto Terreni."
"visura-storica","PI","VOLTERRA","38","42","","F","","analitica","","","PVP sales 3 (1647023,1761888,1869191); Storica Analitica visura per immobile - Catasto Fabbricati."
"visura-storica","PI","VOLTERRA","38","42","","T","","analitica","","","PVP sales 3 (1647023,1761888,1869191); Storica Analitica visura per immobile - Catasto Terreni."
"visura-storica","PI","VOLTERRA","38","48","","F","","analitica","","","PVP sales 3 (1647023,1761888,1869191); Storica Analitica visura per immobile - Catasto Fabbricati."
"visura-storica","PI","VOLTERRA","38","48","","T","","analitica","","","PVP sales 3 (1647023,1761888,1869191); Storica Analitica visura per immobile - Catasto Terreni."
"visura-storica","PI","VOLTERRA","38","49","","F","","analitica","","","PVP sales 3 (1647023,1761888,1869191); Storica Analitica visura per immobile - Catasto Fabbricati."
"visura-storica","PI","VOLTERRA","38","49","","T","","analitica","","","PVP sales 3 (1647023,1761888,1869191); Storica Analitica visura per immobile - Catasto Terreni."
"visura-storica","PI","VOLTERRA","38","50","","F","","analitica","","","PVP sales 3 (1647023,1761888,1869191); Storica Analitica visura per immobile - Catasto Fabbricati."
"visura-storica","PI","VOLTERRA","38","50","","T","","analitica","","","PVP sales 3 (1647023,1761888,1869191); Storica Analitica visura per immobile - Catasto Terreni."
"visura-storica","PI","VOLTERRA","38","79","","F","","analitica","","","PVP sales 3 (1647023,1761888,1869191); Storica Analitica visura per immobile - Catasto Fabbricati."
"visura-storica","PI","VOLTERRA","38","79","","T","","analitica","","","PVP sales 3 (1647023,1761888,1869191); Storica Analitica visura per immobile - Catasto Terreni."
"visura-storica","PI","VOLTERRA","42","158","31","F","","analitica","","","PVP sales 1 (4443288); Storica Analitica visura per immobile - Catasto Fabbricati."
"visura-storica","PI","VOLTERRA","5","226","3","F","","analitica","","","PVP sales 1 (4537047); Storica Analitica visura per immobile - Catasto Fabbricati."
"visura-storica","PI","VOLTERRA","76","45","4","F","","analitica","","","PVP sales 2 (2240319,4249198); Storica Analitica visura per immobile - Catasto Fabbricati."
"visura-storica","PI","VOLTERRA","89","7","","T","","analitica","","","PVP sales 2 (4468761,4523195); Storica Analitica visura per immobile - Catasto Terreni."
"visura-storica","PI","VOLTERRA","99","240","6","F","","analitica","","","PVP sales 2 (2081170,2158416); Storica Analitica visura per immobile - Catasto Fabbricati."
