"command","provincia","comune","foglio","particella","subalterno","tipo_catasto","codice_fiscale","vista","sezione","source_files","scope_note"
"visura-storica","VE","ANNONE VENETO","1","595","","F","","analitica","","","PVP sales 2 (2196251,4236413); Storica Analitica visura per immobile - Catasto Fabbricati."
"visura-storica","VE","ANNONE VENETO","1","595","","T","","analitica","","","PVP sales 2 (2196251,4236413); Storica Analitica visura per immobile - Catasto Terreni."
"visura-storica","VE","ANNONE VENETO","1","596","","F","","analitica","","","PVP sales 2 (2196251,4236413); Storica Analitica visura per immobile - Catasto Fabbricati."
"visura-storica","VE","ANNONE VENETO","1","596","","T","","analitica","","","PVP sales 2 (2196251,4236413); Storica Analitica visura per immobile - Catasto Terreni."
"visura-storica","VE","ANNONE VENETO","1","598","","F","","analitica","","","PVP sales 2 (2196251,4236413); Storica Analitica visura per immobile - Catasto Fabbricati."
"visura-storica","VE","ANNONE VENETO","1","598","","T","","analitica","","","PVP sales 2 (2196251,4236413); Storica Analitica visura per immobile - Catasto Terreni."
"visura-storica","VE","ANNONE VENETO","1","599","","F","","analitica","","","PVP sales 2 (2196251,4236413); Storica Analitica visura per immobile - Catasto Fabbricati."
"visura-storica","VE","ANNONE VENETO","1","599","","T","","analitica","","","PVP sales 2 (2196251,4236413); Storica Analitica visura per immobile - Catasto Terreni."
"visura-storica","VE","ANNONE VENETO","1","600","","F","","analitica","","","PVP sales 2 (2196251,4236413); Storica Analitica visura per immobile - Catasto Fabbricati."
"visura-storica","VE","ANNONE VENETO","1","600","","T","","analitica","","","PVP sales 2 (2196251,4236413); Storica Analitica visura per immobile - Catasto Terreni."
"visura-storica","VE","ANNONE VENETO","1","601","","F","","analitica","","","PVP sales 2 (2196251,4236413); Storica Analitica visura per immobile - Catasto Fabbricati."
"visura-storica","VE","ANNONE VENETO","1","601","","T","","analitica","","","PVP sales 2 (2196251,4236413); Storica Analitica visura per immobile - Catasto Terreni."
"visura-storica","VE","ANNONE VENETO","1","616","","F","","analitica","","","PVP sales 1 (680555); Storica Analitica visura per immobile - Catasto Fabbricati."
"visura-storica","VE","ANNONE VENETO","1","616","","T","","analitica","","","PVP sales 1 (680555); Storica Analitica visura per immobile - Catasto Terreni."
"visura-storica","VE","ANNONE VENETO","1","622","","F","","analitica","","","PVP sales 1 (680555); Storica Analitica visura per immobile - Catasto Fabbricati."
"visura-storica","VE","ANNONE VENETO","1","622","","T","","analitica","","","PVP sales 1 (680555); Storica Analitica visura per immobile - Catasto Terreni."
"visura-storica","VE","ANNONE VENETO","1","622","2","F","","analitica","","","PVP sales 1 (680555); Storica Analitica visura per immobile - Catasto Fabbricati."
"visura-storica","VE","ANNONE VENETO","1","622","3","F","","analitica","","","PVP sales 1 (680555); Storica Analitica visura per immobile - Catasto Fabbricati."
"visura-storica","VE","ANNONE VENETO","14","336","25","F","","analitica","","","PVP sales 1 (588808); Storica Analitica visura per immobile - Catasto Fabbricati."
"visura-storica","VE","ANNONE VENETO","14","345","11","F","","analitica","","","PVP sales 1 (588808); Storica Analitica visura per immobile - Catasto Fabbricati."
"visura-storica","VE","ANNONE VENETO","14","345","13","F","","analitica","","","PVP sales 1 (588808); Storica Analitica visura per immobile - Catasto Fabbricati."
"visura-storica","VE","ANNONE VENETO","19","131","15","F","","analitica","","","PVP sales 2 (4455414,4531415); Storica Analitica visura per immobile - Catasto Fabbricati."
"visura-storica","VE","ANNONE VENETO","19","131","3","F","","analitica","","","PVP sales 1 (4455432); Storica Analitica visura per immobile - Catasto Fabbricati."
"visura-storica","VE","ANNONE VENETO","3","1646","13","F","","analitica","","","PVP sales 1 (680786); Storica Analitica visura per immobile - Catasto Fabbricati."
"visura-storica","VE","ANNONE VENETO","3","1646","6","F","","analitica","","","PVP sales 1 (680786); Storica Analitica visura per immobile - Catasto Fabbricati."
"visura-storica","VE","ANNONE VENETO","3","1974","46","F","","analitica","","","PVP sales 1 (4531330); Storica Analitica visura per immobile - Catasto Fabbricati."
"visura-storica","VE","ANNONE VENETO","3","1976","","F","","analitica","","","PVP sales 1 (588739); Storica Analitica visura per immobile - Catasto Fabbricati."
"visura-storica","VE","ANNONE VENETO","3","1976","","T","","analitica","","","PVP sales 1 (588739); Storica Analitica visura per immobile - Catasto Terreni."
"visura-storica","VE","ANNONE VENETO","3","370","","F","","analitica","","","PVP sales 1 (532086); Storica Analitica visura per immobile - Catasto Fabbricati."
"visura-storica","VE","ANNONE VENETO","3","370","","T","","analitica","","","PVP sales 1 (532086); Storica Analitica visura per immobile - Catasto Terreni."
"visura-storica","VE","ANNONE VENETO","3","370","52","F","","analitica","","","PVP sales 1 (532086); Storica Analitica visura per immobile - Catasto Fabbricati."
"visura-storica","VE","ANNONE VENETO","3","686","17","F","","analitica","","","PVP sales 1 (658496); Storica Analitica visura per immobile - Catasto Fabbricati."
"visura-storica","VE","ANNONE VENETO","3","686","3","F","","analitica","","","PVP sales 1 (658496); Storica Analitica visura per immobile - Catasto Fabbricati."
"visura-storica","VE","ANNONE VENETO","3","858","22","F","","analitica","","","PVP sales 1 (988048); Storica Analitica visura per immobile - Catasto Fabbricati."
"visura-storica","VE","ANNONE VENETO","3","858","8","F","","analitica","","","PVP sales 1 (988048); Storica Analitica visura per immobile - Catasto Fabbricati."
"visura-storica","VE","ANNONE VENETO","4","436","2","F","","analitica","","","PVP sales 1 (588787); Storica Analitica visura per immobile - Catasto Fabbricati."
"visura-storica","VE","ANNONE VENETO","4","436","3","F","","analitica","","","PVP sales 1 (588787); Storica Analitica visura per immobile - Catasto Fabbricati."
"visura-storica","VE","ANNONE VENETO","7","105","","F","","analitica","","","PVP sales 3 (4409972,4453268,4485484); Storica Analitica visura per immobile - Catasto Fabbricati."
"visura-storica","VE","ANNONE VENETO","7","105","","T","","analitica","","","PVP sales 3 (4409972,4453268,4485484); Storica Analitica visura per immobile - Catasto Terreni."
"visura-storica","VE","ANNONE VENETO","7","314","","F","","analitica","","","PVP sales 3 (4409972,4453268,4485484); Storica Analitica visura per immobile - Catasto Fabbricati."
"visura-storica","VE","ANNONE VENETO","7","314","","T","","analitica","","","PVP sales 3 (4409972,4453268,4485484); Storica Analitica visura per immobile - Catasto Terreni."
"visura-storica","VE","ANNONE VENETO","7","319","","F","","analitica","","","PVP sales 3 (4409972,4453268,4485484); Storica Analitica visura per immobile - Catasto Fabbricati."
"visura-storica","VE","ANNONE VENETO","7","319","","T","","analitica","","","PVP sales 3 (4409972,4453268,4485484); Storica Analitica visura per immobile - Catasto Terreni."
"visura-storica","VE","ANNONE VENETO","7","354","","F","","analitica","","","PVP sales 3 (4409972,4453268,4485484); Storica Analitica visura per immobile - Catasto Fabbricati."
"visura-storica","VE","ANNONE VENETO","7","354","","T","","analitica","","","PVP sales 3 (4409972,4453268,4485484); Storica Analitica visura per immobile - Catasto Terreni."
"visura-storica","VE","CAMPAGNA LUPIA","27","241","","F","","analitica","","","PVP sales 2 (895669,2109399); Storica Analitica visura per immobile - Catasto Fabbricati."
"visura-storica","VE","CAMPAGNA LUPIA","27","241","","T","","analitica","","","PVP sales 2 (895669,2109399); Storica Analitica visura per immobile - Catasto Terreni."
"visura-storica","VE","CAMPAGNA LUPIA","3","219","","F","","analitica","","","PVP sales 2 (956807,1512569); Storica Analitica visura per immobile - Catasto Fabbricati."
"visura-storica","VE","CAMPAGNA LUPIA","3","219","","T","","analitica","","","PVP sales 2 (956807,1512569); Storica Analitica visura per immobile - Catasto Terreni."
"visura-storica","VE","CAMPAGNA LUPIA","3","227","","F","","analitica","","","PVP sales 2 (956807,1512569); Storica Analitica visura per immobile - Catasto Fabbricati."
"visura-storica","VE","CAMPAGNA LUPIA","3","227","","T","","analitica","","","PVP sales 2 (956807,1512569); Storica Analitica visura per immobile - Catasto Terreni."
"visura-storica","VE","CAMPAGNA LUPIA","3","234","","F","","analitica","","","PVP sales 2 (953748,1108565); Storica Analitica visura per immobile - Catasto Fabbricati."
"visura-storica","VE","CAMPAGNA LUPIA","3","234","","T","","analitica","","","PVP sales 2 (953748,1108565); Storica Analitica visura per immobile - Catasto Terreni."
"visura-storica","VE","CAMPAGNA LUPIA","3","87","2","F","","analitica","","","PVP sales 1 (4538147); Storica Analitica visura per immobile - Catasto Fabbricati."
"visura-storica","VE","CAMPAGNA LUPIA","3","87","3","F","","analitica","","","PVP sales 1 (4538147); Storica Analitica visura per immobile - Catasto Fabbricati."
"visura-storica","VE","CAMPAGNA LUPIA","6","268","10","F","","analitica","","","PVP sales 1 (959320); Storica Analitica visura per immobile - Catasto Fabbricati."
"visura-storica","VE","CAMPAGNA LUPIA","6","268","9","F","","analitica","","","PVP sales 1 (959320); Storica Analitica visura per immobile - Catasto Fabbricati."
"visura-storica","VE","CAMPAGNA LUPIA","7","394","3","F","","analitica","","","PVP sales 1 (4509362); Storica Analitica visura per immobile - Catasto Fabbricati."
"visura-storica","VE","CAMPAGNA LUPIA","9","1023","16","F","","analitica","","","PVP sales 1 (411250); Storica Analitica visura per immobile - Catasto Fabbricati."
"visura-storica","VE","CAMPAGNA LUPIA","9","1023","18","F","","analitica","","","PVP sales 1 (411250); Storica Analitica visura per immobile - Catasto Fabbricati."
"visura-storica","VE","CAMPAGNA LUPIA","9","986","1","F","","analitica","","","PVP sales 1 (4544985); Storica Analitica visura per immobile - Catasto Fabbricati."
"visura-storica","VE","CAMPAGNA LUPIA","9","986","2","F","","analitica","","","PVP sales 1 (4544985); Storica Analitica visura per immobile - Catasto Fabbricati."
"visura-storica","VE","CAMPAGNA LUPIA","9","986","3","F","","analitica","","","PVP sales 1 (4544985); Storica Analitica visura per immobile - Catasto Fabbricati."
"visura-storica","VE","CAMPOLONGO MAGGIORE","10","1125","1","F","","analitica","","","PVP sales 1 (1585228); Storica Analitica visura per immobile - Catasto Fabbricati."
"visura-storica","VE","CAMPOLONGO MAGGIORE","10","1125","2","F","","analitica","","","PVP sales 1 (1585228); Storica Analitica visura per immobile - Catasto Fabbricati."
"visura-storica","VE","CAMPOLONGO MAGGIORE","10","1125","3","F","","analitica","","","PVP sales 1 (1585228); Storica Analitica visura per immobile - Catasto Fabbricati."
"visura-storica","VE","CAMPOLONGO MAGGIORE","10","1125","4","F","","analitica","","","PVP sales 1 (1585228); Storica Analitica visura per immobile - Catasto Fabbricati."
"visura-storica","VE","CAMPOLONGO MAGGIORE","10","1445","1","F","","analitica","","","PVP sales 1 (4539047); Storica Analitica visura per immobile - Catasto Fabbricati."
"visura-storica","VE","CAMPOLONGO MAGGIORE","10","1445","2","F","","analitica","","","PVP sales 1 (4539047); Storica Analitica visura per immobile - Catasto Fabbricati."
"visura-storica","VE","CAMPOLONGO MAGGIORE","10","1445","3","F","","analitica","","","PVP sales 1 (4539047); Storica Analitica visura per immobile - Catasto Fabbricati."
"visura-storica","VE","CAMPOLONGO MAGGIORE","10","1445","4","F","","analitica","","","PVP sales 1 (4539047); Storica Analitica visura per immobile - Catasto Fabbricati."
"visura-storica","VE","CAMPOLONGO MAGGIORE","10","1572","","F","","analitica","","","PVP sales 1 (4481561); Storica Analitica visura per immobile - Catasto Fabbricati."
"visura-storica","VE","CAMPOLONGO MAGGIORE","10","1572","","T","","analitica","","","PVP sales 1 (4481561); Storica Analitica visura per immobile - Catasto Terreni."
"visura-storica","VE","CAMPOLONGO MAGGIORE","10","1574","","T","","analitica","","","PVP sales 1 (4539047); Storica Analitica visura per immobile - Catasto Terreni."
"visura-storica","VE","CAMPOLONGO MAGGIORE","16","240","3","F","","analitica","","","PVP sales 2 (379310,571004); Storica Analitica visura per immobile - Catasto Fabbricati."
"visura-storica","VE","CAMPOLONGO MAGGIORE","16","240","4","F","","analitica","","","PVP sales 2 (379275,571025); Storica Analitica visura per immobile - Catasto Fabbricati."
"visura-storica","VE","CAMPOLONGO MAGGIORE","16","240","5","F","","analitica","","","PVP sales 2 (379276,571035); Storica Analitica visura per immobile - Catasto Fabbricati."
"visura-storica","VE","CAMPOLONGO MAGGIORE","16","240","6","F","","analitica","","","PVP sales 2 (379277,571046); Storica Analitica visura per immobile - Catasto Fabbricati."
"visura-storica","VE","CAMPOLONGO MAGGIORE","17","1006","","F","","analitica","","","PVP sales 3 (895642,2109412,4487383); Storica Analitica visura per immobile - Catasto Fabbricati."
"visura-storica","VE","CAMPOLONGO MAGGIORE","17","1006","","T","","analitica","","","PVP sales 3 (895642,2109412,4487383); Storica Analitica visura per immobile - Catasto Terreni."
"visura-storica","VE","CAMPOLONGO MAGGIORE","17","1015","","F","","analitica","","","PVP sales 3 (895642,2109412,4487383); Storica Analitica visura per immobile - Catasto Fabbricati."
"visura-storica","VE","CAMPOLONGO MAGGIORE","17","1015","","T","","analitica","","","PVP sales 3 (895642,2109412,4487383); Storica Analitica visura per immobile - Catasto Terreni."
"visura-storica","VE","CAMPOLONGO MAGGIORE","17","1019","","F","","analitica","","","PVP sales 3 (895642,2109412,4487383); Storica Analitica visura per immobile - Catasto Fabbricati."
"visura-storica","VE","CAMPOLONGO MAGGIORE","17","1019","","T","","analitica","","","PVP sales 3 (895642,2109412,4487383); Storica Analitica visura per immobile - Catasto Terreni."
"visura-storica","VE","CAMPOLONGO MAGGIORE","17","1356","","F","","analitica","","","PVP sales 1 (679057); Storica Analitica visura per immobile - Catasto Fabbricati."
"visura-storica","VE","CAMPOLONGO MAGGIORE","17","1356","","T","","analitica","","","PVP sales 1 (679057); Storica Analitica visura per immobile - Catasto Terreni."
"visura-storica","VE","CAMPOLONGO MAGGIORE","17","1357","24","F","","analitica","","","PVP sales 1 (679009); Storica Analitica visura per immobile - Catasto Fabbricati."
"visura-storica","VE","CAMPOLONGO MAGGIORE","17","1375","19","F","","analitica","","","PVP sales 1 (4538818); Storica Analitica visura per immobile - Catasto Fabbricati."
"visura-storica","VE","CAMPOLONGO MAGGIORE","17","1375","25","F","","analitica","","","PVP sales 1 (4538818); Storica Analitica visura per immobile - Catasto Fabbricati."
"visura-storica","VE","CAMPOLONGO MAGGIORE","17","1375","32","F","","analitica","","","PVP sales 1 (4538818); Storica Analitica visura per immobile - Catasto Fabbricati."
"visura-storica","VE","CAMPOLONGO MAGGIORE","17","417","13","F","","analitica","","","PVP sales 1 (1177591); Storica Analitica visura per immobile - Catasto Fabbricati."
"visura-storica","VE","CAMPOLONGO MAGGIORE","17","417","34","F","","analitica","","","PVP sales 1 (1177591); Storica Analitica visura per immobile - Catasto Fabbricati."
"visura-storica","VE","CAMPOLONGO MAGGIORE","17","746","2","F","","analitica","","","PVP sales 5 (355275,466761,580212,739218,985900); Storica Analitica visura per immobile - Catasto Fabbricati."
"visura-storica","VE","CAMPOLONGO MAGGIORE","17","746","6","F","","analitica","","","PVP sales 5 (355275,466761,580212,739218,985900); Storica Analitica visura per immobile - Catasto Fabbricati."
"visura-storica","VE","CAMPOLONGO MAGGIORE","17","991","16","F","","analitica","","","PVP sales 1 (2254209); Storica Analitica visura per immobile - Catasto Fabbricati."
"visura-storica","VE","CAMPOLONGO MAGGIORE","17","991","17","F","","analitica","","","PVP sales 1 (2254210); Storica Analitica visura per immobile - Catasto Fabbricati."
"visura-storica","VE","CAMPOLONGO MAGGIORE","3","58","3","F","","analitica","","","PVP sales 1 (666167); Storica Analitica visura per immobile - Catasto Fabbricati."
"visura-storica","VE","CAMPOLONGO MAGGIORE","3","58","4","F","","analitica","","","PVP sales 1 (666167); Storica Analitica visura per immobile - Catasto Fabbricati."
"visura-storica","VE","CAMPOLONGO MAGGIORE","3","58","5","F","","analitica","","","PVP sales 1 (666167); Storica Analitica visura per immobile - Catasto Fabbricati."
"visura-storica","VE","CAMPOLONGO MAGGIORE","5","113","13","F","","analitica","","","PVP sales 1 (4245431); Storica Analitica visura per immobile - Catasto Fabbricati."
"visura-storica","VE","CAMPOLONGO MAGGIORE","5","113","17","F","","analitica","","","PVP sales 1 (4245431); Storica Analitica visura per immobile - Catasto Fabbricati."
"visura-storica","VE","CAMPOLONGO MAGGIORE","5","113","18","F","","analitica","","","PVP sales 1 (4245431); Storica Analitica visura per immobile - Catasto Fabbricati."
"visura-storica","VE","CAMPOLONGO MAGGIORE","5","113","19","F","","analitica","","","PVP sales 1 (4245431); Storica Analitica visura per immobile - Catasto Fabbricati."
"visura-storica","VE","CAMPOLONGO MAGGIORE","5","113","25","F","","analitica","","","PVP sales 1 (4245431); Storica Analitica visura per immobile - Catasto Fabbricati."
"visura-storica","VE","CAMPOLONGO MAGGIORE","5","133","2","F","","analitica","","","PVP sales 1 (1404509); Storica Analitica visura per immobile - Catasto Fabbricati."
"visura-storica","VE","CAMPOLONGO MAGGIORE","5","133","4","F","","analitica","","","PVP sales 1 (1404509); Storica Analitica visura per immobile - Catasto Fabbricati."
"visura-storica","VE","CAMPOLONGO MAGGIORE","5","133","5","F","","analitica","","","PVP sales 1 (1404509); Storica Analitica visura per immobile - Catasto Fabbricati."
"visura-storica","VE","CAMPOLONGO MAGGIORE","5","292","","F","","analitica","","","PVP sales 1 (4246158); Storica Analitica visura per immobile - Catasto Fabbricati."
"visura-storica","VE","CAMPOLONGO MAGGIORE","5","292","","T","","analitica","","","PVP sales 1 (4246158); Storica Analitica visura per immobile - Catasto Terreni."
"visura-storica","VE","CAMPOLONGO MAGGIORE","5","431","","F","","analitica","","","PVP sales 1 (4245431); Storica Analitica visura per immobile - Catasto Fabbricati."
"visura-storica","VE","CAMPOLONGO MAGGIORE","5","431","","T","","analitica","","","PVP sales 1 (4245431); Storica Analitica visura per immobile - Catasto Terreni."
"visura-storica","VE","CAMPOLONGO MAGGIORE","5","442","","F","","analitica","","","PVP sales 1 (4246173); Storica Analitica visura per immobile - Catasto Fabbricati."
"visura-storica","VE","CAMPOLONGO MAGGIORE","5","442","","T","","analitica","","","PVP sales 1 (4246173); Storica Analitica visura per immobile - Catasto Terreni."
"visura-storica","VE","CAMPOLONGO MAGGIORE","5","443","","F","","analitica","","","PVP sales 1 (4246173); Storica Analitica visura per immobile - Catasto Fabbricati."
"visura-storica","VE","CAMPOLONGO MAGGIORE","5","443","","T","","analitica","","","PVP sales 1 (4246173); Storica Analitica visura per immobile - Catasto Terreni."
"visura-storica","VE","CAMPOLONGO MAGGIORE","6","60","2","F","","analitica","","","PVP sales 1 (354782); Storica Analitica visura per immobile - Catasto Fabbricati."
"visura-storica","VE","CAMPOLONGO MAGGIORE","6","60","3","F","","analitica","","","PVP sales 1 (354782); Storica Analitica visura per immobile - Catasto Fabbricati."
"visura-storica","VE","CAMPOLONGO MAGGIORE","6","60","4","F","","analitica","","","PVP sales 1 (354782); Storica Analitica visura per immobile - Catasto Fabbricati."
"visura-storica","VE","CAMPOLONGO MAGGIORE","6","60","5","F","","analitica","","","PVP sales 1 (354782); Storica Analitica visura per immobile - Catasto Fabbricati."
"visura-storica","VE","CAMPONOGARA","1","252","20","F","","analitica","","","PVP sales 1 (4447268); Storica Analitica visura per immobile - Catasto Fabbricati."
"visura-storica","VE","CAMPONOGARA","1","252","21","F","","analitica","","","PVP sales 1 (4447268); Storica Analitica visura per immobile - Catasto Fabbricati."
"visura-storica","VE","CAMPONOGARA","10","1599","10","F","","analitica","","","PVP sales 1 (2159036); Storica Analitica visura per immobile - Catasto Fabbricati."
"visura-storica","VE","CAMPONOGARA","10","1599","14","F","","analitica","","","PVP sales 1 (2159036); Storica Analitica visura per immobile - Catasto Fabbricati."
"visura-storica","VE","CAMPONOGARA","10","1653","5","F","","analitica","","","PVP sales 1 (4397659); Storica Analitica visura per immobile - Catasto Fabbricati."
"visura-storica","VE","CAMPONOGARA","10","1653","7","F","","analitica","","","PVP sales 1 (4397659); Storica Analitica visura per immobile - Catasto Fabbricati."
"visura-storica","VE","CAMPONOGARA","11","641","20","F","","analitica","","","PVP sales 2 (393636,482150); Storica Analitica visura per immobile - Catasto Fabbricati."
"visura-storica","VE","CAMPONOGARA","11","641","6","F","","analitica","","","PVP sales 2 (393636,482150); Storica Analitica visura per immobile - Catasto Fabbricati."
"visura-storica","VE","CAMPONOGARA","13","1814","10","F","","analitica","","","PVP sales 1 (1535219); Storica Analitica visura per immobile - Catasto Fabbricati."
"visura-storica","VE","CAMPONOGARA","13","1814","14","F","","analitica","","","PVP sales 1 (1535219); Storica Analitica visura per immobile - Catasto Fabbricati."
"visura-storica","VE","CAMPONOGARA","13","1814","6","F","","analitica","","","PVP sales 1 (1535219); Storica Analitica visura per immobile - Catasto Fabbricati."
"visura-storica","VE","CAMPONOGARA","15","239","2","F","","analitica","","","PVP sales 1 (1602473); Storica Analitica visura per immobile - Catasto Fabbricati."
"visura-storica","VE","CAMPONOGARA","15","239","4","F","","analitica","","","PVP sales 1 (1602473); Storica Analitica visura per immobile - Catasto Fabbricati."
"visura-storica","VE","CAMPONOGARA","15","239","9","F","","analitica","","","PVP sales 1 (1602473); Storica Analitica visura per immobile - Catasto Fabbricati."
"visura-storica","VE","CAMPONOGARA","17","314","2","F","","analitica","","","PVP sales 2 (4426699,4510742); Storica Analitica visura per immobile - Catasto Fabbricati."
"visura-storica","VE","CAMPONOGARA","17","314","3","F","","analitica","","","PVP sales 2 (4426699,4510742); Storica Analitica visura per immobile - Catasto Fabbricati."
"visura-storica","VE","CAMPONOGARA","17","314","4","F","","analitica","","","PVP sales 2 (4426699,4510742); Storica Analitica visura per immobile - Catasto Fabbricati."
"visura-storica","VE","CAMPONOGARA","18","88","12","F","","analitica","","","PVP sales 1 (4269063); Storica Analitica visura per immobile - Catasto Fabbricati."
"visura-storica","VE","CAMPONOGARA","18","88","128","F","","analitica","","","PVP sales 1 (4269053); Storica Analitica visura per immobile - Catasto Fabbricati."
"visura-storica","VE","CAMPONOGARA","2","192","3","F","","analitica","","","PVP sales 2 (2145176,2218523); Storica Analitica visura per immobile - Catasto Fabbricati."
"visura-storica","VE","CAMPONOGARA","2","192","8","F","","analitica","","","PVP sales 2 (2145176,2218523); Storica Analitica visura per immobile - Catasto Fabbricati."
"visura-storica","VE","CAMPONOGARA","2","192","9","F","","analitica","","","PVP sales 2 (2145176,2218523); Storica Analitica visura per immobile - Catasto Fabbricati."
"visura-storica","VE","CAMPONOGARA","2","828","1","F","","analitica","","","PVP sales 2 (2145176,2218523); Storica Analitica visura per immobile - Catasto Fabbricati."
"visura-storica","VE","CAMPONOGARA","2","828","2","F","","analitica","","","PVP sales 2 (2145176,2218523); Storica Analitica visura per immobile - Catasto Fabbricati."
"visura-storica","VE","CAMPONOGARA","2","828","3","F","","analitica","","","PVP sales 2 (2145176,2218523); Storica Analitica visura per immobile - Catasto Fabbricati."
"visura-storica","VE","CAMPONOGARA","2","828","9","F","","analitica","","","PVP sales 2 (2145176,2218523); Storica Analitica visura per immobile - Catasto Fabbricati."
"visura-storica","VE","CAMPONOGARA","3","833","14","F","","analitica","","","PVP sales 1 (777299); Storica Analitica visura per immobile - Catasto Fabbricati."
"visura-storica","VE","CAMPONOGARA","3","833","6","F","","analitica","","","PVP sales 1 (777299); Storica Analitica visura per immobile - Catasto Fabbricati."
"visura-storica","VE","CAMPONOGARA","4","543","12","F","","analitica","","","PVP sales 2 (2098769,4214139); Storica Analitica visura per immobile - Catasto Fabbricati."
"visura-storica","VE","CAMPONOGARA","4","543","13","F","","analitica","","","PVP sales 2 (2098769,4214139); Storica Analitica visura per immobile - Catasto Fabbricati."
"visura-storica","VE","CAMPONOGARA","4","586","11","F","","analitica","","","PVP sales 1 (608082); Storica Analitica visura per immobile - Catasto Fabbricati."
"visura-storica","VE","CAMPONOGARA","4","586","26","F","","analitica","","","PVP sales 1 (608082); Storica Analitica visura per immobile - Catasto Fabbricati."
"visura-storica","VE","CAMPONOGARA","4","59","5","F","","analitica","","","PVP sales 1 (4243310); Storica Analitica visura per immobile - Catasto Fabbricati."
"visura-storica","VE","CAMPONOGARA","4","59","6","F","","analitica","","","PVP sales 1 (401141); Storica Analitica visura per immobile - Catasto Fabbricati."
"visura-storica","VE","CAMPONOGARA","7","1096","","F","","analitica","","","PVP sales 1 (2084832); Storica Analitica visura per immobile - Catasto Fabbricati."
"visura-storica","VE","CAMPONOGARA","7","1096","","T","","analitica","","","PVP sales 1 (2084832); Storica Analitica visura per immobile - Catasto Terreni."
"visura-storica","VE","CAMPONOGARA","7","130","","F","","analitica","","","PVP sales 1 (2074313); Storica Analitica visura per immobile - Catasto Fabbricati."
"visura-storica","VE","CAMPONOGARA","7","130","","T","","analitica","","","PVP sales 1 (2074313); Storica Analitica visura per immobile - Catasto Terreni."
"visura-storica","VE","CAMPONOGARA","7","2","7","F","","analitica","","","PVP sales 2 (262053,449956); Storica Analitica visura per immobile - Catasto Fabbricati."
"visura-storica","VE","CAMPONOGARA","7","399","","F","","analitica","","","PVP sales 2 (4438270,4499450); Storica Analitica visura per immobile - Catasto Fabbricati."
"visura-storica","VE","CAMPONOGARA","7","399","","T","","analitica","","","PVP sales 2 (4438270,4499450); Storica Analitica visura per immobile - Catasto Terreni."
"visura-storica","VE","CAMPONOGARA","9","186","11","F","","analitica","","","PVP sales 1 (4518718); Storica Analitica visura per immobile - Catasto Fabbricati."
"visura-storica","VE","CAMPONOGARA","9","186","31","F","","analitica","","","PVP sales 1 (4518718); Storica Analitica visura per immobile - Catasto Fabbricati."
"visura-storica","VE","CAORLE","11","136","","F","","analitica","","","PVP sales 1 (2103869); Storica Analitica visura per immobile - Catasto Fabbricati."
"visura-storica","VE","CAORLE","11","136","","T","","analitica","","","PVP sales 1 (2103869); Storica Analitica visura per immobile - Catasto Terreni."
"visura-storica","VE","CAORLE","11","389","3","F","","analitica","","","PVP sales 2 (4500234,4569279); Storica Analitica visura per immobile - Catasto Fabbricati."
"visura-storica","VE","CAORLE","11","389","6","F","","analitica","","","PVP sales 2 (4500234,4569279); Storica Analitica visura per immobile - Catasto Fabbricati."
"visura-storica","VE","CAORLE","11","887","","F","","analitica","","","PVP sales 1 (4541665); Storica Analitica visura per immobile - Catasto Fabbricati."
"visura-storica","VE","CAORLE","11","887","","T","","analitica","","","PVP sales 1 (4541665); Storica Analitica visura per immobile - Catasto Terreni."
"visura-storica","VE","CAORLE","16","974","2","F","","analitica","","","PVP sales 1 (4500153); Storica Analitica visura per immobile - Catasto Fabbricati."
"visura-storica","VE","CAORLE","16","974","6","F","","analitica","","","PVP sales 1 (4500153); Storica Analitica visura per immobile - Catasto Fabbricati."
"visura-storica","VE","CAORLE","38","112","4","F","","analitica","","","PVP sales 1 (487568); Storica Analitica visura per immobile - Catasto Fabbricati."
"visura-storica","VE","CAORLE","38","211","","F","","analitica","","","PVP sales 1 (384351); Storica Analitica visura per immobile - Catasto Fabbricati."
"visura-storica","VE","CAORLE","38","211","","T","","analitica","","","PVP sales 1 (384351); Storica Analitica visura per immobile - Catasto Terreni."
"visura-storica","VE","CAORLE","38","218","8","F","","analitica","","","PVP sales 1 (384351); Storica Analitica visura per immobile - Catasto Fabbricati."
"visura-storica","VE","CAORLE","38","224","","F","","analitica","","","PVP sales 1 (1864384); Storica Analitica visura per immobile - Catasto Fabbricati."
"visura-storica","VE","CAORLE","38","224","","T","","analitica","","","PVP sales 1 (1864384); Storica Analitica visura per immobile - Catasto Terreni."
"visura-storica","VE","CAORLE","38","224","78","F","","analitica","","","PVP sales 1 (1911053); Storica Analitica visura per immobile - Catasto Fabbricati."
"visura-storica","VE","CAORLE","38","239","22","F","","analitica","","","PVP sales 1 (1007326); Storica Analitica visura per immobile - Catasto Fabbricati."
"visura-storica","VE","CAORLE","38","239","85","F","","analitica","","","PVP sales 1 (1007326); Storica Analitica visura per immobile - Catasto Fabbricati."
"visura-storica","VE","CAORLE","38","282","","F","","analitica","","","PVP sales 1 (972183); Storica Analitica visura per immobile - Catasto Fabbricati."
"visura-storica","VE","CAORLE","38","282","","T","","analitica","","","PVP sales 1 (972183); Storica Analitica visura per immobile - Catasto Terreni."
"visura-storica","VE","CAORLE","38","346","","F","","analitica","","","PVP sales 1 (972183); Storica Analitica visura per immobile - Catasto Fabbricati."
"visura-storica","VE","CAORLE","38","346","","T","","analitica","","","PVP sales 1 (972183); Storica Analitica visura per immobile - Catasto Terreni."
"visura-storica","VE","CAORLE","38","347","","F","","analitica","","","PVP sales 1 (972183); Storica Analitica visura per immobile - Catasto Fabbricati."
"visura-storica","VE","CAORLE","38","347","","T","","analitica","","","PVP sales 1 (972183); Storica Analitica visura per immobile - Catasto Terreni."
"visura-storica","VE","CAORLE","38","347","31","F","","analitica","","","PVP sales 1 (972183); Storica Analitica visura per immobile - Catasto Fabbricati."
"visura-storica","VE","CAORLE","38","348","","F","","analitica","","","PVP sales 1 (972183); Storica Analitica visura per immobile - Catasto Fabbricati."
"visura-storica","VE","CAORLE","38","348","","T","","analitica","","","PVP sales 1 (972183); Storica Analitica visura per immobile - Catasto Terreni."
"visura-storica","VE","CAORLE","38","48","","F","","analitica","","","PVP sales 1 (666016); Storica Analitica visura per immobile - Catasto Fabbricati."
"visura-storica","VE","CAORLE","38","48","","T","","analitica","","","PVP sales 1 (666016); Storica Analitica visura per immobile - Catasto Terreni."
"visura-storica","VE","CAORLE","38","70","","F","","analitica","","","PVP sales 1 (666016); Storica Analitica visura per immobile - Catasto Fabbricati."
"visura-storica","VE","CAORLE","38","70","","T","","analitica","","","PVP sales 1 (666016); Storica Analitica visura per immobile - Catasto Terreni."
"visura-storica","VE","CAORLE","39","339","122","F","","analitica","","","PVP sales 1 (472344); Storica Analitica visura per immobile - Catasto Fabbricati."
"visura-storica","VE","CAORLE","39","339","43","F","","analitica","","","PVP sales 1 (472344); Storica Analitica visura per immobile - Catasto Fabbricati."
"visura-storica","VE","CAORLE","39","339","95","F","","analitica","","","PVP sales 1 (472344); Storica Analitica visura per immobile - Catasto Fabbricati."
"visura-storica","VE","CAORLE","39","435","106","F","","analitica","","","PVP sales 1 (4455404); Storica Analitica visura per immobile - Catasto Fabbricati."
"visura-storica","VE","CAORLE","40","1034","2","F","","analitica","","","PVP sales 1 (4558997); Storica Analitica visura per immobile - Catasto Fabbricati."
"visura-storica","VE","CAORLE","40","1034","6","F","","analitica","","","PVP sales 1 (4558997); Storica Analitica visura per immobile - Catasto Fabbricati."
"visura-storica","VE","CAORLE","40","1066","6","F","","analitica","","","PVP sales 1 (1656675); Storica Analitica visura per immobile - Catasto Fabbricati."
"visura-storica","VE","CAORLE","40","1280","64","F","","analitica","","","PVP sales 1 (1904429); Storica Analitica visura per immobile - Catasto Fabbricati."
"visura-storica","VE","CAORLE","40","1381","15","F","","analitica","","","PVP sales 1 (593204); Storica Analitica visura per immobile - Catasto Fabbricati."
"visura-storica","VE","CAORLE","40","1381","6","F","","analitica","","","PVP sales 1 (593204); Storica Analitica visura per immobile - Catasto Fabbricati."
"visura-storica","VE","CAORLE","40","1473","17","F","","analitica","","","PVP sales 1 (1666786); Storica Analitica visura per immobile - Catasto Fabbricati."
"visura-storica","VE","CAORLE","40","1473","54","F","","analitica","","","PVP sales 1 (1666786); Storica Analitica visura per immobile - Catasto Fabbricati."
"visura-storica","VE","CAORLE","40","157","53","F","","analitica","","","PVP sales 1 (1009172); Storica Analitica visura per immobile - Catasto Fabbricati."
"visura-storica","VE","CAORLE","40","1796","","F","","analitica","","","PVP sales 1 (1666786); Storica Analitica visura per immobile - Catasto Fabbricati."
"visura-storica","VE","CAORLE","40","1796","","T","","analitica","","","PVP sales 1 (1666786); Storica Analitica visura per immobile - Catasto Terreni."
"visura-storica","VE","CAORLE","40","350","2","F","","analitica","","","PVP sales 1 (4550969); Storica Analitica visura per immobile - Catasto Fabbricati."
"visura-storica","VE","CAORLE","40","47","25","F","","analitica","","","PVP sales 1 (1580404); Storica Analitica visura per immobile - Catasto Fabbricati."
"visura-storica","VE","CAORLE","40","505","","F","","analitica","","","PVP sales 1 (658825); Storica Analitica visura per immobile - Catasto Fabbricati."
"visura-storica","VE","CAORLE","40","505","","T","","analitica","","","PVP sales 1 (658825); Storica Analitica visura per immobile - Catasto Terreni."
"visura-storica","VE","CAORLE","40","590","","F","","analitica","","","PVP sales 1 (4550969); Storica Analitica visura per immobile - Catasto Fabbricati."
"visura-storica","VE","CAORLE","40","590","","T","","analitica","","","PVP sales 1 (4550969); Storica Analitica visura per immobile - Catasto Terreni."
"visura-storica","VE","CAORLE","40","973","48","F","","analitica","","","PVP sales 1 (4542909); Storica Analitica visura per immobile - Catasto Fabbricati."
"visura-storica","VE","CAORLE","41","78","10","F","","analitica","","","PVP sales 1 (4249399); Storica Analitica visura per immobile - Catasto Fabbricati."
"visura-storica","VE","CAORLE","41","82","10","F","","analitica","","","PVP sales 1 (4462557); Storica Analitica visura per immobile - Catasto Fabbricati."
"visura-storica","VE","CAORLE","41","82","16","F","","analitica","","","PVP sales 1 (4462525); Storica Analitica visura per immobile - Catasto Fabbricati."
"visura-storica","VE","CAORLE","41","82","17","F","","analitica","","","PVP sales 1 (4462575); Storica Analitica visura per immobile - Catasto Fabbricati."
"visura-storica","VE","CAORLE","41","82","5","F","","analitica","","","PVP sales 1 (4462445); Storica Analitica visura per immobile - Catasto Fabbricati."
"visura-storica","VE","CAORLE","41","82","6","F","","analitica","","","PVP sales 1 (4462536); Storica Analitica visura per immobile - Catasto Fabbricati."
"visura-storica","VE","CAORLE","41","82","7","F","","analitica","","","PVP sales 1 (4462514); Storica Analitica visura per immobile - Catasto Fabbricati."
"visura-storica","VE","CAORLE","41","82","9","F","","analitica","","","PVP sales 1 (4462549); Storica Analitica visura per immobile - Catasto Fabbricati."
"visura-storica","VE","CAORLE","41","940","","F","","analitica","","","PVP sales 1 (4462582); Storica Analitica visura per immobile - Catasto Fabbricati."
"visura-storica","VE","CAORLE","41","940","","T","","analitica","","","PVP sales 1 (4462582); Storica Analitica visura per immobile - Catasto Terreni."
"visura-storica","VE","CAORLE","41","957","31","F","","analitica","","","PVP sales 2 (828348,1006731); Storica Analitica visura per immobile - Catasto Fabbricati."
"visura-storica","VE","CAORLE","41","957","6","F","","analitica","","","PVP sales 2 (828348,1006731); Storica Analitica visura per immobile - Catasto Fabbricati."
"visura-storica","VE","CAORLE","42","2089","10","F","","analitica","","","PVP sales 1 (667826); Storica Analitica visura per immobile - Catasto Fabbricati."
"visura-storica","VE","CAORLE","43","224","","F","","analitica","","","PVP sales 1 (1006433); Storica Analitica visura per immobile - Catasto Fabbricati."
"visura-storica","VE","CAORLE","43","224","","T","","analitica","","","PVP sales 1 (1006433); Storica Analitica visura per immobile - Catasto Terreni."
"visura-storica","VE","CAORLE","43","264","51","F","","analitica","","","PVP sales 1 (509164); Storica Analitica visura per immobile - Catasto Fabbricati."
"visura-storica","VE","CAORLE","5","27","","F","","analitica","","","PVP sales 1 (4569129); Storica Analitica visura per immobile - Catasto Fabbricati."
"visura-storica","VE","CAORLE","5","27","","T","","analitica","","","PVP sales 1 (4569129); Storica Analitica visura per immobile - Catasto Terreni."
"visura-storica","VE","CAORLE","5","27","11","F","","analitica","","","PVP sales 1 (4569129); Storica Analitica visura per immobile - Catasto Fabbricati."
"visura-storica","VE","CAORLE","5","27","12","F","","analitica","","","PVP sales 1 (4534862); Storica Analitica visura per immobile - Catasto Fabbricati."
"visura-storica","VE","CAORLE","5","27","3","F","","analitica","","","PVP sales 2 (4493696,4550699); Storica Analitica visura per immobile - Catasto Fabbricati."
"visura-storica","VE","CAORLE","5","27","6","F","","analitica","","","PVP sales 3 (4493696,4534862,4550699); Storica Analitica visura per immobile - Catasto Fabbricati."
"visura-storica","VE","CAORLE","5","308","","F","","analitica","","","PVP sales 1 (1893639); Storica Analitica visura per immobile - Catasto Fabbricati."
"visura-storica","VE","CAORLE","5","308","","T","","analitica","","","PVP sales 1 (1893639); Storica Analitica visura per immobile - Catasto Terreni."
"visura-storica","VE","CAORLE","5","309","","F","","analitica","","","PVP sales 1 (1893691); Storica Analitica visura per immobile - Catasto Fabbricati."
"visura-storica","VE","CAORLE","5","309","","T","","analitica","","","PVP sales 1 (1893691); Storica Analitica visura per immobile - Catasto Terreni."
"visura-storica","VE","CAORLE","5","312","","F","","analitica","","","PVP sales 1 (1893687); Storica Analitica visura per immobile - Catasto Fabbricati."
"visura-storica","VE","CAORLE","5","312","","T","","analitica","","","PVP sales 1 (1893687); Storica Analitica visura per immobile - Catasto Terreni."
"visura-storica","VE","CAORLE","5","314","","F","","analitica","","","PVP sales 1 (1893688); Storica Analitica visura per immobile - Catasto Fabbricati."
"visura-storica","VE","CAORLE","5","314","","T","","analitica","","","PVP sales 1 (1893688); Storica Analitica visura per immobile - Catasto Terreni."
"visura-storica","VE","CAORLE","5","315","","F","","analitica","","","PVP sales 1 (1893690); Storica Analitica visura per immobile - Catasto Fabbricati."
"visura-storica","VE","CAORLE","5","315","","T","","analitica","","","PVP sales 1 (1893690); Storica Analitica visura per immobile - Catasto Terreni."
"visura-storica","VE","CAORLE","5","316","","F","","analitica","","","PVP sales 1 (1893693); Storica Analitica visura per immobile - Catasto Fabbricati."
"visura-storica","VE","CAORLE","5","316","","T","","analitica","","","PVP sales 1 (1893693); Storica Analitica visura per immobile - Catasto Terreni."
"visura-storica","VE","CAORLE","6","16","1","F","","analitica","","","PVP sales 3 (4249223,4489416,4553660); Storica Analitica visura per immobile - Catasto Fabbricati."
"visura-storica","VE","CAORLE","6","6","2","F","","analitica","","","PVP sales 1 (485241); Storica Analitica visura per immobile - Catasto Fabbricati."
"visura-storica","VE","CAORLE","6","6","3","F","","analitica","","","PVP sales 1 (485241); Storica Analitica visura per immobile - Catasto Fabbricati."
"visura-storica","VE","CAORLE","6","6","9","F","","analitica","","","PVP sales 1 (485241); Storica Analitica visura per immobile - Catasto Fabbricati."
"visura-storica","VE","CAVALLINO-TREPORTI","10","1157","20","F","","analitica","","","PVP sales 1 (1583473); Storica Analitica visura per immobile - Catasto Fabbricati."
"visura-storica","VE","CAVALLINO-TREPORTI","10","1157","82","F","","analitica","","","PVP sales 1 (1583473); Storica Analitica visura per immobile - Catasto Fabbricati."
"visura-storica","VE","CAVALLINO-TREPORTI","19","1252","3","F","","analitica","","","PVP sales 1 (2158536); Storica Analitica visura per immobile - Catasto Fabbricati."
"visura-storica","VE","CAVALLINO-TREPORTI","19","1252","4","F","","analitica","","","PVP sales 1 (2158536); Storica Analitica visura per immobile - Catasto Fabbricati."
"visura-storica","VE","CAVALLINO-TREPORTI","19","669","","F","","analitica","","","PVP sales 1 (2158536); Storica Analitica visura per immobile - Catasto Fabbricati."
"visura-storica","VE","CAVALLINO-TREPORTI","19","669","","T","","analitica","","","PVP sales 1 (2158536); Storica Analitica visura per immobile - Catasto Terreni."
"visura-storica","VE","CAVALLINO-TREPORTI","19","908","","F","","analitica","","","PVP sales 3 (487955,603687,603768); Storica Analitica visura per immobile - Catasto Fabbricati."
"visura-storica","VE","CAVALLINO-TREPORTI","19","908","","T","","analitica","","","PVP sales 3 (487955,603687,603768); Storica Analitica visura per immobile - Catasto Terreni."
"visura-storica","VE","CAVALLINO-TREPORTI","20","514","30","F","","analitica","","","PVP sales 1 (1015801); Storica Analitica visura per immobile - Catasto Fabbricati."
"visura-storica","VE","CAVALLINO-TREPORTI","20","514","31","F","","analitica","","","PVP sales 1 (1015801); Storica Analitica visura per immobile - Catasto Fabbricati."
"visura-storica","VE","CAVALLINO-TREPORTI","22","124","11","F","","analitica","","","PVP sales 1 (2051200); Storica Analitica visura per immobile - Catasto Fabbricati."
"visura-storica","VE","CAVALLINO-TREPORTI","22","124","13","F","","analitica","","","PVP sales 1 (2051200); Storica Analitica visura per immobile - Catasto Fabbricati."
"visura-storica","VE","CAVALLINO-TREPORTI","22","124","14","F","","analitica","","","PVP sales 1 (2051200); Storica Analitica visura per immobile - Catasto Fabbricati."
"visura-storica","VE","CAVALLINO-TREPORTI","22","124","15","F","","analitica","","","PVP sales 1 (2051200); Storica Analitica visura per immobile - Catasto Fabbricati."
"visura-storica","VE","CAVALLINO-TREPORTI","22","124","17","F","","analitica","","","PVP sales 1 (2051200); Storica Analitica visura per immobile - Catasto Fabbricati."
"visura-storica","VE","CAVALLINO-TREPORTI","22","234","3","F","","analitica","","","PVP sales 2 (382827,977205); Storica Analitica visura per immobile - Catasto Fabbricati."
"visura-storica","VE","CAVALLINO-TREPORTI","25","127","27","F","","analitica","","","PVP sales 2 (337860,564210); Storica Analitica visura per immobile - Catasto Fabbricati."
"visura-storica","VE","CAVALLINO-TREPORTI","25","127","28","F","","analitica","","","PVP sales 2 (337860,564210); Storica Analitica visura per immobile - Catasto Fabbricati."
"visura-storica","VE","CAVALLINO-TREPORTI","25","127","29","F","","analitica","","","PVP sales 2 (337860,564210); Storica Analitica visura per immobile - Catasto Fabbricati."
"visura-storica","VE","CAVALLINO-TREPORTI","25","127","9","F","","analitica","","","PVP sales 2 (337860,564210); Storica Analitica visura per immobile - Catasto Fabbricati."
"visura-storica","VE","CAVALLINO-TREPORTI","25","229","29","F","","analitica","","","PVP sales 1 (4528454); Storica Analitica visura per immobile - Catasto Fabbricati."
"visura-storica","VE","CAVALLINO-TREPORTI","25","229","67","F","","analitica","","","PVP sales 1 (4528454); Storica Analitica visura per immobile - Catasto Fabbricati."
"visura-storica","VE","CAVALLINO-TREPORTI","25","321","110","F","","analitica","","","PVP sales 1 (635138); Storica Analitica visura per immobile - Catasto Fabbricati."
"visura-storica","VE","CAVALLINO-TREPORTI","25","321","54","F","","analitica","","","PVP sales 1 (635138); Storica Analitica visura per immobile - Catasto Fabbricati."
"visura-storica","VE","CAVARZERE","16","13","","F","","analitica","","","PVP sales 2 (2113065,4509633); Storica Analitica visura per immobile - Catasto Fabbricati."
"visura-storica","VE","CAVARZERE","16","13","","T","","analitica","","","PVP sales 2 (2113065,4509633); Storica Analitica visura per immobile - Catasto Terreni."
"visura-storica","VE","CAVARZERE","16","185","1","F","","analitica","","","PVP sales 2 (2113065,4509633); Storica Analitica visura per immobile - Catasto Fabbricati."
"visura-storica","VE","CAVARZERE","16","185","2","F","","analitica","","","PVP sales 2 (2113065,4509633); Storica Analitica visura per immobile - Catasto Fabbricati."
"visura-storica","VE","CAVARZERE","16","62","","F","","analitica","","","PVP sales 2 (2113065,4509633); Storica Analitica visura per immobile - Catasto Fabbricati."
"visura-storica","VE","CAVARZERE","16","62","","T","","analitica","","","PVP sales 2 (2113065,4509633); Storica Analitica visura per immobile - Catasto Terreni."
"visura-storica","VE","CAVARZERE","16","63","","F","","analitica","","","PVP sales 2 (2113065,4509633); Storica Analitica visura per immobile - Catasto Fabbricati."
"visura-storica","VE","CAVARZERE","16","63","","T","","analitica","","","PVP sales 2 (2113065,4509633); Storica Analitica visura per immobile - Catasto Terreni."
"visura-storica","VE","CAVARZERE","26","938","2","F","","analitica","","","PVP sales 2 (247279,492194); Storica Analitica visura per immobile - Catasto Fabbricati."
"visura-storica","VE","CAVARZERE","26","938","3","F","","analitica","","","PVP sales 2 (247279,492194); Storica Analitica visura per immobile - Catasto Fabbricati."
"visura-storica","VE","CAVARZERE","26","938","4","F","","analitica","","","PVP sales 2 (247279,492194); Storica Analitica visura per immobile - Catasto Fabbricati."
"visura-storica","VE","CAVARZERE","26","945","","F","","analitica","","","PVP sales 1 (4244948); Storica Analitica visura per immobile - Catasto Fabbricati."
"visura-storica","VE","CAVARZERE","26","945","","T","","analitica","","","PVP sales 1 (4244948); Storica Analitica visura per immobile - Catasto Terreni."
"visura-storica","VE","CAVARZERE","26","949","","F","","analitica","","","PVP sales 1 (4244948); Storica Analitica visura per immobile - Catasto Fabbricati."
"visura-storica","VE","CAVARZERE","26","949","","T","","analitica","","","PVP sales 1 (4244948); Storica Analitica visura per immobile - Catasto Terreni."
"visura-storica","VE","CAVARZERE","28","365","3","F","","analitica","","","PVP sales 1 (2245428); Storica Analitica visura per immobile - Catasto Fabbricati."
"visura-storica","VE","CAVARZERE","28","365","6","F","","analitica","","","PVP sales 1 (2245428); Storica Analitica visura per immobile - Catasto Fabbricati."
"visura-storica","VE","CAVARZERE","28","365","7","F","","analitica","","","PVP sales 1 (2245428); Storica Analitica visura per immobile - Catasto Fabbricati."
"visura-storica","VE","CAVARZERE","28","414","","F","","analitica","","","PVP sales 1 (4510979); Storica Analitica visura per immobile - Catasto Fabbricati."
"visura-storica","VE","CAVARZERE","28","414","","T","","analitica","","","PVP sales 1 (4510979); Storica Analitica visura per immobile - Catasto Terreni."
"visura-storica","VE","CAVARZERE","33","116","4","F","","analitica","","","PVP sales 2 (548094,548968); Storica Analitica visura per immobile - Catasto Fabbricati."
"visura-storica","VE","CAVARZERE","33","248","","F","","analitica","","","PVP sales 1 (2196392); Storica Analitica visura per immobile - Catasto Fabbricati."
"visura-storica","VE","CAVARZERE","33","248","","T","","analitica","","","PVP sales 1 (2196392); Storica Analitica visura per immobile - Catasto Terreni."
"visura-storica","VE","CAVARZERE","33","280","","F","","analitica","","","PVP sales 1 (2196392); Storica Analitica visura per immobile - Catasto Fabbricati."
"visura-storica","VE","CAVARZERE","33","280","","T","","analitica","","","PVP sales 1 (2196392); Storica Analitica visura per immobile - Catasto Terreni."
"visura-storica","VE","CAVARZERE","33","506","11","F","","analitica","","","PVP sales 2 (1964986,1965060); Storica Analitica visura per immobile - Catasto Fabbricati."
"visura-storica","VE","CAVARZERE","33","78","","F","","analitica","","","PVP sales 2 (1964986,1965060); Storica Analitica visura per immobile - Catasto Fabbricati."
"visura-storica","VE","CAVARZERE","33","78","","T","","analitica","","","PVP sales 2 (1964986,1965060); Storica Analitica visura per immobile - Catasto Terreni."
"visura-storica","VE","CAVARZERE","34","630","16","F","","analitica","","","PVP sales 2 (2058535,2058604); Storica Analitica visura per immobile - Catasto Fabbricati."
"visura-storica","VE","CAVARZERE","34","630","18","F","","analitica","","","PVP sales 2 (2058615,2058616); Storica Analitica visura per immobile - Catasto Fabbricati."
"visura-storica","VE","CAVARZERE","34","630","19","F","","analitica","","","PVP sales 3 (2058542,2058546,2154649); Storica Analitica visura per immobile - Catasto Fabbricati."
"visura-storica","VE","CAVARZERE","34","630","20","F","","analitica","","","PVP sales 2 (2058586,2058595); Storica Analitica visura per immobile - Catasto Fabbricati."
"visura-storica","VE","CAVARZERE","34","630","21","F","","analitica","","","PVP sales 2 (2058526,2058530); Storica Analitica visura per immobile - Catasto Fabbricati."
"visura-storica","VE","CAVARZERE","35","443","8","F","","analitica","","","PVP sales 1 (331452); Storica Analitica visura per immobile - Catasto Fabbricati."
"visura-storica","VE","CAVARZERE","35","5","107","F","","analitica","","","PVP sales 1 (4244948); Storica Analitica visura per immobile - Catasto Fabbricati."
"visura-storica","VE","CAVARZERE","35","5","108","F","","analitica","","","PVP sales 1 (4244948); Storica Analitica visura per immobile - Catasto Fabbricati."
"visura-storica","VE","CAVARZERE","35","5","109","F","","analitica","","","PVP sales 1 (4244948); Storica Analitica visura per immobile - Catasto Fabbricati."
"visura-storica","VE","CAVARZERE","35","5","110","F","","analitica","","","PVP sales 1 (4244948); Storica Analitica visura per immobile - Catasto Fabbricati."
"visura-storica","VE","CAVARZERE","35","5","111","F","","analitica","","","PVP sales 1 (4244948); Storica Analitica visura per immobile - Catasto Fabbricati."
"visura-storica","VE","CAVARZERE","35","5","112","F","","analitica","","","PVP sales 1 (4244948); Storica Analitica visura per immobile - Catasto Fabbricati."
"visura-storica","VE","CAVARZERE","35","5","113","F","","analitica","","","PVP sales 1 (4244948); Storica Analitica visura per immobile - Catasto Fabbricati."
"visura-storica","VE","CAVARZERE","35","5","119","F","","analitica","","","PVP sales 1 (4244948); Storica Analitica visura per immobile - Catasto Fabbricati."
"visura-storica","VE","CAVARZERE","35","5","120","F","","analitica","","","PVP sales 1 (4244948); Storica Analitica visura per immobile - Catasto Fabbricati."
"visura-storica","VE","CAVARZERE","35","5","121","F","","analitica","","","PVP sales 1 (4244948); Storica Analitica visura per immobile - Catasto Fabbricati."
"visura-storica","VE","CAVARZERE","39","120","12","F","","analitica","","","PVP sales 1 (2143389); Storica Analitica visura per immobile - Catasto Fabbricati."
"visura-storica","VE","CAVARZERE","39","1372","1","F","","analitica","","","PVP sales 2 (1484947,1651414); Storica Analitica visura per immobile - Catasto Fabbricati."
"visura-storica","VE","CAVARZERE","39","1372","2","F","","analitica","","","PVP sales 2 (1484947,1651414); Storica Analitica visura per immobile - Catasto Fabbricati."
"visura-storica","VE","CAVARZERE","39","145","","F","","analitica","","","PVP sales 1 (4566909); Storica Analitica visura per immobile - Catasto Fabbricati."
"visura-storica","VE","CAVARZERE","39","145","","T","","analitica","","","PVP sales 1 (4566909); Storica Analitica visura per immobile - Catasto Terreni."
"visura-storica","VE","CAVARZERE","39","935","","F","","analitica","","","PVP sales 1 (4566909); Storica Analitica visura per immobile - Catasto Fabbricati."
"visura-storica","VE","CAVARZERE","39","935","","T","","analitica","","","PVP sales 1 (4566909); Storica Analitica visura per immobile - Catasto Terreni."
"visura-storica","VE","CAVARZERE","42","198","3","F","","analitica","","","PVP sales 1 (544153); Storica Analitica visura per immobile - Catasto Fabbricati."
"visura-storica","VE","CAVARZERE","42","198","4","F","","analitica","","","PVP sales 1 (544153); Storica Analitica visura per immobile - Catasto Fabbricati."
"visura-storica","VE","CAVARZERE","45","177","2","F","","analitica","","","PVP sales 1 (4443019); Storica Analitica visura per immobile - Catasto Fabbricati."
"visura-storica","VE","CAVARZERE","45","177","3","F","","analitica","","","PVP sales 1 (4443019); Storica Analitica visura per immobile - Catasto Fabbricati."
"visura-storica","VE","CAVARZERE","45","177","4","F","","analitica","","","PVP sales 1 (4443019); Storica Analitica visura per immobile - Catasto Fabbricati."
"visura-storica","VE","CAVARZERE","48","1174","1","F","","analitica","","","PVP sales 2 (292770,411297); Storica Analitica visura per immobile - Catasto Fabbricati."
"visura-storica","VE","CAVARZERE","48","1174","12","F","","analitica","","","PVP sales 2 (292770,411297); Storica Analitica visura per immobile - Catasto Fabbricati."
"visura-storica","VE","CAVARZERE","48","1524","18","F","","analitica","","","PVP sales 1 (4439907); Storica Analitica visura per immobile - Catasto Fabbricati."
"visura-storica","VE","CAVARZERE","48","2230","3","F","","analitica","","","PVP sales 2 (2082682,2164868); Storica Analitica visura per immobile - Catasto Fabbricati."
"visura-storica","VE","CAVARZERE","48","2230","5","F","","analitica","","","PVP sales 2 (2082682,2164868); Storica Analitica visura per immobile - Catasto Fabbricati."
"visura-storica","VE","CAVARZERE","48","2700","","F","","analitica","","","PVP sales 1 (4244370); Storica Analitica visura per immobile - Catasto Fabbricati."
"visura-storica","VE","CAVARZERE","48","2700","","T","","analitica","","","PVP sales 1 (4244370); Storica Analitica visura per immobile - Catasto Terreni."
"visura-storica","VE","CAVARZERE","48","2729","","F","","analitica","","","PVP sales 1 (4244370); Storica Analitica visura per immobile - Catasto Fabbricati."
"visura-storica","VE","CAVARZERE","48","2729","","T","","analitica","","","PVP sales 1 (4244370); Storica Analitica visura per immobile - Catasto Terreni."
"visura-storica","VE","CAVARZERE","48","454","12","F","","analitica","","","PVP sales 1 (4439907); Storica Analitica visura per immobile - Catasto Fabbricati."
"visura-storica","VE","CAVARZERE","48","472","2","F","","analitica","","","PVP sales 1 (2179830); Storica Analitica visura per immobile - Catasto Fabbricati."
"visura-storica","VE","CAVARZERE","48","745","1","F","","analitica","","","PVP sales 2 (1692980,1692981); Storica Analitica visura per immobile - Catasto Fabbricati."
"visura-storica","VE","CAVARZERE","48","745","2","F","","analitica","","","PVP sales 2 (1692980,1692981); Storica Analitica visura per immobile - Catasto Fabbricati."
"visura-storica","VE","CAVARZERE","49","332","10","F","","analitica","","","PVP sales 2 (4441236,4509678); Storica Analitica visura per immobile - Catasto Fabbricati."
"visura-storica","VE","CAVARZERE","49","491","1","F","","analitica","","","PVP sales 2 (4441236,4509678); Storica Analitica visura per immobile - Catasto Fabbricati."
"visura-storica","VE","CAVARZERE","49","56","1","F","","analitica","","","PVP sales 1 (2081030); Storica Analitica visura per immobile - Catasto Fabbricati."
"visura-storica","VE","CAVARZERE","49","56","2","F","","analitica","","","PVP sales 1 (2081030); Storica Analitica visura per immobile - Catasto Fabbricati."
"visura-storica","VE","CAVARZERE","53","123","15","F","","analitica","","","PVP sales 2 (307944,1000905); Storica Analitica visura per immobile - Catasto Fabbricati."
"visura-storica","VE","CAVARZERE","58","15","","F","","analitica","","","PVP sales 1 (453450); Storica Analitica visura per immobile - Catasto Fabbricati."
"visura-storica","VE","CAVARZERE","58","15","","T","","analitica","","","PVP sales 1 (453450); Storica Analitica visura per immobile - Catasto Terreni."
"visura-storica","VE","CAVARZERE","58","449","1","F","","analitica","","","PVP sales 1 (453450); Storica Analitica visura per immobile - Catasto Fabbricati."
"visura-storica","VE","CAVARZERE","58","449","2","F","","analitica","","","PVP sales 1 (453450); Storica Analitica visura per immobile - Catasto Fabbricati."
"visura-storica","VE","CAVARZERE","58","449","3","F","","analitica","","","PVP sales 1 (453450); Storica Analitica visura per immobile - Catasto Fabbricati."
"visura-storica","VE","CAVARZERE","58","514","17","F","","analitica","","","PVP sales 2 (2127428,4252589); Storica Analitica visura per immobile - Catasto Fabbricati."
"visura-storica","VE","CAVARZERE","58","514","18","F","","analitica","","","PVP sales 2 (2127428,4252589); Storica Analitica visura per immobile - Catasto Fabbricati."
"visura-storica","VE","CAVARZERE","58","514","23","F","","analitica","","","PVP sales 3 (4250605,4519776,4568018); Storica Analitica visura per immobile - Catasto Fabbricati."
"visura-storica","VE","CAVARZERE","58","514","28","F","","analitica","","","PVP sales 2 (2127591,4252592); Storica Analitica visura per immobile - Catasto Fabbricati."
"visura-storica","VE","CAVARZERE","58","514","29","F","","analitica","","","PVP sales 2 (2127598,4252594); Storica Analitica visura per immobile - Catasto Fabbricati."
"visura-storica","VE","CAVARZERE","58","514","31","F","","analitica","","","PVP sales 3 (4250605,4519776,4568018); Storica Analitica visura per immobile - Catasto Fabbricati."
"visura-storica","VE","CAVARZERE","58","514","32","F","","analitica","","","PVP sales 2 (2127428,4252589); Storica Analitica visura per immobile - Catasto Fabbricati."
"visura-storica","VE","CAVARZERE","58","514","33","F","","analitica","","","PVP sales 3 (4250605,4519776,4568018); Storica Analitica visura per immobile - Catasto Fabbricati."
"visura-storica","VE","CAVARZERE","69","44","2","F","","analitica","","","PVP sales 4 (4358522,4452188,4492479,4570025); Storica Analitica visura per immobile - Catasto Fabbricati."
"visura-storica","VE","CAVARZERE","69","44","3","F","","analitica","","","PVP sales 4 (4358522,4452188,4492479,4570025); Storica Analitica visura per immobile - Catasto Fabbricati."
"visura-storica","VE","CAVARZERE","69","44","4","F","","analitica","","","PVP sales 4 (4358522,4452188,4492479,4570025); Storica Analitica visura per immobile - Catasto Fabbricati."
"visura-storica","VE","CAVARZERE","69","92","2","F","","analitica","","","PVP sales 3 (454300,586650,739661); Storica Analitica visura per immobile - Catasto Fabbricati."
"visura-storica","VE","CAVARZERE","69","92","3","F","","analitica","","","PVP sales 3 (454300,586650,739661); Storica Analitica visura per immobile - Catasto Fabbricati."
"visura-storica","VE","CAVARZERE","84","38","","F","","analitica","","","PVP sales 1 (544897); Storica Analitica visura per immobile - Catasto Fabbricati."
"visura-storica","VE","CAVARZERE","84","38","","T","","analitica","","","PVP sales 1 (544897); Storica Analitica visura per immobile - Catasto Terreni."
"visura-storica","VE","CAVARZERE","86","106","2","F","","analitica","","","PVP sales 4 (2251614,4281790,4411091,4465434); Storica Analitica visura per immobile - Catasto Fabbricati."
"visura-storica","VE","CAVARZERE","86","106","3","F","","analitica","","","PVP sales 4 (2251614,4281790,4411091,4465434); Storica Analitica visura per immobile - Catasto Fabbricati."
"visura-storica","VE","CAVARZERE","86","106","5","F","","analitica","","","PVP sales 4 (2251614,4281790,4411091,4465434); Storica Analitica visura per immobile - Catasto Fabbricati."
"visura-storica","VE","CAVARZERE","86","106","6","F","","analitica","","","PVP sales 4 (2251614,4281790,4411091,4465434); Storica Analitica visura per immobile - Catasto Fabbricati."
"visura-storica","VE","CAVARZERE","86","107","","F","","analitica","","","PVP sales 4 (2251614,4281790,4411091,4465434); Storica Analitica visura per immobile - Catasto Fabbricati."
"visura-storica","VE","CAVARZERE","86","107","","T","","analitica","","","PVP sales 4 (2251614,4281790,4411091,4465434); Storica Analitica visura per immobile - Catasto Terreni."
"visura-storica","VE","CAVARZERE","86","43","","F","","analitica","","","PVP sales 4 (2251614,4281790,4411091,4465434); Storica Analitica visura per immobile - Catasto Fabbricati."
"visura-storica","VE","CAVARZERE","86","43","","T","","analitica","","","PVP sales 4 (2251614,4281790,4411091,4465434); Storica Analitica visura per immobile - Catasto Terreni."
"visura-storica","VE","CAVARZERE","86","87","","F","","analitica","","","PVP sales 4 (2251614,4281790,4411091,4465434); Storica Analitica visura per immobile - Catasto Fabbricati."
"visura-storica","VE","CAVARZERE","86","87","","T","","analitica","","","PVP sales 4 (2251614,4281790,4411091,4465434); Storica Analitica visura per immobile - Catasto Terreni."
"visura-storica","VE","CAVARZERE","89","143","15","F","","analitica","","","PVP sales 2 (346066,544813); Storica Analitica visura per immobile - Catasto Fabbricati."
"visura-storica","VE","CAVARZERE","89","143","16","F","","analitica","","","PVP sales 2 (346066,544813); Storica Analitica visura per immobile - Catasto Fabbricati."
"visura-storica","VE","CAVARZERE","89","143","17","F","","analitica","","","PVP sales 2 (346066,544813); Storica Analitica visura per immobile - Catasto Fabbricati."
"visura-storica","VE","CAVARZERE","90","179","2","F","","analitica","","","PVP sales 1 (303574); Storica Analitica visura per immobile - Catasto Fabbricati."
"visura-storica","VE","CAVARZERE","90","53","","F","","analitica","","","PVP sales 1 (2201407); Storica Analitica visura per immobile - Catasto Fabbricati."
"visura-storica","VE","CAVARZERE","90","53","","T","","analitica","","","PVP sales 1 (2201407); Storica Analitica visura per immobile - Catasto Terreni."
"visura-storica","VE","CAVARZERE","92","194","1","F","","analitica","","","PVP sales 3 (901833,1666652,1853536); Storica Analitica visura per immobile - Catasto Fabbricati."
"visura-storica","VE","CAVARZERE","92","194","2","F","","analitica","","","PVP sales 3 (901833,1666652,1853536); Storica Analitica visura per immobile - Catasto Fabbricati."
"visura-storica","VE","CAVARZERE","92","194","3","F","","analitica","","","PVP sales 3 (901833,1666652,1853536); Storica Analitica visura per immobile - Catasto Fabbricati."
"visura-storica","VE","CAVARZERE","92","194","4","F","","analitica","","","PVP sales 3 (901833,1666652,1853536); Storica Analitica visura per immobile - Catasto Fabbricati."
"visura-storica","VE","CEGGIA","1","619","","F","","analitica","","","PVP sales 1 (4258725); Storica Analitica visura per immobile - Catasto Fabbricati."
"visura-storica","VE","CEGGIA","1","619","","T","","analitica","","","PVP sales 1 (4258725); Storica Analitica visura per immobile - Catasto Terreni."
"visura-storica","VE","CEGGIA","1","655","10","F","","analitica","","","PVP sales 1 (4231069); Storica Analitica visura per immobile - Catasto Fabbricati."
"visura-storica","VE","CEGGIA","1","655","4","F","","analitica","","","PVP sales 1 (4231069); Storica Analitica visura per immobile - Catasto Fabbricati."
"visura-storica","VE","CEGGIA","1","655","5","F","","analitica","","","PVP sales 1 (4231069); Storica Analitica visura per immobile - Catasto Fabbricati."
"visura-storica","VE","CEGGIA","1","655","6","F","","analitica","","","PVP sales 1 (4231069); Storica Analitica visura per immobile - Catasto Fabbricati."
"visura-storica","VE","CEGGIA","1","655","7","F","","analitica","","","PVP sales 1 (4231069); Storica Analitica visura per immobile - Catasto Fabbricati."
"visura-storica","VE","CEGGIA","1","655","8","F","","analitica","","","PVP sales 1 (4231069); Storica Analitica visura per immobile - Catasto Fabbricati."
"visura-storica","VE","CEGGIA","1","655","9","F","","analitica","","","PVP sales 1 (4231069); Storica Analitica visura per immobile - Catasto Fabbricati."
"visura-storica","VE","CEGGIA","1","792","2","F","","analitica","","","PVP sales 1 (4231038); Storica Analitica visura per immobile - Catasto Fabbricati."
"visura-storica","VE","CEGGIA","1","811","15","F","","analitica","","","PVP sales 2 (1951392,2080423); Storica Analitica visura per immobile - Catasto Fabbricati."
"visura-storica","VE","CEGGIA","1","825","","F","","analitica","","","PVP sales 1 (156936); Storica Analitica visura per immobile - Catasto Fabbricati."
"visura-storica","VE","CEGGIA","1","825","","T","","analitica","","","PVP sales 1 (156936); Storica Analitica visura per immobile - Catasto Terreni."
"visura-storica","VE","CEGGIA","1","833","5","F","","analitica","","","PVP sales 1 (4231158); Storica Analitica visura per immobile - Catasto Fabbricati."
"visura-storica","VE","CEGGIA","1","833","6","F","","analitica","","","PVP sales 1 (4231114); Storica Analitica visura per immobile - Catasto Fabbricati."
"visura-storica","VE","CEGGIA","1","833","7","F","","analitica","","","PVP sales 1 (2227701); Storica Analitica visura per immobile - Catasto Fabbricati."
"visura-storica","VE","CEGGIA","1","883","2","F","","analitica","","","PVP sales 1 (4231038); Storica Analitica visura per immobile - Catasto Fabbricati."
"visura-storica","VE","CEGGIA","1","883","5","F","","analitica","","","PVP sales 1 (4231038); Storica Analitica visura per immobile - Catasto Fabbricati."
"visura-storica","VE","CEGGIA","1","883","7","F","","analitica","","","PVP sales 1 (4231038); Storica Analitica visura per immobile - Catasto Fabbricati."
"visura-storica","VE","CEGGIA","1","887","8","F","","analitica","","","PVP sales 1 (4231038); Storica Analitica visura per immobile - Catasto Fabbricati."
"visura-storica","VE","CEGGIA","1","896","","F","","analitica","","","PVP sales 1 (4231038); Storica Analitica visura per immobile - Catasto Fabbricati."
"visura-storica","VE","CEGGIA","1","896","","T","","analitica","","","PVP sales 1 (4231038); Storica Analitica visura per immobile - Catasto Terreni."
"visura-storica","VE","CEGGIA","14","121","8","F","","analitica","","","PVP sales 1 (590943); Storica Analitica visura per immobile - Catasto Fabbricati."
"visura-storica","VE","CEGGIA","14","1589","4","F","","analitica","","","PVP sales 1 (590943); Storica Analitica visura per immobile - Catasto Fabbricati."
"visura-storica","VE","CEGGIA","14","378","","F","","analitica","","","PVP sales 1 (2241968); Storica Analitica visura per immobile - Catasto Fabbricati."
"visura-storica","VE","CEGGIA","14","378","","T","","analitica","","","PVP sales 1 (2241968); Storica Analitica visura per immobile - Catasto Terreni."
"visura-storica","VE","CEGGIA","15","1294","10","F","","analitica","","","PVP sales 1 (4544477); Storica Analitica visura per immobile - Catasto Fabbricati."
"visura-storica","VE","CEGGIA","15","1294","18","F","","analitica","","","PVP sales 1 (4544477); Storica Analitica visura per immobile - Catasto Fabbricati."
"visura-storica","VE","CEGGIA","15","1375","","F","","analitica","","","PVP sales 3 (4445979,4490892,4535305); Storica Analitica visura per immobile - Catasto Fabbricati."
"visura-storica","VE","CEGGIA","15","1375","","T","","analitica","","","PVP sales 3 (4445979,4490892,4535305); Storica Analitica visura per immobile - Catasto Terreni."
"visura-storica","VE","CEGGIA","15","211","","F","","analitica","","","PVP sales 2 (4445979,4535305); Storica Analitica visura per immobile - Catasto Fabbricati."
"visura-storica","VE","CEGGIA","15","211","","T","","analitica","","","PVP sales 2 (4445979,4535305); Storica Analitica visura per immobile - Catasto Terreni."
"visura-storica","VE","CEGGIA","15","211","2","F","","analitica","","","PVP sales 3 (4445979,4490892,4535305); Storica Analitica visura per immobile - Catasto Fabbricati."
"visura-storica","VE","CEGGIA","15","211","3","F","","analitica","","","PVP sales 3 (4445979,4490892,4535305); Storica Analitica visura per immobile - Catasto Fabbricati."
"visura-storica","VE","CEGGIA","15","211","4","F","","analitica","","","PVP sales 3 (4445979,4490892,4535305); Storica Analitica visura per immobile - Catasto Fabbricati."
"visura-storica","VE","CEGGIA","15","211","5","F","","analitica","","","PVP sales 3 (4445979,4490892,4535305); Storica Analitica visura per immobile - Catasto Fabbricati."
"visura-storica","VE","CEGGIA","15","211","6","F","","analitica","","","PVP sales 1 (4490892); Storica Analitica visura per immobile - Catasto Fabbricati."
"visura-storica","VE","CEGGIA","9","450","2","F","","analitica","","","PVP sales 1 (4436901); Storica Analitica visura per immobile - Catasto Fabbricati."
"visura-storica","VE","CEGGIA","9","450","3","F","","analitica","","","PVP sales 1 (4436901); Storica Analitica visura per immobile - Catasto Fabbricati."
"visura-storica","VE","CHIOGGIA","12","224","","F","","analitica","","","PVP sales 2 (1681872,1681876); Storica Analitica visura per immobile - Catasto Fabbricati."
"visura-storica","VE","CHIOGGIA","12","224","","T","","analitica","","","PVP sales 2 (1681872,1681876); Storica Analitica visura per immobile - Catasto Terreni."
"visura-storica","VE","CHIOGGIA","12","224","1","F","","analitica","","","PVP sales 2 (1681872,1681876); Storica Analitica visura per immobile - Catasto Fabbricati."
"visura-storica","VE","CHIOGGIA","22","3051","14","F","","analitica","","","PVP sales 1 (901909); Storica Analitica visura per immobile - Catasto Fabbricati."
"visura-storica","VE","CHIOGGIA","22","3051","3","F","","analitica","","","PVP sales 1 (901909); Storica Analitica visura per immobile - Catasto Fabbricati."
"visura-storica","VE","CHIOGGIA","22","8272","13","F","","analitica","","","PVP sales 1 (2090408); Storica Analitica visura per immobile - Catasto Fabbricati."
"visura-storica","VE","CHIOGGIA","22","8272","14","F","","analitica","","","PVP sales 1 (2090408); Storica Analitica visura per immobile - Catasto Fabbricati."
"visura-storica","VE","CHIOGGIA","22","897","12","F","","analitica","","","PVP sales 1 (4237181); Storica Analitica visura per immobile - Catasto Fabbricati."
"visura-storica","VE","CHIOGGIA","22","950","7","F","","analitica","","","PVP sales 2 (2044806,2132218); Storica Analitica visura per immobile - Catasto Fabbricati."
"visura-storica","VE","CHIOGGIA","23","2233","2","F","","analitica","","","PVP sales 1 (2114741); Storica Analitica visura per immobile - Catasto Fabbricati."
"visura-storica","VE","CHIOGGIA","23","2233","3","F","","analitica","","","PVP sales 1 (2114830); Storica Analitica visura per immobile - Catasto Fabbricati."
"visura-storica","VE","CHIOGGIA","23","2318","22","F","","analitica","","","PVP sales 1 (4242576); Storica Analitica visura per immobile - Catasto Fabbricati."
"visura-storica","VE","CHIOGGIA","23","2318","30","F","","analitica","","","PVP sales 1 (4242576); Storica Analitica visura per immobile - Catasto Fabbricati."
"visura-storica","VE","CHIOGGIA","23","8214","14","F","","analitica","","","PVP sales 1 (2044813); Storica Analitica visura per immobile - Catasto Fabbricati."
"visura-storica","VE","CHIOGGIA","23","8233","27","F","","analitica","","","PVP sales 1 (116965); Storica Analitica visura per immobile - Catasto Fabbricati."
"visura-storica","VE","CHIOGGIA","24","67","59","F","","analitica","","","PVP sales 2 (4414843,4460821); Storica Analitica visura per immobile - Catasto Fabbricati."
"visura-storica","VE","CHIOGGIA","26","1280","4","F","","analitica","","","PVP sales 1 (4563980); Storica Analitica visura per immobile - Catasto Fabbricati."
"visura-storica","VE","CHIOGGIA","26","2523","","F","","analitica","","","PVP sales 1 (902242); Storica Analitica visura per immobile - Catasto Fabbricati."
"visura-storica","VE","CHIOGGIA","26","2523","","T","","analitica","","","PVP sales 1 (902242); Storica Analitica visura per immobile - Catasto Terreni."
"visura-storica","VE","CHIOGGIA","26","2842","35","F","","analitica","","","PVP sales 1 (4247921); Storica Analitica visura per immobile - Catasto Fabbricati."
"visura-storica","VE","CHIOGGIA","26","2842","37","F","","analitica","","","PVP sales 1 (4247925); Storica Analitica visura per immobile - Catasto Fabbricati."
"visura-storica","VE","CHIOGGIA","26","2842","38","F","","analitica","","","PVP sales 1 (4247951); Storica Analitica visura per immobile - Catasto Fabbricati."
"visura-storica","VE","CHIOGGIA","26","2842","39","F","","analitica","","","PVP sales 1 (4247955); Storica Analitica visura per immobile - Catasto Fabbricati."
"visura-storica","VE","CHIOGGIA","26","2842","42","F","","analitica","","","PVP sales 1 (4247975); Storica Analitica visura per immobile - Catasto Fabbricati."
"visura-storica","VE","CHIOGGIA","26","2842","43","F","","analitica","","","PVP sales 1 (4247978); Storica Analitica visura per immobile - Catasto Fabbricati."
"visura-storica","VE","CHIOGGIA","26","2842","44","F","","analitica","","","PVP sales 1 (4247982); Storica Analitica visura per immobile - Catasto Fabbricati."
"visura-storica","VE","CHIOGGIA","26","2846","29","F","","analitica","","","PVP sales 1 (4247919); Storica Analitica visura per immobile - Catasto Fabbricati."
"visura-storica","VE","CHIOGGIA","26","3221","5","F","","analitica","","","PVP sales 1 (2173039); Storica Analitica visura per immobile - Catasto Fabbricati."
"visura-storica","VE","CHIOGGIA","26","3221","6","F","","analitica","","","PVP sales 2 (2173034,4221125); Storica Analitica visura per immobile - Catasto Fabbricati."
"visura-storica","VE","CHIOGGIA","26","3221","7","F","","analitica","","","PVP sales 2 (2173034,4221125); Storica Analitica visura per immobile - Catasto Fabbricati."
"visura-storica","VE","CHIOGGIA","26","3758","18","F","","analitica","","","PVP sales 1 (549059); Storica Analitica visura per immobile - Catasto Fabbricati."
"visura-storica","VE","CHIOGGIA","32","810","2","F","","analitica","","","PVP sales 1 (4547566); Storica Analitica visura per immobile - Catasto Fabbricati."
"visura-storica","VE","CHIOGGIA","32","810","3","F","","analitica","","","PVP sales 1 (4547566); Storica Analitica visura per immobile - Catasto Fabbricati."
"visura-storica","VE","CHIOGGIA","36","111","1","F","","analitica","","","PVP sales 1 (2258172); Storica Analitica visura per immobile - Catasto Fabbricati."
"visura-storica","VE","CHIOGGIA","36","111","16","F","","analitica","","","PVP sales 1 (2258172); Storica Analitica visura per immobile - Catasto Fabbricati."
"visura-storica","VE","CHIOGGIA","36","149","57","F","","analitica","","","PVP sales 2 (1507597,1507844); Storica Analitica visura per immobile - Catasto Fabbricati."
"visura-storica","VE","CHIOGGIA","36","149","75","F","","analitica","","","PVP sales 2 (1507597,1507844); Storica Analitica visura per immobile - Catasto Fabbricati."
"visura-storica","VE","CHIOGGIA","36","234","24","F","","analitica","","","PVP sales 1 (2104133); Storica Analitica visura per immobile - Catasto Fabbricati."
"visura-storica","VE","CHIOGGIA","36","474","33","F","","analitica","","","PVP sales 1 (1507605); Storica Analitica visura per immobile - Catasto Fabbricati."
"visura-storica","VE","CHIOGGIA","36","474","34","F","","analitica","","","PVP sales 1 (1507606); Storica Analitica visura per immobile - Catasto Fabbricati."
"visura-storica","VE","CHIOGGIA","36","600","11","F","","analitica","","","PVP sales 1 (1507617); Storica Analitica visura per immobile - Catasto Fabbricati."
"visura-storica","VE","CHIOGGIA","36","713","12","F","","analitica","","","PVP sales 1 (2095549); Storica Analitica visura per immobile - Catasto Fabbricati."
"visura-storica","VE","CHIOGGIA","36","713","3","F","","analitica","","","PVP sales 1 (2095549); Storica Analitica visura per immobile - Catasto Fabbricati."
"visura-storica","VE","CHIOGGIA","37","1007","5","F","","analitica","","","PVP sales 1 (4545500); Storica Analitica visura per immobile - Catasto Fabbricati."
"visura-storica","VE","CHIOGGIA","37","699","2","F","","analitica","","","PVP sales 1 (1507511); Storica Analitica visura per immobile - Catasto Fabbricati."
"visura-storica","VE","CHIOGGIA","37","82","35","F","","analitica","","","PVP sales 1 (2067628); Storica Analitica visura per immobile - Catasto Fabbricati."
"visura-storica","VE","CHIOGGIA","37","886","11","F","","analitica","","","PVP sales 1 (958828); Storica Analitica visura per immobile - Catasto Fabbricati."
"visura-storica","VE","CHIOGGIA","37","896","6","F","","analitica","","","PVP sales 1 (960925); Storica Analitica visura per immobile - Catasto Fabbricati."
"visura-storica","VE","CHIOGGIA","37","896","7","F","","analitica","","","PVP sales 1 (960925); Storica Analitica visura per immobile - Catasto Fabbricati."
"visura-storica","VE","CHIOGGIA","37","96","11","F","","analitica","","","PVP sales 1 (260772); Storica Analitica visura per immobile - Catasto Fabbricati."
"visura-storica","VE","CHIOGGIA","37","96","17","F","","analitica","","","PVP sales 1 (260772); Storica Analitica visura per immobile - Catasto Fabbricati."
"visura-storica","VE","CHIOGGIA","38","2002","","F","","analitica","","","PVP sales 1 (2185765); Storica Analitica visura per immobile - Catasto Fabbricati."
"visura-storica","VE","CHIOGGIA","38","2002","","T","","analitica","","","PVP sales 1 (2185765); Storica Analitica visura per immobile - Catasto Terreni."
"visura-storica","VE","CHIOGGIA","38","55","3","F","","analitica","","","PVP sales 4 (551936,657102,862842,1070494); Storica Analitica visura per immobile - Catasto Fabbricati."
"visura-storica","VE","CHIOGGIA","39","1328","21","F","","analitica","","","PVP sales 1 (1472307); Storica Analitica visura per immobile - Catasto Fabbricati."
"visura-storica","VE","CHIOGGIA","39","1330","12","F","","analitica","","","PVP sales 1 (1435545); Storica Analitica visura per immobile - Catasto Fabbricati."
"visura-storica","VE","CHIOGGIA","39","1630","","F","","analitica","","","PVP sales 1 (549051); Storica Analitica visura per immobile - Catasto Fabbricati."
"visura-storica","VE","CHIOGGIA","39","1630","","T","","analitica","","","PVP sales 1 (549051); Storica Analitica visura per immobile - Catasto Terreni."
"visura-storica","VE","CHIOGGIA","39","1707","28","F","","analitica","","","PVP sales 1 (1681880); Storica Analitica visura per immobile - Catasto Fabbricati."
"visura-storica","VE","CHIOGGIA","39","1707","6","F","","analitica","","","PVP sales 1 (1681880); Storica Analitica visura per immobile - Catasto Fabbricati."
"visura-storica","VE","CHIOGGIA","39","32","7","F","","analitica","","","PVP sales 1 (2173023); Storica Analitica visura per immobile - Catasto Fabbricati."
"visura-storica","VE","CHIOGGIA","39","32","8","F","","analitica","","","PVP sales 1 (2173023); Storica Analitica visura per immobile - Catasto Fabbricati."
"visura-storica","VE","CHIOGGIA","39","351","3","F","","analitica","","","PVP sales 1 (549051); Storica Analitica visura per immobile - Catasto Fabbricati."
"visura-storica","VE","CHIOGGIA","39","456","37","F","","analitica","","","PVP sales 2 (4511579,4523877); Storica Analitica visura per immobile - Catasto Fabbricati."
"visura-storica","VE","CHIOGGIA","39","456","56","F","","analitica","","","PVP sales 2 (4511579,4523877); Storica Analitica visura per immobile - Catasto Fabbricati."
"visura-storica","VE","CHIOGGIA","40","1106","38","F","","analitica","","","PVP sales 1 (4544304); Storica Analitica visura per immobile - Catasto Fabbricati."
"visura-storica","VE","CHIOGGIA","40","1106","72","F","","analitica","","","PVP sales 1 (4544304); Storica Analitica visura per immobile - Catasto Fabbricati."
"visura-storica","VE","CHIOGGIA","40","1796","54","F","","analitica","","","PVP sales 1 (977064); Storica Analitica visura per immobile - Catasto Fabbricati."
"visura-storica","VE","CHIOGGIA","40","478","1","F","","analitica","","","PVP sales 2 (477650,666882); Storica Analitica visura per immobile - Catasto Fabbricati."
"visura-storica","VE","CHIOGGIA","40","626","","F","","analitica","","","PVP sales 1 (510249); Storica Analitica visura per immobile - Catasto Fabbricati."
"visura-storica","VE","CHIOGGIA","40","626","65","F","","analitica","","","PVP sales 1 (1459194); Storica Analitica visura per immobile - Catasto Fabbricati."
"visura-storica","VE","CHIOGGIA","40","866","57","F","","analitica","","","PVP sales 1 (4247795); Storica Analitica visura per immobile - Catasto Fabbricati."
"visura-storica","VE","CHIOGGIA","40","866","69","F","","analitica","","","PVP sales 1 (4247795); Storica Analitica visura per immobile - Catasto Fabbricati."
"visura-storica","VE","CHIOGGIA","40","866","70","F","","analitica","","","PVP sales 1 (4247795); Storica Analitica visura per immobile - Catasto Fabbricati."
"visura-storica","VE","CHIOGGIA","40","866","80","F","","analitica","","","PVP sales 1 (4247795); Storica Analitica visura per immobile - Catasto Fabbricati."
"visura-storica","VE","CHIOGGIA","41","138","","F","","analitica","","","PVP sales 2 (960907,1180699); Storica Analitica visura per immobile - Catasto Fabbricati."
"visura-storica","VE","CHIOGGIA","41","138","","T","","analitica","","","PVP sales 2 (960907,1180699); Storica Analitica visura per immobile - Catasto Terreni."
"visura-storica","VE","CHIOGGIA","42","623","","F","","analitica","","","PVP sales 1 (4455126); Storica Analitica visura per immobile - Catasto Fabbricati."
"visura-storica","VE","CHIOGGIA","42","623","","T","","analitica","","","PVP sales 1 (4455126); Storica Analitica visura per immobile - Catasto Terreni."
"visura-storica","VE","CHIOGGIA","49","188","3","F","","analitica","","","PVP sales 1 (2225318); Storica Analitica visura per immobile - Catasto Fabbricati."
"visura-storica","VE","CHIOGGIA","49","188","4","F","","analitica","","","PVP sales 1 (2225318); Storica Analitica visura per immobile - Catasto Fabbricati."
"visura-storica","VE","CHIOGGIA","49","188","5","F","","analitica","","","PVP sales 1 (2225318); Storica Analitica visura per immobile - Catasto Fabbricati."
"visura-storica","VE","CHIOGGIA","54","446","","F","","analitica","","","PVP sales 1 (2050036); Storica Analitica visura per immobile - Catasto Fabbricati."
"visura-storica","VE","CHIOGGIA","54","446","","T","","analitica","","","PVP sales 1 (2050036); Storica Analitica visura per immobile - Catasto Terreni."
"visura-storica","VE","CHIOGGIA","55","101","","F","","analitica","","","PVP sales 3 (4268353,4454380,4510551); Storica Analitica visura per immobile - Catasto Fabbricati."
"visura-storica","VE","CHIOGGIA","55","101","","T","","analitica","","","PVP sales 3 (4268353,4454380,4510551); Storica Analitica visura per immobile - Catasto Terreni."
"visura-storica","VE","CHIOGGIA","55","245","","F","","analitica","","","PVP sales 1 (402114); Storica Analitica visura per immobile - Catasto Fabbricati."
"visura-storica","VE","CHIOGGIA","55","245","","T","","analitica","","","PVP sales 1 (402114); Storica Analitica visura per immobile - Catasto Terreni."
"visura-storica","VE","CHIOGGIA","55","501","","F","","analitica","","","PVP sales 1 (4519232); Storica Analitica visura per immobile - Catasto Fabbricati."
"visura-storica","VE","CHIOGGIA","55","501","","T","","analitica","","","PVP sales 1 (4519232); Storica Analitica visura per immobile - Catasto Terreni."
"visura-storica","VE","CHIOGGIA","55","502","","F","","analitica","","","PVP sales 1 (4519232); Storica Analitica visura per immobile - Catasto Fabbricati."
"visura-storica","VE","CHIOGGIA","55","502","","T","","analitica","","","PVP sales 1 (4519232); Storica Analitica visura per immobile - Catasto Terreni."
"visura-storica","VE","CHIOGGIA","55","79","","F","","analitica","","","PVP sales 1 (402114); Storica Analitica visura per immobile - Catasto Fabbricati."
"visura-storica","VE","CHIOGGIA","55","79","","T","","analitica","","","PVP sales 1 (402114); Storica Analitica visura per immobile - Catasto Terreni."
"visura-storica","VE","CHIOGGIA","58","293","114","F","","analitica","","","PVP sales 2 (4417851,4477908); Storica Analitica visura per immobile - Catasto Fabbricati."
"visura-storica","VE","CHIOGGIA","58","293","137","F","","analitica","","","PVP sales 2 (4417851,4477908); Storica Analitica visura per immobile - Catasto Fabbricati."
"visura-storica","VE","CHIOGGIA","58","701","93","F","","analitica","","","PVP sales 4 (389062,595723,826299,958920); Storica Analitica visura per immobile - Catasto Fabbricati."
"visura-storica","VE","CHIOGGIA","58","701","94","F","","analitica","","","PVP sales 4 (389095,595738,826362,958925); Storica Analitica visura per immobile - Catasto Fabbricati."
"visura-storica","VE","CHIOGGIA","58","982","1","F","","analitica","","","PVP sales 2 (328335,504670); Storica Analitica visura per immobile - Catasto Fabbricati."
"visura-storica","VE","CHIOGGIA","58","982","116","F","","analitica","","","PVP sales 2 (328335,504670); Storica Analitica visura per immobile - Catasto Fabbricati."
"visura-storica","VE","CHIOGGIA","58","982","126","F","","analitica","","","PVP sales 2 (328335,504670); Storica Analitica visura per immobile - Catasto Fabbricati."
"visura-storica","VE","CHIOGGIA","58","986","","F","","analitica","","","PVP sales 1 (2135917); Storica Analitica visura per immobile - Catasto Fabbricati."
"visura-storica","VE","CHIOGGIA","58","986","","T","","analitica","","","PVP sales 1 (2135917); Storica Analitica visura per immobile - Catasto Terreni."
"visura-storica","VE","CHIOGGIA","58","986","2","F","","analitica","","","PVP sales 1 (2135917); Storica Analitica visura per immobile - Catasto Fabbricati."
"visura-storica","VE","CHIOGGIA","58","986","4","F","","analitica","","","PVP sales 1 (2135917); Storica Analitica visura per immobile - Catasto Fabbricati."
"visura-storica","VE","CHIOGGIA","59","2209","","F","","analitica","","","PVP sales 1 (2225323); Storica Analitica visura per immobile - Catasto Fabbricati."
"visura-storica","VE","CHIOGGIA","59","2209","","T","","analitica","","","PVP sales 1 (2225323); Storica Analitica visura per immobile - Catasto Terreni."
"visura-storica","VE","CHIOGGIA","63","529","","F","","analitica","","","PVP sales 1 (961302); Storica Analitica visura per immobile - Catasto Fabbricati."
"visura-storica","VE","CHIOGGIA","63","529","","T","","analitica","","","PVP sales 1 (961302); Storica Analitica visura per immobile - Catasto Terreni."
"visura-storica","VE","CHIOGGIA","63","530","","F","","analitica","","","PVP sales 1 (961316); Storica Analitica visura per immobile - Catasto Fabbricati."
"visura-storica","VE","CHIOGGIA","63","530","","T","","analitica","","","PVP sales 1 (961316); Storica Analitica visura per immobile - Catasto Terreni."
"visura-storica","VE","CHIOGGIA","63","531","","F","","analitica","","","PVP sales 1 (965072); Storica Analitica visura per immobile - Catasto Fabbricati."
"visura-storica","VE","CHIOGGIA","63","531","","T","","analitica","","","PVP sales 1 (965072); Storica Analitica visura per immobile - Catasto Terreni."
"visura-storica","VE","CHIOGGIA","63","532","","F","","analitica","","","PVP sales 2 (965131,1106667); Storica Analitica visura per immobile - Catasto Fabbricati."
"visura-storica","VE","CHIOGGIA","63","532","","T","","analitica","","","PVP sales 2 (965131,1106667); Storica Analitica visura per immobile - Catasto Terreni."
"visura-storica","VE","CHIOGGIA","63","534","2","F","","analitica","","","PVP sales 1 (960792); Storica Analitica visura per immobile - Catasto Fabbricati."
"visura-storica","VE","CHIOGGIA","63","545","","F","","analitica","","","PVP sales 4 (4227568,4418140,4474048,4517250); Storica Analitica visura per immobile - Catasto Fabbricati."
"visura-storica","VE","CHIOGGIA","63","545","","T","","analitica","","","PVP sales 4 (4227568,4418140,4474048,4517250); Storica Analitica visura per immobile - Catasto Terreni."
"visura-storica","VE","CHIOGGIA","65","148","","F","","analitica","","","PVP sales 1 (4439974); Storica Analitica visura per immobile - Catasto Fabbricati."
"visura-storica","VE","CHIOGGIA","65","148","","T","","analitica","","","PVP sales 1 (4439974); Storica Analitica visura per immobile - Catasto Terreni."
"visura-storica","VE","CHIOGGIA","65","317","","F","","analitica","","","PVP sales 1 (4439974); Storica Analitica visura per immobile - Catasto Fabbricati."
"visura-storica","VE","CHIOGGIA","65","317","","T","","analitica","","","PVP sales 1 (4439974); Storica Analitica visura per immobile - Catasto Terreni."
"visura-storica","VE","CHIOGGIA","65","319","","F","","analitica","","","PVP sales 1 (4439974); Storica Analitica visura per immobile - Catasto Fabbricati."
"visura-storica","VE","CHIOGGIA","65","319","","T","","analitica","","","PVP sales 1 (4439974); Storica Analitica visura per immobile - Catasto Terreni."
"visura-storica","VE","CHIOGGIA","66","106","","F","","analitica","","","PVP sales 1 (4504090); Storica Analitica visura per immobile - Catasto Fabbricati."
"visura-storica","VE","CHIOGGIA","66","106","","T","","analitica","","","PVP sales 1 (4504090); Storica Analitica visura per immobile - Catasto Terreni."
"visura-storica","VE","CHIOGGIA","67","350","5","F","","analitica","","","PVP sales 1 (621737); Storica Analitica visura per immobile - Catasto Fabbricati."
"visura-storica","VE","CHIOGGIA","67","360","9","F","","analitica","","","PVP sales 1 (621737); Storica Analitica visura per immobile - Catasto Fabbricati."
"visura-storica","VE","CHIOGGIA","69","1032","","F","","analitica","","","PVP sales 1 (4439945); Storica Analitica visura per immobile - Catasto Fabbricati."
"visura-storica","VE","CHIOGGIA","69","1032","","T","","analitica","","","PVP sales 1 (4439945); Storica Analitica visura per immobile - Catasto Terreni."
"visura-storica","VE","CHIOGGIA","69","1381","4","F","","analitica","","","PVP sales 2 (328411,506103); Storica Analitica visura per immobile - Catasto Fabbricati."
"visura-storica","VE","CHIOGGIA","69","1381","7","F","","analitica","","","PVP sales 2 (328411,506103); Storica Analitica visura per immobile - Catasto Fabbricati."
"visura-storica","VE","CHIOGGIA","69","1551","","F","","analitica","","","PVP sales 1 (2178593); Storica Analitica visura per immobile - Catasto Fabbricati."
"visura-storica","VE","CHIOGGIA","69","1551","","T","","analitica","","","PVP sales 1 (2178593); Storica Analitica visura per immobile - Catasto Terreni."
"visura-storica","VE","CHIOGGIA","69","212","","F","","analitica","","","PVP sales 1 (2165959); Storica Analitica visura per immobile - Catasto Fabbricati."
"visura-storica","VE","CHIOGGIA","69","212","","T","","analitica","","","PVP sales 1 (2165959); Storica Analitica visura per immobile - Catasto Terreni."
"visura-storica","VE","CHIOGGIA","69","2233","","F","","analitica","","","PVP sales 1 (4227635); Storica Analitica visura per immobile - Catasto Fabbricati."
"visura-storica","VE","CHIOGGIA","69","2233","","T","","analitica","","","PVP sales 1 (4227635); Storica Analitica visura per immobile - Catasto Terreni."
"visura-storica","VE","CHIOGGIA","69","2324","","F","","analitica","","","PVP sales 1 (2178593); Storica Analitica visura per immobile - Catasto Fabbricati."
"visura-storica","VE","CHIOGGIA","69","2324","","T","","analitica","","","PVP sales 1 (2178593); Storica Analitica visura per immobile - Catasto Terreni."
"visura-storica","VE","CHIOGGIA","69","374","","F","","analitica","","","PVP sales 1 (4439945); Storica Analitica visura per immobile - Catasto Fabbricati."
"visura-storica","VE","CHIOGGIA","69","374","","T","","analitica","","","PVP sales 1 (4439945); Storica Analitica visura per immobile - Catasto Terreni."
"visura-storica","VE","CHIOGGIA","69","388","","F","","analitica","","","PVP sales 1 (4439945); Storica Analitica visura per immobile - Catasto Fabbricati."
"visura-storica","VE","CHIOGGIA","69","388","","T","","analitica","","","PVP sales 1 (4439945); Storica Analitica visura per immobile - Catasto Terreni."
"visura-storica","VE","CHIOGGIA","69","391","","F","","analitica","","","PVP sales 1 (4439945); Storica Analitica visura per immobile - Catasto Fabbricati."
"visura-storica","VE","CHIOGGIA","69","391","","T","","analitica","","","PVP sales 1 (4439945); Storica Analitica visura per immobile - Catasto Terreni."
"visura-storica","VE","CHIOGGIA","69","495","1","F","","analitica","","","PVP sales 2 (4413708,4468910); Storica Analitica visura per immobile - Catasto Fabbricati."
"visura-storica","VE","CHIOGGIA","69","495","2","F","","analitica","","","PVP sales 2 (4413708,4468910); Storica Analitica visura per immobile - Catasto Fabbricati."
"visura-storica","VE","CHIOGGIA","69","495","7","F","","analitica","","","PVP sales 2 (4413708,4468910); Storica Analitica visura per immobile - Catasto Fabbricati."
"visura-storica","VE","CHIOGGIA","69","962","","F","","analitica","","","PVP sales 1 (4439945); Storica Analitica visura per immobile - Catasto Fabbricati."
"visura-storica","VE","CHIOGGIA","69","962","","T","","analitica","","","PVP sales 1 (4439945); Storica Analitica visura per immobile - Catasto Terreni."
"visura-storica","VE","CHIOGGIA","75","118","","F","","analitica","","","PVP sales 1 (4541428); Storica Analitica visura per immobile - Catasto Fabbricati."
"visura-storica","VE","CHIOGGIA","75","118","","T","","analitica","","","PVP sales 1 (4541428); Storica Analitica visura per immobile - Catasto Terreni."
"visura-storica","VE","CHIOGGIA","76","25","29","F","","analitica","","","PVP sales 3 (2058309,2154747,2154751); Storica Analitica visura per immobile - Catasto Fabbricati."
"visura-storica","VE","CHIOGGIA","76","25","30","F","","analitica","","","PVP sales 3 (2058309,2154747,2154751); Storica Analitica visura per immobile - Catasto Fabbricati."
"visura-storica","VE","CHIOGGIA","76","25","31","F","","analitica","","","PVP sales 3 (2058334,2058363,2154604); Storica Analitica visura per immobile - Catasto Fabbricati."
"visura-storica","VE","CHIOGGIA","76","25","32","F","","analitica","","","PVP sales 3 (2058334,2058363,2154604); Storica Analitica visura per immobile - Catasto Fabbricati."
"visura-storica","VE","CHIOGGIA","76","25","33","F","","analitica","","","PVP sales 3 (2058367,2058429,2154609); Storica Analitica visura per immobile - Catasto Fabbricati."
"visura-storica","VE","CHIOGGIA","76","25","34","F","","analitica","","","PVP sales 3 (2058367,2058429,2154609); Storica Analitica visura per immobile - Catasto Fabbricati."
"visura-storica","VE","CHIOGGIA","76","25","41","F","","analitica","","","PVP sales 3 (2056726,2058449,2154613); Storica Analitica visura per immobile - Catasto Fabbricati."
"visura-storica","VE","CHIOGGIA","76","25","42","F","","analitica","","","PVP sales 3 (2056726,2058449,2154613); Storica Analitica visura per immobile - Catasto Fabbricati."
"visura-storica","VE","CHIOGGIA","76","25","43","F","","analitica","","","PVP sales 2 (2056727,2056731); Storica Analitica visura per immobile - Catasto Fabbricati."
"visura-storica","VE","CHIOGGIA","76","25","44","F","","analitica","","","PVP sales 2 (2056727,2056731); Storica Analitica visura per immobile - Catasto Fabbricati."
"visura-storica","VE","CHIOGGIA","82","427","","T","","analitica","","","PVP sales 1 (4541375); Storica Analitica visura per immobile - Catasto Terreni."
"visura-storica","VE","CHIOGGIA","82","429","","T","","analitica","","","PVP sales 1 (4541375); Storica Analitica visura per immobile - Catasto Terreni."
"visura-storica","VE","CHIOGGIA","82","434","1","F","","analitica","","","PVP sales 1 (4541375); Storica Analitica visura per immobile - Catasto Fabbricati."
"visura-storica","VE","CHIOGGIA","82","434","2","F","","analitica","","","PVP sales 1 (4541427); Storica Analitica visura per immobile - Catasto Fabbricati."
"visura-storica","VE","CHIOGGIA","82","478","","F","","analitica","","","PVP sales 1 (901903); Storica Analitica visura per immobile - Catasto Fabbricati."
"visura-storica","VE","CHIOGGIA","82","478","","T","","analitica","","","PVP sales 1 (901903); Storica Analitica visura per immobile - Catasto Terreni."
"visura-storica","VE","CHIOGGIA","82","539","","T","","analitica","","","PVP sales 1 (4541375); Storica Analitica visura per immobile - Catasto Terreni."
"visura-storica","VE","CHIOGGIA","55","3","","F","","analitica","678","","PVP sales 2 (4442676,4487487); Storica Analitica visura per immobile - Catasto Fabbricati."
"visura-storica","VE","CHIOGGIA","55","3","","T","","analitica","678","","PVP sales 2 (4442676,4487487); Storica Analitica visura per immobile - Catasto Terreni."
"visura-storica","VE","CINTO CAOMAGGIORE","10","436","3","F","","analitica","","","PVP sales 1 (4492112); Storica Analitica visura per immobile - Catasto Fabbricati."
"visura-storica","VE","CINTO CAOMAGGIORE","10","436","4","F","","analitica","","","PVP sales 1 (4492119); Storica Analitica visura per immobile - Catasto Fabbricati."
"visura-storica","VE","CINTO CAOMAGGIORE","10","436","5","F","","analitica","","","PVP sales 1 (4492127); Storica Analitica visura per immobile - Catasto Fabbricati."
"visura-storica","VE","CINTO CAOMAGGIORE","10","94","1","F","","analitica","","","PVP sales 1 (1904463); Storica Analitica visura per immobile - Catasto Fabbricati."
"visura-storica","VE","CINTO CAOMAGGIORE","11","113","","F","","analitica","","","PVP sales 1 (680503); Storica Analitica visura per immobile - Catasto Fabbricati."
"visura-storica","VE","CINTO CAOMAGGIORE","11","113","","T","","analitica","","","PVP sales 1 (680503); Storica Analitica visura per immobile - Catasto Terreni."
"visura-storica","VE","CINTO CAOMAGGIORE","11","348","","F","","analitica","","","PVP sales 1 (680503); Storica Analitica visura per immobile - Catasto Fabbricati."
"visura-storica","VE","CINTO CAOMAGGIORE","11","348","","T","","analitica","","","PVP sales 1 (680503); Storica Analitica visura per immobile - Catasto Terreni."
"visura-storica","VE","CINTO CAOMAGGIORE","11","350","1","F","","analitica","","","PVP sales 1 (680503); Storica Analitica visura per immobile - Catasto Fabbricati."
"visura-storica","VE","CINTO CAOMAGGIORE","11","81","","F","","analitica","","","PVP sales 1 (680503); Storica Analitica visura per immobile - Catasto Fabbricati."
"visura-storica","VE","CINTO CAOMAGGIORE","11","81","","T","","analitica","","","PVP sales 1 (680503); Storica Analitica visura per immobile - Catasto Terreni."
"visura-storica","VE","CINTO CAOMAGGIORE","11","86","","F","","analitica","","","PVP sales 1 (680503); Storica Analitica visura per immobile - Catasto Fabbricati."
"visura-storica","VE","CINTO CAOMAGGIORE","11","86","","T","","analitica","","","PVP sales 1 (680503); Storica Analitica visura per immobile - Catasto Terreni."
"visura-storica","VE","CINTO CAOMAGGIORE","36","561","","F","","analitica","","","PVP sales 1 (680390); Storica Analitica visura per immobile - Catasto Fabbricati."
"visura-storica","VE","CINTO CAOMAGGIORE","36","561","","T","","analitica","","","PVP sales 1 (680390); Storica Analitica visura per immobile - Catasto Terreni."
"visura-storica","VE","CINTO CAOMAGGIORE","6","117","","F","","analitica","","","PVP sales 1 (2078490); Storica Analitica visura per immobile - Catasto Fabbricati."
"visura-storica","VE","CINTO CAOMAGGIORE","6","117","","T","","analitica","","","PVP sales 1 (2078490); Storica Analitica visura per immobile - Catasto Terreni."
"visura-storica","VE","CINTO CAOMAGGIORE","6","561","","F","","analitica","","","PVP sales 1 (680390); Storica Analitica visura per immobile - Catasto Fabbricati."
"visura-storica","VE","CINTO CAOMAGGIORE","6","561","","T","","analitica","","","PVP sales 1 (680390); Storica Analitica visura per immobile - Catasto Terreni."
"visura-storica","VE","CINTO CAOMAGGIORE","6","564","","F","","analitica","","","PVP sales 1 (680390); Storica Analitica visura per immobile - Catasto Fabbricati."
"visura-storica","VE","CINTO CAOMAGGIORE","6","564","","T","","analitica","","","PVP sales 1 (680390); Storica Analitica visura per immobile - Catasto Terreni."
"visura-storica","VE","CINTO CAOMAGGIORE","6","564","2","F","","analitica","","","PVP sales 1 (680390); Storica Analitica visura per immobile - Catasto Fabbricati."
"visura-storica","VE","CINTO CAOMAGGIORE","6","570","2","F","","analitica","","","PVP sales 1 (680390); Storica Analitica visura per immobile - Catasto Fabbricati."
"visura-storica","VE","CINTO CAOMAGGIORE","6","820","","F","","analitica","","","PVP sales 3 (2150064,4231292,4257974); Storica Analitica visura per immobile - Catasto Fabbricati."
"visura-storica","VE","CINTO CAOMAGGIORE","6","820","","T","","analitica","","","PVP sales 3 (2150064,4231292,4257974); Storica Analitica visura per immobile - Catasto Terreni."
"visura-storica","VE","CINTO CAOMAGGIORE","6","820","898","F","","analitica","","","PVP sales 2 (2115893,2255361); Storica Analitica visura per immobile - Catasto Fabbricati."
"visura-storica","VE","CINTO CAOMAGGIORE","6","822","","F","","analitica","","","PVP sales 1 (2150064); Storica Analitica visura per immobile - Catasto Fabbricati."
"visura-storica","VE","CINTO CAOMAGGIORE","6","822","","T","","analitica","","","PVP sales 1 (2150064); Storica Analitica visura per immobile - Catasto Terreni."
"visura-storica","VE","CINTO CAOMAGGIORE","6","822","898","F","","analitica","","","PVP sales 2 (2115893,2255361); Storica Analitica visura per immobile - Catasto Fabbricati."
"visura-storica","VE","CINTO CAOMAGGIORE","6","823","","F","","analitica","","","PVP sales 1 (2150064); Storica Analitica visura per immobile - Catasto Fabbricati."
"visura-storica","VE","CINTO CAOMAGGIORE","6","823","","T","","analitica","","","PVP sales 1 (2150064); Storica Analitica visura per immobile - Catasto Terreni."
"visura-storica","VE","CINTO CAOMAGGIORE","6","823","898","F","","analitica","","","PVP sales 2 (2115893,2255361); Storica Analitica visura per immobile - Catasto Fabbricati."
"visura-storica","VE","CINTO CAOMAGGIORE","6","825","","F","","analitica","","","PVP sales 1 (2150064); Storica Analitica visura per immobile - Catasto Fabbricati."
"visura-storica","VE","CINTO CAOMAGGIORE","6","825","","T","","analitica","","","PVP sales 1 (2150064); Storica Analitica visura per immobile - Catasto Terreni."
"visura-storica","VE","CINTO CAOMAGGIORE","6","825","898","F","","analitica","","","PVP sales 2 (2115893,2255361); Storica Analitica visura per immobile - Catasto Fabbricati."
"visura-storica","VE","CINTO CAOMAGGIORE","6","831","","F","","analitica","","","PVP sales 1 (2150064); Storica Analitica visura per immobile - Catasto Fabbricati."
"visura-storica","VE","CINTO CAOMAGGIORE","6","831","","T","","analitica","","","PVP sales 1 (2150064); Storica Analitica visura per immobile - Catasto Terreni."
"visura-storica","VE","CINTO CAOMAGGIORE","6","831","898","F","","analitica","","","PVP sales 2 (2115893,2255361); Storica Analitica visura per immobile - Catasto Fabbricati."
"visura-storica","VE","CINTO CAOMAGGIORE","6","832","","F","","analitica","","","PVP sales 1 (2150064); Storica Analitica visura per immobile - Catasto Fabbricati."
"visura-storica","VE","CINTO CAOMAGGIORE","6","832","","T","","analitica","","","PVP sales 1 (2150064); Storica Analitica visura per immobile - Catasto Terreni."
"visura-storica","VE","CINTO CAOMAGGIORE","6","832","898","F","","analitica","","","PVP sales 2 (2115893,2255361); Storica Analitica visura per immobile - Catasto Fabbricati."
"visura-storica","VE","CINTO CAOMAGGIORE","6","835","","F","","analitica","","","PVP sales 1 (2150064); Storica Analitica visura per immobile - Catasto Fabbricati."
"visura-storica","VE","CINTO CAOMAGGIORE","6","835","","T","","analitica","","","PVP sales 1 (2150064); Storica Analitica visura per immobile - Catasto Terreni."
"visura-storica","VE","CINTO CAOMAGGIORE","6","835","898","F","","analitica","","","PVP sales 2 (2115893,2255361); Storica Analitica visura per immobile - Catasto Fabbricati."
"visura-storica","VE","CINTO CAOMAGGIORE","6","852","","F","","analitica","","","PVP sales 6 (2116012,2150067,2183151,2255368,4231294 +1 more); Storica Analitica visura per immobile - Catasto Fabbricati."
"visura-storica","VE","CINTO CAOMAGGIORE","6","852","","T","","analitica","","","PVP sales 6 (2116012,2150067,2183151,2255368,4231294 +1 more); Storica Analitica visura per immobile - Catasto Terreni."
"visura-storica","VE","CINTO CAOMAGGIORE","6","853","","F","","analitica","","","PVP sales 4 (2116012,2150067,2183151,2255368); Storica Analitica visura per immobile - Catasto Fabbricati."
"visura-storica","VE","CINTO CAOMAGGIORE","6","853","","T","","analitica","","","PVP sales 4 (2116012,2150067,2183151,2255368); Storica Analitica visura per immobile - Catasto Terreni."
"visura-storica","VE","CINTO CAOMAGGIORE","6","854","","F","","analitica","","","PVP sales 4 (2116012,2150067,2183151,2255368); Storica Analitica visura per immobile - Catasto Fabbricati."
"visura-storica","VE","CINTO CAOMAGGIORE","6","854","","T","","analitica","","","PVP sales 4 (2116012,2150067,2183151,2255368); Storica Analitica visura per immobile - Catasto Terreni."
"visura-storica","VE","CINTO CAOMAGGIORE","6","855","","F","","analitica","","","PVP sales 4 (2116012,2150067,2183151,2255368); Storica Analitica visura per immobile - Catasto Fabbricati."
"visura-storica","VE","CINTO CAOMAGGIORE","6","855","","T","","analitica","","","PVP sales 4 (2116012,2150067,2183151,2255368); Storica Analitica visura per immobile - Catasto Terreni."
"visura-storica","VE","CINTO CAOMAGGIORE","6","856","","F","","analitica","","","PVP sales 4 (2116012,2150067,2183151,2255368); Storica Analitica visura per immobile - Catasto Fabbricati."
"visura-storica","VE","CINTO CAOMAGGIORE","6","856","","T","","analitica","","","PVP sales 4 (2116012,2150067,2183151,2255368); Storica Analitica visura per immobile - Catasto Terreni."
"visura-storica","VE","CINTO CAOMAGGIORE","6","857","","F","","analitica","","","PVP sales 4 (2116012,2150067,2183151,2255368); Storica Analitica visura per immobile - Catasto Fabbricati."
"visura-storica","VE","CINTO CAOMAGGIORE","6","857","","T","","analitica","","","PVP sales 4 (2116012,2150067,2183151,2255368); Storica Analitica visura per immobile - Catasto Terreni."
"visura-storica","VE","CINTO CAOMAGGIORE","6","858","","F","","analitica","","","PVP sales 4 (2116012,2150067,2183151,2255368); Storica Analitica visura per immobile - Catasto Fabbricati."
"visura-storica","VE","CINTO CAOMAGGIORE","6","858","","T","","analitica","","","PVP sales 4 (2116012,2150067,2183151,2255368); Storica Analitica visura per immobile - Catasto Terreni."
"visura-storica","VE","CINTO CAOMAGGIORE","7","29","","F","","analitica","","","PVP sales 1 (4490063); Storica Analitica visura per immobile - Catasto Fabbricati."
"visura-storica","VE","CINTO CAOMAGGIORE","7","29","","T","","analitica","","","PVP sales 1 (4490063); Storica Analitica visura per immobile - Catasto Terreni."
"visura-storica","VE","CINTO CAOMAGGIORE","7","29","8","F","","analitica","","","PVP sales 1 (4490063); Storica Analitica visura per immobile - Catasto Fabbricati."
"visura-storica","VE","CONA","14","194","","F","","analitica","","","PVP sales 1 (4244915); Storica Analitica visura per immobile - Catasto Fabbricati."
"visura-storica","VE","CONA","14","194","","T","","analitica","","","PVP sales 1 (4244915); Storica Analitica visura per immobile - Catasto Terreni."
"visura-storica","VE","CONA","14","215","","F","","analitica","","","PVP sales 1 (4244915); Storica Analitica visura per immobile - Catasto Fabbricati."
"visura-storica","VE","CONA","14","215","","T","","analitica","","","PVP sales 1 (4244915); Storica Analitica visura per immobile - Catasto Terreni."
"visura-storica","VE","CONA","14","216","","F","","analitica","","","PVP sales 1 (4244915); Storica Analitica visura per immobile - Catasto Fabbricati."
"visura-storica","VE","CONA","14","216","","T","","analitica","","","PVP sales 1 (4244915); Storica Analitica visura per immobile - Catasto Terreni."
"visura-storica","VE","CONA","14","217","","F","","analitica","","","PVP sales 1 (4244915); Storica Analitica visura per immobile - Catasto Fabbricati."
"visura-storica","VE","CONA","14","217","","T","","analitica","","","PVP sales 1 (4244915); Storica Analitica visura per immobile - Catasto Terreni."
"visura-storica","VE","CONA","14","218","","F","","analitica","","","PVP sales 1 (4244915); Storica Analitica visura per immobile - Catasto Fabbricati."
"visura-storica","VE","CONA","14","218","","T","","analitica","","","PVP sales 1 (4244915); Storica Analitica visura per immobile - Catasto Terreni."
"visura-storica","VE","CONA","14","219","","F","","analitica","","","PVP sales 1 (4244915); Storica Analitica visura per immobile - Catasto Fabbricati."
"visura-storica","VE","CONA","14","219","","T","","analitica","","","PVP sales 1 (4244915); Storica Analitica visura per immobile - Catasto Terreni."
"visura-storica","VE","CONA","14","220","","F","","analitica","","","PVP sales 1 (4244915); Storica Analitica visura per immobile - Catasto Fabbricati."
"visura-storica","VE","CONA","14","220","","T","","analitica","","","PVP sales 1 (4244915); Storica Analitica visura per immobile - Catasto Terreni."
"visura-storica","VE","CONA","16","210","","F","","analitica","","","PVP sales 1 (2146662); Storica Analitica visura per immobile - Catasto Fabbricati."
"visura-storica","VE","CONA","16","210","","T","","analitica","","","PVP sales 1 (2146662); Storica Analitica visura per immobile - Catasto Terreni."
"visura-storica","VE","CONA","16","210","11","F","","analitica","","","PVP sales 1 (4543460); Storica Analitica visura per immobile - Catasto Fabbricati."
"visura-storica","VE","CONA","16","210","2","F","","analitica","","","PVP sales 1 (2076658); Storica Analitica visura per immobile - Catasto Fabbricati."
"visura-storica","VE","CONA","16","210","4","F","","analitica","","","PVP sales 1 (4543460); Storica Analitica visura per immobile - Catasto Fabbricati."
"visura-storica","VE","CONA","16","210","5","F","","analitica","","","PVP sales 1 (4543460); Storica Analitica visura per immobile - Catasto Fabbricati."
"visura-storica","VE","CONA","16","412","","F","","analitica","","","PVP sales 1 (4244915); Storica Analitica visura per immobile - Catasto Fabbricati."
"visura-storica","VE","CONA","16","412","","T","","analitica","","","PVP sales 1 (4244915); Storica Analitica visura per immobile - Catasto Terreni."
"visura-storica","VE","CONA","16","413","","F","","analitica","","","PVP sales 1 (4244915); Storica Analitica visura per immobile - Catasto Fabbricati."
"visura-storica","VE","CONA","16","413","","T","","analitica","","","PVP sales 1 (4244915); Storica Analitica visura per immobile - Catasto Terreni."
"visura-storica","VE","CONA","16","414","","F","","analitica","","","PVP sales 1 (4244915); Storica Analitica visura per immobile - Catasto Fabbricati."
"visura-storica","VE","CONA","16","414","","T","","analitica","","","PVP sales 1 (4244915); Storica Analitica visura per immobile - Catasto Terreni."
"visura-storica","VE","CONA","16","415","","F","","analitica","","","PVP sales 1 (4244915); Storica Analitica visura per immobile - Catasto Fabbricati."
"visura-storica","VE","CONA","16","415","","T","","analitica","","","PVP sales 1 (4244915); Storica Analitica visura per immobile - Catasto Terreni."
"visura-storica","VE","CONA","16","416","","F","","analitica","","","PVP sales 1 (4244915); Storica Analitica visura per immobile - Catasto Fabbricati."
"visura-storica","VE","CONA","16","416","","T","","analitica","","","PVP sales 1 (4244915); Storica Analitica visura per immobile - Catasto Terreni."
"visura-storica","VE","CONA","16","417","","F","","analitica","","","PVP sales 1 (4244915); Storica Analitica visura per immobile - Catasto Fabbricati."
"visura-storica","VE","CONA","16","417","","T","","analitica","","","PVP sales 1 (4244915); Storica Analitica visura per immobile - Catasto Terreni."
"visura-storica","VE","CONA","16","418","","F","","analitica","","","PVP sales 1 (4244915); Storica Analitica visura per immobile - Catasto Fabbricati."
"visura-storica","VE","CONA","16","418","","T","","analitica","","","PVP sales 1 (4244915); Storica Analitica visura per immobile - Catasto Terreni."
"visura-storica","VE","CONA","16","420","","F","","analitica","","","PVP sales 1 (4244915); Storica Analitica visura per immobile - Catasto Fabbricati."
"visura-storica","VE","CONA","16","420","","T","","analitica","","","PVP sales 1 (4244915); Storica Analitica visura per immobile - Catasto Terreni."
"visura-storica","VE","CONA","16","422","","F","","analitica","","","PVP sales 1 (4244915); Storica Analitica visura per immobile - Catasto Fabbricati."
"visura-storica","VE","CONA","16","422","","T","","analitica","","","PVP sales 1 (4244915); Storica Analitica visura per immobile - Catasto Terreni."
"visura-storica","VE","CONA","16","423","","F","","analitica","","","PVP sales 1 (4244915); Storica Analitica visura per immobile - Catasto Fabbricati."
"visura-storica","VE","CONA","16","423","","T","","analitica","","","PVP sales 1 (4244915); Storica Analitica visura per immobile - Catasto Terreni."
"visura-storica","VE","CONA","16","424","","F","","analitica","","","PVP sales 1 (4244915); Storica Analitica visura per immobile - Catasto Fabbricati."
"visura-storica","VE","CONA","16","424","","T","","analitica","","","PVP sales 1 (4244915); Storica Analitica visura per immobile - Catasto Terreni."
"visura-storica","VE","CONA","16","425","","F","","analitica","","","PVP sales 1 (4244915); Storica Analitica visura per immobile - Catasto Fabbricati."
"visura-storica","VE","CONA","16","425","","T","","analitica","","","PVP sales 1 (4244915); Storica Analitica visura per immobile - Catasto Terreni."
"visura-storica","VE","CONA","16","427","","F","","analitica","","","PVP sales 1 (4244915); Storica Analitica visura per immobile - Catasto Fabbricati."
"visura-storica","VE","CONA","16","427","","T","","analitica","","","PVP sales 1 (4244915); Storica Analitica visura per immobile - Catasto Terreni."
"visura-storica","VE","CONA","16","429","","F","","analitica","","","PVP sales 1 (4244915); Storica Analitica visura per immobile - Catasto Fabbricati."
"visura-storica","VE","CONA","16","429","","T","","analitica","","","PVP sales 1 (4244915); Storica Analitica visura per immobile - Catasto Terreni."
"visura-storica","VE","CONA","16","433","","F","","analitica","","","PVP sales 1 (4244915); Storica Analitica visura per immobile - Catasto Fabbricati."
"visura-storica","VE","CONA","16","433","","T","","analitica","","","PVP sales 1 (4244915); Storica Analitica visura per immobile - Catasto Terreni."
"visura-storica","VE","CONA","16","434","","F","","analitica","","","PVP sales 1 (4244915); Storica Analitica visura per immobile - Catasto Fabbricati."
"visura-storica","VE","CONA","16","434","","T","","analitica","","","PVP sales 1 (4244915); Storica Analitica visura per immobile - Catasto Terreni."
"visura-storica","VE","CONA","16","440","","F","","analitica","","","PVP sales 1 (4244915); Storica Analitica visura per immobile - Catasto Fabbricati."
"visura-storica","VE","CONA","16","440","","T","","analitica","","","PVP sales 1 (4244915); Storica Analitica visura per immobile - Catasto Terreni."
"visura-storica","VE","CONA","16","445","","F","","analitica","","","PVP sales 1 (4244915); Storica Analitica visura per immobile - Catasto Fabbricati."
"visura-storica","VE","CONA","16","445","","T","","analitica","","","PVP sales 1 (4244915); Storica Analitica visura per immobile - Catasto Terreni."
"visura-storica","VE","CONA","16","582","12","F","","analitica","","","PVP sales 2 (1925623,2024536); Storica Analitica visura per immobile - Catasto Fabbricati."
"visura-storica","VE","CONA","16","582","13","F","","analitica","","","PVP sales 2 (1925652,2024543); Storica Analitica visura per immobile - Catasto Fabbricati."
"visura-storica","VE","CONA","16","582","16","F","","analitica","","","PVP sales 2 (1925653,2024544); Storica Analitica visura per immobile - Catasto Fabbricati."
"visura-storica","VE","CONA","16","582","17","F","","analitica","","","PVP sales 2 (1925654,2024547); Storica Analitica visura per immobile - Catasto Fabbricati."
"visura-storica","VE","CONA","16","582","18","F","","analitica","","","PVP sales 2 (1925655,2024752); Storica Analitica visura per immobile - Catasto Fabbricati."
"visura-storica","VE","CONA","16","582","4","F","","analitica","","","PVP sales 2 (1925623,2024536); Storica Analitica visura per immobile - Catasto Fabbricati."
"visura-storica","VE","CONA","16","582","5","F","","analitica","","","PVP sales 2 (1925652,2024543); Storica Analitica visura per immobile - Catasto Fabbricati."
"visura-storica","VE","CONA","16","582","7","F","","analitica","","","PVP sales 2 (1925653,2024544); Storica Analitica visura per immobile - Catasto Fabbricati."
"visura-storica","VE","CONA","16","582","8","F","","analitica","","","PVP sales 2 (1925654,2024547); Storica Analitica visura per immobile - Catasto Fabbricati."
"visura-storica","VE","CONA","16","582","9","F","","analitica","","","PVP sales 2 (1925655,2024752); Storica Analitica visura per immobile - Catasto Fabbricati."
"visura-storica","VE","CONA","16","592","2","F","","analitica","","","PVP sales 1 (286159); Storica Analitica visura per immobile - Catasto Fabbricati."
"visura-storica","VE","CONA","16","592","3","F","","analitica","","","PVP sales 1 (286159); Storica Analitica visura per immobile - Catasto Fabbricati."
"visura-storica","VE","CONA","2","142","1","F","","analitica","","","PVP sales 1 (2148655); Storica Analitica visura per immobile - Catasto Fabbricati."
"visura-storica","VE","CONA","2","142","2","F","","analitica","","","PVP sales 1 (2148655); Storica Analitica visura per immobile - Catasto Fabbricati."
"visura-storica","VE","CONA","2","142","3","F","","analitica","","","PVP sales 1 (2148655); Storica Analitica visura per immobile - Catasto Fabbricati."
"visura-storica","VE","CONA","2","144","","F","","analitica","","","PVP sales 1 (2148655); Storica Analitica visura per immobile - Catasto Fabbricati."
"visura-storica","VE","CONA","2","144","","T","","analitica","","","PVP sales 1 (2148655); Storica Analitica visura per immobile - Catasto Terreni."
"visura-storica","VE","CONA","2","154","","F","","analitica","","","PVP sales 1 (2148655); Storica Analitica visura per immobile - Catasto Fabbricati."
"visura-storica","VE","CONA","2","154","","T","","analitica","","","PVP sales 1 (2148655); Storica Analitica visura per immobile - Catasto Terreni."
"visura-storica","VE","CONA","21","132","","F","","analitica","","","PVP sales 1 (901656); Storica Analitica visura per immobile - Catasto Fabbricati."
"visura-storica","VE","CONA","21","132","","T","","analitica","","","PVP sales 1 (901656); Storica Analitica visura per immobile - Catasto Terreni."
"visura-storica","VE","CONA","6","335","","F","","analitica","","","PVP sales 3 (2104134,2194302,4237530); Storica Analitica visura per immobile - Catasto Fabbricati."
"visura-storica","VE","CONA","6","335","","T","","analitica","","","PVP sales 3 (2104134,2194302,4237530); Storica Analitica visura per immobile - Catasto Terreni."
"visura-storica","VE","CONA","6","335","11","F","","analitica","","","PVP sales 3 (2104134,2194302,4237530); Storica Analitica visura per immobile - Catasto Fabbricati."
"visura-storica","VE","CONA","7","184","12","F","","analitica","","","PVP sales 1 (901900); Storica Analitica visura per immobile - Catasto Fabbricati."
"visura-storica","VE","CONA","7","184","6","F","","analitica","","","PVP sales 1 (901900); Storica Analitica visura per immobile - Catasto Fabbricati."
"visura-storica","VE","CONA","8","76","1","F","","analitica","","","PVP sales 4 (547836,968487,1484354,1692421); Storica Analitica visura per immobile - Catasto Fabbricati."
"visura-storica","VE","CONA","9","126","1","F","","analitica","","","PVP sales 3 (2104135,2194319,4237561); Storica Analitica visura per immobile - Catasto Fabbricati."
"visura-storica","VE","CONA","9","126","2","F","","analitica","","","PVP sales 3 (2194325,4237562,4442925); Storica Analitica visura per immobile - Catasto Fabbricati."
"visura-storica","VE","CONA","9","126","3","F","","analitica","","","PVP sales 2 (2194330,4237601); Storica Analitica visura per immobile - Catasto Fabbricati."
"visura-storica","VE","CONA","9","126","4","F","","analitica","","","PVP sales 3 (2104138,2194336,4237603); Storica Analitica visura per immobile - Catasto Fabbricati."
"visura-storica","VE","CONA","9","43","","F","","analitica","","","PVP sales 2 (2065602,2103906); Storica Analitica visura per immobile - Catasto Fabbricati."
"visura-storica","VE","CONA","9","43","","T","","analitica","","","PVP sales 2 (2065602,2103906); Storica Analitica visura per immobile - Catasto Terreni."
"visura-storica","VE","CONCORDIA SAGITTARIA","1","1477","","F","","analitica","","","PVP sales 1 (848488); Storica Analitica visura per immobile - Catasto Fabbricati."
"visura-storica","VE","CONCORDIA SAGITTARIA","1","1477","","T","","analitica","","","PVP sales 1 (848488); Storica Analitica visura per immobile - Catasto Terreni."
"visura-storica","VE","CONCORDIA SAGITTARIA","1","1477","4","F","","analitica","","","PVP sales 1 (848488); Storica Analitica visura per immobile - Catasto Fabbricati."
"visura-storica","VE","CONCORDIA SAGITTARIA","1","1494","10","F","","analitica","","","PVP sales 1 (848488); Storica Analitica visura per immobile - Catasto Fabbricati."
"visura-storica","VE","CONCORDIA SAGITTARIA","1","1494","12","F","","analitica","","","PVP sales 1 (848488); Storica Analitica visura per immobile - Catasto Fabbricati."
"visura-storica","VE","CONCORDIA SAGITTARIA","1","1494","14","F","","analitica","","","PVP sales 1 (848488); Storica Analitica visura per immobile - Catasto Fabbricati."
"visura-storica","VE","CONCORDIA SAGITTARIA","1","1494","15","F","","analitica","","","PVP sales 1 (848488); Storica Analitica visura per immobile - Catasto Fabbricati."
"visura-storica","VE","CONCORDIA SAGITTARIA","1","1494","17","F","","analitica","","","PVP sales 1 (848488); Storica Analitica visura per immobile - Catasto Fabbricati."
"visura-storica","VE","CONCORDIA SAGITTARIA","1","1494","18","F","","analitica","","","PVP sales 1 (848488); Storica Analitica visura per immobile - Catasto Fabbricati."
"visura-storica","VE","CONCORDIA SAGITTARIA","1","1494","19","F","","analitica","","","PVP sales 1 (848488); Storica Analitica visura per immobile - Catasto Fabbricati."
"visura-storica","VE","CONCORDIA SAGITTARIA","1","1494","20","F","","analitica","","","PVP sales 1 (848488); Storica Analitica visura per immobile - Catasto Fabbricati."
"visura-storica","VE","CONCORDIA SAGITTARIA","1","1494","22","F","","analitica","","","PVP sales 1 (848488); Storica Analitica visura per immobile - Catasto Fabbricati."
"visura-storica","VE","CONCORDIA SAGITTARIA","1","1494","23","F","","analitica","","","PVP sales 1 (848488); Storica Analitica visura per immobile - Catasto Fabbricati."
"visura-storica","VE","CONCORDIA SAGITTARIA","1","1494","4","F","","analitica","","","PVP sales 1 (848488); Storica Analitica visura per immobile - Catasto Fabbricati."
"visura-storica","VE","CONCORDIA SAGITTARIA","1","1494","6","F","","analitica","","","PVP sales 1 (848488); Storica Analitica visura per immobile - Catasto Fabbricati."
"visura-storica","VE","CONCORDIA SAGITTARIA","1","1647","","F","","analitica","","","PVP sales 1 (848488); Storica Analitica visura per immobile - Catasto Fabbricati."
"visura-storica","VE","CONCORDIA SAGITTARIA","1","1647","","T","","analitica","","","PVP sales 1 (848488); Storica Analitica visura per immobile - Catasto Terreni."
"visura-storica","VE","CONCORDIA SAGITTARIA","1","1706","","F","","analitica","","","PVP sales 2 (572997,694594); Storica Analitica visura per immobile - Catasto Fabbricati."
"visura-storica","VE","CONCORDIA SAGITTARIA","1","1706","","T","","analitica","","","PVP sales 2 (572997,694594); Storica Analitica visura per immobile - Catasto Terreni."
"visura-storica","VE","CONCORDIA SAGITTARIA","1","1707","","F","","analitica","","","PVP sales 2 (572997,694594); Storica Analitica visura per immobile - Catasto Fabbricati."
"visura-storica","VE","CONCORDIA SAGITTARIA","1","1707","","T","","analitica","","","PVP sales 2 (572997,694594); Storica Analitica visura per immobile - Catasto Terreni."
"visura-storica","VE","CONCORDIA SAGITTARIA","1","1709","","F","","analitica","","","PVP sales 1 (694594); Storica Analitica visura per immobile - Catasto Fabbricati."
"visura-storica","VE","CONCORDIA SAGITTARIA","1","1709","","T","","analitica","","","PVP sales 1 (694594); Storica Analitica visura per immobile - Catasto Terreni."
"visura-storica","VE","CONCORDIA SAGITTARIA","1","1710","","F","","analitica","","","PVP sales 2 (572997,694594); Storica Analitica visura per immobile - Catasto Fabbricati."
"visura-storica","VE","CONCORDIA SAGITTARIA","1","1710","","T","","analitica","","","PVP sales 2 (572997,694594); Storica Analitica visura per immobile - Catasto Terreni."
"visura-storica","VE","CONCORDIA SAGITTARIA","1","1713","","F","","analitica","","","PVP sales 2 (572997,694594); Storica Analitica visura per immobile - Catasto Fabbricati."
"visura-storica","VE","CONCORDIA SAGITTARIA","1","1713","","T","","analitica","","","PVP sales 2 (572997,694594); Storica Analitica visura per immobile - Catasto Terreni."
"visura-storica","VE","CONCORDIA SAGITTARIA","1","1714","","F","","analitica","","","PVP sales 2 (572997,694594); Storica Analitica visura per immobile - Catasto Fabbricati."
"visura-storica","VE","CONCORDIA SAGITTARIA","1","1714","","T","","analitica","","","PVP sales 2 (572997,694594); Storica Analitica visura per immobile - Catasto Terreni."
"visura-storica","VE","CONCORDIA SAGITTARIA","1","1718","","F","","analitica","","","PVP sales 2 (572997,694594); Storica Analitica visura per immobile - Catasto Fabbricati."
"visura-storica","VE","CONCORDIA SAGITTARIA","1","1718","","T","","analitica","","","PVP sales 2 (572997,694594); Storica Analitica visura per immobile - Catasto Terreni."
"visura-storica","VE","CONCORDIA SAGITTARIA","1","1724","","F","","analitica","","","PVP sales 2 (572997,694594); Storica Analitica visura per immobile - Catasto Fabbricati."
"visura-storica","VE","CONCORDIA SAGITTARIA","1","1724","","T","","analitica","","","PVP sales 2 (572997,694594); Storica Analitica visura per immobile - Catasto Terreni."
"visura-storica","VE","CONCORDIA SAGITTARIA","1","1725","","F","","analitica","","","PVP sales 2 (572997,694594); Storica Analitica visura per immobile - Catasto Fabbricati."
"visura-storica","VE","CONCORDIA SAGITTARIA","1","1725","","T","","analitica","","","PVP sales 2 (572997,694594); Storica Analitica visura per immobile - Catasto Terreni."
"visura-storica","VE","CONCORDIA SAGITTARIA","1","1726","","F","","analitica","","","PVP sales 2 (572997,694594); Storica Analitica visura per immobile - Catasto Fabbricati."
"visura-storica","VE","CONCORDIA SAGITTARIA","1","1726","","T","","analitica","","","PVP sales 2 (572997,694594); Storica Analitica visura per immobile - Catasto Terreni."
"visura-storica","VE","CONCORDIA SAGITTARIA","1","1727","","F","","analitica","","","PVP sales 2 (572997,694594); Storica Analitica visura per immobile - Catasto Fabbricati."
"visura-storica","VE","CONCORDIA SAGITTARIA","1","1727","","T","","analitica","","","PVP sales 2 (572997,694594); Storica Analitica visura per immobile - Catasto Terreni."
"visura-storica","VE","CONCORDIA SAGITTARIA","1","1728","","F","","analitica","","","PVP sales 2 (572997,694594); Storica Analitica visura per immobile - Catasto Fabbricati."
"visura-storica","VE","CONCORDIA SAGITTARIA","1","1728","","T","","analitica","","","PVP sales 2 (572997,694594); Storica Analitica visura per immobile - Catasto Terreni."
"visura-storica","VE","CONCORDIA SAGITTARIA","1","1729","","F","","analitica","","","PVP sales 2 (572997,694594); Storica Analitica visura per immobile - Catasto Fabbricati."
"visura-storica","VE","CONCORDIA SAGITTARIA","1","1729","","T","","analitica","","","PVP sales 2 (572997,694594); Storica Analitica visura per immobile - Catasto Terreni."
"visura-storica","VE","CONCORDIA SAGITTARIA","1","1730","","F","","analitica","","","PVP sales 2 (572997,694594); Storica Analitica visura per immobile - Catasto Fabbricati."
"visura-storica","VE","CONCORDIA SAGITTARIA","1","1730","","T","","analitica","","","PVP sales 2 (572997,694594); Storica Analitica visura per immobile - Catasto Terreni."
"visura-storica","VE","CONCORDIA SAGITTARIA","1","1731","","F","","analitica","","","PVP sales 2 (572997,694594); Storica Analitica visura per immobile - Catasto Fabbricati."
"visura-storica","VE","CONCORDIA SAGITTARIA","1","1731","","T","","analitica","","","PVP sales 2 (572997,694594); Storica Analitica visura per immobile - Catasto Terreni."
"visura-storica","VE","CONCORDIA SAGITTARIA","1","1732","","F","","analitica","","","PVP sales 2 (572997,694594); Storica Analitica visura per immobile - Catasto Fabbricati."
"visura-storica","VE","CONCORDIA SAGITTARIA","1","1732","","T","","analitica","","","PVP sales 2 (572997,694594); Storica Analitica visura per immobile - Catasto Terreni."
"visura-storica","VE","CONCORDIA SAGITTARIA","1","1733","","F","","analitica","","","PVP sales 2 (572997,694594); Storica Analitica visura per immobile - Catasto Fabbricati."
"visura-storica","VE","CONCORDIA SAGITTARIA","1","1733","","T","","analitica","","","PVP sales 2 (572997,694594); Storica Analitica visura per immobile - Catasto Terreni."
"visura-storica","VE","CONCORDIA SAGITTARIA","1","1734","","F","","analitica","","","PVP sales 2 (572997,694594); Storica Analitica visura per immobile - Catasto Fabbricati."
"visura-storica","VE","CONCORDIA SAGITTARIA","1","1734","","T","","analitica","","","PVP sales 2 (572997,694594); Storica Analitica visura per immobile - Catasto Terreni."
"visura-storica","VE","CONCORDIA SAGITTARIA","1","1735","","F","","analitica","","","PVP sales 2 (572997,694594); Storica Analitica visura per immobile - Catasto Fabbricati."
"visura-storica","VE","CONCORDIA SAGITTARIA","1","1735","","T","","analitica","","","PVP sales 2 (572997,694594); Storica Analitica visura per immobile - Catasto Terreni."
"visura-storica","VE","CONCORDIA SAGITTARIA","1","1736","","F","","analitica","","","PVP sales 2 (572997,694594); Storica Analitica visura per immobile - Catasto Fabbricati."
"visura-storica","VE","CONCORDIA SAGITTARIA","1","1736","","T","","analitica","","","PVP sales 2 (572997,694594); Storica Analitica visura per immobile - Catasto Terreni."
"visura-storica","VE","CONCORDIA SAGITTARIA","1","1737","","F","","analitica","","","PVP sales 2 (572997,694594); Storica Analitica visura per immobile - Catasto Fabbricati."
"visura-storica","VE","CONCORDIA SAGITTARIA","1","1737","","T","","analitica","","","PVP sales 2 (572997,694594); Storica Analitica visura per immobile - Catasto Terreni."
"visura-storica","VE","CONCORDIA SAGITTARIA","1","1738","","F","","analitica","","","PVP sales 2 (572997,694594); Storica Analitica visura per immobile - Catasto Fabbricati."
"visura-storica","VE","CONCORDIA SAGITTARIA","1","1738","","T","","analitica","","","PVP sales 2 (572997,694594); Storica Analitica visura per immobile - Catasto Terreni."
"visura-storica","VE","CONCORDIA SAGITTARIA","1","1739","","F","","analitica","","","PVP sales 2 (572997,694594); Storica Analitica visura per immobile - Catasto Fabbricati."
"visura-storica","VE","CONCORDIA SAGITTARIA","1","1739","","T","","analitica","","","PVP sales 2 (572997,694594); Storica Analitica visura per immobile - Catasto Terreni."
"visura-storica","VE","CONCORDIA SAGITTARIA","1","1740","","F","","analitica","","","PVP sales 2 (572997,694594); Storica Analitica visura per immobile - Catasto Fabbricati."
"visura-storica","VE","CONCORDIA SAGITTARIA","1","1740","","T","","analitica","","","PVP sales 2 (572997,694594); Storica Analitica visura per immobile - Catasto Terreni."
"visura-storica","VE","CONCORDIA SAGITTARIA","1","1741","","F","","analitica","","","PVP sales 2 (572997,694594); Storica Analitica visura per immobile - Catasto Fabbricati."
"visura-storica","VE","CONCORDIA SAGITTARIA","1","1741","","T","","analitica","","","PVP sales 2 (572997,694594); Storica Analitica visura per immobile - Catasto Terreni."
"visura-storica","VE","CONCORDIA SAGITTARIA","1","1742","","F","","analitica","","","PVP sales 2 (572997,694594); Storica Analitica visura per immobile - Catasto Fabbricati."
"visura-storica","VE","CONCORDIA SAGITTARIA","1","1742","","T","","analitica","","","PVP sales 2 (572997,694594); Storica Analitica visura per immobile - Catasto Terreni."
"visura-storica","VE","CONCORDIA SAGITTARIA","1","1745","","F","","analitica","","","PVP sales 2 (572997,694594); Storica Analitica visura per immobile - Catasto Fabbricati."
"visura-storica","VE","CONCORDIA SAGITTARIA","1","1745","","T","","analitica","","","PVP sales 2 (572997,694594); Storica Analitica visura per immobile - Catasto Terreni."
"visura-storica","VE","CONCORDIA SAGITTARIA","1","1746","","F","","analitica","","","PVP sales 2 (572997,694594); Storica Analitica visura per immobile - Catasto Fabbricati."
"visura-storica","VE","CONCORDIA SAGITTARIA","1","1746","","T","","analitica","","","PVP sales 2 (572997,694594); Storica Analitica visura per immobile - Catasto Terreni."
"visura-storica","VE","CONCORDIA SAGITTARIA","1","1749","","F","","analitica","","","PVP sales 2 (572997,694594); Storica Analitica visura per immobile - Catasto Fabbricati."
"visura-storica","VE","CONCORDIA SAGITTARIA","1","1749","","T","","analitica","","","PVP sales 2 (572997,694594); Storica Analitica visura per immobile - Catasto Terreni."
"visura-storica","VE","CONCORDIA SAGITTARIA","1","1823","","F","","analitica","","","PVP sales 2 (572997,694594); Storica Analitica visura per immobile - Catasto Fabbricati."
"visura-storica","VE","CONCORDIA SAGITTARIA","1","1823","","T","","analitica","","","PVP sales 2 (572997,694594); Storica Analitica visura per immobile - Catasto Terreni."
"visura-storica","VE","CONCORDIA SAGITTARIA","1","1825","","F","","analitica","","","PVP sales 2 (572997,694594); Storica Analitica visura per immobile - Catasto Fabbricati."
"visura-storica","VE","CONCORDIA SAGITTARIA","1","1825","","T","","analitica","","","PVP sales 2 (572997,694594); Storica Analitica visura per immobile - Catasto Terreni."
"visura-storica","VE","CONCORDIA SAGITTARIA","1","1827","24","F","","analitica","","","PVP sales 2 (572997,694594); Storica Analitica visura per immobile - Catasto Fabbricati."
"visura-storica","VE","CONCORDIA SAGITTARIA","1","1827","25","F","","analitica","","","PVP sales 2 (572997,694594); Storica Analitica visura per immobile - Catasto Fabbricati."
"visura-storica","VE","CONCORDIA SAGITTARIA","1","1888","","F","","analitica","","","PVP sales 1 (848488); Storica Analitica visura per immobile - Catasto Fabbricati."
"visura-storica","VE","CONCORDIA SAGITTARIA","1","1888","","T","","analitica","","","PVP sales 1 (848488); Storica Analitica visura per immobile - Catasto Terreni."
"visura-storica","VE","CONCORDIA SAGITTARIA","12","184","","F","","analitica","","","PVP sales 1 (1905938); Storica Analitica visura per immobile - Catasto Fabbricati."
"visura-storica","VE","CONCORDIA SAGITTARIA","12","184","","T","","analitica","","","PVP sales 1 (1905938); Storica Analitica visura per immobile - Catasto Terreni."
"visura-storica","VE","CONCORDIA SAGITTARIA","12","186","","F","","analitica","","","PVP sales 1 (1905938); Storica Analitica visura per immobile - Catasto Fabbricati."
"visura-storica","VE","CONCORDIA SAGITTARIA","12","186","","T","","analitica","","","PVP sales 1 (1905938); Storica Analitica visura per immobile - Catasto Terreni."
"visura-storica","VE","CONCORDIA SAGITTARIA","27","239","","F","","analitica","","","PVP sales 1 (4543225); Storica Analitica visura per immobile - Catasto Fabbricati."
"visura-storica","VE","CONCORDIA SAGITTARIA","27","239","","T","","analitica","","","PVP sales 1 (4543225); Storica Analitica visura per immobile - Catasto Terreni."
"visura-storica","VE","CONCORDIA SAGITTARIA","27","240","3","F","","analitica","","","PVP sales 1 (4543225); Storica Analitica visura per immobile - Catasto Fabbricati."
"visura-storica","VE","CONCORDIA SAGITTARIA","27","240","6","F","","analitica","","","PVP sales 1 (4543225); Storica Analitica visura per immobile - Catasto Fabbricati."
"visura-storica","VE","CONCORDIA SAGITTARIA","33","47","2","F","","analitica","","","PVP sales 1 (680649); Storica Analitica visura per immobile - Catasto Fabbricati."
"visura-storica","VE","CONCORDIA SAGITTARIA","33","47","3","F","","analitica","","","PVP sales 1 (680649); Storica Analitica visura per immobile - Catasto Fabbricati."
"visura-storica","VE","CONCORDIA SAGITTARIA","7","827","","F","","analitica","","","PVP sales 1 (1905936); Storica Analitica visura per immobile - Catasto Fabbricati."
"visura-storica","VE","CONCORDIA SAGITTARIA","7","827","","T","","analitica","","","PVP sales 1 (1905936); Storica Analitica visura per immobile - Catasto Terreni."
"visura-storica","VE","DOLO","1","1196","11","F","","analitica","","","PVP sales 2 (666107,803772); Storica Analitica visura per immobile - Catasto Fabbricati."
"visura-storica","VE","DOLO","1","1196","25","F","","analitica","","","PVP sales 2 (666107,803772); Storica Analitica visura per immobile - Catasto Fabbricati."
"visura-storica","VE","DOLO","1","1199","27","F","","analitica","","","PVP sales 1 (2224646); Storica Analitica visura per immobile - Catasto Fabbricati."
"visura-storica","VE","DOLO","1","1199","4","F","","analitica","","","PVP sales 1 (2224646); Storica Analitica visura per immobile - Catasto Fabbricati."
"visura-storica","VE","DOLO","1","908","16","F","","analitica","","","PVP sales 1 (282612); Storica Analitica visura per immobile - Catasto Fabbricati."
"visura-storica","VE","DOLO","1","908","24","F","","analitica","","","PVP sales 1 (282612); Storica Analitica visura per immobile - Catasto Fabbricati."
"visura-storica","VE","DOLO","11","467","1","F","","analitica","","","PVP sales 1 (4433480); Storica Analitica visura per immobile - Catasto Fabbricati."
"visura-storica","VE","DOLO","11","467","2","F","","analitica","","","PVP sales 1 (4433480); Storica Analitica visura per immobile - Catasto Fabbricati."
"visura-storica","VE","DOLO","11","468","","F","","analitica","","","PVP sales 1 (4433502); Storica Analitica visura per immobile - Catasto Fabbricati."
"visura-storica","VE","DOLO","11","468","","T","","analitica","","","PVP sales 1 (4433502); Storica Analitica visura per immobile - Catasto Terreni."
"visura-storica","VE","DOLO","19","1100","123","F","","analitica","","","PVP sales 1 (2224629); Storica Analitica visura per immobile - Catasto Fabbricati."
"visura-storica","VE","DOLO","19","1100","39","F","","analitica","","","PVP sales 1 (2224629); Storica Analitica visura per immobile - Catasto Fabbricati."
"visura-storica","VE","DOLO","19","1100","67","F","","analitica","","","PVP sales 1 (2224629); Storica Analitica visura per immobile - Catasto Fabbricati."
"visura-storica","VE","DOLO","5","220","18","F","","analitica","","","PVP sales 1 (281819); Storica Analitica visura per immobile - Catasto Fabbricati."
"visura-storica","VE","DOLO","5","220","53","F","","analitica","","","PVP sales 1 (281819); Storica Analitica visura per immobile - Catasto Fabbricati."
"visura-storica","VE","DOLO","5","220","74","F","","analitica","","","PVP sales 1 (281819); Storica Analitica visura per immobile - Catasto Fabbricati."
"visura-storica","VE","DOLO","6","429","9","F","","analitica","","","PVP sales 1 (4479374); Storica Analitica visura per immobile - Catasto Fabbricati."
"visura-storica","VE","DOLO","6","497","5","F","","analitica","","","PVP sales 1 (2100999); Storica Analitica visura per immobile - Catasto Fabbricati."
"visura-storica","VE","DOLO","6","497","8","F","","analitica","","","PVP sales 1 (2100999); Storica Analitica visura per immobile - Catasto Fabbricati."
"visura-storica","VE","DOLO","7","277","17","F","","analitica","","","PVP sales 1 (586219); Storica Analitica visura per immobile - Catasto Fabbricati."
"visura-storica","VE","DOLO","7","277","18","F","","analitica","","","PVP sales 1 (586219); Storica Analitica visura per immobile - Catasto Fabbricati."
"visura-storica","VE","DOLO","9","1167","","F","","analitica","","","PVP sales 1 (681939); Storica Analitica visura per immobile - Catasto Fabbricati."
"visura-storica","VE","DOLO","9","1167","","T","","analitica","","","PVP sales 1 (681939); Storica Analitica visura per immobile - Catasto Terreni."
"visura-storica","VE","DOLO","9","20","2","F","","analitica","","","PVP sales 2 (528494,650533); Storica Analitica visura per immobile - Catasto Fabbricati."
"visura-storica","VE","DOLO","9","210","1","F","","analitica","","","PVP sales 1 (586214); Storica Analitica visura per immobile - Catasto Fabbricati."
"visura-storica","VE","DOLO","9","210","2","F","","analitica","","","PVP sales 1 (586214); Storica Analitica visura per immobile - Catasto Fabbricati."
"visura-storica","VE","DOLO","9","252","1","F","","analitica","","","PVP sales 2 (586213,779372); Storica Analitica visura per immobile - Catasto Fabbricati."
"visura-storica","VE","DOLO","9","252","14","F","","analitica","","","PVP sales 2 (586213,779372); Storica Analitica visura per immobile - Catasto Fabbricati."
"visura-storica","VE","DOLO","9","252","15","F","","analitica","","","PVP sales 2 (586213,779372); Storica Analitica visura per immobile - Catasto Fabbricati."
"visura-storica","VE","DOLO","9","252","20","F","","analitica","","","PVP sales 2 (586216,779376); Storica Analitica visura per immobile - Catasto Fabbricati."
"visura-storica","VE","DOLO","9","252","21","F","","analitica","","","PVP sales 2 (586215,779381); Storica Analitica visura per immobile - Catasto Fabbricati."
"visura-storica","VE","DOLO","9","300","8","F","","analitica","","","PVP sales 1 (586211); Storica Analitica visura per immobile - Catasto Fabbricati."
"visura-storica","VE","DOLO","9","300","9","F","","analitica","","","PVP sales 1 (586211); Storica Analitica visura per immobile - Catasto Fabbricati."
"visura-storica","VE","DOLO","9","766","2","F","","analitica","","","PVP sales 1 (681939); Storica Analitica visura per immobile - Catasto Fabbricati."
"visura-storica","VE","DOLO","9","766","4","F","","analitica","","","PVP sales 1 (681939); Storica Analitica visura per immobile - Catasto Fabbricati."
"visura-storica","VE","DOLO","9","766","5","F","","analitica","","","PVP sales 1 (681939); Storica Analitica visura per immobile - Catasto Fabbricati."
"visura-storica","VE","DOLO","9","766","6","F","","analitica","","","PVP sales 1 (681939); Storica Analitica visura per immobile - Catasto Fabbricati."
"visura-storica","VE","DOLO","9","766","7","F","","analitica","","","PVP sales 1 (681939); Storica Analitica visura per immobile - Catasto Fabbricati."
"visura-storica","VE","ERACLEA","18","94","4","F","","analitica","","","PVP sales 2 (2069886,2147471); Storica Analitica visura per immobile - Catasto Fabbricati."
"visura-storica","VE","ERACLEA","18","94","5","F","","analitica","","","PVP sales 2 (2069886,2147471); Storica Analitica visura per immobile - Catasto Fabbricati."
"visura-storica","VE","ERACLEA","18","94","6","F","","analitica","","","PVP sales 2 (2069886,2147471); Storica Analitica visura per immobile - Catasto Fabbricati."
"visura-storica","VE","ERACLEA","18","94","7","F","","analitica","","","PVP sales 2 (2069886,2147471); Storica Analitica visura per immobile - Catasto Fabbricati."
"visura-storica","VE","ERACLEA","26","245","6","F","","analitica","","","PVP sales 2 (870435,992857); Storica Analitica visura per immobile - Catasto Fabbricati."
"visura-storica","VE","ERACLEA","26","245","7","F","","analitica","","","PVP sales 2 (870435,992857); Storica Analitica visura per immobile - Catasto Fabbricati."
"visura-storica","VE","ERACLEA","26","245","8","F","","analitica","","","PVP sales 2 (870435,992857); Storica Analitica visura per immobile - Catasto Fabbricati."
"visura-storica","VE","ERACLEA","33","381","13","F","","analitica","","","PVP sales 1 (4251453); Storica Analitica visura per immobile - Catasto Fabbricati."
"visura-storica","VE","ERACLEA","33","381","5","F","","analitica","","","PVP sales 1 (4251453); Storica Analitica visura per immobile - Catasto Fabbricati."
"visura-storica","VE","ERACLEA","36","463","","F","","analitica","","","PVP sales 1 (4280103); Storica Analitica visura per immobile - Catasto Fabbricati."
"visura-storica","VE","ERACLEA","36","463","","T","","analitica","","","PVP sales 1 (4280103); Storica Analitica visura per immobile - Catasto Terreni."
"visura-storica","VE","ERACLEA","41","77","2","F","","analitica","","","PVP sales 1 (4432658); Storica Analitica visura per immobile - Catasto Fabbricati."
"visura-storica","VE","ERACLEA","41","77","3","F","","analitica","","","PVP sales 1 (4432658); Storica Analitica visura per immobile - Catasto Fabbricati."
"visura-storica","VE","ERACLEA","46","219","1","F","","analitica","","","PVP sales 2 (2112694,2171953); Storica Analitica visura per immobile - Catasto Fabbricati."
"visura-storica","VE","ERACLEA","46","219","2","F","","analitica","","","PVP sales 2 (2112694,2171953); Storica Analitica visura per immobile - Catasto Fabbricati."
"visura-storica","VE","ERACLEA","46","731","11","F","","analitica","","","PVP sales 1 (1461745); Storica Analitica visura per immobile - Catasto Fabbricati."
"visura-storica","VE","ERACLEA","46","731","15","F","","analitica","","","PVP sales 1 (1461797); Storica Analitica visura per immobile - Catasto Fabbricati."
"visura-storica","VE","ERACLEA","46","731","16","F","","analitica","","","PVP sales 1 (1461854); Storica Analitica visura per immobile - Catasto Fabbricati."
"visura-storica","VE","ERACLEA","46","731","69","F","","analitica","","","PVP sales 1 (1461854); Storica Analitica visura per immobile - Catasto Fabbricati."
"visura-storica","VE","ERACLEA","46","731","71","F","","analitica","","","PVP sales 1 (1461745); Storica Analitica visura per immobile - Catasto Fabbricati."
"visura-storica","VE","ERACLEA","46","731","93","F","","analitica","","","PVP sales 1 (1461797); Storica Analitica visura per immobile - Catasto Fabbricati."
"visura-storica","VE","ERACLEA","46","855","119","F","","analitica","","","PVP sales 1 (1461641); Storica Analitica visura per immobile - Catasto Fabbricati."
"visura-storica","VE","ERACLEA","46","855","38","F","","analitica","","","PVP sales 1 (1460746); Storica Analitica visura per immobile - Catasto Fabbricati."
"visura-storica","VE","ERACLEA","46","855","40","F","","analitica","","","PVP sales 1 (1461641); Storica Analitica visura per immobile - Catasto Fabbricati."
"visura-storica","VE","ERACLEA","46","855","81","F","","analitica","","","PVP sales 1 (1460746); Storica Analitica visura per immobile - Catasto Fabbricati."
"visura-storica","VE","ERACLEA","50","231","2","F","","analitica","","","PVP sales 1 (408051); Storica Analitica visura per immobile - Catasto Fabbricati."
"visura-storica","VE","ERACLEA","50","231","3","F","","analitica","","","PVP sales 1 (408051); Storica Analitica visura per immobile - Catasto Fabbricati."
"visura-storica","VE","ERACLEA","52","193","1","F","","analitica","","","PVP sales 1 (585250); Storica Analitica visura per immobile - Catasto Fabbricati."
"visura-storica","VE","ERACLEA","52","333","34","F","","analitica","","","PVP sales 1 (973375); Storica Analitica visura per immobile - Catasto Fabbricati."
"visura-storica","VE","ERACLEA","52","333","37","F","","analitica","","","PVP sales 1 (973375); Storica Analitica visura per immobile - Catasto Fabbricati."
"visura-storica","VE","ERACLEA","52","714","11","F","","analitica","","","PVP sales 1 (525491); Storica Analitica visura per immobile - Catasto Fabbricati."
"visura-storica","VE","ERACLEA","52","714","9","F","","analitica","","","PVP sales 1 (525491); Storica Analitica visura per immobile - Catasto Fabbricati."
"visura-storica","VE","ERACLEA","58","109","5","F","","analitica","","","PVP sales 2 (524973,688601); Storica Analitica visura per immobile - Catasto Fabbricati."
"visura-storica","VE","ERACLEA","58","1515","109","F","","analitica","","","PVP sales 2 (1122873,1243053); Storica Analitica visura per immobile - Catasto Fabbricati."
"visura-storica","VE","ERACLEA","58","1515","47","F","","analitica","","","PVP sales 2 (1122873,1243053); Storica Analitica visura per immobile - Catasto Fabbricati."
"visura-storica","VE","ERACLEA","6","252","4","F","","analitica","","","PVP sales 1 (4475515); Storica Analitica visura per immobile - Catasto Fabbricati."
"visura-storica","VE","ERACLEA","6","252","5","F","","analitica","","","PVP sales 1 (4475515); Storica Analitica visura per immobile - Catasto Fabbricati."
"visura-storica","VE","ERACLEA","6","252","6","F","","analitica","","","PVP sales 1 (4475515); Storica Analitica visura per immobile - Catasto Fabbricati."
"visura-storica","VE","ERACLEA","6","252","7","F","","analitica","","","PVP sales 1 (4475515); Storica Analitica visura per immobile - Catasto Fabbricati."
"visura-storica","VE","ERACLEA","7","212","3","F","","analitica","","","PVP sales 1 (4466634); Storica Analitica visura per immobile - Catasto Fabbricati."
"visura-storica","VE","ERACLEA","7","212","4","F","","analitica","","","PVP sales 1 (4466634); Storica Analitica visura per immobile - Catasto Fabbricati."
"visura-storica","VE","ERACLEA","7","3","3","F","","analitica","","","PVP sales 1 (4466634); Storica Analitica visura per immobile - Catasto Fabbricati."
"visura-storica","VE","ERACLEA","7","3","4","F","","analitica","","","PVP sales 1 (4466634); Storica Analitica visura per immobile - Catasto Fabbricati."
"visura-storica","VE","ERACLEA","7","73","11","F","","analitica","","","PVP sales 2 (4466678,4545347); Storica Analitica visura per immobile - Catasto Fabbricati."
"visura-storica","VE","ERACLEA","7","73","14","F","","analitica","","","PVP sales 2 (4466678,4545347); Storica Analitica visura per immobile - Catasto Fabbricati."
"visura-storica","VE","ERACLEA","7","73","20","F","","analitica","","","PVP sales 2 (4466678,4545347); Storica Analitica visura per immobile - Catasto Fabbricati."
"visura-storica","VE","FIESSO D'ARTICO","2","232","","T","","analitica","","","PVP sales 1 (4539282); Storica Analitica visura per immobile - Catasto Terreni."
"visura-storica","VE","FIESSO D'ARTICO","2","277","","T","","analitica","","","PVP sales 1 (4539282); Storica Analitica visura per immobile - Catasto Terreni."
"visura-storica","VE","FIESSO D'ARTICO","2","881","","T","","analitica","","","PVP sales 1 (4539282); Storica Analitica visura per immobile - Catasto Terreni."
"visura-storica","VE","FIESSO D'ARTICO","3","1344","10","F","","analitica","","","PVP sales 2 (2174976,4249000); Storica Analitica visura per immobile - Catasto Fabbricati."
"visura-storica","VE","FIESSO D'ARTICO","3","1452","33","F","","analitica","","","PVP sales 1 (2084799); Storica Analitica visura per immobile - Catasto Fabbricati."
"visura-storica","VE","FIESSO D'ARTICO","3","1452","8","F","","analitica","","","PVP sales 1 (2084799); Storica Analitica visura per immobile - Catasto Fabbricati."
"visura-storica","VE","FIESSO D'ARTICO","3","1530","","F","","analitica","","","PVP sales 3 (482084,1579568,1849420); Storica Analitica visura per immobile - Catasto Fabbricati."
"visura-storica","VE","FIESSO D'ARTICO","3","1530","","T","","analitica","","","PVP sales 3 (482084,1579568,1849420); Storica Analitica visura per immobile - Catasto Terreni."
"visura-storica","VE","FIESSO D'ARTICO","3","1531","","F","","analitica","","","PVP sales 3 (482084,1579568,1849420); Storica Analitica visura per immobile - Catasto Fabbricati."
"visura-storica","VE","FIESSO D'ARTICO","3","1531","","T","","analitica","","","PVP sales 3 (482084,1579568,1849420); Storica Analitica visura per immobile - Catasto Terreni."
"visura-storica","VE","FIESSO D'ARTICO","3","352","","F","","analitica","","","PVP sales 3 (482084,1579568,1849420); Storica Analitica visura per immobile - Catasto Fabbricati."
"visura-storica","VE","FIESSO D'ARTICO","3","352","","T","","analitica","","","PVP sales 3 (482084,1579568,1849420); Storica Analitica visura per immobile - Catasto Terreni."
"visura-storica","VE","FIESSO D'ARTICO","3","615","6","F","","analitica","","","PVP sales 1 (118578); Storica Analitica visura per immobile - Catasto Fabbricati."
"visura-storica","VE","FIESSO D'ARTICO","4","1000","","F","","analitica","","","PVP sales 1 (4423480); Storica Analitica visura per immobile - Catasto Fabbricati."
"visura-storica","VE","FIESSO D'ARTICO","4","1000","","T","","analitica","","","PVP sales 1 (4423480); Storica Analitica visura per immobile - Catasto Terreni."
"visura-storica","VE","FIESSO D'ARTICO","4","1488","24","F","","analitica","","","PVP sales 1 (4227130); Storica Analitica visura per immobile - Catasto Fabbricati."
"visura-storica","VE","FIESSO D'ARTICO","4","1488","37","F","","analitica","","","PVP sales 1 (317887); Storica Analitica visura per immobile - Catasto Fabbricati."
"visura-storica","VE","FIESSO D'ARTICO","4","1488","48","F","","analitica","","","PVP sales 1 (4227164); Storica Analitica visura per immobile - Catasto Fabbricati."
"visura-storica","VE","FIESSO D'ARTICO","4","1488","49","F","","analitica","","","PVP sales 1 (4227130); Storica Analitica visura per immobile - Catasto Fabbricati."
"visura-storica","VE","FIESSO D'ARTICO","4","1488","5","F","","analitica","","","PVP sales 1 (4227164); Storica Analitica visura per immobile - Catasto Fabbricati."
"visura-storica","VE","FIESSO D'ARTICO","4","1488","59","F","","analitica","","","PVP sales 1 (4227130); Storica Analitica visura per immobile - Catasto Fabbricati."
"visura-storica","VE","FIESSO D'ARTICO","4","1488","66","F","","analitica","","","PVP sales 1 (4227164); Storica Analitica visura per immobile - Catasto Fabbricati."
"visura-storica","VE","FIESSO D'ARTICO","4","1488","9","F","","analitica","","","PVP sales 1 (317887); Storica Analitica visura per immobile - Catasto Fabbricati."
"visura-storica","VE","FIESSO D'ARTICO","4","20","","F","","analitica","","","PVP sales 1 (2011583); Storica Analitica visura per immobile - Catasto Fabbricati."
"visura-storica","VE","FIESSO D'ARTICO","4","20","","T","","analitica","","","PVP sales 1 (2011583); Storica Analitica visura per immobile - Catasto Terreni."
"visura-storica","VE","FIESSO D'ARTICO","4","323","12","F","","analitica","","","PVP sales 3 (1277857,1277864,1277874); Storica Analitica visura per immobile - Catasto Fabbricati."
"visura-storica","VE","FIESSO D'ARTICO","4","323","2","F","","analitica","","","PVP sales 3 (1277857,1277864,1277874); Storica Analitica visura per immobile - Catasto Fabbricati."
"visura-storica","VE","FIESSO D'ARTICO","4","73","1","F","","analitica","","","PVP sales 1 (4546532); Storica Analitica visura per immobile - Catasto Fabbricati."
"visura-storica","VE","FIESSO D'ARTICO","4","73","2","F","","analitica","","","PVP sales 1 (4546605); Storica Analitica visura per immobile - Catasto Fabbricati."
"visura-storica","VE","FIESSO D'ARTICO","4","73","23","F","","analitica","","","PVP sales 1 (4547123); Storica Analitica visura per immobile - Catasto Fabbricati."
"visura-storica","VE","FIESSO D'ARTICO","4","73","3","F","","analitica","","","PVP sales 1 (4546644); Storica Analitica visura per immobile - Catasto Fabbricati."
"visura-storica","VE","FIESSO D'ARTICO","4","73","35","F","","analitica","","","PVP sales 1 (4547130); Storica Analitica visura per immobile - Catasto Fabbricati."
"visura-storica","VE","FIESSO D'ARTICO","4","73","4","F","","analitica","","","PVP sales 1 (4547111); Storica Analitica visura per immobile - Catasto Fabbricati."
"visura-storica","VE","FIESSO D'ARTICO","5","803","1","F","","analitica","","","PVP sales 1 (4451095); Storica Analitica visura per immobile - Catasto Fabbricati."
"visura-storica","VE","FIESSO D'ARTICO","5","803","2","F","","analitica","","","PVP sales 1 (4451095); Storica Analitica visura per immobile - Catasto Fabbricati."
"visura-storica","VE","FOSSALTA DI PIAVE","5","257","6","F","","analitica","","","PVP sales 3 (1707312,1887182,2068962); Storica Analitica visura per immobile - Catasto Fabbricati."
"visura-storica","VE","FOSSALTA DI PIAVE","6","206","4","F","","analitica","","","PVP sales 4 (396719,516878,1515526,1685871); Storica Analitica visura per immobile - Catasto Fabbricati."
"visura-storica","VE","FOSSALTA DI PIAVE","6","551","10","F","","analitica","","","PVP sales 1 (4571702); Storica Analitica visura per immobile - Catasto Fabbricati."
"visura-storica","VE","FOSSALTA DI PIAVE","6","551","11","F","","analitica","","","PVP sales 1 (4571692); Storica Analitica visura per immobile - Catasto Fabbricati."
"visura-storica","VE","FOSSALTA DI PIAVE","6","551","19","F","","analitica","","","PVP sales 1 (4571692); Storica Analitica visura per immobile - Catasto Fabbricati."
"visura-storica","VE","FOSSALTA DI PIAVE","6","554","4","F","","analitica","","","PVP sales 1 (4538894); Storica Analitica visura per immobile - Catasto Fabbricati."
"visura-storica","VE","FOSSALTA DI PIAVE","8","57","1","F","","analitica","","","PVP sales 2 (4480162,4554792); Storica Analitica visura per immobile - Catasto Fabbricati."
"visura-storica","VE","FOSSALTA DI PIAVE","8","60","1","F","","analitica","","","PVP sales 2 (4480162,4554792); Storica Analitica visura per immobile - Catasto Fabbricati."
"visura-storica","VE","FOSSALTA DI PORTOGRUARO","11","1116","2","F","","analitica","","","PVP sales 5 (449759,557796,642548,754509,985067); Storica Analitica visura per immobile - Catasto Fabbricati."
"visura-storica","VE","FOSSALTA DI PORTOGRUARO","11","1116","8","F","","analitica","","","PVP sales 5 (449759,557796,642548,754509,985067); Storica Analitica visura per immobile - Catasto Fabbricati."
"visura-storica","VE","FOSSALTA DI PORTOGRUARO","11","1274","16","F","","analitica","","","PVP sales 1 (1977504); Storica Analitica visura per immobile - Catasto Fabbricati."
"visura-storica","VE","FOSSALTA DI PORTOGRUARO","11","289","","F","","analitica","","","PVP sales 3 (4423577,4493288,4542959); Storica Analitica visura per immobile - Catasto Fabbricati."
"visura-storica","VE","FOSSALTA DI PORTOGRUARO","11","289","","T","","analitica","","","PVP sales 3 (4423577,4493288,4542959); Storica Analitica visura per immobile - Catasto Terreni."
"visura-storica","VE","FOSSALTA DI PORTOGRUARO","11","392","","F","","analitica","","","PVP sales 3 (4423577,4493288,4542959); Storica Analitica visura per immobile - Catasto Fabbricati."
"visura-storica","VE","FOSSALTA DI PORTOGRUARO","11","392","","T","","analitica","","","PVP sales 3 (4423577,4493288,4542959); Storica Analitica visura per immobile - Catasto Terreni."
"visura-storica","VE","FOSSALTA DI PORTOGRUARO","11","456","","F","","analitica","","","PVP sales 1 (4267280); Storica Analitica visura per immobile - Catasto Fabbricati."
"visura-storica","VE","FOSSALTA DI PORTOGRUARO","11","456","","T","","analitica","","","PVP sales 1 (4267280); Storica Analitica visura per immobile - Catasto Terreni."
"visura-storica","VE","FOSSALTA DI PORTOGRUARO","11","456","3","F","","analitica","","","PVP sales 2 (4267280,4445534); Storica Analitica visura per immobile - Catasto Fabbricati."
"visura-storica","VE","FOSSALTA DI PORTOGRUARO","11","456","6","F","","analitica","","","PVP sales 1 (4445534); Storica Analitica visura per immobile - Catasto Fabbricati."
"visura-storica","VE","FOSSALTA DI PORTOGRUARO","11","665","","F","","analitica","","","PVP sales 3 (4423577,4493288,4542959); Storica Analitica visura per immobile - Catasto Fabbricati."
"visura-storica","VE","FOSSALTA DI PORTOGRUARO","11","665","","T","","analitica","","","PVP sales 3 (4423577,4493288,4542959); Storica Analitica visura per immobile - Catasto Terreni."
"visura-storica","VE","FOSSALTA DI PORTOGRUARO","11","666","","F","","analitica","","","PVP sales 3 (4423577,4493288,4542959); Storica Analitica visura per immobile - Catasto Fabbricati."
"visura-storica","VE","FOSSALTA DI PORTOGRUARO","11","666","","T","","analitica","","","PVP sales 3 (4423577,4493288,4542959); Storica Analitica visura per immobile - Catasto Terreni."
"visura-storica","VE","FOSSALTA DI PORTOGRUARO","11","795","","F","","analitica","","","PVP sales 3 (4423577,4493288,4542959); Storica Analitica visura per immobile - Catasto Fabbricati."
"visura-storica","VE","FOSSALTA DI PORTOGRUARO","11","795","","T","","analitica","","","PVP sales 3 (4423577,4493288,4542959); Storica Analitica visura per immobile - Catasto Terreni."
"visura-storica","VE","FOSSALTA DI PORTOGRUARO","11","796","","F","","analitica","","","PVP sales 3 (4423577,4493288,4542959); Storica Analitica visura per immobile - Catasto Fabbricati."
"visura-storica","VE","FOSSALTA DI PORTOGRUARO","11","796","","T","","analitica","","","PVP sales 3 (4423577,4493288,4542959); Storica Analitica visura per immobile - Catasto Terreni."
"visura-storica","VE","FOSSALTA DI PORTOGRUARO","12","50","2","F","","analitica","","","PVP sales 1 (812916); Storica Analitica visura per immobile - Catasto Fabbricati."
"visura-storica","VE","FOSSALTA DI PORTOGRUARO","12","50","6","F","","analitica","","","PVP sales 1 (812916); Storica Analitica visura per immobile - Catasto Fabbricati."
"visura-storica","VE","FOSSALTA DI PORTOGRUARO","12","81","","F","","analitica","","","PVP sales 1 (812916); Storica Analitica visura per immobile - Catasto Fabbricati."
"visura-storica","VE","FOSSALTA DI PORTOGRUARO","12","81","","T","","analitica","","","PVP sales 1 (812916); Storica Analitica visura per immobile - Catasto Terreni."
"visura-storica","VE","FOSSALTA DI PORTOGRUARO","15","619","","F","","analitica","","","PVP sales 2 (680167,988642); Storica Analitica visura per immobile - Catasto Fabbricati."
"visura-storica","VE","FOSSALTA DI PORTOGRUARO","15","619","","T","","analitica","","","PVP sales 2 (680167,988642); Storica Analitica visura per immobile - Catasto Terreni."
"visura-storica","VE","FOSSALTA DI PORTOGRUARO","15","619","10","F","","analitica","","","PVP sales 2 (680167,988642); Storica Analitica visura per immobile - Catasto Fabbricati."
"visura-storica","VE","FOSSALTA DI PORTOGRUARO","15","619","16","F","","analitica","","","PVP sales 2 (680167,988642); Storica Analitica visura per immobile - Catasto Fabbricati."
"visura-storica","VE","FOSSALTA DI PORTOGRUARO","22","591","","F","","analitica","","","PVP sales 1 (2103851); Storica Analitica visura per immobile - Catasto Fabbricati."
"visura-storica","VE","FOSSALTA DI PORTOGRUARO","22","591","","T","","analitica","","","PVP sales 1 (2103851); Storica Analitica visura per immobile - Catasto Terreni."
"visura-storica","VE","FOSSALTA DI PORTOGRUARO","22","591","14","F","","analitica","","","PVP sales 1 (2103851); Storica Analitica visura per immobile - Catasto Fabbricati."
"visura-storica","VE","FOSSALTA DI PORTOGRUARO","25","28","1","F","","analitica","","","PVP sales 1 (4562505); Storica Analitica visura per immobile - Catasto Fabbricati."
"visura-storica","VE","FOSSALTA DI PORTOGRUARO","3","7","","F","","analitica","","","PVP sales 2 (4261912,4403463); Storica Analitica visura per immobile - Catasto Fabbricati."
"visura-storica","VE","FOSSALTA DI PORTOGRUARO","3","7","","T","","analitica","","","PVP sales 2 (4261912,4403463); Storica Analitica visura per immobile - Catasto Terreni."
"visura-storica","VE","FOSSALTA DI PORTOGRUARO","3","8","","F","","analitica","","","PVP sales 1 (4261912); Storica Analitica visura per immobile - Catasto Fabbricati."
"visura-storica","VE","FOSSALTA DI PORTOGRUARO","3","8","","T","","analitica","","","PVP sales 1 (4261912); Storica Analitica visura per immobile - Catasto Terreni."
"visura-storica","VE","FOSSALTA DI PORTOGRUARO","3","8","2","F","","analitica","","","PVP sales 2 (4261912,4403463); Storica Analitica visura per immobile - Catasto Fabbricati."
"visura-storica","VE","FOSSALTA DI PORTOGRUARO","3","8","3","F","","analitica","","","PVP sales 1 (4403463); Storica Analitica visura per immobile - Catasto Fabbricati."
"visura-storica","VE","FOSSALTA DI PORTOGRUARO","3","8","4","F","","analitica","","","PVP sales 1 (4403463); Storica Analitica visura per immobile - Catasto Fabbricati."
"visura-storica","VE","FOSSALTA DI PORTOGRUARO","3","8","6","F","","analitica","","","PVP sales 1 (4403463); Storica Analitica visura per immobile - Catasto Fabbricati."
"visura-storica","VE","FOSSALTA DI PORTOGRUARO","4","425","3","F","","analitica","","","PVP sales 1 (987759); Storica Analitica visura per immobile - Catasto Fabbricati."
"visura-storica","VE","FOSSALTA DI PORTOGRUARO","4","425","5","F","","analitica","","","PVP sales 1 (987759); Storica Analitica visura per immobile - Catasto Fabbricati."
"visura-storica","VE","FOSSALTA DI PORTOGRUARO","5","69","18","F","","analitica","","","PVP sales 1 (4520675); Storica Analitica visura per immobile - Catasto Fabbricati."
"visura-storica","VE","FOSSALTA DI PORTOGRUARO","5","69","9","F","","analitica","","","PVP sales 1 (4520687); Storica Analitica visura per immobile - Catasto Fabbricati."
"visura-storica","VE","FOSSALTA DI PORTOGRUARO","8","286","2","F","","analitica","","","PVP sales 1 (797306); Storica Analitica visura per immobile - Catasto Fabbricati."
"visura-storica","VE","FOSSALTA DI PORTOGRUARO","8","286","3","F","","analitica","","","PVP sales 1 (797306); Storica Analitica visura per immobile - Catasto Fabbricati."
"visura-storica","VE","FOSSALTA DI PORTOGRUARO","8","286","4","F","","analitica","","","PVP sales 1 (797306); Storica Analitica visura per immobile - Catasto Fabbricati."
"visura-storica","VE","FOSSALTA DI PORTOGRUARO","8","776","","F","","analitica","","","PVP sales 2 (859374,982406); Storica Analitica visura per immobile - Catasto Fabbricati."
"visura-storica","VE","FOSSALTA DI PORTOGRUARO","8","776","","T","","analitica","","","PVP sales 2 (859374,982406); Storica Analitica visura per immobile - Catasto Terreni."
"visura-storica","VE","FOSSÒ","1","739","6","F","","analitica","","","PVP sales 1 (488494); Storica Analitica visura per immobile - Catasto Fabbricati."
"visura-storica","VE","FOSSÒ","11","336","12","F","","analitica","","","PVP sales 1 (2209061); Storica Analitica visura per immobile - Catasto Fabbricati."
"visura-storica","VE","FOSSÒ","11","336","13","F","","analitica","","","PVP sales 1 (2209061); Storica Analitica visura per immobile - Catasto Fabbricati."
"visura-storica","VE","FOSSÒ","11","336","7","F","","analitica","","","PVP sales 1 (2209061); Storica Analitica visura per immobile - Catasto Fabbricati."
"visura-storica","VE","FOSSÒ","11","336","9","F","","analitica","","","PVP sales 1 (2209061); Storica Analitica visura per immobile - Catasto Fabbricati."
"visura-storica","VE","FOSSÒ","11","596","","F","","analitica","","","PVP sales 1 (2209061); Storica Analitica visura per immobile - Catasto Fabbricati."
"visura-storica","VE","FOSSÒ","11","596","","T","","analitica","","","PVP sales 1 (2209061); Storica Analitica visura per immobile - Catasto Terreni."
"visura-storica","VE","FOSSÒ","11","600","","F","","analitica","","","PVP sales 1 (2209061); Storica Analitica visura per immobile - Catasto Fabbricati."
"visura-storica","VE","FOSSÒ","11","600","","T","","analitica","","","PVP sales 1 (2209061); Storica Analitica visura per immobile - Catasto Terreni."
"visura-storica","VE","FOSSÒ","11","602","6","F","","analitica","","","PVP sales 2 (2075130,4270754); Storica Analitica visura per immobile - Catasto Fabbricati."
"visura-storica","VE","FOSSÒ","11","602","7","F","","analitica","","","PVP sales 2 (2075130,4270754); Storica Analitica visura per immobile - Catasto Fabbricati."
"visura-storica","VE","FOSSÒ","11","602","8","F","","analitica","","","PVP sales 2 (2075130,4270754); Storica Analitica visura per immobile - Catasto Fabbricati."
"visura-storica","VE","FOSSÒ","12","17","","F","","analitica","","","PVP sales 4 (214683,519915,746995,958955); Storica Analitica visura per immobile - Catasto Fabbricati."
"visura-storica","VE","FOSSÒ","12","17","","T","","analitica","","","PVP sales 4 (214683,519915,746995,958955); Storica Analitica visura per immobile - Catasto Terreni."
"visura-storica","VE","FOSSÒ","12","18","2","F","","analitica","","","PVP sales 4 (214683,519915,746995,958955); Storica Analitica visura per immobile - Catasto Fabbricati."
"visura-storica","VE","FOSSÒ","12","18","3","F","","analitica","","","PVP sales 4 (214683,519915,746995,958955); Storica Analitica visura per immobile - Catasto Fabbricati."
"visura-storica","VE","FOSSÒ","12","18","6","F","","analitica","","","PVP sales 4 (214683,519915,746995,958955); Storica Analitica visura per immobile - Catasto Fabbricati."
"visura-storica","VE","FOSSÒ","12","18","7","F","","analitica","","","PVP sales 4 (214683,519915,746995,958955); Storica Analitica visura per immobile - Catasto Fabbricati."
"visura-storica","VE","FOSSÒ","12","71","","F","","analitica","","","PVP sales 4 (214683,519915,746995,958955); Storica Analitica visura per immobile - Catasto Fabbricati."
"visura-storica","VE","FOSSÒ","12","71","","T","","analitica","","","PVP sales 4 (214683,519915,746995,958955); Storica Analitica visura per immobile - Catasto Terreni."
"visura-storica","VE","FOSSÒ","12","72","","F","","analitica","","","PVP sales 4 (214683,519915,746995,958955); Storica Analitica visura per immobile - Catasto Fabbricati."
"visura-storica","VE","FOSSÒ","12","72","","T","","analitica","","","PVP sales 4 (214683,519915,746995,958955); Storica Analitica visura per immobile - Catasto Terreni."
"visura-storica","VE","FOSSÒ","3","867","","F","","analitica","","","PVP sales 1 (4564027); Storica Analitica visura per immobile - Catasto Fabbricati."
"visura-storica","VE","FOSSÒ","3","867","","T","","analitica","","","PVP sales 1 (4564027); Storica Analitica visura per immobile - Catasto Terreni."
"visura-storica","VE","FOSSÒ","4","209","15","F","","analitica","","","PVP sales 1 (4545399); Storica Analitica visura per immobile - Catasto Fabbricati."
"visura-storica","VE","FOSSÒ","4","209","16","F","","analitica","","","PVP sales 1 (4545399); Storica Analitica visura per immobile - Catasto Fabbricati."
"visura-storica","VE","FOSSÒ","4","274","1","F","","analitica","","","PVP sales 1 (984928); Storica Analitica visura per immobile - Catasto Fabbricati."
"visura-storica","VE","FOSSÒ","4","504","2","F","","analitica","","","PVP sales 1 (4494278); Storica Analitica visura per immobile - Catasto Fabbricati."
"visura-storica","VE","FOSSÒ","4","504","7","F","","analitica","","","PVP sales 1 (4494278); Storica Analitica visura per immobile - Catasto Fabbricati."
"visura-storica","VE","FOSSÒ","5","194","35","F","","analitica","","","PVP sales 1 (4564001); Storica Analitica visura per immobile - Catasto Fabbricati."
"visura-storica","VE","FOSSÒ","5","194","52","F","","analitica","","","PVP sales 1 (4564001); Storica Analitica visura per immobile - Catasto Fabbricati."
"visura-storica","VE","FOSSÒ","5","261","","T","","analitica","","","PVP sales 2 (2174740,2261598); Storica Analitica visura per immobile - Catasto Terreni."
"visura-storica","VE","FOSSÒ","5","261","2","F","","analitica","","","PVP sales 2 (2174740,2261598); Storica Analitica visura per immobile - Catasto Fabbricati."
"visura-storica","VE","FOSSÒ","5","261","3","F","","analitica","","","PVP sales 2 (2174740,2261598); Storica Analitica visura per immobile - Catasto Fabbricati."
"visura-storica","VE","FOSSÒ","5","6783","24","F","","analitica","","","PVP sales 1 (797504); Storica Analitica visura per immobile - Catasto Fabbricati."
"visura-storica","VE","FOSSÒ","5","6783","5","F","","analitica","","","PVP sales 1 (797504); Storica Analitica visura per immobile - Catasto Fabbricati."
"visura-storica","VE","FOSSÒ","6","6","11","F","","analitica","","","PVP sales 2 (2182124,4216449); Storica Analitica visura per immobile - Catasto Fabbricati."
"visura-storica","VE","FOSSÒ","6","6","14","F","","analitica","","","PVP sales 2 (2182124,4216449); Storica Analitica visura per immobile - Catasto Fabbricati."
"visura-storica","VE","GRUARO","10","95","3","F","","analitica","","","PVP sales 2 (4489320,4543006); Storica Analitica visura per immobile - Catasto Fabbricati."
"visura-storica","VE","GRUARO","16","537","","F","","analitica","","","PVP sales 1 (1009150); Storica Analitica visura per immobile - Catasto Fabbricati."
"visura-storica","VE","GRUARO","16","537","","T","","analitica","","","PVP sales 1 (1009150); Storica Analitica visura per immobile - Catasto Terreni."
"visura-storica","VE","JESOLO","101","211","61","F","","analitica","","","PVP sales 1 (755662); Storica Analitica visura per immobile - Catasto Fabbricati."
"visura-storica","VE","JESOLO","101","22","12","F","","analitica","","","PVP sales 1 (132310); Storica Analitica visura per immobile - Catasto Fabbricati."
"visura-storica","VE","JESOLO","101","22","13","F","","analitica","","","PVP sales 1 (132310); Storica Analitica visura per immobile - Catasto Fabbricati."
"visura-storica","VE","JESOLO","102","45","20","F","","analitica","","","PVP sales 1 (530733); Storica Analitica visura per immobile - Catasto Fabbricati."
"visura-storica","VE","JESOLO","25","458","","T","","analitica","","","PVP sales 1 (2182796); Storica Analitica visura per immobile - Catasto Terreni."
"visura-storica","VE","JESOLO","25","73","4","F","","analitica","","","PVP sales 1 (839989); Storica Analitica visura per immobile - Catasto Fabbricati."
"visura-storica","VE","JESOLO","25","73","5","F","","analitica","","","PVP sales 1 (839989); Storica Analitica visura per immobile - Catasto Fabbricati."
"visura-storica","VE","JESOLO","38","183","2","F","","analitica","","","PVP sales 3 (429670,558652,738173); Storica Analitica visura per immobile - Catasto Fabbricati."
"visura-storica","VE","JESOLO","38","183","3","F","","analitica","","","PVP sales 3 (429670,558652,738173); Storica Analitica visura per immobile - Catasto Fabbricati."
"visura-storica","VE","JESOLO","39","86","1","F","","analitica","","","PVP sales 1 (4513912); Storica Analitica visura per immobile - Catasto Fabbricati."
"visura-storica","VE","JESOLO","39","86","2","F","","analitica","","","PVP sales 1 (4513912); Storica Analitica visura per immobile - Catasto Fabbricati."
"visura-storica","VE","JESOLO","40","310","4","F","","analitica","","","PVP sales 1 (1975700); Storica Analitica visura per immobile - Catasto Fabbricati."
"visura-storica","VE","JESOLO","40","310","5","F","","analitica","","","PVP sales 1 (1975700); Storica Analitica visura per immobile - Catasto Fabbricati."
"visura-storica","VE","JESOLO","52","1169","","F","","analitica","","","PVP sales 2 (2137561,4458655); Storica Analitica visura per immobile - Catasto Fabbricati."
"visura-storica","VE","JESOLO","52","1169","","T","","analitica","","","PVP sales 2 (2137561,4458655); Storica Analitica visura per immobile - Catasto Terreni."
"visura-storica","VE","JESOLO","52","1221","102","F","","analitica","","","PVP sales 4 (1514553,1634407,1702236,1813744); Storica Analitica visura per immobile - Catasto Fabbricati."
"visura-storica","VE","JESOLO","52","1221","103","F","","analitica","","","PVP sales 4 (1514553,1634407,1702236,1813744); Storica Analitica visura per immobile - Catasto Fabbricati."
"visura-storica","VE","JESOLO","52","1221","105","F","","analitica","","","PVP sales 2 (1634408,1702245); Storica Analitica visura per immobile - Catasto Fabbricati."
"visura-storica","VE","JESOLO","52","1221","12","F","","analitica","","","PVP sales 3 (1514551,1634406,1702260); Storica Analitica visura per immobile - Catasto Fabbricati."
"visura-storica","VE","JESOLO","52","1221","13","F","","analitica","","","PVP sales 1 (1514568); Storica Analitica visura per immobile - Catasto Fabbricati."
"visura-storica","VE","JESOLO","52","1221","15","F","","analitica","","","PVP sales 2 (1514569,1634269); Storica Analitica visura per immobile - Catasto Fabbricati."
"visura-storica","VE","JESOLO","52","1221","16","F","","analitica","","","PVP sales 2 (1514567,1634268); Storica Analitica visura per immobile - Catasto Fabbricati."
"visura-storica","VE","JESOLO","52","1221","17","F","","analitica","","","PVP sales 2 (1514567,1634268); Storica Analitica visura per immobile - Catasto Fabbricati."
"visura-storica","VE","JESOLO","52","1221","18","F","","analitica","","","PVP sales 3 (1514566,1634267,1702379); Storica Analitica visura per immobile - Catasto Fabbricati."
"visura-storica","VE","JESOLO","52","1221","19","F","","analitica","","","PVP sales 1 (1514495); Storica Analitica visura per immobile - Catasto Fabbricati."
"visura-storica","VE","JESOLO","52","1221","22","F","","analitica","","","PVP sales 3 (1514565,1634266,1702373); Storica Analitica visura per immobile - Catasto Fabbricati."
"visura-storica","VE","JESOLO","52","1221","25","F","","analitica","","","PVP sales 3 (1514559,1634409,1702279); Storica Analitica visura per immobile - Catasto Fabbricati."
"visura-storica","VE","JESOLO","52","1221","27","F","","analitica","","","PVP sales 3 (1514563,1634410,1702368); Storica Analitica visura per immobile - Catasto Fabbricati."
"visura-storica","VE","JESOLO","52","1221","64","F","","analitica","","","PVP sales 3 (1514559,1634409,1702279); Storica Analitica visura per immobile - Catasto Fabbricati."
"visura-storica","VE","JESOLO","52","1221","67","F","","analitica","","","PVP sales 3 (1514563,1634410,1702368); Storica Analitica visura per immobile - Catasto Fabbricati."
"visura-storica","VE","JESOLO","52","1221","70","F","","analitica","","","PVP sales 3 (1514566,1634267,1702379); Storica Analitica visura per immobile - Catasto Fabbricati."
"visura-storica","VE","JESOLO","52","1221","72","F","","analitica","","","PVP sales 3 (1514565,1634266,1702373); Storica Analitica visura per immobile - Catasto Fabbricati."
"visura-storica","VE","JESOLO","52","1221","81","F","","analitica","","","PVP sales 3 (1514551,1634406,1702260); Storica Analitica visura per immobile - Catasto Fabbricati."
"visura-storica","VE","JESOLO","52","1221","84","F","","analitica","","","PVP sales 1 (1514568); Storica Analitica visura per immobile - Catasto Fabbricati."
"visura-storica","VE","JESOLO","52","1221","99","F","","analitica","","","PVP sales 2 (1634408,1702245); Storica Analitica visura per immobile - Catasto Fabbricati."
"visura-storica","VE","JESOLO","52","625","2","F","","analitica","","","PVP sales 2 (2137561,4458655); Storica Analitica visura per immobile - Catasto Fabbricati."
"visura-storica","VE","JESOLO","52","625","3","F","","analitica","","","PVP sales 2 (2137561,4458655); Storica Analitica visura per immobile - Catasto Fabbricati."
"visura-storica","VE","JESOLO","52","863","15","F","","analitica","","","PVP sales 1 (2030657); Storica Analitica visura per immobile - Catasto Fabbricati."
"visura-storica","VE","JESOLO","52","863","7","F","","analitica","","","PVP sales 1 (2030657); Storica Analitica visura per immobile - Catasto Fabbricati."
"visura-storica","VE","JESOLO","60","573","","F","","analitica","","","PVP sales 2 (1578230,1676492); Storica Analitica visura per immobile - Catasto Fabbricati."
"visura-storica","VE","JESOLO","60","573","","T","","analitica","","","PVP sales 2 (1578230,1676492); Storica Analitica visura per immobile - Catasto Terreni."
"visura-storica","VE","JESOLO","62","556","175","F","","analitica","","","PVP sales 1 (4419144); Storica Analitica visura per immobile - Catasto Fabbricati."
"visura-storica","VE","JESOLO","62","556","58","F","","analitica","","","PVP sales 1 (4419144); Storica Analitica visura per immobile - Catasto Fabbricati."
"visura-storica","VE","JESOLO","69","228","5","F","","analitica","","","PVP sales 1 (1070333); Storica Analitica visura per immobile - Catasto Fabbricati."
"visura-storica","VE","JESOLO","70","1098","265","F","","analitica","","","PVP sales 1 (4471910); Storica Analitica visura per immobile - Catasto Fabbricati."
"visura-storica","VE","JESOLO","70","1098","308","F","","analitica","","","PVP sales 1 (4471910); Storica Analitica visura per immobile - Catasto Fabbricati."
"visura-storica","VE","JESOLO","70","1228","106","F","","analitica","","","PVP sales 1 (440773); Storica Analitica visura per immobile - Catasto Fabbricati."
"visura-storica","VE","JESOLO","70","1228","139","F","","analitica","","","PVP sales 1 (440773); Storica Analitica visura per immobile - Catasto Fabbricati."
"visura-storica","VE","JESOLO","70","354","15","F","","analitica","","","PVP sales 1 (4532374); Storica Analitica visura per immobile - Catasto Fabbricati."
"visura-storica","VE","JESOLO","70","354","16","F","","analitica","","","PVP sales 1 (4532374); Storica Analitica visura per immobile - Catasto Fabbricati."
"visura-storica","VE","JESOLO","70","56","51","F","","analitica","","","PVP sales 1 (4532374); Storica Analitica visura per immobile - Catasto Fabbricati."
"visura-storica","VE","JESOLO","71","177","14","F","","analitica","","","PVP sales 1 (1054836); Storica Analitica visura per immobile - Catasto Fabbricati."
"visura-storica","VE","JESOLO","71","177","23","F","","analitica","","","PVP sales 1 (1054836); Storica Analitica visura per immobile - Catasto Fabbricati."
"visura-storica","VE","JESOLO","71","683","9","F","","analitica","","","PVP sales 4 (2118775,4256654,4442162,4520630); Storica Analitica visura per immobile - Catasto Fabbricati."
"visura-storica","VE","JESOLO","73","1144","123","F","","analitica","","","PVP sales 1 (594154); Storica Analitica visura per immobile - Catasto Fabbricati."
"visura-storica","VE","JESOLO","73","1144","211","F","","analitica","","","PVP sales 1 (594154); Storica Analitica visura per immobile - Catasto Fabbricati."
"visura-storica","VE","JESOLO","73","1144","27","F","","analitica","","","PVP sales 1 (594154); Storica Analitica visura per immobile - Catasto Fabbricati."
"visura-storica","VE","JESOLO","73","241","104","F","","analitica","","","PVP sales 1 (974818); Storica Analitica visura per immobile - Catasto Fabbricati."
"visura-storica","VE","JESOLO","73","241","66","F","","analitica","","","PVP sales 1 (2093225); Storica Analitica visura per immobile - Catasto Fabbricati."
"visura-storica","VE","JESOLO","73","242","18","F","","analitica","","","PVP sales 1 (555612); Storica Analitica visura per immobile - Catasto Fabbricati."
"visura-storica","VE","JESOLO","74","1062","42","F","","analitica","","","PVP sales 1 (459000); Storica Analitica visura per immobile - Catasto Fabbricati."
"visura-storica","VE","JESOLO","74","1062","81","F","","analitica","","","PVP sales 1 (459000); Storica Analitica visura per immobile - Catasto Fabbricati."
"visura-storica","VE","JESOLO","78","106","","F","","analitica","","","PVP sales 1 (123920); Storica Analitica visura per immobile - Catasto Fabbricati."
"visura-storica","VE","JESOLO","78","106","","T","","analitica","","","PVP sales 1 (123920); Storica Analitica visura per immobile - Catasto Terreni."
"visura-storica","VE","JESOLO","78","107","","F","","analitica","","","PVP sales 1 (123920); Storica Analitica visura per immobile - Catasto Fabbricati."
"visura-storica","VE","JESOLO","78","107","","T","","analitica","","","PVP sales 1 (123920); Storica Analitica visura per immobile - Catasto Terreni."
"visura-storica","VE","JESOLO","78","118","","F","","analitica","","","PVP sales 1 (123920); Storica Analitica visura per immobile - Catasto Fabbricati."
"visura-storica","VE","JESOLO","78","118","","T","","analitica","","","PVP sales 1 (123920); Storica Analitica visura per immobile - Catasto Terreni."
"visura-storica","VE","JESOLO","78","120","","F","","analitica","","","PVP sales 1 (123920); Storica Analitica visura per immobile - Catasto Fabbricati."
"visura-storica","VE","JESOLO","78","120","","T","","analitica","","","PVP sales 1 (123920); Storica Analitica visura per immobile - Catasto Terreni."
"visura-storica","VE","JESOLO","78","147","","F","","analitica","","","PVP sales 1 (123920); Storica Analitica visura per immobile - Catasto Fabbricati."
"visura-storica","VE","JESOLO","78","147","","T","","analitica","","","PVP sales 1 (123920); Storica Analitica visura per immobile - Catasto Terreni."
"visura-storica","VE","JESOLO","78","148","","F","","analitica","","","PVP sales 1 (123920); Storica Analitica visura per immobile - Catasto Fabbricati."
"visura-storica","VE","JESOLO","78","148","","T","","analitica","","","PVP sales 1 (123920); Storica Analitica visura per immobile - Catasto Terreni."
"visura-storica","VE","JESOLO","78","19","","F","","analitica","","","PVP sales 1 (123920); Storica Analitica visura per immobile - Catasto Fabbricati."
"visura-storica","VE","JESOLO","78","19","","T","","analitica","","","PVP sales 1 (123920); Storica Analitica visura per immobile - Catasto Terreni."
"visura-storica","VE","JESOLO","78","193","","F","","analitica","","","PVP sales 1 (123920); Storica Analitica visura per immobile - Catasto Fabbricati."
"visura-storica","VE","JESOLO","78","193","","T","","analitica","","","PVP sales 1 (123920); Storica Analitica visura per immobile - Catasto Terreni."
"visura-storica","VE","JESOLO","78","229","","F","","analitica","","","PVP sales 1 (1545113); Storica Analitica visura per immobile - Catasto Fabbricati."
"visura-storica","VE","JESOLO","78","229","","T","","analitica","","","PVP sales 1 (1545113); Storica Analitica visura per immobile - Catasto Terreni."
"visura-storica","VE","JESOLO","78","271","","F","","analitica","","","PVP sales 1 (123920); Storica Analitica visura per immobile - Catasto Fabbricati."
"visura-storica","VE","JESOLO","78","271","","T","","analitica","","","PVP sales 1 (123920); Storica Analitica visura per immobile - Catasto Terreni."
"visura-storica","VE","JESOLO","78","273","","F","","analitica","","","PVP sales 1 (123920); Storica Analitica visura per immobile - Catasto Fabbricati."
"visura-storica","VE","JESOLO","78","273","","T","","analitica","","","PVP sales 1 (123920); Storica Analitica visura per immobile - Catasto Terreni."
"visura-storica","VE","JESOLO","78","346","","F","","analitica","","","PVP sales 1 (123920); Storica Analitica visura per immobile - Catasto Fabbricati."
"visura-storica","VE","JESOLO","78","346","","T","","analitica","","","PVP sales 1 (123920); Storica Analitica visura per immobile - Catasto Terreni."
"visura-storica","VE","JESOLO","78","347","","F","","analitica","","","PVP sales 1 (123920); Storica Analitica visura per immobile - Catasto Fabbricati."
"visura-storica","VE","JESOLO","78","347","","T","","analitica","","","PVP sales 1 (123920); Storica Analitica visura per immobile - Catasto Terreni."
"visura-storica","VE","JESOLO","78","348","","F","","analitica","","","PVP sales 1 (123920); Storica Analitica visura per immobile - Catasto Fabbricati."
"visura-storica","VE","JESOLO","78","348","","T","","analitica","","","PVP sales 1 (123920); Storica Analitica visura per immobile - Catasto Terreni."
"visura-storica","VE","JESOLO","78","349","","F","","analitica","","","PVP sales 1 (123920); Storica Analitica visura per immobile - Catasto Fabbricati."
"visura-storica","VE","JESOLO","78","349","","T","","analitica","","","PVP sales 1 (123920); Storica Analitica visura per immobile - Catasto Terreni."
"visura-storica","VE","JESOLO","78","369","11","F","","analitica","","","PVP sales 1 (336685); Storica Analitica visura per immobile - Catasto Fabbricati."
"visura-storica","VE","JESOLO","78","369","19","F","","analitica","","","PVP sales 1 (336687); Storica Analitica visura per immobile - Catasto Fabbricati."
"visura-storica","VE","JESOLO","78","369","20","F","","analitica","","","PVP sales 1 (336688); Storica Analitica visura per immobile - Catasto Fabbricati."
"visura-storica","VE","JESOLO","78","369","22","F","","analitica","","","PVP sales 1 (337086); Storica Analitica visura per immobile - Catasto Fabbricati."
"visura-storica","VE","JESOLO","78","369","23","F","","analitica","","","PVP sales 1 (338918); Storica Analitica visura per immobile - Catasto Fabbricati."
"visura-storica","VE","JESOLO","78","369","24","F","","analitica","","","PVP sales 1 (337248); Storica Analitica visura per immobile - Catasto Fabbricati."
"visura-storica","VE","JESOLO","78","369","29","F","","analitica","","","PVP sales 1 (337249); Storica Analitica visura per immobile - Catasto Fabbricati."
"visura-storica","VE","JESOLO","78","369","3","F","","analitica","","","PVP sales 1 (338408); Storica Analitica visura per immobile - Catasto Fabbricati."
"visura-storica","VE","JESOLO","78","369","30","F","","analitica","","","PVP sales 1 (340292); Storica Analitica visura per immobile - Catasto Fabbricati."
"visura-storica","VE","JESOLO","78","369","31","F","","analitica","","","PVP sales 2 (339301,339304); Storica Analitica visura per immobile - Catasto Fabbricati."
"visura-storica","VE","JESOLO","78","369","8","F","","analitica","","","PVP sales 1 (338410); Storica Analitica visura per immobile - Catasto Fabbricati."
"visura-storica","VE","JESOLO","78","39","","F","","analitica","","","PVP sales 1 (123920); Storica Analitica visura per immobile - Catasto Fabbricati."
"visura-storica","VE","JESOLO","78","39","","T","","analitica","","","PVP sales 1 (123920); Storica Analitica visura per immobile - Catasto Terreni."
"visura-storica","VE","JESOLO","78","399","47","F","","analitica","","","PVP sales 1 (355065); Storica Analitica visura per immobile - Catasto Fabbricati."
"visura-storica","VE","JESOLO","78","399","48","F","","analitica","","","PVP sales 1 (355074); Storica Analitica visura per immobile - Catasto Fabbricati."
"visura-storica","VE","JESOLO","78","399","51","F","","analitica","","","PVP sales 1 (355109); Storica Analitica visura per immobile - Catasto Fabbricati."
"visura-storica","VE","JESOLO","78","399","52","F","","analitica","","","PVP sales 1 (355091); Storica Analitica visura per immobile - Catasto Fabbricati."
"visura-storica","VE","JESOLO","78","399","55","F","","analitica","","","PVP sales 1 (355092); Storica Analitica visura per immobile - Catasto Fabbricati."
"visura-storica","VE","JESOLO","78","399","56","F","","analitica","","","PVP sales 1 (355093); Storica Analitica visura per immobile - Catasto Fabbricati."
"visura-storica","VE","JESOLO","78","399","67","F","","analitica","","","PVP sales 1 (355124); Storica Analitica visura per immobile - Catasto Fabbricati."
"visura-storica","VE","JESOLO","78","399","68","F","","analitica","","","PVP sales 1 (355128); Storica Analitica visura per immobile - Catasto Fabbricati."
"visura-storica","VE","JESOLO","78","399","69","F","","analitica","","","PVP sales 1 (355130); Storica Analitica visura per immobile - Catasto Fabbricati."
"visura-storica","VE","JESOLO","78","40","","F","","analitica","","","PVP sales 1 (123920); Storica Analitica visura per immobile - Catasto Fabbricati."
"visura-storica","VE","JESOLO","78","40","","T","","analitica","","","PVP sales 1 (123920); Storica Analitica visura per immobile - Catasto Terreni."
"visura-storica","VE","JESOLO","78","400","48","F","","analitica","","","PVP sales 1 (339585); Storica Analitica visura per immobile - Catasto Fabbricati."
"visura-storica","VE","JESOLO","78","71","1","F","","analitica","","","PVP sales 1 (123920); Storica Analitica visura per immobile - Catasto Fabbricati."
"visura-storica","VE","JESOLO","78","71","2","F","","analitica","","","PVP sales 1 (123920); Storica Analitica visura per immobile - Catasto Fabbricati."
"visura-storica","VE","JESOLO","78","71","3","F","","analitica","","","PVP sales 1 (123920); Storica Analitica visura per immobile - Catasto Fabbricati."
"visura-storica","VE","JESOLO","78","72","","F","","analitica","","","PVP sales 1 (123920); Storica Analitica visura per immobile - Catasto Fabbricati."
"visura-storica","VE","JESOLO","78","72","","T","","analitica","","","PVP sales 1 (123920); Storica Analitica visura per immobile - Catasto Terreni."
"visura-storica","VE","JESOLO","78","75","","F","","analitica","","","PVP sales 1 (123920); Storica Analitica visura per immobile - Catasto Fabbricati."
"visura-storica","VE","JESOLO","78","75","","T","","analitica","","","PVP sales 1 (123920); Storica Analitica visura per immobile - Catasto Terreni."
"visura-storica","VE","JESOLO","78","78","","F","","analitica","","","PVP sales 1 (123920); Storica Analitica visura per immobile - Catasto Fabbricati."
"visura-storica","VE","JESOLO","78","78","","T","","analitica","","","PVP sales 1 (123920); Storica Analitica visura per immobile - Catasto Terreni."
"visura-storica","VE","JESOLO","78","80","","F","","analitica","","","PVP sales 1 (123920); Storica Analitica visura per immobile - Catasto Fabbricati."
"visura-storica","VE","JESOLO","78","80","","T","","analitica","","","PVP sales 1 (123920); Storica Analitica visura per immobile - Catasto Terreni."
"visura-storica","VE","JESOLO","78","89","","F","","analitica","","","PVP sales 1 (123920); Storica Analitica visura per immobile - Catasto Fabbricati."
"visura-storica","VE","JESOLO","78","89","","T","","analitica","","","PVP sales 1 (123920); Storica Analitica visura per immobile - Catasto Terreni."
"visura-storica","VE","JESOLO","79","313","10","F","","analitica","","","PVP sales 1 (4478755); Storica Analitica visura per immobile - Catasto Fabbricati."
"visura-storica","VE","JESOLO","79","313","2","F","","analitica","","","PVP sales 1 (4478755); Storica Analitica visura per immobile - Catasto Fabbricati."
"visura-storica","VE","JESOLO","79","313","6","F","","analitica","","","PVP sales 1 (4478755); Storica Analitica visura per immobile - Catasto Fabbricati."
"visura-storica","VE","JESOLO","79","564","82","F","","analitica","","","PVP sales 1 (178425); Storica Analitica visura per immobile - Catasto Fabbricati."
"visura-storica","VE","JESOLO","79","564","83","F","","analitica","","","PVP sales 1 (178425); Storica Analitica visura per immobile - Catasto Fabbricati."
"visura-storica","VE","JESOLO","81","182","","F","","analitica","","","PVP sales 1 (211125); Storica Analitica visura per immobile - Catasto Fabbricati."
"visura-storica","VE","JESOLO","81","182","","T","","analitica","","","PVP sales 1 (211125); Storica Analitica visura per immobile - Catasto Terreni."
"visura-storica","VE","JESOLO","81","184","","F","","analitica","","","PVP sales 1 (211125); Storica Analitica visura per immobile - Catasto Fabbricati."
"visura-storica","VE","JESOLO","81","184","","T","","analitica","","","PVP sales 1 (211125); Storica Analitica visura per immobile - Catasto Terreni."
"visura-storica","VE","JESOLO","99","123","57","F","","analitica","","","PVP sales 1 (162279); Storica Analitica visura per immobile - Catasto Fabbricati."
"visura-storica","VE","JESOLO","99","262","62","F","","analitica","","","PVP sales 1 (2164460); Storica Analitica visura per immobile - Catasto Fabbricati."
"visura-storica","VE","MARCON","14","877","","F","","analitica","","","PVP sales 1 (1813957); Storica Analitica visura per immobile - Catasto Fabbricati."
"visura-storica","VE","MARCON","14","877","","T","","analitica","","","PVP sales 1 (1813957); Storica Analitica visura per immobile - Catasto Terreni."
"visura-storica","VE","MARCON","15","191","6","F","","analitica","","","PVP sales 1 (4240866); Storica Analitica visura per immobile - Catasto Fabbricati."
"visura-storica","VE","MARCON","15","191","8","F","","analitica","","","PVP sales 1 (4240866); Storica Analitica visura per immobile - Catasto Fabbricati."
"visura-storica","VE","MARCON","2","827","46","F","","analitica","","","PVP sales 2 (959858,1075947); Storica Analitica visura per immobile - Catasto Fabbricati."
"visura-storica","VE","MARCON","4","575","1","F","","analitica","","","PVP sales 1 (2167139); Storica Analitica visura per immobile - Catasto Fabbricati."
"visura-storica","VE","MARCON","4","575","2","F","","analitica","","","PVP sales 1 (2167139); Storica Analitica visura per immobile - Catasto Fabbricati."
"visura-storica","VE","MARCON","4","575","3","F","","analitica","","","PVP sales 1 (2167139); Storica Analitica visura per immobile - Catasto Fabbricati."
"visura-storica","VE","MARCON","5","1226","60","F","","analitica","","","PVP sales 1 (4223885); Storica Analitica visura per immobile - Catasto Fabbricati."
"visura-storica","VE","MARCON","5","1226","61","F","","analitica","","","PVP sales 1 (4223885); Storica Analitica visura per immobile - Catasto Fabbricati."
"visura-storica","VE","MARCON","5","1259","5","F","","analitica","","","PVP sales 1 (4543914); Storica Analitica visura per immobile - Catasto Fabbricati."
"visura-storica","VE","MARCON","5","1259","8","F","","analitica","","","PVP sales 1 (4543914); Storica Analitica visura per immobile - Catasto Fabbricati."
"visura-storica","VE","MARCON","5","1554","3","F","","analitica","","","PVP sales 1 (456518); Storica Analitica visura per immobile - Catasto Fabbricati."
"visura-storica","VE","MARCON","5","1554","41","F","","analitica","","","PVP sales 1 (456518); Storica Analitica visura per immobile - Catasto Fabbricati."
"visura-storica","VE","MARCON","5","1885","","F","","analitica","","","PVP sales 4 (895574,895870,1028699,1030599); Storica Analitica visura per immobile - Catasto Fabbricati."
"visura-storica","VE","MARCON","5","1885","","T","","analitica","","","PVP sales 4 (895574,895870,1028699,1030599); Storica Analitica visura per immobile - Catasto Terreni."
"visura-storica","VE","MARTELLAGO","10","951","2","F","","analitica","","","PVP sales 3 (4418989,4489873,4565197); Storica Analitica visura per immobile - Catasto Fabbricati."
"visura-storica","VE","MARTELLAGO","15","124","14","F","","analitica","","","PVP sales 1 (409834); Storica Analitica visura per immobile - Catasto Fabbricati."
"visura-storica","VE","MARTELLAGO","15","468","12","F","","analitica","","","PVP sales 1 (409834); Storica Analitica visura per immobile - Catasto Fabbricati."
"visura-storica","VE","MARTELLAGO","15","468","17","F","","analitica","","","PVP sales 1 (409834); Storica Analitica visura per immobile - Catasto Fabbricati."
"visura-storica","VE","MARTELLAGO","5","43","5","F","","analitica","","","PVP sales 1 (4518548); Storica Analitica visura per immobile - Catasto Fabbricati."
"visura-storica","VE","MARTELLAGO","5","43","8","F","","analitica","","","PVP sales 1 (4518548); Storica Analitica visura per immobile - Catasto Fabbricati."
"visura-storica","VE","MARTELLAGO","5","43","9","F","","analitica","","","PVP sales 1 (4518548); Storica Analitica visura per immobile - Catasto Fabbricati."
"visura-storica","VE","MARTELLAGO","8","594","3","F","","analitica","","","PVP sales 1 (2178293); Storica Analitica visura per immobile - Catasto Fabbricati."
"visura-storica","VE","MARTELLAGO","8","675","28","F","","analitica","","","PVP sales 1 (1522442); Storica Analitica visura per immobile - Catasto Fabbricati."
"visura-storica","VE","MARTELLAGO","8","675","29","F","","analitica","","","PVP sales 1 (1522442); Storica Analitica visura per immobile - Catasto Fabbricati."
"visura-storica","VE","MARTELLAGO","8","675","30","F","","analitica","","","PVP sales 1 (1522442); Storica Analitica visura per immobile - Catasto Fabbricati."
"visura-storica","VE","MEOLO","13","236","8","F","","analitica","","","PVP sales 1 (1012427); Storica Analitica visura per immobile - Catasto Fabbricati."
"visura-storica","VE","MEOLO","14","158","14","F","","analitica","","","PVP sales 3 (2121830,2222828,4255044); Storica Analitica visura per immobile - Catasto Fabbricati."
"visura-storica","VE","MEOLO","14","158","20","F","","analitica","","","PVP sales 3 (2121830,2222828,4255044); Storica Analitica visura per immobile - Catasto Fabbricati."
"visura-storica","VE","MEOLO","14","158","48","F","","analitica","","","PVP sales 3 (2121830,2222828,4255044); Storica Analitica visura per immobile - Catasto Fabbricati."
"visura-storica","VE","MEOLO","14","313","1","F","","analitica","","","PVP sales 1 (4562188); Storica Analitica visura per immobile - Catasto Fabbricati."
"visura-storica","VE","MEOLO","19","131","19","F","","analitica","","","PVP sales 1 (4438326); Storica Analitica visura per immobile - Catasto Fabbricati."
"visura-storica","VE","MEOLO","19","131","5","F","","analitica","","","PVP sales 1 (4438326); Storica Analitica visura per immobile - Catasto Fabbricati."
"visura-storica","VE","MEOLO","19","87","14","F","","analitica","","","PVP sales 1 (606368); Storica Analitica visura per immobile - Catasto Fabbricati."
"visura-storica","VE","MEOLO","2","122","12","F","","analitica","","","PVP sales 1 (4567721); Storica Analitica visura per immobile - Catasto Fabbricati."
"visura-storica","VE","MEOLO","2","122","13","F","","analitica","","","PVP sales 1 (4567721); Storica Analitica visura per immobile - Catasto Fabbricati."
"visura-storica","VE","MEOLO","4","374","15","F","","analitica","","","PVP sales 1 (4534554); Storica Analitica visura per immobile - Catasto Fabbricati."
"visura-storica","VE","MEOLO","4","374","48","F","","analitica","","","PVP sales 1 (4534554); Storica Analitica visura per immobile - Catasto Fabbricati."
"visura-storica","VE","MEOLO","6","75","","F","","analitica","","","PVP sales 1 (2249859); Storica Analitica visura per immobile - Catasto Fabbricati."
"visura-storica","VE","MEOLO","6","75","","T","","analitica","","","PVP sales 1 (2249859); Storica Analitica visura per immobile - Catasto Terreni."
"visura-storica","VE","MIRA","10","1381","2","F","","analitica","","","PVP sales 1 (2260768); Storica Analitica visura per immobile - Catasto Fabbricati."
"visura-storica","VE","MIRA","10","1381","3","F","","analitica","","","PVP sales 1 (2260768); Storica Analitica visura per immobile - Catasto Fabbricati."
"visura-storica","VE","MIRA","10","1381","6","F","","analitica","","","PVP sales 1 (2260768); Storica Analitica visura per immobile - Catasto Fabbricati."
"visura-storica","VE","MIRA","10","27","18","F","","analitica","","","PVP sales 1 (277846); Storica Analitica visura per immobile - Catasto Fabbricati."
"visura-storica","VE","MIRA","11","134","6","F","","analitica","","","PVP sales 1 (4544746); Storica Analitica visura per immobile - Catasto Fabbricati."
"visura-storica","VE","MIRA","12","330","2","F","","analitica","","","PVP sales 2 (350342,579402); Storica Analitica visura per immobile - Catasto Fabbricati."
"visura-storica","VE","MIRA","12","330","3","F","","analitica","","","PVP sales 2 (350342,579402); Storica Analitica visura per immobile - Catasto Fabbricati."
"visura-storica","VE","MIRA","12","330","5","F","","analitica","","","PVP sales 2 (350342,579402); Storica Analitica visura per immobile - Catasto Fabbricati."
"visura-storica","VE","MIRA","14","138","","F","","analitica","","","PVP sales 1 (2084335); Storica Analitica visura per immobile - Catasto Fabbricati."
"visura-storica","VE","MIRA","14","138","","T","","analitica","","","PVP sales 1 (2084335); Storica Analitica visura per immobile - Catasto Terreni."
"visura-storica","VE","MIRA","14","168","42","F","","analitica","","","PVP sales 1 (1516028); Storica Analitica visura per immobile - Catasto Fabbricati."
"visura-storica","VE","MIRA","15","1491","","F","","analitica","","","PVP sales 1 (2165016); Storica Analitica visura per immobile - Catasto Fabbricati."
"visura-storica","VE","MIRA","15","1491","","T","","analitica","","","PVP sales 1 (2165016); Storica Analitica visura per immobile - Catasto Terreni."
"visura-storica","VE","MIRA","15","1492","","F","","analitica","","","PVP sales 1 (2165016); Storica Analitica visura per immobile - Catasto Fabbricati."
"visura-storica","VE","MIRA","15","1492","","T","","analitica","","","PVP sales 1 (2165016); Storica Analitica visura per immobile - Catasto Terreni."
"visura-storica","VE","MIRA","15","1493","","F","","analitica","","","PVP sales 1 (2165016); Storica Analitica visura per immobile - Catasto Fabbricati."
"visura-storica","VE","MIRA","15","1493","","T","","analitica","","","PVP sales 1 (2165016); Storica Analitica visura per immobile - Catasto Terreni."
"visura-storica","VE","MIRA","15","1870","2","F","","analitica","","","PVP sales 1 (4440959); Storica Analitica visura per immobile - Catasto Fabbricati."
"visura-storica","VE","MIRA","15","1957","12","F","","analitica","","","PVP sales 1 (2201395); Storica Analitica visura per immobile - Catasto Fabbricati."
"visura-storica","VE","MIRA","15","1957","5","F","","analitica","","","PVP sales 1 (2201395); Storica Analitica visura per immobile - Catasto Fabbricati."
"visura-storica","VE","MIRA","15","684","21","F","","analitica","","","PVP sales 1 (1656765); Storica Analitica visura per immobile - Catasto Fabbricati."
"visura-storica","VE","MIRA","16","288","","F","","analitica","","","PVP sales 1 (290422); Storica Analitica visura per immobile - Catasto Fabbricati."
"visura-storica","VE","MIRA","16","288","","T","","analitica","","","PVP sales 1 (290422); Storica Analitica visura per immobile - Catasto Terreni."
"visura-storica","VE","MIRA","16","42","","F","","analitica","","","PVP sales 1 (290422); Storica Analitica visura per immobile - Catasto Fabbricati."
"visura-storica","VE","MIRA","16","42","","T","","analitica","","","PVP sales 1 (290422); Storica Analitica visura per immobile - Catasto Terreni."
"visura-storica","VE","MIRA","16","593","","F","","analitica","","","PVP sales 1 (290422); Storica Analitica visura per immobile - Catasto Fabbricati."
"visura-storica","VE","MIRA","16","593","","T","","analitica","","","PVP sales 1 (290422); Storica Analitica visura per immobile - Catasto Terreni."
"visura-storica","VE","MIRA","16","594","","F","","analitica","","","PVP sales 1 (290422); Storica Analitica visura per immobile - Catasto Fabbricati."
"visura-storica","VE","MIRA","16","594","","T","","analitica","","","PVP sales 1 (290422); Storica Analitica visura per immobile - Catasto Terreni."
"visura-storica","VE","MIRA","23","385","18","F","","analitica","","","PVP sales 2 (984424,1437372); Storica Analitica visura per immobile - Catasto Fabbricati."
"visura-storica","VE","MIRA","23","79","1","F","","analitica","","","PVP sales 1 (463052); Storica Analitica visura per immobile - Catasto Fabbricati."
"visura-storica","VE","MIRA","23","79","3","F","","analitica","","","PVP sales 1 (463052); Storica Analitica visura per immobile - Catasto Fabbricati."
"visura-storica","VE","MIRA","24","344","22","F","","analitica","","","PVP sales 2 (505294,784326); Storica Analitica visura per immobile - Catasto Fabbricati."
"visura-storica","VE","MIRA","26","1602","14","F","","analitica","","","PVP sales 1 (917307); Storica Analitica visura per immobile - Catasto Fabbricati."
"visura-storica","VE","MIRA","26","1793","13","F","","analitica","","","PVP sales 1 (2191205); Storica Analitica visura per immobile - Catasto Fabbricati."
"visura-storica","VE","MIRA","26","1793","8","F","","analitica","","","PVP sales 1 (2191205); Storica Analitica visura per immobile - Catasto Fabbricati."
"visura-storica","VE","MIRA","26","2543","58","F","","analitica","","","PVP sales 4 (505300,784693,1068094,1153292); Storica Analitica visura per immobile - Catasto Fabbricati."
"visura-storica","VE","MIRA","26","2543","8","F","","analitica","","","PVP sales 4 (505300,784693,1068094,1153292); Storica Analitica visura per immobile - Catasto Fabbricati."
"visura-storica","VE","MIRA","27","316","","F","","analitica","","","PVP sales 1 (4228789); Storica Analitica visura per immobile - Catasto Fabbricati."
"visura-storica","VE","MIRA","27","316","","T","","analitica","","","PVP sales 1 (4228789); Storica Analitica visura per immobile - Catasto Terreni."
"visura-storica","VE","MIRA","27","653","2","F","","analitica","","","PVP sales 1 (2064329); Storica Analitica visura per immobile - Catasto Fabbricati."
"visura-storica","VE","MIRA","3","73","4","F","","analitica","","","PVP sales 1 (502758); Storica Analitica visura per immobile - Catasto Fabbricati."
"visura-storica","VE","MIRA","3","73","8","F","","analitica","","","PVP sales 1 (502758); Storica Analitica visura per immobile - Catasto Fabbricati."
"visura-storica","VE","MIRA","32","193","6","F","","analitica","","","PVP sales 3 (790019,957398,1106671); Storica Analitica visura per immobile - Catasto Fabbricati."
"visura-storica","VE","MIRA","34","243","","F","","analitica","","","PVP sales 1 (2107916); Storica Analitica visura per immobile - Catasto Fabbricati."
"visura-storica","VE","MIRA","34","243","","T","","analitica","","","PVP sales 1 (2107916); Storica Analitica visura per immobile - Catasto Terreni."
"visura-storica","VE","MIRA","35","316","","F","","analitica","","","PVP sales 1 (2249479); Storica Analitica visura per immobile - Catasto Fabbricati."
"visura-storica","VE","MIRA","35","316","","T","","analitica","","","PVP sales 1 (2249479); Storica Analitica visura per immobile - Catasto Terreni."
"visura-storica","VE","MIRA","35","733","22","F","","analitica","","","PVP sales 1 (1597735); Storica Analitica visura per immobile - Catasto Fabbricati."
"visura-storica","VE","MIRA","35","733","28","F","","analitica","","","PVP sales 1 (1597735); Storica Analitica visura per immobile - Catasto Fabbricati."
"visura-storica","VE","MIRA","35","749","25","F","","analitica","","","PVP sales 1 (4512664); Storica Analitica visura per immobile - Catasto Fabbricati."
"visura-storica","VE","MIRA","35","749","4","F","","analitica","","","PVP sales 1 (4512664); Storica Analitica visura per immobile - Catasto Fabbricati."
"visura-storica","VE","MIRA","37","648","19","F","","analitica","","","PVP sales 1 (4543583); Storica Analitica visura per immobile - Catasto Fabbricati."
"visura-storica","VE","MIRA","37","648","25","F","","analitica","","","PVP sales 1 (4543583); Storica Analitica visura per immobile - Catasto Fabbricati."
"visura-storica","VE","MIRA","37","7","3","F","","analitica","","","PVP sales 1 (358100); Storica Analitica visura per immobile - Catasto Fabbricati."
"visura-storica","VE","MIRA","37","7","6","F","","analitica","","","PVP sales 1 (358100); Storica Analitica visura per immobile - Catasto Fabbricati."
"visura-storica","VE","MIRA","38","276","12","F","","analitica","","","PVP sales 1 (4438411); Storica Analitica visura per immobile - Catasto Fabbricati."
"visura-storica","VE","MIRA","38","276","13","F","","analitica","","","PVP sales 1 (4437689); Storica Analitica visura per immobile - Catasto Fabbricati."
"visura-storica","VE","MIRA","38","276","14","F","","analitica","","","PVP sales 1 (4437689); Storica Analitica visura per immobile - Catasto Fabbricati."
"visura-storica","VE","MIRA","4","503","","F","","analitica","","","PVP sales 1 (4535013); Storica Analitica visura per immobile - Catasto Fabbricati."
"visura-storica","VE","MIRA","4","503","","T","","analitica","","","PVP sales 1 (4535013); Storica Analitica visura per immobile - Catasto Terreni."
"visura-storica","VE","MIRA","41","144","","F","","analitica","","","PVP sales 1 (1524776); Storica Analitica visura per immobile - Catasto Fabbricati."
"visura-storica","VE","MIRA","41","144","","T","","analitica","","","PVP sales 1 (1524776); Storica Analitica visura per immobile - Catasto Terreni."
"visura-storica","VE","MIRA","42","341","12","F","","analitica","","","PVP sales 1 (4440378); Storica Analitica visura per immobile - Catasto Fabbricati."
"visura-storica","VE","MIRA","42","425","","T","","analitica","","","PVP sales 1 (4440378); Storica Analitica visura per immobile - Catasto Terreni."
"visura-storica","VE","MIRA","42","432","","T","","analitica","","","PVP sales 1 (4440378); Storica Analitica visura per immobile - Catasto Terreni."
"visura-storica","VE","MIRA","43","192","2","F","","analitica","","","PVP sales 1 (476318); Storica Analitica visura per immobile - Catasto Fabbricati."
"visura-storica","VE","MIRA","43","193","1","F","","analitica","","","PVP sales 1 (476318); Storica Analitica visura per immobile - Catasto Fabbricati."
"visura-storica","VE","MIRA","44","243","3","F","","analitica","","","PVP sales 1 (4573184); Storica Analitica visura per immobile - Catasto Fabbricati."
"visura-storica","VE","MIRA","46","376","","F","","analitica","","","PVP sales 1 (4538997); Storica Analitica visura per immobile - Catasto Fabbricati."
"visura-storica","VE","MIRA","46","376","","T","","analitica","","","PVP sales 1 (4538997); Storica Analitica visura per immobile - Catasto Terreni."
"visura-storica","VE","MIRA","46","376","6","F","","analitica","","","PVP sales 1 (4538997); Storica Analitica visura per immobile - Catasto Fabbricati."
"visura-storica","VE","MIRA","46","486","","F","","analitica","","","PVP sales 1 (2258215); Storica Analitica visura per immobile - Catasto Fabbricati."
"visura-storica","VE","MIRA","46","486","","T","","analitica","","","PVP sales 1 (2258215); Storica Analitica visura per immobile - Catasto Terreni."
"visura-storica","VE","MIRA","46","505","","F","","analitica","","","PVP sales 1 (4538997); Storica Analitica visura per immobile - Catasto Fabbricati."
"visura-storica","VE","MIRA","46","505","","T","","analitica","","","PVP sales 1 (4538997); Storica Analitica visura per immobile - Catasto Terreni."
"visura-storica","VE","MIRA","46","506","","F","","analitica","","","PVP sales 1 (4538997); Storica Analitica visura per immobile - Catasto Fabbricati."
"visura-storica","VE","MIRA","46","506","","T","","analitica","","","PVP sales 1 (4538997); Storica Analitica visura per immobile - Catasto Terreni."
"visura-storica","VE","MIRA","46","53","2","F","","analitica","","","PVP sales 1 (2258215); Storica Analitica visura per immobile - Catasto Fabbricati."
"visura-storica","VE","MIRA","46","539","","F","","analitica","","","PVP sales 1 (4538997); Storica Analitica visura per immobile - Catasto Fabbricati."
"visura-storica","VE","MIRA","46","539","","T","","analitica","","","PVP sales 1 (4538997); Storica Analitica visura per immobile - Catasto Terreni."
"visura-storica","VE","MIRA","46","541","","F","","analitica","","","PVP sales 1 (2258215); Storica Analitica visura per immobile - Catasto Fabbricati."
"visura-storica","VE","MIRA","46","541","","T","","analitica","","","PVP sales 1 (2258215); Storica Analitica visura per immobile - Catasto Terreni."
"visura-storica","VE","MIRA","46","55","5","F","","analitica","","","PVP sales 3 (2259625,4416820,4470161); Storica Analitica visura per immobile - Catasto Fabbricati."
"visura-storica","VE","MIRA","46","55","6","F","","analitica","","","PVP sales 3 (2258183,4416820,4470161); Storica Analitica visura per immobile - Catasto Fabbricati."
"visura-storica","VE","MIRA","46","55","7","F","","analitica","","","PVP sales 3 (2259625,4416820,4470161); Storica Analitica visura per immobile - Catasto Fabbricati."
"visura-storica","VE","MIRA","46","595","","F","","analitica","","","PVP sales 1 (2258215); Storica Analitica visura per immobile - Catasto Fabbricati."
"visura-storica","VE","MIRA","46","595","","T","","analitica","","","PVP sales 1 (2258215); Storica Analitica visura per immobile - Catasto Terreni."
"visura-storica","VE","MIRA","48","146","10","F","","analitica","","","PVP sales 3 (4430553,4478610,4525404); Storica Analitica visura per immobile - Catasto Fabbricati."
"visura-storica","VE","MIRA","48","146","6","F","","analitica","","","PVP sales 3 (4430553,4478610,4525404); Storica Analitica visura per immobile - Catasto Fabbricati."
"visura-storica","VE","MIRA","48","146","7","F","","analitica","","","PVP sales 3 (4430799,4478638,4525420); Storica Analitica visura per immobile - Catasto Fabbricati."
"visura-storica","VE","MIRA","48","146","8","F","","analitica","","","PVP sales 3 (4430799,4478638,4525420); Storica Analitica visura per immobile - Catasto Fabbricati."
"visura-storica","VE","MIRA","48","146","9","F","","analitica","","","PVP sales 3 (4430799,4478638,4525420); Storica Analitica visura per immobile - Catasto Fabbricati."
"visura-storica","VE","MIRA","7","573","5","F","","analitica","","","PVP sales 1 (4515347); Storica Analitica visura per immobile - Catasto Fabbricati."
"visura-storica","VE","MIRA","9","1682","216","F","","analitica","","","PVP sales 2 (985830,1116759); Storica Analitica visura per immobile - Catasto Fabbricati."
"visura-storica","VE","MIRA","9","1682","6","F","","analitica","","","PVP sales 2 (985830,1116759); Storica Analitica visura per immobile - Catasto Fabbricati."
"visura-storica","VE","MIRANO","11","285","34","F","","analitica","","","PVP sales 1 (2093878); Storica Analitica visura per immobile - Catasto Fabbricati."
"visura-storica","VE","MIRANO","11","285","46","F","","analitica","","","PVP sales 1 (2093878); Storica Analitica visura per immobile - Catasto Fabbricati."
"visura-storica","VE","MIRANO","12","1009","12","F","","analitica","","","PVP sales 1 (470856); Storica Analitica visura per immobile - Catasto Fabbricati."
"visura-storica","VE","MIRANO","12","1009","13","F","","analitica","","","PVP sales 1 (470872); Storica Analitica visura per immobile - Catasto Fabbricati."
"visura-storica","VE","MIRANO","12","1009","6","F","","analitica","","","PVP sales 2 (470856,470872); Storica Analitica visura per immobile - Catasto Fabbricati."
"visura-storica","VE","MIRANO","16","469","2","F","","analitica","","","PVP sales 2 (4516823,4561453); Storica Analitica visura per immobile - Catasto Fabbricati."
"visura-storica","VE","MIRANO","16","469","3","F","","analitica","","","PVP sales 2 (4516823,4561453); Storica Analitica visura per immobile - Catasto Fabbricati."
"visura-storica","VE","MIRANO","18","10","13","F","","analitica","","","PVP sales 1 (472193); Storica Analitica visura per immobile - Catasto Fabbricati."
"visura-storica","VE","MIRANO","18","10","14","F","","analitica","","","PVP sales 1 (472193); Storica Analitica visura per immobile - Catasto Fabbricati."
"visura-storica","VE","MIRANO","18","10","15","F","","analitica","","","PVP sales 1 (472193); Storica Analitica visura per immobile - Catasto Fabbricati."
"visura-storica","VE","MIRANO","18","10","16","F","","analitica","","","PVP sales 1 (472193); Storica Analitica visura per immobile - Catasto Fabbricati."
"visura-storica","VE","MIRANO","18","10","17","F","","analitica","","","PVP sales 1 (472193); Storica Analitica visura per immobile - Catasto Fabbricati."
"visura-storica","VE","MIRANO","18","544","","F","","analitica","","","PVP sales 2 (4450417,4497639); Storica Analitica visura per immobile - Catasto Fabbricati."
"visura-storica","VE","MIRANO","18","544","","T","","analitica","","","PVP sales 2 (4450417,4497639); Storica Analitica visura per immobile - Catasto Terreni."
"visura-storica","VE","MIRANO","18","706","","T","","analitica","","","PVP sales 1 (472193); Storica Analitica visura per immobile - Catasto Terreni."
"visura-storica","VE","MIRANO","18","710","","T","","analitica","","","PVP sales 1 (472193); Storica Analitica visura per immobile - Catasto Terreni."
"visura-storica","VE","MIRANO","20","11","","T","","analitica","","","PVP sales 1 (4471901); Storica Analitica visura per immobile - Catasto Terreni."
"visura-storica","VE","MIRANO","20","737","","F","","analitica","","","PVP sales 1 (4471901); Storica Analitica visura per immobile - Catasto Fabbricati."
"visura-storica","VE","MIRANO","20","737","","T","","analitica","","","PVP sales 1 (4471901); Storica Analitica visura per immobile - Catasto Terreni."
"visura-storica","VE","MIRANO","21","1023","8","F","","analitica","","","PVP sales 1 (472502); Storica Analitica visura per immobile - Catasto Fabbricati."
"visura-storica","VE","MIRANO","21","795","11","F","","analitica","","","PVP sales 1 (472502); Storica Analitica visura per immobile - Catasto Fabbricati."
"visura-storica","VE","MIRANO","22","169","10","F","","analitica","","","PVP sales 2 (4462986,4512701); Storica Analitica visura per immobile - Catasto Fabbricati."
"visura-storica","VE","MIRANO","22","594","82","F","","analitica","","","PVP sales 2 (422154,584549); Storica Analitica visura per immobile - Catasto Fabbricati."
"visura-storica","VE","MIRANO","23","416","","F","","analitica","","","PVP sales 1 (4501487); Storica Analitica visura per immobile - Catasto Fabbricati."
"visura-storica","VE","MIRANO","23","416","","T","","analitica","","","PVP sales 1 (4501487); Storica Analitica visura per immobile - Catasto Terreni."
"visura-storica","VE","MIRANO","23","482","10","F","","analitica","","","PVP sales 1 (4526577); Storica Analitica visura per immobile - Catasto Fabbricati."
"visura-storica","VE","MIRANO","23","669","1","F","","analitica","","","PVP sales 1 (1490633); Storica Analitica visura per immobile - Catasto Fabbricati."
"visura-storica","VE","MIRANO","23","764","12","F","","analitica","","","PVP sales 1 (737907); Storica Analitica visura per immobile - Catasto Fabbricati."
"visura-storica","VE","MIRANO","23","764","8","F","","analitica","","","PVP sales 1 (737907); Storica Analitica visura per immobile - Catasto Fabbricati."
"visura-storica","VE","MIRANO","33","418","1","F","","analitica","","","PVP sales 1 (404453); Storica Analitica visura per immobile - Catasto Fabbricati."
"visura-storica","VE","MIRANO","33","418","2","F","","analitica","","","PVP sales 1 (404453); Storica Analitica visura per immobile - Catasto Fabbricati."
"visura-storica","VE","MIRANO","33","418","3","F","","analitica","","","PVP sales 1 (404453); Storica Analitica visura per immobile - Catasto Fabbricati."
"visura-storica","VE","MIRANO","35","27","5","F","","analitica","","","PVP sales 1 (290710); Storica Analitica visura per immobile - Catasto Fabbricati."
"visura-storica","VE","MIRANO","35","283","5","F","","analitica","","","PVP sales 1 (4569559); Storica Analitica visura per immobile - Catasto Fabbricati."
"visura-storica","VE","MIRANO","35","283","6","F","","analitica","","","PVP sales 1 (4569559); Storica Analitica visura per immobile - Catasto Fabbricati."
"visura-storica","VE","MIRANO","40","1013","11","F","","analitica","","","PVP sales 1 (2064180); Storica Analitica visura per immobile - Catasto Fabbricati."
"visura-storica","VE","MIRANO","40","187","8","F","","analitica","","","PVP sales 1 (2064180); Storica Analitica visura per immobile - Catasto Fabbricati."
"visura-storica","VE","MUSILE DI PIAVE","10","590","2","F","","analitica","","","PVP sales 1 (530707); Storica Analitica visura per immobile - Catasto Fabbricati."
"visura-storica","VE","MUSILE DI PIAVE","18","162","10","F","","analitica","","","PVP sales 1 (800869); Storica Analitica visura per immobile - Catasto Fabbricati."
"visura-storica","VE","MUSILE DI PIAVE","18","162","11","F","","analitica","","","PVP sales 1 (800918); Storica Analitica visura per immobile - Catasto Fabbricati."
"visura-storica","VE","MUSILE DI PIAVE","18","162","12","F","","analitica","","","PVP sales 1 (800280); Storica Analitica visura per immobile - Catasto Fabbricati."
"visura-storica","VE","MUSILE DI PIAVE","18","162","13","F","","analitica","","","PVP sales 1 (800869); Storica Analitica visura per immobile - Catasto Fabbricati."
"visura-storica","VE","MUSILE DI PIAVE","18","162","14","F","","analitica","","","PVP sales 1 (800918); Storica Analitica visura per immobile - Catasto Fabbricati."
"visura-storica","VE","MUSILE DI PIAVE","18","341","","F","","analitica","","","PVP sales 1 (801405); Storica Analitica visura per immobile - Catasto Fabbricati."
"visura-storica","VE","MUSILE DI PIAVE","18","341","","T","","analitica","","","PVP sales 1 (801405); Storica Analitica visura per immobile - Catasto Terreni."
"visura-storica","VE","MUSILE DI PIAVE","18","345","","F","","analitica","","","PVP sales 1 (801405); Storica Analitica visura per immobile - Catasto Fabbricati."
"visura-storica","VE","MUSILE DI PIAVE","18","345","","T","","analitica","","","PVP sales 1 (801405); Storica Analitica visura per immobile - Catasto Terreni."
"visura-storica","VE","MUSILE DI PIAVE","18","87","11","F","","analitica","","","PVP sales 1 (801231); Storica Analitica visura per immobile - Catasto Fabbricati."
"visura-storica","VE","MUSILE DI PIAVE","18","87","12","F","","analitica","","","PVP sales 1 (800993); Storica Analitica visura per immobile - Catasto Fabbricati."
"visura-storica","VE","MUSILE DI PIAVE","18","87","13","F","","analitica","","","PVP sales 1 (801252); Storica Analitica visura per immobile - Catasto Fabbricati."
"visura-storica","VE","MUSILE DI PIAVE","18","87","14","F","","analitica","","","PVP sales 1 (801252); Storica Analitica visura per immobile - Catasto Fabbricati."
"visura-storica","VE","MUSILE DI PIAVE","18","87","15","F","","analitica","","","PVP sales 1 (801231); Storica Analitica visura per immobile - Catasto Fabbricati."
"visura-storica","VE","MUSILE DI PIAVE","2","187","10","F","","analitica","","","PVP sales 2 (2135149,2213451); Storica Analitica visura per immobile - Catasto Fabbricati."
"visura-storica","VE","MUSILE DI PIAVE","2","187","8","F","","analitica","","","PVP sales 2 (2135149,2213451); Storica Analitica visura per immobile - Catasto Fabbricati."
"visura-storica","VE","MUSILE DI PIAVE","2","218","2","F","","analitica","","","PVP sales 1 (4529189); Storica Analitica visura per immobile - Catasto Fabbricati."
"visura-storica","VE","MUSILE DI PIAVE","2","245","1","F","","analitica","","","PVP sales 1 (4529189); Storica Analitica visura per immobile - Catasto Fabbricati."
"visura-storica","VE","MUSILE DI PIAVE","2","492","2","F","","analitica","","","PVP sales 1 (1186996); Storica Analitica visura per immobile - Catasto Fabbricati."
"visura-storica","VE","MUSILE DI PIAVE","2","492","5","F","","analitica","","","PVP sales 1 (1186996); Storica Analitica visura per immobile - Catasto Fabbricati."
"visura-storica","VE","MUSILE DI PIAVE","30","8","6","F","","analitica","","","PVP sales 1 (396563); Storica Analitica visura per immobile - Catasto Fabbricati."
"visura-storica","VE","MUSILE DI PIAVE","33","250","1","F","","analitica","","","PVP sales 1 (4440171); Storica Analitica visura per immobile - Catasto Fabbricati."
"visura-storica","VE","MUSILE DI PIAVE","33","250","2","F","","analitica","","","PVP sales 1 (4440171); Storica Analitica visura per immobile - Catasto Fabbricati."
"visura-storica","VE","MUSILE DI PIAVE","39","132","","F","","analitica","","","PVP sales 2 (4468294,4512446); Storica Analitica visura per immobile - Catasto Fabbricati."
"visura-storica","VE","MUSILE DI PIAVE","39","132","","T","","analitica","","","PVP sales 2 (4468294,4512446); Storica Analitica visura per immobile - Catasto Terreni."
"visura-storica","VE","MUSILE DI PIAVE","39","226","1","F","","analitica","","","PVP sales 1 (4508657); Storica Analitica visura per immobile - Catasto Fabbricati."
"visura-storica","VE","MUSILE DI PIAVE","39","351","","F","","analitica","","","PVP sales 2 (4468294,4512446); Storica Analitica visura per immobile - Catasto Fabbricati."
"visura-storica","VE","MUSILE DI PIAVE","39","351","","T","","analitica","","","PVP sales 2 (4468294,4512446); Storica Analitica visura per immobile - Catasto Terreni."
"visura-storica","VE","MUSILE DI PIAVE","39","353","","F","","analitica","","","PVP sales 2 (4468294,4512446); Storica Analitica visura per immobile - Catasto Fabbricati."
"visura-storica","VE","MUSILE DI PIAVE","39","353","","T","","analitica","","","PVP sales 2 (4468294,4512446); Storica Analitica visura per immobile - Catasto Terreni."
"visura-storica","VE","MUSILE DI PIAVE","39","550","","F","","analitica","","","PVP sales 2 (4468294,4512446); Storica Analitica visura per immobile - Catasto Fabbricati."
"visura-storica","VE","MUSILE DI PIAVE","39","550","","T","","analitica","","","PVP sales 2 (4468294,4512446); Storica Analitica visura per immobile - Catasto Terreni."
"visura-storica","VE","MUSILE DI PIAVE","5","130","3","F","","analitica","","","PVP sales 1 (2149936); Storica Analitica visura per immobile - Catasto Fabbricati."
"visura-storica","VE","MUSILE DI PIAVE","5","130","4","F","","analitica","","","PVP sales 1 (2149936); Storica Analitica visura per immobile - Catasto Fabbricati."
"visura-storica","VE","MUSILE DI PIAVE","5","178","","F","","analitica","","","PVP sales 1 (2149936); Storica Analitica visura per immobile - Catasto Fabbricati."
"visura-storica","VE","MUSILE DI PIAVE","5","178","","T","","analitica","","","PVP sales 1 (2149936); Storica Analitica visura per immobile - Catasto Terreni."
"visura-storica","VE","MUSILE DI PIAVE","5","397","","F","","analitica","","","PVP sales 1 (2149936); Storica Analitica visura per immobile - Catasto Fabbricati."
"visura-storica","VE","MUSILE DI PIAVE","5","397","","T","","analitica","","","PVP sales 1 (2149936); Storica Analitica visura per immobile - Catasto Terreni."
"visura-storica","VE","MUSILE DI PIAVE","5","410","","F","","analitica","","","PVP sales 1 (2149936); Storica Analitica visura per immobile - Catasto Fabbricati."
"visura-storica","VE","MUSILE DI PIAVE","5","410","","T","","analitica","","","PVP sales 1 (2149936); Storica Analitica visura per immobile - Catasto Terreni."
"visura-storica","VE","MUSILE DI PIAVE","5","544","2","F","","analitica","","","PVP sales 1 (2149936); Storica Analitica visura per immobile - Catasto Fabbricati."
"visura-storica","VE","MUSILE DI PIAVE","5","556","","F","","analitica","","","PVP sales 1 (2149936); Storica Analitica visura per immobile - Catasto Fabbricati."
"visura-storica","VE","MUSILE DI PIAVE","5","556","","T","","analitica","","","PVP sales 1 (2149936); Storica Analitica visura per immobile - Catasto Terreni."
"visura-storica","VE","MUSILE DI PIAVE","5","557","","F","","analitica","","","PVP sales 1 (2149936); Storica Analitica visura per immobile - Catasto Fabbricati."
"visura-storica","VE","MUSILE DI PIAVE","5","557","","T","","analitica","","","PVP sales 1 (2149936); Storica Analitica visura per immobile - Catasto Terreni."
"visura-storica","VE","MUSILE DI PIAVE","5","56","","F","","analitica","","","PVP sales 1 (2149936); Storica Analitica visura per immobile - Catasto Fabbricati."
"visura-storica","VE","MUSILE DI PIAVE","5","56","","T","","analitica","","","PVP sales 1 (2149936); Storica Analitica visura per immobile - Catasto Terreni."
"visura-storica","VE","MUSILE DI PIAVE","5","57","","F","","analitica","","","PVP sales 1 (2149936); Storica Analitica visura per immobile - Catasto Fabbricati."
"visura-storica","VE","MUSILE DI PIAVE","5","57","","T","","analitica","","","PVP sales 1 (2149936); Storica Analitica visura per immobile - Catasto Terreni."
"visura-storica","VE","MUSILE DI PIAVE","9","252","1","F","","analitica","","","PVP sales 1 (2222695); Storica Analitica visura per immobile - Catasto Fabbricati."
"visura-storica","VE","MUSILE DI PIAVE","9","252","2","F","","analitica","","","PVP sales 1 (2222695); Storica Analitica visura per immobile - Catasto Fabbricati."
"visura-storica","VE","MUSILE DI PIAVE","9","563","3","F","","analitica","","","PVP sales 1 (747102); Storica Analitica visura per immobile - Catasto Fabbricati."
"visura-storica","VE","MUSILE DI PIAVE","9","563","4","F","","analitica","","","PVP sales 1 (747102); Storica Analitica visura per immobile - Catasto Fabbricati."
"visura-storica","VE","NOALE","10","16","","F","","analitica","","","PVP sales 1 (2045976); Storica Analitica visura per immobile - Catasto Fabbricati."
"visura-storica","VE","NOALE","10","16","","T","","analitica","","","PVP sales 1 (2045976); Storica Analitica visura per immobile - Catasto Terreni."
"visura-storica","VE","NOALE","10","17","","F","","analitica","","","PVP sales 1 (2045976); Storica Analitica visura per immobile - Catasto Fabbricati."
"visura-storica","VE","NOALE","10","17","","T","","analitica","","","PVP sales 1 (2045976); Storica Analitica visura per immobile - Catasto Terreni."
"visura-storica","VE","NOALE","10","4115","14","F","","analitica","","","PVP sales 1 (590883); Storica Analitica visura per immobile - Catasto Fabbricati."
"visura-storica","VE","NOALE","10","4115","31","F","","analitica","","","PVP sales 1 (590883); Storica Analitica visura per immobile - Catasto Fabbricati."
"visura-storica","VE","NOALE","13","4","1","F","","analitica","","","PVP sales 1 (4510802); Storica Analitica visura per immobile - Catasto Fabbricati."
"visura-storica","VE","NOALE","13","4","2","F","","analitica","","","PVP sales 1 (4510802); Storica Analitica visura per immobile - Catasto Fabbricati."
"visura-storica","VE","NOALE","13","4","3","F","","analitica","","","PVP sales 1 (4510802); Storica Analitica visura per immobile - Catasto Fabbricati."
"visura-storica","VE","NOALE","15","103","","F","","analitica","","","PVP sales 1 (808691); Storica Analitica visura per immobile - Catasto Fabbricati."
"visura-storica","VE","NOALE","15","103","","T","","analitica","","","PVP sales 1 (808691); Storica Analitica visura per immobile - Catasto Terreni."
"visura-storica","VE","NOALE","15","81","2","F","","analitica","","","PVP sales 1 (408581); Storica Analitica visura per immobile - Catasto Fabbricati."
"visura-storica","VE","NOALE","15","81","3","F","","analitica","","","PVP sales 3 (408580,556051,662201); Storica Analitica visura per immobile - Catasto Fabbricati."
"visura-storica","VE","NOALE","15","81","4","F","","analitica","","","PVP sales 3 (408580,556051,662201); Storica Analitica visura per immobile - Catasto Fabbricati."
"visura-storica","VE","NOALE","15","81","5","F","","analitica","","","PVP sales 1 (408581); Storica Analitica visura per immobile - Catasto Fabbricati."
"visura-storica","VE","NOALE","15","81","6","F","","analitica","","","PVP sales 3 (408580,556051,662201); Storica Analitica visura per immobile - Catasto Fabbricati."
"visura-storica","VE","NOALE","15","81","7","F","","analitica","","","PVP sales 3 (408580,556051,662201); Storica Analitica visura per immobile - Catasto Fabbricati."
"visura-storica","VE","NOALE","2","1330","19","F","","analitica","","","PVP sales 3 (2195369,4215454,4284034); Storica Analitica visura per immobile - Catasto Fabbricati."
"visura-storica","VE","NOALE","2","1330","20","F","","analitica","","","PVP sales 3 (2195385,4215428,4284037); Storica Analitica visura per immobile - Catasto Fabbricati."
"visura-storica","VE","NOALE","2","1330","23","F","","analitica","","","PVP sales 2 (4215429,4284038); Storica Analitica visura per immobile - Catasto Fabbricati."
"visura-storica","VE","NOALE","8","405","","T","","analitica","","","PVP sales 1 (2195601); Storica Analitica visura per immobile - Catasto Terreni."
"visura-storica","VE","NOALE","8","405","1","F","","analitica","","","PVP sales 1 (2195601); Storica Analitica visura per immobile - Catasto Fabbricati."
"visura-storica","VE","NOALE","8","405","2","F","","analitica","","","PVP sales 1 (2195601); Storica Analitica visura per immobile - Catasto Fabbricati."
"visura-storica","VE","NOALE","9","1154","11","F","","analitica","","","PVP sales 1 (546682); Storica Analitica visura per immobile - Catasto Fabbricati."
"visura-storica","VE","NOALE","9","1154","6","F","","analitica","","","PVP sales 1 (546682); Storica Analitica visura per immobile - Catasto Fabbricati."
"visura-storica","VE","NOALE","9","910","24","F","","analitica","","","PVP sales 1 (2077659); Storica Analitica visura per immobile - Catasto Fabbricati."
"visura-storica","VE","NOALE","9","910","25","F","","analitica","","","PVP sales 1 (2077659); Storica Analitica visura per immobile - Catasto Fabbricati."
"visura-storica","VE","NOALE","9","930","10","F","","analitica","","","PVP sales 1 (4221139); Storica Analitica visura per immobile - Catasto Fabbricati."
"visura-storica","VE","NOALE","9","930","11","F","","analitica","","","PVP sales 1 (4221151); Storica Analitica visura per immobile - Catasto Fabbricati."
"visura-storica","VE","NOALE","9","930","12","F","","analitica","","","PVP sales 1 (4217503); Storica Analitica visura per immobile - Catasto Fabbricati."
"visura-storica","VE","NOALE","9","930","23","F","","analitica","","","PVP sales 1 (4221139); Storica Analitica visura per immobile - Catasto Fabbricati."
"visura-storica","VE","NOALE","9","930","24","F","","analitica","","","PVP sales 1 (4221151); Storica Analitica visura per immobile - Catasto Fabbricati."
"visura-storica","VE","NOVENTA DI PIAVE","1","180","","F","","analitica","","","PVP sales 1 (418471); Storica Analitica visura per immobile - Catasto Fabbricati."
"visura-storica","VE","NOVENTA DI PIAVE","1","180","","T","","analitica","","","PVP sales 1 (418471); Storica Analitica visura per immobile - Catasto Terreni."
"visura-storica","VE","NOVENTA DI PIAVE","1","232","","F","","analitica","","","PVP sales 1 (418471); Storica Analitica visura per immobile - Catasto Fabbricati."
"visura-storica","VE","NOVENTA DI PIAVE","1","232","","T","","analitica","","","PVP sales 1 (418471); Storica Analitica visura per immobile - Catasto Terreni."
"visura-storica","VE","NOVENTA DI PIAVE","1","4","","F","","analitica","","","PVP sales 1 (418471); Storica Analitica visura per immobile - Catasto Fabbricati."
"visura-storica","VE","NOVENTA DI PIAVE","1","4","","T","","analitica","","","PVP sales 1 (418471); Storica Analitica visura per immobile - Catasto Terreni."
"visura-storica","VE","NOVENTA DI PIAVE","1","5","4","F","","analitica","","","PVP sales 1 (418471); Storica Analitica visura per immobile - Catasto Fabbricati."
"visura-storica","VE","NOVENTA DI PIAVE","10","295","5","F","","analitica","","","PVP sales 2 (718511,1502510); Storica Analitica visura per immobile - Catasto Fabbricati."
"visura-storica","VE","NOVENTA DI PIAVE","18","233","","F","","analitica","","","PVP sales 2 (480417,650455); Storica Analitica visura per immobile - Catasto Fabbricati."
"visura-storica","VE","NOVENTA DI PIAVE","18","233","","T","","analitica","","","PVP sales 2 (480417,650455); Storica Analitica visura per immobile - Catasto Terreni."
"visura-storica","VE","NOVENTA DI PIAVE","19","1019","4","F","","analitica","","","PVP sales 1 (4549274); Storica Analitica visura per immobile - Catasto Fabbricati."
"visura-storica","VE","NOVENTA DI PIAVE","19","1019","9","F","","analitica","","","PVP sales 1 (4549274); Storica Analitica visura per immobile - Catasto Fabbricati."
"visura-storica","VE","NOVENTA DI PIAVE","19","1200","","F","","analitica","","","PVP sales 1 (4276845); Storica Analitica visura per immobile - Catasto Fabbricati."
"visura-storica","VE","NOVENTA DI PIAVE","19","1200","","T","","analitica","","","PVP sales 1 (4276845); Storica Analitica visura per immobile - Catasto Terreni."
"visura-storica","VE","NOVENTA DI PIAVE","19","1631","","F","","analitica","","","PVP sales 1 (807095); Storica Analitica visura per immobile - Catasto Fabbricati."
"visura-storica","VE","NOVENTA DI PIAVE","19","1631","","T","","analitica","","","PVP sales 1 (807095); Storica Analitica visura per immobile - Catasto Terreni."
"visura-storica","VE","NOVENTA DI PIAVE","19","1632","","F","","analitica","","","PVP sales 1 (807088); Storica Analitica visura per immobile - Catasto Fabbricati."
"visura-storica","VE","NOVENTA DI PIAVE","19","1632","","T","","analitica","","","PVP sales 1 (807088); Storica Analitica visura per immobile - Catasto Terreni."
"visura-storica","VE","NOVENTA DI PIAVE","19","1633","","F","","analitica","","","PVP sales 1 (807095); Storica Analitica visura per immobile - Catasto Fabbricati."
"visura-storica","VE","NOVENTA DI PIAVE","19","1633","","T","","analitica","","","PVP sales 1 (807095); Storica Analitica visura per immobile - Catasto Terreni."
"visura-storica","VE","NOVENTA DI PIAVE","19","1634","","F","","analitica","","","PVP sales 1 (807088); Storica Analitica visura per immobile - Catasto Fabbricati."
"visura-storica","VE","NOVENTA DI PIAVE","19","1634","","T","","analitica","","","PVP sales 1 (807088); Storica Analitica visura per immobile - Catasto Terreni."
"visura-storica","VE","NOVENTA DI PIAVE","19","1635","","F","","analitica","","","PVP sales 1 (807100); Storica Analitica visura per immobile - Catasto Fabbricati."
"visura-storica","VE","NOVENTA DI PIAVE","19","1635","","T","","analitica","","","PVP sales 1 (807100); Storica Analitica visura per immobile - Catasto Terreni."
"visura-storica","VE","NOVENTA DI PIAVE","19","1641","","F","","analitica","","","PVP sales 1 (807065); Storica Analitica visura per immobile - Catasto Fabbricati."
"visura-storica","VE","NOVENTA DI PIAVE","19","1641","","T","","analitica","","","PVP sales 1 (807065); Storica Analitica visura per immobile - Catasto Terreni."
"visura-storica","VE","NOVENTA DI PIAVE","19","1642","","F","","analitica","","","PVP sales 1 (807058); Storica Analitica visura per immobile - Catasto Fabbricati."
"visura-storica","VE","NOVENTA DI PIAVE","19","1642","","T","","analitica","","","PVP sales 1 (807058); Storica Analitica visura per immobile - Catasto Terreni."
"visura-storica","VE","NOVENTA DI PIAVE","19","1651","","F","","analitica","","","PVP sales 1 (807109); Storica Analitica visura per immobile - Catasto Fabbricati."
"visura-storica","VE","NOVENTA DI PIAVE","19","1651","","T","","analitica","","","PVP sales 1 (807109); Storica Analitica visura per immobile - Catasto Terreni."
"visura-storica","VE","NOVENTA DI PIAVE","19","1652","","F","","analitica","","","PVP sales 1 (807104); Storica Analitica visura per immobile - Catasto Fabbricati."
"visura-storica","VE","NOVENTA DI PIAVE","19","1652","","T","","analitica","","","PVP sales 1 (807104); Storica Analitica visura per immobile - Catasto Terreni."
"visura-storica","VE","NOVENTA DI PIAVE","19","1653","","F","","analitica","","","PVP sales 1 (807104); Storica Analitica visura per immobile - Catasto Fabbricati."
"visura-storica","VE","NOVENTA DI PIAVE","19","1653","","T","","analitica","","","PVP sales 1 (807104); Storica Analitica visura per immobile - Catasto Terreni."
"visura-storica","VE","NOVENTA DI PIAVE","19","1655","","F","","analitica","","","PVP sales 1 (807076); Storica Analitica visura per immobile - Catasto Fabbricati."
"visura-storica","VE","NOVENTA DI PIAVE","19","1655","","T","","analitica","","","PVP sales 1 (807076); Storica Analitica visura per immobile - Catasto Terreni."
"visura-storica","VE","NOVENTA DI PIAVE","19","1656","","F","","analitica","","","PVP sales 1 (807065); Storica Analitica visura per immobile - Catasto Fabbricati."
"visura-storica","VE","NOVENTA DI PIAVE","19","1656","","T","","analitica","","","PVP sales 1 (807065); Storica Analitica visura per immobile - Catasto Terreni."
"visura-storica","VE","NOVENTA DI PIAVE","19","1658","","F","","analitica","","","PVP sales 1 (807100); Storica Analitica visura per immobile - Catasto Fabbricati."
"visura-storica","VE","NOVENTA DI PIAVE","19","1658","","T","","analitica","","","PVP sales 1 (807100); Storica Analitica visura per immobile - Catasto Terreni."
"visura-storica","VE","NOVENTA DI PIAVE","19","1661","","F","","analitica","","","PVP sales 1 (807065); Storica Analitica visura per immobile - Catasto Fabbricati."
"visura-storica","VE","NOVENTA DI PIAVE","19","1661","","T","","analitica","","","PVP sales 1 (807065); Storica Analitica visura per immobile - Catasto Terreni."
"visura-storica","VE","NOVENTA DI PIAVE","19","1662","","F","","analitica","","","PVP sales 1 (807058); Storica Analitica visura per immobile - Catasto Fabbricati."
"visura-storica","VE","NOVENTA DI PIAVE","19","1662","","T","","analitica","","","PVP sales 1 (807058); Storica Analitica visura per immobile - Catasto Terreni."
"visura-storica","VE","NOVENTA DI PIAVE","19","1682","","F","","analitica","","","PVP sales 1 (807109); Storica Analitica visura per immobile - Catasto Fabbricati."
"visura-storica","VE","NOVENTA DI PIAVE","19","1682","","T","","analitica","","","PVP sales 1 (807109); Storica Analitica visura per immobile - Catasto Terreni."
"visura-storica","VE","NOVENTA DI PIAVE","19","1683","","F","","analitica","","","PVP sales 1 (807109); Storica Analitica visura per immobile - Catasto Fabbricati."
"visura-storica","VE","NOVENTA DI PIAVE","19","1683","","T","","analitica","","","PVP sales 1 (807109); Storica Analitica visura per immobile - Catasto Terreni."
"visura-storica","VE","NOVENTA DI PIAVE","19","1684","","F","","analitica","","","PVP sales 1 (807104); Storica Analitica visura per immobile - Catasto Fabbricati."
"visura-storica","VE","NOVENTA DI PIAVE","19","1684","","T","","analitica","","","PVP sales 1 (807104); Storica Analitica visura per immobile - Catasto Terreni."
"visura-storica","VE","NOVENTA DI PIAVE","19","1685","","F","","analitica","","","PVP sales 1 (807104); Storica Analitica visura per immobile - Catasto Fabbricati."
"visura-storica","VE","NOVENTA DI PIAVE","19","1685","","T","","analitica","","","PVP sales 1 (807104); Storica Analitica visura per immobile - Catasto Terreni."
"visura-storica","VE","NOVENTA DI PIAVE","19","1689","","F","","analitica","","","PVP sales 1 (807076); Storica Analitica visura per immobile - Catasto Fabbricati."
"visura-storica","VE","NOVENTA DI PIAVE","19","1689","","T","","analitica","","","PVP sales 1 (807076); Storica Analitica visura per immobile - Catasto Terreni."
"visura-storica","VE","NOVENTA DI PIAVE","19","1690","","F","","analitica","","","PVP sales 1 (807088); Storica Analitica visura per immobile - Catasto Fabbricati."
"visura-storica","VE","NOVENTA DI PIAVE","19","1690","","T","","analitica","","","PVP sales 1 (807088); Storica Analitica visura per immobile - Catasto Terreni."
"visura-storica","VE","NOVENTA DI PIAVE","19","1691","","F","","analitica","","","PVP sales 1 (807100); Storica Analitica visura per immobile - Catasto Fabbricati."
"visura-storica","VE","NOVENTA DI PIAVE","19","1691","","T","","analitica","","","PVP sales 1 (807100); Storica Analitica visura per immobile - Catasto Terreni."
"visura-storica","VE","NOVENTA DI PIAVE","19","1692","","F","","analitica","","","PVP sales 1 (807065); Storica Analitica visura per immobile - Catasto Fabbricati."
"visura-storica","VE","NOVENTA DI PIAVE","19","1692","","T","","analitica","","","PVP sales 1 (807065); Storica Analitica visura per immobile - Catasto Terreni."
"visura-storica","VE","NOVENTA DI PIAVE","19","1751","","F","","analitica","","","PVP sales 1 (807088); Storica Analitica visura per immobile - Catasto Fabbricati."
"visura-storica","VE","NOVENTA DI PIAVE","19","1751","","T","","analitica","","","PVP sales 1 (807088); Storica Analitica visura per immobile - Catasto Terreni."
"visura-storica","VE","NOVENTA DI PIAVE","19","1754","","F","","analitica","","","PVP sales 1 (807076); Storica Analitica visura per immobile - Catasto Fabbricati."
"visura-storica","VE","NOVENTA DI PIAVE","19","1754","","T","","analitica","","","PVP sales 1 (807076); Storica Analitica visura per immobile - Catasto Terreni."
"visura-storica","VE","NOVENTA DI PIAVE","19","1792","","F","","analitica","","","PVP sales 1 (4560333); Storica Analitica visura per immobile - Catasto Fabbricati."
"visura-storica","VE","NOVENTA DI PIAVE","19","1792","","T","","analitica","","","PVP sales 1 (4560333); Storica Analitica visura per immobile - Catasto Terreni."
"visura-storica","VE","NOVENTA DI PIAVE","19","375","4","F","","analitica","","","PVP sales 1 (539833); Storica Analitica visura per immobile - Catasto Fabbricati."
"visura-storica","VE","NOVENTA DI PIAVE","19","375","5","F","","analitica","","","PVP sales 1 (539833); Storica Analitica visura per immobile - Catasto Fabbricati."
"visura-storica","VE","NOVENTA DI PIAVE","19","380","1","F","","analitica","","","PVP sales 1 (1122878); Storica Analitica visura per immobile - Catasto Fabbricati."
"visura-storica","VE","NOVENTA DI PIAVE","19","380","2","F","","analitica","","","PVP sales 1 (1122878); Storica Analitica visura per immobile - Catasto Fabbricati."
"visura-storica","VE","NOVENTA DI PIAVE","19","380","3","F","","analitica","","","PVP sales 1 (1122878); Storica Analitica visura per immobile - Catasto Fabbricati."
"visura-storica","VE","NOVENTA DI PIAVE","19","380","4","F","","analitica","","","PVP sales 1 (1122880); Storica Analitica visura per immobile - Catasto Fabbricati."
"visura-storica","VE","NOVENTA DI PIAVE","19","68","17","F","","analitica","","","PVP sales 1 (314362); Storica Analitica visura per immobile - Catasto Fabbricati."
"visura-storica","VE","NOVENTA DI PIAVE","19","68","30","F","","analitica","","","PVP sales 1 (314362); Storica Analitica visura per immobile - Catasto Fabbricati."
"visura-storica","VE","NOVENTA DI PIAVE","19","94","12","F","","analitica","","","PVP sales 1 (1122878); Storica Analitica visura per immobile - Catasto Fabbricati."
"visura-storica","VE","NOVENTA DI PIAVE","19","94","13","F","","analitica","","","PVP sales 1 (1122878); Storica Analitica visura per immobile - Catasto Fabbricati."
"visura-storica","VE","NOVENTA DI PIAVE","19","94","14","F","","analitica","","","PVP sales 1 (1122878); Storica Analitica visura per immobile - Catasto Fabbricati."
"visura-storica","VE","NOVENTA DI PIAVE","19","94","16","F","","analitica","","","PVP sales 1 (1122880); Storica Analitica visura per immobile - Catasto Fabbricati."
"visura-storica","VE","NOVENTA DI PIAVE","20","133","2","F","","analitica","","","PVP sales 2 (4501048,4554934); Storica Analitica visura per immobile - Catasto Fabbricati."
"visura-storica","VE","NOVENTA DI PIAVE","20","133","3","F","","analitica","","","PVP sales 2 (4501048,4554934); Storica Analitica visura per immobile - Catasto Fabbricati."
"visura-storica","VE","NOVENTA DI PIAVE","20","191","1","F","","analitica","","","PVP sales 1 (4501060); Storica Analitica visura per immobile - Catasto Fabbricati."
"visura-storica","VE","NOVENTA DI PIAVE","20","191","2","F","","analitica","","","PVP sales 1 (4501060); Storica Analitica visura per immobile - Catasto Fabbricati."
"visura-storica","VE","NOVENTA DI PIAVE","20","274","1","F","","analitica","","","PVP sales 2 (4501048,4554934); Storica Analitica visura per immobile - Catasto Fabbricati."
"visura-storica","VE","NOVENTA DI PIAVE","20","54","7","F","","analitica","","","PVP sales 2 (4501048,4554934); Storica Analitica visura per immobile - Catasto Fabbricati."
"visura-storica","VE","NOVENTA DI PIAVE","20","54","8","F","","analitica","","","PVP sales 2 (4501048,4554934); Storica Analitica visura per immobile - Catasto Fabbricati."
"visura-storica","VE","NOVENTA DI PIAVE","4","14","","F","","analitica","","","PVP sales 1 (2112402); Storica Analitica visura per immobile - Catasto Fabbricati."
"visura-storica","VE","NOVENTA DI PIAVE","4","14","","T","","analitica","","","PVP sales 1 (2112402); Storica Analitica visura per immobile - Catasto Terreni."
"visura-storica","VE","NOVENTA DI PIAVE","4","75","","F","","analitica","","","PVP sales 1 (2112402); Storica Analitica visura per immobile - Catasto Fabbricati."
"visura-storica","VE","NOVENTA DI PIAVE","4","75","","T","","analitica","","","PVP sales 1 (2112402); Storica Analitica visura per immobile - Catasto Terreni."
"visura-storica","VE","NOVENTA DI PIAVE","4","90","","F","","analitica","","","PVP sales 1 (2112402); Storica Analitica visura per immobile - Catasto Fabbricati."
"visura-storica","VE","NOVENTA DI PIAVE","4","90","","T","","analitica","","","PVP sales 1 (2112402); Storica Analitica visura per immobile - Catasto Terreni."
"visura-storica","VE","NOVENTA DI PIAVE","4","91","","F","","analitica","","","PVP sales 1 (2112402); Storica Analitica visura per immobile - Catasto Fabbricati."
"visura-storica","VE","NOVENTA DI PIAVE","4","91","","T","","analitica","","","PVP sales 1 (2112402); Storica Analitica visura per immobile - Catasto Terreni."
"visura-storica","VE","NOVENTA DI PIAVE","7","106","8","F","","analitica","","","PVP sales 1 (336675); Storica Analitica visura per immobile - Catasto Fabbricati."
"visura-storica","VE","NOVENTA DI PIAVE","8","278","10","F","","analitica","","","PVP sales 1 (4240044); Storica Analitica visura per immobile - Catasto Fabbricati."
"visura-storica","VE","NOVENTA DI PIAVE","8","278","8","F","","analitica","","","PVP sales 1 (4240044); Storica Analitica visura per immobile - Catasto Fabbricati."
"visura-storica","VE","NOVENTA DI PIAVE","8","278","9","F","","analitica","","","PVP sales 1 (4240044); Storica Analitica visura per immobile - Catasto Fabbricati."
"visura-storica","VE","NOVENTA DI PIAVE","8","418","","F","","analitica","","","PVP sales 1 (2112402); Storica Analitica visura per immobile - Catasto Fabbricati."
"visura-storica","VE","NOVENTA DI PIAVE","8","418","","T","","analitica","","","PVP sales 1 (2112402); Storica Analitica visura per immobile - Catasto Terreni."
"visura-storica","VE","NOVENTA DI PIAVE","8","452","5","F","","analitica","","","PVP sales 2 (2112289,2218237); Storica Analitica visura per immobile - Catasto Fabbricati."
"visura-storica","VE","NOVENTA DI PIAVE","8","452","7","F","","analitica","","","PVP sales 2 (2112289,2218237); Storica Analitica visura per immobile - Catasto Fabbricati."
"visura-storica","VE","NOVENTA DI PIAVE","8","553","29","F","","analitica","","","PVP sales 2 (280725,426189); Storica Analitica visura per immobile - Catasto Fabbricati."
"visura-storica","VE","NOVENTA DI PIAVE","8","553","48","F","","analitica","","","PVP sales 2 (280725,426189); Storica Analitica visura per immobile - Catasto Fabbricati."
"visura-storica","VE","PIANIGA","10","29","1","F","","analitica","","","PVP sales 3 (2067865,4282013,4540816); Storica Analitica visura per immobile - Catasto Fabbricati."
"visura-storica","VE","PIANIGA","10","29","3","F","","analitica","","","PVP sales 3 (2067865,4282013,4540816); Storica Analitica visura per immobile - Catasto Fabbricati."
"visura-storica","VE","PIANIGA","10","29","4","F","","analitica","","","PVP sales 3 (2067865,4282013,4540816); Storica Analitica visura per immobile - Catasto Fabbricati."
"visura-storica","VE","PIANIGA","10","29","5","F","","analitica","","","PVP sales 3 (2067865,4282013,4540816); Storica Analitica visura per immobile - Catasto Fabbricati."
"visura-storica","VE","PIANIGA","10","29","8","F","","analitica","","","PVP sales 3 (2067865,4282013,4540816); Storica Analitica visura per immobile - Catasto Fabbricati."
"visura-storica","VE","PIANIGA","12","556","11","F","","analitica","","","PVP sales 1 (1418723); Storica Analitica visura per immobile - Catasto Fabbricati."
"visura-storica","VE","PIANIGA","13","780","2","F","","analitica","","","PVP sales 1 (1485490); Storica Analitica visura per immobile - Catasto Fabbricati."
"visura-storica","VE","PIANIGA","13","780","3","F","","analitica","","","PVP sales 1 (1485490); Storica Analitica visura per immobile - Catasto Fabbricati."
"visura-storica","VE","PIANIGA","13","803","1","F","","analitica","","","PVP sales 1 (1825349); Storica Analitica visura per immobile - Catasto Fabbricati."
"visura-storica","VE","PIANIGA","13","803","6","F","","analitica","","","PVP sales 1 (1825349); Storica Analitica visura per immobile - Catasto Fabbricati."
"visura-storica","VE","PIANIGA","13","823","2","F","","analitica","","","PVP sales 3 (2102150,2189106,4230819); Storica Analitica visura per immobile - Catasto Fabbricati."
"visura-storica","VE","PIANIGA","13","823","5","F","","analitica","","","PVP sales 2 (2102225,4230917); Storica Analitica visura per immobile - Catasto Fabbricati."
"visura-storica","VE","PIANIGA","14","978","17","F","","analitica","","","PVP sales 2 (446387,553342); Storica Analitica visura per immobile - Catasto Fabbricati."
"visura-storica","VE","PIANIGA","14","978","7","F","","analitica","","","PVP sales 2 (446387,553342); Storica Analitica visura per immobile - Catasto Fabbricati."
"visura-storica","VE","PIANIGA","15","1002","4","F","","analitica","","","PVP sales 1 (4527866); Storica Analitica visura per immobile - Catasto Fabbricati."
"visura-storica","VE","PIANIGA","15","1002","7","F","","analitica","","","PVP sales 1 (4527866); Storica Analitica visura per immobile - Catasto Fabbricati."
"visura-storica","VE","PIANIGA","15","350","2","F","","analitica","","","PVP sales 1 (1450547); Storica Analitica visura per immobile - Catasto Fabbricati."
"visura-storica","VE","PIANIGA","15","350","3","F","","analitica","","","PVP sales 1 (1450547); Storica Analitica visura per immobile - Catasto Fabbricati."
"visura-storica","VE","PIANIGA","15","752","107","F","","analitica","","","PVP sales 1 (4567758); Storica Analitica visura per immobile - Catasto Fabbricati."
"visura-storica","VE","PIANIGA","15","752","46","F","","analitica","","","PVP sales 1 (4567758); Storica Analitica visura per immobile - Catasto Fabbricati."
"visura-storica","VE","PIANIGA","15","771","2","F","","analitica","","","PVP sales 1 (4526238); Storica Analitica visura per immobile - Catasto Fabbricati."
"visura-storica","VE","PIANIGA","15","771","20","F","","analitica","","","PVP sales 1 (4526238); Storica Analitica visura per immobile - Catasto Fabbricati."
"visura-storica","VE","PIANIGA","15","771","28","F","","analitica","","","PVP sales 1 (4526238); Storica Analitica visura per immobile - Catasto Fabbricati."
"visura-storica","VE","PIANIGA","15","771","30","F","","analitica","","","PVP sales 1 (4538815); Storica Analitica visura per immobile - Catasto Fabbricati."
"visura-storica","VE","PIANIGA","15","771","4","F","","analitica","","","PVP sales 1 (4538815); Storica Analitica visura per immobile - Catasto Fabbricati."
"visura-storica","VE","PIANIGA","15","931","","F","","analitica","","","PVP sales 1 (4528681); Storica Analitica visura per immobile - Catasto Fabbricati."
"visura-storica","VE","PIANIGA","15","931","","T","","analitica","","","PVP sales 1 (4528681); Storica Analitica visura per immobile - Catasto Terreni."
"visura-storica","VE","PIANIGA","15","937","","F","","analitica","","","PVP sales 1 (4528681); Storica Analitica visura per immobile - Catasto Fabbricati."
"visura-storica","VE","PIANIGA","15","937","","T","","analitica","","","PVP sales 1 (4528681); Storica Analitica visura per immobile - Catasto Terreni."
"visura-storica","VE","PIANIGA","16","256","","T","","analitica","","","PVP sales 1 (4425947); Storica Analitica visura per immobile - Catasto Terreni."
"visura-storica","VE","PIANIGA","16","256","5","F","","analitica","","","PVP sales 1 (4425947); Storica Analitica visura per immobile - Catasto Fabbricati."
"visura-storica","VE","PIANIGA","16","256","6","F","","analitica","","","PVP sales 1 (4425947); Storica Analitica visura per immobile - Catasto Fabbricati."
"visura-storica","VE","PIANIGA","19","1126","2","F","","analitica","","","PVP sales 1 (1666355); Storica Analitica visura per immobile - Catasto Fabbricati."
"visura-storica","VE","PIANIGA","19","1126","52","F","","analitica","","","PVP sales 1 (1666355); Storica Analitica visura per immobile - Catasto Fabbricati."
"visura-storica","VE","PIANIGA","2","108","","F","","analitica","","","PVP sales 2 (4510686,4551392); Storica Analitica visura per immobile - Catasto Fabbricati."
"visura-storica","VE","PIANIGA","2","108","","T","","analitica","","","PVP sales 2 (4510686,4551392); Storica Analitica visura per immobile - Catasto Terreni."
"visura-storica","VE","PIANIGA","2","108","11","F","","analitica","","","PVP sales 1 (4473337); Storica Analitica visura per immobile - Catasto Fabbricati."
"visura-storica","VE","PIANIGA","20","515","8","F","","analitica","","","PVP sales 1 (755507); Storica Analitica visura per immobile - Catasto Fabbricati."
"visura-storica","VE","PIANIGA","20","515","9","F","","analitica","","","PVP sales 1 (755507); Storica Analitica visura per immobile - Catasto Fabbricati."
"visura-storica","VE","PIANIGA","20","696","12","F","","analitica","","","PVP sales 2 (111437,476322); Storica Analitica visura per immobile - Catasto Fabbricati."
"visura-storica","VE","PIANIGA","20","696","3","F","","analitica","","","PVP sales 2 (111437,476322); Storica Analitica visura per immobile - Catasto Fabbricati."
"visura-storica","VE","PIANIGA","21","30","2","F","","analitica","","","PVP sales 1 (766077); Storica Analitica visura per immobile - Catasto Fabbricati."
"visura-storica","VE","PIANIGA","21","30","3","F","","analitica","","","PVP sales 1 (766123); Storica Analitica visura per immobile - Catasto Fabbricati."
"visura-storica","VE","PIANIGA","21","528","","F","","analitica","","","PVP sales 1 (766124); Storica Analitica visura per immobile - Catasto Fabbricati."
"visura-storica","VE","PIANIGA","21","528","","T","","analitica","","","PVP sales 1 (766124); Storica Analitica visura per immobile - Catasto Terreni."
"visura-storica","VE","PIANIGA","5","1296","32","F","","analitica","","","PVP sales 1 (2251634); Storica Analitica visura per immobile - Catasto Fabbricati."
"visura-storica","VE","PIANIGA","5","1296","6","F","","analitica","","","PVP sales 1 (2251634); Storica Analitica visura per immobile - Catasto Fabbricati."
"visura-storica","VE","PIANIGA","5","838","11","F","","analitica","","","PVP sales 2 (454310,586541); Storica Analitica visura per immobile - Catasto Fabbricati."
"visura-storica","VE","PIANIGA","5","838","9","F","","analitica","","","PVP sales 2 (454310,586541); Storica Analitica visura per immobile - Catasto Fabbricati."
"visura-storica","VE","PIANIGA","6","112","4","F","","analitica","","","PVP sales 1 (2113619); Storica Analitica visura per immobile - Catasto Fabbricati."
"visura-storica","VE","PIANIGA","6","296","","F","","analitica","","","PVP sales 1 (2113619); Storica Analitica visura per immobile - Catasto Fabbricati."
"visura-storica","VE","PIANIGA","6","296","","T","","analitica","","","PVP sales 1 (2113619); Storica Analitica visura per immobile - Catasto Terreni."
"visura-storica","VE","PORTOGRUARO","12","442","22","F","","analitica","","","PVP sales 1 (2002064); Storica Analitica visura per immobile - Catasto Fabbricati."
"visura-storica","VE","PORTOGRUARO","12","442","44","F","","analitica","","","PVP sales 1 (2002064); Storica Analitica visura per immobile - Catasto Fabbricati."
"visura-storica","VE","PORTOGRUARO","12","649","","F","","analitica","","","PVP sales 1 (4553704); Storica Analitica visura per immobile - Catasto Fabbricati."
"visura-storica","VE","PORTOGRUARO","12","649","","T","","analitica","","","PVP sales 1 (4553704); Storica Analitica visura per immobile - Catasto Terreni."
"visura-storica","VE","PORTOGRUARO","12","651","10","F","","analitica","","","PVP sales 1 (4553704); Storica Analitica visura per immobile - Catasto Fabbricati."
"visura-storica","VE","PORTOGRUARO","12","651","3","F","","analitica","","","PVP sales 1 (4553700); Storica Analitica visura per immobile - Catasto Fabbricati."
"visura-storica","VE","PORTOGRUARO","12","651","4","F","","analitica","","","PVP sales 1 (4553704); Storica Analitica visura per immobile - Catasto Fabbricati."
"visura-storica","VE","PORTOGRUARO","12","651","6","F","","analitica","","","PVP sales 1 (4553700); Storica Analitica visura per immobile - Catasto Fabbricati."
"visura-storica","VE","PORTOGRUARO","12","711","","F","","analitica","","","PVP sales 1 (4553692); Storica Analitica visura per immobile - Catasto Fabbricati."
"visura-storica","VE","PORTOGRUARO","12","711","","T","","analitica","","","PVP sales 1 (4553692); Storica Analitica visura per immobile - Catasto Terreni."
"visura-storica","VE","PORTOGRUARO","12","713","","F","","analitica","","","PVP sales 1 (4553692); Storica Analitica visura per immobile - Catasto Fabbricati."
"visura-storica","VE","PORTOGRUARO","12","713","","T","","analitica","","","PVP sales 1 (4553692); Storica Analitica visura per immobile - Catasto Terreni."
"visura-storica","VE","PORTOGRUARO","12","715","","F","","analitica","","","PVP sales 1 (4553692); Storica Analitica visura per immobile - Catasto Fabbricati."
"visura-storica","VE","PORTOGRUARO","12","715","","T","","analitica","","","PVP sales 1 (4553692); Storica Analitica visura per immobile - Catasto Terreni."
"visura-storica","VE","PORTOGRUARO","12","722","","F","","analitica","","","PVP sales 1 (4553692); Storica Analitica visura per immobile - Catasto Fabbricati."
"visura-storica","VE","PORTOGRUARO","12","722","","T","","analitica","","","PVP sales 1 (4553692); Storica Analitica visura per immobile - Catasto Terreni."
"visura-storica","VE","PORTOGRUARO","12","724","","F","","analitica","","","PVP sales 1 (4553692); Storica Analitica visura per immobile - Catasto Fabbricati."
"visura-storica","VE","PORTOGRUARO","12","724","","T","","analitica","","","PVP sales 1 (4553692); Storica Analitica visura per immobile - Catasto Terreni."
"visura-storica","VE","PORTOGRUARO","12","738","","F","","analitica","","","PVP sales 1 (4553694); Storica Analitica visura per immobile - Catasto Fabbricati."
"visura-storica","VE","PORTOGRUARO","12","738","","T","","analitica","","","PVP sales 1 (4553694); Storica Analitica visura per immobile - Catasto Terreni."
"visura-storica","VE","PORTOGRUARO","12","739","","F","","analitica","","","PVP sales 1 (4553694); Storica Analitica visura per immobile - Catasto Fabbricati."
"visura-storica","VE","PORTOGRUARO","12","739","","T","","analitica","","","PVP sales 1 (4553694); Storica Analitica visura per immobile - Catasto Terreni."
"visura-storica","VE","PORTOGRUARO","13","722","","F","","analitica","","","PVP sales 1 (4553694); Storica Analitica visura per immobile - Catasto Fabbricati."
"visura-storica","VE","PORTOGRUARO","13","722","","T","","analitica","","","PVP sales 1 (4553694); Storica Analitica visura per immobile - Catasto Terreni."
"visura-storica","VE","PORTOGRUARO","13","723","","F","","analitica","","","PVP sales 1 (4553694); Storica Analitica visura per immobile - Catasto Fabbricati."
"visura-storica","VE","PORTOGRUARO","13","723","","T","","analitica","","","PVP sales 1 (4553694); Storica Analitica visura per immobile - Catasto Terreni."
"visura-storica","VE","PORTOGRUARO","13","91","15","F","","analitica","","","PVP sales 1 (4429550); Storica Analitica visura per immobile - Catasto Fabbricati."
"visura-storica","VE","PORTOGRUARO","15","1844","2","F","","analitica","","","PVP sales 4 (473839,473863,474341,619849); Storica Analitica visura per immobile - Catasto Fabbricati."
"visura-storica","VE","PORTOGRUARO","15","327","","F","","analitica","","","PVP sales 1 (4249249); Storica Analitica visura per immobile - Catasto Fabbricati."
"visura-storica","VE","PORTOGRUARO","15","327","","T","","analitica","","","PVP sales 1 (4249249); Storica Analitica visura per immobile - Catasto Terreni."
"visura-storica","VE","PORTOGRUARO","15","328","","F","","analitica","","","PVP sales 1 (4249249); Storica Analitica visura per immobile - Catasto Fabbricati."
"visura-storica","VE","PORTOGRUARO","15","328","","T","","analitica","","","PVP sales 1 (4249249); Storica Analitica visura per immobile - Catasto Terreni."
"visura-storica","VE","PORTOGRUARO","15","673","","F","","analitica","","","PVP sales 1 (4249249); Storica Analitica visura per immobile - Catasto Fabbricati."
"visura-storica","VE","PORTOGRUARO","15","673","","T","","analitica","","","PVP sales 1 (4249249); Storica Analitica visura per immobile - Catasto Terreni."
"visura-storica","VE","PORTOGRUARO","15","961","","F","","analitica","","","PVP sales 1 (4249249); Storica Analitica visura per immobile - Catasto Fabbricati."
"visura-storica","VE","PORTOGRUARO","15","961","","T","","analitica","","","PVP sales 1 (4249249); Storica Analitica visura per immobile - Catasto Terreni."
"visura-storica","VE","PORTOGRUARO","15","962","","F","","analitica","","","PVP sales 1 (4249249); Storica Analitica visura per immobile - Catasto Fabbricati."
"visura-storica","VE","PORTOGRUARO","15","962","","T","","analitica","","","PVP sales 1 (4249249); Storica Analitica visura per immobile - Catasto Terreni."
"visura-storica","VE","PORTOGRUARO","22","193","3","F","","analitica","","","PVP sales 1 (4493867); Storica Analitica visura per immobile - Catasto Fabbricati."
"visura-storica","VE","PORTOGRUARO","22","193","6","F","","analitica","","","PVP sales 1 (4493867); Storica Analitica visura per immobile - Catasto Fabbricati."
"visura-storica","VE","PORTOGRUARO","22","206","","F","","analitica","","","PVP sales 1 (2086689); Storica Analitica visura per immobile - Catasto Fabbricati."
"visura-storica","VE","PORTOGRUARO","22","206","","T","","analitica","","","PVP sales 1 (2086689); Storica Analitica visura per immobile - Catasto Terreni."
"visura-storica","VE","PORTOGRUARO","22","206","1","F","","analitica","","","PVP sales 1 (2086689); Storica Analitica visura per immobile - Catasto Fabbricati."
"visura-storica","VE","PORTOGRUARO","22","206","2","F","","analitica","","","PVP sales 1 (2086689); Storica Analitica visura per immobile - Catasto Fabbricati."
"visura-storica","VE","PORTOGRUARO","22","421","","F","","analitica","","","PVP sales 1 (2002064); Storica Analitica visura per immobile - Catasto Fabbricati."
"visura-storica","VE","PORTOGRUARO","22","421","","T","","analitica","","","PVP sales 1 (2002064); Storica Analitica visura per immobile - Catasto Terreni."
"visura-storica","VE","PORTOGRUARO","23","40","2","F","","analitica","","","PVP sales 2 (4484425,4543158); Storica Analitica visura per immobile - Catasto Fabbricati."
"visura-storica","VE","PORTOGRUARO","23","40","3","F","","analitica","","","PVP sales 2 (4484425,4543158); Storica Analitica visura per immobile - Catasto Fabbricati."
"visura-storica","VE","PORTOGRUARO","23","40","4","F","","analitica","","","PVP sales 2 (4484425,4543158); Storica Analitica visura per immobile - Catasto Fabbricati."
"visura-storica","VE","PORTOGRUARO","23","40","5","F","","analitica","","","PVP sales 2 (4484425,4543158); Storica Analitica visura per immobile - Catasto Fabbricati."
"visura-storica","VE","PORTOGRUARO","24","383","8","F","","analitica","","","PVP sales 1 (4462712); Storica Analitica visura per immobile - Catasto Fabbricati."
"visura-storica","VE","PORTOGRUARO","24","576","","F","","analitica","","","PVP sales 1 (4462712); Storica Analitica visura per immobile - Catasto Fabbricati."
"visura-storica","VE","PORTOGRUARO","24","576","","T","","analitica","","","PVP sales 1 (4462712); Storica Analitica visura per immobile - Catasto Terreni."
"visura-storica","VE","PORTOGRUARO","25","1637","1","F","","analitica","","","PVP sales 1 (1921740); Storica Analitica visura per immobile - Catasto Fabbricati."
"visura-storica","VE","PORTOGRUARO","25","1637","2","F","","analitica","","","PVP sales 1 (1921901); Storica Analitica visura per immobile - Catasto Fabbricati."
"visura-storica","VE","PORTOGRUARO","25","1637","24","F","","analitica","","","PVP sales 1 (1921740); Storica Analitica visura per immobile - Catasto Fabbricati."
"visura-storica","VE","PORTOGRUARO","25","1637","25","F","","analitica","","","PVP sales 1 (1921901); Storica Analitica visura per immobile - Catasto Fabbricati."
"visura-storica","VE","PORTOGRUARO","25","1637","26","F","","analitica","","","PVP sales 1 (1921901); Storica Analitica visura per immobile - Catasto Fabbricati."
"visura-storica","VE","PORTOGRUARO","25","28","1","F","","analitica","","","PVP sales 1 (4499883); Storica Analitica visura per immobile - Catasto Fabbricati."
"visura-storica","VE","PORTOGRUARO","27","486","1","F","","analitica","","","PVP sales 1 (4509553); Storica Analitica visura per immobile - Catasto Fabbricati."
"visura-storica","VE","PORTOGRUARO","27","486","6","F","","analitica","","","PVP sales 1 (4509553); Storica Analitica visura per immobile - Catasto Fabbricati."
"visura-storica","VE","PORTOGRUARO","28","2224","3","F","","analitica","","","PVP sales 2 (4429500,4499827); Storica Analitica visura per immobile - Catasto Fabbricati."
"visura-storica","VE","PORTOGRUARO","28","2224","6","F","","analitica","","","PVP sales 2 (4429500,4499827); Storica Analitica visura per immobile - Catasto Fabbricati."
"visura-storica","VE","PORTOGRUARO","28","2335","52","F","","analitica","","","PVP sales 2 (786733,988824); Storica Analitica visura per immobile - Catasto Fabbricati."
"visura-storica","VE","PORTOGRUARO","28","2335","53","F","","analitica","","","PVP sales 2 (786733,988824); Storica Analitica visura per immobile - Catasto Fabbricati."
"visura-storica","VE","PORTOGRUARO","28","2335","85","F","","analitica","","","PVP sales 2 (786733,988824); Storica Analitica visura per immobile - Catasto Fabbricati."
"visura-storica","VE","PORTOGRUARO","28","414","20","F","","analitica","","","PVP sales 1 (665500); Storica Analitica visura per immobile - Catasto Fabbricati."
"visura-storica","VE","PORTOGRUARO","29","2137","13","F","","analitica","","","PVP sales 1 (1019329); Storica Analitica visura per immobile - Catasto Fabbricati."
"visura-storica","VE","PORTOGRUARO","29","2137","16","F","","analitica","","","PVP sales 1 (1019329); Storica Analitica visura per immobile - Catasto Fabbricati."
"visura-storica","VE","PORTOGRUARO","29","2137","6","F","","analitica","","","PVP sales 1 (1019329); Storica Analitica visura per immobile - Catasto Fabbricati."
"visura-storica","VE","PORTOGRUARO","29","876","3","F","","analitica","","","PVP sales 1 (543799); Storica Analitica visura per immobile - Catasto Fabbricati."
"visura-storica","VE","PORTOGRUARO","29","876","5","F","","analitica","","","PVP sales 1 (543799); Storica Analitica visura per immobile - Catasto Fabbricati."
"visura-storica","VE","PORTOGRUARO","29","876","6","F","","analitica","","","PVP sales 1 (543799); Storica Analitica visura per immobile - Catasto Fabbricati."
"visura-storica","VE","PORTOGRUARO","4","307","6","F","","analitica","","","PVP sales 4 (473839,473863,474341,619849); Storica Analitica visura per immobile - Catasto Fabbricati."
"visura-storica","VE","PORTOGRUARO","4","380","1","F","","analitica","","","PVP sales 1 (473839); Storica Analitica visura per immobile - Catasto Fabbricati."
"visura-storica","VE","PORTOGRUARO","4","380","2","F","","analitica","","","PVP sales 2 (474341,619849); Storica Analitica visura per immobile - Catasto Fabbricati."
"visura-storica","VE","PORTOGRUARO","4","380","3","F","","analitica","","","PVP sales 1 (473863); Storica Analitica visura per immobile - Catasto Fabbricati."
"visura-storica","VE","PORTOGRUARO","4","380","4","F","","analitica","","","PVP sales 1 (473863); Storica Analitica visura per immobile - Catasto Fabbricati."
"visura-storica","VE","PORTOGRUARO","4","380","5","F","","analitica","","","PVP sales 1 (473863); Storica Analitica visura per immobile - Catasto Fabbricati."
"visura-storica","VE","PORTOGRUARO","42","283","","F","","analitica","","","PVP sales 1 (4553644); Storica Analitica visura per immobile - Catasto Fabbricati."
"visura-storica","VE","PORTOGRUARO","42","283","","T","","analitica","","","PVP sales 1 (4553644); Storica Analitica visura per immobile - Catasto Terreni."
"visura-storica","VE","PORTOGRUARO","42","295","","F","","analitica","","","PVP sales 1 (4553644); Storica Analitica visura per immobile - Catasto Fabbricati."
"visura-storica","VE","PORTOGRUARO","42","295","","T","","analitica","","","PVP sales 1 (4553644); Storica Analitica visura per immobile - Catasto Terreni."
"visura-storica","VE","PORTOGRUARO","42","296","","F","","analitica","","","PVP sales 1 (4553644); Storica Analitica visura per immobile - Catasto Fabbricati."
"visura-storica","VE","PORTOGRUARO","42","296","","T","","analitica","","","PVP sales 1 (4553644); Storica Analitica visura per immobile - Catasto Terreni."
"visura-storica","VE","PORTOGRUARO","42","373","","F","","analitica","","","PVP sales 1 (4553644); Storica Analitica visura per immobile - Catasto Fabbricati."
"visura-storica","VE","PORTOGRUARO","42","373","","T","","analitica","","","PVP sales 1 (4553644); Storica Analitica visura per immobile - Catasto Terreni."
"visura-storica","VE","PORTOGRUARO","42","570","","F","","analitica","","","PVP sales 1 (4553644); Storica Analitica visura per immobile - Catasto Fabbricati."
"visura-storica","VE","PORTOGRUARO","42","570","","T","","analitica","","","PVP sales 1 (4553644); Storica Analitica visura per immobile - Catasto Terreni."
"visura-storica","VE","PORTOGRUARO","42","572","","F","","analitica","","","PVP sales 1 (4553644); Storica Analitica visura per immobile - Catasto Fabbricati."
"visura-storica","VE","PORTOGRUARO","42","572","","T","","analitica","","","PVP sales 1 (4553644); Storica Analitica visura per immobile - Catasto Terreni."
"visura-storica","VE","PORTOGRUARO","42","574","","F","","analitica","","","PVP sales 1 (4553644); Storica Analitica visura per immobile - Catasto Fabbricati."
"visura-storica","VE","PORTOGRUARO","42","574","","T","","analitica","","","PVP sales 1 (4553644); Storica Analitica visura per immobile - Catasto Terreni."
"visura-storica","VE","PORTOGRUARO","42","577","","F","","analitica","","","PVP sales 1 (4553644); Storica Analitica visura per immobile - Catasto Fabbricati."
"visura-storica","VE","PORTOGRUARO","42","577","","T","","analitica","","","PVP sales 1 (4553644); Storica Analitica visura per immobile - Catasto Terreni."
"visura-storica","VE","PORTOGRUARO","42","591","","F","","analitica","","","PVP sales 1 (4553644); Storica Analitica visura per immobile - Catasto Fabbricati."
"visura-storica","VE","PORTOGRUARO","42","591","","T","","analitica","","","PVP sales 1 (4553644); Storica Analitica visura per immobile - Catasto Terreni."
"visura-storica","VE","PORTOGRUARO","42","593","","F","","analitica","","","PVP sales 1 (4553644); Storica Analitica visura per immobile - Catasto Fabbricati."
"visura-storica","VE","PORTOGRUARO","42","593","","T","","analitica","","","PVP sales 1 (4553644); Storica Analitica visura per immobile - Catasto Terreni."
"visura-storica","VE","PORTOGRUARO","46","355","3","F","","analitica","","","PVP sales 1 (667810); Storica Analitica visura per immobile - Catasto Fabbricati."
"visura-storica","VE","PORTOGRUARO","46","355","6","F","","analitica","","","PVP sales 1 (667810); Storica Analitica visura per immobile - Catasto Fabbricati."
"visura-storica","VE","PORTOGRUARO","46","578","2","F","","analitica","","","PVP sales 2 (4511019,4573961); Storica Analitica visura per immobile - Catasto Fabbricati."
"visura-storica","VE","PORTOGRUARO","46","578","6","F","","analitica","","","PVP sales 2 (4511019,4573961); Storica Analitica visura per immobile - Catasto Fabbricati."
"visura-storica","VE","PORTOGRUARO","46","685","10","F","","analitica","","","PVP sales 1 (592126); Storica Analitica visura per immobile - Catasto Fabbricati."
"visura-storica","VE","PORTOGRUARO","46","854","2","F","","analitica","","","PVP sales 1 (4543053); Storica Analitica visura per immobile - Catasto Fabbricati."
"visura-storica","VE","PORTOGRUARO","46","854","6","F","","analitica","","","PVP sales 1 (4543053); Storica Analitica visura per immobile - Catasto Fabbricati."
"visura-storica","VE","PORTOGRUARO","46","975","11","F","","analitica","","","PVP sales 1 (680505); Storica Analitica visura per immobile - Catasto Fabbricati."
"visura-storica","VE","PORTOGRUARO","46","975","39","F","","analitica","","","PVP sales 1 (680505); Storica Analitica visura per immobile - Catasto Fabbricati."
"visura-storica","VE","PORTOGRUARO","47","1032","2","F","","analitica","","","PVP sales 1 (786144); Storica Analitica visura per immobile - Catasto Fabbricati."
"visura-storica","VE","PORTOGRUARO","47","1032","34","F","","analitica","","","PVP sales 1 (786144); Storica Analitica visura per immobile - Catasto Fabbricati."
"visura-storica","VE","PORTOGRUARO","47","1032","42","F","","analitica","","","PVP sales 1 (786144); Storica Analitica visura per immobile - Catasto Fabbricati."
"visura-storica","VE","PORTOGRUARO","47","520","","F","","analitica","","","PVP sales 1 (4534913); Storica Analitica visura per immobile - Catasto Fabbricati."
"visura-storica","VE","PORTOGRUARO","47","520","","T","","analitica","","","PVP sales 1 (4534913); Storica Analitica visura per immobile - Catasto Terreni."
"visura-storica","VE","PORTOGRUARO","48","184","1","F","","analitica","","","PVP sales 1 (930651); Storica Analitica visura per immobile - Catasto Fabbricati."
"visura-storica","VE","PORTOGRUARO","48","184","2","F","","analitica","","","PVP sales 1 (930651); Storica Analitica visura per immobile - Catasto Fabbricati."
"visura-storica","VE","PORTOGRUARO","6","278","","F","","analitica","","","PVP sales 2 (959210,1484631); Storica Analitica visura per immobile - Catasto Fabbricati."
"visura-storica","VE","PORTOGRUARO","6","278","","T","","analitica","","","PVP sales 2 (959210,1484631); Storica Analitica visura per immobile - Catasto Terreni."
"visura-storica","VE","PORTOGRUARO","6","278","1","F","","analitica","","","PVP sales 2 (959210,1588206); Storica Analitica visura per immobile - Catasto Fabbricati."
"visura-storica","VE","PORTOGRUARO","6","278","2","F","","analitica","","","PVP sales 4 (882744,959210,1484631,1588206); Storica Analitica visura per immobile - Catasto Fabbricati."
"visura-storica","VE","PORTOGRUARO","6","278","3","F","","analitica","","","PVP sales 4 (882744,959210,1484631,1588206); Storica Analitica visura per immobile - Catasto Fabbricati."
"visura-storica","VE","PORTOGRUARO","6","278","4","F","","analitica","","","PVP sales 4 (882744,959210,1484631,1588206); Storica Analitica visura per immobile - Catasto Fabbricati."
"visura-storica","VE","PORTOGRUARO","70","148","7","F","","analitica","","","PVP sales 1 (4509653); Storica Analitica visura per immobile - Catasto Fabbricati."
"visura-storica","VE","PORTOGRUARO","70","148","8","F","","analitica","","","PVP sales 1 (4509677); Storica Analitica visura per immobile - Catasto Fabbricati."
"visura-storica","VE","PORTOGRUARO","70","336","6","F","","analitica","","","PVP sales 1 (962566); Storica Analitica visura per immobile - Catasto Fabbricati."
"visura-storica","VE","PORTOGRUARO","70","336","7","F","","analitica","","","PVP sales 1 (962566); Storica Analitica visura per immobile - Catasto Fabbricati."
"visura-storica","VE","PORTOGRUARO","8","159AA","","F","","analitica","","","PVP sales 1 (774807); Storica Analitica visura per immobile - Catasto Fabbricati."
"visura-storica","VE","PORTOGRUARO","8","159AA","","T","","analitica","","","PVP sales 1 (774807); Storica Analitica visura per immobile - Catasto Terreni."
"visura-storica","VE","PORTOGRUARO","8","159AB","","F","","analitica","","","PVP sales 1 (774807); Storica Analitica visura per immobile - Catasto Fabbricati."
"visura-storica","VE","PORTOGRUARO","8","159AB","","T","","analitica","","","PVP sales 1 (774807); Storica Analitica visura per immobile - Catasto Terreni."
"visura-storica","VE","PORTOGRUARO","8","159AC","","F","","analitica","","","PVP sales 1 (774807); Storica Analitica visura per immobile - Catasto Fabbricati."
"visura-storica","VE","PORTOGRUARO","8","159AC","","T","","analitica","","","PVP sales 1 (774807); Storica Analitica visura per immobile - Catasto Terreni."
"visura-storica","VE","PORTOGRUARO","8","275","","F","","analitica","","","PVP sales 1 (774807); Storica Analitica visura per immobile - Catasto Fabbricati."
"visura-storica","VE","PORTOGRUARO","8","275","","T","","analitica","","","PVP sales 1 (774807); Storica Analitica visura per immobile - Catasto Terreni."
"visura-storica","VE","PORTOGRUARO","8","276","7","F","","analitica","","","PVP sales 1 (774807); Storica Analitica visura per immobile - Catasto Fabbricati."
"visura-storica","VE","PORTOGRUARO","8","435","","F","","analitica","","","PVP sales 1 (774807); Storica Analitica visura per immobile - Catasto Fabbricati."
"visura-storica","VE","PORTOGRUARO","8","435","","T","","analitica","","","PVP sales 1 (774807); Storica Analitica visura per immobile - Catasto Terreni."
"visura-storica","VE","PORTOGRUARO","8","55AA","","F","","analitica","","","PVP sales 1 (774807); Storica Analitica visura per immobile - Catasto Fabbricati."
"visura-storica","VE","PORTOGRUARO","8","55AA","","T","","analitica","","","PVP sales 1 (774807); Storica Analitica visura per immobile - Catasto Terreni."
"visura-storica","VE","PORTOGRUARO","8","55AB","","F","","analitica","","","PVP sales 1 (774807); Storica Analitica visura per immobile - Catasto Fabbricati."
"visura-storica","VE","PORTOGRUARO","8","55AB","","T","","analitica","","","PVP sales 1 (774807); Storica Analitica visura per immobile - Catasto Terreni."
"visura-storica","VE","PORTOGRUARO","8","57","","F","","analitica","","","PVP sales 1 (774807); Storica Analitica visura per immobile - Catasto Fabbricati."
"visura-storica","VE","PORTOGRUARO","8","57","","T","","analitica","","","PVP sales 1 (774807); Storica Analitica visura per immobile - Catasto Terreni."
"visura-storica","VE","PORTOGRUARO","8","57","2","F","","analitica","","","PVP sales 1 (774807); Storica Analitica visura per immobile - Catasto Fabbricati."
"visura-storica","VE","PORTOGRUARO","8","57","3","F","","analitica","","","PVP sales 1 (774807); Storica Analitica visura per immobile - Catasto Fabbricati."
"visura-storica","VE","PORTOGRUARO","8","57","4","F","","analitica","","","PVP sales 1 (774807); Storica Analitica visura per immobile - Catasto Fabbricati."
"visura-storica","VE","PORTOGRUARO","8","57","5","F","","analitica","","","PVP sales 1 (774807); Storica Analitica visura per immobile - Catasto Fabbricati."
"visura-storica","VE","PORTOGRUARO","81","14","1","F","","analitica","","","PVP sales 1 (4447648); Storica Analitica visura per immobile - Catasto Fabbricati."
"visura-storica","VE","PORTOGRUARO","81","14","3","F","","analitica","","","PVP sales 1 (4447648); Storica Analitica visura per immobile - Catasto Fabbricati."
"visura-storica","VE","PRAMAGGIORE","10","1112","","F","","analitica","","","PVP sales 1 (4477313); Storica Analitica visura per immobile - Catasto Fabbricati."
"visura-storica","VE","PRAMAGGIORE","10","1112","","T","","analitica","","","PVP sales 1 (4477313); Storica Analitica visura per immobile - Catasto Terreni."
"visura-storica","VE","PRAMAGGIORE","10","581","18","F","","analitica","","","PVP sales 1 (4249087); Storica Analitica visura per immobile - Catasto Fabbricati."
"visura-storica","VE","PRAMAGGIORE","10","581","4","F","","analitica","","","PVP sales 1 (4249065); Storica Analitica visura per immobile - Catasto Fabbricati."
"visura-storica","VE","PRAMAGGIORE","10","603","","F","","analitica","","","PVP sales 1 (758947); Storica Analitica visura per immobile - Catasto Fabbricati."
"visura-storica","VE","PRAMAGGIORE","10","603","","T","","analitica","","","PVP sales 1 (758947); Storica Analitica visura per immobile - Catasto Terreni."
"visura-storica","VE","PRAMAGGIORE","10","603","2","F","","analitica","","","PVP sales 1 (758947); Storica Analitica visura per immobile - Catasto Fabbricati."
"visura-storica","VE","PRAMAGGIORE","10","603","3","F","","analitica","","","PVP sales 1 (758947); Storica Analitica visura per immobile - Catasto Fabbricati."
"visura-storica","VE","PRAMAGGIORE","15","1104","","F","","analitica","","","PVP sales 2 (916486,4477313); Storica Analitica visura per immobile - Catasto Fabbricati."
"visura-storica","VE","PRAMAGGIORE","15","1104","","T","","analitica","","","PVP sales 2 (916486,4477313); Storica Analitica visura per immobile - Catasto Terreni."
"visura-storica","VE","PRAMAGGIORE","15","1105","","F","","analitica","","","PVP sales 2 (916486,4477313); Storica Analitica visura per immobile - Catasto Fabbricati."
"visura-storica","VE","PRAMAGGIORE","15","1105","","T","","analitica","","","PVP sales 2 (916486,4477313); Storica Analitica visura per immobile - Catasto Terreni."
"visura-storica","VE","PRAMAGGIORE","15","1106","","F","","analitica","","","PVP sales 2 (916486,4477313); Storica Analitica visura per immobile - Catasto Fabbricati."
"visura-storica","VE","PRAMAGGIORE","15","1106","","T","","analitica","","","PVP sales 2 (916486,4477313); Storica Analitica visura per immobile - Catasto Terreni."
"visura-storica","VE","PRAMAGGIORE","15","1108","","F","","analitica","","","PVP sales 2 (916486,4477313); Storica Analitica visura per immobile - Catasto Fabbricati."
"visura-storica","VE","PRAMAGGIORE","15","1108","","T","","analitica","","","PVP sales 2 (916486,4477313); Storica Analitica visura per immobile - Catasto Terreni."
"visura-storica","VE","PRAMAGGIORE","15","1109","","F","","analitica","","","PVP sales 2 (916486,4477313); Storica Analitica visura per immobile - Catasto Fabbricati."
"visura-storica","VE","PRAMAGGIORE","15","1109","","T","","analitica","","","PVP sales 2 (916486,4477313); Storica Analitica visura per immobile - Catasto Terreni."
"visura-storica","VE","PRAMAGGIORE","15","1110","","F","","analitica","","","PVP sales 2 (916486,4477313); Storica Analitica visura per immobile - Catasto Fabbricati."
"visura-storica","VE","PRAMAGGIORE","15","1110","","T","","analitica","","","PVP sales 2 (916486,4477313); Storica Analitica visura per immobile - Catasto Terreni."
"visura-storica","VE","PRAMAGGIORE","15","1111","","F","","analitica","","","PVP sales 2 (916486,4477313); Storica Analitica visura per immobile - Catasto Fabbricati."
"visura-storica","VE","PRAMAGGIORE","15","1111","","T","","analitica","","","PVP sales 2 (916486,4477313); Storica Analitica visura per immobile - Catasto Terreni."
"visura-storica","VE","PRAMAGGIORE","15","1112","","F","","analitica","","","PVP sales 1 (916486); Storica Analitica visura per immobile - Catasto Fabbricati."
"visura-storica","VE","PRAMAGGIORE","15","1112","","T","","analitica","","","PVP sales 1 (916486); Storica Analitica visura per immobile - Catasto Terreni."
"visura-storica","VE","PRAMAGGIORE","15","1113","","F","","analitica","","","PVP sales 2 (916486,4477313); Storica Analitica visura per immobile - Catasto Fabbricati."
"visura-storica","VE","PRAMAGGIORE","15","1113","","T","","analitica","","","PVP sales 2 (916486,4477313); Storica Analitica visura per immobile - Catasto Terreni."
"visura-storica","VE","PRAMAGGIORE","15","1114","","F","","analitica","","","PVP sales 2 (916486,4477313); Storica Analitica visura per immobile - Catasto Fabbricati."
"visura-storica","VE","PRAMAGGIORE","15","1114","","T","","analitica","","","PVP sales 2 (916486,4477313); Storica Analitica visura per immobile - Catasto Terreni."
"visura-storica","VE","PRAMAGGIORE","15","447","","F","","analitica","","","PVP sales 1 (4569172); Storica Analitica visura per immobile - Catasto Fabbricati."
"visura-storica","VE","PRAMAGGIORE","15","447","","T","","analitica","","","PVP sales 1 (4569172); Storica Analitica visura per immobile - Catasto Terreni."
"visura-storica","VE","PRAMAGGIORE","15","5","18","F","","analitica","","","PVP sales 1 (4489862); Storica Analitica visura per immobile - Catasto Fabbricati."
"visura-storica","VE","PRAMAGGIORE","2","261","3","F","","analitica","","","PVP sales 2 (4499948,4574197); Storica Analitica visura per immobile - Catasto Fabbricati."
"visura-storica","VE","PRAMAGGIORE","2","261","6","F","","analitica","","","PVP sales 2 (4499948,4574197); Storica Analitica visura per immobile - Catasto Fabbricati."
"visura-storica","VE","PRAMAGGIORE","2","336","","F","","analitica","","","PVP sales 1 (1904424); Storica Analitica visura per immobile - Catasto Fabbricati."
"visura-storica","VE","PRAMAGGIORE","2","336","","T","","analitica","","","PVP sales 1 (1904424); Storica Analitica visura per immobile - Catasto Terreni."
"visura-storica","VE","PRAMAGGIORE","2","37","","F","","analitica","","","PVP sales 1 (1904424); Storica Analitica visura per immobile - Catasto Fabbricati."
"visura-storica","VE","PRAMAGGIORE","2","37","","T","","analitica","","","PVP sales 1 (1904424); Storica Analitica visura per immobile - Catasto Terreni."
"visura-storica","VE","PRAMAGGIORE","2","38","","F","","analitica","","","PVP sales 1 (1904424); Storica Analitica visura per immobile - Catasto Fabbricati."
"visura-storica","VE","PRAMAGGIORE","2","38","","T","","analitica","","","PVP sales 1 (1904424); Storica Analitica visura per immobile - Catasto Terreni."
"visura-storica","VE","PRAMAGGIORE","2","41","","F","","analitica","","","PVP sales 1 (1904427); Storica Analitica visura per immobile - Catasto Fabbricati."
"visura-storica","VE","PRAMAGGIORE","2","41","","T","","analitica","","","PVP sales 1 (1904427); Storica Analitica visura per immobile - Catasto Terreni."
"visura-storica","VE","PRAMAGGIORE","24","20","5","F","","analitica","","","PVP sales 2 (558876,754814); Storica Analitica visura per immobile - Catasto Fabbricati."
"visura-storica","VE","PRAMAGGIORE","24","20","6","F","","analitica","","","PVP sales 1 (560737); Storica Analitica visura per immobile - Catasto Fabbricati."
"visura-storica","VE","PRAMAGGIORE","24","20","7","F","","analitica","","","PVP sales 2 (560746,754223); Storica Analitica visura per immobile - Catasto Fabbricati."
"visura-storica","VE","PRAMAGGIORE","6","263","","F","","analitica","","","PVP sales 2 (1946200,2024804); Storica Analitica visura per immobile - Catasto Fabbricati."
"visura-storica","VE","PRAMAGGIORE","6","263","","T","","analitica","","","PVP sales 2 (1946200,2024804); Storica Analitica visura per immobile - Catasto Terreni."
"visura-storica","VE","PRAMAGGIORE","6","263","10","F","","analitica","","","PVP sales 2 (1946200,2024804); Storica Analitica visura per immobile - Catasto Fabbricati."
"visura-storica","VE","PRAMAGGIORE","6","263","9","F","","analitica","","","PVP sales 2 (1946200,2024804); Storica Analitica visura per immobile - Catasto Fabbricati."
"visura-storica","VE","PRAMAGGIORE","6","721","25","F","","analitica","","","PVP sales 1 (1006740); Storica Analitica visura per immobile - Catasto Fabbricati."
"visura-storica","VE","PRAMAGGIORE","6","721","6","F","","analitica","","","PVP sales 1 (1006740); Storica Analitica visura per immobile - Catasto Fabbricati."
"visura-storica","VE","PRAMAGGIORE","7","1098","","F","","analitica","","","PVP sales 1 (530918); Storica Analitica visura per immobile - Catasto Fabbricati."
"visura-storica","VE","PRAMAGGIORE","7","1098","","T","","analitica","","","PVP sales 1 (530918); Storica Analitica visura per immobile - Catasto Terreni."
"visura-storica","VE","PRAMAGGIORE","7","1098","2","F","","analitica","","","PVP sales 1 (530918); Storica Analitica visura per immobile - Catasto Fabbricati."
"visura-storica","VE","PRAMAGGIORE","7","1098","3","F","","analitica","","","PVP sales 1 (530918); Storica Analitica visura per immobile - Catasto Fabbricati."
"visura-storica","VE","PRAMAGGIORE","9","1042","","F","","analitica","","","PVP sales 2 (993496,1576189); Storica Analitica visura per immobile - Catasto Fabbricati."
"visura-storica","VE","PRAMAGGIORE","9","1042","","T","","analitica","","","PVP sales 2 (993496,1576189); Storica Analitica visura per immobile - Catasto Terreni."
"visura-storica","VE","PRAMAGGIORE","9","1044","","F","","analitica","","","PVP sales 1 (4461979); Storica Analitica visura per immobile - Catasto Fabbricati."
"visura-storica","VE","PRAMAGGIORE","9","1044","","T","","analitica","","","PVP sales 1 (4461979); Storica Analitica visura per immobile - Catasto Terreni."
"visura-storica","VE","PRAMAGGIORE","9","1044","2","F","","analitica","","","PVP sales 1 (4461979); Storica Analitica visura per immobile - Catasto Fabbricati."
"visura-storica","VE","PRAMAGGIORE","9","1044","6","F","","analitica","","","PVP sales 1 (4461979); Storica Analitica visura per immobile - Catasto Fabbricati."
"visura-storica","VE","PRAMAGGIORE","9","1046","","F","","analitica","","","PVP sales 1 (993499); Storica Analitica visura per immobile - Catasto Fabbricati."
"visura-storica","VE","PRAMAGGIORE","9","1046","","T","","analitica","","","PVP sales 1 (993499); Storica Analitica visura per immobile - Catasto Terreni."
"visura-storica","VE","PRAMAGGIORE","9","1051","","F","","analitica","","","PVP sales 5 (992550,1576191,1695045,1858160,2017334); Storica Analitica visura per immobile - Catasto Fabbricati."
"visura-storica","VE","PRAMAGGIORE","9","1051","","T","","analitica","","","PVP sales 5 (992550,1576191,1695045,1858160,2017334); Storica Analitica visura per immobile - Catasto Terreni."
"visura-storica","VE","PRAMAGGIORE","9","1054","","F","","analitica","","","PVP sales 5 (992550,1576191,1695045,1858160,2017334); Storica Analitica visura per immobile - Catasto Fabbricati."
"visura-storica","VE","PRAMAGGIORE","9","1054","","T","","analitica","","","PVP sales 5 (992550,1576191,1695045,1858160,2017334); Storica Analitica visura per immobile - Catasto Terreni."
"visura-storica","VE","PRAMAGGIORE","9","1115","","F","","analitica","","","PVP sales 1 (758932); Storica Analitica visura per immobile - Catasto Fabbricati."
"visura-storica","VE","PRAMAGGIORE","9","1115","","T","","analitica","","","PVP sales 1 (758932); Storica Analitica visura per immobile - Catasto Terreni."
"visura-storica","VE","PRAMAGGIORE","9","1115","2","F","","analitica","","","PVP sales 1 (758932); Storica Analitica visura per immobile - Catasto Fabbricati."
"visura-storica","VE","PRAMAGGIORE","9","1115","3","F","","analitica","","","PVP sales 1 (758932); Storica Analitica visura per immobile - Catasto Fabbricati."
"visura-storica","VE","PRAMAGGIORE","9","1122","","F","","analitica","","","PVP sales 1 (993499); Storica Analitica visura per immobile - Catasto Fabbricati."
"visura-storica","VE","PRAMAGGIORE","9","1122","","T","","analitica","","","PVP sales 1 (993499); Storica Analitica visura per immobile - Catasto Terreni."
"visura-storica","VE","PRAMAGGIORE","9","1132","","F","","analitica","","","PVP sales 1 (993499); Storica Analitica visura per immobile - Catasto Fabbricati."
"visura-storica","VE","PRAMAGGIORE","9","1132","","T","","analitica","","","PVP sales 1 (993499); Storica Analitica visura per immobile - Catasto Terreni."
"visura-storica","VE","PRAMAGGIORE","9","1133","","F","","analitica","","","PVP sales 5 (992550,1576191,1695045,1858160,2017334); Storica Analitica visura per immobile - Catasto Fabbricati."
"visura-storica","VE","PRAMAGGIORE","9","1133","","T","","analitica","","","PVP sales 5 (992550,1576191,1695045,1858160,2017334); Storica Analitica visura per immobile - Catasto Terreni."
"visura-storica","VE","PRAMAGGIORE","9","1141","","F","","analitica","","","PVP sales 1 (758932); Storica Analitica visura per immobile - Catasto Fabbricati."
"visura-storica","VE","PRAMAGGIORE","9","1141","","T","","analitica","","","PVP sales 1 (758932); Storica Analitica visura per immobile - Catasto Terreni."
"visura-storica","VE","PRAMAGGIORE","9","1158","","F","","analitica","","","PVP sales 5 (992550,1576191,1695045,1858160,2017334); Storica Analitica visura per immobile - Catasto Fabbricati."
"visura-storica","VE","PRAMAGGIORE","9","1158","","T","","analitica","","","PVP sales 5 (992550,1576191,1695045,1858160,2017334); Storica Analitica visura per immobile - Catasto Terreni."
"visura-storica","VE","PRAMAGGIORE","9","1159","","F","","analitica","","","PVP sales 5 (992550,1576191,1695045,1858160,2017334); Storica Analitica visura per immobile - Catasto Fabbricati."
"visura-storica","VE","PRAMAGGIORE","9","1159","","T","","analitica","","","PVP sales 5 (992550,1576191,1695045,1858160,2017334); Storica Analitica visura per immobile - Catasto Terreni."
"visura-storica","VE","QUARTO D'ALTINO","1","1063","","F","","analitica","","","PVP sales 3 (4277614,4480666,4532146); Storica Analitica visura per immobile - Catasto Fabbricati."
"visura-storica","VE","QUARTO D'ALTINO","1","1063","","T","","analitica","","","PVP sales 3 (4277614,4480666,4532146); Storica Analitica visura per immobile - Catasto Terreni."
"visura-storica","VE","QUARTO D'ALTINO","1","1065","","F","","analitica","","","PVP sales 3 (4277614,4480666,4532146); Storica Analitica visura per immobile - Catasto Fabbricati."
"visura-storica","VE","QUARTO D'ALTINO","1","1065","","T","","analitica","","","PVP sales 3 (4277614,4480666,4532146); Storica Analitica visura per immobile - Catasto Terreni."
"visura-storica","VE","QUARTO D'ALTINO","1","1067","","F","","analitica","","","PVP sales 3 (4277614,4480666,4532146); Storica Analitica visura per immobile - Catasto Fabbricati."
"visura-storica","VE","QUARTO D'ALTINO","1","1067","","T","","analitica","","","PVP sales 3 (4277614,4480666,4532146); Storica Analitica visura per immobile - Catasto Terreni."
"visura-storica","VE","QUARTO D'ALTINO","1","541","5","F","","analitica","","","PVP sales 1 (424963); Storica Analitica visura per immobile - Catasto Fabbricati."
"visura-storica","VE","QUARTO D'ALTINO","1","859","","F","","analitica","","","PVP sales 1 (4277516); Storica Analitica visura per immobile - Catasto Fabbricati."
"visura-storica","VE","QUARTO D'ALTINO","1","859","","T","","analitica","","","PVP sales 1 (4277516); Storica Analitica visura per immobile - Catasto Terreni."
"visura-storica","VE","QUARTO D'ALTINO","1","861","","F","","analitica","","","PVP sales 1 (4277516); Storica Analitica visura per immobile - Catasto Fabbricati."
"visura-storica","VE","QUARTO D'ALTINO","1","861","","T","","analitica","","","PVP sales 1 (4277516); Storica Analitica visura per immobile - Catasto Terreni."
"visura-storica","VE","QUARTO D'ALTINO","1","863","","F","","analitica","","","PVP sales 1 (4277516); Storica Analitica visura per immobile - Catasto Fabbricati."
"visura-storica","VE","QUARTO D'ALTINO","1","863","","T","","analitica","","","PVP sales 1 (4277516); Storica Analitica visura per immobile - Catasto Terreni."
"visura-storica","VE","QUARTO D'ALTINO","1","865","","F","","analitica","","","PVP sales 1 (4277516); Storica Analitica visura per immobile - Catasto Fabbricati."
"visura-storica","VE","QUARTO D'ALTINO","1","865","","T","","analitica","","","PVP sales 1 (4277516); Storica Analitica visura per immobile - Catasto Terreni."
"visura-storica","VE","QUARTO D'ALTINO","1","866","","F","","analitica","","","PVP sales 1 (4277516); Storica Analitica visura per immobile - Catasto Fabbricati."
"visura-storica","VE","QUARTO D'ALTINO","1","866","","T","","analitica","","","PVP sales 1 (4277516); Storica Analitica visura per immobile - Catasto Terreni."
"visura-storica","VE","QUARTO D'ALTINO","11","90","24","F","","analitica","","","PVP sales 1 (4449409); Storica Analitica visura per immobile - Catasto Fabbricati."
"visura-storica","VE","QUARTO D'ALTINO","11","90","56","F","","analitica","","","PVP sales 1 (4449409); Storica Analitica visura per immobile - Catasto Fabbricati."
"visura-storica","VE","QUARTO D'ALTINO","12","344","8","F","","analitica","","","PVP sales 3 (414644,543479,1423942); Storica Analitica visura per immobile - Catasto Fabbricati."
"visura-storica","VE","QUARTO D'ALTINO","14","19","13","F","","analitica","","","PVP sales 2 (591521,798340); Storica Analitica visura per immobile - Catasto Fabbricati."
"visura-storica","VE","QUARTO D'ALTINO","14","19","5","F","","analitica","","","PVP sales 2 (591521,798340); Storica Analitica visura per immobile - Catasto Fabbricati."
"visura-storica","VE","QUARTO D'ALTINO","14","32","2","F","","analitica","","","PVP sales 1 (2202442); Storica Analitica visura per immobile - Catasto Fabbricati."
"visura-storica","VE","QUARTO D'ALTINO","14","32","3","F","","analitica","","","PVP sales 1 (2202442); Storica Analitica visura per immobile - Catasto Fabbricati."
"visura-storica","VE","QUARTO D'ALTINO","14","46","3","F","","analitica","","","PVP sales 1 (2202442); Storica Analitica visura per immobile - Catasto Fabbricati."
"visura-storica","VE","QUARTO D'ALTINO","14","46","5","F","","analitica","","","PVP sales 1 (2202442); Storica Analitica visura per immobile - Catasto Fabbricati."
"visura-storica","VE","QUARTO D'ALTINO","14","46","6","F","","analitica","","","PVP sales 1 (2202442); Storica Analitica visura per immobile - Catasto Fabbricati."
"visura-storica","VE","QUARTO D'ALTINO","14","46","7","F","","analitica","","","PVP sales 1 (2202442); Storica Analitica visura per immobile - Catasto Fabbricati."
"visura-storica","VE","QUARTO D'ALTINO","14","46","8","F","","analitica","","","PVP sales 1 (2202442); Storica Analitica visura per immobile - Catasto Fabbricati."
"visura-storica","VE","QUARTO D'ALTINO","2","1294","120","F","","analitica","","","PVP sales 4 (447783,610488,767583,965793); Storica Analitica visura per immobile - Catasto Fabbricati."
"visura-storica","VE","QUARTO D'ALTINO","2","1294","6","F","","analitica","","","PVP sales 1 (1546905); Storica Analitica visura per immobile - Catasto Fabbricati."
"visura-storica","VE","QUARTO D'ALTINO","2","1294","7","F","","analitica","","","PVP sales 1 (1546930); Storica Analitica visura per immobile - Catasto Fabbricati."
"visura-storica","VE","QUARTO D'ALTINO","2","1294","8","F","","analitica","","","PVP sales 1 (1548038); Storica Analitica visura per immobile - Catasto Fabbricati."
"visura-storica","VE","QUARTO D'ALTINO","2","1294","83","F","","analitica","","","PVP sales 1 (1548062); Storica Analitica visura per immobile - Catasto Fabbricati."
"visura-storica","VE","QUARTO D'ALTINO","2","1294","9","F","","analitica","","","PVP sales 1 (1546948); Storica Analitica visura per immobile - Catasto Fabbricati."
"visura-storica","VE","QUARTO D'ALTINO","2","1392","26","F","","analitica","","","PVP sales 2 (293299,446427); Storica Analitica visura per immobile - Catasto Fabbricati."
"visura-storica","VE","QUARTO D'ALTINO","2","1488","18","F","","analitica","","","PVP sales 3 (1510533,1920601,2156184); Storica Analitica visura per immobile - Catasto Fabbricati."
"visura-storica","VE","QUARTO D'ALTINO","2","1518","","F","","analitica","","","PVP sales 7 (4500760,4500792,4500797,4500879,4500880 +2 more); Storica Analitica visura per immobile - Catasto Fabbricati."
"visura-storica","VE","QUARTO D'ALTINO","2","1518","","T","","analitica","","","PVP sales 7 (4500760,4500792,4500797,4500879,4500880 +2 more); Storica Analitica visura per immobile - Catasto Terreni."
"visura-storica","VE","QUARTO D'ALTINO","2","1544","145","F","","analitica","","","PVP sales 1 (4232902); Storica Analitica visura per immobile - Catasto Fabbricati."
"visura-storica","VE","QUARTO D'ALTINO","2","1544","85","F","","analitica","","","PVP sales 1 (4232902); Storica Analitica visura per immobile - Catasto Fabbricati."
"visura-storica","VE","QUARTO D'ALTINO","2","219","10","F","","analitica","","","PVP sales 1 (2126478); Storica Analitica visura per immobile - Catasto Fabbricati."
"visura-storica","VE","QUARTO D'ALTINO","2","219","9","F","","analitica","","","PVP sales 1 (2126478); Storica Analitica visura per immobile - Catasto Fabbricati."
"visura-storica","VE","QUARTO D'ALTINO","2","276","17","F","","analitica","","","PVP sales 2 (292731,446134); Storica Analitica visura per immobile - Catasto Fabbricati."
"visura-storica","VE","QUARTO D'ALTINO","2","276","18","F","","analitica","","","PVP sales 2 (292737,446143); Storica Analitica visura per immobile - Catasto Fabbricati."
"visura-storica","VE","QUARTO D'ALTINO","2","575","16","F","","analitica","","","PVP sales 1 (189880); Storica Analitica visura per immobile - Catasto Fabbricati."
"visura-storica","VE","QUARTO D'ALTINO","2","575","20","F","","analitica","","","PVP sales 1 (189880); Storica Analitica visura per immobile - Catasto Fabbricati."
"visura-storica","VE","QUARTO D'ALTINO","2","997","76","F","","analitica","","","PVP sales 1 (4539094); Storica Analitica visura per immobile - Catasto Fabbricati."
"visura-storica","VE","QUARTO D'ALTINO","4","343","2","F","","analitica","","","PVP sales 1 (425158); Storica Analitica visura per immobile - Catasto Fabbricati."
"visura-storica","VE","QUARTO D'ALTINO","4","343","3","F","","analitica","","","PVP sales 1 (425158); Storica Analitica visura per immobile - Catasto Fabbricati."
"visura-storica","VE","QUARTO D'ALTINO","4","49","10","F","","analitica","","","PVP sales 1 (4446065); Storica Analitica visura per immobile - Catasto Fabbricati."
"visura-storica","VE","QUARTO D'ALTINO","4","49","11","F","","analitica","","","PVP sales 1 (4446065); Storica Analitica visura per immobile - Catasto Fabbricati."
"visura-storica","VE","QUARTO D'ALTINO","4","49","26","F","","analitica","","","PVP sales 1 (4446065); Storica Analitica visura per immobile - Catasto Fabbricati."
"visura-storica","VE","QUARTO D'ALTINO","4","49","27","F","","analitica","","","PVP sales 1 (4446065); Storica Analitica visura per immobile - Catasto Fabbricati."
"visura-storica","VE","QUARTO D'ALTINO","4","49","28","F","","analitica","","","PVP sales 1 (4446065); Storica Analitica visura per immobile - Catasto Fabbricati."
"visura-storica","VE","QUARTO D'ALTINO","4","49","5","F","","analitica","","","PVP sales 1 (4446065); Storica Analitica visura per immobile - Catasto Fabbricati."
"visura-storica","VE","QUARTO D'ALTINO","4","49","6","F","","analitica","","","PVP sales 1 (4446065); Storica Analitica visura per immobile - Catasto Fabbricati."
"visura-storica","VE","QUARTO D'ALTINO","4","49","7","F","","analitica","","","PVP sales 1 (4446065); Storica Analitica visura per immobile - Catasto Fabbricati."
"visura-storica","VE","QUARTO D'ALTINO","4","49","8","F","","analitica","","","PVP sales 1 (4446065); Storica Analitica visura per immobile - Catasto Fabbricati."
"visura-storica","VE","QUARTO D'ALTINO","4","49","9","F","","analitica","","","PVP sales 1 (4446065); Storica Analitica visura per immobile - Catasto Fabbricati."
"visura-storica","VE","QUARTO D'ALTINO","4","810","","F","","analitica","","","PVP sales 2 (684472,1540752); Storica Analitica visura per immobile - Catasto Fabbricati."
"visura-storica","VE","QUARTO D'ALTINO","4","810","","T","","analitica","","","PVP sales 2 (684472,1540752); Storica Analitica visura per immobile - Catasto Terreni."
"visura-storica","VE","QUARTO D'ALTINO","4","812","","F","","analitica","","","PVP sales 2 (684472,1540752); Storica Analitica visura per immobile - Catasto Fabbricati."
"visura-storica","VE","QUARTO D'ALTINO","4","812","","T","","analitica","","","PVP sales 2 (684472,1540752); Storica Analitica visura per immobile - Catasto Terreni."
"visura-storica","VE","QUARTO D'ALTINO","6","193","11","F","","analitica","","","PVP sales 1 (4469710); Storica Analitica visura per immobile - Catasto Fabbricati."
"visura-storica","VE","QUARTO D'ALTINO","6","193","4","F","","analitica","","","PVP sales 1 (4469710); Storica Analitica visura per immobile - Catasto Fabbricati."
"visura-storica","VE","QUARTO D'ALTINO","6","193","7","F","","analitica","","","PVP sales 1 (4469710); Storica Analitica visura per immobile - Catasto Fabbricati."
"visura-storica","VE","SALZANO","10","1146","20","F","","analitica","","","PVP sales 2 (491913,584715); Storica Analitica visura per immobile - Catasto Fabbricati."
"visura-storica","VE","SALZANO","10","1150","","F","","analitica","","","PVP sales 2 (887515,887659); Storica Analitica visura per immobile - Catasto Fabbricati."
"visura-storica","VE","SALZANO","10","1150","","T","","analitica","","","PVP sales 2 (887515,887659); Storica Analitica visura per immobile - Catasto Terreni."
"visura-storica","VE","SALZANO","11","1221","57","F","","analitica","","","PVP sales 3 (490139,584722,1476699); Storica Analitica visura per immobile - Catasto Fabbricati."
"visura-storica","VE","SALZANO","11","1515","13","F","","analitica","","","PVP sales 2 (491700,584710); Storica Analitica visura per immobile - Catasto Fabbricati."
"visura-storica","VE","SALZANO","11","2101","","F","","analitica","","","PVP sales 1 (4239964); Storica Analitica visura per immobile - Catasto Fabbricati."
"visura-storica","VE","SALZANO","11","2101","","T","","analitica","","","PVP sales 1 (4239964); Storica Analitica visura per immobile - Catasto Terreni."
"visura-storica","VE","SALZANO","11","22","","F","","analitica","","","PVP sales 1 (4239964); Storica Analitica visura per immobile - Catasto Fabbricati."
"visura-storica","VE","SALZANO","11","22","","T","","analitica","","","PVP sales 1 (4239964); Storica Analitica visura per immobile - Catasto Terreni."
"visura-storica","VE","SALZANO","11","23","","F","","analitica","","","PVP sales 1 (4239964); Storica Analitica visura per immobile - Catasto Fabbricati."
"visura-storica","VE","SALZANO","11","23","","T","","analitica","","","PVP sales 1 (4239964); Storica Analitica visura per immobile - Catasto Terreni."
"visura-storica","VE","SALZANO","12","1024","13","F","","analitica","","","PVP sales 1 (388374); Storica Analitica visura per immobile - Catasto Fabbricati."
"visura-storica","VE","SALZANO","12","1024","30","F","","analitica","","","PVP sales 1 (388374); Storica Analitica visura per immobile - Catasto Fabbricati."
"visura-storica","VE","SALZANO","12","130","1","F","","analitica","","","PVP sales 3 (340984,498196,673372); Storica Analitica visura per immobile - Catasto Fabbricati."
"visura-storica","VE","SALZANO","12","130","5","F","","analitica","","","PVP sales 3 (340984,498196,673372); Storica Analitica visura per immobile - Catasto Fabbricati."
"visura-storica","VE","SALZANO","12","130","6","F","","analitica","","","PVP sales 3 (340984,498196,673372); Storica Analitica visura per immobile - Catasto Fabbricati."
"visura-storica","VE","SALZANO","12","130","7","F","","analitica","","","PVP sales 3 (340984,498196,673372); Storica Analitica visura per immobile - Catasto Fabbricati."
"visura-storica","VE","SALZANO","12","600","","F","","analitica","","","PVP sales 3 (340984,498196,673372); Storica Analitica visura per immobile - Catasto Fabbricati."
"visura-storica","VE","SALZANO","12","600","","T","","analitica","","","PVP sales 3 (340984,498196,673372); Storica Analitica visura per immobile - Catasto Terreni."
"visura-storica","VE","SALZANO","14","348","4","F","","analitica","","","PVP sales 1 (628511); Storica Analitica visura per immobile - Catasto Fabbricati."
"visura-storica","VE","SALZANO","14","348","5","F","","analitica","","","PVP sales 1 (628511); Storica Analitica visura per immobile - Catasto Fabbricati."
"visura-storica","VE","SALZANO","2","391","14","F","","analitica","","","PVP sales 2 (1994486,2059505); Storica Analitica visura per immobile - Catasto Fabbricati."
"visura-storica","VE","SALZANO","2","391","18","F","","analitica","","","PVP sales 2 (1994486,2059505); Storica Analitica visura per immobile - Catasto Fabbricati."
"visura-storica","VE","SALZANO","2","391","20","F","","analitica","","","PVP sales 2 (1994486,2059505); Storica Analitica visura per immobile - Catasto Fabbricati."
"visura-storica","VE","SALZANO","2","391","31","F","","analitica","","","PVP sales 2 (1994486,2059505); Storica Analitica visura per immobile - Catasto Fabbricati."
"visura-storica","VE","SALZANO","5","519","12","F","","analitica","","","PVP sales 1 (4469878); Storica Analitica visura per immobile - Catasto Fabbricati."
"visura-storica","VE","SALZANO","5","519","6","F","","analitica","","","PVP sales 1 (4469878); Storica Analitica visura per immobile - Catasto Fabbricati."
"visura-storica","VE","SALZANO","9","120","131","F","","analitica","","","PVP sales 3 (536154,880104,994704); Storica Analitica visura per immobile - Catasto Fabbricati."
"visura-storica","VE","SALZANO","9","120","59","F","","analitica","","","PVP sales 3 (536154,880104,994704); Storica Analitica visura per immobile - Catasto Fabbricati."
"visura-storica","VE","SALZANO","9","120","93","F","","analitica","","","PVP sales 3 (536154,880104,994704); Storica Analitica visura per immobile - Catasto Fabbricati."
"visura-storica","VE","SALZANO","5","585","3","F","","analitica","UNICA","","PVP sales 1 (677919); Storica Analitica visura per immobile - Catasto Fabbricati."
"visura-storica","VE","SALZANO","5","585","4","F","","analitica","UNICA","","PVP sales 1 (677919); Storica Analitica visura per immobile - Catasto Fabbricati."
"visura-storica","VE","SAN DONÀ DI PIAVE","12","485","1","F","","analitica","","","PVP sales 2 (4430213,4482211); Storica Analitica visura per immobile - Catasto Fabbricati."
"visura-storica","VE","SAN DONÀ DI PIAVE","12","485","3","F","","analitica","","","PVP sales 2 (4430213,4482211); Storica Analitica visura per immobile - Catasto Fabbricati."
"visura-storica","VE","SAN DONÀ DI PIAVE","12","485","4","F","","analitica","","","PVP sales 2 (4430213,4482211); Storica Analitica visura per immobile - Catasto Fabbricati."
"visura-storica","VE","SAN DONÀ DI PIAVE","12","59","3","F","","analitica","","","PVP sales 1 (4222357); Storica Analitica visura per immobile - Catasto Fabbricati."
"visura-storica","VE","SAN DONÀ DI PIAVE","24","333","3","F","","analitica","","","PVP sales 1 (4524673); Storica Analitica visura per immobile - Catasto Fabbricati."
"visura-storica","VE","SAN DONÀ DI PIAVE","24","389","","F","","analitica","","","PVP sales 3 (4432632,4499058,4544615); Storica Analitica visura per immobile - Catasto Fabbricati."
"visura-storica","VE","SAN DONÀ DI PIAVE","24","389","","T","","analitica","","","PVP sales 3 (4432632,4499058,4544615); Storica Analitica visura per immobile - Catasto Terreni."
"visura-storica","VE","SAN DONÀ DI PIAVE","24","594","","F","","analitica","","","PVP sales 3 (4432632,4499058,4544615); Storica Analitica visura per immobile - Catasto Fabbricati."
"visura-storica","VE","SAN DONÀ DI PIAVE","24","594","","T","","analitica","","","PVP sales 3 (4432632,4499058,4544615); Storica Analitica visura per immobile - Catasto Terreni."
"visura-storica","VE","SAN DONÀ DI PIAVE","24","61","7","F","","analitica","","","PVP sales 3 (686463,866323,1121821); Storica Analitica visura per immobile - Catasto Fabbricati."
"visura-storica","VE","SAN DONÀ DI PIAVE","24","61","8","F","","analitica","","","PVP sales 3 (686463,866323,1121821); Storica Analitica visura per immobile - Catasto Fabbricati."
"visura-storica","VE","SAN DONÀ DI PIAVE","25","106","","F","","analitica","","","PVP sales 1 (459010); Storica Analitica visura per immobile - Catasto Fabbricati."
"visura-storica","VE","SAN DONÀ DI PIAVE","25","106","","T","","analitica","","","PVP sales 1 (459010); Storica Analitica visura per immobile - Catasto Terreni."
"visura-storica","VE","SAN DONÀ DI PIAVE","25","576","","F","","analitica","","","PVP sales 1 (459010); Storica Analitica visura per immobile - Catasto Fabbricati."
"visura-storica","VE","SAN DONÀ DI PIAVE","25","576","","T","","analitica","","","PVP sales 1 (459010); Storica Analitica visura per immobile - Catasto Terreni."
"visura-storica","VE","SAN DONÀ DI PIAVE","25","588","","F","","analitica","","","PVP sales 3 (459010,613501,765973); Storica Analitica visura per immobile - Catasto Fabbricati."
"visura-storica","VE","SAN DONÀ DI PIAVE","25","588","","T","","analitica","","","PVP sales 3 (459010,613501,765973); Storica Analitica visura per immobile - Catasto Terreni."
"visura-storica","VE","SAN DONÀ DI PIAVE","27","127","","F","","analitica","","","PVP sales 1 (2251540); Storica Analitica visura per immobile - Catasto Fabbricati."
"visura-storica","VE","SAN DONÀ DI PIAVE","27","127","","T","","analitica","","","PVP sales 1 (2251540); Storica Analitica visura per immobile - Catasto Terreni."
"visura-storica","VE","SAN DONÀ DI PIAVE","27","133","","F","","analitica","","","PVP sales 1 (2251540); Storica Analitica visura per immobile - Catasto Fabbricati."
"visura-storica","VE","SAN DONÀ DI PIAVE","27","133","","T","","analitica","","","PVP sales 1 (2251540); Storica Analitica visura per immobile - Catasto Terreni."
"visura-storica","VE","SAN DONÀ DI PIAVE","27","166","","F","","analitica","","","PVP sales 1 (2251540); Storica Analitica visura per immobile - Catasto Fabbricati."
"visura-storica","VE","SAN DONÀ DI PIAVE","27","166","","T","","analitica","","","PVP sales 1 (2251540); Storica Analitica visura per immobile - Catasto Terreni."
"visura-storica","VE","SAN DONÀ DI PIAVE","27","174","1","F","","analitica","","","PVP sales 1 (2251540); Storica Analitica visura per immobile - Catasto Fabbricati."
"visura-storica","VE","SAN DONÀ DI PIAVE","27","174","2","F","","analitica","","","PVP sales 1 (2251540); Storica Analitica visura per immobile - Catasto Fabbricati."
"visura-storica","VE","SAN DONÀ DI PIAVE","27","184","","F","","analitica","","","PVP sales 1 (2251540); Storica Analitica visura per immobile - Catasto Fabbricati."
"visura-storica","VE","SAN DONÀ DI PIAVE","27","184","","T","","analitica","","","PVP sales 1 (2251540); Storica Analitica visura per immobile - Catasto Terreni."
"visura-storica","VE","SAN DONÀ DI PIAVE","27","32","","F","","analitica","","","PVP sales 1 (2251540); Storica Analitica visura per immobile - Catasto Fabbricati."
"visura-storica","VE","SAN DONÀ DI PIAVE","27","32","","T","","analitica","","","PVP sales 1 (2251540); Storica Analitica visura per immobile - Catasto Terreni."
"visura-storica","VE","SAN DONÀ DI PIAVE","28","1","","F","","analitica","","","PVP sales 1 (2251540); Storica Analitica visura per immobile - Catasto Fabbricati."
"visura-storica","VE","SAN DONÀ DI PIAVE","28","1","","T","","analitica","","","PVP sales 1 (2251540); Storica Analitica visura per immobile - Catasto Terreni."
"visura-storica","VE","SAN DONÀ DI PIAVE","30","127","","F","","analitica","","","PVP sales 1 (2153414); Storica Analitica visura per immobile - Catasto Fabbricati."
"visura-storica","VE","SAN DONÀ DI PIAVE","30","290","28","F","","analitica","","","PVP sales 2 (2115131,2189841); Storica Analitica visura per immobile - Catasto Fabbricati."
"visura-storica","VE","SAN DONÀ DI PIAVE","30","290","33","F","","analitica","","","PVP sales 2 (1003011,1260246); Storica Analitica visura per immobile - Catasto Fabbricati."
"visura-storica","VE","SAN DONÀ DI PIAVE","30","458","","T","","analitica","","","PVP sales 1 (2153414); Storica Analitica visura per immobile - Catasto Terreni."
"visura-storica","VE","SAN DONÀ DI PIAVE","30","486","","T","","analitica","","","PVP sales 1 (2153414); Storica Analitica visura per immobile - Catasto Terreni."
"visura-storica","VE","SAN DONÀ DI PIAVE","31","126","8","F","","analitica","","","PVP sales 1 (1162186); Storica Analitica visura per immobile - Catasto Fabbricati."
"visura-storica","VE","SAN DONÀ DI PIAVE","31","126","9","F","","analitica","","","PVP sales 1 (1162186); Storica Analitica visura per immobile - Catasto Fabbricati."
"visura-storica","VE","SAN DONÀ DI PIAVE","31","878","30","F","","analitica","","","PVP sales 1 (427639); Storica Analitica visura per immobile - Catasto Fabbricati."
"visura-storica","VE","SAN DONÀ DI PIAVE","31","878","33","F","","analitica","","","PVP sales 1 (427639); Storica Analitica visura per immobile - Catasto Fabbricati."
"visura-storica","VE","SAN DONÀ DI PIAVE","32","1112","10","F","","analitica","","","PVP sales 1 (2208300); Storica Analitica visura per immobile - Catasto Fabbricati."
"visura-storica","VE","SAN DONÀ DI PIAVE","32","1112","9","F","","analitica","","","PVP sales 1 (2208300); Storica Analitica visura per immobile - Catasto Fabbricati."
"visura-storica","VE","SAN DONÀ DI PIAVE","32","972","34","F","","analitica","","","PVP sales 1 (1463481); Storica Analitica visura per immobile - Catasto Fabbricati."
"visura-storica","VE","SAN DONÀ DI PIAVE","32","972","8","F","","analitica","","","PVP sales 1 (1463481); Storica Analitica visura per immobile - Catasto Fabbricati."
"visura-storica","VE","SAN DONÀ DI PIAVE","33","1927","117","F","","analitica","","","PVP sales 3 (459007,613444,765971); Storica Analitica visura per immobile - Catasto Fabbricati."
"visura-storica","VE","SAN DONÀ DI PIAVE","33","2179","132","F","","analitica","","","PVP sales 1 (771012); Storica Analitica visura per immobile - Catasto Fabbricati."
"visura-storica","VE","SAN DONÀ DI PIAVE","33","2179","142","F","","analitica","","","PVP sales 1 (771012); Storica Analitica visura per immobile - Catasto Fabbricati."
"visura-storica","VE","SAN DONÀ DI PIAVE","33","403","1","F","","analitica","","","PVP sales 1 (4415277); Storica Analitica visura per immobile - Catasto Fabbricati."
"visura-storica","VE","SAN DONÀ DI PIAVE","33","403","2","F","","analitica","","","PVP sales 1 (4415277); Storica Analitica visura per immobile - Catasto Fabbricati."
"visura-storica","VE","SAN DONÀ DI PIAVE","33","546","5","F","","analitica","","","PVP sales 1 (292104); Storica Analitica visura per immobile - Catasto Fabbricati."
"visura-storica","VE","SAN DONÀ DI PIAVE","33","546","9","F","","analitica","","","PVP sales 1 (292104); Storica Analitica visura per immobile - Catasto Fabbricati."
"visura-storica","VE","SAN DONÀ DI PIAVE","34","429","11","F","","analitica","","","PVP sales 1 (465860); Storica Analitica visura per immobile - Catasto Fabbricati."
"visura-storica","VE","SAN DONÀ DI PIAVE","34","429","13","F","","analitica","","","PVP sales 1 (467961); Storica Analitica visura per immobile - Catasto Fabbricati."
"visura-storica","VE","SAN DONÀ DI PIAVE","34","906","15","F","","analitica","","","PVP sales 3 (427641,761066,986432); Storica Analitica visura per immobile - Catasto Fabbricati."
"visura-storica","VE","SAN DONÀ DI PIAVE","34","906","16","F","","analitica","","","PVP sales 1 (427643); Storica Analitica visura per immobile - Catasto Fabbricati."
"visura-storica","VE","SAN DONÀ DI PIAVE","34","906","17","F","","analitica","","","PVP sales 1 (427644); Storica Analitica visura per immobile - Catasto Fabbricati."
"visura-storica","VE","SAN DONÀ DI PIAVE","34","906","7","F","","analitica","","","PVP sales 1 (427645); Storica Analitica visura per immobile - Catasto Fabbricati."
"visura-storica","VE","SAN DONÀ DI PIAVE","34","906","8","F","","analitica","","","PVP sales 1 (427642); Storica Analitica visura per immobile - Catasto Fabbricati."
"visura-storica","VE","SAN DONÀ DI PIAVE","35","1005","7","F","","analitica","","","PVP sales 1 (4465148); Storica Analitica visura per immobile - Catasto Fabbricati."
"visura-storica","VE","SAN DONÀ DI PIAVE","39","1005","3","F","","analitica","","","PVP sales 1 (4465148); Storica Analitica visura per immobile - Catasto Fabbricati."
"visura-storica","VE","SAN DONÀ DI PIAVE","39","199","2","F","","analitica","","","PVP sales 1 (2186178); Storica Analitica visura per immobile - Catasto Fabbricati."
"visura-storica","VE","SAN DONÀ DI PIAVE","39","199","4","F","","analitica","","","PVP sales 1 (2186178); Storica Analitica visura per immobile - Catasto Fabbricati."
"visura-storica","VE","SAN DONÀ DI PIAVE","40","126","16","F","","analitica","","","PVP sales 1 (4516891); Storica Analitica visura per immobile - Catasto Fabbricati."
"visura-storica","VE","SAN DONÀ DI PIAVE","40","126","20","F","","analitica","","","PVP sales 1 (4516891); Storica Analitica visura per immobile - Catasto Fabbricati."
"visura-storica","VE","SAN DONÀ DI PIAVE","40","197","8","F","","analitica","","","PVP sales 3 (498481,981760,1626210); Storica Analitica visura per immobile - Catasto Fabbricati."
"visura-storica","VE","SAN DONÀ DI PIAVE","40","218","","F","","analitica","","","PVP sales 1 (2167738); Storica Analitica visura per immobile - Catasto Fabbricati."
"visura-storica","VE","SAN DONÀ DI PIAVE","40","218","","T","","analitica","","","PVP sales 1 (2167738); Storica Analitica visura per immobile - Catasto Terreni."
"visura-storica","VE","SAN DONÀ DI PIAVE","40","511","3","F","","analitica","","","PVP sales 1 (318255); Storica Analitica visura per immobile - Catasto Fabbricati."
"visura-storica","VE","SAN DONÀ DI PIAVE","41","46","10","F","","analitica","","","PVP sales 1 (430261); Storica Analitica visura per immobile - Catasto Fabbricati."
"visura-storica","VE","SAN DONÀ DI PIAVE","41","46","13","F","","analitica","","","PVP sales 1 (427640); Storica Analitica visura per immobile - Catasto Fabbricati."
"visura-storica","VE","SAN DONÀ DI PIAVE","41","59","2","F","","analitica","","","PVP sales 1 (4508307); Storica Analitica visura per immobile - Catasto Fabbricati."
"visura-storica","VE","SAN DONÀ DI PIAVE","41","59","5","F","","analitica","","","PVP sales 1 (4508129); Storica Analitica visura per immobile - Catasto Fabbricati."
"visura-storica","VE","SAN DONÀ DI PIAVE","41","59","6","F","","analitica","","","PVP sales 1 (4508307); Storica Analitica visura per immobile - Catasto Fabbricati."
"visura-storica","VE","SAN DONÀ DI PIAVE","44","591","80","F","","analitica","","","PVP sales 1 (2156310); Storica Analitica visura per immobile - Catasto Fabbricati."
"visura-storica","VE","SAN DONÀ DI PIAVE","44","591","81","F","","analitica","","","PVP sales 1 (2156327); Storica Analitica visura per immobile - Catasto Fabbricati."
"visura-storica","VE","SAN DONÀ DI PIAVE","45","223","12","F","","analitica","","","PVP sales 1 (2167102); Storica Analitica visura per immobile - Catasto Fabbricati."
"visura-storica","VE","SAN DONÀ DI PIAVE","45","227","5","F","","analitica","","","PVP sales 1 (4543579); Storica Analitica visura per immobile - Catasto Fabbricati."
"visura-storica","VE","SAN DONÀ DI PIAVE","47","415","103","F","","analitica","","","PVP sales 1 (553544); Storica Analitica visura per immobile - Catasto Fabbricati."
"visura-storica","VE","SAN DONÀ DI PIAVE","47","415","32","F","","analitica","","","PVP sales 1 (553544); Storica Analitica visura per immobile - Catasto Fabbricati."
"visura-storica","VE","SAN DONÀ DI PIAVE","48","139","23","F","","analitica","","","PVP sales 3 (455239,635347,877172); Storica Analitica visura per immobile - Catasto Fabbricati."
"visura-storica","VE","SAN DONÀ DI PIAVE","48","445","10","F","","analitica","","","PVP sales 1 (4496198); Storica Analitica visura per immobile - Catasto Fabbricati."
"visura-storica","VE","SAN DONÀ DI PIAVE","49","354","19","F","","analitica","","","PVP sales 1 (1666659); Storica Analitica visura per immobile - Catasto Fabbricati."
"visura-storica","VE","SAN DONÀ DI PIAVE","51","1305","5","F","","analitica","","","PVP sales 5 (386501,505973,607472,776255,959942); Storica Analitica visura per immobile - Catasto Fabbricati."
"visura-storica","VE","SAN DONÀ DI PIAVE","51","1451","1","F","","analitica","","","PVP sales 1 (1411098); Storica Analitica visura per immobile - Catasto Fabbricati."
"visura-storica","VE","SAN DONÀ DI PIAVE","51","1463","14","F","","analitica","","","PVP sales 1 (1491800); Storica Analitica visura per immobile - Catasto Fabbricati."
"visura-storica","VE","SAN DONÀ DI PIAVE","51","1463","33","F","","analitica","","","PVP sales 1 (1491800); Storica Analitica visura per immobile - Catasto Fabbricati."
"visura-storica","VE","SAN DONÀ DI PIAVE","51","435","13","F","","analitica","","","PVP sales 1 (1532836); Storica Analitica visura per immobile - Catasto Fabbricati."
"visura-storica","VE","SAN DONÀ DI PIAVE","51","435","91","F","","analitica","","","PVP sales 1 (1532836); Storica Analitica visura per immobile - Catasto Fabbricati."
"visura-storica","VE","SAN DONÀ DI PIAVE","51","436","117","F","","analitica","","","PVP sales 1 (4528638); Storica Analitica visura per immobile - Catasto Fabbricati."
"visura-storica","VE","SAN DONÀ DI PIAVE","51","436","142","F","","analitica","","","PVP sales 1 (1408634); Storica Analitica visura per immobile - Catasto Fabbricati."
"visura-storica","VE","SAN DONÀ DI PIAVE","51","436","32","F","","analitica","","","PVP sales 1 (1408634); Storica Analitica visura per immobile - Catasto Fabbricati."
"visura-storica","VE","SAN DONÀ DI PIAVE","51","436","58","F","","analitica","","","PVP sales 1 (1408634); Storica Analitica visura per immobile - Catasto Fabbricati."
"visura-storica","VE","SAN DONÀ DI PIAVE","51","436","64","F","","analitica","","","PVP sales 1 (4528638); Storica Analitica visura per immobile - Catasto Fabbricati."
"visura-storica","VE","SAN DONÀ DI PIAVE","51","436","92","F","","analitica","","","PVP sales 1 (4528638); Storica Analitica visura per immobile - Catasto Fabbricati."
"visura-storica","VE","SAN DONÀ DI PIAVE","54","19","2","F","","analitica","","","PVP sales 1 (396630); Storica Analitica visura per immobile - Catasto Fabbricati."
"visura-storica","VE","SAN DONÀ DI PIAVE","55","965","38","F","","analitica","","","PVP sales 1 (543031); Storica Analitica visura per immobile - Catasto Fabbricati."
"visura-storica","VE","SAN DONÀ DI PIAVE","55","965","39","F","","analitica","","","PVP sales 1 (541957); Storica Analitica visura per immobile - Catasto Fabbricati."
"visura-storica","VE","SAN DONÀ DI PIAVE","55","965","40","F","","analitica","","","PVP sales 1 (542012); Storica Analitica visura per immobile - Catasto Fabbricati."
"visura-storica","VE","SAN DONÀ DI PIAVE","55","965","41","F","","analitica","","","PVP sales 1 (543495); Storica Analitica visura per immobile - Catasto Fabbricati."
"visura-storica","VE","SAN DONÀ DI PIAVE","55","965","43","F","","analitica","","","PVP sales 2 (543522,745466); Storica Analitica visura per immobile - Catasto Fabbricati."
"visura-storica","VE","SAN DONÀ DI PIAVE","55","965","47","F","","analitica","","","PVP sales 1 (543495); Storica Analitica visura per immobile - Catasto Fabbricati."
"visura-storica","VE","SAN DONÀ DI PIAVE","55","965","50","F","","analitica","","","PVP sales 1 (543596); Storica Analitica visura per immobile - Catasto Fabbricati."
"visura-storica","VE","SAN DONÀ DI PIAVE","55","965","80","F","","analitica","","","PVP sales 1 (542012); Storica Analitica visura per immobile - Catasto Fabbricati."
"visura-storica","VE","SAN DONÀ DI PIAVE","55","965","81","F","","analitica","","","PVP sales 2 (543522,745466); Storica Analitica visura per immobile - Catasto Fabbricati."
"visura-storica","VE","SAN DONÀ DI PIAVE","55","965","83","F","","analitica","","","PVP sales 1 (543031); Storica Analitica visura per immobile - Catasto Fabbricati."
"visura-storica","VE","SAN DONÀ DI PIAVE","55","965","84","F","","analitica","","","PVP sales 1 (541957); Storica Analitica visura per immobile - Catasto Fabbricati."
"visura-storica","VE","SAN DONÀ DI PIAVE","55","965","85","F","","analitica","","","PVP sales 1 (543596); Storica Analitica visura per immobile - Catasto Fabbricati."
"visura-storica","VE","SAN DONÀ DI PIAVE","67","453","","F","","analitica","","","PVP sales 3 (2095644,2178620,2251572); Storica Analitica visura per immobile - Catasto Fabbricati."
"visura-storica","VE","SAN DONÀ DI PIAVE","67","453","","T","","analitica","","","PVP sales 3 (2095644,2178620,2251572); Storica Analitica visura per immobile - Catasto Terreni."
"visura-storica","VE","SAN DONÀ DI PIAVE","67","468","2","F","","analitica","","","PVP sales 3 (2095644,2178620,2251572); Storica Analitica visura per immobile - Catasto Fabbricati."
"visura-storica","VE","SAN DONÀ DI PIAVE","67","468","3","F","","analitica","","","PVP sales 3 (2095644,2178620,2251572); Storica Analitica visura per immobile - Catasto Fabbricati."
"visura-storica","VE","SAN DONÀ DI PIAVE","67","468","4","F","","analitica","","","PVP sales 3 (2095644,2178620,2251572); Storica Analitica visura per immobile - Catasto Fabbricati."
"visura-storica","VE","SAN DONÀ DI PIAVE","71","144","","F","","analitica","","","PVP sales 2 (396823,516746); Storica Analitica visura per immobile - Catasto Fabbricati."
"visura-storica","VE","SAN DONÀ DI PIAVE","71","144","","T","","analitica","","","PVP sales 2 (396823,516746); Storica Analitica visura per immobile - Catasto Terreni."
"visura-storica","VE","SAN DONÀ DI PIAVE","71","71","13","F","","analitica","","","PVP sales 1 (396841); Storica Analitica visura per immobile - Catasto Fabbricati."
"visura-storica","VE","SAN DONÀ DI PIAVE","71","71","6","F","","analitica","","","PVP sales 1 (396842); Storica Analitica visura per immobile - Catasto Fabbricati."
"visura-storica","VE","SAN DONÀ DI PIAVE","77","11","3","F","","analitica","","","PVP sales 6 (196646,296003,413765,489595,750996 +1 more); Storica Analitica visura per immobile - Catasto Fabbricati."
"visura-storica","VE","SAN DONÀ DI PIAVE","77","11","4","F","","analitica","","","PVP sales 6 (196646,296003,413765,489595,750996 +1 more); Storica Analitica visura per immobile - Catasto Fabbricati."
"visura-storica","VE","SAN DONÀ DI PIAVE","77","91","1","F","","analitica","","","PVP sales 1 (4521280); Storica Analitica visura per immobile - Catasto Fabbricati."
"visura-storica","VE","SAN DONÀ DI PIAVE","77","91","106","F","","analitica","","","PVP sales 1 (4521280); Storica Analitica visura per immobile - Catasto Fabbricati."
"visura-storica","VE","SAN DONÀ DI PIAVE","77","91","107","F","","analitica","","","PVP sales 1 (4521280); Storica Analitica visura per immobile - Catasto Fabbricati."
"visura-storica","VE","SAN DONÀ DI PIAVE","77","91","108","F","","analitica","","","PVP sales 1 (4521280); Storica Analitica visura per immobile - Catasto Fabbricati."
"visura-storica","VE","SAN DONÀ DI PIAVE","77","91","2","F","","analitica","","","PVP sales 1 (4521280); Storica Analitica visura per immobile - Catasto Fabbricati."
"visura-storica","VE","SAN DONÀ DI PIAVE","77","91","3","F","","analitica","","","PVP sales 1 (4521280); Storica Analitica visura per immobile - Catasto Fabbricati."
"visura-storica","VE","SAN DONÀ DI PIAVE","77","91","4","F","","analitica","","","PVP sales 1 (4521280); Storica Analitica visura per immobile - Catasto Fabbricati."
"visura-storica","VE","SAN MICHELE AL TAGLIAMENTO","16","225","","F","","analitica","","","PVP sales 1 (4250254); Storica Analitica visura per immobile - Catasto Fabbricati."
"visura-storica","VE","SAN MICHELE AL TAGLIAMENTO","16","225","","T","","analitica","","","PVP sales 1 (4250254); Storica Analitica visura per immobile - Catasto Terreni."
"visura-storica","VE","SAN MICHELE AL TAGLIAMENTO","16","226","","F","","analitica","","","PVP sales 1 (4250254); Storica Analitica visura per immobile - Catasto Fabbricati."
"visura-storica","VE","SAN MICHELE AL TAGLIAMENTO","16","226","","T","","analitica","","","PVP sales 1 (4250254); Storica Analitica visura per immobile - Catasto Terreni."
"visura-storica","VE","SAN MICHELE AL TAGLIAMENTO","16","227","2","F","","analitica","","","PVP sales 1 (4250233); Storica Analitica visura per immobile - Catasto Fabbricati."
"visura-storica","VE","SAN MICHELE AL TAGLIAMENTO","16","227","3","F","","analitica","","","PVP sales 1 (4250233); Storica Analitica visura per immobile - Catasto Fabbricati."
"visura-storica","VE","SAN MICHELE AL TAGLIAMENTO","16","227","4","F","","analitica","","","PVP sales 1 (4250233); Storica Analitica visura per immobile - Catasto Fabbricati."
"visura-storica","VE","SAN MICHELE AL TAGLIAMENTO","16","227","5","F","","analitica","","","PVP sales 1 (4250233); Storica Analitica visura per immobile - Catasto Fabbricati."
"visura-storica","VE","SAN MICHELE AL TAGLIAMENTO","16","410","","F","","analitica","","","PVP sales 1 (4250254); Storica Analitica visura per immobile - Catasto Fabbricati."
"visura-storica","VE","SAN MICHELE AL TAGLIAMENTO","16","410","","T","","analitica","","","PVP sales 1 (4250254); Storica Analitica visura per immobile - Catasto Terreni."
"visura-storica","VE","SAN MICHELE AL TAGLIAMENTO","16","50","","F","","analitica","","","PVP sales 1 (4250254); Storica Analitica visura per immobile - Catasto Fabbricati."
"visura-storica","VE","SAN MICHELE AL TAGLIAMENTO","16","50","","T","","analitica","","","PVP sales 1 (4250254); Storica Analitica visura per immobile - Catasto Terreni."
"visura-storica","VE","SAN MICHELE AL TAGLIAMENTO","17","281","1","F","","analitica","","","PVP sales 1 (790349); Storica Analitica visura per immobile - Catasto Fabbricati."
"visura-storica","VE","SAN MICHELE AL TAGLIAMENTO","17","281","4","F","","analitica","","","PVP sales 1 (790349); Storica Analitica visura per immobile - Catasto Fabbricati."
"visura-storica","VE","SAN MICHELE AL TAGLIAMENTO","2","57","","F","","analitica","","","PVP sales 2 (2078482,2164387); Storica Analitica visura per immobile - Catasto Fabbricati."
"visura-storica","VE","SAN MICHELE AL TAGLIAMENTO","2","57","","T","","analitica","","","PVP sales 2 (2078482,2164387); Storica Analitica visura per immobile - Catasto Terreni."
"visura-storica","VE","SAN MICHELE AL TAGLIAMENTO","2","708","4","F","","analitica","","","PVP sales 2 (2078478,2164386); Storica Analitica visura per immobile - Catasto Fabbricati."
"visura-storica","VE","SAN MICHELE AL TAGLIAMENTO","2","708","5","F","","analitica","","","PVP sales 2 (2078478,2164386); Storica Analitica visura per immobile - Catasto Fabbricati."
"visura-storica","VE","SAN MICHELE AL TAGLIAMENTO","2","804","","F","","analitica","","","PVP sales 2 (2078478,2164386); Storica Analitica visura per immobile - Catasto Fabbricati."
"visura-storica","VE","SAN MICHELE AL TAGLIAMENTO","2","804","","T","","analitica","","","PVP sales 2 (2078478,2164386); Storica Analitica visura per immobile - Catasto Terreni."
"visura-storica","VE","SAN MICHELE AL TAGLIAMENTO","2","805","","F","","analitica","","","PVP sales 2 (2078478,2164386); Storica Analitica visura per immobile - Catasto Fabbricati."
"visura-storica","VE","SAN MICHELE AL TAGLIAMENTO","2","805","","T","","analitica","","","PVP sales 2 (2078478,2164386); Storica Analitica visura per immobile - Catasto Terreni."
"visura-storica","VE","SAN MICHELE AL TAGLIAMENTO","24","1114","3","F","","analitica","","","PVP sales 2 (802393,1076202); Storica Analitica visura per immobile - Catasto Fabbricati."
"visura-storica","VE","SAN MICHELE AL TAGLIAMENTO","24","1121","","F","","analitica","","","PVP sales 1 (790325); Storica Analitica visura per immobile - Catasto Fabbricati."
"visura-storica","VE","SAN MICHELE AL TAGLIAMENTO","24","1121","","T","","analitica","","","PVP sales 1 (790325); Storica Analitica visura per immobile - Catasto Terreni."
"visura-storica","VE","SAN MICHELE AL TAGLIAMENTO","24","1121","5","F","","analitica","","","PVP sales 1 (790325); Storica Analitica visura per immobile - Catasto Fabbricati."
"visura-storica","VE","SAN MICHELE AL TAGLIAMENTO","24","1121","6","F","","analitica","","","PVP sales 1 (790325); Storica Analitica visura per immobile - Catasto Fabbricati."
"visura-storica","VE","SAN MICHELE AL TAGLIAMENTO","24","1247","","F","","analitica","","","PVP sales 2 (2114939,2165577); Storica Analitica visura per immobile - Catasto Fabbricati."
"visura-storica","VE","SAN MICHELE AL TAGLIAMENTO","24","1247","","T","","analitica","","","PVP sales 2 (2114939,2165577); Storica Analitica visura per immobile - Catasto Terreni."
"visura-storica","VE","SAN MICHELE AL TAGLIAMENTO","24","1249","","F","","analitica","","","PVP sales 2 (2114939,2165577); Storica Analitica visura per immobile - Catasto Fabbricati."
"visura-storica","VE","SAN MICHELE AL TAGLIAMENTO","24","1249","","T","","analitica","","","PVP sales 2 (2114939,2165577); Storica Analitica visura per immobile - Catasto Terreni."
"visura-storica","VE","SAN MICHELE AL TAGLIAMENTO","24","1250","","F","","analitica","","","PVP sales 2 (2114939,2165577); Storica Analitica visura per immobile - Catasto Fabbricati."
"visura-storica","VE","SAN MICHELE AL TAGLIAMENTO","24","1250","","T","","analitica","","","PVP sales 2 (2114939,2165577); Storica Analitica visura per immobile - Catasto Terreni."
"visura-storica","VE","SAN MICHELE AL TAGLIAMENTO","24","1251","","F","","analitica","","","PVP sales 2 (2114939,2165577); Storica Analitica visura per immobile - Catasto Fabbricati."
"visura-storica","VE","SAN MICHELE AL TAGLIAMENTO","24","1251","","T","","analitica","","","PVP sales 2 (2114939,2165577); Storica Analitica visura per immobile - Catasto Terreni."
"visura-storica","VE","SAN MICHELE AL TAGLIAMENTO","24","1264","","F","","analitica","","","PVP sales 2 (2114939,2165577); Storica Analitica visura per immobile - Catasto Fabbricati."
"visura-storica","VE","SAN MICHELE AL TAGLIAMENTO","24","1264","","T","","analitica","","","PVP sales 2 (2114939,2165577); Storica Analitica visura per immobile - Catasto Terreni."
"visura-storica","VE","SAN MICHELE AL TAGLIAMENTO","24","1276","","F","","analitica","","","PVP sales 2 (2114939,2165577); Storica Analitica visura per immobile - Catasto Fabbricati."
"visura-storica","VE","SAN MICHELE AL TAGLIAMENTO","24","1276","","T","","analitica","","","PVP sales 2 (2114939,2165577); Storica Analitica visura per immobile - Catasto Terreni."
"visura-storica","VE","SAN MICHELE AL TAGLIAMENTO","24","1415","","F","","analitica","","","PVP sales 1 (790325); Storica Analitica visura per immobile - Catasto Fabbricati."
"visura-storica","VE","SAN MICHELE AL TAGLIAMENTO","24","1415","","T","","analitica","","","PVP sales 1 (790325); Storica Analitica visura per immobile - Catasto Terreni."
"visura-storica","VE","SAN MICHELE AL TAGLIAMENTO","29","33","","F","","analitica","","","PVP sales 1 (2078496); Storica Analitica visura per immobile - Catasto Fabbricati."
"visura-storica","VE","SAN MICHELE AL TAGLIAMENTO","29","33","","T","","analitica","","","PVP sales 1 (2078496); Storica Analitica visura per immobile - Catasto Terreni."
"visura-storica","VE","SAN MICHELE AL TAGLIAMENTO","3","44","","F","","analitica","","","PVP sales 1 (4447694); Storica Analitica visura per immobile - Catasto Fabbricati."
"visura-storica","VE","SAN MICHELE AL TAGLIAMENTO","3","44","","T","","analitica","","","PVP sales 1 (4447694); Storica Analitica visura per immobile - Catasto Terreni."
"visura-storica","VE","SAN MICHELE AL TAGLIAMENTO","37","25","1","F","","analitica","","","PVP sales 1 (789353); Storica Analitica visura per immobile - Catasto Fabbricati."
"visura-storica","VE","SAN MICHELE AL TAGLIAMENTO","37","301","3","F","","analitica","","","PVP sales 1 (4574158); Storica Analitica visura per immobile - Catasto Fabbricati."
"visura-storica","VE","SAN MICHELE AL TAGLIAMENTO","37","301","6","F","","analitica","","","PVP sales 1 (4574158); Storica Analitica visura per immobile - Catasto Fabbricati."
"visura-storica","VE","SAN MICHELE AL TAGLIAMENTO","37","49","4","F","","analitica","","","PVP sales 2 (4499822,4558914); Storica Analitica visura per immobile - Catasto Fabbricati."
"visura-storica","VE","SAN MICHELE AL TAGLIAMENTO","38","101","14","F","","analitica","","","PVP sales 2 (4447908,4517136); Storica Analitica visura per immobile - Catasto Fabbricati."
"visura-storica","VE","SAN MICHELE AL TAGLIAMENTO","38","101","15","F","","analitica","","","PVP sales 2 (4447916,4517139); Storica Analitica visura per immobile - Catasto Fabbricati."
"visura-storica","VE","SAN MICHELE AL TAGLIAMENTO","38","101","8","F","","analitica","","","PVP sales 2 (4447868,4517109); Storica Analitica visura per immobile - Catasto Fabbricati."
"visura-storica","VE","SAN MICHELE AL TAGLIAMENTO","38","101","9","F","","analitica","","","PVP sales 2 (4447904,4517132); Storica Analitica visura per immobile - Catasto Fabbricati."
"visura-storica","VE","SAN MICHELE AL TAGLIAMENTO","38","457","5","F","","analitica","","","PVP sales 1 (589049); Storica Analitica visura per immobile - Catasto Fabbricati."
"visura-storica","VE","SAN MICHELE AL TAGLIAMENTO","42","42","","F","","analitica","","","PVP sales 1 (4447918); Storica Analitica visura per immobile - Catasto Fabbricati."
"visura-storica","VE","SAN MICHELE AL TAGLIAMENTO","42","42","","T","","analitica","","","PVP sales 1 (4447918); Storica Analitica visura per immobile - Catasto Terreni."
"visura-storica","VE","SAN MICHELE AL TAGLIAMENTO","44","546","","F","","analitica","","","PVP sales 2 (4489402,4553663); Storica Analitica visura per immobile - Catasto Fabbricati."
"visura-storica","VE","SAN MICHELE AL TAGLIAMENTO","44","546","","T","","analitica","","","PVP sales 2 (4489402,4553663); Storica Analitica visura per immobile - Catasto Terreni."
"visura-storica","VE","SAN MICHELE AL TAGLIAMENTO","44","546","2","F","","analitica","","","PVP sales 2 (4489402,4553663); Storica Analitica visura per immobile - Catasto Fabbricati."
"visura-storica","VE","SAN MICHELE AL TAGLIAMENTO","44","546","6","F","","analitica","","","PVP sales 2 (4489402,4553663); Storica Analitica visura per immobile - Catasto Fabbricati."
"visura-storica","VE","SAN MICHELE AL TAGLIAMENTO","48","1002","20","F","","analitica","","","PVP sales 1 (4237094); Storica Analitica visura per immobile - Catasto Fabbricati."
"visura-storica","VE","SAN MICHELE AL TAGLIAMENTO","48","1002","21","F","","analitica","","","PVP sales 1 (593201); Storica Analitica visura per immobile - Catasto Fabbricati."
"visura-storica","VE","SAN MICHELE AL TAGLIAMENTO","48","1729","5","F","","analitica","","","PVP sales 1 (4511018); Storica Analitica visura per immobile - Catasto Fabbricati."
"visura-storica","VE","SAN MICHELE AL TAGLIAMENTO","48","2036","11","F","","analitica","","","PVP sales 1 (2088113); Storica Analitica visura per immobile - Catasto Fabbricati."
"visura-storica","VE","SAN MICHELE AL TAGLIAMENTO","48","2036","140","F","","analitica","","","PVP sales 1 (2088113); Storica Analitica visura per immobile - Catasto Fabbricati."
"visura-storica","VE","SAN MICHELE AL TAGLIAMENTO","48","2036","208","F","","analitica","","","PVP sales 1 (990641); Storica Analitica visura per immobile - Catasto Fabbricati."
"visura-storica","VE","SAN MICHELE AL TAGLIAMENTO","48","2036","84","F","","analitica","","","PVP sales 1 (990641); Storica Analitica visura per immobile - Catasto Fabbricati."
"visura-storica","VE","SAN MICHELE AL TAGLIAMENTO","48","2073","3","F","","analitica","","","PVP sales 1 (4493817); Storica Analitica visura per immobile - Catasto Fabbricati."
"visura-storica","VE","SAN MICHELE AL TAGLIAMENTO","48","2073","6","F","","analitica","","","PVP sales 1 (4493817); Storica Analitica visura per immobile - Catasto Fabbricati."
"visura-storica","VE","SAN MICHELE AL TAGLIAMENTO","49","1028","21","F","","analitica","","","PVP sales 1 (4447631); Storica Analitica visura per immobile - Catasto Fabbricati."
"visura-storica","VE","SAN MICHELE AL TAGLIAMENTO","49","1090","15","F","","analitica","","","PVP sales 1 (4249057); Storica Analitica visura per immobile - Catasto Fabbricati."
"visura-storica","VE","SAN MICHELE AL TAGLIAMENTO","49","1090","16","F","","analitica","","","PVP sales 1 (4249057); Storica Analitica visura per immobile - Catasto Fabbricati."
"visura-storica","VE","SAN MICHELE AL TAGLIAMENTO","49","1135","110","F","","analitica","","","PVP sales 1 (1076231); Storica Analitica visura per immobile - Catasto Fabbricati."
"visura-storica","VE","SAN MICHELE AL TAGLIAMENTO","49","1135","171","F","","analitica","","","PVP sales 1 (666246); Storica Analitica visura per immobile - Catasto Fabbricati."
"visura-storica","VE","SAN MICHELE AL TAGLIAMENTO","49","147","26","F","","analitica","","","PVP sales 1 (987576); Storica Analitica visura per immobile - Catasto Fabbricati."
"visura-storica","VE","SAN MICHELE AL TAGLIAMENTO","49","147","29","F","","analitica","","","PVP sales 1 (987580); Storica Analitica visura per immobile - Catasto Fabbricati."
"visura-storica","VE","SAN MICHELE AL TAGLIAMENTO","49","147","30","F","","analitica","","","PVP sales 1 (987573); Storica Analitica visura per immobile - Catasto Fabbricati."
"visura-storica","VE","SAN MICHELE AL TAGLIAMENTO","49","147","31","F","","analitica","","","PVP sales 1 (987651); Storica Analitica visura per immobile - Catasto Fabbricati."
"visura-storica","VE","SAN MICHELE AL TAGLIAMENTO","49","147","32","F","","analitica","","","PVP sales 1 (987658); Storica Analitica visura per immobile - Catasto Fabbricati."
"visura-storica","VE","SAN MICHELE AL TAGLIAMENTO","49","147","33","F","","analitica","","","PVP sales 1 (987663); Storica Analitica visura per immobile - Catasto Fabbricati."
"visura-storica","VE","SAN MICHELE AL TAGLIAMENTO","49","213","15","F","","analitica","","","PVP sales 1 (1904559); Storica Analitica visura per immobile - Catasto Fabbricati."
"visura-storica","VE","SAN MICHELE AL TAGLIAMENTO","49","213","16","F","","analitica","","","PVP sales 1 (1904559); Storica Analitica visura per immobile - Catasto Fabbricati."
"visura-storica","VE","SAN MICHELE AL TAGLIAMENTO","49","213","18","F","","analitica","","","PVP sales 1 (1904559); Storica Analitica visura per immobile - Catasto Fabbricati."
"visura-storica","VE","SAN MICHELE AL TAGLIAMENTO","49","601","2","F","","analitica","","","PVP sales 1 (4445987); Storica Analitica visura per immobile - Catasto Fabbricati."
"visura-storica","VE","SAN MICHELE AL TAGLIAMENTO","49","601","6","F","","analitica","","","PVP sales 1 (4445987); Storica Analitica visura per immobile - Catasto Fabbricati."
"visura-storica","VE","SAN MICHELE AL TAGLIAMENTO","49","699","","F","","analitica","","","PVP sales 1 (2202854); Storica Analitica visura per immobile - Catasto Fabbricati."
"visura-storica","VE","SAN MICHELE AL TAGLIAMENTO","49","699","","T","","analitica","","","PVP sales 1 (2202854); Storica Analitica visura per immobile - Catasto Terreni."
"visura-storica","VE","SAN MICHELE AL TAGLIAMENTO","49","699","2","F","","analitica","","","PVP sales 1 (2202854); Storica Analitica visura per immobile - Catasto Fabbricati."
"visura-storica","VE","SAN MICHELE AL TAGLIAMENTO","49","787","5","F","","analitica","","","PVP sales 2 (667569,1034876); Storica Analitica visura per immobile - Catasto Fabbricati."
"visura-storica","VE","SAN MICHELE AL TAGLIAMENTO","49","797","1000","F","","analitica","","","PVP sales 1 (1034876); Storica Analitica visura per immobile - Catasto Fabbricati."
"visura-storica","VE","SAN MICHELE AL TAGLIAMENTO","49","797","2","F","","analitica","","","PVP sales 1 (667569); Storica Analitica visura per immobile - Catasto Fabbricati."
"visura-storica","VE","SAN MICHELE AL TAGLIAMENTO","49","910","8","F","","analitica","","","PVP sales 1 (2141018); Storica Analitica visura per immobile - Catasto Fabbricati."
"visura-storica","VE","SAN MICHELE AL TAGLIAMENTO","50","1253","22","F","","analitica","","","PVP sales 1 (1076236); Storica Analitica visura per immobile - Catasto Fabbricati."
"visura-storica","VE","SAN MICHELE AL TAGLIAMENTO","50","1845","40","F","","analitica","","","PVP sales 1 (2046241); Storica Analitica visura per immobile - Catasto Fabbricati."
"visura-storica","VE","SAN MICHELE AL TAGLIAMENTO","50","1875","27","F","","analitica","","","PVP sales 1 (749606); Storica Analitica visura per immobile - Catasto Fabbricati."
"visura-storica","VE","SAN MICHELE AL TAGLIAMENTO","50","834","5","F","","analitica","","","PVP sales 1 (988803); Storica Analitica visura per immobile - Catasto Fabbricati."
"visura-storica","VE","SAN MICHELE AL TAGLIAMENTO","50","879","10","F","","analitica","","","PVP sales 1 (4429862); Storica Analitica visura per immobile - Catasto Fabbricati."
"visura-storica","VE","SAN MICHELE AL TAGLIAMENTO","50","879","11","F","","analitica","","","PVP sales 1 (4429892); Storica Analitica visura per immobile - Catasto Fabbricati."
"visura-storica","VE","SAN MICHELE AL TAGLIAMENTO","50","879","12","F","","analitica","","","PVP sales 1 (4429898); Storica Analitica visura per immobile - Catasto Fabbricati."
"visura-storica","VE","SAN MICHELE AL TAGLIAMENTO","50","879","2","F","","analitica","","","PVP sales 1 (4429820); Storica Analitica visura per immobile - Catasto Fabbricati."
"visura-storica","VE","SAN MICHELE AL TAGLIAMENTO","50","879","9","F","","analitica","","","PVP sales 1 (4429859); Storica Analitica visura per immobile - Catasto Fabbricati."
"visura-storica","VE","SAN STINO DI LIVENZA","11","190","","F","","analitica","","","PVP sales 1 (749002); Storica Analitica visura per immobile - Catasto Fabbricati."
"visura-storica","VE","SAN STINO DI LIVENZA","11","190","","T","","analitica","","","PVP sales 1 (749002); Storica Analitica visura per immobile - Catasto Terreni."
"visura-storica","VE","SAN STINO DI LIVENZA","12","110","","F","","analitica","","","PVP sales 1 (4551113); Storica Analitica visura per immobile - Catasto Fabbricati."
"visura-storica","VE","SAN STINO DI LIVENZA","12","110","","T","","analitica","","","PVP sales 1 (4551113); Storica Analitica visura per immobile - Catasto Terreni."
"visura-storica","VE","SAN STINO DI LIVENZA","12","111","4","F","","analitica","","","PVP sales 1 (4551113); Storica Analitica visura per immobile - Catasto Fabbricati."
"visura-storica","VE","SAN STINO DI LIVENZA","12","112","","F","","analitica","","","PVP sales 1 (4551113); Storica Analitica visura per immobile - Catasto Fabbricati."
"visura-storica","VE","SAN STINO DI LIVENZA","12","112","","T","","analitica","","","PVP sales 1 (4551113); Storica Analitica visura per immobile - Catasto Terreni."
"visura-storica","VE","SAN STINO DI LIVENZA","12","252","","F","","analitica","","","PVP sales 1 (4551113); Storica Analitica visura per immobile - Catasto Fabbricati."
"visura-storica","VE","SAN STINO DI LIVENZA","12","252","","T","","analitica","","","PVP sales 1 (4551113); Storica Analitica visura per immobile - Catasto Terreni."
"visura-storica","VE","SAN STINO DI LIVENZA","12","467","","F","","analitica","","","PVP sales 1 (4551113); Storica Analitica visura per immobile - Catasto Fabbricati."
"visura-storica","VE","SAN STINO DI LIVENZA","12","467","","T","","analitica","","","PVP sales 1 (4551113); Storica Analitica visura per immobile - Catasto Terreni."
"visura-storica","VE","SAN STINO DI LIVENZA","13","179","1","F","","analitica","","","PVP sales 2 (2037873,2120037); Storica Analitica visura per immobile - Catasto Fabbricati."
"visura-storica","VE","SAN STINO DI LIVENZA","13","179","2","F","","analitica","","","PVP sales 2 (2037873,2120037); Storica Analitica visura per immobile - Catasto Fabbricati."
"visura-storica","VE","SAN STINO DI LIVENZA","14","1063","2","F","","analitica","","","PVP sales 1 (4555428); Storica Analitica visura per immobile - Catasto Fabbricati."
"visura-storica","VE","SAN STINO DI LIVENZA","14","1063","6","F","","analitica","","","PVP sales 1 (4555428); Storica Analitica visura per immobile - Catasto Fabbricati."
"visura-storica","VE","SAN STINO DI LIVENZA","14","227","","F","","analitica","","","PVP sales 2 (4493982,4550691); Storica Analitica visura per immobile - Catasto Fabbricati."
"visura-storica","VE","SAN STINO DI LIVENZA","14","227","","T","","analitica","","","PVP sales 2 (4493982,4550691); Storica Analitica visura per immobile - Catasto Terreni."
"visura-storica","VE","SAN STINO DI LIVENZA","14","399","5","F","","analitica","","","PVP sales 1 (664399); Storica Analitica visura per immobile - Catasto Fabbricati."
"visura-storica","VE","SAN STINO DI LIVENZA","14","400","1","F","","analitica","","","PVP sales 1 (664399); Storica Analitica visura per immobile - Catasto Fabbricati."
"visura-storica","VE","SAN STINO DI LIVENZA","14","400","4","F","","analitica","","","PVP sales 1 (664399); Storica Analitica visura per immobile - Catasto Fabbricati."
"visura-storica","VE","SAN STINO DI LIVENZA","144","1223","","F","","analitica","","","PVP sales 1 (664399); Storica Analitica visura per immobile - Catasto Fabbricati."
"visura-storica","VE","SAN STINO DI LIVENZA","144","1223","","T","","analitica","","","PVP sales 1 (664399); Storica Analitica visura per immobile - Catasto Terreni."
"visura-storica","VE","SAN STINO DI LIVENZA","16","18","","F","","analitica","","","PVP sales 1 (4465647); Storica Analitica visura per immobile - Catasto Fabbricati."
"visura-storica","VE","SAN STINO DI LIVENZA","16","18","","T","","analitica","","","PVP sales 1 (4465647); Storica Analitica visura per immobile - Catasto Terreni."
"visura-storica","VE","SAN STINO DI LIVENZA","16","288","","F","","analitica","","","PVP sales 2 (4465632,4520409); Storica Analitica visura per immobile - Catasto Fabbricati."
"visura-storica","VE","SAN STINO DI LIVENZA","16","288","","T","","analitica","","","PVP sales 2 (4465632,4520409); Storica Analitica visura per immobile - Catasto Terreni."
"visura-storica","VE","SAN STINO DI LIVENZA","16","764","2","F","","analitica","","","PVP sales 2 (4465632,4520409); Storica Analitica visura per immobile - Catasto Fabbricati."
"visura-storica","VE","SAN STINO DI LIVENZA","16","764","3","F","","analitica","","","PVP sales 2 (4465632,4520409); Storica Analitica visura per immobile - Catasto Fabbricati."
"visura-storica","VE","SAN STINO DI LIVENZA","24","498","3","F","","analitica","","","PVP sales 1 (802432); Storica Analitica visura per immobile - Catasto Fabbricati."
"visura-storica","VE","SAN STINO DI LIVENZA","24","498","6","F","","analitica","","","PVP sales 1 (802432); Storica Analitica visura per immobile - Catasto Fabbricati."
"visura-storica","VE","SAN STINO DI LIVENZA","3","389","11","F","","analitica","","","PVP sales 1 (534580); Storica Analitica visura per immobile - Catasto Fabbricati."
"visura-storica","VE","SAN STINO DI LIVENZA","34","1","","F","","analitica","","","PVP sales 1 (587835); Storica Analitica visura per immobile - Catasto Fabbricati."
"visura-storica","VE","SAN STINO DI LIVENZA","34","1","","T","","analitica","","","PVP sales 1 (587835); Storica Analitica visura per immobile - Catasto Terreni."
"visura-storica","VE","SAN STINO DI LIVENZA","34","1","2","F","","analitica","","","PVP sales 1 (587835); Storica Analitica visura per immobile - Catasto Fabbricati."
"visura-storica","VE","SAN STINO DI LIVENZA","34","1","3","F","","analitica","","","PVP sales 1 (587835); Storica Analitica visura per immobile - Catasto Fabbricati."
"visura-storica","VE","SAN STINO DI LIVENZA","34","1","4","F","","analitica","","","PVP sales 1 (587835); Storica Analitica visura per immobile - Catasto Fabbricati."
"visura-storica","VE","SAN STINO DI LIVENZA","34","1","5","F","","analitica","","","PVP sales 1 (587835); Storica Analitica visura per immobile - Catasto Fabbricati."
"visura-storica","VE","SAN STINO DI LIVENZA","38","1365","","F","","analitica","","","PVP sales 1 (486479); Storica Analitica visura per immobile - Catasto Fabbricati."
"visura-storica","VE","SAN STINO DI LIVENZA","38","1365","","T","","analitica","","","PVP sales 1 (486479); Storica Analitica visura per immobile - Catasto Terreni."
"visura-storica","VE","SAN STINO DI LIVENZA","38","1380","126","F","","analitica","","","PVP sales 1 (486479); Storica Analitica visura per immobile - Catasto Fabbricati."
"visura-storica","VE","SAN STINO DI LIVENZA","38","1380","24","F","","analitica","","","PVP sales 1 (486479); Storica Analitica visura per immobile - Catasto Fabbricati."
"visura-storica","VE","SAN STINO DI LIVENZA","38","1380","5","F","","analitica","","","PVP sales 1 (486479); Storica Analitica visura per immobile - Catasto Fabbricati."
"visura-storica","VE","SAN STINO DI LIVENZA","38","1380","604","F","","analitica","","","PVP sales 1 (486479); Storica Analitica visura per immobile - Catasto Fabbricati."
"visura-storica","VE","SAN STINO DI LIVENZA","38","263","","F","","analitica","","","PVP sales 1 (679441); Storica Analitica visura per immobile - Catasto Fabbricati."
"visura-storica","VE","SAN STINO DI LIVENZA","38","263","","T","","analitica","","","PVP sales 1 (679441); Storica Analitica visura per immobile - Catasto Terreni."
"visura-storica","VE","SAN STINO DI LIVENZA","38","263","1","F","","analitica","","","PVP sales 1 (679441); Storica Analitica visura per immobile - Catasto Fabbricati."
"visura-storica","VE","SAN STINO DI LIVENZA","40","167","10","F","","analitica","","","PVP sales 1 (4511013); Storica Analitica visura per immobile - Catasto Fabbricati."
"visura-storica","VE","SAN STINO DI LIVENZA","40","167","2","F","","analitica","","","PVP sales 1 (4511013); Storica Analitica visura per immobile - Catasto Fabbricati."
"visura-storica","VE","SAN STINO DI LIVENZA","40","167","3","F","","analitica","","","PVP sales 1 (4511013); Storica Analitica visura per immobile - Catasto Fabbricati."
"visura-storica","VE","SAN STINO DI LIVENZA","40","167","4","F","","analitica","","","PVP sales 1 (4511013); Storica Analitica visura per immobile - Catasto Fabbricati."
"visura-storica","VE","SAN STINO DI LIVENZA","40","188","","F","","analitica","","","PVP sales 1 (4511013); Storica Analitica visura per immobile - Catasto Fabbricati."
"visura-storica","VE","SAN STINO DI LIVENZA","40","188","","T","","analitica","","","PVP sales 1 (4511013); Storica Analitica visura per immobile - Catasto Terreni."
"visura-storica","VE","SAN STINO DI LIVENZA","40","189","","F","","analitica","","","PVP sales 1 (4511013); Storica Analitica visura per immobile - Catasto Fabbricati."
"visura-storica","VE","SAN STINO DI LIVENZA","40","189","","T","","analitica","","","PVP sales 1 (4511013); Storica Analitica visura per immobile - Catasto Terreni."
"visura-storica","VE","SAN STINO DI LIVENZA","40","192","","F","","analitica","","","PVP sales 1 (4511013); Storica Analitica visura per immobile - Catasto Fabbricati."
"visura-storica","VE","SAN STINO DI LIVENZA","40","192","","T","","analitica","","","PVP sales 1 (4511013); Storica Analitica visura per immobile - Catasto Terreni."
"visura-storica","VE","SAN STINO DI LIVENZA","40","193","","F","","analitica","","","PVP sales 1 (4511013); Storica Analitica visura per immobile - Catasto Fabbricati."
"visura-storica","VE","SAN STINO DI LIVENZA","40","193","","T","","analitica","","","PVP sales 1 (4511013); Storica Analitica visura per immobile - Catasto Terreni."
"visura-storica","VE","SAN STINO DI LIVENZA","40","196","","F","","analitica","","","PVP sales 1 (4511013); Storica Analitica visura per immobile - Catasto Fabbricati."
"visura-storica","VE","SAN STINO DI LIVENZA","40","196","","T","","analitica","","","PVP sales 1 (4511013); Storica Analitica visura per immobile - Catasto Terreni."
"visura-storica","VE","SAN STINO DI LIVENZA","40","197","","F","","analitica","","","PVP sales 1 (4511013); Storica Analitica visura per immobile - Catasto Fabbricati."
"visura-storica","VE","SAN STINO DI LIVENZA","40","197","","T","","analitica","","","PVP sales 1 (4511013); Storica Analitica visura per immobile - Catasto Terreni."
"visura-storica","VE","SAN STINO DI LIVENZA","42","93","4","F","","analitica","","","PVP sales 1 (812795); Storica Analitica visura per immobile - Catasto Fabbricati."
"visura-storica","VE","SAN STINO DI LIVENZA","7","636","6","F","","analitica","","","PVP sales 1 (487577); Storica Analitica visura per immobile - Catasto Fabbricati."
"visura-storica","VE","SAN STINO DI LIVENZA","7","747","","F","","analitica","","","PVP sales 1 (487577); Storica Analitica visura per immobile - Catasto Fabbricati."
"visura-storica","VE","SAN STINO DI LIVENZA","7","747","","T","","analitica","","","PVP sales 1 (487577); Storica Analitica visura per immobile - Catasto Terreni."
"visura-storica","VE","SAN STINO DI LIVENZA","7","784","11","F","","analitica","","","PVP sales 1 (825509); Storica Analitica visura per immobile - Catasto Fabbricati."
"visura-storica","VE","SAN STINO DI LIVENZA","7","784","3","F","","analitica","","","PVP sales 1 (825509); Storica Analitica visura per immobile - Catasto Fabbricati."
"visura-storica","VE","SANTA MARIA DI SALA","10","232","28","F","","analitica","","","PVP sales 1 (2156249); Storica Analitica visura per immobile - Catasto Fabbricati."
"visura-storica","VE","SANTA MARIA DI SALA","12","115","1","F","","analitica","","","PVP sales 1 (4421938); Storica Analitica visura per immobile - Catasto Fabbricati."
"visura-storica","VE","SANTA MARIA DI SALA","12","115","2","F","","analitica","","","PVP sales 1 (4421938); Storica Analitica visura per immobile - Catasto Fabbricati."
"visura-storica","VE","SANTA MARIA DI SALA","12","343","1","F","","analitica","","","PVP sales 1 (4541690); Storica Analitica visura per immobile - Catasto Fabbricati."
"visura-storica","VE","SANTA MARIA DI SALA","12","344","8","F","","analitica","","","PVP sales 1 (4541690); Storica Analitica visura per immobile - Catasto Fabbricati."
"visura-storica","VE","SANTA MARIA DI SALA","12","344","9","F","","analitica","","","PVP sales 1 (4541690); Storica Analitica visura per immobile - Catasto Fabbricati."
"visura-storica","VE","SANTA MARIA DI SALA","13","440","22","F","","analitica","","","PVP sales 1 (393524); Storica Analitica visura per immobile - Catasto Fabbricati."
"visura-storica","VE","SANTA MARIA DI SALA","13","440","44","F","","analitica","","","PVP sales 2 (4451227,4493262); Storica Analitica visura per immobile - Catasto Fabbricati."
"visura-storica","VE","SANTA MARIA DI SALA","13","440","71","F","","analitica","","","PVP sales 2 (4451227,4493262); Storica Analitica visura per immobile - Catasto Fabbricati."
"visura-storica","VE","SANTA MARIA DI SALA","19","1065","21","F","","analitica","","","PVP sales 1 (957351); Storica Analitica visura per immobile - Catasto Fabbricati."
"visura-storica","VE","SANTA MARIA DI SALA","19","1065","64","F","","analitica","","","PVP sales 1 (957351); Storica Analitica visura per immobile - Catasto Fabbricati."
"visura-storica","VE","SANTA MARIA DI SALA","19","1068","","F","","analitica","","","PVP sales 1 (491960); Storica Analitica visura per immobile - Catasto Fabbricati."
"visura-storica","VE","SANTA MARIA DI SALA","19","1068","","T","","analitica","","","PVP sales 1 (491960); Storica Analitica visura per immobile - Catasto Terreni."
"visura-storica","VE","SANTA MARIA DI SALA","19","1213","15","F","","analitica","","","PVP sales 1 (491954); Storica Analitica visura per immobile - Catasto Fabbricati."
"visura-storica","VE","SANTA MARIA DI SALA","19","1213","2","F","","analitica","","","PVP sales 1 (491954); Storica Analitica visura per immobile - Catasto Fabbricati."
"visura-storica","VE","SANTA MARIA DI SALA","2","107","2","F","","analitica","","","PVP sales 1 (4532062); Storica Analitica visura per immobile - Catasto Fabbricati."
"visura-storica","VE","SANTA MARIA DI SALA","2","107","3","F","","analitica","","","PVP sales 1 (4532062); Storica Analitica visura per immobile - Catasto Fabbricati."
"visura-storica","VE","SANTA MARIA DI SALA","2","149","31","F","","analitica","","","PVP sales 1 (4529377); Storica Analitica visura per immobile - Catasto Fabbricati."
"visura-storica","VE","SANTA MARIA DI SALA","2","619","","F","","analitica","","","PVP sales 1 (4532128); Storica Analitica visura per immobile - Catasto Fabbricati."
"visura-storica","VE","SANTA MARIA DI SALA","2","619","","T","","analitica","","","PVP sales 1 (4532128); Storica Analitica visura per immobile - Catasto Terreni."
"visura-storica","VE","SANTA MARIA DI SALA","2","620","","F","","analitica","","","PVP sales 1 (4532128); Storica Analitica visura per immobile - Catasto Fabbricati."
"visura-storica","VE","SANTA MARIA DI SALA","2","620","","T","","analitica","","","PVP sales 1 (4532128); Storica Analitica visura per immobile - Catasto Terreni."
"visura-storica","VE","SANTA MARIA DI SALA","2","621","","F","","analitica","","","PVP sales 1 (4532128); Storica Analitica visura per immobile - Catasto Fabbricati."
"visura-storica","VE","SANTA MARIA DI SALA","2","621","","T","","analitica","","","PVP sales 1 (4532128); Storica Analitica visura per immobile - Catasto Terreni."
"visura-storica","VE","SANTA MARIA DI SALA","2","622","","F","","analitica","","","PVP sales 1 (4532128); Storica Analitica visura per immobile - Catasto Fabbricati."
"visura-storica","VE","SANTA MARIA DI SALA","2","622","","T","","analitica","","","PVP sales 1 (4532128); Storica Analitica visura per immobile - Catasto Terreni."
"visura-storica","VE","SANTA MARIA DI SALA","2","629","","T","","analitica","","","PVP sales 1 (4532095); Storica Analitica visura per immobile - Catasto Terreni."
"visura-storica","VE","SANTA MARIA DI SALA","2","783","","T","","analitica","","","PVP sales 1 (4532090); Storica Analitica visura per immobile - Catasto Terreni."
"visura-storica","VE","SANTA MARIA DI SALA","2","783","2","F","","analitica","","","PVP sales 1 (4532090); Storica Analitica visura per immobile - Catasto Fabbricati."
"visura-storica","VE","SANTA MARIA DI SALA","2","910","","F","","analitica","","","PVP sales 1 (4540167); Storica Analitica visura per immobile - Catasto Fabbricati."
"visura-storica","VE","SANTA MARIA DI SALA","2","910","","T","","analitica","","","PVP sales 1 (4540167); Storica Analitica visura per immobile - Catasto Terreni."
"visura-storica","VE","SANTA MARIA DI SALA","2","925","","F","","analitica","","","PVP sales 1 (4532095); Storica Analitica visura per immobile - Catasto Fabbricati."
"visura-storica","VE","SANTA MARIA DI SALA","2","925","","T","","analitica","","","PVP sales 1 (4532095); Storica Analitica visura per immobile - Catasto Terreni."
"visura-storica","VE","SANTA MARIA DI SALA","21","187","16","F","","analitica","","","PVP sales 1 (4552182); Storica Analitica visura per immobile - Catasto Fabbricati."
"visura-storica","VE","SANTA MARIA DI SALA","21","210","15","F","","analitica","","","PVP sales 1 (4541694); Storica Analitica visura per immobile - Catasto Fabbricati."
"visura-storica","VE","SANTA MARIA DI SALA","21","210","17","F","","analitica","","","PVP sales 1 (4541694); Storica Analitica visura per immobile - Catasto Fabbricati."
"visura-storica","VE","SANTA MARIA DI SALA","21","210","18","F","","analitica","","","PVP sales 1 (4541694); Storica Analitica visura per immobile - Catasto Fabbricati."
"visura-storica","VE","SANTA MARIA DI SALA","21","210","21","F","","analitica","","","PVP sales 1 (4541694); Storica Analitica visura per immobile - Catasto Fabbricati."
"visura-storica","VE","SANTA MARIA DI SALA","22","1156","1","F","","analitica","","","PVP sales 1 (388870); Storica Analitica visura per immobile - Catasto Fabbricati."
"visura-storica","VE","SANTA MARIA DI SALA","22","1203","3","F","","analitica","","","PVP sales 2 (388840,582168); Storica Analitica visura per immobile - Catasto Fabbricati."
"visura-storica","VE","SANTA MARIA DI SALA","22","215","","F","","analitica","","","PVP sales 1 (4245134); Storica Analitica visura per immobile - Catasto Fabbricati."
"visura-storica","VE","SANTA MARIA DI SALA","22","215","","T","","analitica","","","PVP sales 1 (4245134); Storica Analitica visura per immobile - Catasto Terreni."
"visura-storica","VE","SANTA MARIA DI SALA","22","313","18","F","","analitica","","","PVP sales 1 (4467503); Storica Analitica visura per immobile - Catasto Fabbricati."
"visura-storica","VE","SANTA MARIA DI SALA","22","345","1","F","","analitica","","","PVP sales 2 (4273009,4438987); Storica Analitica visura per immobile - Catasto Fabbricati."
"visura-storica","VE","SANTA MARIA DI SALA","22","345","2","F","","analitica","","","PVP sales 2 (4273009,4438987); Storica Analitica visura per immobile - Catasto Fabbricati."
"visura-storica","VE","SANTA MARIA DI SALA","22","347","","F","","analitica","","","PVP sales 2 (4273009,4438987); Storica Analitica visura per immobile - Catasto Fabbricati."
"visura-storica","VE","SANTA MARIA DI SALA","22","347","","T","","analitica","","","PVP sales 2 (4273009,4438987); Storica Analitica visura per immobile - Catasto Terreni."
"visura-storica","VE","SANTA MARIA DI SALA","22","398","17","F","","analitica","","","PVP sales 1 (4251619); Storica Analitica visura per immobile - Catasto Fabbricati."
"visura-storica","VE","SANTA MARIA DI SALA","22","398","7","F","","analitica","","","PVP sales 1 (4251619); Storica Analitica visura per immobile - Catasto Fabbricati."
"visura-storica","VE","SANTA MARIA DI SALA","22","829","12","F","","analitica","","","PVP sales 1 (2242999); Storica Analitica visura per immobile - Catasto Fabbricati."
"visura-storica","VE","SANTA MARIA DI SALA","22","829","14","F","","analitica","","","PVP sales 1 (2242999); Storica Analitica visura per immobile - Catasto Fabbricati."
"visura-storica","VE","SANTA MARIA DI SALA","23","35","14","F","","analitica","","","PVP sales 1 (1878497); Storica Analitica visura per immobile - Catasto Fabbricati."
"visura-storica","VE","SANTA MARIA DI SALA","23","35","3","F","","analitica","","","PVP sales 1 (1878497); Storica Analitica visura per immobile - Catasto Fabbricati."
"visura-storica","VE","SANTA MARIA DI SALA","23","749","3","F","","analitica","","","PVP sales 1 (629000); Storica Analitica visura per immobile - Catasto Fabbricati."
"visura-storica","VE","SANTA MARIA DI SALA","25","509","2","F","","analitica","","","PVP sales 1 (2133270); Storica Analitica visura per immobile - Catasto Fabbricati."
"visura-storica","VE","SANTA MARIA DI SALA","25","509","3","F","","analitica","","","PVP sales 1 (2133270); Storica Analitica visura per immobile - Catasto Fabbricati."
"visura-storica","VE","SANTA MARIA DI SALA","25","509","4","F","","analitica","","","PVP sales 1 (2133270); Storica Analitica visura per immobile - Catasto Fabbricati."
"visura-storica","VE","SANTA MARIA DI SALA","25","572","","T","","analitica","","","PVP sales 1 (2133270); Storica Analitica visura per immobile - Catasto Terreni."
"visura-storica","VE","SANTA MARIA DI SALA","25","574","","T","","analitica","","","PVP sales 1 (2133270); Storica Analitica visura per immobile - Catasto Terreni."
"visura-storica","VE","SANTA MARIA DI SALA","25","71","5","F","","analitica","","","PVP sales 1 (530822); Storica Analitica visura per immobile - Catasto Fabbricati."
"visura-storica","VE","SANTA MARIA DI SALA","25","71","6","F","","analitica","","","PVP sales 1 (530822); Storica Analitica visura per immobile - Catasto Fabbricati."
"visura-storica","VE","SANTA MARIA DI SALA","6","342","29","F","","analitica","","","PVP sales 1 (1942547); Storica Analitica visura per immobile - Catasto Fabbricati."
"visura-storica","VE","SANTA MARIA DI SALA","6","342","9","F","","analitica","","","PVP sales 1 (1942547); Storica Analitica visura per immobile - Catasto Fabbricati."
"visura-storica","VE","SANTA MARIA DI SALA","6","459","29","F","","analitica","","","PVP sales 1 (635172); Storica Analitica visura per immobile - Catasto Fabbricati."
"visura-storica","VE","SANTA MARIA DI SALA","6","459","9","F","","analitica","","","PVP sales 1 (635172); Storica Analitica visura per immobile - Catasto Fabbricati."
"visura-storica","VE","SANTA MARIA DI SALA","7","62","14","F","","analitica","","","PVP sales 1 (454333); Storica Analitica visura per immobile - Catasto Fabbricati."
"visura-storica","VE","SANTA MARIA DI SALA","7","62","8","F","","analitica","","","PVP sales 1 (454333); Storica Analitica visura per immobile - Catasto Fabbricati."
"visura-storica","VE","SCORZÈ","13","155","39","F","","analitica","","","PVP sales 1 (1496798); Storica Analitica visura per immobile - Catasto Fabbricati."
"visura-storica","VE","SCORZÈ","13","423","26","F","","analitica","","","PVP sales 1 (992093); Storica Analitica visura per immobile - Catasto Fabbricati."
"visura-storica","VE","SCORZÈ","13","423","43","F","","analitica","","","PVP sales 1 (992093); Storica Analitica visura per immobile - Catasto Fabbricati."
"visura-storica","VE","SCORZÈ","13","792","28","F","","analitica","","","PVP sales 1 (1496798); Storica Analitica visura per immobile - Catasto Fabbricati."
"visura-storica","VE","SCORZÈ","13","924","16","F","","analitica","","","PVP sales 2 (4440053,4487289); Storica Analitica visura per immobile - Catasto Fabbricati."
"visura-storica","VE","SCORZÈ","13","924","3","F","","analitica","","","PVP sales 2 (4440053,4487289); Storica Analitica visura per immobile - Catasto Fabbricati."
"visura-storica","VE","SCORZÈ","14","808","17","F","","analitica","","","PVP sales 1 (1551912); Storica Analitica visura per immobile - Catasto Fabbricati."
"visura-storica","VE","SCORZÈ","14","808","9","F","","analitica","","","PVP sales 1 (1551912); Storica Analitica visura per immobile - Catasto Fabbricati."
"visura-storica","VE","SCORZÈ","14","897","2","F","","analitica","","","PVP sales 1 (656384); Storica Analitica visura per immobile - Catasto Fabbricati."
"visura-storica","VE","SCORZÈ","14","897","3","F","","analitica","","","PVP sales 1 (656384); Storica Analitica visura per immobile - Catasto Fabbricati."
"visura-storica","VE","SCORZÈ","14","897","4","F","","analitica","","","PVP sales 1 (656384); Storica Analitica visura per immobile - Catasto Fabbricati."
"visura-storica","VE","SCORZÈ","14","897","5","F","","analitica","","","PVP sales 1 (656384); Storica Analitica visura per immobile - Catasto Fabbricati."
"visura-storica","VE","SCORZÈ","16","467","2","F","","analitica","","","PVP sales 1 (153904); Storica Analitica visura per immobile - Catasto Fabbricati."
"visura-storica","VE","SCORZÈ","16","467","3","F","","analitica","","","PVP sales 1 (153904); Storica Analitica visura per immobile - Catasto Fabbricati."
"visura-storica","VE","SCORZÈ","18","287","3","F","","analitica","","","PVP sales 1 (4493234); Storica Analitica visura per immobile - Catasto Fabbricati."
"visura-storica","VE","SCORZÈ","18","287","6","F","","analitica","","","PVP sales 1 (4493234); Storica Analitica visura per immobile - Catasto Fabbricati."
"visura-storica","VE","SCORZÈ","22","752","2","F","","analitica","","","PVP sales 1 (476321); Storica Analitica visura per immobile - Catasto Fabbricati."
"visura-storica","VE","SCORZÈ","22","752","3","F","","analitica","","","PVP sales 1 (476321); Storica Analitica visura per immobile - Catasto Fabbricati."
"visura-storica","VE","SCORZÈ","22","752","4","F","","analitica","","","PVP sales 1 (476321); Storica Analitica visura per immobile - Catasto Fabbricati."
"visura-storica","VE","SCORZÈ","23","1032","","F","","analitica","","","PVP sales 1 (2050712); Storica Analitica visura per immobile - Catasto Fabbricati."
"visura-storica","VE","SCORZÈ","23","1032","","T","","analitica","","","PVP sales 1 (2050712); Storica Analitica visura per immobile - Catasto Terreni."
"visura-storica","VE","SCORZÈ","23","604","2","F","","analitica","","","PVP sales 1 (2050712); Storica Analitica visura per immobile - Catasto Fabbricati."
"visura-storica","VE","SCORZÈ","23","604","3","F","","analitica","","","PVP sales 1 (2050712); Storica Analitica visura per immobile - Catasto Fabbricati."
"visura-storica","VE","SCORZÈ","24","399","","F","","analitica","","","PVP sales 1 (409680); Storica Analitica visura per immobile - Catasto Fabbricati."
"visura-storica","VE","SCORZÈ","24","399","","T","","analitica","","","PVP sales 1 (409680); Storica Analitica visura per immobile - Catasto Terreni."
"visura-storica","VE","SCORZÈ","24","399","2","F","","analitica","","","PVP sales 1 (1569238); Storica Analitica visura per immobile - Catasto Fabbricati."
"visura-storica","VE","SCORZÈ","24","542","1","F","","analitica","","","PVP sales 2 (273809,601146); Storica Analitica visura per immobile - Catasto Fabbricati."
"visura-storica","VE","SCORZÈ","24","542","3","F","","analitica","","","PVP sales 2 (274460,601181); Storica Analitica visura per immobile - Catasto Fabbricati."
"visura-storica","VE","SCORZÈ","24","542","4","F","","analitica","","","PVP sales 2 (273942,798502); Storica Analitica visura per immobile - Catasto Fabbricati."
"visura-storica","VE","SCORZÈ","25","1041","","F","","analitica","","","PVP sales 2 (4436832,4491564); Storica Analitica visura per immobile - Catasto Fabbricati."
"visura-storica","VE","SCORZÈ","25","1041","","T","","analitica","","","PVP sales 2 (4436832,4491564); Storica Analitica visura per immobile - Catasto Terreni."
"visura-storica","VE","SCORZÈ","25","158","2","F","","analitica","","","PVP sales 2 (4436832,4491564); Storica Analitica visura per immobile - Catasto Fabbricati."
"visura-storica","VE","SCORZÈ","25","158","3","F","","analitica","","","PVP sales 2 (4436832,4491564); Storica Analitica visura per immobile - Catasto Fabbricati."
"visura-storica","VE","SCORZÈ","25","24","1","F","","analitica","","","PVP sales 2 (4436832,4491564); Storica Analitica visura per immobile - Catasto Fabbricati."
"visura-storica","VE","SCORZÈ","26","1377","2","F","","analitica","","","PVP sales 1 (2049501); Storica Analitica visura per immobile - Catasto Fabbricati."
"visura-storica","VE","SCORZÈ","26","1377","3","F","","analitica","","","PVP sales 1 (2049501); Storica Analitica visura per immobile - Catasto Fabbricati."
"visura-storica","VE","SCORZÈ","28","212","","F","","analitica","","","PVP sales 3 (476317,638507,903564); Storica Analitica visura per immobile - Catasto Fabbricati."
"visura-storica","VE","SCORZÈ","28","212","","T","","analitica","","","PVP sales 3 (476317,638507,903564); Storica Analitica visura per immobile - Catasto Terreni."
"visura-storica","VE","SCORZÈ","3","762","9","F","","analitica","","","PVP sales 1 (4550832); Storica Analitica visura per immobile - Catasto Fabbricati."
"visura-storica","VE","SCORZÈ","3","912","","F","","analitica","","","PVP sales 1 (4550832); Storica Analitica visura per immobile - Catasto Fabbricati."
"visura-storica","VE","SCORZÈ","3","912","","T","","analitica","","","PVP sales 1 (4550832); Storica Analitica visura per immobile - Catasto Terreni."
"visura-storica","VE","SCORZÈ","6","1155","","F","","analitica","","","PVP sales 1 (4509904); Storica Analitica visura per immobile - Catasto Fabbricati."
"visura-storica","VE","SCORZÈ","6","1155","","T","","analitica","","","PVP sales 1 (4509904); Storica Analitica visura per immobile - Catasto Terreni."
"visura-storica","VE","SCORZÈ","6","266","","T","","analitica","","","PVP sales 1 (4509904); Storica Analitica visura per immobile - Catasto Terreni."
"visura-storica","VE","SCORZÈ","6","267","","T","","analitica","","","PVP sales 1 (4509904); Storica Analitica visura per immobile - Catasto Terreni."
"visura-storica","VE","SPINEA","10","361","1","F","","analitica","","","PVP sales 1 (4269838); Storica Analitica visura per immobile - Catasto Fabbricati."
"visura-storica","VE","SPINEA","10","361","2","F","","analitica","","","PVP sales 1 (4269838); Storica Analitica visura per immobile - Catasto Fabbricati."
"visura-storica","VE","SPINEA","11","352","4","F","","analitica","","","PVP sales 1 (476860); Storica Analitica visura per immobile - Catasto Fabbricati."
"visura-storica","VE","SPINEA","11","352","6","F","","analitica","","","PVP sales 1 (476860); Storica Analitica visura per immobile - Catasto Fabbricati."
"visura-storica","VE","SPINEA","11","352","7","F","","analitica","","","PVP sales 1 (476860); Storica Analitica visura per immobile - Catasto Fabbricati."
"visura-storica","VE","SPINEA","11","352","8","F","","analitica","","","PVP sales 1 (527119); Storica Analitica visura per immobile - Catasto Fabbricati."
"visura-storica","VE","SPINEA","11","352","9","F","","analitica","","","PVP sales 1 (527119); Storica Analitica visura per immobile - Catasto Fabbricati."
"visura-storica","VE","SPINEA","13","931","28","F","","analitica","","","PVP sales 1 (4488951); Storica Analitica visura per immobile - Catasto Fabbricati."
"visura-storica","VE","SPINEA","13","931","61","F","","analitica","","","PVP sales 1 (4488951); Storica Analitica visura per immobile - Catasto Fabbricati."
"visura-storica","VE","SPINEA","14","333","2","F","","analitica","","","PVP sales 1 (1411482); Storica Analitica visura per immobile - Catasto Fabbricati."
"visura-storica","VE","SPINEA","14","333","3","F","","analitica","","","PVP sales 1 (1411482); Storica Analitica visura per immobile - Catasto Fabbricati."
"visura-storica","VE","SPINEA","14","333","4","F","","analitica","","","PVP sales 1 (1411482); Storica Analitica visura per immobile - Catasto Fabbricati."
"visura-storica","VE","SPINEA","40","1013","","F","","analitica","","","PVP sales 1 (277430); Storica Analitica visura per immobile - Catasto Fabbricati."
"visura-storica","VE","SPINEA","40","1013","","T","","analitica","","","PVP sales 1 (277430); Storica Analitica visura per immobile - Catasto Terreni."
"visura-storica","VE","SPINEA","40","1013","7","F","","analitica","","","PVP sales 1 (277430); Storica Analitica visura per immobile - Catasto Fabbricati."
"visura-storica","VE","SPINEA","40","187","12","F","","analitica","","","PVP sales 1 (277430); Storica Analitica visura per immobile - Catasto Fabbricati."
"visura-storica","VE","SPINEA","5","479","1","F","","analitica","","","PVP sales 2 (581190,754321); Storica Analitica visura per immobile - Catasto Fabbricati."
"visura-storica","VE","SPINEA","5","479","2","F","","analitica","","","PVP sales 2 (581190,754321); Storica Analitica visura per immobile - Catasto Fabbricati."
"visura-storica","VE","SPINEA","5","815","2","F","","analitica","","","PVP sales 1 (4441317); Storica Analitica visura per immobile - Catasto Fabbricati."
"visura-storica","VE","SPINEA","5","815","6","F","","analitica","","","PVP sales 1 (4441317); Storica Analitica visura per immobile - Catasto Fabbricati."
"visura-storica","VE","SPINEA","5","878","6","F","","analitica","","","PVP sales 1 (1128468); Storica Analitica visura per immobile - Catasto Fabbricati."
"visura-storica","VE","SPINEA","5","878","7","F","","analitica","","","PVP sales 1 (1128468); Storica Analitica visura per immobile - Catasto Fabbricati."
"visura-storica","VE","SPINEA","5","908","12","F","","analitica","","","PVP sales 1 (396816); Storica Analitica visura per immobile - Catasto Fabbricati."
"visura-storica","VE","SPINEA","5","908","19","F","","analitica","","","PVP sales 1 (396816); Storica Analitica visura per immobile - Catasto Fabbricati."
"visura-storica","VE","SPINEA","6","328","18","F","","analitica","","","PVP sales 2 (1449815,1656801); Storica Analitica visura per immobile - Catasto Fabbricati."
"visura-storica","VE","SPINEA","7","445","37","F","","analitica","","","PVP sales 3 (983873,1404144,1531010); Storica Analitica visura per immobile - Catasto Fabbricati."
"visura-storica","VE","SPINEA","7","445","38","F","","analitica","","","PVP sales 4 (983873,1404144,1531010,2015175); Storica Analitica visura per immobile - Catasto Fabbricati."
"visura-storica","VE","SPINEA","7","445","39","F","","analitica","","","PVP sales 4 (983873,1404144,1531010,2015175); Storica Analitica visura per immobile - Catasto Fabbricati."
"visura-storica","VE","SPINEA","7","445","40","F","","analitica","","","PVP sales 4 (983873,1404144,1531010,2015175); Storica Analitica visura per immobile - Catasto Fabbricati."
"visura-storica","VE","SPINEA","7","445","42","F","","analitica","","","PVP sales 4 (983873,1404144,1531010,2015175); Storica Analitica visura per immobile - Catasto Fabbricati."
"visura-storica","VE","SPINEA","7","445","43","F","","analitica","","","PVP sales 4 (983873,1404144,1531010,2015175); Storica Analitica visura per immobile - Catasto Fabbricati."
"visura-storica","VE","SPINEA","7","445","59","F","","analitica","","","PVP sales 1 (983873); Storica Analitica visura per immobile - Catasto Fabbricati."
"visura-storica","VE","SPINEA","7","445","60","F","","analitica","","","PVP sales 1 (983873); Storica Analitica visura per immobile - Catasto Fabbricati."
"visura-storica","VE","SPINEA","7","445","61","F","","analitica","","","PVP sales 3 (983873,1404144,1531010); Storica Analitica visura per immobile - Catasto Fabbricati."
"visura-storica","VE","SPINEA","7","445","62","F","","analitica","","","PVP sales 3 (983873,1404144,1531010); Storica Analitica visura per immobile - Catasto Fabbricati."
"visura-storica","VE","SPINEA","7","445","65","F","","analitica","","","PVP sales 3 (983873,1404144,1531010); Storica Analitica visura per immobile - Catasto Fabbricati."
"visura-storica","VE","SPINEA","7","445","66","F","","analitica","","","PVP sales 3 (983873,1404144,1531010); Storica Analitica visura per immobile - Catasto Fabbricati."
"visura-storica","VE","SPINEA","7","445","67","F","","analitica","","","PVP sales 3 (983873,1404144,1531010); Storica Analitica visura per immobile - Catasto Fabbricati."
"visura-storica","VE","SPINEA","7","445","68","F","","analitica","","","PVP sales 3 (983873,1404144,1531010); Storica Analitica visura per immobile - Catasto Fabbricati."
"visura-storica","VE","SPINEA","8","1003","14","F","","analitica","","","PVP sales 1 (4504656); Storica Analitica visura per immobile - Catasto Fabbricati."
"visura-storica","VE","SPINEA","8","647","14","F","","analitica","","","PVP sales 1 (383360); Storica Analitica visura per immobile - Catasto Fabbricati."
"visura-storica","VE","SPINEA","8","647","24","F","","analitica","","","PVP sales 1 (383360); Storica Analitica visura per immobile - Catasto Fabbricati."
"visura-storica","VE","SPINEA","8","696","18","F","","analitica","","","PVP sales 1 (4555571); Storica Analitica visura per immobile - Catasto Fabbricati."
"visura-storica","VE","SPINEA","8","696","9","F","","analitica","","","PVP sales 1 (4555571); Storica Analitica visura per immobile - Catasto Fabbricati."
"visura-storica","VE","SPINEA","8","766","16","F","","analitica","","","PVP sales 1 (4504656); Storica Analitica visura per immobile - Catasto Fabbricati."
"visura-storica","VE","SPINEA","9","547","1","F","","analitica","","","PVP sales 1 (650271); Storica Analitica visura per immobile - Catasto Fabbricati."
"visura-storica","VE","SPINEA","9","547","5","F","","analitica","","","PVP sales 1 (650271); Storica Analitica visura per immobile - Catasto Fabbricati."
"visura-storica","VE","SPINEA","9","875","5","F","","analitica","","","PVP sales 2 (2178625,2251578); Storica Analitica visura per immobile - Catasto Fabbricati."
"visura-storica","VE","STRA","1","1023","","F","","analitica","","","PVP sales 1 (1483390); Storica Analitica visura per immobile - Catasto Fabbricati."
"visura-storica","VE","STRA","1","1023","","T","","analitica","","","PVP sales 1 (1483390); Storica Analitica visura per immobile - Catasto Terreni."
"visura-storica","VE","STRA","1","1026","","F","","analitica","","","PVP sales 1 (1483390); Storica Analitica visura per immobile - Catasto Fabbricati."
"visura-storica","VE","STRA","1","1026","","T","","analitica","","","PVP sales 1 (1483390); Storica Analitica visura per immobile - Catasto Terreni."
"visura-storica","VE","STRA","1","1028","","F","","analitica","","","PVP sales 1 (1483390); Storica Analitica visura per immobile - Catasto Fabbricati."
"visura-storica","VE","STRA","1","1028","","T","","analitica","","","PVP sales 1 (1483390); Storica Analitica visura per immobile - Catasto Terreni."
"visura-storica","VE","STRA","1","1029","","F","","analitica","","","PVP sales 1 (1483390); Storica Analitica visura per immobile - Catasto Fabbricati."
"visura-storica","VE","STRA","1","1029","","T","","analitica","","","PVP sales 1 (1483390); Storica Analitica visura per immobile - Catasto Terreni."
"visura-storica","VE","STRA","1","1066","","F","","analitica","","","PVP sales 3 (1694263,1825683,1937128); Storica Analitica visura per immobile - Catasto Fabbricati."
"visura-storica","VE","STRA","1","1066","","T","","analitica","","","PVP sales 3 (1694263,1825683,1937128); Storica Analitica visura per immobile - Catasto Terreni."
"visura-storica","VE","STRA","1","520","22","F","","analitica","","","PVP sales 1 (408583); Storica Analitica visura per immobile - Catasto Fabbricati."
"visura-storica","VE","STRA","1","520","5","F","","analitica","","","PVP sales 1 (408583); Storica Analitica visura per immobile - Catasto Fabbricati."
"visura-storica","VE","STRA","1","922","15","F","","analitica","","","PVP sales 1 (2133272); Storica Analitica visura per immobile - Catasto Fabbricati."
"visura-storica","VE","STRA","1","955","14","F","","analitica","","","PVP sales 1 (2133272); Storica Analitica visura per immobile - Catasto Fabbricati."
"visura-storica","VE","STRA","3","213","10","F","","analitica","","","PVP sales 3 (401149,540083,675572); Storica Analitica visura per immobile - Catasto Fabbricati."
"visura-storica","VE","STRA","3","213","11","F","","analitica","","","PVP sales 3 (401149,540083,675572); Storica Analitica visura per immobile - Catasto Fabbricati."
"visura-storica","VE","STRA","3","413","9","F","","analitica","","","PVP sales 1 (310425); Storica Analitica visura per immobile - Catasto Fabbricati."
"visura-storica","VE","STRA","4","1371","31","F","","analitica","","","PVP sales 1 (4446217); Storica Analitica visura per immobile - Catasto Fabbricati."
"visura-storica","VE","STRA","4","1371","59","F","","analitica","","","PVP sales 1 (4446217); Storica Analitica visura per immobile - Catasto Fabbricati."
"visura-storica","VE","STRA","4","1478","16","F","","analitica","","","PVP sales 2 (976442,1097173); Storica Analitica visura per immobile - Catasto Fabbricati."
"visura-storica","VE","STRA","4","1478","29","F","","analitica","","","PVP sales 2 (976442,1097173); Storica Analitica visura per immobile - Catasto Fabbricati."
"visura-storica","VE","STRA","4","1478","4","F","","analitica","","","PVP sales 2 (976442,1097173); Storica Analitica visura per immobile - Catasto Fabbricati."
"visura-storica","VE","STRA","4","554","11","F","","analitica","","","PVP sales 1 (116402); Storica Analitica visura per immobile - Catasto Fabbricati."
"visura-storica","VE","STRA","4","554","18","F","","analitica","","","PVP sales 1 (4258722); Storica Analitica visura per immobile - Catasto Fabbricati."
"visura-storica","VE","STRA","4","956","11","F","","analitica","","","PVP sales 1 (4512760); Storica Analitica visura per immobile - Catasto Fabbricati."
"visura-storica","VE","STRA","4","956","13","F","","analitica","","","PVP sales 1 (4512760); Storica Analitica visura per immobile - Catasto Fabbricati."
"visura-storica","VE","STRA","6","402","1","F","","analitica","","","PVP sales 4 (490481,666116,666125,1462475); Storica Analitica visura per immobile - Catasto Fabbricati."
"visura-storica","VE","STRA","6","402","2","F","","analitica","","","PVP sales 4 (490481,666116,666125,1462475); Storica Analitica visura per immobile - Catasto Fabbricati."
"visura-storica","VE","STRA","6","402","3","F","","analitica","","","PVP sales 4 (490481,666116,666125,1462475); Storica Analitica visura per immobile - Catasto Fabbricati."
"visura-storica","VE","STRA","6","413","6","F","","analitica","","","PVP sales 1 (310425); Storica Analitica visura per immobile - Catasto Fabbricati."
"visura-storica","VE","TEGLIO VENETO","2","647","2","F","","analitica","","","PVP sales 1 (1032675); Storica Analitica visura per immobile - Catasto Fabbricati."
"visura-storica","VE","TEGLIO VENETO","4","1040","","F","","analitica","","","PVP sales 1 (4439566); Storica Analitica visura per immobile - Catasto Fabbricati."
"visura-storica","VE","TEGLIO VENETO","4","1040","","T","","analitica","","","PVP sales 1 (4439566); Storica Analitica visura per immobile - Catasto Terreni."
"visura-storica","VE","TEGLIO VENETO","4","1351","","F","","analitica","","","PVP sales 1 (658451); Storica Analitica visura per immobile - Catasto Fabbricati."
"visura-storica","VE","TEGLIO VENETO","4","1351","","T","","analitica","","","PVP sales 1 (658451); Storica Analitica visura per immobile - Catasto Terreni."
"visura-storica","VE","TEGLIO VENETO","4","254","2","F","","analitica","","","PVP sales 1 (658451); Storica Analitica visura per immobile - Catasto Fabbricati."
"visura-storica","VE","TORRE DI MOSTO","15","54","3","F","","analitica","","","PVP sales 1 (704882); Storica Analitica visura per immobile - Catasto Fabbricati."
"visura-storica","VE","TORRE DI MOSTO","2","146","","F","","analitica","","","PVP sales 1 (1446642); Storica Analitica visura per immobile - Catasto Fabbricati."
"visura-storica","VE","TORRE DI MOSTO","2","146","","T","","analitica","","","PVP sales 1 (1446642); Storica Analitica visura per immobile - Catasto Terreni."
"visura-storica","VE","TORRE DI MOSTO","2","149","","F","","analitica","","","PVP sales 1 (1446642); Storica Analitica visura per immobile - Catasto Fabbricati."
"visura-storica","VE","TORRE DI MOSTO","2","149","","T","","analitica","","","PVP sales 1 (1446642); Storica Analitica visura per immobile - Catasto Terreni."
"visura-storica","VE","TORRE DI MOSTO","2","176","","F","","analitica","","","PVP sales 3 (996813,1446608,1575004); Storica Analitica visura per immobile - Catasto Fabbricati."
"visura-storica","VE","TORRE DI MOSTO","2","176","","T","","analitica","","","PVP sales 3 (996813,1446608,1575004); Storica Analitica visura per immobile - Catasto Terreni."
"visura-storica","VE","TORRE DI MOSTO","7","413","2","F","","analitica","","","PVP sales 2 (4372090,4441339); Storica Analitica visura per immobile - Catasto Fabbricati."
"visura-storica","VE","TORRE DI MOSTO","7","413","4","F","","analitica","","","PVP sales 2 (4372090,4441339); Storica Analitica visura per immobile - Catasto Fabbricati."
"visura-storica","VE","TORRE DI MOSTO","7","808","","F","","analitica","","","PVP sales 1 (283493); Storica Analitica visura per immobile - Catasto Fabbricati."
"visura-storica","VE","TORRE DI MOSTO","7","808","","T","","analitica","","","PVP sales 1 (283493); Storica Analitica visura per immobile - Catasto Terreni."
"visura-storica","VE","TORRE DI MOSTO","7","892","","F","","analitica","","","PVP sales 1 (283492); Storica Analitica visura per immobile - Catasto Fabbricati."
"visura-storica","VE","TORRE DI MOSTO","7","892","","T","","analitica","","","PVP sales 1 (283492); Storica Analitica visura per immobile - Catasto Terreni."
"visura-storica","VE","TORRE DI MOSTO","7","892","9","F","","analitica","","","PVP sales 1 (283492); Storica Analitica visura per immobile - Catasto Fabbricati."
"visura-storica","VE","TORRE DI MOSTO","8","96","1","F","","analitica","","","PVP sales 2 (4463550,4499123); Storica Analitica visura per immobile - Catasto Fabbricati."
"visura-storica","VE","TORRE DI MOSTO","8","96","2","F","","analitica","","","PVP sales 2 (4463550,4499123); Storica Analitica visura per immobile - Catasto Fabbricati."
"visura-storica","VE","TORRE DI MOSTO","9","249","","F","","analitica","","","PVP sales 2 (2121490,4257740); Storica Analitica visura per immobile - Catasto Fabbricati."
"visura-storica","VE","TORRE DI MOSTO","9","249","","T","","analitica","","","PVP sales 2 (2121490,4257740); Storica Analitica visura per immobile - Catasto Terreni."
"visura-storica","VE","VENEZIA","1","1064","3","F","","analitica","","","PVP sales 1 (1177074); Storica Analitica visura per immobile - Catasto Fabbricati."
"visura-storica","VE","VENEZIA","1","1184","3","F","","analitica","","","PVP sales 1 (857271); Storica Analitica visura per immobile - Catasto Fabbricati."
"visura-storica","VE","VENEZIA","1","1184","5","F","","analitica","","","PVP sales 1 (857271); Storica Analitica visura per immobile - Catasto Fabbricati."
"visura-storica","VE","VENEZIA","1","1195","162","F","","analitica","","","PVP sales 1 (4492692); Storica Analitica visura per immobile - Catasto Fabbricati."
"visura-storica","VE","VENEZIA","1","122","21","F","","analitica","","","PVP sales 1 (4553023); Storica Analitica visura per immobile - Catasto Fabbricati."
"visura-storica","VE","VENEZIA","1","122","22","F","","analitica","","","PVP sales 1 (4553045); Storica Analitica visura per immobile - Catasto Fabbricati."
"visura-storica","VE","VENEZIA","1","1242","28","F","","analitica","","","PVP sales 2 (1576121,1768462); Storica Analitica visura per immobile - Catasto Fabbricati."
"visura-storica","VE","VENEZIA","1","1243","159","F","","analitica","","","PVP sales 1 (1600136); Storica Analitica visura per immobile - Catasto Fabbricati."
"visura-storica","VE","VENEZIA","1","1243","187","F","","analitica","","","PVP sales 1 (1600136); Storica Analitica visura per immobile - Catasto Fabbricati."
"visura-storica","VE","VENEZIA","1","1681","","F","","analitica","","","PVP sales 1 (4500068); Storica Analitica visura per immobile - Catasto Fabbricati."
"visura-storica","VE","VENEZIA","1","1681","","T","","analitica","","","PVP sales 1 (4500068); Storica Analitica visura per immobile - Catasto Terreni."
"visura-storica","VE","VENEZIA","1","1688","9","F","","analitica","","","PVP sales 4 (408207,775181,894234,981452); Storica Analitica visura per immobile - Catasto Fabbricati."
"visura-storica","VE","VENEZIA","1","1730","","F","","analitica","","","PVP sales 1 (949799); Storica Analitica visura per immobile - Catasto Fabbricati."
"visura-storica","VE","VENEZIA","1","1730","","T","","analitica","","","PVP sales 1 (949799); Storica Analitica visura per immobile - Catasto Terreni."
"visura-storica","VE","VENEZIA","1","1849","","F","","analitica","","","PVP sales 2 (4500209,4551389); Storica Analitica visura per immobile - Catasto Fabbricati."
"visura-storica","VE","VENEZIA","1","1849","","T","","analitica","","","PVP sales 2 (4500209,4551389); Storica Analitica visura per immobile - Catasto Terreni."
"visura-storica","VE","VENEZIA","1","1861","","F","","analitica","","","PVP sales 1 (4500116); Storica Analitica visura per immobile - Catasto Fabbricati."
"visura-storica","VE","VENEZIA","1","1861","","T","","analitica","","","PVP sales 1 (4500116); Storica Analitica visura per immobile - Catasto Terreni."
"visura-storica","VE","VENEZIA","1","322","30","F","","analitica","","","PVP sales 1 (4561593); Storica Analitica visura per immobile - Catasto Fabbricati."
"visura-storica","VE","VENEZIA","1","322","34","F","","analitica","","","PVP sales 1 (4561593); Storica Analitica visura per immobile - Catasto Fabbricati."
"visura-storica","VE","VENEZIA","1","39","238","F","","analitica","","","PVP sales 1 (828631); Storica Analitica visura per immobile - Catasto Fabbricati."
"visura-storica","VE","VENEZIA","1","39","239","F","","analitica","","","PVP sales 3 (829644,976418,976968); Storica Analitica visura per immobile - Catasto Fabbricati."
"visura-storica","VE","VENEZIA","1","39","58","F","","analitica","","","PVP sales 5 (1565627,1867505,1949574,2035546,4241560); Storica Analitica visura per immobile - Catasto Fabbricati."
"visura-storica","VE","VENEZIA","1","405","12","F","","analitica","","","PVP sales 1 (421910); Storica Analitica visura per immobile - Catasto Fabbricati."
"visura-storica","VE","VENEZIA","1","405","6","F","","analitica","","","PVP sales 1 (421910); Storica Analitica visura per immobile - Catasto Fabbricati."
"visura-storica","VE","VENEZIA","1","440","38","F","","analitica","","","PVP sales 1 (556727); Storica Analitica visura per immobile - Catasto Fabbricati."
"visura-storica","VE","VENEZIA","1","519","22","F","","analitica","","","PVP sales 2 (1459426,1705149); Storica Analitica visura per immobile - Catasto Fabbricati."
"visura-storica","VE","VENEZIA","1","7","18","F","","analitica","","","PVP sales 1 (1682347); Storica Analitica visura per immobile - Catasto Fabbricati."
"visura-storica","VE","VENEZIA","11","846","8","F","","analitica","","","PVP sales 1 (4451931); Storica Analitica visura per immobile - Catasto Fabbricati."
"visura-storica","VE","VENEZIA","11","861","38","F","","analitica","","","PVP sales 1 (4492662); Storica Analitica visura per immobile - Catasto Fabbricati."
"visura-storica","VE","VENEZIA","11","875","","F","","analitica","","","PVP sales 1 (4498843); Storica Analitica visura per immobile - Catasto Fabbricati."
"visura-storica","VE","VENEZIA","11","875","","T","","analitica","","","PVP sales 1 (4498843); Storica Analitica visura per immobile - Catasto Terreni."
"visura-storica","VE","VENEZIA","118","594","10","F","","analitica","","","PVP sales 1 (2086060); Storica Analitica visura per immobile - Catasto Fabbricati."
"visura-storica","VE","VENEZIA","118","594","6","F","","analitica","","","PVP sales 1 (2086060); Storica Analitica visura per immobile - Catasto Fabbricati."
"visura-storica","VE","VENEZIA","12","1240","6","F","","analitica","","","PVP sales 1 (259707); Storica Analitica visura per immobile - Catasto Fabbricati."
"visura-storica","VE","VENEZIA","12","1356","11","F","","analitica","","","PVP sales 3 (2096983,4464652,4511381); Storica Analitica visura per immobile - Catasto Fabbricati."
"visura-storica","VE","VENEZIA","12","1356","40","F","","analitica","","","PVP sales 1 (2097052); Storica Analitica visura per immobile - Catasto Fabbricati."
"visura-storica","VE","VENEZIA","12","1356","45","F","","analitica","","","PVP sales 1 (2097065); Storica Analitica visura per immobile - Catasto Fabbricati."
"visura-storica","VE","VENEZIA","12","2535","4","F","","analitica","","","PVP sales 1 (4406881); Storica Analitica visura per immobile - Catasto Fabbricati."
"visura-storica","VE","VENEZIA","12","2535","5","F","","analitica","","","PVP sales 1 (4406856); Storica Analitica visura per immobile - Catasto Fabbricati."
"visura-storica","VE","VENEZIA","12","3719","1","F","","analitica","","","PVP sales 1 (743126); Storica Analitica visura per immobile - Catasto Fabbricati."
"visura-storica","VE","VENEZIA","12","372","1","F","","analitica","","","PVP sales 1 (798578); Storica Analitica visura per immobile - Catasto Fabbricati."
"visura-storica","VE","VENEZIA","12","398","","F","","analitica","","","PVP sales 1 (2075713); Storica Analitica visura per immobile - Catasto Fabbricati."
"visura-storica","VE","VENEZIA","12","398","","T","","analitica","","","PVP sales 1 (2075713); Storica Analitica visura per immobile - Catasto Terreni."
"visura-storica","VE","VENEZIA","12","3996","12","F","","analitica","","","PVP sales 1 (2148783); Storica Analitica visura per immobile - Catasto Fabbricati."
"visura-storica","VE","VENEZIA","12","4006","2","F","","analitica","","","PVP sales 1 (4503542); Storica Analitica visura per immobile - Catasto Fabbricati."
"visura-storica","VE","VENEZIA","12","428","31","F","","analitica","","","PVP sales 1 (564006); Storica Analitica visura per immobile - Catasto Fabbricati."
"visura-storica","VE","VENEZIA","12","4305","30","F","","analitica","","","PVP sales 1 (995184); Storica Analitica visura per immobile - Catasto Fabbricati."
"visura-storica","VE","VENEZIA","12","4658","31","F","","analitica","","","PVP sales 1 (2097052); Storica Analitica visura per immobile - Catasto Fabbricati."
"visura-storica","VE","VENEZIA","12","4658","36","F","","analitica","","","PVP sales 1 (2097065); Storica Analitica visura per immobile - Catasto Fabbricati."
"visura-storica","VE","VENEZIA","12","4827","8","F","","analitica","","","PVP sales 3 (304790,306487,661981); Storica Analitica visura per immobile - Catasto Fabbricati."
"visura-storica","VE","VENEZIA","12","5394","25","F","","analitica","","","PVP sales 1 (4532486); Storica Analitica visura per immobile - Catasto Fabbricati."
"visura-storica","VE","VENEZIA","121","226","","F","","analitica","","","PVP sales 1 (4223415); Storica Analitica visura per immobile - Catasto Fabbricati."
"visura-storica","VE","VENEZIA","121","226","","T","","analitica","","","PVP sales 1 (4223415); Storica Analitica visura per immobile - Catasto Terreni."
"visura-storica","VE","VENEZIA","121","38","27","F","","analitica","","","PVP sales 1 (2061968); Storica Analitica visura per immobile - Catasto Fabbricati."
"visura-storica","VE","VENEZIA","121","388","1","F","","analitica","","","PVP sales 1 (4223415); Storica Analitica visura per immobile - Catasto Fabbricati."
"visura-storica","VE","VENEZIA","121","388","3","F","","analitica","","","PVP sales 1 (4223415); Storica Analitica visura per immobile - Catasto Fabbricati."
"visura-storica","VE","VENEZIA","121","388","5","F","","analitica","","","PVP sales 1 (4223415); Storica Analitica visura per immobile - Catasto Fabbricati."
"visura-storica","VE","VENEZIA","121","397","3","F","","analitica","","","PVP sales 1 (1995949); Storica Analitica visura per immobile - Catasto Fabbricati."
"visura-storica","VE","VENEZIA","121","42","4","F","","analitica","","","PVP sales 1 (4478488); Storica Analitica visura per immobile - Catasto Fabbricati."
"visura-storica","VE","VENEZIA","121","42","5","F","","analitica","","","PVP sales 1 (4478488); Storica Analitica visura per immobile - Catasto Fabbricati."
"visura-storica","VE","VENEZIA","122","248","","F","","analitica","","","PVP sales 3 (526244,616937,660740); Storica Analitica visura per immobile - Catasto Fabbricati."
"visura-storica","VE","VENEZIA","122","248","","T","","analitica","","","PVP sales 3 (526244,616937,660740); Storica Analitica visura per immobile - Catasto Terreni."
"visura-storica","VE","VENEZIA","122","254","","F","","analitica","","","PVP sales 3 (526244,616937,660740); Storica Analitica visura per immobile - Catasto Fabbricati."
"visura-storica","VE","VENEZIA","122","254","","T","","analitica","","","PVP sales 3 (526244,616937,660740); Storica Analitica visura per immobile - Catasto Terreni."
"visura-storica","VE","VENEZIA","122","730","","F","","analitica","","","PVP sales 3 (527624,616938,719558); Storica Analitica visura per immobile - Catasto Fabbricati."
"visura-storica","VE","VENEZIA","122","730","","T","","analitica","","","PVP sales 3 (527624,616938,719558); Storica Analitica visura per immobile - Catasto Terreni."
"visura-storica","VE","VENEZIA","123","1160","","T","","analitica","","","PVP sales 1 (4460406); Storica Analitica visura per immobile - Catasto Terreni."
"visura-storica","VE","VENEZIA","123","180","1","F","","analitica","","","PVP sales 1 (1606194); Storica Analitica visura per immobile - Catasto Fabbricati."
"visura-storica","VE","VENEZIA","123","180","2","F","","analitica","","","PVP sales 1 (1606278); Storica Analitica visura per immobile - Catasto Fabbricati."
"visura-storica","VE","VENEZIA","123","548","","F","","analitica","","","PVP sales 3 (526244,616937,660740); Storica Analitica visura per immobile - Catasto Fabbricati."
"visura-storica","VE","VENEZIA","123","548","","T","","analitica","","","PVP sales 3 (526244,616937,660740); Storica Analitica visura per immobile - Catasto Terreni."
"visura-storica","VE","VENEZIA","123","572","8","F","","analitica","","","PVP sales 2 (4410606,4460406); Storica Analitica visura per immobile - Catasto Fabbricati."
"visura-storica","VE","VENEZIA","125","161","10","F","","analitica","","","PVP sales 2 (347493,491151); Storica Analitica visura per immobile - Catasto Fabbricati."
"visura-storica","VE","VENEZIA","125","161","11","F","","analitica","","","PVP sales 2 (347493,491151); Storica Analitica visura per immobile - Catasto Fabbricati."
"visura-storica","VE","VENEZIA","125","948","568","F","","analitica","","","PVP sales 1 (4462135); Storica Analitica visura per immobile - Catasto Fabbricati."
"visura-storica","VE","VENEZIA","128","1032","10","F","","analitica","","","PVP sales 1 (2155163); Storica Analitica visura per immobile - Catasto Fabbricati."
"visura-storica","VE","VENEZIA","128","1032","23","F","","analitica","","","PVP sales 1 (2155163); Storica Analitica visura per immobile - Catasto Fabbricati."
"visura-storica","VE","VENEZIA","128","588","11","F","","analitica","","","PVP sales 1 (2202143); Storica Analitica visura per immobile - Catasto Fabbricati."
"visura-storica","VE","VENEZIA","128","588","4","F","","analitica","","","PVP sales 1 (2202143); Storica Analitica visura per immobile - Catasto Fabbricati."
"visura-storica","VE","VENEZIA","128","844","2","F","","analitica","","","PVP sales 3 (459378,635737,825812); Storica Analitica visura per immobile - Catasto Fabbricati."
"visura-storica","VE","VENEZIA","128","844","3","F","","analitica","","","PVP sales 3 (459378,635737,825812); Storica Analitica visura per immobile - Catasto Fabbricati."
"visura-storica","VE","VENEZIA","128","844","4","F","","analitica","","","PVP sales 3 (459378,635737,825812); Storica Analitica visura per immobile - Catasto Fabbricati."
"visura-storica","VE","VENEZIA","128","844","5","F","","analitica","","","PVP sales 3 (459378,635737,825812); Storica Analitica visura per immobile - Catasto Fabbricati."
"visura-storica","VE","VENEZIA","128","932","24","F","","analitica","","","PVP sales 2 (2109334,2188326); Storica Analitica visura per immobile - Catasto Fabbricati."
"visura-storica","VE","VENEZIA","128","932","8","F","","analitica","","","PVP sales 2 (2109334,2188326); Storica Analitica visura per immobile - Catasto Fabbricati."
"visura-storica","VE","VENEZIA","129","396","16","F","","analitica","","","PVP sales 1 (4252404); Storica Analitica visura per immobile - Catasto Fabbricati."
"visura-storica","VE","VENEZIA","129","544","25","F","","analitica","","","PVP sales 2 (4569559,4569630); Storica Analitica visura per immobile - Catasto Fabbricati."
"visura-storica","VE","VENEZIA","129","544","26","F","","analitica","","","PVP sales 2 (4569559,4569630); Storica Analitica visura per immobile - Catasto Fabbricati."
"visura-storica","VE","VENEZIA","129","550","11","F","","analitica","","","PVP sales 1 (2206659); Storica Analitica visura per immobile - Catasto Fabbricati."
"visura-storica","VE","VENEZIA","129","737","14","F","","analitica","","","PVP sales 1 (4482222); Storica Analitica visura per immobile - Catasto Fabbricati."
"visura-storica","VE","VENEZIA","129","737","9","F","","analitica","","","PVP sales 1 (4482222); Storica Analitica visura per immobile - Catasto Fabbricati."
"visura-storica","VE","VENEZIA","129","741","1","F","","analitica","","","PVP sales 2 (4368736,4440075); Storica Analitica visura per immobile - Catasto Fabbricati."
"visura-storica","VE","VENEZIA","129","741","2","F","","analitica","","","PVP sales 2 (4368722,4440036); Storica Analitica visura per immobile - Catasto Fabbricati."
"visura-storica","VE","VENEZIA","129","741","3","F","","analitica","","","PVP sales 2 (4368736,4440075); Storica Analitica visura per immobile - Catasto Fabbricati."
"visura-storica","VE","VENEZIA","129","741","4","F","","analitica","","","PVP sales 2 (4368722,4440036); Storica Analitica visura per immobile - Catasto Fabbricati."
"visura-storica","VE","VENEZIA","129","750","452","F","","analitica","","","PVP sales 1 (4246300); Storica Analitica visura per immobile - Catasto Fabbricati."
"visura-storica","VE","VENEZIA","129","750","454","F","","analitica","","","PVP sales 1 (4246327); Storica Analitica visura per immobile - Catasto Fabbricati."
"visura-storica","VE","VENEZIA","129","750","539","F","","analitica","","","PVP sales 1 (4246313); Storica Analitica visura per immobile - Catasto Fabbricati."
"visura-storica","VE","VENEZIA","129","761","5","F","","analitica","","","PVP sales 1 (2256496); Storica Analitica visura per immobile - Catasto Fabbricati."
"visura-storica","VE","VENEZIA","129","778","20","F","","analitica","","","PVP sales 1 (4246168); Storica Analitica visura per immobile - Catasto Fabbricati."
"visura-storica","VE","VENEZIA","129","8","3","F","","analitica","","","PVP sales 1 (388231); Storica Analitica visura per immobile - Catasto Fabbricati."
"visura-storica","VE","VENEZIA","129","989","57","F","","analitica","","","PVP sales 1 (4246028); Storica Analitica visura per immobile - Catasto Fabbricati."
"visura-storica","VE","VENEZIA","129","990","24","F","","analitica","","","PVP sales 1 (4246182); Storica Analitica visura per immobile - Catasto Fabbricati."
"visura-storica","VE","VENEZIA","129","990","30","F","","analitica","","","PVP sales 1 (4246204); Storica Analitica visura per immobile - Catasto Fabbricati."
"visura-storica","VE","VENEZIA","129","990","36","F","","analitica","","","PVP sales 1 (4246206); Storica Analitica visura per immobile - Catasto Fabbricati."
"visura-storica","VE","VENEZIA","129","991","114","F","","analitica","","","PVP sales 1 (4245878); Storica Analitica visura per immobile - Catasto Fabbricati."
"visura-storica","VE","VENEZIA","13","142","5","F","","analitica","","","PVP sales 1 (4553056); Storica Analitica visura per immobile - Catasto Fabbricati."
"visura-storica","VE","VENEZIA","13","143","5","F","","analitica","","","PVP sales 1 (4553072); Storica Analitica visura per immobile - Catasto Fabbricati."
"visura-storica","VE","VENEZIA","13","143","6","F","","analitica","","","PVP sales 1 (4553055); Storica Analitica visura per immobile - Catasto Fabbricati."
"visura-storica","VE","VENEZIA","13","147","8","F","","analitica","","","PVP sales 1 (4553054); Storica Analitica visura per immobile - Catasto Fabbricati."
"visura-storica","VE","VENEZIA","13","94","2","F","","analitica","","","PVP sales 1 (4553069); Storica Analitica visura per immobile - Catasto Fabbricati."
"visura-storica","VE","VENEZIA","130","378","11","F","","analitica","","","PVP sales 1 (556499); Storica Analitica visura per immobile - Catasto Fabbricati."
"visura-storica","VE","VENEZIA","130","378","8","F","","analitica","","","PVP sales 1 (556499); Storica Analitica visura per immobile - Catasto Fabbricati."
"visura-storica","VE","VENEZIA","130","501","15","F","","analitica","","","PVP sales 3 (1587971,1711223,1869840); Storica Analitica visura per immobile - Catasto Fabbricati."
"visura-storica","VE","VENEZIA","130","659","3","F","","analitica","","","PVP sales 1 (4417704); Storica Analitica visura per immobile - Catasto Fabbricati."
"visura-storica","VE","VENEZIA","133","137","32","F","","analitica","","","PVP sales 2 (539650,746558); Storica Analitica visura per immobile - Catasto Fabbricati."
"visura-storica","VE","VENEZIA","134","136","5","F","","analitica","","","PVP sales 2 (2182374,2254754); Storica Analitica visura per immobile - Catasto Fabbricati."
"visura-storica","VE","VENEZIA","134","1383","3","F","","analitica","","","PVP sales 1 (369959); Storica Analitica visura per immobile - Catasto Fabbricati."
"visura-storica","VE","VENEZIA","134","1536","5","F","","analitica","","","PVP sales 1 (798513); Storica Analitica visura per immobile - Catasto Fabbricati."
"visura-storica","VE","VENEZIA","134","1571","12","F","","analitica","","","PVP sales 1 (562632); Storica Analitica visura per immobile - Catasto Fabbricati."
"visura-storica","VE","VENEZIA","134","1571","23","F","","analitica","","","PVP sales 1 (562632); Storica Analitica visura per immobile - Catasto Fabbricati."
"visura-storica","VE","VENEZIA","134","1571","9","F","","analitica","","","PVP sales 1 (562922); Storica Analitica visura per immobile - Catasto Fabbricati."
"visura-storica","VE","VENEZIA","134","1628","20","F","","analitica","","","PVP sales 3 (1266809,1407145,1565205); Storica Analitica visura per immobile - Catasto Fabbricati."
"visura-storica","VE","VENEZIA","134","1628","3","F","","analitica","","","PVP sales 3 (1266809,1407145,1565205); Storica Analitica visura per immobile - Catasto Fabbricati."
"visura-storica","VE","VENEZIA","135","107","","F","","analitica","","","PVP sales 1 (563088); Storica Analitica visura per immobile - Catasto Fabbricati."
"visura-storica","VE","VENEZIA","135","107","","T","","analitica","","","PVP sales 1 (563088); Storica Analitica visura per immobile - Catasto Terreni."
"visura-storica","VE","VENEZIA","135","108","","F","","analitica","","","PVP sales 1 (563088); Storica Analitica visura per immobile - Catasto Fabbricati."
"visura-storica","VE","VENEZIA","135","108","","T","","analitica","","","PVP sales 1 (563088); Storica Analitica visura per immobile - Catasto Terreni."
"visura-storica","VE","VENEZIA","135","112","","F","","analitica","","","PVP sales 1 (563088); Storica Analitica visura per immobile - Catasto Fabbricati."
"visura-storica","VE","VENEZIA","135","112","","T","","analitica","","","PVP sales 1 (563088); Storica Analitica visura per immobile - Catasto Terreni."
"visura-storica","VE","VENEZIA","135","1555","77","F","","analitica","","","PVP sales 1 (456882); Storica Analitica visura per immobile - Catasto Fabbricati."
"visura-storica","VE","VENEZIA","135","1582","19","F","","analitica","","","PVP sales 1 (2155180); Storica Analitica visura per immobile - Catasto Fabbricati."
"visura-storica","VE","VENEZIA","135","1972","5","F","","analitica","","","PVP sales 1 (4555123); Storica Analitica visura per immobile - Catasto Fabbricati."
"visura-storica","VE","VENEZIA","135","1991","36","F","","analitica","","","PVP sales 1 (4458974); Storica Analitica visura per immobile - Catasto Fabbricati."
"visura-storica","VE","VENEZIA","135","2023","18","F","","analitica","","","PVP sales 1 (4510182); Storica Analitica visura per immobile - Catasto Fabbricati."
"visura-storica","VE","VENEZIA","135","2023","6","F","","analitica","","","PVP sales 1 (4510182); Storica Analitica visura per immobile - Catasto Fabbricati."
"visura-storica","VE","VENEZIA","135","2100","36","F","","analitica","","","PVP sales 1 (2079042); Storica Analitica visura per immobile - Catasto Fabbricati."
"visura-storica","VE","VENEZIA","135","2100","51","F","","analitica","","","PVP sales 1 (2079042); Storica Analitica visura per immobile - Catasto Fabbricati."
"visura-storica","VE","VENEZIA","135","2130","44","F","","analitica","","","PVP sales 1 (1446531); Storica Analitica visura per immobile - Catasto Fabbricati."
"visura-storica","VE","VENEZIA","135","3122","","F","","analitica","","","PVP sales 1 (563088); Storica Analitica visura per immobile - Catasto Fabbricati."
"visura-storica","VE","VENEZIA","135","3122","","T","","analitica","","","PVP sales 1 (563088); Storica Analitica visura per immobile - Catasto Terreni."
"visura-storica","VE","VENEZIA","135","4476","1","F","","analitica","","","PVP sales 1 (990801); Storica Analitica visura per immobile - Catasto Fabbricati."
"visura-storica","VE","VENEZIA","135","68","62","F","","analitica","","","PVP sales 1 (955555); Storica Analitica visura per immobile - Catasto Fabbricati."
"visura-storica","VE","VENEZIA","136","1180","13","F","","analitica","","","PVP sales 1 (4475409); Storica Analitica visura per immobile - Catasto Fabbricati."
"visura-storica","VE","VENEZIA","136","1180","3","F","","analitica","","","PVP sales 1 (4475409); Storica Analitica visura per immobile - Catasto Fabbricati."
"visura-storica","VE","VENEZIA","136","1360","4","F","","analitica","","","PVP sales 1 (378798); Storica Analitica visura per immobile - Catasto Fabbricati."
"visura-storica","VE","VENEZIA","136","1813","14","F","","analitica","","","PVP sales 1 (2086052); Storica Analitica visura per immobile - Catasto Fabbricati."
"visura-storica","VE","VENEZIA","136","1813","3","F","","analitica","","","PVP sales 1 (2086052); Storica Analitica visura per immobile - Catasto Fabbricati."
"visura-storica","VE","VENEZIA","136","313","11","F","","analitica","","","PVP sales 1 (2153419); Storica Analitica visura per immobile - Catasto Fabbricati."
"visura-storica","VE","VENEZIA","136","313","7","F","","analitica","","","PVP sales 1 (2153419); Storica Analitica visura per immobile - Catasto Fabbricati."
"visura-storica","VE","VENEZIA","136","313","8","F","","analitica","","","PVP sales 1 (2153419); Storica Analitica visura per immobile - Catasto Fabbricati."
"visura-storica","VE","VENEZIA","137","550","11","F","","analitica","","","PVP sales 1 (4457810); Storica Analitica visura per immobile - Catasto Fabbricati."
"visura-storica","VE","VENEZIA","137","550","16","F","","analitica","","","PVP sales 1 (4457810); Storica Analitica visura per immobile - Catasto Fabbricati."
"visura-storica","VE","VENEZIA","138","1174","16","F","","analitica","","","PVP sales 1 (2101558); Storica Analitica visura per immobile - Catasto Fabbricati."
"visura-storica","VE","VENEZIA","138","1174","23","F","","analitica","","","PVP sales 1 (2101558); Storica Analitica visura per immobile - Catasto Fabbricati."
"visura-storica","VE","VENEZIA","138","1312","6","F","","analitica","","","PVP sales 1 (4446317); Storica Analitica visura per immobile - Catasto Fabbricati."
"visura-storica","VE","VENEZIA","138","192","","F","","analitica","","","PVP sales 1 (4478560); Storica Analitica visura per immobile - Catasto Fabbricati."
"visura-storica","VE","VENEZIA","138","192","","T","","analitica","","","PVP sales 1 (4478560); Storica Analitica visura per immobile - Catasto Terreni."
"visura-storica","VE","VENEZIA","138","296","4","F","","analitica","","","PVP sales 1 (2054422); Storica Analitica visura per immobile - Catasto Fabbricati."
"visura-storica","VE","VENEZIA","138","573","5","F","","analitica","","","PVP sales 1 (2179505); Storica Analitica visura per immobile - Catasto Fabbricati."
"visura-storica","VE","VENEZIA","138","621","10","F","","analitica","","","PVP sales 1 (598233); Storica Analitica visura per immobile - Catasto Fabbricati."
"visura-storica","VE","VENEZIA","138","940","5","F","","analitica","","","PVP sales 2 (4407851,4526816); Storica Analitica visura per immobile - Catasto Fabbricati."
"visura-storica","VE","VENEZIA","139","1013","11","F","","analitica","","","PVP sales 3 (586573,738353,1012425); Storica Analitica visura per immobile - Catasto Fabbricati."
"visura-storica","VE","VENEZIA","139","1029","10","F","","analitica","","","PVP sales 2 (2096735,2127534); Storica Analitica visura per immobile - Catasto Fabbricati."
"visura-storica","VE","VENEZIA","139","1029","11","F","","analitica","","","PVP sales 2 (2096735,2127534); Storica Analitica visura per immobile - Catasto Fabbricati."
"visura-storica","VE","VENEZIA","139","1031","4","F","","analitica","","","PVP sales 1 (4430967); Storica Analitica visura per immobile - Catasto Fabbricati."
"visura-storica","VE","VENEZIA","139","1031","44","F","","analitica","","","PVP sales 1 (4430967); Storica Analitica visura per immobile - Catasto Fabbricati."
"visura-storica","VE","VENEZIA","139","1733","13","F","","analitica","","","PVP sales 1 (2080485); Storica Analitica visura per immobile - Catasto Fabbricati."
"visura-storica","VE","VENEZIA","139","1739","28","F","","analitica","","","PVP sales 1 (288242); Storica Analitica visura per immobile - Catasto Fabbricati."
"visura-storica","VE","VENEZIA","139","1739","9","F","","analitica","","","PVP sales 1 (288242); Storica Analitica visura per immobile - Catasto Fabbricati."
"visura-storica","VE","VENEZIA","139","1750","8","F","","analitica","","","PVP sales 1 (1864780); Storica Analitica visura per immobile - Catasto Fabbricati."
"visura-storica","VE","VENEZIA","139","1762","8","F","","analitica","","","PVP sales 1 (4468745); Storica Analitica visura per immobile - Catasto Fabbricati."
"visura-storica","VE","VENEZIA","139","1971","117","F","","analitica","","","PVP sales 1 (4529923); Storica Analitica visura per immobile - Catasto Fabbricati."
"visura-storica","VE","VENEZIA","139","1971","131","F","","analitica","","","PVP sales 2 (4468645,4567848); Storica Analitica visura per immobile - Catasto Fabbricati."
"visura-storica","VE","VENEZIA","139","1971","137","F","","analitica","","","PVP sales 2 (4468634,4567807); Storica Analitica visura per immobile - Catasto Fabbricati."
"visura-storica","VE","VENEZIA","139","1971","65","F","","analitica","","","PVP sales 1 (4529923); Storica Analitica visura per immobile - Catasto Fabbricati."
"visura-storica","VE","VENEZIA","139","1971","94","F","","analitica","","","PVP sales 2 (4433840,4472107); Storica Analitica visura per immobile - Catasto Fabbricati."
"visura-storica","VE","VENEZIA","139","2013","105","F","","analitica","","","PVP sales 2 (2208940,4527674); Storica Analitica visura per immobile - Catasto Fabbricati."
"visura-storica","VE","VENEZIA","139","2151","10","F","","analitica","","","PVP sales 1 (4565591); Storica Analitica visura per immobile - Catasto Fabbricati."
"visura-storica","VE","VENEZIA","139","2151","2","F","","analitica","","","PVP sales 1 (4565591); Storica Analitica visura per immobile - Catasto Fabbricati."
"visura-storica","VE","VENEZIA","139","2207","30","F","","analitica","","","PVP sales 2 (4442435,4509483); Storica Analitica visura per immobile - Catasto Fabbricati."
"visura-storica","VE","VENEZIA","139","2207","31","F","","analitica","","","PVP sales 2 (4442435,4509483); Storica Analitica visura per immobile - Catasto Fabbricati."
"visura-storica","VE","VENEZIA","139","2207","5","F","","analitica","","","PVP sales 2 (4442435,4509483); Storica Analitica visura per immobile - Catasto Fabbricati."
"visura-storica","VE","VENEZIA","139","244","45","F","","analitica","","","PVP sales 1 (2121172); Storica Analitica visura per immobile - Catasto Fabbricati."
"visura-storica","VE","VENEZIA","139","321","15","F","","analitica","","","PVP sales 1 (2110893); Storica Analitica visura per immobile - Catasto Fabbricati."
"visura-storica","VE","VENEZIA","139","364","2","F","","analitica","","","PVP sales 1 (2218320); Storica Analitica visura per immobile - Catasto Fabbricati."
"visura-storica","VE","VENEZIA","139","371","8","F","","analitica","","","PVP sales 1 (2179974); Storica Analitica visura per immobile - Catasto Fabbricati."
"visura-storica","VE","VENEZIA","139","950","17","F","","analitica","","","PVP sales 1 (2172589); Storica Analitica visura per immobile - Catasto Fabbricati."
"visura-storica","VE","VENEZIA","139","950","25","F","","analitica","","","PVP sales 1 (2172589); Storica Analitica visura per immobile - Catasto Fabbricati."
"visura-storica","VE","VENEZIA","139","97","1","F","","analitica","","","PVP sales 2 (761808,1760933); Storica Analitica visura per immobile - Catasto Fabbricati."
"visura-storica","VE","VENEZIA","14","1012","17","F","","analitica","","","PVP sales 1 (4523260); Storica Analitica visura per immobile - Catasto Fabbricati."
"visura-storica","VE","VENEZIA","14","1012","6","F","","analitica","","","PVP sales 1 (4523280); Storica Analitica visura per immobile - Catasto Fabbricati."
"visura-storica","VE","VENEZIA","14","1255","5","F","","analitica","","","PVP sales 1 (354331); Storica Analitica visura per immobile - Catasto Fabbricati."
"visura-storica","VE","VENEZIA","14","179","","F","","analitica","","","PVP sales 1 (556408); Storica Analitica visura per immobile - Catasto Fabbricati."
"visura-storica","VE","VENEZIA","14","179","","T","","analitica","","","PVP sales 1 (556408); Storica Analitica visura per immobile - Catasto Terreni."
"visura-storica","VE","VENEZIA","14","2154","4","F","","analitica","","","PVP sales 2 (4481712,4527157); Storica Analitica visura per immobile - Catasto Fabbricati."
"visura-storica","VE","VENEZIA","14","68","63","F","","analitica","","","PVP sales 2 (605730,755133); Storica Analitica visura per immobile - Catasto Fabbricati."
"visura-storica","VE","VENEZIA","14","68","64","F","","analitica","","","PVP sales 1 (755554); Storica Analitica visura per immobile - Catasto Fabbricati."
"visura-storica","VE","VENEZIA","140","217","17","F","","analitica","","","PVP sales 2 (4475354,4503902); Storica Analitica visura per immobile - Catasto Fabbricati."
"visura-storica","VE","VENEZIA","140","217","81","F","","analitica","","","PVP sales 2 (4475354,4503902); Storica Analitica visura per immobile - Catasto Fabbricati."
"visura-storica","VE","VENEZIA","140","949","113","F","","analitica","","","PVP sales 1 (4283305); Storica Analitica visura per immobile - Catasto Fabbricati."
"visura-storica","VE","VENEZIA","140","949","29","F","","analitica","","","PVP sales 1 (4283305); Storica Analitica visura per immobile - Catasto Fabbricati."
"visura-storica","VE","VENEZIA","141","3","9","F","","analitica","","","PVP sales 1 (4422623); Storica Analitica visura per immobile - Catasto Fabbricati."
"visura-storica","VE","VENEZIA","145","13","9","F","","analitica","","","PVP sales 1 (2061247); Storica Analitica visura per immobile - Catasto Fabbricati."
"visura-storica","VE","VENEZIA","147","227","","F","","analitica","","","PVP sales 2 (4527235,4559744); Storica Analitica visura per immobile - Catasto Fabbricati."
"visura-storica","VE","VENEZIA","147","227","","T","","analitica","","","PVP sales 2 (4527235,4559744); Storica Analitica visura per immobile - Catasto Terreni."
"visura-storica","VE","VENEZIA","147","230","","F","","analitica","","","PVP sales 2 (4527235,4559744); Storica Analitica visura per immobile - Catasto Fabbricati."
"visura-storica","VE","VENEZIA","147","230","","T","","analitica","","","PVP sales 2 (4527235,4559744); Storica Analitica visura per immobile - Catasto Terreni."
"visura-storica","VE","VENEZIA","147","233","","F","","analitica","","","PVP sales 2 (4527235,4559744); Storica Analitica visura per immobile - Catasto Fabbricati."
"visura-storica","VE","VENEZIA","147","233","","T","","analitica","","","PVP sales 2 (4527235,4559744); Storica Analitica visura per immobile - Catasto Terreni."
"visura-storica","VE","VENEZIA","147","236","","F","","analitica","","","PVP sales 2 (4527235,4559744); Storica Analitica visura per immobile - Catasto Fabbricati."
"visura-storica","VE","VENEZIA","147","236","","T","","analitica","","","PVP sales 2 (4527235,4559744); Storica Analitica visura per immobile - Catasto Terreni."
"visura-storica","VE","VENEZIA","147","237","","F","","analitica","","","PVP sales 2 (4527235,4559744); Storica Analitica visura per immobile - Catasto Fabbricati."
"visura-storica","VE","VENEZIA","147","237","","T","","analitica","","","PVP sales 2 (4527235,4559744); Storica Analitica visura per immobile - Catasto Terreni."
"visura-storica","VE","VENEZIA","147","238","","F","","analitica","","","PVP sales 2 (4527235,4559744); Storica Analitica visura per immobile - Catasto Fabbricati."
"visura-storica","VE","VENEZIA","147","238","","T","","analitica","","","PVP sales 2 (4527235,4559744); Storica Analitica visura per immobile - Catasto Terreni."
"visura-storica","VE","VENEZIA","147","308","","F","","analitica","","","PVP sales 2 (4527235,4559744); Storica Analitica visura per immobile - Catasto Fabbricati."
"visura-storica","VE","VENEZIA","147","308","","T","","analitica","","","PVP sales 2 (4527235,4559744); Storica Analitica visura per immobile - Catasto Terreni."
"visura-storica","VE","VENEZIA","147","308","1","F","","analitica","","","PVP sales 2 (4527235,4559744); Storica Analitica visura per immobile - Catasto Fabbricati."
"visura-storica","VE","VENEZIA","147","308","2","F","","analitica","","","PVP sales 2 (4527235,4559744); Storica Analitica visura per immobile - Catasto Fabbricati."
"visura-storica","VE","VENEZIA","147","308","3","F","","analitica","","","PVP sales 2 (4527235,4559744); Storica Analitica visura per immobile - Catasto Fabbricati."
"visura-storica","VE","VENEZIA","147","308","4","F","","analitica","","","PVP sales 2 (4527235,4559744); Storica Analitica visura per immobile - Catasto Fabbricati."
"visura-storica","VE","VENEZIA","15","2243","16","F","","analitica","","","PVP sales 1 (1494010); Storica Analitica visura per immobile - Catasto Fabbricati."
"visura-storica","VE","VENEZIA","15","259","15","F","","analitica","","","PVP sales 1 (4236275); Storica Analitica visura per immobile - Catasto Fabbricati."
"visura-storica","VE","VENEZIA","15","2768","8","F","","analitica","","","PVP sales 1 (96897); Storica Analitica visura per immobile - Catasto Fabbricati."
"visura-storica","VE","VENEZIA","15","392","23","F","","analitica","","","PVP sales 1 (951654); Storica Analitica visura per immobile - Catasto Fabbricati."
"visura-storica","VE","VENEZIA","150","19","5","F","","analitica","","","PVP sales 1 (4247110); Storica Analitica visura per immobile - Catasto Fabbricati."
"visura-storica","VE","VENEZIA","150","19","78","F","","analitica","","","PVP sales 1 (4247110); Storica Analitica visura per immobile - Catasto Fabbricati."
"visura-storica","VE","VENEZIA","152","227","3","F","","analitica","","","PVP sales 2 (4512279,4546249); Storica Analitica visura per immobile - Catasto Fabbricati."
"visura-storica","VE","VENEZIA","152","227","4","F","","analitica","","","PVP sales 2 (4512279,4546249); Storica Analitica visura per immobile - Catasto Fabbricati."
"visura-storica","VE","VENEZIA","152","227","5","F","","analitica","","","PVP sales 2 (4512279,4546249); Storica Analitica visura per immobile - Catasto Fabbricati."
"visura-storica","VE","VENEZIA","152","227","6","F","","analitica","","","PVP sales 2 (4512279,4546249); Storica Analitica visura per immobile - Catasto Fabbricati."
"visura-storica","VE","VENEZIA","152","78","5","F","","analitica","","","PVP sales 1 (4511954); Storica Analitica visura per immobile - Catasto Fabbricati."
"visura-storica","VE","VENEZIA","152","78","6","F","","analitica","","","PVP sales 1 (4511954); Storica Analitica visura per immobile - Catasto Fabbricati."
"visura-storica","VE","VENEZIA","154","106","15","F","","analitica","","","PVP sales 1 (2155492); Storica Analitica visura per immobile - Catasto Fabbricati."
"visura-storica","VE","VENEZIA","154","106","2","F","","analitica","","","PVP sales 1 (2155492); Storica Analitica visura per immobile - Catasto Fabbricati."
"visura-storica","VE","VENEZIA","154","398","","T","","analitica","","","PVP sales 1 (2155492); Storica Analitica visura per immobile - Catasto Terreni."
"visura-storica","VE","VENEZIA","154","400","","T","","analitica","","","PVP sales 1 (2155492); Storica Analitica visura per immobile - Catasto Terreni."
"visura-storica","VE","VENEZIA","158","2418","","F","","analitica","","","PVP sales 4 (4316933,4391321,4447808,4499209); Storica Analitica visura per immobile - Catasto Fabbricati."
"visura-storica","VE","VENEZIA","158","2418","","T","","analitica","","","PVP sales 4 (4316933,4391321,4447808,4499209); Storica Analitica visura per immobile - Catasto Terreni."
"visura-storica","VE","VENEZIA","158","636","6","F","","analitica","","","PVP sales 4 (4316933,4391321,4447808,4499209); Storica Analitica visura per immobile - Catasto Fabbricati."
"visura-storica","VE","VENEZIA","158","636","7","F","","analitica","","","PVP sales 4 (4316933,4391321,4447808,4499209); Storica Analitica visura per immobile - Catasto Fabbricati."
"visura-storica","VE","VENEZIA","158","682","","F","","analitica","","","PVP sales 1 (4529623); Storica Analitica visura per immobile - Catasto Fabbricati."
"visura-storica","VE","VENEZIA","158","682","","T","","analitica","","","PVP sales 1 (4529623); Storica Analitica visura per immobile - Catasto Terreni."
"visura-storica","VE","VENEZIA","158","684","","F","","analitica","","","PVP sales 1 (4440080); Storica Analitica visura per immobile - Catasto Fabbricati."
"visura-storica","VE","VENEZIA","158","684","","T","","analitica","","","PVP sales 1 (4440080); Storica Analitica visura per immobile - Catasto Terreni."
"visura-storica","VE","VENEZIA","159","2002","7","F","","analitica","","","PVP sales 1 (1635644); Storica Analitica visura per immobile - Catasto Fabbricati."
"visura-storica","VE","VENEZIA","159","2388","11","F","","analitica","","","PVP sales 1 (1582618); Storica Analitica visura per immobile - Catasto Fabbricati."
"visura-storica","VE","VENEZIA","159","2388","13","F","","analitica","","","PVP sales 1 (1582618); Storica Analitica visura per immobile - Catasto Fabbricati."
"visura-storica","VE","VENEZIA","159","953","10","F","","analitica","","","PVP sales 2 (2093613,2137589); Storica Analitica visura per immobile - Catasto Fabbricati."
"visura-storica","VE","VENEZIA","159","953","5","F","","analitica","","","PVP sales 1 (2093624); Storica Analitica visura per immobile - Catasto Fabbricati."
"visura-storica","VE","VENEZIA","16","1061","9","F","","analitica","","","PVP sales 1 (4217345); Storica Analitica visura per immobile - Catasto Fabbricati."
"visura-storica","VE","VENEZIA","16","1552","1","F","","analitica","","","PVP sales 1 (739637); Storica Analitica visura per immobile - Catasto Fabbricati."
"visura-storica","VE","VENEZIA","16","1564","10","F","","analitica","","","PVP sales 1 (2216219); Storica Analitica visura per immobile - Catasto Fabbricati."
"visura-storica","VE","VENEZIA","16","1942","3","F","","analitica","","","PVP sales 1 (4553068); Storica Analitica visura per immobile - Catasto Fabbricati."
"visura-storica","VE","VENEZIA","16","2207","5","F","","analitica","","","PVP sales 1 (785185); Storica Analitica visura per immobile - Catasto Fabbricati."
"visura-storica","VE","VENEZIA","16","2487","15","F","","analitica","","","PVP sales 2 (2230757,4250338); Storica Analitica visura per immobile - Catasto Fabbricati."
"visura-storica","VE","VENEZIA","16","2559","3","F","","analitica","","","PVP sales 1 (4487026); Storica Analitica visura per immobile - Catasto Fabbricati."
"visura-storica","VE","VENEZIA","160","363","","F","","analitica","","","PVP sales 1 (4487449); Storica Analitica visura per immobile - Catasto Fabbricati."
"visura-storica","VE","VENEZIA","160","363","","T","","analitica","","","PVP sales 1 (4487449); Storica Analitica visura per immobile - Catasto Terreni."
"visura-storica","VE","VENEZIA","162","339","","F","","analitica","","","PVP sales 1 (2145219); Storica Analitica visura per immobile - Catasto Fabbricati."
"visura-storica","VE","VENEZIA","162","339","","T","","analitica","","","PVP sales 1 (2145219); Storica Analitica visura per immobile - Catasto Terreni."
"visura-storica","VE","VENEZIA","162","341","","F","","analitica","","","PVP sales 1 (2145219); Storica Analitica visura per immobile - Catasto Fabbricati."
"visura-storica","VE","VENEZIA","162","341","","T","","analitica","","","PVP sales 1 (2145219); Storica Analitica visura per immobile - Catasto Terreni."
"visura-storica","VE","VENEZIA","165","510","162","F","","analitica","","","PVP sales 4 (570359,677162,1555871,1756854); Storica Analitica visura per immobile - Catasto Fabbricati."
"visura-storica","VE","VENEZIA","165","510","163","F","","analitica","","","PVP sales 4 (570366,679851,1555908,1756861); Storica Analitica visura per immobile - Catasto Fabbricati."
"visura-storica","VE","VENEZIA","165","510","83","F","","analitica","","","PVP sales 4 (570306,678046,1555740,1559355); Storica Analitica visura per immobile - Catasto Fabbricati."
"visura-storica","VE","VENEZIA","165","831","16","F","","analitica","","","PVP sales 1 (4420378); Storica Analitica visura per immobile - Catasto Fabbricati."
"visura-storica","VE","VENEZIA","165","831","6","F","","analitica","","","PVP sales 1 (4420378); Storica Analitica visura per immobile - Catasto Fabbricati."
"visura-storica","VE","VENEZIA","168","168","1","F","","analitica","","","PVP sales 2 (4464968,4540640); Storica Analitica visura per immobile - Catasto Fabbricati."
"visura-storica","VE","VENEZIA","168","168","2","F","","analitica","","","PVP sales 1 (4464947); Storica Analitica visura per immobile - Catasto Fabbricati."
"visura-storica","VE","VENEZIA","168","3","22","F","","analitica","","","PVP sales 2 (4464966,4540612); Storica Analitica visura per immobile - Catasto Fabbricati."
"visura-storica","VE","VENEZIA","168","3","4","F","","analitica","","","PVP sales 1 (4464941); Storica Analitica visura per immobile - Catasto Fabbricati."
"visura-storica","VE","VENEZIA","168","62","","F","","analitica","","","PVP sales 1 (4497522); Storica Analitica visura per immobile - Catasto Fabbricati."
"visura-storica","VE","VENEZIA","168","778","","F","","analitica","","","PVP sales 1 (4464941); Storica Analitica visura per immobile - Catasto Fabbricati."
"visura-storica","VE","VENEZIA","168","778","","T","","analitica","","","PVP sales 1 (4464941); Storica Analitica visura per immobile - Catasto Terreni."
"visura-storica","VE","VENEZIA","168","841","","F","","analitica","","","PVP sales 1 (4497522); Storica Analitica visura per immobile - Catasto Fabbricati."
"visura-storica","VE","VENEZIA","168","841","","T","","analitica","","","PVP sales 1 (4497522); Storica Analitica visura per immobile - Catasto Terreni."
"visura-storica","VE","VENEZIA","169","912","4","F","","analitica","","","PVP sales 1 (4462619); Storica Analitica visura per immobile - Catasto Fabbricati."
"visura-storica","VE","VENEZIA","170","536","28","F","","analitica","","","PVP sales 1 (476320); Storica Analitica visura per immobile - Catasto Fabbricati."
"visura-storica","VE","VENEZIA","170","536","36","F","","analitica","","","PVP sales 1 (476320); Storica Analitica visura per immobile - Catasto Fabbricati."
"visura-storica","VE","VENEZIA","171","335","21","F","","analitica","","","PVP sales 2 (1432569,1548593); Storica Analitica visura per immobile - Catasto Fabbricati."
"visura-storica","VE","VENEZIA","171","925","1","F","","analitica","","","PVP sales 2 (4382426,4450098); Storica Analitica visura per immobile - Catasto Fabbricati."
"visura-storica","VE","VENEZIA","171","925","2","F","","analitica","","","PVP sales 2 (4382426,4450098); Storica Analitica visura per immobile - Catasto Fabbricati."
"visura-storica","VE","VENEZIA","171","925","3","F","","analitica","","","PVP sales 2 (4382467,4450112); Storica Analitica visura per immobile - Catasto Fabbricati."
"visura-storica","VE","VENEZIA","171","925","4","F","","analitica","","","PVP sales 2 (4382467,4450112); Storica Analitica visura per immobile - Catasto Fabbricati."
"visura-storica","VE","VENEZIA","179","194","1","F","","analitica","","","PVP sales 1 (4483733); Storica Analitica visura per immobile - Catasto Fabbricati."
"visura-storica","VE","VENEZIA","179","194","2","F","","analitica","","","PVP sales 1 (4483733); Storica Analitica visura per immobile - Catasto Fabbricati."
"visura-storica","VE","VENEZIA","18","18","","F","","analitica","","","PVP sales 1 (569921); Storica Analitica visura per immobile - Catasto Fabbricati."
"visura-storica","VE","VENEZIA","18","18","","T","","analitica","","","PVP sales 1 (569921); Storica Analitica visura per immobile - Catasto Terreni."
"visura-storica","VE","VENEZIA","18","208","1","F","","analitica","","","PVP sales 1 (4446903); Storica Analitica visura per immobile - Catasto Fabbricati."
"visura-storica","VE","VENEZIA","18","209","10","F","","analitica","","","PVP sales 1 (4446921); Storica Analitica visura per immobile - Catasto Fabbricati."
"visura-storica","VE","VENEZIA","18","209","11","F","","analitica","","","PVP sales 1 (4446903); Storica Analitica visura per immobile - Catasto Fabbricati."
"visura-storica","VE","VENEZIA","18","209","9","F","","analitica","","","PVP sales 1 (4446956); Storica Analitica visura per immobile - Catasto Fabbricati."
"visura-storica","VE","VENEZIA","18","338","7","F","","analitica","","","PVP sales 1 (4525376); Storica Analitica visura per immobile - Catasto Fabbricati."
"visura-storica","VE","VENEZIA","18","765","5","F","","analitica","","","PVP sales 1 (4514751); Storica Analitica visura per immobile - Catasto Fabbricati."
"visura-storica","VE","VENEZIA","180","1071","15","F","","analitica","","","PVP sales 1 (2119562); Storica Analitica visura per immobile - Catasto Fabbricati."
"visura-storica","VE","VENEZIA","180","1071","31","F","","analitica","","","PVP sales 1 (2119562); Storica Analitica visura per immobile - Catasto Fabbricati."
"visura-storica","VE","VENEZIA","180","988","14","F","","analitica","","","PVP sales 2 (878093,1077278); Storica Analitica visura per immobile - Catasto Fabbricati."
"visura-storica","VE","VENEZIA","180","988","3","F","","analitica","","","PVP sales 2 (878093,1077278); Storica Analitica visura per immobile - Catasto Fabbricati."
"visura-storica","VE","VENEZIA","181","1177","9","F","","analitica","","","PVP sales 1 (1565952); Storica Analitica visura per immobile - Catasto Fabbricati."
"visura-storica","VE","VENEZIA","181","1532","1","F","","analitica","","","PVP sales 2 (2083059,2175104); Storica Analitica visura per immobile - Catasto Fabbricati."
"visura-storica","VE","VENEZIA","181","1795","24","F","","analitica","","","PVP sales 1 (2104892); Storica Analitica visura per immobile - Catasto Fabbricati."
"visura-storica","VE","VENEZIA","181","1795","25","F","","analitica","","","PVP sales 1 (2067638); Storica Analitica visura per immobile - Catasto Fabbricati."
"visura-storica","VE","VENEZIA","181","1795","26","F","","analitica","","","PVP sales 1 (2236471); Storica Analitica visura per immobile - Catasto Fabbricati."
"visura-storica","VE","VENEZIA","181","1795","27","F","","analitica","","","PVP sales 1 (2236472); Storica Analitica visura per immobile - Catasto Fabbricati."
"visura-storica","VE","VENEZIA","181","1795","28","F","","analitica","","","PVP sales 1 (2236473); Storica Analitica visura per immobile - Catasto Fabbricati."
"visura-storica","VE","VENEZIA","181","1795","29","F","","analitica","","","PVP sales 1 (2236473); Storica Analitica visura per immobile - Catasto Fabbricati."
"visura-storica","VE","VENEZIA","181","1795","32","F","","analitica","","","PVP sales 1 (2104892); Storica Analitica visura per immobile - Catasto Fabbricati."
"visura-storica","VE","VENEZIA","181","1795","79","F","","analitica","","","PVP sales 1 (2067638); Storica Analitica visura per immobile - Catasto Fabbricati."
"visura-storica","VE","VENEZIA","181","1795","98","F","","analitica","","","PVP sales 1 (2104892); Storica Analitica visura per immobile - Catasto Fabbricati."
"visura-storica","VE","VENEZIA","181","2066","135","F","","analitica","","","PVP sales 1 (2107930); Storica Analitica visura per immobile - Catasto Fabbricati."
"visura-storica","VE","VENEZIA","181","2066","147","F","","analitica","","","PVP sales 1 (2107930); Storica Analitica visura per immobile - Catasto Fabbricati."
"visura-storica","VE","VENEZIA","181","2066","148","F","","analitica","","","PVP sales 1 (2107930); Storica Analitica visura per immobile - Catasto Fabbricati."
"visura-storica","VE","VENEZIA","181","2066","25","F","","analitica","","","PVP sales 1 (2107930); Storica Analitica visura per immobile - Catasto Fabbricati."
"visura-storica","VE","VENEZIA","181","619","9","F","","analitica","","","PVP sales 1 (1565952); Storica Analitica visura per immobile - Catasto Fabbricati."
"visura-storica","VE","VENEZIA","181","806","","T","","analitica","","","PVP sales 1 (2201766); Storica Analitica visura per immobile - Catasto Terreni."
"visura-storica","VE","VENEZIA","181","806","6","F","","analitica","","","PVP sales 1 (2201766); Storica Analitica visura per immobile - Catasto Fabbricati."
"visura-storica","VE","VENEZIA","183","867","5","F","","analitica","","","PVP sales 2 (229531,331743); Storica Analitica visura per immobile - Catasto Fabbricati."
"visura-storica","VE","VENEZIA","184","187","8","F","","analitica","","","PVP sales 1 (4538861); Storica Analitica visura per immobile - Catasto Fabbricati."
"visura-storica","VE","VENEZIA","184","428","11","F","","analitica","","","PVP sales 1 (579041); Storica Analitica visura per immobile - Catasto Fabbricati."
"visura-storica","VE","VENEZIA","184","958","4","F","","analitica","","","PVP sales 1 (2207682); Storica Analitica visura per immobile - Catasto Fabbricati."
"visura-storica","VE","VENEZIA","186","2227","2","F","","analitica","","","PVP sales 1 (1412541); Storica Analitica visura per immobile - Catasto Fabbricati."
"visura-storica","VE","VENEZIA","186","2227","35","F","","analitica","","","PVP sales 1 (1412541); Storica Analitica visura per immobile - Catasto Fabbricati."
"visura-storica","VE","VENEZIA","186","362","5","F","","analitica","","","PVP sales 1 (4509896); Storica Analitica visura per immobile - Catasto Fabbricati."
"visura-storica","VE","VENEZIA","187","166","19","F","","analitica","","","PVP sales 2 (508373,606379); Storica Analitica visura per immobile - Catasto Fabbricati."
"visura-storica","VE","VENEZIA","187","166","22","F","","analitica","","","PVP sales 2 (508373,606379); Storica Analitica visura per immobile - Catasto Fabbricati."
"visura-storica","VE","VENEZIA","187","26","","F","","analitica","","","PVP sales 1 (2129292); Storica Analitica visura per immobile - Catasto Fabbricati."
"visura-storica","VE","VENEZIA","187","26","","T","","analitica","","","PVP sales 1 (2129292); Storica Analitica visura per immobile - Catasto Terreni."
"visura-storica","VE","VENEZIA","187","26","2","F","","analitica","","","PVP sales 1 (2129292); Storica Analitica visura per immobile - Catasto Fabbricati."
"visura-storica","VE","VENEZIA","187","26","3","F","","analitica","","","PVP sales 1 (2129292); Storica Analitica visura per immobile - Catasto Fabbricati."
"visura-storica","VE","VENEZIA","187","264","","T","","analitica","","","PVP sales 1 (970063); Storica Analitica visura per immobile - Catasto Terreni."
"visura-storica","VE","VENEZIA","187","264","12","F","","analitica","","","PVP sales 1 (970063); Storica Analitica visura per immobile - Catasto Fabbricati."
"visura-storica","VE","VENEZIA","187","264","9","F","","analitica","","","PVP sales 1 (970063); Storica Analitica visura per immobile - Catasto Fabbricati."
"visura-storica","VE","VENEZIA","187","55","","T","","analitica","","","PVP sales 1 (970063); Storica Analitica visura per immobile - Catasto Terreni."
"visura-storica","VE","VENEZIA","187","915","","T","","analitica","","","PVP sales 1 (970063); Storica Analitica visura per immobile - Catasto Terreni."
"visura-storica","VE","VENEZIA","189","17","4","F","","analitica","","","PVP sales 1 (2206516); Storica Analitica visura per immobile - Catasto Fabbricati."
"visura-storica","VE","VENEZIA","189","17","5","F","","analitica","","","PVP sales 1 (2206516); Storica Analitica visura per immobile - Catasto Fabbricati."
"visura-storica","VE","VENEZIA","189","17","7","F","","analitica","","","PVP sales 1 (2206516); Storica Analitica visura per immobile - Catasto Fabbricati."
"visura-storica","VE","VENEZIA","189","366","2","F","","analitica","","","PVP sales 2 (519657,630484); Storica Analitica visura per immobile - Catasto Fabbricati."
"visura-storica","VE","VENEZIA","189","366","3","F","","analitica","","","PVP sales 2 (519657,630484); Storica Analitica visura per immobile - Catasto Fabbricati."
"visura-storica","VE","VENEZIA","19","35","20","F","","analitica","","","PVP sales 1 (1820489); Storica Analitica visura per immobile - Catasto Fabbricati."
"visura-storica","VE","VENEZIA","19","440","2","F","","analitica","","","PVP sales 2 (2118533,2194930); Storica Analitica visura per immobile - Catasto Fabbricati."
"visura-storica","VE","VENEZIA","19","597","5","F","","analitica","","","PVP sales 2 (2118483,2194932); Storica Analitica visura per immobile - Catasto Fabbricati."
"visura-storica","VE","VENEZIA","191","109","","F","","analitica","","","PVP sales 1 (432844); Storica Analitica visura per immobile - Catasto Fabbricati."
"visura-storica","VE","VENEZIA","191","109","","T","","analitica","","","PVP sales 1 (432844); Storica Analitica visura per immobile - Catasto Terreni."
"visura-storica","VE","VENEZIA","191","109","1","F","","analitica","","","PVP sales 1 (432844); Storica Analitica visura per immobile - Catasto Fabbricati."
"visura-storica","VE","VENEZIA","191","109","2","F","","analitica","","","PVP sales 1 (432844); Storica Analitica visura per immobile - Catasto Fabbricati."
"visura-storica","VE","VENEZIA","192","404","4","F","","analitica","","","PVP sales 1 (4479046); Storica Analitica visura per immobile - Catasto Fabbricati."
"visura-storica","VE","VENEZIA","192","404","8","F","","analitica","","","PVP sales 1 (4479046); Storica Analitica visura per immobile - Catasto Fabbricati."
"visura-storica","VE","VENEZIA","192","673","19","F","","analitica","","","PVP sales 1 (798561); Storica Analitica visura per immobile - Catasto Fabbricati."
"visura-storica","VE","VENEZIA","2","1259","11","F","","analitica","","","PVP sales 1 (378092); Storica Analitica visura per immobile - Catasto Fabbricati."
"visura-storica","VE","VENEZIA","2","1259","18","F","","analitica","","","PVP sales 1 (378092); Storica Analitica visura per immobile - Catasto Fabbricati."
"visura-storica","VE","VENEZIA","2","387","","F","","analitica","","","PVP sales 2 (4228773,4256899); Storica Analitica visura per immobile - Catasto Fabbricati."
"visura-storica","VE","VENEZIA","2","387","","T","","analitica","","","PVP sales 2 (4228773,4256899); Storica Analitica visura per immobile - Catasto Terreni."
"visura-storica","VE","VENEZIA","2","428","59","F","","analitica","","","PVP sales 2 (450459,581655); Storica Analitica visura per immobile - Catasto Fabbricati."
"visura-storica","VE","VENEZIA","2","428","71","F","","analitica","","","PVP sales 2 (450459,581655); Storica Analitica visura per immobile - Catasto Fabbricati."
"visura-storica","VE","VENEZIA","2","428","86","F","","analitica","","","PVP sales 2 (450459,581655); Storica Analitica visura per immobile - Catasto Fabbricati."
"visura-storica","VE","VENEZIA","2","428","91","F","","analitica","","","PVP sales 2 (450459,581655); Storica Analitica visura per immobile - Catasto Fabbricati."
"visura-storica","VE","VENEZIA","2","846","9","F","","analitica","","","PVP sales 1 (4451931); Storica Analitica visura per immobile - Catasto Fabbricati."
"visura-storica","VE","VENEZIA","23","294","74","F","","analitica","","","PVP sales 1 (348381); Storica Analitica visura per immobile - Catasto Fabbricati."
"visura-storica","VE","VENEZIA","23","294","75","F","","analitica","","","PVP sales 1 (348435); Storica Analitica visura per immobile - Catasto Fabbricati."
"visura-storica","VE","VENEZIA","27","69","","F","","analitica","","","PVP sales 1 (4450161); Storica Analitica visura per immobile - Catasto Fabbricati."
"visura-storica","VE","VENEZIA","27","69","","T","","analitica","","","PVP sales 1 (4450161); Storica Analitica visura per immobile - Catasto Terreni."
"visura-storica","VE","VENEZIA","27","75","21","F","","analitica","","","PVP sales 1 (4450041); Storica Analitica visura per immobile - Catasto Fabbricati."
"visura-storica","VE","VENEZIA","27","75","23","F","","analitica","","","PVP sales 1 (4450041); Storica Analitica visura per immobile - Catasto Fabbricati."
"visura-storica","VE","VENEZIA","27","75","24","F","","analitica","","","PVP sales 1 (4450041); Storica Analitica visura per immobile - Catasto Fabbricati."
"visura-storica","VE","VENEZIA","28","344","3","F","","analitica","","","PVP sales 1 (2073115); Storica Analitica visura per immobile - Catasto Fabbricati."
"visura-storica","VE","VENEZIA","3","1071","6","F","","analitica","","","PVP sales 1 (2178019); Storica Analitica visura per immobile - Catasto Fabbricati."
"visura-storica","VE","VENEZIA","3","1071","7","F","","analitica","","","PVP sales 1 (2178019); Storica Analitica visura per immobile - Catasto Fabbricati."
"visura-storica","VE","VENEZIA","3","1093","28","F","","analitica","","","PVP sales 1 (4241116); Storica Analitica visura per immobile - Catasto Fabbricati."
"visura-storica","VE","VENEZIA","3","1093","41","F","","analitica","","","PVP sales 1 (4241116); Storica Analitica visura per immobile - Catasto Fabbricati."
"visura-storica","VE","VENEZIA","3","366","1","F","","analitica","","","PVP sales 2 (519657,630484); Storica Analitica visura per immobile - Catasto Fabbricati."
"visura-storica","VE","VENEZIA","3","586","1","F","","analitica","","","PVP sales 1 (4478461); Storica Analitica visura per immobile - Catasto Fabbricati."
"visura-storica","VE","VENEZIA","3","616","11","F","","analitica","","","PVP sales 1 (4510454); Storica Analitica visura per immobile - Catasto Fabbricati."
"visura-storica","VE","VENEZIA","30","137","12","F","","analitica","","","PVP sales 2 (331719,577173); Storica Analitica visura per immobile - Catasto Fabbricati."
"visura-storica","VE","VENEZIA","30","137","18","F","","analitica","","","PVP sales 2 (331719,577173); Storica Analitica visura per immobile - Catasto Fabbricati."
"visura-storica","VE","VENEZIA","35","316","","F","","analitica","","","PVP sales 1 (4515185); Storica Analitica visura per immobile - Catasto Fabbricati."
"visura-storica","VE","VENEZIA","35","316","","T","","analitica","","","PVP sales 1 (4515185); Storica Analitica visura per immobile - Catasto Terreni."
"visura-storica","VE","VENEZIA","5","1681","","F","","analitica","","","PVP sales 1 (4500083); Storica Analitica visura per immobile - Catasto Fabbricati."
"visura-storica","VE","VENEZIA","5","1681","","T","","analitica","","","PVP sales 1 (4500083); Storica Analitica visura per immobile - Catasto Terreni."
"visura-storica","VE","VENEZIA","5","1861","","F","","analitica","","","PVP sales 1 (4551387); Storica Analitica visura per immobile - Catasto Fabbricati."
"visura-storica","VE","VENEZIA","5","1861","","T","","analitica","","","PVP sales 1 (4551387); Storica Analitica visura per immobile - Catasto Terreni."
"visura-storica","VE","VENEZIA","5","74","2","F","","analitica","","","PVP sales 2 (154509,298799); Storica Analitica visura per immobile - Catasto Fabbricati."
"visura-storica","VE","VENEZIA","5","799","1","F","","analitica","","","PVP sales 1 (4210250); Storica Analitica visura per immobile - Catasto Fabbricati."
"visura-storica","VE","VENEZIA","5","799","21","F","","analitica","","","PVP sales 1 (4210250); Storica Analitica visura per immobile - Catasto Fabbricati."
"visura-storica","VE","VENEZIA","5","856","313","F","","analitica","","","PVP sales 1 (4438507); Storica Analitica visura per immobile - Catasto Fabbricati."
"visura-storica","VE","VENEZIA","5","856","32","F","","analitica","","","PVP sales 1 (4438507); Storica Analitica visura per immobile - Catasto Fabbricati."
"visura-storica","VE","VENEZIA","5","856","33","F","","analitica","","","PVP sales 1 (4438507); Storica Analitica visura per immobile - Catasto Fabbricati."
"visura-storica","VE","VENEZIA","5","856","40","F","","analitica","","","PVP sales 1 (4438507); Storica Analitica visura per immobile - Catasto Fabbricati."
"visura-storica","VE","VENEZIA","5","856","41","F","","analitica","","","PVP sales 1 (4438507); Storica Analitica visura per immobile - Catasto Fabbricati."
"visura-storica","VE","VENEZIA","5","856","42","F","","analitica","","","PVP sales 1 (4438507); Storica Analitica visura per immobile - Catasto Fabbricati."
"visura-storica","VE","VENEZIA","5","901","13","F","","analitica","","","PVP sales 2 (4503308,4537691); Storica Analitica visura per immobile - Catasto Fabbricati."
"visura-storica","VE","VENEZIA","51","31","9","F","","analitica","","","PVP sales 1 (298943); Storica Analitica visura per immobile - Catasto Fabbricati."
"visura-storica","VE","VENEZIA","51","417","1","F","","analitica","","","PVP sales 1 (4423489); Storica Analitica visura per immobile - Catasto Fabbricati."
"visura-storica","VE","VENEZIA","53","115","4","F","","analitica","","","PVP sales 2 (361626,591215); Storica Analitica visura per immobile - Catasto Fabbricati."
"visura-storica","VE","VENEZIA","53","516","51","F","","analitica","","","PVP sales 1 (2115502); Storica Analitica visura per immobile - Catasto Fabbricati."
"visura-storica","VE","VENEZIA","54","200","42","F","","analitica","","","PVP sales 1 (4425700); Storica Analitica visura per immobile - Catasto Fabbricati."
"visura-storica","VE","VENEZIA","54","200","47","F","","analitica","","","PVP sales 1 (4425700); Storica Analitica visura per immobile - Catasto Fabbricati."
"visura-storica","VE","VENEZIA","6","4136","","F","","analitica","","","PVP sales 1 (4538199); Storica Analitica visura per immobile - Catasto Fabbricati."
"visura-storica","VE","VENEZIA","6","4136","","T","","analitica","","","PVP sales 1 (4538199); Storica Analitica visura per immobile - Catasto Terreni."
"visura-storica","VE","VENEZIA","6","984","1","F","","analitica","","","PVP sales 1 (4437786); Storica Analitica visura per immobile - Catasto Fabbricati."
"visura-storica","VE","VENEZIA","6","984","3","F","","analitica","","","PVP sales 1 (4437786); Storica Analitica visura per immobile - Catasto Fabbricati."
"visura-storica","VE","VENEZIA","6","989","1","F","","analitica","","","PVP sales 1 (4437786); Storica Analitica visura per immobile - Catasto Fabbricati."
"visura-storica","VE","VENEZIA","69","326","","F","","analitica","","","PVP sales 1 (343259); Storica Analitica visura per immobile - Catasto Fabbricati."
"visura-storica","VE","VENEZIA","69","326","","T","","analitica","","","PVP sales 1 (343259); Storica Analitica visura per immobile - Catasto Terreni."
"visura-storica","VE","VENEZIA","69","335","","F","","analitica","","","PVP sales 1 (343259); Storica Analitica visura per immobile - Catasto Fabbricati."
"visura-storica","VE","VENEZIA","69","335","","T","","analitica","","","PVP sales 1 (343259); Storica Analitica visura per immobile - Catasto Terreni."
"visura-storica","VE","VENEZIA","69","38","2","F","","analitica","","","PVP sales 2 (1708582,1756052); Storica Analitica visura per immobile - Catasto Fabbricati."
"visura-storica","VE","VENEZIA","69","38","3","F","","analitica","","","PVP sales 2 (1708582,1756052); Storica Analitica visura per immobile - Catasto Fabbricati."
"visura-storica","VE","VENEZIA","69","392","","F","","analitica","","","PVP sales 2 (1708582,1756052); Storica Analitica visura per immobile - Catasto Fabbricati."
"visura-storica","VE","VENEZIA","69","392","","T","","analitica","","","PVP sales 2 (1708582,1756052); Storica Analitica visura per immobile - Catasto Terreni."
"visura-storica","VE","VENEZIA","7","955","45","F","","analitica","","","PVP sales 1 (983973); Storica Analitica visura per immobile - Catasto Fabbricati."
"visura-storica","VE","VENEZIA","7","955","51","F","","analitica","","","PVP sales 1 (983973); Storica Analitica visura per immobile - Catasto Fabbricati."
"visura-storica","VE","VENEZIA","741","12","","F","","analitica","","","PVP sales 1 (1665009); Storica Analitica visura per immobile - Catasto Fabbricati."
"visura-storica","VE","VENEZIA","741","12","","T","","analitica","","","PVP sales 1 (1665009); Storica Analitica visura per immobile - Catasto Terreni."
"visura-storica","VE","VENEZIA","741","13","","F","","analitica","","","PVP sales 1 (1665009); Storica Analitica visura per immobile - Catasto Fabbricati."
"visura-storica","VE","VENEZIA","741","13","","T","","analitica","","","PVP sales 1 (1665009); Storica Analitica visura per immobile - Catasto Terreni."
"visura-storica","VE","VENEZIA","741","21","","F","","analitica","","","PVP sales 1 (1665009); Storica Analitica visura per immobile - Catasto Fabbricati."
"visura-storica","VE","VENEZIA","741","21","","T","","analitica","","","PVP sales 1 (1665009); Storica Analitica visura per immobile - Catasto Terreni."
"visura-storica","VE","VENEZIA","741","22","","F","","analitica","","","PVP sales 1 (1665009); Storica Analitica visura per immobile - Catasto Fabbricati."
"visura-storica","VE","VENEZIA","741","22","","T","","analitica","","","PVP sales 1 (1665009); Storica Analitica visura per immobile - Catasto Terreni."
"visura-storica","VE","VENEZIA","8","593","56","F","","analitica","","","PVP sales 1 (229324); Storica Analitica visura per immobile - Catasto Fabbricati."
"visura-storica","VE","VENEZIA","8","793","14","F","","analitica","","","PVP sales 1 (1617364); Storica Analitica visura per immobile - Catasto Fabbricati."
"visura-storica","VE","VENEZIA","8","793","6","F","","analitica","","","PVP sales 1 (1617364); Storica Analitica visura per immobile - Catasto Fabbricati."
"visura-storica","VE","VENEZIA","88","186","4","F","","analitica","","","PVP sales 2 (4421602,4467927); Storica Analitica visura per immobile - Catasto Fabbricati."
"visura-storica","VE","VENEZIA","9","2741","","F","","analitica","","","PVP sales 1 (4538199); Storica Analitica visura per immobile - Catasto Fabbricati."
"visura-storica","VE","VENEZIA","9","2741","","T","","analitica","","","PVP sales 1 (4538199); Storica Analitica visura per immobile - Catasto Terreni."
"visura-storica","VE","VENEZIA","9","576","16","F","","analitica","","","PVP sales 1 (431039); Storica Analitica visura per immobile - Catasto Fabbricati."
"visura-storica","VE","VENEZIA","9","576","4","F","","analitica","","","PVP sales 1 (431039); Storica Analitica visura per immobile - Catasto Fabbricati."
"visura-storica","VE","VENEZIA","9","915","","F","","analitica","","","PVP sales 1 (4538199); Storica Analitica visura per immobile - Catasto Fabbricati."
"visura-storica","VE","VENEZIA","9","915","","T","","analitica","","","PVP sales 1 (4538199); Storica Analitica visura per immobile - Catasto Terreni."
"visura-storica","VE","VENEZIA","97","85","7","F","","analitica","","","PVP sales 2 (4465676,4507046); Storica Analitica visura per immobile - Catasto Fabbricati."
"visura-storica","VE","VENEZIA","7","2369","7","F","","analitica","CH","","PVP sales 1 (2103880); Storica Analitica visura per immobile - Catasto Fabbricati."
"visura-storica","VE","VENEZIA","8","593","3","F","","analitica","ME","","PVP sales 1 (229324); Storica Analitica visura per immobile - Catasto Fabbricati."
"visura-storica","VE","VENEZIA","139","1066","67","F","","analitica","MESTRE","","PVP sales 1 (4232348); Storica Analitica visura per immobile - Catasto Fabbricati."
"visura-storica","VE","VENEZIA","139","1066","81","F","","analitica","MESTRE","","PVP sales 1 (4232348); Storica Analitica visura per immobile - Catasto Fabbricati."
"visura-storica","VE","VENEZIA","139","1066","82","F","","analitica","MESTRE","","PVP sales 1 (4232348); Storica Analitica visura per immobile - Catasto Fabbricati."
"visura-storica","VE","VENEZIA","139","1066","85","F","","analitica","MESTRE","","PVP sales 1 (4232348); Storica Analitica visura per immobile - Catasto Fabbricati."
"visura-storica","VE","VENEZIA","139","1066","86","F","","analitica","MESTRE","","PVP sales 1 (4232348); Storica Analitica visura per immobile - Catasto Fabbricati."
"visura-storica","VE","VENEZIA","139","1066","89","F","","analitica","MESTRE","","PVP sales 1 (4232348); Storica Analitica visura per immobile - Catasto Fabbricati."
"visura-storica","VE","VENEZIA","139","1066","91","F","","analitica","MESTRE","","PVP sales 1 (4232348); Storica Analitica visura per immobile - Catasto Fabbricati."
"visura-storica","VE","VENEZIA","15","2766","6","F","","analitica","VE","","PVP sales 1 (4464509); Storica Analitica visura per immobile - Catasto Fabbricati."
"visura-storica","VE","VIGONOVO","1","1328","18","F","","analitica","","","PVP sales 1 (396803); Storica Analitica visura per immobile - Catasto Fabbricati."
"visura-storica","VE","VIGONOVO","1","1328","34","F","","analitica","","","PVP sales 1 (396803); Storica Analitica visura per immobile - Catasto Fabbricati."
"visura-storica","VE","VIGONOVO","1","317","10","F","","analitica","","","PVP sales 1 (351472); Storica Analitica visura per immobile - Catasto Fabbricati."
"visura-storica","VE","VIGONOVO","1","379","","F","","analitica","","","PVP sales 1 (300584); Storica Analitica visura per immobile - Catasto Fabbricati."
"visura-storica","VE","VIGONOVO","1","379","","T","","analitica","","","PVP sales 1 (300584); Storica Analitica visura per immobile - Catasto Terreni."
"visura-storica","VE","VIGONOVO","1","384","12","F","","analitica","","","PVP sales 1 (1410329); Storica Analitica visura per immobile - Catasto Fabbricati."
"visura-storica","VE","VIGONOVO","1","384","8","F","","analitica","","","PVP sales 1 (1410329); Storica Analitica visura per immobile - Catasto Fabbricati."
"visura-storica","VE","VIGONOVO","11","130","","T","","analitica","","","PVP sales 2 (1657611,1741774); Storica Analitica visura per immobile - Catasto Terreni."
"visura-storica","VE","VIGONOVO","11","130","2","F","","analitica","","","PVP sales 2 (1657611,1741774); Storica Analitica visura per immobile - Catasto Fabbricati."
"visura-storica","VE","VIGONOVO","11","130","3","F","","analitica","","","PVP sales 2 (1657611,1741774); Storica Analitica visura per immobile - Catasto Fabbricati."
"visura-storica","VE","VIGONOVO","2","285","1","F","","analitica","","","PVP sales 3 (230229,480257,814123); Storica Analitica visura per immobile - Catasto Fabbricati."
"visura-storica","VE","VIGONOVO","4","472","11","F","","analitica","","","PVP sales 1 (4442558); Storica Analitica visura per immobile - Catasto Fabbricati."
"visura-storica","VE","VIGONOVO","4","557","7","F","","analitica","","","PVP sales 1 (4442558); Storica Analitica visura per immobile - Catasto Fabbricati."
"visura-storica","VE","VIGONOVO","5","1145","14","F","","analitica","","","PVP sales 2 (344272,544825); Storica Analitica visura per immobile - Catasto Fabbricati."
"visura-storica","VE","VIGONOVO","5","1145","18","F","","analitica","","","PVP sales 2 (344272,544825); Storica Analitica visura per immobile - Catasto Fabbricati."
"visura-storica","VE","VIGONOVO","5","1340","102","F","","analitica","","","PVP sales 1 (1671947); Storica Analitica visura per immobile - Catasto Fabbricati."
"visura-storica","VE","VIGONOVO","5","1340","23","F","","analitica","","","PVP sales 1 (1672499); Storica Analitica visura per immobile - Catasto Fabbricati."
"visura-storica","VE","VIGONOVO","5","1340","24","F","","analitica","","","PVP sales 1 (1672535); Storica Analitica visura per immobile - Catasto Fabbricati."
"visura-storica","VE","VIGONOVO","5","1340","47","F","","analitica","","","PVP sales 1 (1672535); Storica Analitica visura per immobile - Catasto Fabbricati."
"visura-storica","VE","VIGONOVO","5","1340","48","F","","analitica","","","PVP sales 1 (1672499); Storica Analitica visura per immobile - Catasto Fabbricati."
"visura-storica","VE","VIGONOVO","5","1340","54","F","","analitica","","","PVP sales 1 (1671947); Storica Analitica visura per immobile - Catasto Fabbricati."
"visura-storica","VE","VIGONOVO","5","1342","2","F","","analitica","","","PVP sales 1 (1672955); Storica Analitica visura per immobile - Catasto Fabbricati."
"visura-storica","VE","VIGONOVO","5","1342","31","F","","analitica","","","PVP sales 1 (1672955); Storica Analitica visura per immobile - Catasto Fabbricati."
"visura-storica","VE","VIGONOVO","6","923","","F","","analitica","","","PVP sales 2 (499584,644974); Storica Analitica visura per immobile - Catasto Fabbricati."
"visura-storica","VE","VIGONOVO","6","923","","T","","analitica","","","PVP sales 2 (499584,644974); Storica Analitica visura per immobile - Catasto Terreni."
"visura-storica","VE","VIGONOVO","6","954","","F","","analitica","","","PVP sales 2 (4537322,4560157); Storica Analitica visura per immobile - Catasto Fabbricati."
"visura-storica","VE","VIGONOVO","6","954","","T","","analitica","","","PVP sales 2 (4537322,4560157); Storica Analitica visura per immobile - Catasto Terreni."
"visura-storica","VE","VIGONOVO","6","956","","F","","analitica","","","PVP sales 2 (4537322,4560157); Storica Analitica visura per immobile - Catasto Fabbricati."
"visura-storica","VE","VIGONOVO","6","956","","T","","analitica","","","PVP sales 2 (4537322,4560157); Storica Analitica visura per immobile - Catasto Terreni."
"visura-storica","VE","VIGONOVO","6","957","1","F","","analitica","","","PVP sales 2 (4537322,4560157); Storica Analitica visura per immobile - Catasto Fabbricati."
"visura-storica","VE","VIGONOVO","6","957","2","F","","analitica","","","PVP sales 2 (4537322,4560157); Storica Analitica visura per immobile - Catasto Fabbricati."
"visura-storica","VE","VIGONOVO","6","957","3","F","","analitica","","","PVP sales 2 (4537322,4560157); Storica Analitica visura per immobile - Catasto Fabbricati."
"visura-storica","VE","VIGONOVO","7","1007","","F","","analitica","","","PVP sales 1 (4568102); Storica Analitica visura per immobile - Catasto Fabbricati."
"visura-storica","VE","VIGONOVO","7","1007","","T","","analitica","","","PVP sales 1 (4568102); Storica Analitica visura per immobile - Catasto Terreni."
"visura-storica","VE","VIGONOVO","7","1259","","F","","analitica","","","PVP sales 1 (4568100); Storica Analitica visura per immobile - Catasto Fabbricati."
"visura-storica","VE","VIGONOVO","7","1259","","T","","analitica","","","PVP sales 1 (4568100); Storica Analitica visura per immobile - Catasto Terreni."
"visura-storica","VE","VIGONOVO","7","1555","","F","","analitica","","","PVP sales 1 (4568102); Storica Analitica visura per immobile - Catasto Fabbricati."
"visura-storica","VE","VIGONOVO","7","1555","","T","","analitica","","","PVP sales 1 (4568102); Storica Analitica visura per immobile - Catasto Terreni."
"visura-storica","VE","VIGONOVO","7","1557","","F","","analitica","","","PVP sales 1 (4568102); Storica Analitica visura per immobile - Catasto Fabbricati."
"visura-storica","VE","VIGONOVO","7","1557","","T","","analitica","","","PVP sales 1 (4568102); Storica Analitica visura per immobile - Catasto Terreni."
"visura-storica","VE","VIGONOVO","7","904","","F","","analitica","","","PVP sales 1 (4568102); Storica Analitica visura per immobile - Catasto Fabbricati."
"visura-storica","VE","VIGONOVO","7","904","","T","","analitica","","","PVP sales 1 (4568102); Storica Analitica visura per immobile - Catasto Terreni."
"visura-storica","VE","VIGONOVO","7","906","","F","","analitica","","","PVP sales 1 (4568102); Storica Analitica visura per immobile - Catasto Fabbricati."
"visura-storica","VE","VIGONOVO","7","906","","T","","analitica","","","PVP sales 1 (4568102); Storica Analitica visura per immobile - Catasto Terreni."
"visura-storica","VE","VIGONOVO","8","755","63","F","","analitica","","","PVP sales 1 (470641); Storica Analitica visura per immobile - Catasto Fabbricati."
"visura-storica","VE","VIGONOVO","8","755","72","F","","analitica","","","PVP sales 1 (470641); Storica Analitica visura per immobile - Catasto Fabbricati."
"visura-storica","VE","VIGONOVO","8","967","42","F","","analitica","","","PVP sales 1 (4569637); Storica Analitica visura per immobile - Catasto Fabbricati."
"visura-storica","VE","VIGONOVO","8","967","61","F","","analitica","","","PVP sales 1 (4569637); Storica Analitica visura per immobile - Catasto Fabbricati."
"visura-storica","VE","VIGONOVO","9","309","19","F","","analitica","","","PVP sales 1 (4526015); Storica Analitica visura per immobile - Catasto Fabbricati."
